"EC No","Agent Name","Agent Id","Call Type","Emergency Type","Emergency Subtype","Call Received at","Tehsil Name"
"277289","Muhammad Fiaz","DR-206","EMDS Call","Medical Emergency","Hypertension","2026/04/01 12:00:37 AM","Khanpur"
"77484","Muhammad Fiaz","DR-206","Direct Call","Patient Transfer Service","N/A","2026/04/01 12:06:46 AM","Sadiqabad"
"277290","Sajid Mehmood","DR-914","EMDS Call","Medical Emergency","Urinary Retention","2026/04/01 12:13:46 AM","Rahim Yar Khan"
"277292","Sajid Mehmood","DR-914","EMDS Call","Medical Emergency","Anxiety / Psychiatric Disorder","2026/04/01 12:19:21 AM","Rahim Yar Khan"
"277291","Muhammad Fiaz","DR-206","EMDS Call","Medical Emergency","Joints Pain","2026/04/01 12:19:14 AM","Rahim Yar Khan"
"277293","Muhammad Fiaz","DR-206","EMDS Call","Medical Emergency","Chest Pain","2026/04/01 12:22:04 AM","Liaqatpur"
"277294","Rana M. Usman","DR-200","EMDS Call","Rescue Operations","Snake Emergency","2026/04/01 12:48:08 AM","Liaqatpur"
"277296","Muhammad Fiaz","DR-206","EMDS Call","Medical Emergency","Vomiting","2026/04/01 01:02:23 AM","Rahim Yar Khan"
"277295","Sajid Mehmood","DR-914","EMDS Call","Medical Emergency","Hypertension","2026/04/01 01:02:28 AM","Khanpur"
"77485","Muhammad Fiaz","DR-206","Direct Call","Patient Transfer Service","N/A","2026/04/01 01:05:26 AM","Khanpur"
"277297","Rana M. Usman","DR-200","EMDS Call","Medical Emergency","SOB/ Respiratory Distress","2026/04/01 01:08:01 AM","Khanpur"
"77486","Muhammad Fiaz","DR-206","Direct Call","Patient Transfer Service","N/A","2026/04/01 01:11:07 AM","Khanpur"
"277298","Muhammad Fiaz","DR-206","EMDS Call","Medical Emergency","Vomiting","2026/04/01 01:13:04 AM","Rahim Yar Khan"
"277299","Sajid Mehmood","DR-914","EMDS Call","Rescue Operations","Electric Shock","2026/04/01 01:14:42 AM","Rahim Yar Khan"
"277300","Rana M. Usman","DR-200","EMDS Call","Medical Emergency","Epilepsy","2026/04/01 01:45:51 AM","Rahim Yar Khan"
"277301","Muhammad Fiaz","DR-206","EMDS Call","Medical Emergency","Chest Pain","2026/04/01 01:55:08 AM","Khanpur"
"277302","Sajid Mehmood","DR-914","EMDS Call","Medical Emergency","Anxiety / Psychiatric Disorder","2026/04/01 01:56:23 AM","Sadiqabad"
"277303","Rana M. Usman","DR-200","EMDS Call","Medical Emergency","Abdominal Pain","2026/04/01 02:17:14 AM","Khanpur"
"277304","Muhammad Fiaz","DR-206","EMDS Call","Medical Emergency","Joints Pain","2026/04/01 02:45:15 AM","Khanpur"
"277305","Rana M. Usman","DR-200","EMDS Call","Medical Emergency","Epilepsy","2026/04/01 03:07:10 AM","Sadiqabad"
"277306","Muhammad Fiaz","DR-206","EMDS Call","Medical Emergency","Hypertension","2026/04/01 03:10:12 AM","Rahim Yar Khan"
"277307","Sajid Mehmood","DR-914","EMDS Call","Medical Emergency","High Fever","2026/04/01 03:11:12 AM","Rahim Yar Khan"
"277308","Zahid Manzoor","DR-887","EMDS Call","Medical Emergency","Hypertension","2026/04/01 03:44:50 AM","Liaqatpur"
"277309","Sajid Mehmood","DR-914","EMDS Call","Medical Emergency","Chest Pain","2026/04/01 03:56:09 AM","Rahim Yar Khan"
"277310","Muhammad Riaz","DR-654","EMDS Call","Medical Emergency","Gynae Problem","2026/04/01 04:10:48 AM","Rahim Yar Khan"
"277311","Sajid Mehmood","DR-914","EMDS Call","Medical Emergency","Joints Pain","2026/04/01 04:27:41 AM","Rahim Yar Khan"
"277312","Muhammad Riaz","DR-654","EMDS Call","Rescue Operations","Delivery Case","2026/04/01 04:32:06 AM","Rahim Yar Khan"
"277313","Zahid Manzoor","DR-887","EMDS Call","Medical Emergency","Hypertension","2026/04/01 05:48:28 AM","Sadiqabad"
"277314","Sajid Mehmood","DR-914","EMDS Call","Medical Emergency","Chest Pain","2026/04/01 05:51:36 AM","Rahim Yar Khan"
"277315","Muhammad Riaz","DR-654","EMDS Call","Road Crash","Minor Injuries","2026/04/01 06:03:25 AM","Khanpur"
"277316","Zahid Manzoor","DR-887","EMDS Call","Medical Emergency","Chest Pain","2026/04/01 06:38:01 AM","Rahim Yar Khan"
"277317","Muhammad Riaz","DR-654","EMDS Call","Medical Emergency","SOB/ Respiratory Distress","2026/04/01 06:40:54 AM","Sadiqabad"
"Not Assigned","Zahid Manzoor","DR-887","Direct Call","High Raised Building Inspection","High Raised Building Inspection","2026/04/01 06:48:36 AM","Rahim Yar Khan"
"277318","Zahid Manzoor","DR-887","EMDS Call","Rescue Operations","Delivery Case","2026/04/01 06:57:59 AM","Liaqatpur"
"277319","Zahid Manzoor","DR-887","EMDS Call","Road Crash","Minor Injuries","2026/04/01 07:16:31 AM","Rahim Yar Khan"
"277320","Muhammad Fiaz","DR-206","EMDS Call","Road Crash","Bleeding","2026/04/01 07:36:51 AM","Khanpur"
"277321","Adnan Shabbir","DR-205","Direct Call","Rescue Operations","Mass Event Coverage","2026/04/01 07:49:46 AM","Rahim Yar Khan"
"277322","Muhammad Fiaz","DR-206","EMDS Call","Medical Emergency","Abdominal Pain","2026/04/01 07:54:41 AM","Rahim Yar Khan"
"277323","Adnan Shabbir","DR-205","EMDS Call","Medical Emergency","Unconscious","2026/04/01 07:58:59 AM","Sadiqabad"
"277324","Muhammad Fiaz","DR-206","EMDS Call","Medical Emergency","Hypoglycemia","2026/04/01 08:05:49 AM","Rahim Yar Khan"
"277325","Adnan Shabbir","DR-205","EMDS Call","Medical Emergency","Anxiety / Psychiatric Disorder","2026/04/01 08:13:04 AM","Rahim Yar Khan"
"277326","Muhammad Arshad","DR-198","EMDS Call","Road Crash","Minor Injuries","2026/04/01 08:16:29 AM","Khanpur"
"277327","Muhammad Fiaz","DR-206","EMDS Call","Medical Emergency","Abdominal Pain","2026/04/01 08:18:00 AM","Rahim Yar Khan"
"277328","Adnan Shabbir","DR-205","EMDS Call","Rescue Operations","Delivery Case","2026/04/01 08:19:47 AM","Liaqatpur"
"277329","Muhammad Arshad","DR-198","EMDS Call","Medical Emergency","Vomiting","2026/04/01 08:30:25 AM","Liaqatpur"
"77487","Zia ul Haq","DR-328","Direct Call","Patient Transfer Service","N/A","2026/04/01 08:35:02 AM","Sadiqabad"
"277330","Adnan Shabbir","DR-205","EMDS Call","Medical Emergency","Vomiting","2026/04/01 08:39:26 AM","Khanpur"
"277331","Muhammad Arshad","DR-198","EMDS Call","Medical Emergency","High Fever","2026/04/01 08:43:11 AM","Liaqatpur"
"277332","Adnan Shabbir","DR-205","EMDS Call","Road Crash","Minor Injuries","2026/04/01 08:49:10 AM","Rahim Yar Khan"
"77488","Zia ul Haq","DR-328","Direct Call","Patient Transfer Service","N/A","2026/04/01 08:55:09 AM","Khanpur"
"277333","Muhammad Arshad","DR-198","EMDS Call","Medical Emergency","Chest Pain","2026/04/01 08:59:37 AM","Rahim Yar Khan"
"277334","Zia ul Haq","DR-328","EMDS Call","Medical Emergency","Abdominal Pain","2026/04/01 09:02:50 AM","Sadiqabad"
"277335","Adnan Shabbir","DR-205","EMDS Call","Road Crash","Minor Injuries","2026/04/01 09:31:11 AM","Liaqatpur"
"277335","Adnan Shabbir","DR-205","EMDS Call","Road Crash","Minor Injuries","2026/04/01 09:31:11 AM","Liaqatpur"
"277336","Muhammad Fiaz","DR-206","EMDS Call","Medical Emergency","Joints Pain","2026/04/01 09:34:21 AM","Rahim Yar Khan"
"277337","Muhammad Fiaz","DR-206","EMDS Call","Medical Emergency","Joints Pain","2026/04/01 09:43:56 AM","Rahim Yar Khan"
"277338","Muhammad Arshad","DR-198","EMDS Call","Road Crash","Minor Injuries","2026/04/01 09:46:36 AM","Rahim Yar Khan"
"277339","Muhammad Fiaz","DR-206","EMDS Call","Road Crash","Severe Trauma","2026/04/01 09:51:01 AM","Khanpur"
"277340","Fahad Hussain","DR-538","EMDS Call","Road Crash","Minor Injuries","2026/04/01 09:51:04 AM","Rahim Yar Khan"
"277341","Fahad Hussain","DR-538","EMDS Call","Medical Emergency","Unconscious","2026/04/01 09:57:11 AM","Rahim Yar Khan"
"277342","Muhammad Fiaz","DR-206","EMDS Call","Medical Emergency","Abdominal Pain","2026/04/01 09:57:44 AM","Rahim Yar Khan"
"277343","Muhammad Arshad","DR-198","EMDS Call","Medical Emergency","Abdominal Pain","2026/04/01 09:58:28 AM","Liaqatpur"
"277344","Fahad Hussain","DR-538","EMDS Call","Medical Emergency","Vertigo/ Dizziness","2026/04/01 09:59:03 AM","Rahim Yar Khan"
"77489","Muhammad Fiaz","DR-206","Direct Call","Patient Transfer Service","N/A","2026/04/01 10:05:44 AM","Sadiqabad"
"277345","Fahad Hussain","DR-538","EMDS Call","Crime","Physical Assault/Violence","2026/04/01 10:10:20 AM","Khanpur"
"77490","Muhammad Fiaz","DR-206","Direct Call","Patient Transfer Service","N/A","2026/04/01 10:27:02 AM","Sadiqabad"
"277346","Muhammad Fiaz","DR-206","EMDS Call","Medical Emergency","High Fever","2026/04/01 10:27:38 AM","Khanpur"
"277347","Fahad Hussain","DR-538","EMDS Call","Medical Emergency","Hypertension","2026/04/01 10:31:56 AM","Sadiqabad"
"277348","Muhammad Fiaz","DR-206","EMDS Call","Rescue Operations","Snake Emergency","2026/04/01 10:34:16 AM","Liaqatpur"
"Not Assigned","Zia ul Haq","DR-328","Direct Call","High Raised Building Inspection","High Raised Building Inspection","2026/04/01 10:32:42 AM","Rahim Yar Khan"
"277349","Muhammad Arshad","DR-198","EMDS Call","Rescue Operations","Delivery Case","2026/04/01 10:49:07 AM","Khanpur"
"277350","Fahad Hussain","DR-538","EMDS Call","Medical Emergency","Unconscious","2026/04/01 10:55:42 AM","Sadiqabad"
"77491","Muhammad Fiaz","DR-206","EMDS Call","Patient Transfer Service","N/A","2026/04/01 11:07:46 AM","Rahim Yar Khan"
"277351","Muhammad Arshad","DR-198","EMDS Call","Medical Emergency","Chronic Illness","2026/04/01 11:07:09 AM","Liaqatpur"
"77492","Fahad Hussain","DR-538","Direct Call","Patient Transfer Service","N/A","2026/04/01 11:21:53 AM","Khanpur"
"277353","Muhammad Fiaz","DR-206","EMDS Call","Road Crash","Minor Injuries","2026/04/01 11:24:51 AM","Rahim Yar Khan"
"277352","Fahad Hussain","DR-538","EMDS Call","Medical Emergency","Hypertension","2026/04/01 11:23:50 AM","Rahim Yar Khan"
"77493","Muhammad Arshad","DR-198","Direct Call","Patient Transfer Service","N/A","2026/04/01 11:26:35 AM","Khanpur"
"277355","Muhammad Fiaz","DR-206","EMDS Call","Medical Emergency","Anxiety / Psychiatric Disorder","2026/04/01 11:27:17 AM","Sadiqabad"
"277354","Fahad Hussain","DR-538","EMDS Call","Crime","Probable Suicide","2026/04/01 11:28:13 AM","Sadiqabad"
"77494","Muhammad Arshad","DR-198","Direct Call","Patient Transfer Service","N/A","2026/04/01 11:30:46 AM","Sadiqabad"
"277356","Muhammad Arshad","DR-198","EMDS Call","Medical Emergency","Vertigo/ Dizziness","2026/04/01 11:32:33 AM","Rahim Yar Khan"
"277357","Muhammad Fiaz","DR-206","EMDS Call","Medical Emergency","Joints Pain","2026/04/01 11:34:31 AM","Rahim Yar Khan"
"277359","Muhammad Fiaz","DR-206","EMDS Call","Medical Emergency","Hypertension","2026/04/01 11:36:27 AM","Rahim Yar Khan"
"277358","Aasia Batool","MR-5198","EMDS Call","Medical Emergency","Domestic Injuries","2026/04/01 11:38:27 AM","Sadiqabad"
"277360","Muhammad Fiaz","DR-206","EMDS Call","Medical Emergency","Abdominal Pain","2026/04/01 11:43:28 AM","Sadiqabad"
"Not Assigned","Zia ul Haq","DR-328","Direct Call","High Raised Building Inspection","High Raised Building Inspection","2026/04/01 11:44:19 AM","Khanpur"
"77495","Muhammad Fiaz","DR-206","Direct Call","Patient Transfer Service","N/A","2026/04/01 11:50:31 AM","Khanpur"
"277361","Nida Rahat","DR-1322","EMDS Call","Medical Emergency","Joints Pain","2026/04/01 11:53:05 AM","Rahim Yar Khan"
"277362","Nida Rahat","DR-1322","EMDS Call","Road Crash","Minor Injuries","2026/04/01 11:56:47 AM","Liaqatpur"
"277363","Zupasha Zia","MR-5758","EMDS Call","Medical Emergency","Gynae Problem","2026/04/01 12:14:48 PM","Khanpur"
"277364","Aasia Batool","MR-5198","EMDS Call","Road Crash","Bleeding","2026/04/01 12:17:57 PM","Liaqatpur"
"277365","Zupasha Zia","MR-5758","EMDS Call","Medical Emergency","Anxiety / Psychiatric Disorder","2026/04/01 12:21:57 PM","Sadiqabad"
"277366","Zupasha Zia","MR-5758","EMDS Call","Road Crash","Bleeding","2026/04/01 12:29:26 PM","Khanpur"
"277367","Shahid Jamil","DR-184","EMDS Call","Road Crash","Bleeding","2026/04/01 12:51:57 PM","Liaqatpur"
"277368","Aasia Batool","MR-5198","EMDS Call","Medical Emergency","Hyperglycemia","2026/04/01 12:53:52 PM","Sadiqabad"
"277369","Nida Rahat","DR-1322","EMDS Call","Fire","Others","2026/04/01 01:08:48 PM","Rahim Yar Khan"
"277370","Aasia Batool","MR-5198","EMDS Call","Road Crash","Minor Injuries","2026/04/01 01:14:05 PM","Sadiqabad"
"277371","Aasia Batool","MR-5198","EMDS Call","Road Crash","Minor Injuries","2026/04/01 01:21:51 PM","Rahim Yar Khan"
"277372","Zupasha Zia","MR-5758","EMDS Call","Medical Emergency","Abdominal Pain","2026/04/01 01:32:04 PM","Rahim Yar Khan"
"77496","Zupasha Zia","MR-5758","Direct Call","Patient Transfer Service","N/A","2026/04/01 01:37:20 PM","Sadiqabad"
"277374","Zupasha Zia","MR-5758","EMDS Call","Medical Emergency","Joints Pain","2026/04/01 01:38:42 PM","Sadiqabad"
"277373","Nida Rahat","DR-1322","EMDS Call","Road Crash","Severe Trauma","2026/04/01 01:41:26 PM","Khanpur"
"277376","Aasia Batool","MR-5198","EMDS Call","Medical Emergency","Joints Pain","2026/04/01 01:41:00 PM","Sadiqabad"
"277375","Nida Rahat","DR-1322","EMDS Call","Medical Emergency","Anxiety / Psychiatric Disorder","2026/04/01 01:44:37 PM","Rahim Yar Khan"
"277377","Aasia Batool","MR-5198","EMDS Call","Road Crash","Bleeding","2026/04/01 01:54:16 PM","Rahim Yar Khan"
"277377","Aasia Batool","MR-5198","EMDS Call","Road Crash","Bleeding","2026/04/01 01:54:16 PM","Rahim Yar Khan"
"277378","Zupasha Zia","MR-5758","EMDS Call","Road Crash","Multiple Fractures","2026/04/01 01:58:52 PM","Sadiqabad"
"277379","Nida Rahat","DR-1322","EMDS Call","Rescue Operations","Delivery Case","2026/04/01 02:04:24 PM","Rahim Yar Khan"
"277380","Nida Rahat","DR-1322","EMDS Call","Medical Emergency","High Fever","2026/04/01 02:15:17 PM","Rahim Yar Khan"
"277381","Muhammad Rashid Saleem","DR-187","EMDS Call","Medical Emergency","Vertigo/ Dizziness","2026/04/01 02:26:55 PM","Rahim Yar Khan"
"277382","Muhammad ALi","DR-818","EMDS Call","Medical Emergency","Urinary Retention","2026/04/01 02:28:43 PM","Rahim Yar Khan"
"277383","Shahla Nawaz","DR-185","EMDS Call","Medical Emergency","Abdominal Pain","2026/04/01 02:29:09 PM","Khanpur"
"277384","Bushra Saleem","MR-5701","EMDS Call","Medical Emergency","Joints Pain","2026/04/01 02:36:29 PM","Rahim Yar Khan"
"277385","Muhammad Rashid Saleem","DR-187","EMDS Call","Road Crash","Severe Trauma","2026/04/01 02:37:14 PM","Liaqatpur"
"277385","Muhammad Rashid Saleem","DR-187","EMDS Call","Road Crash","Severe Trauma","2026/04/01 02:37:14 PM","Liaqatpur"
"277386","Muhammad Rashid Saleem","DR-187","EMDS Call","Medical Emergency","Abdominal Pain","2026/04/01 02:41:33 PM","Rahim Yar Khan"
"277387","Bushra Saleem","MR-5701","EMDS Call","Medical Emergency","Anxiety / Psychiatric Disorder","2026/04/01 02:40:06 PM","Rahim Yar Khan"
"277388","Muhammad ALi","DR-818","EMDS Call","Medical Emergency","Abdominal Pain","2026/04/01 02:42:42 PM","Liaqatpur"
"277389","Bushra Saleem","MR-5701","EMDS Call","Medical Emergency","Abdominal Pain","2026/04/01 02:44:39 PM","Sadiqabad"
"277391","Muhammad ALi","DR-818","EMDS Call","Medical Emergency","Chest Pain","2026/04/01 02:54:04 PM","Rahim Yar Khan"
"277390","Muhammad Rashid Saleem","DR-187","EMDS Call","Medical Emergency","Urinary Retention","2026/04/01 02:52:49 PM","Rahim Yar Khan"
"277392","Shahla Nawaz","DR-185","EMDS Call","Medical Emergency","Vertigo/ Dizziness","2026/04/01 02:57:21 PM","Sadiqabad"
"277393","Shahla Nawaz","DR-185","EMDS Call","Medical Emergency","Hyperglycemia","2026/04/01 03:00:25 PM","Sadiqabad"
"277394","Muhammad ALi","DR-818","EMDS Call","Medical Emergency","Hypotension","2026/04/01 03:03:23 PM","Sadiqabad"
"77497","Bushra Saleem","MR-5701","Direct Call","Patient Transfer Service","N/A","2026/04/01 03:12:01 PM","Sadiqabad"
"277395","Muhammad ALi","DR-818","EMDS Call","Medical Emergency","Hypertension","2026/04/01 03:10:59 PM","Rahim Yar Khan"
"77498","Shahla Nawaz","DR-185","Direct Call","Patient Transfer Service","N/A","2026/04/01 03:14:05 PM","Sadiqabad"
"277396","Shahla Nawaz","DR-185","EMDS Call","Rescue Operations","Delivery Case","2026/04/01 03:16:07 PM","Liaqatpur"
"77499","Bushra Saleem","MR-5701","Direct Call","Patient Transfer Service","N/A","2026/04/01 03:22:05 PM","Sadiqabad"
"277397","Muhammad ALi","DR-818","EMDS Call","Medical Emergency","Joints Pain","2026/04/01 03:24:04 PM","Rahim Yar Khan"
"77500","Shahla Nawaz","DR-185","Direct Call","Patient Transfer Service","N/A","2026/04/01 03:27:08 PM","Sadiqabad"
"277398","Muhammad ALi","DR-818","EMDS Call","Medical Emergency","Anxiety / Psychiatric Disorder","2026/04/01 03:28:50 PM","Rahim Yar Khan"
"77501","Bushra Saleem","MR-5701","Direct Call","Patient Transfer Service","N/A","2026/04/01 03:30:34 PM","Sadiqabad"
"277400","Shahla Nawaz","DR-185","EMDS Call","Medical Emergency","Anxiety / Psychiatric Disorder","2026/04/01 03:33:29 PM","Rahim Yar Khan"
"277399","Muhammad ALi","DR-818","EMDS Call","Medical Emergency","Abdominal Pain","2026/04/01 03:33:19 PM","Rahim Yar Khan"
"277401","Muhammad ALi","DR-818","EMDS Call","Medical Emergency","Hyperglycemia","2026/04/01 03:38:07 PM","Sadiqabad"
"277402","Muhammad ALi","DR-818","EMDS Call","Medical Emergency","Hypertension","2026/04/01 03:43:21 PM","Liaqatpur"
"77502","Shahla Nawaz","DR-185","Direct Call","Patient Transfer Service","N/A","2026/04/01 03:50:07 PM","Liaqatpur"
"277403","Shahla Nawaz","DR-185","EMDS Call","Medical Emergency","Anxiety / Psychiatric Disorder","2026/04/01 03:50:41 PM","Rahim Yar Khan"
"277404","Muhammad Rashid Saleem","DR-187","EMDS Call","Medical Emergency","Anxiety / Psychiatric Disorder","2026/04/01 03:53:36 PM","Khanpur"
"277405","Shahla Nawaz","DR-185","EMDS Call","Medical Emergency","Abdominal Pain","2026/04/01 03:55:46 PM","Rahim Yar Khan"
"277406","Shahla Nawaz","DR-185","EMDS Call","Medical Emergency","Joints Pain","2026/04/01 04:00:05 PM","Rahim Yar Khan"
"277407","Muhammad ALi","DR-818","EMDS Call","Medical Emergency","SOB/ Respiratory Distress","2026/04/01 04:17:55 PM","Sadiqabad"
"277408","Muhammad ALi","DR-818","EMDS Call","Medical Emergency","Anxiety / Psychiatric Disorder","2026/04/01 04:21:31 PM","Rahim Yar Khan"
"277409","Muhammad Rashid Saleem","DR-187","EMDS Call","Medical Emergency","Headache","2026/04/01 04:22:29 PM","Rahim Yar Khan"
"277410","Muhammad Rashid Saleem","DR-187","EMDS Call","Medical Emergency","SOB/ Respiratory Distress","2026/04/01 04:33:08 PM","Rahim Yar Khan"
"277411","Muhammad ALi","DR-818","EMDS Call","Road Crash","Bleeding","2026/04/01 04:31:59 PM","Liaqatpur"
"277412","Bushra Saleem","MR-5701","EMDS Call","Road Crash","Bleeding","2026/04/01 04:38:19 PM","Khanpur"
"277413","Adil Iqbal","DR-782","EMDS Call","Medical Emergency","Unconscious","2026/04/01 04:44:23 PM","Rahim Yar Khan"
"277414","Muhammad ALi","DR-818","EMDS Call","Medical Emergency","Joints Pain","2026/04/01 05:02:55 PM","Sadiqabad"
"277415","Adil Iqbal","DR-782","EMDS Call","Road Crash","Bleeding","2026/04/01 05:09:57 PM","Sadiqabad"
"277415","Adil Iqbal","DR-782","EMDS Call","Road Crash","Bleeding","2026/04/01 05:09:57 PM","Sadiqabad"
"277416","Muhammad Rashid Saleem","DR-187","EMDS Call","Fire","Others","2026/04/01 05:28:19 PM","Rahim Yar Khan"
"77503","Shahla Nawaz","DR-185","Direct Call","Patient Transfer Service","N/A","2026/04/01 05:32:10 PM","Sadiqabad"
"277417","Bushra Saleem","MR-5701","EMDS Call","Medical Emergency","Vomiting","2026/04/01 05:32:56 PM","Khanpur"
"277418","Muhammad Rashid Saleem","DR-187","EMDS Call","Road Crash","Severe Trauma","2026/04/01 05:36:12 PM","Liaqatpur"
"277419","Bushra Saleem","MR-5701","EMDS Call","Medical Emergency","Joints Pain","2026/04/01 05:44:36 PM","Rahim Yar Khan"
"277420","Shahla Nawaz","DR-185","EMDS Call","Medical Emergency","Epistaxis/ Nosebleed","2026/04/01 05:46:52 PM","Rahim Yar Khan"
"277421","Muhammad Rashid Saleem","DR-187","EMDS Call","Medical Emergency","Anxiety / Psychiatric Disorder","2026/04/01 05:51:26 PM","Rahim Yar Khan"
"77504","Bushra Saleem","MR-5701","Direct Call","Patient Transfer Service","N/A","2026/04/01 05:53:24 PM","Liaqatpur"
"77505","Bushra Saleem","MR-5701","Direct Call","Patient Transfer Service","N/A","2026/04/01 05:55:43 PM","Khanpur"
"277422","Muhammad Rashid Saleem","DR-187","EMDS Call","Medical Emergency","Domestic Injuries","2026/04/01 06:05:04 PM","Rahim Yar Khan"
"277423","Bushra Saleem","MR-5701","EMDS Call","Medical Emergency","High Fever","2026/04/01 06:07:38 PM","Rahim Yar Khan"
"277424","Muhammad Rashid Saleem","DR-187","EMDS Call","Medical Emergency","Joints Pain","2026/04/01 06:13:16 PM","Rahim Yar Khan"
"277425","Muhammad Rashid Saleem","DR-187","EMDS Call","Medical Emergency","Hypertension","2026/04/01 06:17:22 PM","Rahim Yar Khan"
"277428","Adil Iqbal","DR-782","EMDS Call","Road Crash","Minor Injuries","2026/04/01 06:22:34 PM","Liaqatpur"
"277426","Bushra Saleem","MR-5701","EMDS Call","Medical Emergency","Vomiting","2026/04/01 06:22:09 PM","Rahim Yar Khan"
"277427","Muhammad Rashid Saleem","DR-187","EMDS Call","Medical Emergency","Abdominal Pain","2026/04/01 06:23:29 PM","Sadiqabad"
"77506","Adil Iqbal","DR-782","Direct Call","Patient Transfer Service","N/A","2026/04/01 06:31:47 PM","Sadiqabad"
"277429","Bushra Saleem","MR-5701","EMDS Call","Medical Emergency","Vomiting","2026/04/01 06:35:16 PM","Rahim Yar Khan"
"77507","Adil Iqbal","DR-782","Direct Call","Patient Transfer Service","N/A","2026/04/01 06:37:33 PM","Sadiqabad"
"277432","Adil Iqbal","DR-782","EMDS Call","Road Crash","Severe Trauma","2026/04/01 06:42:10 PM","Khanpur"
"277430","Muhammad Rashid Saleem","DR-187","EMDS Call","Rescue Operations","Animal/Bird Rescue","2026/04/01 06:42:07 PM","Khanpur"
"277431","Shahla Nawaz","DR-185","EMDS Call","Medical Emergency","SOB/ Respiratory Distress","2026/04/01 06:42:10 PM","Sadiqabad"
"277436","Bushra Saleem","MR-5701","EMDS Call","Rescue Operations","Others","2026/04/01 06:41:23 PM","Rahim Yar Khan"
"277433","Muhammad Rashid Saleem","DR-187","EMDS Call","Medical Emergency","CVA/Stroke","2026/04/01 06:45:46 PM","Liaqatpur"
"277434","Bushra Saleem","MR-5701","EMDS Call","Medical Emergency","Anxiety / Psychiatric Disorder","2026/04/01 06:52:08 PM","Khanpur"
"277435","Muhammad Rashid Saleem","DR-187","EMDS Call","Medical Emergency","Renal Disorders / Renal Colic ","2026/04/01 06:56:49 PM","Sadiqabad"
"277437","Muhammad Rashid Saleem","DR-187","EMDS Call","Road Crash","Multiple Fractures","2026/04/01 07:10:14 PM","Rahim Yar Khan"
"277438","Shahla Nawaz","DR-185","EMDS Call","Medical Emergency","Gynae Problem","2026/04/01 07:22:56 PM","Khanpur"
"277439","Bushra Saleem","MR-5701","EMDS Call","Medical Emergency","Vomiting","2026/04/01 07:25:47 PM","Sadiqabad"
"277441","Shahla Nawaz","DR-185","EMDS Call","Road Crash","Bleeding","2026/04/01 07:29:34 PM","Khanpur"
"277440","Bushra Saleem","MR-5701","EMDS Call","Medical Emergency","Hypotension","2026/04/01 07:36:08 PM","Khanpur"
"277442","Shahla Nawaz","DR-185","EMDS Call","Medical Emergency","SOB/ Respiratory Distress","2026/04/01 07:33:40 PM","Rahim Yar Khan"
"277443","Shahla Nawaz","DR-185","EMDS Call","Medical Emergency","Anxiety / Psychiatric Disorder","2026/04/01 07:48:19 PM","Rahim Yar Khan"
"277444","Bushra Saleem","MR-5701","EMDS Call","Road Crash","Bleeding","2026/04/01 07:48:30 PM","Khanpur"
"277444","Bushra Saleem","MR-5701","EMDS Call","Road Crash","Bleeding","2026/04/01 07:48:30 PM","Khanpur"
"277445","Muhammad ALi","DR-818","EMDS Call","Medical Emergency","Hypertension","2026/04/01 07:53:04 PM","Rahim Yar Khan"
"277446","Shahla Nawaz","DR-185","EMDS Call","Medical Emergency","Anxiety / Psychiatric Disorder","2026/04/01 07:55:31 PM","Rahim Yar Khan"
"277448","Muhammad ALi","DR-818","EMDS Call","Medical Emergency","Vomiting","2026/04/01 08:05:21 PM","Rahim Yar Khan"
"277447","Bushra Saleem","MR-5701","EMDS Call","Medical Emergency","Hypertension","2026/04/01 08:06:37 PM","Rahim Yar Khan"
"277450","Shahla Nawaz","DR-185","EMDS Call","Medical Emergency","Anxiety / Psychiatric Disorder","2026/04/01 08:08:53 PM","Liaqatpur"
"277449","Bushra Saleem","MR-5701","EMDS Call","Medical Emergency","Chronic Illness","2026/04/01 08:10:20 PM","Khanpur"
"277451","Bushra Saleem","MR-5701","EMDS Call","Medical Emergency","High Fever","2026/04/01 08:14:07 PM","Sadiqabad"
"277452","Bushra Saleem","MR-5701","EMDS Call","Medical Emergency","Hypotension","2026/04/01 08:22:02 PM","Rahim Yar Khan"
"277453","Muhammad ALi","DR-818","EMDS Call","Fire","Short Circuit","2026/04/01 08:35:52 PM","Rahim Yar Khan"
"277454","Bushra Saleem","MR-5701","EMDS Call","Medical Emergency","Headache","2026/04/01 08:35:20 PM","Rahim Yar Khan"
"277455","Muhammad ALi","DR-818","EMDS Call","Road Crash","Severe Trauma","2026/04/01 08:41:23 PM","Rahim Yar Khan"
"277456","Bushra Saleem","MR-5701","EMDS Call","Medical Emergency","Domestic Injuries","2026/04/01 08:42:24 PM","Khanpur"
"277457","Shahla Nawaz","DR-185","EMDS Call","Medical Emergency","Chest Pain","2026/04/01 08:47:22 PM","Rahim Yar Khan"
"277458","Faiz Muhyy Ul Din","DR-892","EMDS Call","Medical Emergency","SOB/ Respiratory Distress","2026/04/01 08:54:04 PM","Liaqatpur"
"277459","Muhammad Zubair","DR-894","EMDS Call","Medical Emergency","Chest Pain","2026/04/01 09:05:54 PM","Rahim Yar Khan"
"277461","Muhammad Zubair","DR-894","EMDS Call","Medical Emergency","Chest Pain","2026/04/01 09:11:02 PM","Rahim Yar Khan"
"277460","Maheen Tahir","MR-6017","EMDS Call","Medical Emergency","Anxiety / Psychiatric Disorder","2026/04/01 09:12:08 PM","Rahim Yar Khan"
"277462","Muhammad Zubair","DR-894","EMDS Call","Medical Emergency","Vertigo/ Dizziness","2026/04/01 09:24:53 PM","Rahim Yar Khan"
"277463","Faiz Muhyy Ul Din","DR-892","EMDS Call","Medical Emergency","Hyperglycemia","2026/04/01 09:28:08 PM","Sadiqabad"
"77508","Maheen Tahir","MR-6017","Direct Call","Patient Transfer Service","N/A","2026/04/01 09:48:18 PM","Sadiqabad"
"277464","Muhammad Zubair","DR-894","EMDS Call","Medical Emergency","SOB/ Respiratory Distress","2026/04/01 09:49:23 PM","Khanpur"
"277465","Muhammad Zubair","DR-894","EMDS Call","Medical Emergency","SOB/ Respiratory Distress","2026/04/01 09:55:04 PM","Rahim Yar Khan"
"277466","Faiz Muhyy Ul Din","DR-892","EMDS Call","Medical Emergency","Chronic Illness","2026/04/01 09:53:51 PM","Sadiqabad"
"277467","Maheen Tahir","MR-6017","EMDS Call","Medical Emergency","Abdominal Pain","2026/04/01 09:56:54 PM","Rahim Yar Khan"
"277468","Faiz Muhyy Ul Din","DR-892","EMDS Call","Medical Emergency","Chest Pain","2026/04/01 10:03:55 PM","Sadiqabad"
"277469","Muhammad Zubair","DR-894","EMDS Call","Rescue Operations","Vehicle Extrication","2026/04/01 10:01:57 PM","Rahim Yar Khan"
"77509","Maheen Tahir","MR-6017","Direct Call","Patient Transfer Service","N/A","2026/04/01 10:07:47 PM","Khanpur"
"277470","Maheen Tahir","MR-6017","EMDS Call","Medical Emergency","Hypertension","2026/04/01 10:07:53 PM","Khanpur"
"277471","Maheen Tahir","MR-6017","EMDS Call","Medical Emergency","Chest Pain","2026/04/01 10:13:47 PM","Rahim Yar Khan"
"77510","Maheen Tahir","MR-6017","Direct Call","Patient Transfer Service","N/A","2026/04/01 10:20:28 PM","Sadiqabad"
"277472","Maheen Tahir","MR-6017","EMDS Call","Medical Emergency","High Fever","2026/04/01 10:22:01 PM","Khanpur"
"277473","Muhammad Zubair","DR-894","EMDS Call","Medical Emergency","Hypertension","2026/04/01 10:28:03 PM","Rahim Yar Khan"
"277474","Maheen Tahir","MR-6017","EMDS Call","Medical Emergency","Hypoglycemia","2026/04/01 10:42:31 PM","Rahim Yar Khan"
"277475","Faiz Muhyy Ul Din","DR-892","EMDS Call","Medical Emergency","Vertigo/ Dizziness","2026/04/01 10:42:55 PM","Sadiqabad"
"277476","Faiz Muhyy Ul Din","DR-892","EMDS Call","Medical Emergency","High Fever","2026/04/01 10:49:06 PM","Liaqatpur"
"277477","Maheen Tahir","MR-6017","EMDS Call","Medical Emergency","Domestic Injuries","2026/04/01 10:51:58 PM","Rahim Yar Khan"
"277478","Faiz Muhyy Ul Din","DR-892","EMDS Call","Medical Emergency","Vomiting","2026/04/01 10:55:13 PM","Rahim Yar Khan"
"277480","Maheen Tahir","MR-6017","EMDS Call","Medical Emergency","Vomiting","2026/04/01 11:00:45 PM","Rahim Yar Khan"
"277479","Muhammad Zubair","DR-894","EMDS Call","Medical Emergency","High Fever","2026/04/01 11:00:18 PM","Sadiqabad"
"277481","Faiz Muhyy Ul Din","DR-892","EMDS Call","Road Crash","Minor Injuries","2026/04/01 11:02:40 PM","Rahim Yar Khan"
"77511","Muhammad Zubair","DR-894","Direct Call","Patient Transfer Service","N/A","2026/04/01 11:08:01 PM","Liaqatpur"
"277482","Maheen Tahir","MR-6017","EMDS Call","Medical Emergency","High Fever","2026/04/01 11:16:33 PM","Khanpur"
"277483","Faiz Muhyy Ul Din","DR-892","EMDS Call","Medical Emergency","Abdominal Pain","2026/04/01 11:18:48 PM","Rahim Yar Khan"
"277484","Muhammad Zubair","DR-894","EMDS Call","Medical Emergency","Hypoglycemia","2026/04/01 11:24:46 PM","Khanpur"
"277485","Faiz Muhyy Ul Din","DR-892","EMDS Call","Medical Emergency","Vertigo/ Dizziness","2026/04/01 11:28:44 PM","Rahim Yar Khan"
"277486","Maheen Tahir","MR-6017","EMDS Call","Medical Emergency","Unconscious","2026/04/01 11:30:23 PM","Khanpur"
"277487","Maheen Tahir","MR-6017","EMDS Call","Medical Emergency","Urinary Retention","2026/04/01 11:36:23 PM","Rahim Yar Khan"
"277488","Maheen Tahir","MR-6017","EMDS Call","Medical Emergency","Anxiety / Psychiatric Disorder","2026/04/01 11:47:39 PM","Rahim Yar Khan"
"277489","Muhammad Zubair","DR-894","EMDS Call","Medical Emergency","Others","2026/04/01 11:59:49 PM","Rahim Yar Khan"
"77512","Faiz Muhyy Ul Din","DR-892","Direct Call","Patient Transfer Service","N/A","2026/04/02 12:09:11 AM","Khanpur"
"77513","Muhammad Zahid","DR-888","Direct Call","Patient Transfer Service","N/A","2026/04/02 12:11:49 AM","Khanpur"
"77514","Farah Sadaqat","MR-5930","Direct Call","Patient Transfer Service","N/A","2026/04/02 12:20:36 AM","Sadiqabad"
"277490","Faiz Muhyy Ul Din","DR-892","EMDS Call","Medical Emergency","Vertigo/ Dizziness","2026/04/02 12:19:00 AM","Rahim Yar Khan"
"277491","Muhammad Zahid","DR-888","EMDS Call","Medical Emergency","Anxiety / Psychiatric Disorder","2026/04/02 12:31:38 AM","Rahim Yar Khan"
"277492","Farah Sadaqat","MR-5930","EMDS Call","Medical Emergency","SOB/ Respiratory Distress","2026/04/02 12:38:28 AM","Liaqatpur"
"277494","Muhammad Zahid","DR-888","EMDS Call","Medical Emergency","Vomiting","2026/04/02 12:41:22 AM","Rahim Yar Khan"
"277493","Faiz Muhyy Ul Din","DR-892","EMDS Call","Medical Emergency","Abdominal Pain","2026/04/02 12:39:26 AM","Liaqatpur"
"277495","Farah Sadaqat","MR-5930","EMDS Call","Medical Emergency","Vertigo/ Dizziness","2026/04/02 12:45:34 AM","Rahim Yar Khan"
"277496","Muhammad Zahid","DR-888","EMDS Call","Medical Emergency","SOB/ Respiratory Distress","2026/04/02 01:21:44 AM","Liaqatpur"
"277497","Faiz Muhyy Ul Din","DR-892","EMDS Call","Rescue Operations","Delivery Case","2026/04/02 01:49:17 AM","Rahim Yar Khan"
"277498","Muhammad Zahid","DR-888","EMDS Call","Medical Emergency","SOB/ Respiratory Distress","2026/04/02 02:27:40 AM","Liaqatpur"
"277499","Farah Sadaqat","MR-5930","EMDS Call","Medical Emergency","Vomiting","2026/04/02 02:31:24 AM","Liaqatpur"
"277500","Faiz Muhyy Ul Din","DR-892","EMDS Call","Medical Emergency","Vertigo/ Dizziness","2026/04/02 02:33:42 AM","Rahim Yar Khan"
"277501","Farah Sadaqat","MR-5930","EMDS Call","Medical Emergency","Joints Pain","2026/04/02 02:38:50 AM","Rahim Yar Khan"
"277502","Faiz Muhyy Ul Din","DR-892","EMDS Call","Medical Emergency","Joints Pain","2026/04/02 02:46:54 AM","Rahim Yar Khan"
"277503","Muhammad Zahid","DR-888","EMDS Call","Medical Emergency","Diarrhea","2026/04/02 02:48:27 AM","Sadiqabad"
"277504","Farah Sadaqat","MR-5930","EMDS Call","Medical Emergency","Chest Pain","2026/04/02 03:06:15 AM","Rahim Yar Khan"
"277505","Faiz Muhyy Ul Din","DR-892","EMDS Call","Medical Emergency","Abdominal Pain","2026/04/02 03:06:45 AM","Rahim Yar Khan"
"277506","Farah Sadaqat","MR-5930","EMDS Call","Medical Emergency","Domestic Injuries","2026/04/02 03:11:24 AM","Sadiqabad"
"277507","Faiz Muhyy Ul Din","DR-892","EMDS Call","Medical Emergency","Hypertension","2026/04/02 03:18:33 AM","Khanpur"
"77515","Farah Sadaqat","MR-5930","Direct Call","Patient Transfer Service","N/A","2026/04/02 03:23:31 AM","Sadiqabad"
"277508","Faiz Muhyy Ul Din","DR-892","EMDS Call","Medical Emergency","Hyperglycemia","2026/04/02 03:33:07 AM","Rahim Yar Khan"
"277509","Muhammad Zubair","DR-894","EMDS Call","Medical Emergency","Vomiting","2026/04/02 03:36:01 AM","Liaqatpur"
"277510","Muhammad Zubair","DR-894","EMDS Call","Medical Emergency","CVA/Stroke","2026/04/02 03:40:58 AM","Khanpur"
"277511","Shaheen Islam","DR-1171","EMDS Call","Medical Emergency","Vertigo/ Dizziness","2026/04/02 03:43:29 AM","Rahim Yar Khan"
"277512","Muhammad Zubair","DR-894","EMDS Call","Fire","Others","2026/04/02 03:54:18 AM","Rahim Yar Khan"
"277513","Maheen Tahir","MR-6017","EMDS Call","Medical Emergency","Unconscious","2026/04/02 04:42:07 AM","Rahim Yar Khan"
"277514","Muhammad Zubair","DR-894","EMDS Call","Medical Emergency","Joints Pain","2026/04/02 04:48:00 AM","Khanpur"
"277515","Shaheen Islam","DR-1171","EMDS Call","Medical Emergency","Chest Pain","2026/04/02 04:59:27 AM","Rahim Yar Khan"
"277516","Shaheen Islam","DR-1171","EMDS Call","Medical Emergency","Vertigo/ Dizziness","2026/04/02 05:18:24 AM","Rahim Yar Khan"
"277517","Maheen Tahir","MR-6017","EMDS Call","Medical Emergency","Chest Pain","2026/04/02 05:24:14 AM","Rahim Yar Khan"
"277518","Shaheen Islam","DR-1171","EMDS Call","Medical Emergency","Renal Disorders / Renal Colic ","2026/04/02 05:43:10 AM","Rahim Yar Khan"
"277519","Muhammad Zubair","DR-894","EMDS Call","Medical Emergency","Chronic Illness","2026/04/02 06:30:53 AM","Liaqatpur"
"277520","Muhammad Zubair","DR-894","EMDS Call","Fire","Others","2026/04/02 07:03:17 AM","Sadiqabad"
"277521","Shaheen Islam","DR-1171","EMDS Call","Road Crash","Minor Injuries","2026/04/02 07:17:48 AM","Rahim Yar Khan"
"277522","Muhammad Zubair","DR-894","EMDS Call","Medical Emergency","Renal Disorders / Renal Colic ","2026/04/02 07:17:07 AM","Rahim Yar Khan"
"277523","Muhammad Zubair","DR-894","EMDS Call","Medical Emergency","Vertigo/ Dizziness","2026/04/02 07:20:12 AM","Rahim Yar Khan"
"277524","Maheen Tahir","MR-6017","EMDS Call","Medical Emergency","CVA/Stroke","2026/04/02 07:28:16 AM","Rahim Yar Khan"
"277525","Maheen Tahir","MR-6017","Direct Call","Rescue Operations","Mass Event Coverage","2026/04/02 07:46:59 AM","Rahim Yar Khan"
"277526","Shaheen Islam","DR-1171","EMDS Call","Medical Emergency","SOB/ Respiratory Distress","2026/04/02 07:53:47 AM","Rahim Yar Khan"
"277527","Adnan Shabbir","DR-205","Direct Call","Road Crash","Minor Injuries","2026/04/02 07:54:29 AM","Rahim Yar Khan"
"277528","Aasia Batool","MR-5198","EMDS Call","Road Crash","Minor Injuries","2026/04/02 08:11:47 AM","Rahim Yar Khan"
"277529","Muhammad Arshad","DR-198","EMDS Call","Medical Emergency","Abdominal Pain","2026/04/02 08:12:14 AM","Khanpur"
"277531","Adnan Shabbir","DR-205","EMDS Call","Medical Emergency","Vomiting","2026/04/02 08:17:50 AM","Rahim Yar Khan"
"277530","Aasia Batool","MR-5198","EMDS Call","Road Crash","Severe Trauma","2026/04/02 08:18:06 AM","Khanpur"
"277532","Aasia Batool","MR-5198","EMDS Call","Medical Emergency","Joints Pain","2026/04/02 08:22:10 AM","Rahim Yar Khan"
"277533","Muhammad Arshad","DR-198","EMDS Call","Rescue Operations","Scorpion Bite/Other Animal/Insect Bite","2026/04/02 08:25:09 AM","Rahim Yar Khan"
"277535","Adnan Shabbir","DR-205","EMDS Call","Medical Emergency","Anxiety / Psychiatric Disorder","2026/04/02 08:28:34 AM","Liaqatpur"
"277534","Muhammad Arshad","DR-198","EMDS Call","Road Crash","Bleeding","2026/04/02 08:30:00 AM","Rahim Yar Khan"
"277536","Aasia Batool","MR-5198","EMDS Call","Medical Emergency","Epilepsy","2026/04/02 08:30:09 AM","Rahim Yar Khan"
"277537","Adnan Shabbir","DR-205","EMDS Call","Medical Emergency","Urinary Retention","2026/04/02 08:31:03 AM","Sadiqabad"
"277538","Adnan Shabbir","DR-205","EMDS Call","Road Crash","Bleeding","2026/04/02 08:40:20 AM","Rahim Yar Khan"
"77516","Sheeza Barkat","MR-5331","Direct Call","Patient Transfer Service","N/A","2026/04/02 08:43:54 AM","Liaqatpur"
"277539","Sheeza Barkat","MR-5331","EMDS Call","Medical Emergency","Anxiety / Psychiatric Disorder","2026/04/02 08:44:43 AM","Liaqatpur"
"277540","Shahid Jamil","DR-184","EMDS Call","Medical Emergency","Hypertension","2026/04/02 08:50:25 AM","Liaqatpur"
"277541","Zia ul Haq","DR-328","EMDS Call","Medical Emergency","Chest Pain","2026/04/02 09:02:27 AM","Rahim Yar Khan"
"277542","Nida Rahat","DR-1322","EMDS Call","Medical Emergency","High Fever","2026/04/02 09:22:24 AM","Rahim Yar Khan"
"277543","Zia ul Haq","DR-328","EMDS Call","Medical Emergency","Joints Pain","2026/04/02 09:21:58 AM","Rahim Yar Khan"
"277544","Nida Rahat","DR-1322","EMDS Call","Medical Emergency","Chronic Illness","2026/04/02 09:32:04 AM","Liaqatpur"
"277545","Sheeza Barkat","MR-5331","EMDS Call","Medical Emergency","High Fever","2026/04/02 09:35:20 AM","Liaqatpur"
"77517","Sheeza Barkat","MR-5331","Direct Call","Patient Transfer Service","N/A","2026/04/02 09:44:45 AM","Khanpur"
"277546","Zia ul Haq","DR-328","EMDS Call","Medical Emergency","Joints Pain","2026/04/02 09:47:09 AM","Rahim Yar Khan"
"77518","Sheeza Barkat","MR-5331","Direct Call","Patient Transfer Service","N/A","2026/04/02 09:49:31 AM","Khanpur"
"277547","Zia ul Haq","DR-328","EMDS Call","Medical Emergency","Hypotension","2026/04/02 09:58:49 AM","Khanpur"
"277548","Muhammad AAmar","DR-915","EMDS Call","Medical Emergency","Abdominal Pain","2026/04/02 10:03:34 AM","Sadiqabad"
"277549","Aasia Batool","MR-5198","EMDS Call","Road Crash","Bleeding","2026/04/02 10:10:06 AM","Rahim Yar Khan"
"277549","Aasia Batool","MR-5198","EMDS Call","Road Crash","Bleeding","2026/04/02 10:10:06 AM","Rahim Yar Khan"
"277550","Zia ul Haq","DR-328","EMDS Call","Road Crash","Multiple Fractures","2026/04/02 10:29:34 AM","Liaqatpur"
"277551","Sheeza Barkat","MR-5331","EMDS Call","Road Crash","Bleeding","2026/04/02 10:41:15 AM","Rahim Yar Khan"
"277552","Zia ul Haq","DR-328","EMDS Call","Medical Emergency","SOB/ Respiratory Distress","2026/04/02 10:44:11 AM","Khanpur"
"Not Assigned","Zia ul Haq","DR-328","Direct Call","Mock Exercise","Mock","2026/04/02 10:48:30 AM","Rahim Yar Khan"
"277553","Muhammad AAmar","DR-915","EMDS Call","Medical Emergency","Vomiting","2026/04/02 10:48:16 AM","Rahim Yar Khan"
"277554","Aasia Batool","MR-5198","EMDS Call","Road Crash","Bleeding","2026/04/02 10:48:52 AM","Khanpur"
"277555","Zia ul Haq","DR-328","EMDS Call","Medical Emergency","Domestic Injuries","2026/04/02 10:53:21 AM","Sadiqabad"
"277557","Muhammad AAmar","DR-915","EMDS Call","Medical Emergency","Abdominal Pain","2026/04/02 10:54:22 AM","Rahim Yar Khan"
"277556","Aasia Batool","MR-5198","EMDS Call","Road Crash","Bleeding","2026/04/02 10:54:41 AM","Sadiqabad"
"277558","Zia ul Haq","DR-328","EMDS Call","Medical Emergency","Domestic Injuries","2026/04/02 10:55:37 AM","Rahim Yar Khan"
"277559","Aasia Batool","MR-5198","EMDS Call","Medical Emergency","Vertigo/ Dizziness","2026/04/02 10:57:54 AM","Rahim Yar Khan"
"277560","Zia ul Haq","DR-328","EMDS Call","Medical Emergency","Anxiety / Psychiatric Disorder","2026/04/02 11:08:45 AM","Khanpur"
"277561","Zia ul Haq","DR-328","EMDS Call","Road Crash","Minor Injuries","2026/04/02 11:15:38 AM","Rahim Yar Khan"
"277562","Zia ul Haq","DR-328","EMDS Call","Medical Emergency","Anxiety / Psychiatric Disorder","2026/04/02 11:20:09 AM","Rahim Yar Khan"
"77519","Nida Rahat","DR-1322","Direct Call","Patient Transfer Service","N/A","2026/04/02 11:23:09 AM","Liaqatpur"
"77520","Nida Rahat","DR-1322","Direct Call","Patient Transfer Service","N/A","2026/04/02 11:24:52 AM","Liaqatpur"
"277563","Zia ul Haq","DR-328","EMDS Call","Medical Emergency","Hypertension","2026/04/02 11:26:53 AM","Rahim Yar Khan"
"277564","Sheeza Barkat","MR-5331","EMDS Call","Road Crash","Minor Injuries","2026/04/02 11:31:27 AM","Rahim Yar Khan"
"277565","Nida Rahat","DR-1322","EMDS Call","Medical Emergency","SOB/ Respiratory Distress","2026/04/02 11:32:33 AM","Sadiqabad"
"277566","Zia ul Haq","DR-328","EMDS Call","Medical Emergency","Hypertension","2026/04/02 11:32:34 AM","Liaqatpur"
"277567","Sheeza Barkat","MR-5331","EMDS Call","Road Crash","Bleeding","2026/04/02 11:33:50 AM","Rahim Yar Khan"
"277568","Sheeza Barkat","MR-5331","EMDS Call","Road Crash","Multiple Fractures","2026/04/02 11:50:36 AM","Sadiqabad"
"277569","Sheeza Barkat","MR-5331","EMDS Call","Crime","Probable Suicide","2026/04/02 11:56:28 AM","Rahim Yar Khan"
"277570","Nida Rahat","DR-1322","EMDS Call","Road Crash","Minor Injuries","2026/04/02 12:03:08 PM","Rahim Yar Khan"
"77521","Zupasha Zia","MR-5758","Direct Call","Patient Transfer Service","N/A","2026/04/02 12:06:19 PM","Khanpur"
"277571","Sheeza Barkat","MR-5331","EMDS Call","Medical Emergency","Anxiety / Psychiatric Disorder","2026/04/02 12:05:38 PM","Sadiqabad"
"277572","Zupasha Zia","MR-5758","EMDS Call","Road Crash","Minor Injuries","2026/04/02 12:08:13 PM","Rahim Yar Khan"
"277573","Nida Rahat","DR-1322","EMDS Call","Medical Emergency","Headache","2026/04/02 12:16:03 PM","Rahim Yar Khan"
"277574","Nida Rahat","DR-1322","EMDS Call","Medical Emergency","Hypertension","2026/04/02 12:20:02 PM","Rahim Yar Khan"
"277575","Muhammad AAmar","DR-915","EMDS Call","Medical Emergency","Vomiting","2026/04/02 12:23:29 PM","Rahim Yar Khan"
"277576","Aasia Batool","MR-5198","EMDS Call","Medical Emergency","Gynae Problem","2026/04/02 12:23:05 PM","Rahim Yar Khan"
"277577","Zupasha Zia","MR-5758","EMDS Call","Road Crash","Bleeding","2026/04/02 12:40:59 PM","Sadiqabad"
"277577","Zupasha Zia","MR-5758","EMDS Call","Road Crash","Bleeding","2026/04/02 12:40:59 PM","Sadiqabad"
"277578","Muhammad AAmar","DR-915","EMDS Call","Medical Emergency","Hypoglycemia","2026/04/02 12:45:15 PM","Khanpur"
"277579","Muhammad AAmar","DR-915","Direct Call","Medical Emergency","Anxiety / Psychiatric Disorder","2026/04/02 12:52:16 PM","Rahim Yar Khan"
"277580","Zupasha Zia","MR-5758","EMDS Call","Medical Emergency","Renal Disorders / Renal Colic ","2026/04/02 12:53:23 PM","Khanpur"
"277581","Zupasha Zia","MR-5758","EMDS Call","Medical Emergency","Backache","2026/04/02 12:56:31 PM","Rahim Yar Khan"
"277582","Nida Rahat","DR-1322","EMDS Call","Road Crash","Bleeding","2026/04/02 12:57:16 PM","Khanpur"
"277583","Zupasha Zia","MR-5758","EMDS Call","Medical Emergency","Anxiety / Psychiatric Disorder","2026/04/02 12:59:19 PM","Rahim Yar Khan"
"77522","Zupasha Zia","MR-5758","Direct Call","Patient Transfer Service","N/A","2026/04/02 01:13:02 PM","Sadiqabad"
"277587","Nida Rahat","DR-1322","EMDS Call","Road Crash","Bleeding","2026/04/02 01:12:12 PM","Rahim Yar Khan"
"277584","Sheeza Barkat","MR-5331","EMDS Call","Road Crash","Severe Trauma","2026/04/02 01:15:36 PM","Sadiqabad"
"277585","Aasia Batool","MR-5198","EMDS Call","Road Crash","Minor Injuries","2026/04/02 01:17:53 PM","Rahim Yar Khan"
"277586","Zupasha Zia","MR-5758","EMDS Call","Medical Emergency","High Fever","2026/04/02 01:18:38 PM","Liaqatpur"
"77523","Nida Rahat","DR-1322","Direct Call","Patient Transfer Service","N/A","2026/04/02 01:20:05 PM","Sadiqabad"
"277588","Aasia Batool","MR-5198","EMDS Call","Medical Emergency","SOB/ Respiratory Distress","2026/04/02 01:24:35 PM","Khanpur"
"277589","Sheeza Barkat","MR-5331","EMDS Call","Road Crash","Bleeding","2026/04/02 01:25:17 PM","Khanpur"
"277590","Sheeza Barkat","MR-5331","EMDS Call","Medical Emergency","Domestic Injuries","2026/04/02 01:31:11 PM","Rahim Yar Khan"
"277591","Sheeza Barkat","MR-5331","EMDS Call","Medical Emergency","Hypertension","2026/04/02 01:35:44 PM","Rahim Yar Khan"
"277592","Nida Rahat","DR-1322","EMDS Call","Medical Emergency","Hypertension","2026/04/02 01:40:24 PM","Sadiqabad"
"277593","Nida Rahat","DR-1322","EMDS Call","Medical Emergency","Joints Pain","2026/04/02 01:59:36 PM","Rahim Yar Khan"
"277594","Rana M. Usman","DR-200","EMDS Call","Medical Emergency","High Fever","2026/04/02 02:09:50 PM","Khanpur"
"277595","Bushra Saleem","MR-5701","EMDS Call","Medical Emergency","High Fever","2026/04/02 02:08:51 PM","Sadiqabad"
"277596","Bushra Saleem","MR-5701","EMDS Call","Medical Emergency","Hypoglycemia","2026/04/02 02:14:57 PM","Rahim Yar Khan"
"277597","Bushra Saleem","MR-5701","EMDS Call","Rescue Operations","Electric Shock","2026/04/02 02:19:33 PM","Rahim Yar Khan"
"77524","Rana M. Usman","DR-200","Direct Call","Patient Transfer Service","N/A","2026/04/02 02:34:01 PM","Sadiqabad"
"277598","Saima Bashir","MR-5819","EMDS Call","Medical Emergency","Hypertension","2026/04/02 02:36:56 PM","Rahim Yar Khan"
"277599","Saima Bashir","MR-5819","EMDS Call","Medical Emergency","Anxiety / Psychiatric Disorder","2026/04/02 02:42:39 PM","Khanpur"
"277600","Muhammad Riaz","DR-654","EMDS Call","Rescue Operations","Others","2026/04/02 02:44:16 PM","Liaqatpur"
"277602","Shahla Nawaz","DR-185","EMDS Call","Road Crash","Minor Injuries","2026/04/02 02:45:06 PM","Sadiqabad"
"277601","Saima Bashir","MR-5819","EMDS Call","Medical Emergency","Hyperglycemia","2026/04/02 02:45:56 PM","Rahim Yar Khan"
"277603","Saima Bashir","MR-5819","EMDS Call","Medical Emergency","Vomiting","2026/04/02 02:48:14 PM","Rahim Yar Khan"
"277604","Muhammad Riaz","DR-654","EMDS Call","Road Crash","Bleeding","2026/04/02 02:59:50 PM","Sadiqabad"
"277605","Fahad Hussain","DR-538","EMDS Call","Road Crash","Minor Injuries","2026/04/02 03:03:34 PM","Sadiqabad"
"277606","Muhammad Riaz","DR-654","EMDS Call","Medical Emergency","SOB/ Respiratory Distress","2026/04/02 03:07:07 PM","Rahim Yar Khan"
"277607","Shahla Nawaz","DR-185","EMDS Call","Road Crash","Multiple Fractures","2026/04/02 03:07:08 PM","Rahim Yar Khan"
"277608","Muhammad Riaz","DR-654","EMDS Call","Road Crash","Minor Injuries","2026/04/02 03:14:40 PM","Rahim Yar Khan"
"277609","Shahla Nawaz","DR-185","EMDS Call","Road Crash","Minor Injuries","2026/04/02 03:14:04 PM","Sadiqabad"
"277609","Shahla Nawaz","DR-185","EMDS Call","Road Crash","Minor Injuries","2026/04/02 03:14:04 PM","Sadiqabad"
"77525","Saima Bashir","MR-5819","Direct Call","Patient Transfer Service","N/A","2026/04/02 03:15:46 PM","Khanpur"
"277610","Shahla Nawaz","DR-185","EMDS Call","Medical Emergency","Hypertension","2026/04/02 03:18:06 PM","Liaqatpur"
"Not Assigned","Muhammad Riaz","DR-654","EMDS Call","Medical Emergency","Chronic Illness","2026/04/02 03:18:35 PM","Rahim Yar Khan"
"277612","Muhammad Riaz","DR-654","EMDS Call","Medical Emergency","Abdominal Pain","2026/04/02 03:19:16 PM","Rahim Yar Khan"
"277614","Shahla Nawaz","DR-185","EMDS Call","Road Crash","Minor Injuries","2026/04/02 03:21:44 PM","Rahim Yar Khan"
"277613","Muhammad Riaz","DR-654","EMDS Call","Road Crash","Bleeding","2026/04/02 03:22:31 PM","Rahim Yar Khan"
"77526","Saima Bashir","MR-5819","Direct Call","Patient Transfer Service","N/A","2026/04/02 03:26:48 PM","Khanpur"
"277615","Muhammad Riaz","DR-654","EMDS Call","Medical Emergency","Backache","2026/04/02 03:30:16 PM","Rahim Yar Khan"
"277616","Shahla Nawaz","DR-185","EMDS Call","Medical Emergency","Joints Pain","2026/04/02 03:31:00 PM","Rahim Yar Khan"
"277617","Muhammad Riaz","DR-654","EMDS Call","Medical Emergency","Vomiting","2026/04/02 03:34:57 PM","Liaqatpur"
"277618","Fahad Hussain","DR-538","EMDS Call","Medical Emergency","Headache","2026/04/02 03:36:13 PM","Rahim Yar Khan"
"277620","Muhammad Riaz","DR-654","EMDS Call","Medical Emergency","High Fever","2026/04/02 03:42:23 PM","Rahim Yar Khan"
"277619","Bushra Saleem","MR-5701","EMDS Call","Road Crash","Minor Injuries","2026/04/02 03:41:46 PM","Rahim Yar Khan"
"277621","Saima Bashir","MR-5819","EMDS Call","Road Crash","Bleeding","2026/04/02 03:45:36 PM","Rahim Yar Khan"
"277622","Muhammad Riaz","DR-654","EMDS Call","Road Crash","Bleeding","2026/04/02 03:45:58 PM","Rahim Yar Khan"
"277623","Fahad Hussain","DR-538","EMDS Call","Medical Emergency","Domestic Injuries","2026/04/02 03:47:03 PM","Rahim Yar Khan"
"277624","Fahad Hussain","DR-538","EMDS Call","Road Crash","Minor Injuries","2026/04/02 03:50:41 PM","Rahim Yar Khan"
"277625","Fahad Hussain","DR-538","EMDS Call","Medical Emergency","Abdominal Pain","2026/04/02 03:53:23 PM","Rahim Yar Khan"
"277626","Bushra Saleem","MR-5701","EMDS Call","Road Crash","Minor Injuries","2026/04/02 03:55:17 PM","Rahim Yar Khan"
"277627","Bushra Saleem","MR-5701","EMDS Call","Rescue Operations","Animal/Bird Rescue","2026/04/02 04:01:12 PM","Khanpur"
"277628","Bushra Saleem","MR-5701","EMDS Call","Road Crash","Minor Injuries","2026/04/02 04:09:01 PM","Rahim Yar Khan"
"77527","Muhammad Riaz","DR-654","Direct Call","Patient Transfer Service","N/A","2026/04/02 04:13:35 PM","Sadiqabad"
"277629","Saima Bashir","MR-5819","EMDS Call","Road Crash","Bleeding","2026/04/02 04:12:40 PM","Khanpur"
"277630","Muhammad Riaz","DR-654","EMDS Call","Medical Emergency","Domestic Injuries","2026/04/02 04:15:05 PM","Sadiqabad"
"277631","Muhammad Riaz","DR-654","EMDS Call","Medical Emergency","Abdominal Pain","2026/04/02 04:21:08 PM","Khanpur"
"277632","Saima Bashir","MR-5819","EMDS Call","Road Crash","Bleeding","2026/04/02 04:22:04 PM","Liaqatpur"
"77528","Muhammad Riaz","DR-654","Direct Call","Patient Transfer Service","N/A","2026/04/02 04:26:59 PM","Sadiqabad"
"277633","Muhammad Riaz","DR-654","EMDS Call","Medical Emergency","Vomiting","2026/04/02 04:28:15 PM","Sadiqabad"
"277634","Bushra Saleem","MR-5701","EMDS Call","Medical Emergency","SOB/ Respiratory Distress","2026/04/02 04:30:09 PM","Khanpur"
"277635","Bushra Saleem","MR-5701","EMDS Call","Medical Emergency","Headache","2026/04/02 04:35:34 PM","Rahim Yar Khan"
"277636","Saima Bashir","MR-5819","EMDS Call","Medical Emergency","Vertigo/ Dizziness","2026/04/02 04:35:55 PM","Rahim Yar Khan"
"277638","Saima Bashir","MR-5819","EMDS Call","Medical Emergency","High Fever","2026/04/02 04:47:47 PM","Rahim Yar Khan"
"277637","Muhammad Riaz","DR-654","EMDS Call","Medical Emergency","Abdominal Pain","2026/04/02 04:49:26 PM","Khanpur"
"277639","Muhammad Riaz","DR-654","EMDS Call","Medical Emergency","High Fever","2026/04/02 04:52:21 PM","Rahim Yar Khan"
"277640","Fahad Hussain","DR-538","EMDS Call","Medical Emergency","SOB/ Respiratory Distress","2026/04/02 04:58:10 PM","Rahim Yar Khan"
"277641","Bushra Saleem","MR-5701","EMDS Call","Medical Emergency","SOB/ Respiratory Distress","2026/04/02 04:58:43 PM","Rahim Yar Khan"
"277642","Muhammad Riaz","DR-654","EMDS Call","Road Crash","Bleeding","2026/04/02 05:06:21 PM","Liaqatpur"
"277643","Shahla Nawaz","DR-185","Direct Call","Medical Emergency","Chest Pain","2026/04/02 05:09:10 PM","Sadiqabad"
"277644","Muhammad Riaz","DR-654","EMDS Call","Medical Emergency","SOB/ Respiratory Distress","2026/04/02 05:12:01 PM","Rahim Yar Khan"
"277645","Shahla Nawaz","DR-185","EMDS Call","Medical Emergency","SOB/ Respiratory Distress","2026/04/02 05:24:36 PM","Khanpur"
"277648","Muhammad Riaz","DR-654","Direct Call","Rescue Operations","Others","2026/04/02 05:29:58 PM","Rahim Yar Khan"
"277647","Bushra Saleem","MR-5701","EMDS Call","Medical Emergency","Chronic Illness","2026/04/02 05:28:49 PM","Sadiqabad"
"277646","Shahla Nawaz","DR-185","EMDS Call","Medical Emergency","Abdominal Pain","2026/04/02 05:28:38 PM","Rahim Yar Khan"
"277649","Muhammad Riaz","DR-654","EMDS Call","Medical Emergency","Vomiting","2026/04/02 05:32:20 PM","Liaqatpur"
"277650","Bushra Saleem","MR-5701","EMDS Call","Rescue Operations","Animal/Bird Rescue","2026/04/02 05:30:45 PM","Khanpur"
"277652","Shahla Nawaz","DR-185","EMDS Call","Medical Emergency","Diarrhea","2026/04/02 05:54:44 PM","Rahim Yar Khan"
"277651","Bushra Saleem","MR-5701","EMDS Call","Road Crash","Bleeding","2026/04/02 05:56:19 PM","Khanpur"
"277653","Shahla Nawaz","DR-185","EMDS Call","Medical Emergency","Abdominal Pain","2026/04/02 05:59:46 PM","Sadiqabad"
"77529","Bushra Saleem","MR-5701","Direct Call","Patient Transfer Service","N/A","2026/04/02 06:01:50 PM","Liaqatpur"
"277654","Shahla Nawaz","DR-185","EMDS Call","Medical Emergency","Domestic Injuries","2026/04/02 06:04:04 PM","Rahim Yar Khan"
"277656","Shahla Nawaz","DR-185","EMDS Call","Medical Emergency","Hyperglycemia","2026/04/02 06:09:09 PM","Rahim Yar Khan"
"277655","Bushra Saleem","MR-5701","EMDS Call","Medical Emergency","Vomiting","2026/04/02 06:13:28 PM","Rahim Yar Khan"
"277657","Bushra Saleem","MR-5701","EMDS Call","Road Crash","Minor Injuries","2026/04/02 06:25:28 PM","Rahim Yar Khan"
"277658","Shahla Nawaz","DR-185","EMDS Call","Medical Emergency","Anxiety / Psychiatric Disorder","2026/04/02 06:28:55 PM","Rahim Yar Khan"
"277659","Muhammad Riaz","DR-654","EMDS Call","Medical Emergency","Unconscious","2026/04/02 06:52:59 PM","Liaqatpur"
"277660","Muhammad Riaz","DR-654","EMDS Call","Road Crash","Minor Injuries","2026/04/02 06:55:22 PM","Rahim Yar Khan"
"277661","Muhammad Riaz","DR-654","EMDS Call","Road Crash","Bleeding","2026/04/02 07:03:11 PM","Rahim Yar Khan"
"277661","Muhammad Riaz","DR-654","EMDS Call","Road Crash","Bleeding","2026/04/02 07:03:11 PM","Rahim Yar Khan"
"277662","Bushra Saleem","MR-5701","EMDS Call","Road Crash","Bleeding","2026/04/02 07:01:49 PM","Rahim Yar Khan"
"277663","Muhammad Riaz","DR-654","EMDS Call","Medical Emergency","Joints Pain","2026/04/02 07:05:40 PM","Rahim Yar Khan"
"77530","Saima Bashir","MR-5819","Direct Call","Patient Transfer Service","N/A","2026/04/02 07:07:47 PM","Sadiqabad"
"277664","Bushra Saleem","MR-5701","EMDS Call","Crime","Physical Assault/Violence","2026/04/02 07:09:09 PM","Rahim Yar Khan"
"277665","Muhammad Riaz","DR-654","EMDS Call","Medical Emergency","Gynae Problem","2026/04/02 07:13:05 PM","Sadiqabad"
"277666","Saima Bashir","MR-5819","EMDS Call","Road Crash","Severe Trauma","2026/04/02 07:13:20 PM","Rahim Yar Khan"
"277666","Saima Bashir","MR-5819","EMDS Call","Road Crash","Severe Trauma","2026/04/02 07:13:20 PM","Rahim Yar Khan"
"277666","Saima Bashir","MR-5819","EMDS Call","Road Crash","Severe Trauma","2026/04/02 07:13:20 PM","Rahim Yar Khan"
"277667","Shahla Nawaz","DR-185","EMDS Call","Road Crash","Minor Injuries","2026/04/02 07:16:37 PM","Khanpur"
"277668","Muhammad Riaz","DR-654","EMDS Call","Road Crash","Severe Trauma","2026/04/02 07:18:34 PM","Khanpur"
"277669","Fahad Hussain","DR-538","EMDS Call","Road Crash","Minor Injuries","2026/04/02 07:21:41 PM","Khanpur"
"277670","Shahla Nawaz","DR-185","EMDS Call","Medical Emergency","Gynae Problem","2026/04/02 07:22:44 PM","Sadiqabad"
"277671","Bushra Saleem","MR-5701","EMDS Call","Road Crash","Bleeding","2026/04/02 07:24:45 PM","Rahim Yar Khan"
"277672","Shahla Nawaz","DR-185","EMDS Call","Rescue Operations","Delivery Case","2026/04/02 07:25:06 PM","Rahim Yar Khan"
"77531","Bushra Saleem","MR-5701","Direct Call","Patient Transfer Service","N/A","2026/04/02 07:27:08 PM","Sadiqabad"
"277673","Fahad Hussain","DR-538","EMDS Call","Road Crash","Severe Trauma","2026/04/02 07:30:20 PM","Khanpur"
"277674","Saima Bashir","MR-5819","EMDS Call","Medical Emergency","Joints Pain","2026/04/02 07:38:44 PM","Rahim Yar Khan"
"277676","Fahad Hussain","DR-538","EMDS Call","Medical Emergency","Anxiety / Psychiatric Disorder","2026/04/02 07:41:04 PM","Rahim Yar Khan"
"277675","Bushra Saleem","MR-5701","EMDS Call","Medical Emergency","Joints Pain","2026/04/02 07:41:18 PM","Khanpur"
"77532","Bushra Saleem","MR-5701","Direct Call","Patient Transfer Service","N/A","2026/04/02 07:43:42 PM","Sadiqabad"
"277677","Saima Bashir","MR-5819","EMDS Call","Medical Emergency","Joints Pain","2026/04/02 07:41:44 PM","Sadiqabad"
"277678","Bushra Saleem","MR-5701","EMDS Call","Medical Emergency","Abdominal Pain","2026/04/02 07:46:19 PM","Rahim Yar Khan"
"277679","Bushra Saleem","MR-5701","EMDS Call","Road Crash","Minor Injuries","2026/04/02 07:50:10 PM","Liaqatpur"
"277680","Saima Bashir","MR-5819","EMDS Call","Medical Emergency","Chronic Illness","2026/04/02 07:50:08 PM","Rahim Yar Khan"
"277681","Shahla Nawaz","DR-185","EMDS Call","Medical Emergency","SOB/ Respiratory Distress","2026/04/02 07:52:49 PM","Rahim Yar Khan"
"277682","Bushra Saleem","MR-5701","EMDS Call","Medical Emergency","Anxiety / Psychiatric Disorder","2026/04/02 07:56:37 PM","Sadiqabad"
"277683","Shahla Nawaz","DR-185","EMDS Call","Road Crash","Bleeding","2026/04/02 08:16:08 PM","Khanpur"
"277684","Shahla Nawaz","DR-185","EMDS Call","Medical Emergency","Hypertension","2026/04/02 08:22:28 PM","Rahim Yar Khan"
"277685","Shahla Nawaz","DR-185","EMDS Call","Medical Emergency","SOB/ Respiratory Distress","2026/04/02 08:27:01 PM","Khanpur"
"277686","Bushra Saleem","MR-5701","EMDS Call","Road Crash","Minor Injuries","2026/04/02 08:32:01 PM","Rahim Yar Khan"
"277687","Shahla Nawaz","DR-185","EMDS Call","Medical Emergency","Chest Pain","2026/04/02 08:31:55 PM","Rahim Yar Khan"
"277688","Bushra Saleem","MR-5701","EMDS Call","Medical Emergency","Joints Pain","2026/04/02 08:44:31 PM","Sadiqabad"
"277689","Shahla Nawaz","DR-185","EMDS Call","Medical Emergency","Joints Pain","2026/04/02 08:46:51 PM","Rahim Yar Khan"
"277691","Farah Sadaqat","MR-5930","EMDS Call","Road Crash","Multiple Fractures","2026/04/02 08:59:32 PM","Rahim Yar Khan"
"277690","Maheen Tahir","MR-6017","EMDS Call","Medical Emergency","Chest Pain","2026/04/02 08:59:32 PM","Rahim Yar Khan"
"277692","Farah Sadaqat","MR-5930","EMDS Call","Medical Emergency","Abdominal Pain","2026/04/02 09:04:47 PM","Rahim Yar Khan"
"277693","Saima Bashir","MR-5819","EMDS Call","Medical Emergency","Chest Pain","2026/04/02 09:06:24 PM","Liaqatpur"
"277694","Farah Sadaqat","MR-5930","EMDS Call","Medical Emergency","Abdominal Pain","2026/04/02 09:23:18 PM","Khanpur"
"277695","Maheen Tahir","MR-6017","EMDS Call","Road Crash","Bleeding","2026/04/02 09:34:28 PM","Liaqatpur"
"277696","Farah Sadaqat","MR-5930","EMDS Call","Medical Emergency","Joints Pain","2026/04/02 09:35:22 PM","Rahim Yar Khan"
"277697","Maheen Tahir","MR-6017","EMDS Call","Medical Emergency","Renal Disorders / Renal Colic ","2026/04/02 09:41:45 PM","Rahim Yar Khan"
"77533","Farah Sadaqat","MR-5930","Direct Call","Patient Transfer Service","N/A","2026/04/02 09:44:23 PM","Sadiqabad"
"77534","Farah Sadaqat","MR-5930","Direct Call","Patient Transfer Service","N/A","2026/04/02 09:49:10 PM","Khanpur"
"277699","Faiz Muhyy Ul Din","DR-892","EMDS Call","Medical Emergency","Vertigo/ Dizziness","2026/04/02 09:49:59 PM","Rahim Yar Khan"
"277698","Farah Sadaqat","MR-5930","Direct Call","Road Crash","Minor Injuries","2026/04/02 09:50:36 PM","Liaqatpur"
"277700","Maheen Tahir","MR-6017","EMDS Call","Medical Emergency","SOB/ Respiratory Distress","2026/04/02 09:51:07 PM","Liaqatpur"
"77535","Farah Sadaqat","MR-5930","Direct Call","Patient Transfer Service","N/A","2026/04/02 09:52:55 PM","Khanpur"
"277701","Faiz Muhyy Ul Din","DR-892","EMDS Call","Medical Emergency","Chest Pain","2026/04/02 10:00:44 PM","Sadiqabad"
"277702","Maheen Tahir","MR-6017","EMDS Call","Medical Emergency","Chronic Illness","2026/04/02 10:12:51 PM","Sadiqabad"
"277703","Farah Sadaqat","MR-5930","EMDS Call","Medical Emergency","Anxiety / Psychiatric Disorder","2026/04/02 10:14:21 PM","Rahim Yar Khan"
"277704","Farah Sadaqat","MR-5930","EMDS Call","Medical Emergency","SOB/ Respiratory Distress","2026/04/02 10:17:50 PM","Rahim Yar Khan"
"277705","Farah Sadaqat","MR-5930","EMDS Call","Medical Emergency","SOB/ Respiratory Distress","2026/04/02 10:22:32 PM","Khanpur"
"277706","Farah Sadaqat","MR-5930","EMDS Call","Medical Emergency","Vomiting","2026/04/02 10:33:38 PM","Rahim Yar Khan"
"277707","Faiz Muhyy Ul Din","DR-892","EMDS Call","Medical Emergency","Others","2026/04/02 10:34:07 PM","Sadiqabad"
"277708","Faiz Muhyy Ul Din","DR-892","EMDS Call","Medical Emergency","Chronic Illness","2026/04/02 11:03:59 PM","Khanpur"
"277709","Zahid Manzoor","DR-887","EMDS Call","Rescue Operations","Work/Occupational Injuries","2026/04/02 11:17:30 PM","Sadiqabad"
"277710","Faiz Muhyy Ul Din","DR-892","EMDS Call","Medical Emergency","Others","2026/04/02 11:15:18 PM","Rahim Yar Khan"
"277711","Muhammad Zahid","DR-888","EMDS Call","Medical Emergency","High Fever","2026/04/02 11:28:06 PM","Rahim Yar Khan"
"277712","Muhammad Zahid","DR-888","EMDS Call","Medical Emergency","Vomiting","2026/04/02 11:41:27 PM","Sadiqabad"
"277713","Faiz Muhyy Ul Din","DR-892","EMDS Call","Medical Emergency","Epistaxis/ Nosebleed","2026/04/02 11:48:29 PM","Rahim Yar Khan"
"277714","Zahid Manzoor","DR-887","EMDS Call","Medical Emergency","Others","2026/04/02 11:52:01 PM","Khanpur"
"Not Assigned","Faiz Muhyy Ul Din","DR-892","Direct Call","Patient Transfer Service","N/A","2026/04/02 11:57:40 PM","Liaqatpur"
"77536","Zahid Manzoor","DR-887","Direct Call","Patient Transfer Service","N/A","2026/04/03 12:01:40 AM","Khanpur"
"277715","Muhammad Zahid","DR-888","EMDS Call","Medical Emergency","Abdominal Pain","2026/04/03 12:08:02 AM","Rahim Yar Khan"
"277716","Faiz Muhyy Ul Din","DR-892","EMDS Call","Medical Emergency","Abdominal Pain","2026/04/03 12:09:29 AM","Sadiqabad"
"77538","Zahid Manzoor","DR-887","Direct Call","Patient Transfer Service","N/A","2026/04/03 12:22:02 AM","Sadiqabad"
"277717","Zahid Manzoor","DR-887","EMDS Call","Medical Emergency","Chronic Illness","2026/04/03 12:28:28 AM","Sadiqabad"
"277718","Muhammad Zahid","DR-888","EMDS Call","Medical Emergency","Renal Disorders / Renal Colic ","2026/04/03 12:33:07 AM","Sadiqabad"
"77539","Zahid Manzoor","DR-887","Direct Call","Patient Transfer Service","N/A","2026/04/03 12:37:37 AM","Liaqatpur"
"77540","Zahid Manzoor","DR-887","Direct Call","Patient Transfer Service","N/A","2026/04/03 12:40:21 AM","Sadiqabad"
"277719","Faiz Muhyy Ul Din","DR-892","EMDS Call","Medical Emergency","Chest Pain","2026/04/03 12:54:12 AM","Sadiqabad"
"Not Assigned","Zahid Manzoor","DR-887","EMDS Call","Medical Emergency","Abdominal Pain","2026/04/03 01:02:29 AM","Khanpur"
"277721","Muhammad Zahid","DR-888","EMDS Call","Medical Emergency","Vomiting","2026/04/03 01:13:44 AM","Rahim Yar Khan"
"77541","Faiz Muhyy Ul Din","DR-892","Direct Call","Patient Transfer Service","N/A","2026/04/03 01:33:37 AM","Sadiqabad"
"277722","Faiz Muhyy Ul Din","DR-892","EMDS Call","Crime","Bullet Injury","2026/04/03 01:49:00 AM","Rahim Yar Khan"
"277723","Zahid Manzoor","DR-887","EMDS Call","Medical Emergency","SOB/ Respiratory Distress","2026/04/03 02:06:46 AM","Sadiqabad"
"77542","Zahid Manzoor","DR-887","Direct Call","Patient Transfer Service","N/A","2026/04/03 02:23:16 AM","Liaqatpur"
"77543","Zahid Manzoor","DR-887","Direct Call","Patient Transfer Service","N/A","2026/04/03 03:12:54 AM","Khanpur"
"277724","Muhammad Zahid","DR-888","EMDS Call","Medical Emergency","Vomiting","2026/04/03 03:14:50 AM","Rahim Yar Khan"
"277725","Maheen Tahir","MR-6017","EMDS Call","Rescue Operations","Delivery Case","2026/04/03 03:16:04 AM","Khanpur"
"277726","Maheen Tahir","MR-6017","EMDS Call","Medical Emergency","Abdominal Pain","2026/04/03 03:25:25 AM","Rahim Yar Khan"
"277727","Maheen Tahir","MR-6017","EMDS Call","Medical Emergency","Anxiety / Psychiatric Disorder","2026/04/03 03:52:05 AM","Rahim Yar Khan"
"277728","Farah Sadaqat","MR-5930","EMDS Call","Medical Emergency","Vomiting","2026/04/03 03:57:03 AM","Khanpur"
"277729","Maheen Tahir","MR-6017","EMDS Call","Medical Emergency","Anxiety / Psychiatric Disorder","2026/04/03 04:37:20 AM","Rahim Yar Khan"
"277730","Farah Sadaqat","MR-5930","EMDS Call","Medical Emergency","SOB/ Respiratory Distress","2026/04/03 04:38:09 AM","Khanpur"
"277731","Shaheen Islam","DR-1171","EMDS Call","Medical Emergency","SOB/ Respiratory Distress","2026/04/03 04:51:13 AM","Sadiqabad"
"277732","Shaheen Islam","DR-1171","EMDS Call","Medical Emergency","Hypoglycemia","2026/04/03 04:59:03 AM","Sadiqabad"
"277733","Shaheen Islam","DR-1171","EMDS Call","Medical Emergency","SOB/ Respiratory Distress","2026/04/03 05:09:24 AM","Sadiqabad"
"277734","Farah Sadaqat","MR-5930","EMDS Call","Medical Emergency","SOB/ Respiratory Distress","2026/04/03 06:00:42 AM","Rahim Yar Khan"
"277735","Shaheen Islam","DR-1171","EMDS Call","Medical Emergency","Unconscious","2026/04/03 06:15:05 AM","Rahim Yar Khan"
"77544","Farah Sadaqat","MR-5930","Direct Call","Patient Transfer Service","N/A","2026/04/03 06:34:51 AM","Sadiqabad"
"277736","Maheen Tahir","MR-6017","EMDS Call","Medical Emergency","Vomiting","2026/04/03 06:38:01 AM","Rahim Yar Khan"
"77545","Shaheen Islam","DR-1171","Direct Call","Patient Transfer Service","N/A","2026/04/03 06:43:09 AM","Khanpur"
"77546","Maheen Tahir","MR-6017","Direct Call","Patient Transfer Service","N/A","2026/04/03 06:50:46 AM","Sadiqabad"
"277737","Farah Sadaqat","MR-5930","EMDS Call","Medical Emergency","Renal Disorders / Renal Colic ","2026/04/03 06:54:18 AM","Rahim Yar Khan"
"277738","Maheen Tahir","MR-6017","EMDS Call","Medical Emergency","Chest Pain","2026/04/03 06:54:16 AM","Rahim Yar Khan"
"277739","Maheen Tahir","MR-6017","EMDS Call","Medical Emergency","Vomiting","2026/04/03 07:15:16 AM","Rahim Yar Khan"
"277741","Maheen Tahir","MR-6017","EMDS Call","Medical Emergency","Joints Pain","2026/04/03 07:21:55 AM","Sadiqabad"
"277740","Shaheen Islam","DR-1171","EMDS Call","Medical Emergency","Chest Pain","2026/04/03 07:21:38 AM","Rahim Yar Khan"
"277743","Maheen Tahir","MR-6017","EMDS Call","Rescue Operations","Animal/Bird Rescue","2026/04/03 07:25:26 AM","Liaqatpur"
"277742","Farah Sadaqat","MR-5930","EMDS Call","Medical Emergency","Anxiety / Psychiatric Disorder","2026/04/03 07:28:18 AM","Rahim Yar Khan"
"277744","Farah Sadaqat","MR-5930","EMDS Call","Medical Emergency","Abdominal Pain","2026/04/03 07:45:25 AM","Khanpur"
"277745","Shaheen Islam","DR-1171","EMDS Call","Medical Emergency","Diarrhea","2026/04/03 07:48:45 AM","Sadiqabad"
"277748","Sheeza Barkat","MR-5331","EMDS Call","Medical Emergency","Hypertension","2026/04/03 07:53:03 AM","Sadiqabad"
"277746","Zupasha Zia","MR-5758","EMDS Call","Fire","Short Circuit","2026/04/03 07:53:08 AM","Rahim Yar Khan"
"277747","Nida Rahat","DR-1322","EMDS Call","Medical Emergency","Abdominal Pain","2026/04/03 07:54:53 AM","Rahim Yar Khan"
"277749","Zupasha Zia","MR-5758","EMDS Call","Medical Emergency","Hypertension","2026/04/03 07:57:13 AM","Rahim Yar Khan"
"277750","Nida Rahat","DR-1322","EMDS Call","Medical Emergency","SOB/ Respiratory Distress","2026/04/03 08:12:14 AM","Rahim Yar Khan"
"277751","Muhammad ALi","DR-818","EMDS Call","Medical Emergency","Hyperglycemia","2026/04/03 08:16:43 AM","Rahim Yar Khan"
"277752","Zupasha Zia","MR-5758","EMDS Call","Medical Emergency","Abdominal Pain","2026/04/03 08:16:33 AM","Rahim Yar Khan"
"277753","Muhammad ALi","DR-818","EMDS Call","Road Crash","Bleeding","2026/04/03 08:19:41 AM","Rahim Yar Khan"
"277754","Fahad Hussain","DR-538","EMDS Call","Medical Emergency","Chronic Illness","2026/04/03 08:33:13 AM","Rahim Yar Khan"
"277755","Zia ul Haq","DR-328","EMDS Call","Medical Emergency","Chronic Illness","2026/04/03 08:49:45 AM","Liaqatpur"
"277756","Fahad Hussain","DR-538","EMDS Call","Medical Emergency","Anxiety / Psychiatric Disorder","2026/04/03 09:05:04 AM","Rahim Yar Khan"
"277757","Sheeza Barkat","MR-5331","EMDS Call","Medical Emergency","Abdominal Pain","2026/04/03 09:11:21 AM","Rahim Yar Khan"
"277758","Muhammad ALi","DR-818","EMDS Call","Road Crash","Severe Trauma","2026/04/03 09:15:51 AM","Rahim Yar Khan"
"277759","Sheeza Barkat","MR-5331","EMDS Call","Medical Emergency","Hypertension","2026/04/03 09:27:33 AM","Rahim Yar Khan"
"277760","Muhammad ALi","DR-818","EMDS Call","Medical Emergency","Chronic Illness","2026/04/03 09:36:45 AM","Rahim Yar Khan"
"277761","Muhammad ALi","DR-818","EMDS Call","Medical Emergency","SOB/ Respiratory Distress","2026/04/03 09:45:36 AM","Rahim Yar Khan"
"277762","Sheeza Barkat","MR-5331","EMDS Call","Medical Emergency","Domestic Injuries","2026/04/03 09:46:14 AM","Khanpur"
"277763","Nida Rahat","DR-1322","EMDS Call","Medical Emergency","Domestic Injuries","2026/04/03 09:49:45 AM","Rahim Yar Khan"
"277764","Muhammad AAmar","DR-915","EMDS Call","Medical Emergency","Vomiting","2026/04/03 09:50:31 AM","Liaqatpur"
"277765","Muhammad ALi","DR-818","EMDS Call","Medical Emergency","Abdominal Pain","2026/04/03 09:52:23 AM","Rahim Yar Khan"
"277766","Muhammad AAmar","DR-915","EMDS Call","Medical Emergency","Vomiting","2026/04/03 09:55:05 AM","Rahim Yar Khan"
"277768","Sheeza Barkat","MR-5331","EMDS Call","Medical Emergency","Renal Disorders / Renal Colic ","2026/04/03 10:05:30 AM","Rahim Yar Khan"
"277767","Muhammad ALi","DR-818","EMDS Call","Medical Emergency","High Fever","2026/04/03 10:04:28 AM","Rahim Yar Khan"
"277769","Shahid Jamil","DR-184","EMDS Call","Medical Emergency","Vertigo/ Dizziness","2026/04/03 10:04:19 AM","Rahim Yar Khan"
"277770","Muhammad AAmar","DR-915","EMDS Call","Medical Emergency","SOB/ Respiratory Distress","2026/04/03 10:09:24 AM","Sadiqabad"
"277771","Muhammad ALi","DR-818","EMDS Call","Medical Emergency","Abdominal Pain","2026/04/03 10:11:16 AM","Sadiqabad"
"277772","Nida Rahat","DR-1322","EMDS Call","Road Crash","Bleeding","2026/04/03 10:17:38 AM","Khanpur"
"277774","Nida Rahat","DR-1322","EMDS Call","Medical Emergency","Joints Pain","2026/04/03 10:39:08 AM","Rahim Yar Khan"
"277773","Shahid Jamil","DR-184","EMDS Call","Rescue Operations","Delivery Case","2026/04/03 10:40:24 AM","Sadiqabad"
"77547","Muhammad ALi","DR-818","Direct Call","Patient Transfer Service","N/A","2026/04/03 10:41:35 AM","Khanpur"
"277775","Nida Rahat","DR-1322","EMDS Call","Road Crash","Bleeding","2026/04/03 10:44:30 AM","Sadiqabad"
"277776","Nida Rahat","DR-1322","Direct Call","Rescue Operations","Mass Event Coverage","2026/04/03 10:57:43 AM","Liaqatpur"
"277778","Sheeza Barkat","MR-5331","EMDS Call","Medical Emergency","Abdominal Pain","2026/04/03 10:57:47 AM","Rahim Yar Khan"
"277777","Nida Rahat","DR-1322","EMDS Call","Medical Emergency","Vertigo/ Dizziness","2026/04/03 10:59:52 AM","Sadiqabad"
"277781","Muhammad ALi","DR-818","EMDS Call","Road Crash","Bleeding","2026/04/03 11:00:41 AM","Rahim Yar Khan"
"277779","Nida Rahat","DR-1322","EMDS Call","Road Crash","Minor Injuries","2026/04/03 11:02:47 AM","Sadiqabad"
"277780","Shahid Jamil","DR-184","EMDS Call","Medical Emergency","Chronic Illness","2026/04/03 11:01:30 AM","Liaqatpur"
"277782","Sheeza Barkat","MR-5331","EMDS Call","Medical Emergency","Vomiting","2026/04/03 11:03:00 AM","Sadiqabad"
"277784","Nida Rahat","DR-1322","EMDS Call","Medical Emergency","Joints Pain","2026/04/03 11:05:12 AM","Khanpur"
"277785","Sheeza Barkat","MR-5331","EMDS Call","Fire","Others","2026/04/03 11:09:18 AM","Rahim Yar Khan"
"277786","Muhammad ALi","DR-818","EMDS Call","Road Crash","Minor Injuries","2026/04/03 11:19:04 AM","Rahim Yar Khan"
"277787","Nida Rahat","DR-1322","EMDS Call","Road Crash","Minor Injuries","2026/04/03 11:20:57 AM","Rahim Yar Khan"
"277788","Sheeza Barkat","MR-5331","EMDS Call","Medical Emergency","Hypoglycemia","2026/04/03 11:25:08 AM","Sadiqabad"
"277789","Nida Rahat","DR-1322","EMDS Call","Road Crash","Bleeding","2026/04/03 11:34:54 AM","Rahim Yar Khan"
"277790","Nida Rahat","DR-1322","EMDS Call","Medical Emergency","Vomiting","2026/04/03 11:40:32 AM","Khanpur"
"277791","Nida Rahat","DR-1322","EMDS Call","Road Crash","Bleeding","2026/04/03 11:43:22 AM","Liaqatpur"
"277792","Muhammad ALi","DR-818","EMDS Call","Rescue Operations","Animal/Bird Rescue","2026/04/03 11:44:26 AM","Rahim Yar Khan"
"277793","Muhammad AAmar","DR-915","Direct Call","Medical Emergency","Allergy","2026/04/03 11:54:03 AM","Rahim Yar Khan"
"277794","Zupasha Zia","MR-5758","EMDS Call","Medical Emergency","Renal Disorders / Renal Colic ","2026/04/03 11:55:18 AM","Khanpur"
"277795","Muhammad AAmar","DR-915","EMDS Call","Medical Emergency","Headache","2026/04/03 12:08:46 PM","Khanpur"
"277796","Muhammad ALi","DR-818","EMDS Call","Road Crash","Minor Injuries","2026/04/03 12:11:53 PM","Rahim Yar Khan"
"277797","Zupasha Zia","MR-5758","EMDS Call","Medical Emergency","High Fever","2026/04/03 12:21:12 PM","Liaqatpur"
"277798","Muhammad ALi","DR-818","EMDS Call","Medical Emergency","Renal Disorders / Renal Colic ","2026/04/03 12:22:28 PM","Rahim Yar Khan"
"277799","Muhammad AAmar","DR-915","EMDS Call","Medical Emergency","Diabetic","2026/04/03 12:30:07 PM","Rahim Yar Khan"
"277800","Zupasha Zia","MR-5758","EMDS Call","Medical Emergency","Joints Pain","2026/04/03 12:30:29 PM","Rahim Yar Khan"
"277801","Zupasha Zia","MR-5758","EMDS Call","Medical Emergency","SOB/ Respiratory Distress","2026/04/03 12:37:02 PM","Khanpur"
"277802","Muhammad ALi","DR-818","EMDS Call","Medical Emergency","Gynae Problem","2026/04/03 12:38:09 PM","Khanpur"
"77548","Nida Rahat","DR-1322","Direct Call","Patient Transfer Service","N/A","2026/04/03 12:42:17 PM","Sadiqabad"
"77549","Nida Rahat","DR-1322","Direct Call","Patient Transfer Service","N/A","2026/04/03 12:47:09 PM","Sadiqabad"
"277803","Zupasha Zia","MR-5758","EMDS Call","Road Crash","Bleeding","2026/04/03 12:47:03 PM","Rahim Yar Khan"
"277804","Nida Rahat","DR-1322","EMDS Call","Medical Emergency","Backache","2026/04/03 12:49:39 PM","Sadiqabad"
"277805","Muhammad ALi","DR-818","EMDS Call","Medical Emergency","Vertigo/ Dizziness","2026/04/03 01:19:46 PM","Sadiqabad"
"77550","Zupasha Zia","MR-5758","Direct Call","Patient Transfer Service","N/A","2026/04/03 01:23:51 PM","Khanpur"
"77551","Zupasha Zia","MR-5758","Direct Call","Patient Transfer Service","N/A","2026/04/03 01:35:56 PM","Khanpur"
"277806","Aasia Batool","MR-5198","EMDS Call","Medical Emergency","Hypertension","2026/04/03 01:37:59 PM","Rahim Yar Khan"
"277807","Zupasha Zia","MR-5758","EMDS Call","Road Crash","Minor Injuries","2026/04/03 01:49:24 PM","Rahim Yar Khan"
"277808","Aasia Batool","MR-5198","EMDS Call","Medical Emergency","Abdominal Pain","2026/04/03 01:55:27 PM","Khanpur"
"277810","Rana M. Usman","DR-200","EMDS Call","Medical Emergency","Backache","2026/04/03 02:03:35 PM","Khanpur"
"277809","Muhammad Fiaz","DR-206","EMDS Call","Medical Emergency","Joints Pain","2026/04/03 02:03:37 PM","Rahim Yar Khan"
"277811","Bushra Saleem","MR-5701","EMDS Call","Medical Emergency","Domestic Injuries","2026/04/03 02:08:14 PM","Rahim Yar Khan"
"277812","Muhammad Fiaz","DR-206","EMDS Call","Medical Emergency","Unconscious","2026/04/03 02:11:40 PM","Rahim Yar Khan"
"277813","Bushra Saleem","MR-5701","EMDS Call","Medical Emergency","Hypertension","2026/04/03 02:11:10 PM","Rahim Yar Khan"
"277814","Muhammad Fiaz","DR-206","EMDS Call","Medical Emergency","SOB/ Respiratory Distress","2026/04/03 02:22:01 PM","Sadiqabad"
"277819","Bushra Saleem","MR-5701","EMDS Call","Medical Emergency","Chest Pain","2026/04/03 02:19:55 PM","Liaqatpur"
"277816","Rana M. Usman","DR-200","EMDS Call","Road Crash","Minor Injuries","2026/04/03 02:23:42 PM","Rahim Yar Khan"
"277815","Muhammad Fiaz","DR-206","EMDS Call","Medical Emergency","Joints Pain","2026/04/03 02:24:27 PM","Sadiqabad"
"277818","Rana M. Usman","DR-200","EMDS Call","Medical Emergency","Epilepsy","2026/04/03 02:26:30 PM","Sadiqabad"
"277817","Muhammad Fiaz","DR-206","EMDS Call","Medical Emergency","Chest Pain","2026/04/03 02:26:02 PM","Khanpur"
"277820","Bushra Saleem","MR-5701","EMDS Call","Medical Emergency","Abdominal Pain","2026/04/03 02:30:52 PM","Rahim Yar Khan"
"77552","Rana M. Usman","DR-200","Direct Call","Patient Transfer Service","N/A","2026/04/03 02:32:26 PM","Liaqatpur"
"277821","Rana M. Usman","DR-200","EMDS Call","Medical Emergency","High Fever","2026/04/03 02:33:25 PM","Rahim Yar Khan"
"277822","Bushra Saleem","MR-5701","EMDS Call","Rescue Operations","Animal/Bird Rescue","2026/04/03 02:35:18 PM","Rahim Yar Khan"
"277823","Shahid Jamil","DR-184","EMDS Call","Medical Emergency","Joints Pain","2026/04/03 02:37:27 PM","Rahim Yar Khan"
"277824","Muhammad Fiaz","DR-206","EMDS Call","Medical Emergency","Hypoglycemia","2026/04/03 02:41:02 PM","Sadiqabad"
"77553","Rana M. Usman","DR-200","Direct Call","Patient Transfer Service","N/A","2026/04/03 02:41:58 PM","Liaqatpur"
"277825","Rana M. Usman","DR-200","EMDS Call","Medical Emergency","Abdominal Pain","2026/04/03 02:41:53 PM","Sadiqabad"
"277826","Muhammad Fiaz","DR-206","Direct Call","Rescue Operations","Mass Event Coverage","2026/04/03 02:45:55 PM","Rahim Yar Khan"
"277827","Muhammad Fiaz","DR-206","EMDS Call","Medical Emergency","Joints Pain","2026/04/03 02:47:28 PM","Khanpur"
"277829","Muhammad Fiaz","DR-206","EMDS Call","Medical Emergency","Anxiety / Psychiatric Disorder","2026/04/03 02:51:42 PM","Rahim Yar Khan"
"277828","Rana M. Usman","DR-200","EMDS Call","Road Crash","Minor Injuries","2026/04/03 02:51:30 PM","Liaqatpur"
"277830","Rana M. Usman","DR-200","EMDS Call","Fire","Others","2026/04/03 02:56:19 PM","Sadiqabad"
"277831","Bushra Saleem","MR-5701","EMDS Call","Medical Emergency","Chest Pain","2026/04/03 03:02:32 PM","Liaqatpur"
"77554","Muhammad Fiaz","DR-206","Direct Call","Patient Transfer Service","N/A","2026/04/03 03:05:11 PM","Sadiqabad"
"277832","Shahla Nawaz","DR-185","EMDS Call","Medical Emergency","Vomiting","2026/04/03 03:06:05 PM","Sadiqabad"
"277833","Muhammad Fiaz","DR-206","EMDS Call","Medical Emergency","Chest Pain","2026/04/03 03:07:37 PM","Rahim Yar Khan"
"277834","Shahla Nawaz","DR-185","EMDS Call","Medical Emergency","Vertigo/ Dizziness","2026/04/03 03:09:32 PM","Rahim Yar Khan"
"277835","Shahla Nawaz","DR-185","EMDS Call","Medical Emergency","High Fever","2026/04/03 03:19:54 PM","Sadiqabad"
"277836","Muhammad Fiaz","DR-206","EMDS Call","Medical Emergency","Hypertension","2026/04/03 03:22:11 PM","Rahim Yar Khan"
"277837","Muhammad Fiaz","DR-206","EMDS Call","Medical Emergency","Chest Pain","2026/04/03 03:31:49 PM","Rahim Yar Khan"
"277838","Saima Bashir","MR-5819","EMDS Call","Medical Emergency","Hypertension","2026/04/03 03:38:43 PM","Rahim Yar Khan"
"277839","Saima Bashir","MR-5819","EMDS Call","Medical Emergency","Abdominal Pain","2026/04/03 03:50:40 PM","Rahim Yar Khan"
"277840","Muhammad Fiaz","DR-206","EMDS Call","Medical Emergency","Chest Pain","2026/04/03 03:54:30 PM","Sadiqabad"
"277841","Saima Bashir","MR-5819","EMDS Call","Medical Emergency","Vomiting","2026/04/03 03:55:13 PM","Sadiqabad"
"277842","Shahla Nawaz","DR-185","Direct Call","Rescue Operations","Mass Event Coverage","2026/04/03 03:59:50 PM","Rahim Yar Khan"
"277843","Bushra Saleem","MR-5701","EMDS Call","Road Crash","Bleeding","2026/04/03 04:01:25 PM","Rahim Yar Khan"
"277844","Shahla Nawaz","DR-185","Direct Call","Rescue Operations","Mass Event Coverage","2026/04/03 04:01:52 PM","Sadiqabad"
"277845","Muhammad Fiaz","DR-206","EMDS Call","Medical Emergency","Hypertension","2026/04/03 04:04:44 PM","Sadiqabad"
"277846","Shahla Nawaz","DR-185","EMDS Call","Medical Emergency","Joints Pain","2026/04/03 04:05:37 PM","Rahim Yar Khan"
"277847","Shahla Nawaz","DR-185","EMDS Call","Road Crash","Minor Injuries","2026/04/03 04:26:13 PM","Liaqatpur"
"277848","Saima Bashir","MR-5819","EMDS Call","Medical Emergency","Anxiety / Psychiatric Disorder","2026/04/03 04:32:36 PM","Rahim Yar Khan"
"277850","Shahla Nawaz","DR-185","EMDS Call","Medical Emergency","Joints Pain","2026/04/03 04:32:35 PM","Rahim Yar Khan"
"277849","Muhammad Fiaz","DR-206","EMDS Call","Medical Emergency","Vomiting","2026/04/03 04:36:02 PM","Rahim Yar Khan"
"277851","Shahla Nawaz","DR-185","EMDS Call","Medical Emergency","CVA/Stroke","2026/04/03 04:40:55 PM","Rahim Yar Khan"
"277852","Bushra Saleem","MR-5701","EMDS Call","Medical Emergency","Vomiting","2026/04/03 04:43:09 PM","Sadiqabad"
"277853","Muhammad Fiaz","DR-206","EMDS Call","Medical Emergency","Unconscious","2026/04/03 04:44:48 PM","Rahim Yar Khan"
"277854","Bushra Saleem","MR-5701","EMDS Call","Medical Emergency","Urinary Retention","2026/04/03 04:47:10 PM","Liaqatpur"
"277855","Saima Bashir","MR-5819","EMDS Call","Road Crash","Minor Injuries","2026/04/03 04:53:51 PM","Rahim Yar Khan"
"277856","Muhammad Fiaz","DR-206","EMDS Call","Medical Emergency","Vomiting","2026/04/03 04:55:26 PM","Khanpur"
"277857","Bushra Saleem","MR-5701","EMDS Call","Medical Emergency","SOB/ Respiratory Distress","2026/04/03 04:55:47 PM","Sadiqabad"
"277858","Muhammad Fiaz","DR-206","EMDS Call","Fire","Short Circuit","2026/04/03 04:58:53 PM","Khanpur"
"77555","Saima Bashir","MR-5819","Direct Call","Patient Transfer Service","N/A","2026/04/03 05:04:36 PM","Khanpur"
"277859","Saima Bashir","MR-5819","EMDS Call","Medical Emergency","Joints Pain","2026/04/03 05:06:29 PM","Rahim Yar Khan"
"77556","Muhammad Fiaz","DR-206","Direct Call","Patient Transfer Service","N/A","2026/04/03 05:12:19 PM","Sadiqabad"
"277860","Bushra Saleem","MR-5701","EMDS Call","Medical Emergency","Domestic Injuries","2026/04/03 05:12:06 PM","Rahim Yar Khan"
"277861","Saima Bashir","MR-5819","EMDS Call","Medical Emergency","Joints Pain","2026/04/03 05:11:52 PM","Sadiqabad"
"277862","Muhammad Fiaz","DR-206","EMDS Call","Medical Emergency","Hypertension","2026/04/03 05:14:24 PM","Rahim Yar Khan"
"277863","Shahla Nawaz","DR-185","EMDS Call","Medical Emergency","Abdominal Pain","2026/04/03 05:22:25 PM","Rahim Yar Khan"
"277864","Saima Bashir","MR-5819","EMDS Call","Medical Emergency","Joints Pain","2026/04/03 05:23:50 PM","Rahim Yar Khan"
"277865","Bushra Saleem","MR-5701","EMDS Call","Medical Emergency","Hypoglycemia","2026/04/03 05:32:28 PM","Sadiqabad"
"277866","Saima Bashir","MR-5819","EMDS Call","Medical Emergency","Domestic Injuries","2026/04/03 05:37:06 PM","Rahim Yar Khan"
"277867","Bushra Saleem","MR-5701","EMDS Call","Medical Emergency","Chest Pain","2026/04/03 05:39:12 PM","Khanpur"
"277868","Saima Bashir","MR-5819","EMDS Call","Medical Emergency","High Fever","2026/04/03 05:43:32 PM","Rahim Yar Khan"
"277869","Bushra Saleem","MR-5701","EMDS Call","Medical Emergency","SOB/ Respiratory Distress","2026/04/03 05:49:23 PM","Rahim Yar Khan"
"277870","Bushra Saleem","MR-5701","EMDS Call","Medical Emergency","High Fever","2026/04/03 05:52:27 PM","Rahim Yar Khan"
"277871","Saima Bashir","MR-5819","EMDS Call","Medical Emergency","Vomiting","2026/04/03 05:57:50 PM","Liaqatpur"
"277872","Bushra Saleem","MR-5701","EMDS Call","Medical Emergency","Joints Pain","2026/04/03 06:03:45 PM","Sadiqabad"
"277873","Bushra Saleem","MR-5701","EMDS Call","Medical Emergency","High Fever","2026/04/03 06:09:14 PM","Liaqatpur"
"277874","Muhammad Fiaz","DR-206","EMDS Call","Medical Emergency","High Fever","2026/04/03 06:23:33 PM","Khanpur"
"277875","Saima Bashir","MR-5819","EMDS Call","Medical Emergency","Backache","2026/04/03 06:29:35 PM","Sadiqabad"
"277876","Muhammad Fiaz","DR-206","EMDS Call","Medical Emergency","Abdominal Pain","2026/04/03 06:37:10 PM","Khanpur"
"277877","Bushra Saleem","MR-5701","EMDS Call","Road Crash","Bleeding","2026/04/03 06:54:03 PM","Rahim Yar Khan"
"277878","Bushra Saleem","MR-5701","EMDS Call","Road Crash","Minor Injuries","2026/04/03 06:56:25 PM","Rahim Yar Khan"
"77557","Saima Bashir","MR-5819","Direct Call","Patient Transfer Service","N/A","2026/04/03 07:06:29 PM","Sadiqabad"
"277879","Muhammad Fiaz","DR-206","EMDS Call","Medical Emergency","Hypertension","2026/04/03 07:05:42 PM","Khanpur"
"77558","Saima Bashir","MR-5819","Direct Call","Patient Transfer Service","N/A","2026/04/03 07:12:51 PM","Sadiqabad"
"277880","Bushra Saleem","MR-5701","EMDS Call","Medical Emergency","Vertigo/ Dizziness","2026/04/03 07:12:23 PM","Rahim Yar Khan"
"277881","Bushra Saleem","MR-5701","EMDS Call","Medical Emergency","Abdominal Pain","2026/04/03 07:14:15 PM","Khanpur"
"277882","Saima Bashir","MR-5819","EMDS Call","Medical Emergency","SOB/ Respiratory Distress","2026/04/03 07:16:42 PM","Liaqatpur"
"277883","Bushra Saleem","MR-5701","EMDS Call","Medical Emergency","SOB/ Respiratory Distress","2026/04/03 07:20:06 PM","Sadiqabad"
"277884","Muhammad Fiaz","DR-206","EMDS Call","Road Crash","Bleeding","2026/04/03 07:21:54 PM","Rahim Yar Khan"
"277885","Saima Bashir","MR-5819","EMDS Call","Medical Emergency","Abdominal Pain","2026/04/03 07:21:36 PM","Sadiqabad"
"277886","Saima Bashir","MR-5819","EMDS Call","Medical Emergency","Hypertension","2026/04/03 07:26:10 PM","Rahim Yar Khan"
"277887","Bushra Saleem","MR-5701","EMDS Call","Road Crash","Bleeding","2026/04/03 07:28:34 PM","Rahim Yar Khan"
"277887","Bushra Saleem","MR-5701","EMDS Call","Road Crash","Bleeding","2026/04/03 07:28:34 PM","Rahim Yar Khan"
"277888","Muhammad Fiaz","DR-206","EMDS Call","Medical Emergency","Hypertension","2026/04/03 07:31:05 PM","Rahim Yar Khan"
"277889","Saima Bashir","MR-5819","EMDS Call","Medical Emergency","Vomiting","2026/04/03 07:32:40 PM","Rahim Yar Khan"
"277890","Bushra Saleem","MR-5701","EMDS Call","Medical Emergency","SOB/ Respiratory Distress","2026/04/03 07:33:44 PM","Sadiqabad"
"277891","Saima Bashir","MR-5819","EMDS Call","Rescue Operations","Vehicle Extrication","2026/04/03 07:42:17 PM","Rahim Yar Khan"
"277892","Muhammad Fiaz","DR-206","EMDS Call","Road Crash","Bleeding","2026/04/03 07:44:58 PM","Sadiqabad"
"277893","Bushra Saleem","MR-5701","EMDS Call","Medical Emergency","Vomiting","2026/04/03 07:54:10 PM","Rahim Yar Khan"
"277894","Muhammad Fiaz","DR-206","EMDS Call","Medical Emergency","Hypertension","2026/04/03 07:56:24 PM","Rahim Yar Khan"
"277896","Bushra Saleem","MR-5701","EMDS Call","Medical Emergency","Abdominal Pain","2026/04/03 08:19:59 PM","Liaqatpur"
"277895","Bushra Saleem","MR-5701","EMDS Call","Medical Emergency","SOB/ Respiratory Distress","2026/04/03 08:26:29 PM","Liaqatpur"
"277902","Bushra Saleem","MR-5701","EMDS Call","Medical Emergency","Unconscious","2026/04/03 08:30:19 PM","Rahim Yar Khan"
"277897","Muhammad Fiaz","DR-206","EMDS Call","Medical Emergency","Abdominal Pain","2026/04/03 08:33:56 PM","Sadiqabad"
"277898","Bushra Saleem","MR-5701","EMDS Call","Medical Emergency","Hyperglycemia","2026/04/03 08:38:49 PM","Khanpur"
"277899","Saima Bashir","MR-5819","EMDS Call","Medical Emergency","Gynae Problem","2026/04/03 08:40:12 PM","Rahim Yar Khan"
"277900","Bushra Saleem","MR-5701","EMDS Call","Medical Emergency","Abdominal Pain","2026/04/03 08:41:16 PM","Khanpur"
"277901","Muhammad Fiaz","DR-206","EMDS Call","Medical Emergency","Vomiting","2026/04/03 08:50:50 PM","Sadiqabad"
"277903","Muhammad Fiaz","DR-206","EMDS Call","Medical Emergency","Abdominal Pain","2026/04/03 08:53:38 PM","Sadiqabad"
"277904","Maheen Tahir","MR-6017","EMDS Call","Medical Emergency","SOB/ Respiratory Distress","2026/04/03 08:54:05 PM","Rahim Yar Khan"
"77559","Farah Sadaqat","MR-5930","Direct Call","Patient Transfer Service","N/A","2026/04/03 08:56:58 PM","Liaqatpur"
"277905","Muhammad Tariq Hameed","DR-885","EMDS Call","Medical Emergency","Hypertension","2026/04/03 09:00:56 PM","Rahim Yar Khan"
"277906","Muhammad Tariq Hameed","DR-885","EMDS Call","Medical Emergency","SOB/ Respiratory Distress","2026/04/03 09:11:29 PM","Liaqatpur"
"277907","Maheen Tahir","MR-6017","EMDS Call","Medical Emergency","Anxiety / Psychiatric Disorder","2026/04/03 09:13:30 PM","Sadiqabad"
"77560","Farah Sadaqat","MR-5930","Direct Call","Patient Transfer Service","N/A","2026/04/03 09:16:22 PM","Khanpur"
"277908","Farah Sadaqat","MR-5930","EMDS Call","Medical Emergency","Hypertension","2026/04/03 09:23:48 PM","Rahim Yar Khan"
"277909","Maheen Tahir","MR-6017","EMDS Call","Medical Emergency","High Fever","2026/04/03 09:23:37 PM","Rahim Yar Khan"
"277910","Farah Sadaqat","MR-5930","EMDS Call","Medical Emergency","Domestic Injuries","2026/04/03 09:32:18 PM","Rahim Yar Khan"
"277911","Maheen Tahir","MR-6017","EMDS Call","Rescue Operations","Vehicle Extrication","2026/04/03 09:38:03 PM","Rahim Yar Khan"
"277913","Muhammad Tariq Hameed","DR-885","EMDS Call","Medical Emergency","Vertigo/ Dizziness","2026/04/03 09:40:34 PM","Rahim Yar Khan"
"277912","Maheen Tahir","MR-6017","EMDS Call","Medical Emergency","Abdominal Pain","2026/04/03 09:41:43 PM","Sadiqabad"
"277914","Maheen Tahir","MR-6017","EMDS Call","Medical Emergency","Joints Pain","2026/04/03 09:46:03 PM","Rahim Yar Khan"
"277915","Maheen Tahir","MR-6017","EMDS Call","Medical Emergency","Chronic Illness","2026/04/03 09:57:56 PM","Rahim Yar Khan"
"277916","Farah Sadaqat","MR-5930","EMDS Call","Road Crash","Bleeding","2026/04/03 09:57:49 PM","Rahim Yar Khan"
"277917","Muhammad Tariq Hameed","DR-885","EMDS Call","Medical Emergency","Urinary Retention","2026/04/03 10:06:07 PM","Rahim Yar Khan"
"277918","Maheen Tahir","MR-6017","EMDS Call","Medical Emergency","Renal Disorders / Renal Colic ","2026/04/03 10:08:37 PM","Sadiqabad"
"277919","Maheen Tahir","MR-6017","EMDS Call","Road Crash","Minor Injuries","2026/04/03 10:16:25 PM","Liaqatpur"
"277920","Farah Sadaqat","MR-5930","EMDS Call","Rescue Operations","Delivery Case","2026/04/03 10:19:04 PM","Rahim Yar Khan"
"77561","Maheen Tahir","MR-6017","Direct Call","Patient Transfer Service","N/A","2026/04/03 10:23:40 PM","Sadiqabad"
"277921","Farah Sadaqat","MR-5930","EMDS Call","Medical Emergency","SOB/ Respiratory Distress","2026/04/03 10:32:44 PM","Rahim Yar Khan"
"277922","Maheen Tahir","MR-6017","EMDS Call","Medical Emergency","Chest Pain","2026/04/03 10:35:25 PM","Sadiqabad"
"277923","Maheen Tahir","MR-6017","EMDS Call","Rescue Operations","Vehicle Extrication","2026/04/03 10:40:26 PM","Rahim Yar Khan"
"277924","Muhammad Tariq Hameed","DR-885","EMDS Call","Medical Emergency","Anxiety / Psychiatric Disorder","2026/04/03 10:40:14 PM","Rahim Yar Khan"
"277925","Maheen Tahir","MR-6017","EMDS Call","Medical Emergency","Chest Pain","2026/04/03 10:52:02 PM","Sadiqabad"
"277926","Farah Sadaqat","MR-5930","EMDS Call","Road Crash","Bleeding","2026/04/03 10:52:42 PM","Rahim Yar Khan"
"277927","Muhammad Tariq Hameed","DR-885","EMDS Call","Medical Emergency","Abdominal Pain","2026/04/03 11:17:22 PM","Liaqatpur"
"277928","Faiz Muhyy Ul Din","DR-892","EMDS Call","Medical Emergency","Renal Disorders / Renal Colic ","2026/04/03 11:17:52 PM","Sadiqabad"
"277929","Saqib Nasim","DR-197","EMDS Call","Medical Emergency","Epilepsy","2026/04/03 11:18:28 PM","Khanpur"
"277930","Muhammad Tariq Hameed","DR-885","EMDS Call","Medical Emergency","Unconscious","2026/04/03 11:23:08 PM","Khanpur"
"277931","Saqib Nasim","DR-197","EMDS Call","Medical Emergency","Vomiting","2026/04/03 11:32:18 PM","Rahim Yar Khan"
"277932","Muhammad Tariq Hameed","DR-885","EMDS Call","Medical Emergency","SOB/ Respiratory Distress","2026/04/03 11:36:53 PM","Rahim Yar Khan"
"277933","Faiz Muhyy Ul Din","DR-892","EMDS Call","Medical Emergency","Anxiety / Psychiatric Disorder","2026/04/03 11:38:58 PM","Rahim Yar Khan"
"277934","Faiz Muhyy Ul Din","DR-892","EMDS Call","Medical Emergency","High Fever","2026/04/03 11:53:00 PM","Rahim Yar Khan"
"77562","Saqib Nasim","DR-197","Direct Call","Patient Transfer Service","N/A","2026/04/04 12:03:59 AM","Sadiqabad"
"277935","Faiz Muhyy Ul Din","DR-892","EMDS Call","Medical Emergency","SOB/ Respiratory Distress","2026/04/04 12:03:27 AM","Khanpur"
"277936","Saqib Nasim","DR-197","EMDS Call","Medical Emergency","Joints Pain","2026/04/04 12:10:42 AM","Rahim Yar Khan"
"277937","Muhammad Tariq Hameed","DR-885","EMDS Call","Medical Emergency","Vertigo/ Dizziness","2026/04/04 12:13:52 AM","Rahim Yar Khan"
"277938","Faiz Muhyy Ul Din","DR-892","EMDS Call","Medical Emergency","SOB/ Respiratory Distress","2026/04/04 12:15:38 AM","Rahim Yar Khan"
"277939","Faiz Muhyy Ul Din","DR-892","EMDS Call","Medical Emergency","Unconscious","2026/04/04 12:20:56 AM","Rahim Yar Khan"
"277940","Saqib Nasim","DR-197","EMDS Call","Medical Emergency","Abdominal Pain","2026/04/04 12:24:55 AM","Khanpur"
"277941","Muhammad Tariq Hameed","DR-885","EMDS Call","Medical Emergency","Domestic Injuries","2026/04/04 12:29:25 AM","Liaqatpur"
"277942","Saqib Nasim","DR-197","EMDS Call","Medical Emergency","High Fever","2026/04/04 12:44:00 AM","Rahim Yar Khan"
"277943","Saqib Nasim","DR-197","EMDS Call","Medical Emergency","Domestic Injuries","2026/04/04 01:43:48 AM","Rahim Yar Khan"
"277944","Muhammad Tariq Hameed","DR-885","EMDS Call","Medical Emergency","Chest Pain","2026/04/04 01:53:13 AM","Rahim Yar Khan"
"277945","Faiz Muhyy Ul Din","DR-892","EMDS Call","Medical Emergency","Vomiting","2026/04/04 02:05:56 AM","Rahim Yar Khan"
"277947","Muhammad Tariq Hameed","DR-885","EMDS Call","Medical Emergency","Hypertension","2026/04/04 02:14:18 AM","Liaqatpur"
"277946","Faiz Muhyy Ul Din","DR-892","EMDS Call","Medical Emergency","Unconscious","2026/04/04 02:14:30 AM","Rahim Yar Khan"
"77563","Faiz Muhyy Ul Din","DR-892","Direct Call","Patient Transfer Service","N/A","2026/04/04 02:17:29 AM","Sadiqabad"
"277948","Saqib Nasim","DR-197","EMDS Call","Medical Emergency","High Fever","2026/04/04 02:16:41 AM","Rahim Yar Khan"
"277949","Muhammad Tariq Hameed","DR-885","EMDS Call","Medical Emergency","Anxiety / Psychiatric Disorder","2026/04/04 02:18:34 AM","Rahim Yar Khan"
"277950","Faiz Muhyy Ul Din","DR-892","Direct Call","Medical Emergency","Joints Pain","2026/04/04 02:22:53 AM","Rahim Yar Khan"
"277951","Muhammad Tariq Hameed","DR-885","EMDS Call","Medical Emergency","Chest Pain","2026/04/04 02:25:43 AM","Rahim Yar Khan"
"77564","Faiz Muhyy Ul Din","DR-892","Direct Call","Patient Transfer Service","N/A","2026/04/04 02:26:44 AM","Sadiqabad"
"77565","Muhammad Tariq Hameed","DR-885","Direct Call","Patient Transfer Service","N/A","2026/04/04 02:29:28 AM","Liaqatpur"
"277952","Faiz Muhyy Ul Din","DR-892","Direct Call","Medical Emergency","Renal Disorders / Renal Colic ","2026/04/04 02:38:13 AM","Sadiqabad"
"277953","Faiz Muhyy Ul Din","DR-892","EMDS Call","Medical Emergency","Abdominal Pain","2026/04/04 02:54:20 AM","Rahim Yar Khan"
"277954","Saqib Nasim","DR-197","EMDS Call","Rescue Operations","Delivery Case","2026/04/04 02:56:17 AM","Khanpur"
"277955","Muhammad Tariq Hameed","DR-885","EMDS Call","Medical Emergency","Hypoglycemia","2026/04/04 03:03:10 AM","Rahim Yar Khan"
"277956","Faiz Muhyy Ul Din","DR-892","EMDS Call","Medical Emergency","Renal Disorders / Renal Colic ","2026/04/04 03:22:54 AM","Rahim Yar Khan"
"277957","Maheen Tahir","MR-6017","EMDS Call","Medical Emergency","Unconscious","2026/04/04 03:41:07 AM","Rahim Yar Khan"
"277958","Farah Sadaqat","MR-5930","EMDS Call","Rescue Operations","Delivery Case","2026/04/04 03:48:33 AM","Sadiqabad"
"277959","Maheen Tahir","MR-6017","EMDS Call","Medical Emergency","SOB/ Respiratory Distress","2026/04/04 03:54:23 AM","Rahim Yar Khan"
"277960","Farah Sadaqat","MR-5930","EMDS Call","Medical Emergency","Hypertension","2026/04/04 04:12:25 AM","Sadiqabad"
"277961","Maheen Tahir","MR-6017","EMDS Call","Medical Emergency","Vomiting","2026/04/04 04:20:06 AM","Rahim Yar Khan"
"277962","Maheen Tahir","MR-6017","EMDS Call","Medical Emergency","Vomiting","2026/04/04 04:24:55 AM","Rahim Yar Khan"
"277963","Muhammad Zubair","DR-894","EMDS Call","Medical Emergency","SOB/ Respiratory Distress","2026/04/04 04:52:46 AM","Rahim Yar Khan"
"277964","Maheen Tahir","MR-6017","EMDS Call","Medical Emergency","Unconscious","2026/04/04 04:56:04 AM","Liaqatpur"
"77566","Farah Sadaqat","MR-5930","Direct Call","Patient Transfer Service","N/A","2026/04/04 05:31:47 AM","Sadiqabad"
"277965","Maheen Tahir","MR-6017","EMDS Call","Medical Emergency","SOB/ Respiratory Distress","2026/04/04 05:54:52 AM","Sadiqabad"
"277966","Farah Sadaqat","MR-5930","EMDS Call","Medical Emergency","Joints Pain","2026/04/04 06:04:17 AM","Rahim Yar Khan"
"277967","Farah Sadaqat","MR-5930","EMDS Call","Medical Emergency","Vertigo/ Dizziness","2026/04/04 06:12:07 AM","Rahim Yar Khan"
"Not Assigned","Muhammad Zubair","DR-894","EMDS Call","Medical Emergency","Chronic Illness","2026/04/04 06:32:18 AM","Sadiqabad"
"277969","Maheen Tahir","MR-6017","EMDS Call","Rescue Operations","Delivery Case","2026/04/04 06:35:00 AM","Rahim Yar Khan"
"77567","Maheen Tahir","MR-6017","Direct Call","Patient Transfer Service","N/A","2026/04/04 06:40:32 AM","Khanpur"
"277970","Muhammad Zubair","DR-894","Direct Call","Medical Emergency","Vomiting","2026/04/04 06:43:34 AM","Khanpur"
"77568","Maheen Tahir","MR-6017","Direct Call","Patient Transfer Service","N/A","2026/04/04 06:44:05 AM","Khanpur"
"77569","Maheen Tahir","MR-6017","Direct Call","Patient Transfer Service","N/A","2026/04/04 06:45:45 AM","Sadiqabad"
"277971","Farah Sadaqat","MR-5930","EMDS Call","Road Crash","Multiple Fractures","2026/04/04 06:59:47 AM","Rahim Yar Khan"
"277972","Maheen Tahir","MR-6017","EMDS Call","Medical Emergency","Hypertension","2026/04/04 07:04:28 AM","Rahim Yar Khan"
"277973","Farah Sadaqat","MR-5930","EMDS Call","Medical Emergency","Hypertension","2026/04/04 07:15:07 AM","Sadiqabad"
"277974","Maheen Tahir","MR-6017","EMDS Call","Fire","Short Circuit","2026/04/04 07:27:15 AM","Rahim Yar Khan"
"277975","Muhammad Zubair","DR-894","EMDS Call","Rescue Operations","Electric Shock","2026/04/04 07:43:32 AM","Liaqatpur"
"277976","Farah Sadaqat","MR-5930","EMDS Call","Medical Emergency","High Fever","2026/04/04 07:47:03 AM","Rahim Yar Khan"
"277977","Sheeza Barkat","MR-5331","EMDS Call","Road Crash","Severe Trauma","2026/04/04 07:46:39 AM","Liaqatpur"
"277977","Sheeza Barkat","MR-5331","EMDS Call","Road Crash","Severe Trauma","2026/04/04 07:46:39 AM","Liaqatpur"
"77570","Zia ul Haq","DR-328","Direct Call","Patient Transfer Service","N/A","2026/04/04 07:52:31 AM","Rahim Yar Khan"
"277978","Farah Sadaqat","MR-5930","Direct Call","Road Crash","Bleeding","2026/04/04 07:52:03 AM","Rahim Yar Khan"
"277979","Zia ul Haq","DR-328","EMDS Call","Medical Emergency","Anxiety / Psychiatric Disorder","2026/04/04 07:55:40 AM","Khanpur"
"277980","Zupasha Zia","MR-5758","EMDS Call","Road Crash","Minor Injuries","2026/04/04 07:59:16 AM","Rahim Yar Khan"
"277981","Zia ul Haq","DR-328","EMDS Call","Medical Emergency","Hypertension","2026/04/04 07:59:41 AM","Rahim Yar Khan"
"277982","Aasia Batool","MR-5198","EMDS Call","Medical Emergency","Vomiting","2026/04/04 08:07:11 AM","Rahim Yar Khan"
"277983","Muhammad ALi","DR-818","EMDS Call","Medical Emergency","SOB/ Respiratory Distress","2026/04/04 08:09:51 AM","Rahim Yar Khan"
"Not Assigned","Fahad Hussain","DR-538","EMDS Call","Medical Emergency","SOB/ Respiratory Distress","2026/04/04 08:11:57 AM","Khanpur"
"277984","Zupasha Zia","MR-5758","EMDS Call","Rescue Operations","Snake Emergency","2026/04/04 08:15:01 AM","Rahim Yar Khan"
"277985","Muhammad ALi","DR-818","EMDS Call","Rescue Operations","Delivery Case","2026/04/04 08:14:55 AM","Liaqatpur"
"277986","Muhammad ALi","DR-818","EMDS Call","Medical Emergency","Vertigo/ Dizziness","2026/04/04 08:18:45 AM","Rahim Yar Khan"
"277987","Fahad Hussain","DR-538","EMDS Call","Road Crash","Severe Trauma","2026/04/04 08:28:11 AM","Rahim Yar Khan"
"277987","Fahad Hussain","DR-538","EMDS Call","Road Crash","Severe Trauma","2026/04/04 08:28:11 AM","Rahim Yar Khan"
"277988","Zupasha Zia","MR-5758","EMDS Call","Medical Emergency","Chronic Illness","2026/04/04 08:28:06 AM","Rahim Yar Khan"
"277990","Zupasha Zia","MR-5758","Direct Call","Rescue Operations","Mass Event Coverage","2026/04/04 08:40:22 AM","Khanpur"
"277991","Muhammad ALi","DR-818","EMDS Call","Road Crash","Bleeding","2026/04/04 08:40:37 AM","Rahim Yar Khan"
"77571","Zupasha Zia","MR-5758","Direct Call","Patient Transfer Service","N/A","2026/04/04 08:52:55 AM","Sadiqabad"
"277992","Fahad Hussain","DR-538","EMDS Call","Medical Emergency","Unconscious","2026/04/04 09:01:36 AM","Rahim Yar Khan"
"77572","Zupasha Zia","MR-5758","Direct Call","Patient Transfer Service","N/A","2026/04/04 09:07:10 AM","Sadiqabad"
"277993","Sheeza Barkat","MR-5331","EMDS Call","Medical Emergency","Gynae Problem","2026/04/04 09:17:05 AM","Sadiqabad"
"277994","Zupasha Zia","MR-5758","EMDS Call","Medical Emergency","High Fever","2026/04/04 09:17:39 AM","Khanpur"
"277995","Muhammad ALi","DR-818","EMDS Call","Medical Emergency","Hypoglycemia","2026/04/04 09:17:39 AM","Rahim Yar Khan"
"277996","Muhammad AAmar","DR-915","EMDS Call","Medical Emergency","Joints Pain","2026/04/04 09:21:23 AM","Rahim Yar Khan"
"277997","Muhammad AAmar","DR-915","EMDS Call","Medical Emergency","High Fever","2026/04/04 09:30:32 AM","Rahim Yar Khan"
"77573","Muhammad ALi","DR-818","Direct Call","Patient Transfer Service","N/A","2026/04/04 09:36:32 AM","Sadiqabad"
"277998","Muhammad ALi","DR-818","EMDS Call","Medical Emergency","Hyperglycemia","2026/04/04 09:38:38 AM","Rahim Yar Khan"
"277999","Muhammad AAmar","DR-915","EMDS Call","Medical Emergency","Unconscious","2026/04/04 09:40:08 AM","Rahim Yar Khan"
"278000","Muhammad ALi","DR-818","EMDS Call","Road Crash","Bleeding","2026/04/04 09:42:41 AM","Sadiqabad"
"77574","Muhammad ALi","DR-818","Direct Call","Patient Transfer Service","N/A","2026/04/04 09:53:15 AM","Khanpur"
"77575","Muhammad ALi","DR-818","Direct Call","Patient Transfer Service","N/A","2026/04/04 09:57:54 AM","Khanpur"
"278001","Muhammad AAmar","DR-915","EMDS Call","Road Crash","Minor Injuries","2026/04/04 10:04:15 AM","Liaqatpur"
"278002","Muhammad ALi","DR-818","EMDS Call","Medical Emergency","Urinary Retention","2026/04/04 10:09:00 AM","Rahim Yar Khan"
"278003","Zupasha Zia","MR-5758","EMDS Call","Medical Emergency","Renal Disorders / Renal Colic ","2026/04/04 10:11:01 AM","Khanpur"
"278004","Muhammad ALi","DR-818","EMDS Call","Medical Emergency","Unconscious","2026/04/04 10:13:56 AM","Rahim Yar Khan"
"278006","Muhammad ALi","DR-818","EMDS Call","Medical Emergency","Hypertension","2026/04/04 10:19:53 AM","Rahim Yar Khan"
"278005","Zupasha Zia","MR-5758","EMDS Call","Medical Emergency","Hypertension","2026/04/04 10:20:29 AM","Rahim Yar Khan"
"278007","Muhammad ALi","DR-818","EMDS Call","Medical Emergency","Joints Pain","2026/04/04 10:26:57 AM","Rahim Yar Khan"
"278009","Muhammad ALi","DR-818","EMDS Call","Rescue Operations","Delivery Case","2026/04/04 10:35:00 AM","Rahim Yar Khan"
"278008","Zupasha Zia","MR-5758","Direct Call","Rescue Operations","Mass Event Coverage","2026/04/04 10:35:32 AM","Rahim Yar Khan"
"278010","Zupasha Zia","MR-5758","EMDS Call","Medical Emergency","Chest Pain","2026/04/04 10:37:18 AM","Rahim Yar Khan"
"278011","Zupasha Zia","MR-5758","EMDS Call","Medical Emergency","Abdominal Pain","2026/04/04 10:39:38 AM","Sadiqabad"
"77576","Zupasha Zia","MR-5758","Direct Call","Patient Transfer Service","N/A","2026/04/04 10:53:33 AM","Liaqatpur"
"77577","Zupasha Zia","MR-5758","Direct Call","Patient Transfer Service","N/A","2026/04/04 10:55:06 AM","Liaqatpur"
"278012","Muhammad ALi","DR-818","EMDS Call","Road Crash","Minor Injuries","2026/04/04 11:03:20 AM","Sadiqabad"
"278013","Zupasha Zia","MR-5758","EMDS Call","Road Crash","Minor Injuries","2026/04/04 11:19:12 AM","Liaqatpur"
"278014","Muhammad AAmar","DR-915","EMDS Call","Medical Emergency","SOB/ Respiratory Distress","2026/04/04 11:28:16 AM","Liaqatpur"
"278015","Muhammad ALi","DR-818","EMDS Call","Rescue Operations","Electric Shock","2026/04/04 11:33:53 AM","Rahim Yar Khan"
"278016","Zupasha Zia","MR-5758","EMDS Call","Medical Emergency","Abdominal Pain","2026/04/04 11:37:44 AM","Rahim Yar Khan"
"278017","Muhammad ALi","DR-818","EMDS Call","Medical Emergency","Anxiety / Psychiatric Disorder","2026/04/04 11:39:53 AM","Rahim Yar Khan"
"278018","Zupasha Zia","MR-5758","EMDS Call","Road Crash","Minor Injuries","2026/04/04 11:41:52 AM","Khanpur"
"278019","Muhammad ALi","DR-818","EMDS Call","Medical Emergency","Unconscious","2026/04/04 11:43:03 AM","Rahim Yar Khan"
"77578","Zupasha Zia","MR-5758","Direct Call","Patient Transfer Service","N/A","2026/04/04 11:48:10 AM","Sadiqabad"
"278020","Muhammad ALi","DR-818","EMDS Call","Rescue Operations","Electric Shock","2026/04/04 11:58:27 AM","Rahim Yar Khan"
"77579","Zupasha Zia","MR-5758","Direct Call","Patient Transfer Service","N/A","2026/04/04 12:02:48 PM","Khanpur"
"77580","Zupasha Zia","MR-5758","Direct Call","Patient Transfer Service","N/A","2026/04/04 12:07:01 PM","Khanpur"
"77581","Zupasha Zia","MR-5758","Direct Call","Patient Transfer Service","N/A","2026/04/04 12:09:12 PM","Sadiqabad"
"278021","Sheeza Barkat","MR-5331","EMDS Call","Medical Emergency","Domestic Injuries","2026/04/04 12:21:53 PM","Rahim Yar Khan"
"278022","Muhammad ALi","DR-818","EMDS Call","Road Crash","Bleeding","2026/04/04 12:29:25 PM","Rahim Yar Khan"
"278023","Sheeza Barkat","MR-5331","EMDS Call","Medical Emergency","Abdominal Pain","2026/04/04 12:28:23 PM","Rahim Yar Khan"
"278024","Zupasha Zia","MR-5758","EMDS Call","Medical Emergency","Chronic Illness","2026/04/04 12:31:23 PM","Sadiqabad"
"278025","Muhammad ALi","DR-818","EMDS Call","Medical Emergency","Abdominal Pain","2026/04/04 12:32:13 PM","Sadiqabad"
"278026","Zupasha Zia","MR-5758","EMDS Call","Medical Emergency","Backache","2026/04/04 12:40:29 PM","Rahim Yar Khan"
"278027","Sheeza Barkat","MR-5331","EMDS Call","Medical Emergency","Abdominal Pain","2026/04/04 12:41:53 PM","Rahim Yar Khan"
"278028","Sheeza Barkat","MR-5331","EMDS Call","Medical Emergency","SOB/ Respiratory Distress","2026/04/04 12:46:49 PM","Sadiqabad"
"278030","Zupasha Zia","MR-5758","EMDS Call","Medical Emergency","Unconscious","2026/04/04 12:49:45 PM","Khanpur"
"278029","Muhammad ALi","DR-818","EMDS Call","Medical Emergency","Hypoglycemia","2026/04/04 12:49:32 PM","Rahim Yar Khan"
"278031","Sheeza Barkat","MR-5331","EMDS Call","Medical Emergency","High Fever","2026/04/04 12:50:48 PM","Rahim Yar Khan"
"278032","Sheeza Barkat","MR-5331","EMDS Call","Medical Emergency","Backache","2026/04/04 01:07:16 PM","Sadiqabad"
"278033","Zupasha Zia","MR-5758","EMDS Call","Medical Emergency","SOB/ Respiratory Distress","2026/04/04 01:11:35 PM","Sadiqabad"
"278034","Zupasha Zia","MR-5758","EMDS Call","Medical Emergency","Hypertension","2026/04/04 01:19:28 PM","Rahim Yar Khan"
"278035","Sheeza Barkat","MR-5331","EMDS Call","Medical Emergency","Hypertension","2026/04/04 01:35:17 PM","Rahim Yar Khan"
"278036","Zupasha Zia","MR-5758","EMDS Call","Medical Emergency","Abdominal Pain","2026/04/04 01:37:54 PM","Khanpur"
"278037","Muhammad ALi","DR-818","EMDS Call","Medical Emergency","Hypertension","2026/04/04 01:50:12 PM","Rahim Yar Khan"
"278038","Zupasha Zia","MR-5758","EMDS Call","Medical Emergency","Chest Pain","2026/04/04 01:51:56 PM","Rahim Yar Khan"
"278039","Muhammad ALi","DR-818","EMDS Call","Medical Emergency","Vomiting","2026/04/04 01:53:38 PM","Sadiqabad"
"278040","Muhammad ALi","DR-818","EMDS Call","Medical Emergency","Abdominal Pain","2026/04/04 01:59:29 PM","Sadiqabad"
"278041","Rana M. Usman","DR-200","EMDS Call","Medical Emergency","Vertigo/ Dizziness","2026/04/04 02:10:26 PM","Rahim Yar Khan"
"278042","Muhammad ALi","DR-818","EMDS Call","Crime","Physical Assault/Violence","2026/04/04 02:12:35 PM","Rahim Yar Khan"
"278043","Shahla Nawaz","DR-185","EMDS Call","Medical Emergency","Hypotension","2026/04/04 02:12:56 PM","Rahim Yar Khan"
"278044","Rana M. Usman","DR-200","EMDS Call","Rescue Operations","Scorpion Bite/Other Animal/Insect Bite","2026/04/04 02:14:29 PM","Sadiqabad"
"278045","Shahla Nawaz","DR-185","EMDS Call","Medical Emergency","Abdominal Pain","2026/04/04 02:22:05 PM","Khanpur"
"278046","Saima Bashir","MR-5819","EMDS Call","Road Crash","Minor Injuries","2026/04/04 02:24:23 PM","Liaqatpur"
"278047","Muhammad Fiaz","DR-206","EMDS Call","Medical Emergency","Anxiety / Psychiatric Disorder","2026/04/04 02:26:40 PM","Rahim Yar Khan"
"278048","Rana M. Usman","DR-200","EMDS Call","Medical Emergency","Vomiting","2026/04/04 02:36:43 PM","Rahim Yar Khan"
"278049","Muhammad Fiaz","DR-206","EMDS Call","Medical Emergency","Hypertension","2026/04/04 02:37:58 PM","Sadiqabad"
"77582","Muhammad Fiaz","DR-206","Direct Call","Patient Transfer Service","N/A","2026/04/04 02:41:51 PM","Khanpur"
"278050","Muhammad Fiaz","DR-206","EMDS Call","Medical Emergency","Vertigo/ Dizziness","2026/04/04 02:41:45 PM","Rahim Yar Khan"
"278051","Rana M. Usman","DR-200","EMDS Call","Medical Emergency","Vomiting","2026/04/04 02:50:07 PM","Rahim Yar Khan"
"278053","Muhammad Fiaz","DR-206","EMDS Call","Crime","Probable Suicide","2026/04/04 02:50:28 PM","Rahim Yar Khan"
"278052","Saima Bashir","MR-5819","EMDS Call","Medical Emergency","Chest Pain","2026/04/04 02:52:27 PM","Khanpur"
"278054","Saima Bashir","MR-5819","EMDS Call","Road Crash","Minor Injuries","2026/04/04 03:00:01 PM","Rahim Yar Khan"
"278055","Muhammad Fiaz","DR-206","EMDS Call","Medical Emergency","Vomiting","2026/04/04 03:07:26 PM","Sadiqabad"
"77583","Muhammad Fiaz","DR-206","Direct Call","Patient Transfer Service","N/A","2026/04/04 03:11:38 PM","Sadiqabad"
"278056","Saima Bashir","MR-5819","EMDS Call","Medical Emergency","Headache","2026/04/04 03:18:58 PM","Sadiqabad"
"278057","Rana M. Usman","DR-200","EMDS Call","Road Crash","Minor Injuries","2026/04/04 03:21:34 PM","Rahim Yar Khan"
"77584","Saima Bashir","MR-5819","Direct Call","Patient Transfer Service","N/A","2026/04/04 03:23:40 PM","Sadiqabad"
"278058","Bushra Saleem","MR-5701","EMDS Call","Medical Emergency","Unconscious","2026/04/04 03:26:29 PM","Rahim Yar Khan"
"278059","Rana M. Usman","DR-200","EMDS Call","Medical Emergency","Vomiting","2026/04/04 03:40:54 PM","Khanpur"
"278060","Saima Bashir","MR-5819","EMDS Call","Medical Emergency","Unconscious","2026/04/04 03:48:00 PM","Sadiqabad"
"278061","Saima Bashir","MR-5819","EMDS Call","Road Crash","Severe Trauma","2026/04/04 03:49:58 PM","Khanpur"
"278061","Saima Bashir","MR-5819","EMDS Call","Road Crash","Severe Trauma","2026/04/04 03:49:58 PM","Khanpur"
"278062","Muhammad Fiaz","DR-206","EMDS Call","Medical Emergency","Hyperglycemia","2026/04/04 03:57:37 PM","Rahim Yar Khan"
"77585","Saima Bashir","MR-5819","Direct Call","Patient Transfer Service","N/A","2026/04/04 04:07:30 PM","Sadiqabad"
"278063","Shahla Nawaz","DR-185","EMDS Call","Rescue Operations","Scorpion Bite/Other Animal/Insect Bite","2026/04/04 04:06:14 PM","Rahim Yar Khan"
"278064","Bushra Saleem","MR-5701","EMDS Call","Medical Emergency","Vertigo/ Dizziness","2026/04/04 04:11:22 PM","Rahim Yar Khan"
"278065","Shahla Nawaz","DR-185","EMDS Call","Medical Emergency","Joints Pain","2026/04/04 04:15:52 PM","Rahim Yar Khan"
"278066","Muhammad Fiaz","DR-206","EMDS Call","Medical Emergency","Joints Pain","2026/04/04 04:14:50 PM","Sadiqabad"
"278067","Bushra Saleem","MR-5701","EMDS Call","Medical Emergency","Anxiety / Psychiatric Disorder","2026/04/04 04:14:38 PM","Sadiqabad"
"77586","Muhammad Fiaz","DR-206","Direct Call","Patient Transfer Service","N/A","2026/04/04 04:26:20 PM","Sadiqabad"
"278068","Shahla Nawaz","DR-185","EMDS Call","Road Crash","Minor Injuries","2026/04/04 04:36:59 PM","Rahim Yar Khan"
"278068","Shahla Nawaz","DR-185","EMDS Call","Road Crash","Minor Injuries","2026/04/04 04:36:59 PM","Rahim Yar Khan"
"278069","Bushra Saleem","MR-5701","EMDS Call","Medical Emergency","Chronic Illness","2026/04/04 04:40:59 PM","Khanpur"
"278070","Muhammad Fiaz","DR-206","EMDS Call","Medical Emergency","Vomiting","2026/04/04 04:46:36 PM","Rahim Yar Khan"
"278071","Muhammad Fiaz","DR-206","EMDS Call","Medical Emergency","Abdominal Pain","2026/04/04 04:49:53 PM","Rahim Yar Khan"
"278072","Shahla Nawaz","DR-185","EMDS Call","Medical Emergency","SOB/ Respiratory Distress","2026/04/04 04:51:21 PM","Rahim Yar Khan"
"278073","Muhammad Fiaz","DR-206","Direct Call","Rescue Operations","Mass Event Coverage","2026/04/04 04:52:42 PM","Khanpur"
"278074","Shahla Nawaz","DR-185","EMDS Call","Medical Emergency","Hypertension","2026/04/04 04:56:51 PM","Rahim Yar Khan"
"278075","Muhammad Fiaz","DR-206","EMDS Call","Medical Emergency","Vomiting","2026/04/04 04:58:09 PM","Rahim Yar Khan"
"278076","Bushra Saleem","MR-5701","EMDS Call","Medical Emergency","High Fever","2026/04/04 05:00:11 PM","Liaqatpur"
"77587","Saima Bashir","MR-5819","Direct Call","Patient Transfer Service","N/A","2026/04/04 06:10:06 PM","Sadiqabad"
"77588","Saima Bashir","MR-5819","Direct Call","Patient Transfer Service","N/A","2026/04/04 06:27:47 PM","Khanpur"
"77589","Saima Bashir","MR-5819","Direct Call","Patient Transfer Service","N/A","2026/04/04 06:32:05 PM","Khanpur"
"278077","Saima Bashir","MR-5819","EMDS Call","Medical Emergency","Abdominal Pain","2026/04/04 06:35:44 PM","Liaqatpur"
"278078","Muhammad Fiaz","DR-206","EMDS Call","Medical Emergency","Abdominal Pain","2026/04/04 06:35:50 PM","Khanpur"
"278079","Saima Bashir","MR-5819","EMDS Call","Road Crash","Minor Injuries","2026/04/04 06:42:56 PM","Rahim Yar Khan"
"278080","Muhammad Fiaz","DR-206","EMDS Call","Medical Emergency","High Fever","2026/04/04 06:43:00 PM","Sadiqabad"
"77590","Saima Bashir","MR-5819","Direct Call","Patient Transfer Service","N/A","2026/04/04 06:45:51 PM","Sadiqabad"
"278081","Muhammad Fiaz","DR-206","EMDS Call","Medical Emergency","High Fever","2026/04/04 06:46:09 PM","Sadiqabad"
"278082","Muhammad Fiaz","DR-206","EMDS Call","Medical Emergency","Hypertension","2026/04/04 06:54:10 PM","Rahim Yar Khan"
"278083","Muhammad Fiaz","DR-206","EMDS Call","Medical Emergency","SOB/ Respiratory Distress","2026/04/04 06:56:54 PM","Khanpur"
"278084","Muhammad Riaz","DR-654","EMDS Call","Road Crash","Severe Trauma","2026/04/04 07:07:40 PM","Rahim Yar Khan"
"278085","Muhammad Riaz","DR-654","EMDS Call","Medical Emergency","Hypertension","2026/04/04 07:12:24 PM","Khanpur"
"278086","Muhammad Riaz","DR-654","EMDS Call","Medical Emergency","Joints Pain","2026/04/04 07:17:08 PM","Rahim Yar Khan"
"278087","Muhammad Riaz","DR-654","EMDS Call","Medical Emergency","Anxiety / Psychiatric Disorder","2026/04/04 07:23:54 PM","Rahim Yar Khan"
"278088","Saima Bashir","MR-5819","EMDS Call","Medical Emergency","Vomiting","2026/04/04 07:26:37 PM","Rahim Yar Khan"
"278089","Muhammad Fiaz","DR-206","EMDS Call","Medical Emergency","Hypertension","2026/04/04 07:35:08 PM","Sadiqabad"
"278090","Bushra Saleem","MR-5701","EMDS Call","Medical Emergency","Vertigo/ Dizziness","2026/04/04 07:43:45 PM","Rahim Yar Khan"
"278091","Muhammad Fiaz","DR-206","EMDS Call","Medical Emergency","Abdominal Pain","2026/04/04 07:49:57 PM","Rahim Yar Khan"
"278092","Shahla Nawaz","DR-185","EMDS Call","Road Crash","Bleeding","2026/04/04 07:50:49 PM","Sadiqabad"
"278093","Bushra Saleem","MR-5701","EMDS Call","Medical Emergency","Hypoglycemia","2026/04/04 08:00:44 PM","Liaqatpur"
"278095","Shahla Nawaz","DR-185","EMDS Call","Medical Emergency","Vertigo/ Dizziness","2026/04/04 08:02:39 PM","Rahim Yar Khan"
"278094","Muhammad Fiaz","DR-206","EMDS Call","Medical Emergency","Joints Pain","2026/04/04 08:04:02 PM","Rahim Yar Khan"
"278096","Bushra Saleem","MR-5701","EMDS Call","Medical Emergency","High Fever","2026/04/04 08:07:02 PM","Rahim Yar Khan"
"278097","Saima Bashir","MR-5819","EMDS Call","Road Crash","Severe Trauma","2026/04/04 08:07:41 PM","Khanpur"
"278097","Saima Bashir","MR-5819","EMDS Call","Road Crash","Severe Trauma","2026/04/04 08:07:41 PM","Khanpur"
"278097","Saima Bashir","MR-5819","EMDS Call","Road Crash","Severe Trauma","2026/04/04 08:07:41 PM","Khanpur"
"278100","Shahla Nawaz","DR-185","EMDS Call","Medical Emergency","SOB/ Respiratory Distress","2026/04/04 08:11:45 PM","Rahim Yar Khan"
"278098","Saima Bashir","MR-5819","EMDS Call","Road Crash","Bleeding","2026/04/04 08:13:39 PM","Rahim Yar Khan"
"278099","Shahla Nawaz","DR-185","EMDS Call","Road Crash","Minor Injuries","2026/04/04 08:13:59 PM","Rahim Yar Khan"
"278101","Bushra Saleem","MR-5701","EMDS Call","Medical Emergency","Hypoglycemia","2026/04/04 08:16:30 PM","Rahim Yar Khan"
"278102","Shahla Nawaz","DR-185","EMDS Call","Rescue Operations","Delivery Case","2026/04/04 08:25:38 PM","Khanpur"
"278103","Bushra Saleem","MR-5701","EMDS Call","Medical Emergency","Anxiety / Psychiatric Disorder","2026/04/04 08:26:49 PM","Rahim Yar Khan"
"278104","Shahla Nawaz","DR-185","EMDS Call","Medical Emergency","Domestic Injuries","2026/04/04 08:31:49 PM","Sadiqabad"
"278105","Shahla Nawaz","DR-185","EMDS Call","Medical Emergency","Vertigo/ Dizziness","2026/04/04 08:46:49 PM","Rahim Yar Khan"
"278106","Saima Bashir","MR-5819","EMDS Call","Medical Emergency","Anxiety / Psychiatric Disorder","2026/04/04 08:53:57 PM","Rahim Yar Khan"
"77591","Farah Sadaqat","MR-5930","Direct Call","Patient Transfer Service","N/A","2026/04/04 08:58:20 PM","Rahim Yar Khan"
"278107","Maheen Tahir","MR-6017","EMDS Call","Medical Emergency","Vomiting","2026/04/04 09:03:19 PM","Rahim Yar Khan"
"278108","Muhammad Zubair","DR-894","EMDS Call","Road Crash","Multiple Fractures","2026/04/04 09:12:29 PM","Rahim Yar Khan"
"278109","Maheen Tahir","MR-6017","EMDS Call","Medical Emergency","Anxiety / Psychiatric Disorder","2026/04/04 09:17:11 PM","Rahim Yar Khan"
"278110","Farah Sadaqat","MR-5930","EMDS Call","Medical Emergency","Domestic Injuries","2026/04/04 09:19:23 PM","Sadiqabad"
"278111","Maheen Tahir","MR-6017","EMDS Call","Medical Emergency","Anxiety / Psychiatric Disorder","2026/04/04 09:20:31 PM","Rahim Yar Khan"
"278112","Maheen Tahir","MR-6017","EMDS Call","Medical Emergency","Vertigo/ Dizziness","2026/04/04 09:22:19 PM","Rahim Yar Khan"
"77592","Muhammad Zubair","DR-894","Direct Call","Patient Transfer Service","N/A","2026/04/04 09:29:14 PM","Khanpur"
"77593","Maheen Tahir","MR-6017","Direct Call","Patient Transfer Service","N/A","2026/04/04 09:31:33 PM","Sadiqabad"
"278113","Farah Sadaqat","MR-5930","EMDS Call","Road Crash","Minor Injuries","2026/04/04 09:31:34 PM","Rahim Yar Khan"
"77594","Farah Sadaqat","MR-5930","Direct Call","Patient Transfer Service","N/A","2026/04/04 09:41:20 PM","Sadiqabad"
"278114","Muhammad Zubair","DR-894","EMDS Call","Medical Emergency","Joints Pain","2026/04/04 09:40:47 PM","Sadiqabad"
"278115","Farah Sadaqat","MR-5930","EMDS Call","Rescue Operations","Others","2026/04/04 09:44:15 PM","Sadiqabad"
"278116","Maheen Tahir","MR-6017","EMDS Call","Medical Emergency","Vomiting","2026/04/04 09:54:59 PM","Sadiqabad"
"278117","Farah Sadaqat","MR-5930","EMDS Call","Medical Emergency","Headache","2026/04/04 09:58:54 PM","Rahim Yar Khan"
"278119","Farah Sadaqat","MR-5930","EMDS Call","Medical Emergency","Hypertension","2026/04/04 10:09:27 PM","Khanpur"
"278118","Muhammad Zubair","DR-894","Direct Call","Medical Emergency","Headache","2026/04/04 10:10:51 PM","Rahim Yar Khan"
"278120","Muhammad Zubair","DR-894","EMDS Call","Medical Emergency","Hypertension","2026/04/04 10:15:49 PM","Rahim Yar Khan"
"278121","Farah Sadaqat","MR-5930","EMDS Call","Medical Emergency","SOB/ Respiratory Distress","2026/04/04 10:19:36 PM","Rahim Yar Khan"
"278122","Muhammad Zubair","DR-894","EMDS Call","Medical Emergency","High Fever","2026/04/04 10:20:20 PM","Sadiqabad"
"77595","Maheen Tahir","MR-6017","Direct Call","Patient Transfer Service","N/A","2026/04/04 10:23:28 PM","Liaqatpur"
"278125","Farah Sadaqat","MR-5930","EMDS Call","Medical Emergency","Joints Pain","2026/04/04 10:24:49 PM","Rahim Yar Khan"
"278123","Farah Sadaqat","MR-5930","EMDS Call","Medical Emergency","Hypertension","2026/04/04 10:28:05 PM","Rahim Yar Khan"
"278124","Maheen Tahir","MR-6017","EMDS Call","Medical Emergency","Chronic Illness","2026/04/04 10:29:51 PM","Rahim Yar Khan"
"278126","Farah Sadaqat","MR-5930","EMDS Call","Medical Emergency","Abdominal Pain","2026/04/04 10:42:54 PM","Sadiqabad"
"278127","Farah Sadaqat","MR-5930","EMDS Call","Rescue Operations","Snake Emergency","2026/04/04 11:11:55 PM","Khanpur"
"278128","Maheen Tahir","MR-6017","EMDS Call","Medical Emergency","Chest Pain","2026/04/04 11:13:23 PM","Rahim Yar Khan"
"278129","Farah Sadaqat","MR-5930","EMDS Call","Medical Emergency","SOB/ Respiratory Distress","2026/04/04 11:15:32 PM","Rahim Yar Khan"
"278130","Maheen Tahir","MR-6017","EMDS Call","Medical Emergency","Hypertension","2026/04/04 11:35:04 PM","Rahim Yar Khan"
"278131","Farah Sadaqat","MR-5930","EMDS Call","Medical Emergency","Vomiting","2026/04/04 11:44:37 PM","Sadiqabad"
"278132","Farah Sadaqat","MR-5930","EMDS Call","Medical Emergency","Renal Disorders / Renal Colic ","2026/04/04 11:51:06 PM","Sadiqabad"
"77596","Farah Sadaqat","MR-5930","Direct Call","Patient Transfer Service","N/A","2026/04/04 11:54:52 PM","Sadiqabad"
"278134","Muhammad Zahid","DR-888","EMDS Call","Medical Emergency","Hypertension","2026/04/04 11:57:35 PM","Rahim Yar Khan"
"278133","Farah Sadaqat","MR-5930","EMDS Call","Medical Emergency","Vertigo/ Dizziness","2026/04/04 11:57:39 PM","Khanpur"
"278135","Farhad Iftikhar","DR-913","EMDS Call","Medical Emergency","Hypertension","2026/04/05 12:08:35 AM","Rahim Yar Khan"
"77597","Farah Sadaqat","MR-5930","Direct Call","Patient Transfer Service","N/A","2026/04/05 12:18:11 AM","Khanpur"
"278136","Farah Sadaqat","MR-5930","EMDS Call","Medical Emergency","Anxiety / Psychiatric Disorder","2026/04/05 12:18:56 AM","Rahim Yar Khan"
"77598","Farhad Iftikhar","DR-913","Direct Call","Patient Transfer Service","N/A","2026/04/05 12:32:29 AM","Liaqatpur"
"278137","Farhad Iftikhar","DR-913","EMDS Call","Medical Emergency","Abdominal Pain","2026/04/05 12:39:47 AM","Khanpur"
"278138","Farah Sadaqat","MR-5930","EMDS Call","Medical Emergency","High Fever","2026/04/05 12:48:20 AM","Rahim Yar Khan"
"278139","Farhad Iftikhar","DR-913","EMDS Call","Medical Emergency","Abdominal Pain","2026/04/05 12:51:11 AM","Rahim Yar Khan"
"278141","Muhammad Zahid","DR-888","EMDS Call","Medical Emergency","Headache","2026/04/05 01:07:11 AM","Rahim Yar Khan"
"278140","Farah Sadaqat","MR-5930","EMDS Call","Medical Emergency","Vomiting","2026/04/05 01:14:13 AM","Rahim Yar Khan"
"77599","Farhad Iftikhar","DR-913","Direct Call","Patient Transfer Service","N/A","2026/04/05 01:18:21 AM","Sadiqabad"
"278142","Farah Sadaqat","MR-5930","EMDS Call","Medical Emergency","Abdominal Pain","2026/04/05 01:54:45 AM","Sadiqabad"
"278143","Muhammad Zahid","DR-888","EMDS Call","Medical Emergency","Abdominal Pain","2026/04/05 02:05:48 AM","Rahim Yar Khan"
"278144","Farah Sadaqat","MR-5930","EMDS Call","Medical Emergency","Joints Pain","2026/04/05 02:18:00 AM","Liaqatpur"
"278145","Farah Sadaqat","MR-5930","EMDS Call","Medical Emergency","Hypertension","2026/04/05 02:34:27 AM","Rahim Yar Khan"
"278146","Farah Sadaqat","MR-5930","EMDS Call","Medical Emergency","Abdominal Pain","2026/04/05 02:40:02 AM","Khanpur"
"77600","Farah Sadaqat","MR-5930","Direct Call","Patient Transfer Service","N/A","2026/04/05 02:45:41 AM","Sadiqabad"
"278147","Farhad Iftikhar","DR-913","EMDS Call","Medical Emergency","Hypertension","2026/04/05 02:45:30 AM","Sadiqabad"
"278148","Farah Sadaqat","MR-5930","EMDS Call","Medical Emergency","Vomiting","2026/04/05 02:58:26 AM","Sadiqabad"
"278149","Farah Sadaqat","MR-5930","EMDS Call","Road Crash","Bleeding","2026/04/05 03:20:54 AM","Khanpur"
"278150","Muhammad Zahid","DR-888","EMDS Call","Rescue Operations","Delivery Case","2026/04/05 03:25:10 AM","Khanpur"
"278151","Farhad Iftikhar","DR-913","EMDS Call","Rescue Operations","Delivery Case","2026/04/05 03:27:23 AM","Rahim Yar Khan"
"278152","Maheen Tahir","MR-6017","EMDS Call","Medical Emergency","Chest Pain","2026/04/05 03:30:39 AM","Khanpur"
"278153","Maheen Tahir","MR-6017","EMDS Call","Medical Emergency","Backache","2026/04/05 04:03:58 AM","Rahim Yar Khan"
"278154","Maheen Tahir","MR-6017","EMDS Call","Medical Emergency","Abdominal Pain","2026/04/05 04:45:57 AM","Rahim Yar Khan"
"77601","Muhammad Zubair","DR-894","Direct Call","Patient Transfer Service","N/A","2026/04/05 04:49:39 AM","Sadiqabad"
"77602","Shaheen Islam","DR-1171","Direct Call","Patient Transfer Service","N/A","2026/04/05 05:04:55 AM","Rahim Yar Khan"
"278155","Maheen Tahir","MR-6017","EMDS Call","Medical Emergency","Vomiting","2026/04/05 05:13:38 AM","Rahim Yar Khan"
"278156","Shaheen Islam","DR-1171","EMDS Call","Medical Emergency","Unconscious","2026/04/05 05:17:33 AM","Rahim Yar Khan"
"278157","Muhammad Zubair","DR-894","EMDS Call","Medical Emergency","Unconscious","2026/04/05 05:22:13 AM","Rahim Yar Khan"
"278158","Shaheen Islam","DR-1171","EMDS Call","Medical Emergency","Backache","2026/04/05 05:23:58 AM","Sadiqabad"
"278159","Muhammad Zubair","DR-894","EMDS Call","Road Crash","Minor Injuries","2026/04/05 05:40:21 AM","Rahim Yar Khan"
"278160","Maheen Tahir","MR-6017","EMDS Call","Medical Emergency","Chronic Illness","2026/04/05 05:59:36 AM","Rahim Yar Khan"
"278161","Muhammad Zubair","DR-894","EMDS Call","Medical Emergency","Abdominal Pain","2026/04/05 06:03:24 AM","Khanpur"
"278162","Muhammad Zubair","DR-894","EMDS Call","Medical Emergency","Vertigo/ Dizziness","2026/04/05 06:41:32 AM","Rahim Yar Khan"
"278163","Maheen Tahir","MR-6017","EMDS Call","Medical Emergency","SOB/ Respiratory Distress","2026/04/05 07:03:50 AM","Sadiqabad"
"278164","Maheen Tahir","MR-6017","EMDS Call","Medical Emergency","Domestic Injuries","2026/04/05 07:09:01 AM","Khanpur"
"278165","Shaheen Islam","DR-1171","EMDS Call","Rescue Operations","Scalds/Burn Due To Negligence","2026/04/05 07:13:27 AM","Rahim Yar Khan"
"278166","Muhammad Zubair","DR-894","EMDS Call","Medical Emergency","Chest Pain","2026/04/05 07:18:45 AM","Rahim Yar Khan"
"278168","Muhammad Zubair","DR-894","EMDS Call","Medical Emergency","Abdominal Pain","2026/04/05 07:50:48 AM","Rahim Yar Khan"
"278167","Shaheen Islam","DR-1171","EMDS Call","Rescue Operations","Animal/Bird Rescue","2026/04/05 07:58:01 AM","Rahim Yar Khan"
"278169","Zupasha Zia","MR-5758","EMDS Call","Medical Emergency","Gynae Problem","2026/04/05 08:06:32 AM","Rahim Yar Khan"
"278170","Fahad Hussain","DR-538","EMDS Call","Medical Emergency","Chronic Illness","2026/04/05 08:07:55 AM","Khanpur"
"278171","Fahad Hussain","DR-538","EMDS Call","Medical Emergency","Vertigo/ Dizziness","2026/04/05 08:14:09 AM","Rahim Yar Khan"
"278172","Sheeza Barkat","MR-5331","EMDS Call","Road Crash","Bleeding","2026/04/05 08:29:50 AM","Khanpur"
"278172","Sheeza Barkat","MR-5331","EMDS Call","Road Crash","Bleeding","2026/04/05 08:29:50 AM","Khanpur"
"278173","Sheeza Barkat","MR-5331","EMDS Call","Road Crash","Bleeding","2026/04/05 08:33:40 AM","Sadiqabad"
"278174","Zupasha Zia","MR-5758","EMDS Call","Road Crash","Bleeding","2026/04/05 08:33:57 AM","Khanpur"
"278175","Sheeza Barkat","MR-5331","EMDS Call","Medical Emergency","Hypoglycemia","2026/04/05 08:40:01 AM","Rahim Yar Khan"
"77603","Sheeza Barkat","MR-5331","Direct Call","Patient Transfer Service","N/A","2026/04/05 08:54:42 AM","Sadiqabad"
"278176","Sheeza Barkat","MR-5331","EMDS Call","Medical Emergency","Headache","2026/04/05 09:06:46 AM","Rahim Yar Khan"
"278177","Aasia Batool","MR-5198","EMDS Call","Road Crash","Bleeding","2026/04/05 09:17:10 AM","Rahim Yar Khan"
"278178","Sheeza Barkat","MR-5331","EMDS Call","Medical Emergency","Backache","2026/04/05 09:20:25 AM","Rahim Yar Khan"
"278179","Aasia Batool","MR-5198","EMDS Call","Medical Emergency","Epilepsy","2026/04/05 09:21:23 AM","Rahim Yar Khan"
"278180","Zupasha Zia","MR-5758","Direct Call","Rescue Operations","Mass Event Coverage","2026/04/05 09:23:31 AM","Liaqatpur"
"77604","Zupasha Zia","MR-5758","Direct Call","Patient Transfer Service","N/A","2026/04/05 09:33:06 AM","Khanpur"
"278181","Aasia Batool","MR-5198","Direct Call","Rescue Operations","Mass Event Coverage","2026/04/05 09:33:59 AM","Khanpur"
"77605","Zupasha Zia","MR-5758","Direct Call","Patient Transfer Service","N/A","2026/04/05 09:35:58 AM","Khanpur"
"278182","Aasia Batool","MR-5198","EMDS Call","Medical Emergency","High Fever","2026/04/05 09:38:18 AM","Rahim Yar Khan"
"278184","Sheeza Barkat","MR-5331","EMDS Call","Road Crash","Bleeding","2026/04/05 09:43:38 AM","Khanpur"
"278183","Aasia Batool","MR-5198","EMDS Call","Crime","Probable Suicide","2026/04/05 09:43:11 AM","Sadiqabad"
"278185","Zupasha Zia","MR-5758","EMDS Call","Medical Emergency","Epilepsy","2026/04/05 09:42:47 AM","Rahim Yar Khan"
"278186","Aasia Batool","MR-5198","EMDS Call","Medical Emergency","SOB/ Respiratory Distress","2026/04/05 09:45:51 AM","Rahim Yar Khan"
"278187","Sheeza Barkat","MR-5331","EMDS Call","Medical Emergency","Renal Disorders / Renal Colic ","2026/04/05 09:46:20 AM","Rahim Yar Khan"
"77606","Sheeza Barkat","MR-5331","Direct Call","Patient Transfer Service","N/A","2026/04/05 09:51:29 AM","Sadiqabad"
"278188","Aasia Batool","MR-5198","EMDS Call","Road Crash","Bleeding","2026/04/05 09:51:00 AM","Liaqatpur"
"278189","Sheeza Barkat","MR-5331","EMDS Call","Medical Emergency","Joints Pain","2026/04/05 09:55:19 AM","Rahim Yar Khan"
"278191","Zupasha Zia","MR-5758","Direct Call","Medical Emergency","Gynae Problem","2026/04/05 09:58:58 AM","Khanpur"
"278190","Aasia Batool","MR-5198","EMDS Call","Medical Emergency","Abdominal Pain","2026/04/05 09:59:49 AM","Rahim Yar Khan"
"77607","Sheeza Barkat","MR-5331","Direct Call","Patient Transfer Service","N/A","2026/04/05 10:21:41 AM","Rahim Yar Khan"
"278192","Fahad Hussain","DR-538","Direct Call","Rescue Operations","Mass Event Coverage","2026/04/05 10:28:09 AM","Rahim Yar Khan"
"278193","Sheeza Barkat","MR-5331","EMDS Call","Medical Emergency","Chronic Illness","2026/04/05 10:33:40 AM","Rahim Yar Khan"
"278194","Adil Iqbal","DR-782","EMDS Call","Medical Emergency","Unconscious","2026/04/05 10:33:36 AM","Khanpur"
"278195","Zupasha Zia","MR-5758","EMDS Call","Medical Emergency","Hypertension","2026/04/05 10:47:16 AM","Rahim Yar Khan"
"278196","Aasia Batool","MR-5198","EMDS Call","Medical Emergency","Abdominal Pain","2026/04/05 10:55:36 AM","Liaqatpur"
"278197","Zupasha Zia","MR-5758","EMDS Call","Medical Emergency","Joints Pain","2026/04/05 11:12:59 AM","Khanpur"
"278198","Aasia Batool","MR-5198","EMDS Call","Medical Emergency","Chronic Illness","2026/04/05 11:16:44 AM","Rahim Yar Khan"
"278199","Aasia Batool","MR-5198","Direct Call","Rescue Operations","Mass Event Coverage","2026/04/05 11:25:15 AM","Khanpur"
"278200","Zupasha Zia","MR-5758","EMDS Call","Medical Emergency","High Fever","2026/04/05 11:25:40 AM","Sadiqabad"
"278202","Aasia Batool","MR-5198","EMDS Call","Road Crash","Bleeding","2026/04/05 11:31:43 AM","Liaqatpur"
"278202","Aasia Batool","MR-5198","EMDS Call","Road Crash","Bleeding","2026/04/05 11:31:43 AM","Liaqatpur"
"278201","Aasia Batool","MR-5198","EMDS Call","Road Crash","Minor Injuries","2026/04/05 11:33:49 AM","Rahim Yar Khan"
"278203","Sheeza Barkat","MR-5331","EMDS Call","Rescue Operations","Snake Emergency","2026/04/05 11:47:05 AM","Khanpur"
"278204","Aasia Batool","MR-5198","EMDS Call","Medical Emergency","Domestic Injuries","2026/04/05 11:49:48 AM","Rahim Yar Khan"
"278205","Sheeza Barkat","MR-5331","EMDS Call","Medical Emergency","SOB/ Respiratory Distress","2026/04/05 11:51:14 AM","Sadiqabad"
"278206","Zupasha Zia","MR-5758","EMDS Call","Medical Emergency","CVA/Stroke","2026/04/05 11:54:43 AM","Khanpur"
"278207","Fahad Hussain","DR-538","EMDS Call","Rescue Operations","Scalds/Burn Due To Negligence","2026/04/05 11:57:21 AM","Sadiqabad"
"278208","Zupasha Zia","MR-5758","EMDS Call","Road Crash","Minor Injuries","2026/04/05 12:00:28 PM","Rahim Yar Khan"
"278209","Fahad Hussain","DR-538","EMDS Call","Medical Emergency","Hypoglycemia","2026/04/05 12:03:28 PM","Liaqatpur"
"278211","Sheeza Barkat","MR-5331","EMDS Call","Medical Emergency","Domestic Injuries","2026/04/05 12:11:50 PM","Rahim Yar Khan"
"278210","Aasia Batool","MR-5198","EMDS Call","Medical Emergency","Unconscious","2026/04/05 12:13:49 PM","Sadiqabad"
"278212","Zupasha Zia","MR-5758","EMDS Call","Medical Emergency","Vertigo/ Dizziness","2026/04/05 12:23:34 PM","Khanpur"
"278213","Fahad Hussain","DR-538","EMDS Call","Road Crash","Severe Trauma","2026/04/05 12:25:24 PM","Sadiqabad"
"278214","Sheeza Barkat","MR-5331","EMDS Call","Medical Emergency","High Fever","2026/04/05 12:46:16 PM","Rahim Yar Khan"
"77608","Zupasha Zia","MR-5758","Direct Call","Patient Transfer Service","N/A","2026/04/05 12:52:00 PM","Sadiqabad"
"278215","Fahad Hussain","DR-538","EMDS Call","Road Crash","Bleeding","2026/04/05 01:11:54 PM","Khanpur"
"278216","Sheeza Barkat","MR-5331","EMDS Call","Medical Emergency","High Fever","2026/04/05 01:12:25 PM","Sadiqabad"
"278217","Sheeza Barkat","MR-5331","EMDS Call","Road Crash","Minor Injuries","2026/04/05 01:19:27 PM","Sadiqabad"
"278218","Fahad Hussain","DR-538","EMDS Call","Road Crash","Minor Injuries","2026/04/05 01:23:51 PM","Rahim Yar Khan"
"278219","Zupasha Zia","MR-5758","EMDS Call","Medical Emergency","Anxiety / Psychiatric Disorder","2026/04/05 01:26:45 PM","Rahim Yar Khan"
"278220","Sheeza Barkat","MR-5331","EMDS Call","Medical Emergency","Anxiety / Psychiatric Disorder","2026/04/05 01:28:19 PM","Rahim Yar Khan"
"278221","Zupasha Zia","MR-5758","EMDS Call","Medical Emergency","Anxiety / Psychiatric Disorder","2026/04/05 01:30:43 PM","Sadiqabad"
"278222","Aasia Batool","MR-5198","EMDS Call","Rescue Operations","Delivery Case","2026/04/05 01:40:40 PM","Rahim Yar Khan"
"278223","Zupasha Zia","MR-5758","EMDS Call","Medical Emergency","Unconscious","2026/04/05 01:41:30 PM","Khanpur"
"278224","Saima Bashir","MR-5819","EMDS Call","Medical Emergency","Vomiting","2026/04/05 02:17:46 PM","Rahim Yar Khan"
"278226","Muhammad Fiaz","DR-206","EMDS Call","Road Crash","Bleeding","2026/04/05 02:27:53 PM","Liaqatpur"
"278225","Rana M. Usman","DR-200","EMDS Call","Medical Emergency","Abdominal Pain","2026/04/05 02:29:38 PM","Sadiqabad"
"278227","Saima Bashir","MR-5819","EMDS Call","Medical Emergency","Vomiting","2026/04/05 02:40:43 PM","Sadiqabad"
"278228","Saima Bashir","MR-5819","EMDS Call","Medical Emergency","Vomiting","2026/04/05 02:45:22 PM","Sadiqabad"
"278229","Muhammad Fiaz","DR-206","EMDS Call","Road Crash","Bleeding","2026/04/05 02:46:55 PM","Rahim Yar Khan"
"278230","Muhammad Fiaz","DR-206","EMDS Call","Medical Emergency","High Fever","2026/04/05 03:02:59 PM","Rahim Yar Khan"
"278231","Bushra Saleem","MR-5701","EMDS Call","Medical Emergency","Hypoglycemia","2026/04/05 03:00:38 PM","Rahim Yar Khan"
"278232","Muhammad Rashid Saleem","DR-187","EMDS Call","Medical Emergency","SOB/ Respiratory Distress","2026/04/05 03:01:43 PM","Sadiqabad"
"278233","Rana M. Usman","DR-200","EMDS Call","Medical Emergency","Urinary Retention","2026/04/05 03:04:11 PM","Rahim Yar Khan"
"278234","Rana M. Usman","DR-200","EMDS Call","Medical Emergency","Shock","2026/04/05 03:08:05 PM","Rahim Yar Khan"
"77609","Bushra Saleem","MR-5701","Direct Call","Patient Transfer Service","N/A","2026/04/05 03:10:26 PM","Khanpur"
"278235","Bushra Saleem","MR-5701","EMDS Call","Road Crash","Minor Injuries","2026/04/05 03:14:58 PM","Khanpur"
"278237","Bushra Saleem","MR-5701","EMDS Call","Medical Emergency","Hypertension","2026/04/05 03:18:19 PM","Sadiqabad"
"278236","Muhammad Fiaz","DR-206","EMDS Call","Medical Emergency","Hypertension","2026/04/05 03:19:22 PM","Rahim Yar Khan"
"278238","Bushra Saleem","MR-5701","EMDS Call","Fire","Others","2026/04/05 03:24:43 PM","Rahim Yar Khan"
"278239","Muhammad Fiaz","DR-206","EMDS Call","Medical Emergency","Hypoglycemia","2026/04/05 03:28:11 PM","Rahim Yar Khan"
"77610","Saima Bashir","MR-5819","Direct Call","Patient Transfer Service","N/A","2026/04/05 03:37:06 PM","Sadiqabad"
"278240","Bushra Saleem","MR-5701","EMDS Call","Medical Emergency","Unconscious","2026/04/05 03:39:15 PM","Sadiqabad"
"278241","Muhammad Rashid Saleem","DR-187","EMDS Call","Medical Emergency","SOB/ Respiratory Distress","2026/04/05 03:40:04 PM","Khanpur"
"278242","Bushra Saleem","MR-5701","EMDS Call","Medical Emergency","Hypertension","2026/04/05 03:46:39 PM","Rahim Yar Khan"
"77611","Muhammad Fiaz","DR-206","Direct Call","Patient Transfer Service","N/A","2026/04/05 03:51:50 PM","Sadiqabad"
"77612","Saima Bashir","MR-5819","Direct Call","Patient Transfer Service","N/A","2026/04/05 03:54:16 PM","Liaqatpur"
"77613","Saima Bashir","MR-5819","Direct Call","Patient Transfer Service","N/A","2026/04/05 04:02:13 PM","Liaqatpur"
"278243","Muhammad Fiaz","DR-206","EMDS Call","Medical Emergency","Joints Pain","2026/04/05 04:01:40 PM","Sadiqabad"
"278244","Bushra Saleem","MR-5701","EMDS Call","Medical Emergency","High Fever","2026/04/05 04:02:03 PM","Rahim Yar Khan"
"278245","Saima Bashir","MR-5819","EMDS Call","Crime","Probable Suicide","2026/04/05 04:07:52 PM","Khanpur"
"278246","Muhammad Fiaz","DR-206","EMDS Call","Medical Emergency","Joints Pain","2026/04/05 04:25:52 PM","Rahim Yar Khan"
"278247","Bushra Saleem","MR-5701","EMDS Call","Medical Emergency","Hypertension","2026/04/05 04:29:40 PM","Rahim Yar Khan"
"278248","Bushra Saleem","MR-5701","EMDS Call","Medical Emergency","CVA/Stroke","2026/04/05 04:45:02 PM","Khanpur"
"278249","Muhammad Fiaz","DR-206","EMDS Call","Medical Emergency","Hypertension","2026/04/05 04:47:44 PM","Rahim Yar Khan"
"77614","Saima Bashir","MR-5819","Direct Call","Patient Transfer Service","N/A","2026/04/05 04:51:58 PM","Sadiqabad"
"278250","Muhammad Fiaz","DR-206","EMDS Call","Medical Emergency","SOB/ Respiratory Distress","2026/04/05 04:54:36 PM","Sadiqabad"
"77615","Saima Bashir","MR-5819","Direct Call","Patient Transfer Service","N/A","2026/04/05 04:58:33 PM","Sadiqabad"
"278251","Bushra Saleem","MR-5701","EMDS Call","Road Crash","Multiple Fractures","2026/04/05 05:02:24 PM","Khanpur"
"278252","Bushra Saleem","MR-5701","EMDS Call","Medical Emergency","Hyperglycemia","2026/04/05 05:07:24 PM","Rahim Yar Khan"
"278253","Bushra Saleem","MR-5701","EMDS Call","Medical Emergency","Chest Pain","2026/04/05 05:12:24 PM","Rahim Yar Khan"
"278254","Muhammad Fiaz","DR-206","Direct Call","Rescue Operations","Mass Event Coverage","2026/04/05 05:20:45 PM","Sadiqabad"
"278255","Muhammad Fiaz","DR-206","EMDS Call","Medical Emergency","SOB/ Respiratory Distress","2026/04/05 05:26:42 PM","Rahim Yar Khan"
"278256","Muhammad Rashid Saleem","DR-187","EMDS Call","Medical Emergency","Vomiting","2026/04/05 05:49:45 PM","Liaqatpur"
"278258","Muhammad Rashid Saleem","DR-187","EMDS Call","Medical Emergency","Headache","2026/04/05 05:57:42 PM","Khanpur"
"278257","Bushra Saleem","MR-5701","EMDS Call","Medical Emergency","High Fever","2026/04/05 05:58:29 PM","Liaqatpur"
"278260","Muhammad Rashid Saleem","DR-187","EMDS Call","Medical Emergency","Joints Pain","2026/04/05 06:02:02 PM","Sadiqabad"
"278259","Saima Bashir","MR-5819","EMDS Call","Medical Emergency","Abdominal Pain","2026/04/05 06:01:59 PM","Rahim Yar Khan"
"278261","Muhammad Rashid Saleem","DR-187","EMDS Call","Medical Emergency","Hypertension","2026/04/05 06:16:06 PM","Rahim Yar Khan"
"278263","Muhammad Rashid Saleem","DR-187","EMDS Call","Road Crash","Bleeding","2026/04/05 06:18:43 PM","Rahim Yar Khan"
"278262","Saima Bashir","MR-5819","EMDS Call","Medical Emergency","SOB/ Respiratory Distress","2026/04/05 06:18:57 PM","Sadiqabad"
"278264","Bushra Saleem","MR-5701","EMDS Call","Medical Emergency","Epilepsy","2026/04/05 06:21:11 PM","Liaqatpur"
"278265","Saima Bashir","MR-5819","EMDS Call","Medical Emergency","SOB/ Respiratory Distress","2026/04/05 06:29:22 PM","Rahim Yar Khan"
"278266","Muhammad Rashid Saleem","DR-187","EMDS Call","Road Crash","Bleeding","2026/04/05 06:30:00 PM","Rahim Yar Khan"
"278267","Saima Bashir","MR-5819","EMDS Call","Medical Emergency","SOB/ Respiratory Distress","2026/04/05 06:33:45 PM","Khanpur"
"278268","Muhammad Rashid Saleem","DR-187","EMDS Call","Medical Emergency","SOB/ Respiratory Distress","2026/04/05 06:39:45 PM","Sadiqabad"
"278269","Saima Bashir","MR-5819","EMDS Call","Medical Emergency","Anxiety / Psychiatric Disorder","2026/04/05 06:46:51 PM","Rahim Yar Khan"
"278270","Muhammad Rashid Saleem","DR-187","EMDS Call","Medical Emergency","Vomiting","2026/04/05 06:49:19 PM","Rahim Yar Khan"
"278271","Muhammad Rashid Saleem","DR-187","EMDS Call","Road Crash","Severe Trauma","2026/04/05 06:53:15 PM","Khanpur"
"278271","Muhammad Rashid Saleem","DR-187","EMDS Call","Road Crash","Severe Trauma","2026/04/05 06:53:15 PM","Khanpur"
"278272","Muhammad Rashid Saleem","DR-187","EMDS Call","Medical Emergency","Headache","2026/04/05 07:02:25 PM","Rahim Yar Khan"
"278274","Bushra Saleem","MR-5701","EMDS Call","Medical Emergency","Urinary Retention","2026/04/05 07:01:21 PM","Rahim Yar Khan"
"278273","Saima Bashir","MR-5819","EMDS Call","Rescue Operations","Electric Shock","2026/04/05 07:04:03 PM","Rahim Yar Khan"
"77616","Bushra Saleem","MR-5701","Direct Call","Patient Transfer Service","N/A","2026/04/05 07:09:31 PM","Sadiqabad"
"278275","Muhammad Rashid Saleem","DR-187","EMDS Call","Medical Emergency","Hypoglycemia","2026/04/05 07:07:56 PM","Rahim Yar Khan"
"278276","Muhammad Rashid Saleem","DR-187","EMDS Call","Medical Emergency","High Fever","2026/04/05 07:11:13 PM","Liaqatpur"
"278277","Muhammad Rashid Saleem","DR-187","EMDS Call","Medical Emergency","Diabetic","2026/04/05 07:14:28 PM","Rahim Yar Khan"
"278278","Bushra Saleem","MR-5701","EMDS Call","Medical Emergency","Anxiety / Psychiatric Disorder","2026/04/05 07:15:50 PM","Rahim Yar Khan"
"278279","Muhammad Rashid Saleem","DR-187","EMDS Call","Medical Emergency","Hypertension","2026/04/05 07:24:45 PM","Rahim Yar Khan"
"278280","Muhammad Fiaz","DR-206","EMDS Call","Road Crash","Bleeding","2026/04/05 07:26:42 PM","Rahim Yar Khan"
"278281","Saima Bashir","MR-5819","EMDS Call","Medical Emergency","Anxiety / Psychiatric Disorder","2026/04/05 07:30:08 PM","Rahim Yar Khan"
"278283","Bushra Saleem","MR-5701","EMDS Call","Medical Emergency","Epilepsy","2026/04/05 07:35:29 PM","Liaqatpur"
"278282","Muhammad Rashid Saleem","DR-187","EMDS Call","Road Crash","Bleeding","2026/04/05 07:36:14 PM","Sadiqabad"
"278284","Muhammad Rashid Saleem","DR-187","EMDS Call","Road Crash","Bleeding","2026/04/05 07:39:50 PM","Khanpur"
"278284","Muhammad Rashid Saleem","DR-187","EMDS Call","Road Crash","Bleeding","2026/04/05 07:39:50 PM","Khanpur"
"278285","Bushra Saleem","MR-5701","EMDS Call","Medical Emergency","High Fever","2026/04/05 07:42:01 PM","Khanpur"
"278286","Muhammad Fiaz","DR-206","EMDS Call","Road Crash","Bleeding","2026/04/05 07:45:35 PM","Rahim Yar Khan"
"278287","Saima Bashir","MR-5819","EMDS Call","Medical Emergency","Abdominal Pain","2026/04/05 07:46:06 PM","Rahim Yar Khan"
"278288","Saima Bashir","MR-5819","EMDS Call","Medical Emergency","SOB/ Respiratory Distress","2026/04/05 07:51:59 PM","Liaqatpur"
"278289","Bushra Saleem","MR-5701","EMDS Call","Crime","Physical Assault/Violence","2026/04/05 07:51:28 PM","Sadiqabad"
"278290","Muhammad Rashid Saleem","DR-187","EMDS Call","Road Crash","Minor Injuries","2026/04/05 07:53:10 PM","Rahim Yar Khan"
"278291","Muhammad Fiaz","DR-206","EMDS Call","Medical Emergency","Abdominal Pain","2026/04/05 08:00:41 PM","Khanpur"
"278292","Muhammad Zubair","DR-894","EMDS Call","Medical Emergency","Abdominal Pain","2026/04/05 08:12:53 PM","Rahim Yar Khan"
"278293","Muhammad Rashid Saleem","DR-187","EMDS Call","Crime","Physical Assault/Violence","2026/04/05 08:10:35 PM","Khanpur"
"278294","Bushra Saleem","MR-5701","EMDS Call","Medical Emergency","Hypertension","2026/04/05 08:15:46 PM","Liaqatpur"
"278296","Muhammad Zubair","DR-894","Direct Call","Road Crash","Severe Trauma","2026/04/05 08:17:59 PM","Rahim Yar Khan"
"278295","Muhammad Rashid Saleem","DR-187","EMDS Call","Road Crash","Minor Injuries","2026/04/05 08:18:21 PM","Rahim Yar Khan"
"278297","Bushra Saleem","MR-5701","EMDS Call","Rescue Operations","Delivery Case","2026/04/05 08:45:06 PM","Khanpur"
"278298","Muhammad Zubair","DR-894","EMDS Call","Medical Emergency","Vertigo/ Dizziness","2026/04/05 08:46:50 PM","Rahim Yar Khan"
"278299","Saima Bashir","MR-5819","EMDS Call","Medical Emergency","High Fever","2026/04/05 08:48:54 PM","Rahim Yar Khan"
"278300","Muhammad Zubair","DR-894","EMDS Call","Medical Emergency","Abdominal Pain","2026/04/05 08:52:53 PM","Rahim Yar Khan"
"278301","Farah Sadaqat","MR-5930","EMDS Call","Road Crash","Bleeding","2026/04/05 09:05:18 PM","Sadiqabad"
"278302","Muhammad Zubair","DR-894","EMDS Call","Medical Emergency","Vertigo/ Dizziness","2026/04/05 09:05:32 PM","Sadiqabad"
"278303","Maheen Tahir","MR-6017","EMDS Call","Road Crash","Minor Injuries","2026/04/05 09:21:31 PM","Rahim Yar Khan"
"278304","Maheen Tahir","MR-6017","EMDS Call","Medical Emergency","Chest Pain","2026/04/05 09:28:41 PM","Rahim Yar Khan"
"77617","Farah Sadaqat","MR-5930","Direct Call","Patient Transfer Service","N/A","2026/04/05 09:32:10 PM","Rahim Yar Khan"
"278305","Farah Sadaqat","MR-5930","EMDS Call","Medical Emergency","Blood In Vomit","2026/04/05 09:37:56 PM","Rahim Yar Khan"
"278306","Sajid Mehmood","DR-914","EMDS Call","Medical Emergency","Abdominal Pain","2026/04/05 09:39:33 PM","Rahim Yar Khan"
"278307","Muhammad Zubair","DR-894","EMDS Call","Rescue Operations","Snake Emergency","2026/04/05 09:44:24 PM","Khanpur"
"278308","Muhammad Zubair","DR-894","EMDS Call","Crime","Bullet Injury","2026/04/05 09:51:17 PM","Khanpur"
"278309","Sajid Mehmood","DR-914","EMDS Call","Medical Emergency","Epilepsy","2026/04/05 09:54:39 PM","Sadiqabad"
"278310","Maheen Tahir","MR-6017","EMDS Call","Medical Emergency","Joints Pain","2026/04/05 09:59:02 PM","Sadiqabad"
"278311","Muhammad Zubair","DR-894","EMDS Call","Medical Emergency","Abdominal Pain","2026/04/05 10:01:09 PM","Rahim Yar Khan"
"278312","Muhammad Zubair","DR-894","EMDS Call","Medical Emergency","Hypertension","2026/04/05 10:05:11 PM","Khanpur"
"278313","Farah Sadaqat","MR-5930","EMDS Call","Medical Emergency","SOB/ Respiratory Distress","2026/04/05 10:05:33 PM","Khanpur"
"278314","Maheen Tahir","MR-6017","EMDS Call","Medical Emergency","Chest Pain","2026/04/05 10:13:39 PM","Rahim Yar Khan"
"278315","Farah Sadaqat","MR-5930","EMDS Call","Medical Emergency","Hypotension","2026/04/05 10:18:32 PM","Khanpur"
"278316","Sajid Mehmood","DR-914","EMDS Call","Medical Emergency","Chest Pain","2026/04/05 10:20:07 PM","Rahim Yar Khan"
"278317","Muhammad Tariq Hameed","DR-885","EMDS Call","Medical Emergency","Vomiting","2026/04/05 10:24:37 PM","Rahim Yar Khan"
"278318","Sajid Mehmood","DR-914","EMDS Call","Medical Emergency","Urinary Retention","2026/04/05 10:29:50 PM","Rahim Yar Khan"
"278319","Muhammad Tariq Hameed","DR-885","EMDS Call","Medical Emergency","Hypertension","2026/04/05 10:32:08 PM","Khanpur"
"278320","Farah Sadaqat","MR-5930","EMDS Call","Medical Emergency","Unconscious","2026/04/05 10:34:18 PM","Rahim Yar Khan"
"278321","Maheen Tahir","MR-6017","EMDS Call","Medical Emergency","Anxiety / Psychiatric Disorder","2026/04/05 10:36:28 PM","Khanpur"
"278322","Muhammad Tariq Hameed","DR-885","EMDS Call","Rescue Operations","Snake Emergency","2026/04/05 10:52:17 PM","Khanpur"
"278323","Farah Sadaqat","MR-5930","EMDS Call","Medical Emergency","SOB/ Respiratory Distress","2026/04/05 10:54:37 PM","Liaqatpur"
"77618","Farah Sadaqat","MR-5930","Direct Call","Patient Transfer Service","N/A","2026/04/05 11:00:58 PM","Sadiqabad"
"278324","Muhammad Tariq Hameed","DR-885","EMDS Call","Medical Emergency","SOB/ Respiratory Distress","2026/04/05 10:59:40 PM","Rahim Yar Khan"
"278325","Maheen Tahir","MR-6017","EMDS Call","Medical Emergency","Hypertension","2026/04/05 10:59:21 PM","Liaqatpur"
"278326","Sajid Mehmood","DR-914","EMDS Call","Medical Emergency","Chest Pain","2026/04/05 11:13:57 PM","Rahim Yar Khan"
"278327","Farah Sadaqat","MR-5930","EMDS Call","Medical Emergency","Anxiety / Psychiatric Disorder","2026/04/05 11:16:29 PM","Sadiqabad"
"278328","Muhammad Tariq Hameed","DR-885","EMDS Call","Medical Emergency","Others","2026/04/05 11:19:47 PM","Rahim Yar Khan"
"278329","Farah Sadaqat","MR-5930","EMDS Call","Medical Emergency","Hypertension","2026/04/05 11:32:39 PM","Khanpur"
"278330","Muhammad Tariq Hameed","DR-885","EMDS Call","Road Crash","Minor Injuries","2026/04/05 11:36:11 PM","Rahim Yar Khan"
"278331","Sajid Mehmood","DR-914","EMDS Call","Medical Emergency","Abdominal Pain","2026/04/05 11:39:22 PM","Sadiqabad"
"77619","Farah Sadaqat","MR-5930","Direct Call","Patient Transfer Service","N/A","2026/04/05 11:42:56 PM","Sadiqabad"
"278332","Muhammad Tariq Hameed","DR-885","EMDS Call","Medical Emergency","Renal Disorders / Renal Colic ","2026/04/06 12:01:56 AM","Rahim Yar Khan"
"278333","Sajid Mehmood","DR-914","EMDS Call","Rescue Operations","Delivery Case","2026/04/06 12:05:03 AM","Sadiqabad"
"278334","Muhammad Tariq Hameed","DR-885","EMDS Call","Medical Emergency","Vomiting","2026/04/06 12:10:48 AM","Rahim Yar Khan"
"278335","Sajid Mehmood","DR-914","EMDS Call","Medical Emergency","Hypertension","2026/04/06 12:12:32 AM","Liaqatpur"
"278336","Farah Sadaqat","MR-5930","EMDS Call","Medical Emergency","Unconscious","2026/04/06 12:20:35 AM","Sadiqabad"
"278337","Muhammad Tariq Hameed","DR-885","EMDS Call","Medical Emergency","Epilepsy","2026/04/06 12:35:09 AM","Sadiqabad"
"278339","Sajid Mehmood","DR-914","EMDS Call","Medical Emergency","Headache","2026/04/06 12:36:45 AM","Sadiqabad"
"278338","Farah Sadaqat","MR-5930","EMDS Call","Medical Emergency","Renal Disorders / Renal Colic ","2026/04/06 12:37:34 AM","Rahim Yar Khan"
"278340","Muhammad Tariq Hameed","DR-885","EMDS Call","Medical Emergency","Unconscious","2026/04/06 12:46:41 AM","Khanpur"
"278342","Farah Sadaqat","MR-5930","EMDS Call","Medical Emergency","SOB/ Respiratory Distress","2026/04/06 12:49:53 AM","Rahim Yar Khan"
"278341","Sajid Mehmood","DR-914","EMDS Call","Medical Emergency","Joints Pain","2026/04/06 12:50:08 AM","Rahim Yar Khan"
"278343","Sajid Mehmood","DR-914","Direct Call","Rescue Operations","Mass Event Coverage","2026/04/06 12:56:50 AM","Khanpur"
"278344","Farah Sadaqat","MR-5930","EMDS Call","Medical Emergency","High Fever","2026/04/06 01:06:51 AM","Sadiqabad"
"278345","Farah Sadaqat","MR-5930","EMDS Call","Road Crash","Bleeding","2026/04/06 01:10:37 AM","Sadiqabad"
"278346","Sajid Mehmood","DR-914","EMDS Call","Medical Emergency","Abdominal Pain","2026/04/06 01:10:40 AM","Sadiqabad"
"278347","Muhammad Tariq Hameed","DR-885","EMDS Call","Medical Emergency","Abdominal Pain","2026/04/06 01:19:09 AM","Sadiqabad"
"278348","Farah Sadaqat","MR-5930","EMDS Call","Medical Emergency","Abdominal Pain","2026/04/06 01:39:22 AM","Rahim Yar Khan"
"278349","Sajid Mehmood","DR-914","EMDS Call","Medical Emergency","SOB/ Respiratory Distress","2026/04/06 01:48:44 AM","Khanpur"
"278350","Farah Sadaqat","MR-5930","EMDS Call","Medical Emergency","Renal Disorders / Renal Colic ","2026/04/06 01:50:53 AM","Rahim Yar Khan"
"278351","Muhammad Tariq Hameed","DR-885","EMDS Call","Medical Emergency","Abdominal Pain","2026/04/06 02:15:32 AM","Rahim Yar Khan"
"278352","Sajid Mehmood","DR-914","EMDS Call","Medical Emergency","SOB/ Respiratory Distress","2026/04/06 02:17:19 AM","Rahim Yar Khan"
"278353","Farah Sadaqat","MR-5930","EMDS Call","Medical Emergency","Abdominal Pain","2026/04/06 02:24:53 AM","Rahim Yar Khan"
"278354","Muhammad Tariq Hameed","DR-885","EMDS Call","Medical Emergency","Anxiety / Psychiatric Disorder","2026/04/06 02:31:46 AM","Sadiqabad"
"278355","Sajid Mehmood","DR-914","EMDS Call","Medical Emergency","Abdominal Pain","2026/04/06 02:35:14 AM","Rahim Yar Khan"
"278357","Sajid Mehmood","DR-914","EMDS Call","Medical Emergency","Vomiting","2026/04/06 02:45:23 AM","Rahim Yar Khan"
"278356","Muhammad Tariq Hameed","DR-885","EMDS Call","Medical Emergency","Vomiting","2026/04/06 02:44:27 AM","Sadiqabad"
"77620","Farah Sadaqat","MR-5930","Direct Call","Patient Transfer Service","N/A","2026/04/06 02:48:54 AM","Khanpur"
"77621","Farah Sadaqat","MR-5930","Direct Call","Patient Transfer Service","N/A","2026/04/06 02:50:56 AM","Khanpur"
"278358","Farah Sadaqat","MR-5930","EMDS Call","Medical Emergency","Hypertension","2026/04/06 02:53:56 AM","Rahim Yar Khan"
"278359","Muhammad Zubair","DR-894","EMDS Call","Medical Emergency","Unconscious","2026/04/06 03:40:18 AM","Sadiqabad"
"278360","Maheen Tahir","MR-6017","EMDS Call","Rescue Operations","Delivery Case","2026/04/06 04:10:24 AM","Khanpur"
"278361","Maheen Tahir","MR-6017","EMDS Call","Medical Emergency","Blood In Stool","2026/04/06 05:03:20 AM","Rahim Yar Khan"
"278362","Shaheen Islam","DR-1171","EMDS Call","Medical Emergency","Hypertension","2026/04/06 05:03:46 AM","Rahim Yar Khan"
"278363","Muhammad Zubair","DR-894","EMDS Call","Medical Emergency","Hypoglycemia","2026/04/06 05:15:08 AM","Rahim Yar Khan"
"278364","Shaheen Islam","DR-1171","EMDS Call","Medical Emergency","Vomiting","2026/04/06 05:17:14 AM","Sadiqabad"
"278365","Shaheen Islam","DR-1171","EMDS Call","Medical Emergency","Abdominal Pain","2026/04/06 05:22:30 AM","Rahim Yar Khan"
"278366","Maheen Tahir","MR-6017","EMDS Call","Medical Emergency","Joints Pain","2026/04/06 05:27:45 AM","Rahim Yar Khan"
"278367","Shaheen Islam","DR-1171","EMDS Call","Medical Emergency","Anxiety / Psychiatric Disorder","2026/04/06 05:43:12 AM","Rahim Yar Khan"
"278368","Muhammad Zubair","DR-894","EMDS Call","Medical Emergency","Vertigo/ Dizziness","2026/04/06 05:45:16 AM","Rahim Yar Khan"
"278369","Maheen Tahir","MR-6017","EMDS Call","Medical Emergency","Unconscious","2026/04/06 05:50:05 AM","Khanpur"
"278370","Muhammad Zubair","DR-894","EMDS Call","Road Crash","Multiple Fractures","2026/04/06 06:06:30 AM","Rahim Yar Khan"
"278371","Maheen Tahir","MR-6017","EMDS Call","Medical Emergency","Joints Pain","2026/04/06 06:16:48 AM","Liaqatpur"
"278372","Shaheen Islam","DR-1171","EMDS Call","Medical Emergency","Hypoglycemia","2026/04/06 06:15:49 AM","Khanpur"
"278373","Maheen Tahir","MR-6017","EMDS Call","Medical Emergency","Vomiting","2026/04/06 06:17:54 AM","Rahim Yar Khan"
"278374","Shaheen Islam","DR-1171","EMDS Call","Medical Emergency","SOB/ Respiratory Distress","2026/04/06 06:19:37 AM","Rahim Yar Khan"
"278375","Shaheen Islam","DR-1171","EMDS Call","Medical Emergency","Unconscious","2026/04/06 06:21:47 AM","Rahim Yar Khan"
"278376","Maheen Tahir","MR-6017","EMDS Call","Road Crash","Bleeding","2026/04/06 06:20:30 AM","Liaqatpur"
"278377","Maheen Tahir","MR-6017","EMDS Call","Medical Emergency","Unconscious","2026/04/06 06:27:52 AM","Sadiqabad"
"278378","Maheen Tahir","MR-6017","EMDS Call","Medical Emergency","Hypertension","2026/04/06 06:32:30 AM","Khanpur"
"278379","Shaheen Islam","DR-1171","EMDS Call","Fire","Others","2026/04/06 06:34:03 AM","Rahim Yar Khan"
"278380","Maheen Tahir","MR-6017","EMDS Call","Medical Emergency","SOB/ Respiratory Distress","2026/04/06 06:35:41 AM","Rahim Yar Khan"
"278381","Maheen Tahir","MR-6017","EMDS Call","Medical Emergency","Renal Disorders / Renal Colic ","2026/04/06 06:38:46 AM","Rahim Yar Khan"
"77622","Shaheen Islam","DR-1171","Direct Call","Patient Transfer Service","N/A","2026/04/06 06:49:40 AM","Rahim Yar Khan"
"278382","Maheen Tahir","MR-6017","EMDS Call","Medical Emergency","Anxiety / Psychiatric Disorder","2026/04/06 07:04:32 AM","Rahim Yar Khan"
"278383","Muhammad Zubair","DR-894","EMDS Call","Road Crash","Bleeding","2026/04/06 07:14:02 AM","Sadiqabad"
"77623","Sheeza Barkat","MR-5331","Direct Call","Patient Transfer Service","N/A","2026/04/06 07:36:11 AM","Liaqatpur"
"278384","Shaheen Islam","DR-1171","EMDS Call","Rescue Operations","Electric Shock","2026/04/06 07:42:29 AM","Liaqatpur"
"278385","Muhammad Fiaz","DR-206","EMDS Call","Medical Emergency","Unconscious","2026/04/06 07:52:52 AM","Rahim Yar Khan"
"278386","Sheeza Barkat","MR-5331","EMDS Call","Rescue Operations","Snake Emergency","2026/04/06 07:54:47 AM","Sadiqabad"
"278387","Sheeza Barkat","MR-5331","EMDS Call","Medical Emergency","CVA/Stroke","2026/04/06 07:58:55 AM","Sadiqabad"
"278388","Adnan Shabbir","DR-205","EMDS Call","Medical Emergency","Hypoglycemia","2026/04/06 08:04:58 AM","Khanpur"
"278389","Sheeza Barkat","MR-5331","EMDS Call","Road Crash","Bleeding","2026/04/06 08:08:00 AM","Rahim Yar Khan"
"278390","Sheeza Barkat","MR-5331","EMDS Call","Road Crash","Bleeding","2026/04/06 08:11:55 AM","Rahim Yar Khan"
"278391","Muhammad Arshad","DR-198","EMDS Call","Rescue Operations","Delivery Case","2026/04/06 08:27:16 AM","Sadiqabad"
"77624","Muhammad Fiaz","DR-206","Direct Call","Patient Transfer Service","N/A","2026/04/06 08:31:05 AM","Sadiqabad"
"278392","Muhammad Rashid Saleem","DR-187","EMDS Call","Medical Emergency","Chronic Illness","2026/04/06 08:33:15 AM","Rahim Yar Khan"
"278393","Muhammad Arshad","DR-198","EMDS Call","Medical Emergency","Chronic Illness","2026/04/06 08:37:17 AM","Rahim Yar Khan"
"278394","Adnan Shabbir","DR-205","EMDS Call","Medical Emergency","Domestic Injuries","2026/04/06 08:49:32 AM","Rahim Yar Khan"
"77625","Muhammad Rashid Saleem","DR-187","Direct Call","Patient Transfer Service","N/A","2026/04/06 08:55:07 AM","Khanpur"
"278395","Muhammad Arshad","DR-198","EMDS Call","Medical Emergency","SOB/ Respiratory Distress","2026/04/06 08:53:02 AM","Sadiqabad"
"278396","Adnan Shabbir","DR-205","EMDS Call","Medical Emergency","Renal Disorders / Renal Colic ","2026/04/06 08:59:04 AM","Liaqatpur"
"278397","Muhammad Fiaz","DR-206","EMDS Call","Road Crash","Bleeding","2026/04/06 08:58:23 AM","Khanpur"
"278397","Muhammad Fiaz","DR-206","EMDS Call","Road Crash","Bleeding","2026/04/06 08:58:23 AM","Khanpur"
"77626","Muhammad Rashid Saleem","DR-187","Direct Call","Patient Transfer Service","N/A","2026/04/06 09:00:55 AM","Sadiqabad"
"77627","Muhammad Rashid Saleem","DR-187","Direct Call","Patient Transfer Service","N/A","2026/04/06 09:03:06 AM","Khanpur"
"278398","Muhammad Fiaz","DR-206","EMDS Call","Road Crash","Minor Injuries","2026/04/06 09:03:18 AM","Rahim Yar Khan"
"278399","Adnan Shabbir","DR-205","EMDS Call","Medical Emergency","Vomiting","2026/04/06 09:04:37 AM","Rahim Yar Khan"
"278400","Muhammad Rashid Saleem","DR-187","EMDS Call","Rescue Operations","Delivery Case","2026/04/06 09:05:25 AM","Liaqatpur"
"278401","Muhammad Rashid Saleem","DR-187","EMDS Call","Medical Emergency","Unconscious","2026/04/06 09:12:41 AM","Rahim Yar Khan"
"278402","Adnan Shabbir","DR-205","EMDS Call","Medical Emergency","Domestic Injuries","2026/04/06 09:09:57 AM","Rahim Yar Khan"
"278403","Muhammad Fiaz","DR-206","EMDS Call","Medical Emergency","SOB/ Respiratory Distress","2026/04/06 09:15:10 AM","Liaqatpur"
"278404","Muhammad Rashid Saleem","DR-187","EMDS Call","Medical Emergency","Domestic Injuries","2026/04/06 09:17:07 AM","Khanpur"
"278405","Muhammad Rashid Saleem","DR-187","EMDS Call","Medical Emergency","Domestic Injuries","2026/04/06 09:21:49 AM","Liaqatpur"
"278406","Fahad Hussain","DR-538","EMDS Call","Medical Emergency","Hypoglycemia","2026/04/06 09:30:34 AM","Rahim Yar Khan"
"278407","Muhammad Fiaz","DR-206","EMDS Call","Medical Emergency","Vomiting","2026/04/06 09:36:23 AM","Rahim Yar Khan"
"278408","Muhammad Arshad","DR-198","EMDS Call","Medical Emergency","Backache","2026/04/06 09:40:10 AM","Sadiqabad"
"278409","Muhammad Fiaz","DR-206","EMDS Call","Medical Emergency","Vomiting","2026/04/06 09:44:55 AM","Sadiqabad"
"278410","Muhammad Arshad","DR-198","EMDS Call","Medical Emergency","Chest Pain","2026/04/06 09:52:54 AM","Rahim Yar Khan"
"278411","Muhammad Arshad","DR-198","EMDS Call","Medical Emergency","Vomiting","2026/04/06 10:00:20 AM","Rahim Yar Khan"
"278412","Fahad Hussain","DR-538","EMDS Call","Road Crash","Bleeding","2026/04/06 10:07:31 AM","Sadiqabad"
"278413","Muhammad Arshad","DR-198","EMDS Call","Medical Emergency","Headache","2026/04/06 10:08:20 AM","Rahim Yar Khan"
"278414","Muhammad Fiaz","DR-206","EMDS Call","Medical Emergency","Renal Disorders / Renal Colic ","2026/04/06 10:11:58 AM","Rahim Yar Khan"
"278415","Muhammad Fiaz","DR-206","EMDS Call","Medical Emergency","Chest Pain","2026/04/06 10:14:02 AM","Khanpur"
"278416","Fahad Hussain","DR-538","EMDS Call","Medical Emergency","Unconscious","2026/04/06 10:23:36 AM","Sadiqabad"
"77628","Fahad Hussain","DR-538","Direct Call","Patient Transfer Service","N/A","2026/04/06 10:32:03 AM","Liaqatpur"
"278417","Muhammad Arshad","DR-198","EMDS Call","Road Crash","Bleeding","2026/04/06 10:32:29 AM","Rahim Yar Khan"
"278418","Muhammad AAmar","DR-915","EMDS Call","Medical Emergency","Joints Pain","2026/04/06 10:35:59 AM","Rahim Yar Khan"
"278419","Muhammad Fiaz","DR-206","EMDS Call","Medical Emergency","SOB/ Respiratory Distress","2026/04/06 10:38:48 AM","Rahim Yar Khan"
"278420","Muhammad Arshad","DR-198","EMDS Call","Medical Emergency","Chest Pain","2026/04/06 10:40:18 AM","Khanpur"
"278421","Fahad Hussain","DR-538","EMDS Call","Medical Emergency","Vomiting","2026/04/06 10:42:24 AM","Liaqatpur"
"278422","Muhammad Fiaz","DR-206","EMDS Call","Medical Emergency","Headache","2026/04/06 10:43:18 AM","Rahim Yar Khan"
"278423","Muhammad Arshad","DR-198","EMDS Call","Medical Emergency","Hypertension","2026/04/06 10:42:29 AM","Sadiqabad"
"278424","Muhammad Arshad","DR-198","EMDS Call","Medical Emergency","Hypertension","2026/04/06 10:47:41 AM","Rahim Yar Khan"
"278425","Muhammad Arshad","DR-198","EMDS Call","Medical Emergency","Domestic Injuries","2026/04/06 10:52:13 AM","Rahim Yar Khan"
"278426","Muhammad AAmar","DR-915","EMDS Call","Rescue Operations","Delivery Case","2026/04/06 10:55:56 AM","Rahim Yar Khan"
"278427","Nida Rahat","DR-1322","EMDS Call","Medical Emergency","Anxiety / Psychiatric Disorder","2026/04/06 10:56:55 AM","Liaqatpur"
"278428","Muhammad Fiaz","DR-206","EMDS Call","Medical Emergency","Abdominal Pain","2026/04/06 11:00:07 AM","Khanpur"
"278429","Muhammad AAmar","DR-915","EMDS Call","Medical Emergency","Anxiety / Psychiatric Disorder","2026/04/06 11:07:20 AM","Rahim Yar Khan"
"278430","Muhammad Arshad","DR-198","EMDS Call","Road Crash","Bleeding","2026/04/06 11:11:38 AM","Liaqatpur"
"278430","Muhammad Arshad","DR-198","EMDS Call","Road Crash","Bleeding","2026/04/06 11:11:38 AM","Liaqatpur"
"278433","Muhammad AAmar","DR-915","EMDS Call","Road Crash","Severe Trauma","2026/04/06 11:14:01 AM","Liaqatpur"
"278433","Muhammad AAmar","DR-915","EMDS Call","Road Crash","Severe Trauma","2026/04/06 11:14:01 AM","Liaqatpur"
"278433","Muhammad AAmar","DR-915","EMDS Call","Road Crash","Severe Trauma","2026/04/06 11:14:01 AM","Liaqatpur"
"278433","Muhammad AAmar","DR-915","EMDS Call","Road Crash","Severe Trauma","2026/04/06 11:14:01 AM","Liaqatpur"
"278431","Muhammad Fiaz","DR-206","EMDS Call","Medical Emergency","Chronic Illness","2026/04/06 11:21:22 AM","Sadiqabad"
"278432","Imran Anjum","DR-204","EMDS Call","Medical Emergency","Vomiting","2026/04/06 11:26:55 AM","Sadiqabad"
"278434","Muhammad AAmar","DR-915","EMDS Call","Medical Emergency","Vomiting","2026/04/06 11:31:30 AM","Rahim Yar Khan"
"278435","Muhammad Fiaz","DR-206","EMDS Call","Road Crash","Bleeding","2026/04/06 11:31:11 AM","Rahim Yar Khan"
"77629","Nida Rahat","DR-1322","Direct Call","Patient Transfer Service","N/A","2026/04/06 11:39:03 AM","Sadiqabad"
"278436","Muhammad Fiaz","DR-206","EMDS Call","Medical Emergency","Anxiety / Psychiatric Disorder","2026/04/06 11:38:06 AM","Rahim Yar Khan"
"77630","Nida Rahat","DR-1322","Direct Call","Patient Transfer Service","N/A","2026/04/06 11:42:20 AM","Khanpur"
"278437","Muhammad Fiaz","DR-206","EMDS Call","Fire","Others","2026/04/06 11:43:36 AM","Rahim Yar Khan"
"278438","Imran Anjum","DR-204","EMDS Call","Medical Emergency","Gynae Problem","2026/04/06 11:46:18 AM","Rahim Yar Khan"
"278439","Imran Anjum","DR-204","EMDS Call","Medical Emergency","High Fever","2026/04/06 11:55:28 AM","Khanpur"
"278440","Nida Rahat","DR-1322","EMDS Call","Medical Emergency","Joints Pain","2026/04/06 11:57:50 AM","Sadiqabad"
"278441","Imran Anjum","DR-204","EMDS Call","Medical Emergency","SOB/ Respiratory Distress","2026/04/06 11:59:33 AM","Sadiqabad"
"278442","Muhammad Fiaz","DR-206","EMDS Call","Road Crash","Bleeding","2026/04/06 12:14:17 PM","Khanpur"
"278443","Muhammad Fiaz","DR-206","EMDS Call","Medical Emergency","Anxiety / Psychiatric Disorder","2026/04/06 12:21:05 PM","Sadiqabad"
"278444","Nida Rahat","DR-1322","EMDS Call","Medical Emergency","Abdominal Pain","2026/04/06 12:23:27 PM","Rahim Yar Khan"
"278445","Imran Anjum","DR-204","Direct Call","Rescue Operations","Animal/Bird Rescue","2026/04/06 12:29:49 PM","Rahim Yar Khan"
"278446","Nida Rahat","DR-1322","EMDS Call","Medical Emergency","Anxiety / Psychiatric Disorder","2026/04/06 12:35:17 PM","Rahim Yar Khan"
"278447","Imran Anjum","DR-204","EMDS Call","Rescue Operations","Electric Shock","2026/04/06 12:44:25 PM","Rahim Yar Khan"
"278448","Nida Rahat","DR-1322","EMDS Call","Medical Emergency","Vomiting","2026/04/06 12:46:23 PM","Sadiqabad"
"278449","Zupasha Zia","MR-5758","EMDS Call","Medical Emergency","Hypertension","2026/04/06 12:50:06 PM","Liaqatpur"
"278450","Zupasha Zia","MR-5758","EMDS Call","Medical Emergency","SOB/ Respiratory Distress","2026/04/06 12:53:22 PM","Rahim Yar Khan"
"278451","Nida Rahat","DR-1322","EMDS Call","Road Crash","Bleeding","2026/04/06 12:54:06 PM","Rahim Yar Khan"
"278452","Zupasha Zia","MR-5758","EMDS Call","Road Crash","Bleeding","2026/04/06 12:56:13 PM","Sadiqabad"
"278453","Imran Anjum","DR-204","EMDS Call","Road Crash","Multiple Fractures","2026/04/06 01:06:07 PM","Rahim Yar Khan"
"278454","Nida Rahat","DR-1322","EMDS Call","Medical Emergency","Unconscious","2026/04/06 01:13:30 PM","Liaqatpur"
"278455","Nida Rahat","DR-1322","EMDS Call","Medical Emergency","Domestic Injuries","2026/04/06 01:18:11 PM","Rahim Yar Khan"
"278456","Zupasha Zia","MR-5758","EMDS Call","Rescue Operations","Work/Occupational Injuries","2026/04/06 01:19:23 PM","Rahim Yar Khan"
"77631","Nida Rahat","DR-1322","Direct Call","Patient Transfer Service","N/A","2026/04/06 01:24:49 PM","Khanpur"
"77632","Zupasha Zia","MR-5758","Direct Call","Patient Transfer Service","N/A","2026/04/06 01:30:14 PM","Khanpur"
"278457","Imran Anjum","DR-204","EMDS Call","Medical Emergency","Domestic Injuries","2026/04/06 01:32:31 PM","Rahim Yar Khan"
"278458","Imran Anjum","DR-204","EMDS Call","Road Crash","Bleeding","2026/04/06 01:44:19 PM","Khanpur"
"278459","Nida Rahat","DR-1322","EMDS Call","Medical Emergency","CVA/Stroke","2026/04/06 01:44:50 PM","Sadiqabad"
"278460","Imran Anjum","DR-204","EMDS Call","Rescue Operations","Snake Emergency","2026/04/06 01:46:27 PM","Sadiqabad"
"278461","Zupasha Zia","MR-5758","EMDS Call","Road Crash","Minor Injuries","2026/04/06 01:48:47 PM","Sadiqabad"
"278462","Imran Anjum","DR-204","EMDS Call","Road Crash","Bleeding","2026/04/06 01:57:55 PM","Sadiqabad"
"278462","Imran Anjum","DR-204","EMDS Call","Road Crash","Bleeding","2026/04/06 01:57:55 PM","Sadiqabad"
"278463","Imran Anjum","DR-204","EMDS Call","Road Crash","Minor Injuries","2026/04/06 02:03:56 PM","Rahim Yar Khan"
"278464","Zupasha Zia","MR-5758","EMDS Call","Medical Emergency","Urinary Retention","2026/04/06 02:04:24 PM","Rahim Yar Khan"
"278465","Zupasha Zia","MR-5758","EMDS Call","Medical Emergency","Abdominal Pain","2026/04/06 02:10:28 PM","Khanpur"
"278466","Muhammad Riaz","DR-654","EMDS Call","Road Crash","Minor Injuries","2026/04/06 02:12:10 PM","Rahim Yar Khan"
"278467","Saima Bashir","MR-5819","EMDS Call","Road Crash","Minor Injuries","2026/04/06 02:22:36 PM","Khanpur"
"278468","Bushra Saleem","MR-5701","EMDS Call","Medical Emergency","Hypertension","2026/04/06 02:22:14 PM","Liaqatpur"
"278469","Saima Bashir","MR-5819","EMDS Call","Road Crash","Minor Injuries","2026/04/06 02:29:08 PM","Sadiqabad"
"278469","Saima Bashir","MR-5819","EMDS Call","Road Crash","Minor Injuries","2026/04/06 02:29:08 PM","Sadiqabad"
"278470","Adil Iqbal","DR-782","EMDS Call","Medical Emergency","Hyperglycemia","2026/04/06 02:34:07 PM","Rahim Yar Khan"
"77633","Bushra Saleem","MR-5701","Direct Call","Patient Transfer Service","N/A","2026/04/06 02:49:05 PM","Liaqatpur"
"278471","Shahla Nawaz","DR-185","EMDS Call","Medical Emergency","Vomiting","2026/04/06 02:54:46 PM","Rahim Yar Khan"
"77634","Saima Bashir","MR-5819","Direct Call","Patient Transfer Service","N/A","2026/04/06 02:57:24 PM","Liaqatpur"
"278472","Adil Iqbal","DR-782","EMDS Call","Road Crash","Bleeding","2026/04/06 03:00:20 PM","Rahim Yar Khan"
"278472","Adil Iqbal","DR-782","EMDS Call","Road Crash","Bleeding","2026/04/06 03:00:20 PM","Rahim Yar Khan"
"278473","Shahla Nawaz","DR-185","EMDS Call","Medical Emergency","Unconscious","2026/04/06 03:06:00 PM","Rahim Yar Khan"
"278474","Shahla Nawaz","DR-185","EMDS Call","Medical Emergency","Anxiety / Psychiatric Disorder","2026/04/06 03:11:57 PM","Rahim Yar Khan"
"278475","Saima Bashir","MR-5819","EMDS Call","Medical Emergency","Hypertension","2026/04/06 03:15:13 PM","Liaqatpur"
"278477","Shahla Nawaz","DR-185","EMDS Call","Road Crash","Bleeding","2026/04/06 03:16:22 PM","Rahim Yar Khan"
"278476","Bushra Saleem","MR-5701","EMDS Call","Road Crash","Minor Injuries","2026/04/06 03:16:05 PM","Rahim Yar Khan"
"278478","Bushra Saleem","MR-5701","EMDS Call","Medical Emergency","SOB/ Respiratory Distress","2026/04/06 03:19:57 PM","Rahim Yar Khan"
"278479","Shahla Nawaz","DR-185","EMDS Call","Road Crash","Minor Injuries","2026/04/06 03:29:16 PM","Khanpur"
"278480","Bushra Saleem","MR-5701","EMDS Call","Medical Emergency","SOB/ Respiratory Distress","2026/04/06 03:30:04 PM","Sadiqabad"
"77635","Shahla Nawaz","DR-185","Direct Call","Patient Transfer Service","N/A","2026/04/06 03:32:36 PM","Khanpur"
"278481","Shahla Nawaz","DR-185","EMDS Call","Medical Emergency","Abdominal Pain","2026/04/06 03:33:35 PM","Khanpur"
"77636","Saima Bashir","MR-5819","Direct Call","Patient Transfer Service","N/A","2026/04/06 03:39:46 PM","Liaqatpur"
"77637","Saima Bashir","MR-5819","Direct Call","Patient Transfer Service","N/A","2026/04/06 03:40:30 PM","Sadiqabad"
"278482","Adil Iqbal","DR-782","EMDS Call","Medical Emergency","Vertigo/ Dizziness","2026/04/06 03:38:35 PM","Sadiqabad"
"278483","Adil Iqbal","DR-782","EMDS Call","Medical Emergency","SOB/ Respiratory Distress","2026/04/06 03:45:18 PM","Rahim Yar Khan"
"77638","Bushra Saleem","MR-5701","Direct Call","Patient Transfer Service","N/A","2026/04/06 03:48:15 PM","Sadiqabad"
"278484","Saima Bashir","MR-5819","EMDS Call","Road Crash","Bleeding","2026/04/06 03:46:27 PM","Sadiqabad"
"278485","Adil Iqbal","DR-782","EMDS Call","Crime","Probable Suicide","2026/04/06 03:51:52 PM","Rahim Yar Khan"
"278486","Adil Iqbal","DR-782","EMDS Call","Road Crash","Bleeding","2026/04/06 03:58:02 PM","Sadiqabad"
"278486","Adil Iqbal","DR-782","EMDS Call","Road Crash","Bleeding","2026/04/06 03:58:02 PM","Sadiqabad"
"77639","Bushra Saleem","MR-5701","Direct Call","Patient Transfer Service","N/A","2026/04/06 04:08:50 PM","Sadiqabad"
"278487","Shahla Nawaz","DR-185","EMDS Call","Medical Emergency","Vomiting","2026/04/06 04:11:49 PM","Rahim Yar Khan"
"278488","Bushra Saleem","MR-5701","EMDS Call","Medical Emergency","Hypertension","2026/04/06 04:11:48 PM","Rahim Yar Khan"
"278489","Saima Bashir","MR-5819","EMDS Call","Medical Emergency","Abdominal Pain","2026/04/06 04:32:28 PM","Khanpur"
"278490","Shahla Nawaz","DR-185","EMDS Call","Medical Emergency","Abdominal Pain","2026/04/06 04:34:37 PM","Rahim Yar Khan"
"278491","Bushra Saleem","MR-5701","EMDS Call","Road Crash","Minor Injuries","2026/04/06 04:34:52 PM","Rahim Yar Khan"
"278492","Shahla Nawaz","DR-185","EMDS Call","Medical Emergency","Anxiety / Psychiatric Disorder","2026/04/06 04:42:40 PM","Rahim Yar Khan"
"278493","Shahla Nawaz","DR-185","EMDS Call","Road Crash","Multiple Fractures","2026/04/06 04:48:12 PM","Rahim Yar Khan"
"278494","Shahla Nawaz","DR-185","EMDS Call","Medical Emergency","Hypertension","2026/04/06 04:52:56 PM","Liaqatpur"
"278495","Bushra Saleem","MR-5701","EMDS Call","Road Crash","Bleeding","2026/04/06 04:58:53 PM","Rahim Yar Khan"
"278496","Shahla Nawaz","DR-185","EMDS Call","Medical Emergency","Chest Pain","2026/04/06 05:00:52 PM","Khanpur"
"278497","Bushra Saleem","MR-5701","EMDS Call","Road Crash","Minor Injuries","2026/04/06 05:04:51 PM","Rahim Yar Khan"
"278498","Bushra Saleem","MR-5701","EMDS Call","Medical Emergency","Abdominal Pain","2026/04/06 05:13:06 PM","Rahim Yar Khan"
"278499","Saima Bashir","MR-5819","EMDS Call","Road Crash","Bleeding","2026/04/06 05:13:30 PM","Sadiqabad"
"278499","Saima Bashir","MR-5819","EMDS Call","Road Crash","Bleeding","2026/04/06 05:13:30 PM","Sadiqabad"
"278500","Bushra Saleem","MR-5701","EMDS Call","Fire","Others","2026/04/06 05:31:07 PM","Liaqatpur"
"278501","Muhammad Riaz","DR-654","EMDS Call","Road Crash","Bleeding","2026/04/06 05:39:21 PM","Khanpur"
"278503","Muhammad Riaz","DR-654","EMDS Call","Medical Emergency","Hypertension","2026/04/06 05:47:01 PM","Rahim Yar Khan"
"278502","Shahla Nawaz","DR-185","EMDS Call","Medical Emergency","Vomiting","2026/04/06 05:47:05 PM","Khanpur"
"77640","Saima Bashir","MR-5819","Direct Call","Patient Transfer Service","N/A","2026/04/06 05:52:59 PM","Khanpur"
"77641","Saima Bashir","MR-5819","Direct Call","Patient Transfer Service","N/A","2026/04/06 05:54:56 PM","Khanpur"
"278504","Shahla Nawaz","DR-185","EMDS Call","Medical Emergency","Anxiety / Psychiatric Disorder","2026/04/06 05:53:51 PM","Rahim Yar Khan"
"77642","Saima Bashir","MR-5819","Direct Call","Patient Transfer Service","N/A","2026/04/06 06:12:48 PM","Sadiqabad"
"278505","Bushra Saleem","MR-5701","EMDS Call","Medical Emergency","Abdominal Pain","2026/04/06 06:13:46 PM","Sadiqabad"
"278506","Muhammad Riaz","DR-654","EMDS Call","Medical Emergency","Anxiety / Psychiatric Disorder","2026/04/06 06:19:12 PM","Rahim Yar Khan"
"278507","Bushra Saleem","MR-5701","EMDS Call","Road Crash","Bleeding","2026/04/06 06:26:50 PM","Rahim Yar Khan"
"278508","Shahla Nawaz","DR-185","EMDS Call","Medical Emergency","Vertigo/ Dizziness","2026/04/06 06:28:25 PM","Rahim Yar Khan"
"278509","Bushra Saleem","MR-5701","EMDS Call","Medical Emergency","Joints Pain","2026/04/06 06:30:19 PM","Rahim Yar Khan"
"278510","Shahla Nawaz","DR-185","EMDS Call","Medical Emergency","Anxiety / Psychiatric Disorder","2026/04/06 06:30:27 PM","Sadiqabad"
"278511","Shahla Nawaz","DR-185","EMDS Call","Medical Emergency","Domestic Injuries","2026/04/06 06:39:47 PM","Rahim Yar Khan"
"278512","Shahla Nawaz","DR-185","EMDS Call","Crime","Physical Assault/Violence","2026/04/06 06:44:27 PM","Khanpur"
"278513","Bushra Saleem","MR-5701","EMDS Call","Medical Emergency","Hypertension","2026/04/06 06:44:03 PM","Liaqatpur"
"278514","Shahla Nawaz","DR-185","EMDS Call","Road Crash","Bleeding","2026/04/06 06:47:54 PM","Rahim Yar Khan"
"278515","Bushra Saleem","MR-5701","EMDS Call","Medical Emergency","Joints Pain","2026/04/06 06:52:39 PM","Khanpur"
"278516","Shahla Nawaz","DR-185","EMDS Call","Rescue Operations","Delivery Case","2026/04/06 06:53:48 PM","Sadiqabad"
"Not Assigned","Adil Iqbal","DR-782","EMDS Call","Rescue Operations","Scalds/Burn Due To Negligence","2026/04/06 06:53:49 PM","Rahim Yar Khan"
"278517","Adil Iqbal","DR-782","EMDS Call","Rescue Operations","Scalds/Burn Due To Negligence","2026/04/06 06:57:12 PM","Rahim Yar Khan"
"278518","Shahla Nawaz","DR-185","EMDS Call","Medical Emergency","Anxiety / Psychiatric Disorder","2026/04/06 06:59:59 PM","Rahim Yar Khan"
"278519","Shahla Nawaz","DR-185","EMDS Call","Medical Emergency","Abdominal Pain","2026/04/06 07:06:33 PM","Khanpur"
"278520","Shahla Nawaz","DR-185","EMDS Call","Medical Emergency","Anxiety / Psychiatric Disorder","2026/04/06 07:15:27 PM","Liaqatpur"
"278521","Shahla Nawaz","DR-185","EMDS Call","Road Crash","Bleeding","2026/04/06 07:21:41 PM","Rahim Yar Khan"
"278522","Muhammad Riaz","DR-654","EMDS Call","Medical Emergency","Chronic Illness","2026/04/06 07:21:21 PM","Sadiqabad"
"278523","Adil Iqbal","DR-782","EMDS Call","Medical Emergency","Hypertension","2026/04/06 07:20:58 PM","Rahim Yar Khan"
"278524","Shahla Nawaz","DR-185","EMDS Call","Road Crash","Minor Injuries","2026/04/06 07:23:39 PM","Rahim Yar Khan"
"278525","Adil Iqbal","DR-782","EMDS Call","Medical Emergency","Abdominal Pain","2026/04/06 07:26:51 PM","Rahim Yar Khan"
"278526","Adil Iqbal","DR-782","EMDS Call","Medical Emergency","Hypertension","2026/04/06 07:40:34 PM","Rahim Yar Khan"
"278527","Bushra Saleem","MR-5701","EMDS Call","Rescue Operations","Delivery Case","2026/04/06 07:42:52 PM","Khanpur"
"278528","Shahla Nawaz","DR-185","EMDS Call","Medical Emergency","SOB/ Respiratory Distress","2026/04/06 07:43:45 PM","Sadiqabad"
"278529","Muhammad Riaz","DR-654","EMDS Call","Road Crash","Minor Injuries","2026/04/06 07:51:27 PM","Liaqatpur"
"278529","Muhammad Riaz","DR-654","EMDS Call","Road Crash","Minor Injuries","2026/04/06 07:51:27 PM","Liaqatpur"
"278530","Shahla Nawaz","DR-185","EMDS Call","Road Crash","Minor Injuries","2026/04/06 07:53:00 PM","Sadiqabad"
"278531","Shahla Nawaz","DR-185","EMDS Call","Medical Emergency","SOB/ Respiratory Distress","2026/04/06 07:57:46 PM","Rahim Yar Khan"
"278532","Adil Iqbal","DR-782","EMDS Call","Medical Emergency","Domestic Injuries","2026/04/06 08:07:57 PM","Rahim Yar Khan"
"278533","Shahla Nawaz","DR-185","EMDS Call","Medical Emergency","Hypertension","2026/04/06 08:09:20 PM","Rahim Yar Khan"
"278534","Adil Iqbal","DR-782","EMDS Call","Rescue Operations","Electric Shock","2026/04/06 08:10:55 PM","Sadiqabad"
"278535","Shahla Nawaz","DR-185","EMDS Call","Medical Emergency","Joints Pain","2026/04/06 08:15:06 PM","Liaqatpur"
"278536","Shahla Nawaz","DR-185","EMDS Call","Fire","Others","2026/04/06 08:21:15 PM","Liaqatpur"
"278537","Adil Iqbal","DR-782","EMDS Call","Medical Emergency","Unconscious","2026/04/06 08:22:48 PM","Rahim Yar Khan"
"278538","Adil Iqbal","DR-782","EMDS Call","Medical Emergency","Gynae Problem","2026/04/06 08:28:31 PM","Rahim Yar Khan"
"278539","Farhad Iftikhar","DR-913","EMDS Call","Medical Emergency","Hypertension","2026/04/06 08:39:26 PM","Khanpur"
"278540","Farhad Iftikhar","DR-913","EMDS Call","Medical Emergency","Anxiety / Psychiatric Disorder","2026/04/06 08:44:59 PM","Rahim Yar Khan"
"278541","Shahla Nawaz","DR-185","EMDS Call","Medical Emergency","Vertigo/ Dizziness","2026/04/06 08:51:55 PM","Rahim Yar Khan"
"278542","Farah Sadaqat","MR-5930","EMDS Call","Medical Emergency","Renal Disorders / Renal Colic ","2026/04/06 08:54:56 PM","Liaqatpur"
"278544","Muhammad Zubair","DR-894","EMDS Call","Rescue Operations","Delivery Case","2026/04/06 09:00:30 PM","Sadiqabad"
"278543","Farhad Iftikhar","DR-913","EMDS Call","Medical Emergency","Vomiting","2026/04/06 09:00:53 PM","Rahim Yar Khan"
"278545","Farah Sadaqat","MR-5930","EMDS Call","Medical Emergency","Hypertension","2026/04/06 09:02:27 PM","Khanpur"
"77643","Farah Sadaqat","MR-5930","Direct Call","Patient Transfer Service","N/A","2026/04/06 09:04:55 PM","Sadiqabad"
"278546","Muhammad Zubair","DR-894","EMDS Call","Medical Emergency","Hypertension","2026/04/06 09:03:53 PM","Rahim Yar Khan"
"278547","Farhad Iftikhar","DR-913","EMDS Call","Road Crash","Bleeding","2026/04/06 09:06:21 PM","Rahim Yar Khan"
"278548","Farah Sadaqat","MR-5930","EMDS Call","Medical Emergency","Anxiety / Psychiatric Disorder","2026/04/06 09:09:35 PM","Rahim Yar Khan"
"278549","Farhad Iftikhar","DR-913","EMDS Call","Medical Emergency","Renal Disorders / Renal Colic ","2026/04/06 09:18:08 PM","Khanpur"
"77644","Farah Sadaqat","MR-5930","Direct Call","Patient Transfer Service","N/A","2026/04/06 09:19:57 PM","Sadiqabad"
"278550","Muhammad Zubair","DR-894","EMDS Call","Medical Emergency","Chronic Illness","2026/04/06 09:22:48 PM","Sadiqabad"
"278551","Maheen Tahir","MR-6017","EMDS Call","Fall","Slipped On Floor","2026/04/06 09:46:41 PM","Rahim Yar Khan"
"278552","Muhammad Zubair","DR-894","EMDS Call","Medical Emergency","Anxiety / Psychiatric Disorder","2026/04/06 09:51:12 PM","Sadiqabad"
"278554","Muhammad Zubair","DR-894","EMDS Call","Rescue Operations","Delivery Case","2026/04/06 10:14:58 PM","Rahim Yar Khan"
"278553","Maheen Tahir","MR-6017","EMDS Call","Medical Emergency","Hypertension","2026/04/06 10:15:25 PM","Sadiqabad"
"77645","Maheen Tahir","MR-6017","Direct Call","Patient Transfer Service","N/A","2026/04/06 10:22:50 PM","Khanpur"
"77646","Muhammad Zubair","DR-894","Direct Call","Patient Transfer Service","N/A","2026/04/06 10:34:48 PM","Khanpur"
"278555","Maheen Tahir","MR-6017","EMDS Call","Medical Emergency","Backache","2026/04/06 10:37:56 PM","Rahim Yar Khan"
"278556","Farhad Iftikhar","DR-913","EMDS Call","Medical Emergency","Vomiting","2026/04/06 10:39:07 PM","Khanpur"
"77647","Farhad Iftikhar","DR-913","Direct Call","Patient Transfer Service","N/A","2026/04/06 10:43:40 PM","Sadiqabad"
"77648","Farhad Iftikhar","DR-913","Direct Call","Patient Transfer Service","N/A","2026/04/06 10:51:29 PM","Sadiqabad"
"278557","Farah Sadaqat","MR-5930","EMDS Call","Medical Emergency","Vomiting","2026/04/06 10:52:06 PM","Sadiqabad"
"278558","Farhad Iftikhar","DR-913","EMDS Call","Medical Emergency","Chest Pain","2026/04/06 10:52:08 PM","Sadiqabad"
"77649","Farah Sadaqat","MR-5930","Direct Call","Patient Transfer Service","N/A","2026/04/06 10:57:24 PM","Sadiqabad"
"278559","Maheen Tahir","MR-6017","EMDS Call","Medical Emergency","Unconscious","2026/04/06 11:02:33 PM","Rahim Yar Khan"
"278560","Farah Sadaqat","MR-5930","EMDS Call","Medical Emergency","SOB/ Respiratory Distress","2026/04/06 11:19:24 PM","Rahim Yar Khan"
"278561","Farhad Iftikhar","DR-913","EMDS Call","Medical Emergency","Headache","2026/04/06 11:35:08 PM","Rahim Yar Khan"
"278562","Maheen Tahir","MR-6017","EMDS Call","Road Crash","Minor Injuries","2026/04/06 11:37:43 PM","Rahim Yar Khan"
"278563","Maheen Tahir","MR-6017","EMDS Call","Rescue Operations","Delivery Case","2026/04/06 11:53:54 PM","Sadiqabad"
"278564","Maheen Tahir","MR-6017","EMDS Call","Medical Emergency","SOB/ Respiratory Distress","2026/04/06 11:59:02 PM","Sadiqabad"
"278565","Farhad Iftikhar","DR-913","EMDS Call","Medical Emergency","Epilepsy","2026/04/07 12:01:31 AM","Khanpur"
"278566","Farah Sadaqat","MR-5930","EMDS Call","Medical Emergency","Joints Pain","2026/04/07 12:02:53 AM","Rahim Yar Khan"
"77650","Farhad Iftikhar","DR-913","Direct Call","Patient Transfer Service","N/A","2026/04/07 12:07:30 AM","Liaqatpur"
"77651","Farhad Iftikhar","DR-913","Direct Call","Patient Transfer Service","N/A","2026/04/07 12:08:13 AM","Sadiqabad"
"77652","Farhad Iftikhar","DR-913","Direct Call","Patient Transfer Service","N/A","2026/04/07 12:10:58 AM","Khanpur"
"278567","Maheen Tahir","MR-6017","EMDS Call","Medical Emergency","CVA/Stroke","2026/04/07 12:12:13 AM","Rahim Yar Khan"
"278568","Maheen Tahir","MR-6017","EMDS Call","Medical Emergency","SOB/ Respiratory Distress","2026/04/07 12:16:21 AM","Rahim Yar Khan"
"278569","Farhad Iftikhar","DR-913","EMDS Call","Medical Emergency","Epilepsy","2026/04/07 12:30:47 AM","Rahim Yar Khan"
"278570","Farah Sadaqat","MR-5930","EMDS Call","Medical Emergency","Joints Pain","2026/04/07 12:31:39 AM","Rahim Yar Khan"
"278571","Farah Sadaqat","MR-5930","EMDS Call","Medical Emergency","High Fever","2026/04/07 12:54:22 AM","Sadiqabad"
"278572","Farhad Iftikhar","DR-913","EMDS Call","Medical Emergency","Domestic Injuries","2026/04/07 12:55:07 AM","Rahim Yar Khan"
"278573","Maheen Tahir","MR-6017","EMDS Call","Medical Emergency","Anxiety / Psychiatric Disorder","2026/04/07 01:02:25 AM","Rahim Yar Khan"
"278574","Farah Sadaqat","MR-5930","EMDS Call","Medical Emergency","SOB/ Respiratory Distress","2026/04/07 01:04:55 AM","Rahim Yar Khan"
"278575","Farah Sadaqat","MR-5930","EMDS Call","Rescue Operations","Delivery Case","2026/04/07 01:14:35 AM","Rahim Yar Khan"
"278576","Maheen Tahir","MR-6017","EMDS Call","Medical Emergency","Domestic Injuries","2026/04/07 01:26:18 AM","Rahim Yar Khan"
"278577","Farah Sadaqat","MR-5930","EMDS Call","Medical Emergency","Chronic Illness","2026/04/07 01:26:52 AM","Sadiqabad"
"278578","Farhad Iftikhar","DR-913","EMDS Call","Medical Emergency","SOB/ Respiratory Distress","2026/04/07 01:35:07 AM","Khanpur"
"278579","Maheen Tahir","MR-6017","EMDS Call","Medical Emergency","SOB/ Respiratory Distress","2026/04/07 01:39:58 AM","Rahim Yar Khan"
"77653","Farhad Iftikhar","DR-913","Direct Call","Patient Transfer Service","N/A","2026/04/07 01:55:22 AM","Liaqatpur"
"278580","Maheen Tahir","MR-6017","EMDS Call","Medical Emergency","Abdominal Pain","2026/04/07 02:02:51 AM","Khanpur"
"278581","Farah Sadaqat","MR-5930","EMDS Call","Medical Emergency","Domestic Injuries","2026/04/07 02:12:37 AM","Liaqatpur"
"77654","Maheen Tahir","MR-6017","Direct Call","Patient Transfer Service","N/A","2026/04/07 02:17:22 AM","Sadiqabad"
"278582","Farah Sadaqat","MR-5930","EMDS Call","Medical Emergency","Unconscious","2026/04/07 02:17:47 AM","Sadiqabad"
"278583","Maheen Tahir","MR-6017","EMDS Call","Medical Emergency","Vertigo/ Dizziness","2026/04/07 02:27:44 AM","Rahim Yar Khan"
"278584","Farhad Iftikhar","DR-913","EMDS Call","Rescue Operations","Delivery Case","2026/04/07 02:46:33 AM","Khanpur"
"278585","Maheen Tahir","MR-6017","EMDS Call","Medical Emergency","Abdominal Pain","2026/04/07 02:47:09 AM","Rahim Yar Khan"
"278586","Farah Sadaqat","MR-5930","EMDS Call","Medical Emergency","Hypertension","2026/04/07 02:48:09 AM","Rahim Yar Khan"
"278587","Farhad Iftikhar","DR-913","EMDS Call","Medical Emergency","Abdominal Pain","2026/04/07 02:56:01 AM","Rahim Yar Khan"
"278589","Farah Sadaqat","MR-5930","EMDS Call","Medical Emergency","Abdominal Pain","2026/04/07 02:58:46 AM","Rahim Yar Khan"
"278588","Maheen Tahir","MR-6017","EMDS Call","Medical Emergency","Abdominal Pain","2026/04/07 02:57:22 AM","Liaqatpur"
"278590","Faiz Muhyy Ul Din","DR-892","EMDS Call","Medical Emergency","High Fever","2026/04/07 03:35:07 AM","Sadiqabad"
"278591","Muhammad Zubair","DR-894","EMDS Call","Medical Emergency","Abdominal Pain","2026/04/07 04:07:49 AM","Khanpur"
"278592","Faiz Muhyy Ul Din","DR-892","EMDS Call","Medical Emergency","Abdominal Pain","2026/04/07 04:14:41 AM","Rahim Yar Khan"
"278593","Muhammad Zubair","DR-894","EMDS Call","Medical Emergency","SOB/ Respiratory Distress","2026/04/07 04:27:59 AM","Khanpur"
"278594","Shaheen Islam","DR-1171","EMDS Call","Medical Emergency","Abdominal Pain","2026/04/07 04:30:52 AM","Liaqatpur"
"278595","Muhammad Zubair","DR-894","EMDS Call","Medical Emergency","Chronic Illness","2026/04/07 04:32:33 AM","Rahim Yar Khan"
"77655","Faiz Muhyy Ul Din","DR-892","Direct Call","Patient Transfer Service","N/A","2026/04/07 04:40:57 AM","Sadiqabad"
"278596","Muhammad Zubair","DR-894","Direct Call","Medical Emergency","Delivery","2026/04/07 04:41:32 AM","Liaqatpur"
"278597","Muhammad Zubair","DR-894","EMDS Call","Medical Emergency","Chest Pain","2026/04/07 05:08:44 AM","Rahim Yar Khan"
"278598","Muhammad Zubair","DR-894","EMDS Call","Medical Emergency","Hypoglycemia","2026/04/07 05:14:47 AM","Sadiqabad"
"278599","Faiz Muhyy Ul Din","DR-892","EMDS Call","Medical Emergency","Abdominal Pain","2026/04/07 05:18:58 AM","Rahim Yar Khan"
"278600","Shaheen Islam","DR-1171","EMDS Call","Rescue Operations","Delivery Case","2026/04/07 05:34:11 AM","Rahim Yar Khan"
"278601","Muhammad Zubair","DR-894","EMDS Call","Medical Emergency","Anxiety / Psychiatric Disorder","2026/04/07 05:59:34 AM","Rahim Yar Khan"
"278602","Muhammad Zubair","DR-894","EMDS Call","Medical Emergency","Vertigo/ Dizziness","2026/04/07 06:24:41 AM","Rahim Yar Khan"
"77656","Faiz Muhyy Ul Din","DR-892","Direct Call","Patient Transfer Service","N/A","2026/04/07 06:32:33 AM","Liaqatpur"
"77657","Shaheen Islam","DR-1171","Direct Call","Patient Transfer Service","N/A","2026/04/07 07:21:19 AM","Khanpur"
"278603","Faiz Muhyy Ul Din","DR-892","EMDS Call","Medical Emergency","Abdominal Pain","2026/04/07 07:23:18 AM","Rahim Yar Khan"
"278604","Muhammad Zubair","DR-894","EMDS Call","Rescue Operations","Animal/Bird Rescue","2026/04/07 07:28:58 AM","Rahim Yar Khan"
"278605","Muhammad Zubair","DR-894","EMDS Call","Medical Emergency","Domestic Injuries","2026/04/07 07:32:24 AM","Sadiqabad"
"278606","Sheeza Barkat","MR-5331","EMDS Call","Medical Emergency","Vomiting","2026/04/07 07:42:50 AM","Khanpur"
"278607","Adnan Shabbir","DR-205","EMDS Call","Medical Emergency","Vomiting","2026/04/07 08:05:08 AM","Rahim Yar Khan"
"278608","Nida Rahat","DR-1322","EMDS Call","Road Crash","Severe Trauma","2026/04/07 08:06:49 AM","Rahim Yar Khan"
"278609","Adnan Shabbir","DR-205","EMDS Call","Road Crash","Bleeding","2026/04/07 08:07:30 AM","Rahim Yar Khan"
"278610","Zia ul Haq","DR-328","EMDS Call","Medical Emergency","Hypoglycemia","2026/04/07 08:06:33 AM","Khanpur"
"278611","Fahad Hussain","DR-538","EMDS Call","Road Crash","Bleeding","2026/04/07 08:18:09 AM","Rahim Yar Khan"
"278612","Adnan Shabbir","DR-205","EMDS Call","Medical Emergency","Domestic Injuries","2026/04/07 08:45:20 AM","Rahim Yar Khan"
"278613","Muhammad Rashid Saleem","DR-187","EMDS Call","Medical Emergency","Domestic Injuries","2026/04/07 09:06:02 AM","Rahim Yar Khan"
"278614","Adnan Shabbir","DR-205","EMDS Call","Medical Emergency","Hypertension","2026/04/07 09:09:04 AM","Khanpur"
"278615","Muhammad Rashid Saleem","DR-187","EMDS Call","Medical Emergency","Abdominal Pain","2026/04/07 09:17:25 AM","Liaqatpur"
"278616","Fahad Hussain","DR-538","EMDS Call","Medical Emergency","Earache/ Toothache","2026/04/07 09:20:22 AM","Sadiqabad"
"77658","Fahad Hussain","DR-538","Direct Call","Patient Transfer Service","N/A","2026/04/07 09:23:12 AM","Sadiqabad"
"278618","Muhammad Rashid Saleem","DR-187","EMDS Call","Fall","Fall From Roof","2026/04/07 09:21:46 AM","Rahim Yar Khan"
"278617","Adnan Shabbir","DR-205","EMDS Call","Medical Emergency","Vertigo/ Dizziness","2026/04/07 09:24:29 AM","Rahim Yar Khan"
"278619","Muhammad AAmar","DR-915","EMDS Call","Medical Emergency","High Fever","2026/04/07 09:33:55 AM","Sadiqabad"
"278620","Adnan Shabbir","DR-205","EMDS Call","Medical Emergency","Abdominal Pain","2026/04/07 09:41:19 AM","Rahim Yar Khan"
"278621","Fahad Hussain","DR-538","EMDS Call","Medical Emergency","Vomiting","2026/04/07 09:43:27 AM","Sadiqabad"
"278623","Sheeza Barkat","MR-5331","EMDS Call","Medical Emergency","Abdominal Pain","2026/04/07 09:54:01 AM","Rahim Yar Khan"
"278622","Fahad Hussain","DR-538","EMDS Call","Medical Emergency","Anxiety / Psychiatric Disorder","2026/04/07 09:55:09 AM","Rahim Yar Khan"
"278624","Nida Rahat","DR-1322","EMDS Call","Medical Emergency","Vomiting","2026/04/07 10:07:09 AM","Rahim Yar Khan"
"278625","Muhammad AAmar","DR-915","EMDS Call","Medical Emergency","Vomiting","2026/04/07 10:07:38 AM","Rahim Yar Khan"
"278627","Sheeza Barkat","MR-5331","EMDS Call","Medical Emergency","Chest Pain","2026/04/07 10:15:17 AM","Khanpur"
"278626","Aasia Batool","MR-5198","EMDS Call","Medical Emergency","Chronic Illness","2026/04/07 10:14:56 AM","Khanpur"
"278628","Sheeza Barkat","MR-5331","EMDS Call","Medical Emergency","Hyperglycemia","2026/04/07 10:18:17 AM","Liaqatpur"
"278629","Muhammad AAmar","DR-915","EMDS Call","Road Crash","Bleeding","2026/04/07 10:23:29 AM","Rahim Yar Khan"
"278629","Muhammad AAmar","DR-915","EMDS Call","Road Crash","Bleeding","2026/04/07 10:23:29 AM","Rahim Yar Khan"
"278630","Muhammad AAmar","DR-915","EMDS Call","Medical Emergency","Abdominal Pain","2026/04/07 10:29:10 AM","Khanpur"
"278631","Nida Rahat","DR-1322","EMDS Call","Medical Emergency","SOB/ Respiratory Distress","2026/04/07 10:31:08 AM","Khanpur"
"Not Assigned","Sheeza Barkat","MR-5331","Direct Call","High Raised Building Inspection","High Raised Building Inspection","2026/04/07 10:34:43 AM","Rahim Yar Khan"
"278632","Muhammad AAmar","DR-915","EMDS Call","Medical Emergency","SOB/ Respiratory Distress","2026/04/07 10:35:22 AM","Sadiqabad"
"278633","Muhammad AAmar","DR-915","EMDS Call","Rescue Operations","Delivery Case","2026/04/07 10:41:07 AM","Sadiqabad"
"278634","Nida Rahat","DR-1322","EMDS Call","Medical Emergency","Joints Pain","2026/04/07 10:44:13 AM","Sadiqabad"
"278635","Nida Rahat","DR-1322","EMDS Call","Medical Emergency","SOB/ Respiratory Distress","2026/04/07 10:49:39 AM","Rahim Yar Khan"
"77659","Nida Rahat","DR-1322","Direct Call","Patient Transfer Service","N/A","2026/04/07 10:54:40 AM","Sadiqabad"
"278636","Aasia Batool","MR-5198","EMDS Call","Medical Emergency","Hypertension","2026/04/07 10:53:55 AM","Rahim Yar Khan"
"278637","Nida Rahat","DR-1322","EMDS Call","Medical Emergency","Abdominal Pain","2026/04/07 10:54:40 AM","Rahim Yar Khan"
"278638","Sheeza Barkat","MR-5331","EMDS Call","Medical Emergency","Hypotension","2026/04/07 11:04:06 AM","Khanpur"
"278639","Aasia Batool","MR-5198","EMDS Call","Medical Emergency","Vertigo/ Dizziness","2026/04/07 11:10:13 AM","Sadiqabad"
"278641","Muhammad AAmar","DR-915","EMDS Call","Medical Emergency","Chronic Illness","2026/04/07 11:10:56 AM","Rahim Yar Khan"
"278640","Nida Rahat","DR-1322","EMDS Call","Road Crash","Bleeding","2026/04/07 11:12:42 AM","Khanpur"
"278642","Muhammad AAmar","DR-915","EMDS Call","Rescue Operations","Snake Emergency","2026/04/07 11:17:48 AM","Liaqatpur"
"278643","Muhammad AAmar","DR-915","EMDS Call","Medical Emergency","Abdominal Pain","2026/04/07 11:37:36 AM","Khanpur"
"278644","Aasia Batool","MR-5198","EMDS Call","Medical Emergency","Vertigo/ Dizziness","2026/04/07 11:38:36 AM","Rahim Yar Khan"
"278645","Muhammad AAmar","DR-915","EMDS Call","Medical Emergency","Chest Pain","2026/04/07 12:02:42 PM","Rahim Yar Khan"
"278647","Nida Rahat","DR-1322","EMDS Call","Rescue Operations","Delivery Case","2026/04/07 12:03:15 PM","Sadiqabad"
"278646","Aasia Batool","MR-5198","EMDS Call","Medical Emergency","Headache","2026/04/07 12:03:49 PM","Sadiqabad"
"77660","Fahad Hussain","DR-538","Direct Call","Patient Transfer Service","N/A","2026/04/07 12:08:04 PM","Khanpur"
"278648","Muhammad AAmar","DR-915","EMDS Call","Medical Emergency","Vertigo/ Dizziness","2026/04/07 12:10:46 PM","Rahim Yar Khan"
"77661","Aasia Batool","MR-5198","Direct Call","Patient Transfer Service","N/A","2026/04/07 12:11:43 PM","Sadiqabad"
"278649","Aasia Batool","MR-5198","EMDS Call","Road Crash","Bleeding","2026/04/07 12:13:07 PM","Liaqatpur"
"278650","Muhammad AAmar","DR-915","EMDS Call","Medical Emergency","Domestic Injuries","2026/04/07 12:18:47 PM","Liaqatpur"
"278651","Fahad Hussain","DR-538","EMDS Call","Medical Emergency","Hyperglycemia","2026/04/07 12:20:26 PM","Khanpur"
"278652","Aasia Batool","MR-5198","EMDS Call","Medical Emergency","Chronic Illness","2026/04/07 12:28:49 PM","Rahim Yar Khan"
"278653","Muhammad AAmar","DR-915","EMDS Call","Medical Emergency","Chest Pain","2026/04/07 12:31:57 PM","Khanpur"
"278654","Fahad Hussain","DR-538","EMDS Call","Medical Emergency","Joints Pain","2026/04/07 12:34:29 PM","Liaqatpur"
"278655","Aasia Batool","MR-5198","EMDS Call","Road Crash","Bleeding","2026/04/07 12:36:54 PM","Rahim Yar Khan"
"77662","Nida Rahat","DR-1322","Direct Call","Patient Transfer Service","N/A","2026/04/07 12:39:31 PM","Sadiqabad"
"278656","Aasia Batool","MR-5198","EMDS Call","Road Crash","Minor Injuries","2026/04/07 12:55:52 PM","Rahim Yar Khan"
"77663","Fahad Hussain","DR-538","Direct Call","Patient Transfer Service","N/A","2026/04/07 12:58:06 PM","Liaqatpur"
"278657","Fahad Hussain","DR-538","EMDS Call","Medical Emergency","Anxiety / Psychiatric Disorder","2026/04/07 01:01:29 PM","Rahim Yar Khan"
"278658","Zia ul Haq","DR-328","EMDS Call","Medical Emergency","Anxiety / Psychiatric Disorder","2026/04/07 01:02:03 PM","Rahim Yar Khan"
"278659","Zia ul Haq","DR-328","EMDS Call","Medical Emergency","SOB/ Respiratory Distress","2026/04/07 01:06:29 PM","Sadiqabad"
"278660","Aasia Batool","MR-5198","EMDS Call","Rescue Operations","Delivery Case","2026/04/07 01:20:58 PM","Rahim Yar Khan"
"278661","Zia ul Haq","DR-328","EMDS Call","Medical Emergency","Chest Pain","2026/04/07 01:24:00 PM","Khanpur"
"278662","Zia ul Haq","DR-328","EMDS Call","Medical Emergency","Vomiting","2026/04/07 01:37:51 PM","Rahim Yar Khan"
"278663","Aasia Batool","MR-5198","EMDS Call","Road Crash","Minor Injuries","2026/04/07 01:39:02 PM","Sadiqabad"
"278664","Zia ul Haq","DR-328","EMDS Call","Medical Emergency","Anxiety / Psychiatric Disorder","2026/04/07 01:41:33 PM","Sadiqabad"
"278665","Aasia Batool","MR-5198","EMDS Call","Road Crash","Minor Injuries","2026/04/07 01:49:19 PM","Rahim Yar Khan"
"278666","Zia ul Haq","DR-328","EMDS Call","Medical Emergency","Anxiety / Psychiatric Disorder","2026/04/07 01:47:29 PM","Rahim Yar Khan"
"77664","Aasia Batool","MR-5198","Direct Call","Patient Transfer Service","N/A","2026/04/07 01:55:06 PM","Khanpur"
"278667","Zia ul Haq","DR-328","EMDS Call","Medical Emergency","SOB/ Respiratory Distress","2026/04/07 02:01:56 PM","Sadiqabad"
"278668","Fahad Hussain","DR-538","EMDS Call","Medical Emergency","Vomiting","2026/04/07 02:20:34 PM","Khanpur"
"278669","Saima Bashir","MR-5819","EMDS Call","Medical Emergency","Abdominal Pain","2026/04/07 02:28:52 PM","Sadiqabad"
"77665","Adil Iqbal","DR-782","Direct Call","Patient Transfer Service","N/A","2026/04/07 02:40:40 PM","Khanpur"
"77666","Adil Iqbal","DR-782","Direct Call","Patient Transfer Service","N/A","2026/04/07 02:43:16 PM","Khanpur"
"278670","Saima Bashir","MR-5819","EMDS Call","Road Crash","Bleeding","2026/04/07 02:42:25 PM","Khanpur"
"278671","Adil Iqbal","DR-782","EMDS Call","Medical Emergency","Anxiety / Psychiatric Disorder","2026/04/07 02:50:58 PM","Rahim Yar Khan"
"278672","Muhammad Riaz","DR-654","EMDS Call","Medical Emergency","SOB/ Respiratory Distress","2026/04/07 02:55:22 PM","Sadiqabad"
"278673","Saima Bashir","MR-5819","EMDS Call","Medical Emergency","Anxiety / Psychiatric Disorder","2026/04/07 02:56:25 PM","Sadiqabad"
"278674","Adil Iqbal","DR-782","EMDS Call","Road Crash","Bleeding","2026/04/07 03:02:29 PM","Liaqatpur"
"278674","Adil Iqbal","DR-782","EMDS Call","Road Crash","Bleeding","2026/04/07 03:02:29 PM","Liaqatpur"
"278675","Muhammad Fiaz","DR-206","EMDS Call","Medical Emergency","Vertigo/ Dizziness","2026/04/07 03:12:04 PM","Rahim Yar Khan"
"278676","Adil Iqbal","DR-782","EMDS Call","Crime","Probable Suicide","2026/04/07 03:19:45 PM","Khanpur"
"278677","Saima Bashir","MR-5819","EMDS Call","Medical Emergency","Vertigo/ Dizziness","2026/04/07 03:28:15 PM","Rahim Yar Khan"
"278678","Muhammad Riaz","DR-654","EMDS Call","Medical Emergency","Unconscious","2026/04/07 03:36:34 PM","Rahim Yar Khan"
"77667","Saima Bashir","MR-5819","Direct Call","Patient Transfer Service","N/A","2026/04/07 03:47:50 PM","Liaqatpur"
"278679","Muhammad Fiaz","DR-206","EMDS Call","Medical Emergency","Abdominal Pain","2026/04/07 03:55:34 PM","Sadiqabad"
"278680","Saima Bashir","MR-5819","EMDS Call","Medical Emergency","Headache","2026/04/07 04:14:20 PM","Rahim Yar Khan"
"278681","Muhammad Riaz","DR-654","EMDS Call","Medical Emergency","SOB/ Respiratory Distress","2026/04/07 04:17:42 PM","Sadiqabad"
"278682","Muhammad Riaz","DR-654","EMDS Call","Medical Emergency","Abdominal Pain","2026/04/07 04:25:45 PM","Rahim Yar Khan"
"278683","Muhammad Riaz","DR-654","EMDS Call","Medical Emergency","Chronic Illness","2026/04/07 04:28:50 PM","Khanpur"
"278684","Muhammad Fiaz","DR-206","EMDS Call","Road Crash","Bleeding","2026/04/07 04:29:28 PM","Rahim Yar Khan"
"278685","Shahla Nawaz","DR-185","EMDS Call","Road Crash","Bleeding","2026/04/07 04:33:47 PM","Sadiqabad"
"278685","Shahla Nawaz","DR-185","EMDS Call","Road Crash","Bleeding","2026/04/07 04:33:47 PM","Sadiqabad"
"278685","Shahla Nawaz","DR-185","EMDS Call","Road Crash","Bleeding","2026/04/07 04:33:47 PM","Sadiqabad"
"278686","Saima Bashir","MR-5819","EMDS Call","Medical Emergency","SOB/ Respiratory Distress","2026/04/07 04:34:51 PM","Sadiqabad"
"278687","Shahla Nawaz","DR-185","EMDS Call","Rescue Operations","Animal Hit","2026/04/07 04:41:03 PM","Khanpur"
"278688","Muhammad Fiaz","DR-206","EMDS Call","Road Crash","Bleeding","2026/04/07 04:41:48 PM","Sadiqabad"
"77668","Saima Bashir","MR-5819","Direct Call","Patient Transfer Service","N/A","2026/04/07 04:46:40 PM","Sadiqabad"
"278689","Muhammad Fiaz","DR-206","EMDS Call","Road Crash","Minor Injuries","2026/04/07 04:51:04 PM","Sadiqabad"
"278690","Shahla Nawaz","DR-185","EMDS Call","Medical Emergency","Anxiety / Psychiatric Disorder","2026/04/07 04:58:33 PM","Sadiqabad"
"278691","Saima Bashir","MR-5819","EMDS Call","Medical Emergency","Abdominal Pain","2026/04/07 05:02:22 PM","Rahim Yar Khan"
"278692","Saima Bashir","MR-5819","EMDS Call","Medical Emergency","High Fever","2026/04/07 05:16:33 PM","Liaqatpur"
"278693","Shahla Nawaz","DR-185","EMDS Call","Medical Emergency","Vertigo/ Dizziness","2026/04/07 05:17:57 PM","Rahim Yar Khan"
"278694","Shahla Nawaz","DR-185","EMDS Call","Medical Emergency","Anxiety / Psychiatric Disorder","2026/04/07 05:21:28 PM","Rahim Yar Khan"
"278695","Muhammad Riaz","DR-654","EMDS Call","Medical Emergency","Hypertension","2026/04/07 05:32:52 PM","Sadiqabad"
"77669","Muhammad Fiaz","DR-206","Direct Call","Patient Transfer Service","N/A","2026/04/07 05:46:02 PM","Liaqatpur"
"278696","Saima Bashir","MR-5819","EMDS Call","Medical Emergency","Hypertension","2026/04/07 05:44:53 PM","Rahim Yar Khan"
"278697","Shahla Nawaz","DR-185","EMDS Call","Medical Emergency","Anxiety / Psychiatric Disorder","2026/04/07 05:45:17 PM","Liaqatpur"
"278698","Saima Bashir","MR-5819","EMDS Call","Medical Emergency","Headache","2026/04/07 05:55:17 PM","Rahim Yar Khan"
"278699","Muhammad Riaz","DR-654","EMDS Call","Medical Emergency","Domestic Injuries","2026/04/07 06:04:00 PM","Sadiqabad"
"77670","Saima Bashir","MR-5819","Direct Call","Patient Transfer Service","N/A","2026/04/07 06:07:40 PM","Sadiqabad"
"278700","Shahla Nawaz","DR-185","EMDS Call","Medical Emergency","Vertigo/ Dizziness","2026/04/07 06:20:15 PM","Rahim Yar Khan"
"278701","Muhammad Riaz","DR-654","EMDS Call","Rescue Operations","Electric Shock","2026/04/07 06:18:09 PM","Rahim Yar Khan"
"278702","Saima Bashir","MR-5819","EMDS Call","Medical Emergency","Vertigo/ Dizziness","2026/04/07 06:26:42 PM","Rahim Yar Khan"
"77671","Saima Bashir","MR-5819","Direct Call","Patient Transfer Service","N/A","2026/04/07 06:31:46 PM","Sadiqabad"
"278703","Muhammad Riaz","DR-654","EMDS Call","Medical Emergency","SOB/ Respiratory Distress","2026/04/07 06:37:03 PM","Rahim Yar Khan"
"278704","Muhammad Riaz","DR-654","EMDS Call","Medical Emergency","Anxiety / Psychiatric Disorder","2026/04/07 06:43:55 PM","Sadiqabad"
"278705","Muhammad Fiaz","DR-206","EMDS Call","Medical Emergency","Abdominal Pain","2026/04/07 06:47:47 PM","Liaqatpur"
"278706","Muhammad Fiaz","DR-206","EMDS Call","Medical Emergency","Abdominal Pain","2026/04/07 06:51:09 PM","Sadiqabad"
"77672","Muhammad Fiaz","DR-206","Direct Call","Patient Transfer Service","N/A","2026/04/07 06:53:01 PM","Sadiqabad"
"278707","Saima Bashir","MR-5819","EMDS Call","Rescue Operations","Delivery Case","2026/04/07 06:52:40 PM","Rahim Yar Khan"
"278708","Muhammad Riaz","DR-654","EMDS Call","Road Crash","Severe Trauma","2026/04/07 06:58:22 PM","Rahim Yar Khan"
"278709","Muhammad Riaz","DR-654","EMDS Call","Medical Emergency","Anxiety / Psychiatric Disorder","2026/04/07 07:05:05 PM","Rahim Yar Khan"
"77673","Muhammad Fiaz","DR-206","Direct Call","Patient Transfer Service","N/A","2026/04/07 07:15:28 PM","Sadiqabad"
"278710","Muhammad Fiaz","DR-206","EMDS Call","Road Crash","Bleeding","2026/04/07 07:28:29 PM","Sadiqabad"
"278711","Shahla Nawaz","DR-185","EMDS Call","Medical Emergency","SOB/ Respiratory Distress","2026/04/07 07:28:00 PM","Rahim Yar Khan"
"278712","Saima Bashir","MR-5819","EMDS Call","Road Crash","Bleeding","2026/04/07 07:33:30 PM","Rahim Yar Khan"
"278712","Saima Bashir","MR-5819","EMDS Call","Road Crash","Bleeding","2026/04/07 07:33:30 PM","Rahim Yar Khan"
"278713","Shahla Nawaz","DR-185","EMDS Call","Medical Emergency","Headache","2026/04/07 07:36:24 PM","Rahim Yar Khan"
"278714","Muhammad Fiaz","DR-206","EMDS Call","Medical Emergency","Unconscious","2026/04/07 07:40:55 PM","Rahim Yar Khan"
"278715","Muhammad Fiaz","DR-206","EMDS Call","Rescue Operations","Electric Shock","2026/04/07 07:47:46 PM","Rahim Yar Khan"
"278716","Shahla Nawaz","DR-185","EMDS Call","Road Crash","Bleeding","2026/04/07 07:46:45 PM","Rahim Yar Khan"
"278717","Muhammad Fiaz","DR-206","EMDS Call","Medical Emergency","Chest Pain","2026/04/07 08:01:19 PM","Liaqatpur"
"278718","Muhammad Fiaz","DR-206","EMDS Call","Medical Emergency","Hypertension","2026/04/07 08:03:23 PM","Sadiqabad"
"278719","Shahla Nawaz","DR-185","EMDS Call","Road Crash","Multiple Fractures","2026/04/07 08:08:56 PM","Rahim Yar Khan"
"278719","Shahla Nawaz","DR-185","EMDS Call","Road Crash","Multiple Fractures","2026/04/07 08:08:56 PM","Rahim Yar Khan"
"278720","Muhammad Fiaz","DR-206","EMDS Call","Road Crash","Minor Injuries","2026/04/07 08:20:08 PM","Rahim Yar Khan"
"278721","Shahla Nawaz","DR-185","EMDS Call","Medical Emergency","Unconscious","2026/04/07 08:21:11 PM","Liaqatpur"
"278722","Saima Bashir","MR-5819","EMDS Call","Road Crash","Bleeding","2026/04/07 08:22:27 PM","Rahim Yar Khan"
"77674","Saima Bashir","MR-5819","Direct Call","Patient Transfer Service","N/A","2026/04/07 08:26:00 PM","Khanpur"
"278723","Muhammad Fiaz","DR-206","EMDS Call","Road Crash","Bleeding","2026/04/07 08:26:52 PM","Sadiqabad"
"278724","Shahla Nawaz","DR-185","EMDS Call","Road Crash","Bleeding","2026/04/07 08:28:43 PM","Rahim Yar Khan"
"278725","Shahla Nawaz","DR-185","EMDS Call","Medical Emergency","Joints Pain","2026/04/07 08:31:41 PM","Rahim Yar Khan"
"278726","Muhammad Fiaz","DR-206","EMDS Call","Medical Emergency","Epilepsy","2026/04/07 08:32:38 PM","Rahim Yar Khan"
"278727","Shahla Nawaz","DR-185","EMDS Call","Road Crash","Minor Injuries","2026/04/07 08:38:49 PM","Rahim Yar Khan"
"278728","Muhammad Riaz","DR-654","EMDS Call","Medical Emergency","Vomiting","2026/04/07 08:46:17 PM","Rahim Yar Khan"
"278729","Saima Bashir","MR-5819","EMDS Call","Rescue Operations","Delivery Case","2026/04/07 08:50:52 PM","Rahim Yar Khan"
"278730","Maheen Tahir","MR-6017","EMDS Call","Medical Emergency","Diarrhea","2026/04/07 08:55:39 PM","Rahim Yar Khan"
"278731","Maheen Tahir","MR-6017","EMDS Call","Medical Emergency","Gynae Problem","2026/04/07 09:04:25 PM","Rahim Yar Khan"
"278732","Faiz Muhyy Ul Din","DR-892","EMDS Call","Medical Emergency","Abdominal Pain","2026/04/07 09:06:33 PM","Liaqatpur"
"278733","Maheen Tahir","MR-6017","EMDS Call","Road Crash","Minor Injuries","2026/04/07 09:12:32 PM","Rahim Yar Khan"
"278735","Faiz Muhyy Ul Din","DR-892","EMDS Call","Medical Emergency","Chest Pain","2026/04/07 09:20:11 PM","Sadiqabad"
"278734","Maheen Tahir","MR-6017","EMDS Call","Medical Emergency","Anxiety / Psychiatric Disorder","2026/04/07 09:21:06 PM","Rahim Yar Khan"
"77675","Farah Sadaqat","MR-5930","Direct Call","Patient Transfer Service","N/A","2026/04/07 09:23:01 PM","Sadiqabad"
"77676","Faiz Muhyy Ul Din","DR-892","Direct Call","Patient Transfer Service","N/A","2026/04/07 09:28:24 PM","Sadiqabad"
"77677","Farah Sadaqat","MR-5930","Direct Call","Patient Transfer Service","N/A","2026/04/07 09:33:23 PM","Sadiqabad"
"278736","Faiz Muhyy Ul Din","DR-892","EMDS Call","Medical Emergency","Abdominal Pain","2026/04/07 09:39:33 PM","Rahim Yar Khan"
"278737","Sajid Mehmood","DR-914","EMDS Call","Medical Emergency","Vomiting","2026/04/07 09:41:52 PM","Rahim Yar Khan"
"278738","Maheen Tahir","MR-6017","EMDS Call","Medical Emergency","Diarrhea","2026/04/07 09:44:38 PM","Liaqatpur"
"278739","Sajid Mehmood","DR-914","EMDS Call","Road Crash","Bleeding","2026/04/07 09:58:39 PM","Sadiqabad"
"77678","Maheen Tahir","MR-6017","Direct Call","Patient Transfer Service","N/A","2026/04/07 10:12:12 PM","Khanpur"
"278740","Zahid Manzoor","DR-887","EMDS Call","Rescue Operations","Vehicle Extrication","2026/04/07 10:14:09 PM","Rahim Yar Khan"
"278741","Maheen Tahir","MR-6017","EMDS Call","Road Crash","Bleeding","2026/04/07 10:23:06 PM","Rahim Yar Khan"
"278742","Sajid Mehmood","DR-914","EMDS Call","Medical Emergency","SOB/ Respiratory Distress","2026/04/07 10:33:17 PM","Khanpur"
"278743","Maheen Tahir","MR-6017","EMDS Call","Medical Emergency","Anxiety / Psychiatric Disorder","2026/04/07 10:44:44 PM","Rahim Yar Khan"
"278744","Farah Sadaqat","MR-5930","EMDS Call","Medical Emergency","Diarrhea","2026/04/07 11:10:58 PM","Rahim Yar Khan"
"278745","Farah Sadaqat","MR-5930","EMDS Call","Medical Emergency","Chest Pain","2026/04/07 11:24:44 PM","Sadiqabad"
"278746","Farah Sadaqat","MR-5930","EMDS Call","Road Crash","Severe Trauma","2026/04/07 11:31:14 PM","Sadiqabad"
"278746","Farah Sadaqat","MR-5930","EMDS Call","Road Crash","Severe Trauma","2026/04/07 11:31:14 PM","Sadiqabad"
"278746","Farah Sadaqat","MR-5930","EMDS Call","Road Crash","Severe Trauma","2026/04/07 11:31:14 PM","Sadiqabad"
"278746","Farah Sadaqat","MR-5930","EMDS Call","Road Crash","Severe Trauma","2026/04/07 11:31:14 PM","Sadiqabad"
"278746","Farah Sadaqat","MR-5930","EMDS Call","Road Crash","Severe Trauma","2026/04/07 11:31:14 PM","Sadiqabad"
"278747","Zahid Manzoor","DR-887","EMDS Call","Medical Emergency","Joints Pain","2026/04/07 11:41:05 PM","Khanpur"
"77679","Sajid Mehmood","DR-914","Direct Call","Patient Transfer Service","N/A","2026/04/08 12:00:09 AM","Liaqatpur"
"278748","Farah Sadaqat","MR-5930","EMDS Call","Medical Emergency","Hypertension","2026/04/08 12:05:14 AM","Rahim Yar Khan"
"77680","Farah Sadaqat","MR-5930","Direct Call","Patient Transfer Service","N/A","2026/04/08 12:10:45 AM","Sadiqabad"
"77681","Farah Sadaqat","MR-5930","Direct Call","Patient Transfer Service","N/A","2026/04/08 12:16:35 AM","Sadiqabad"
"278749","Sajid Mehmood","DR-914","EMDS Call","Medical Emergency","Hyperglycemia","2026/04/08 12:17:33 AM","Rahim Yar Khan"
"278750","Zahid Manzoor","DR-887","EMDS Call","Medical Emergency","Abdominal Pain","2026/04/08 12:19:37 AM","Sadiqabad"
"77682","Farah Sadaqat","MR-5930","Direct Call","Patient Transfer Service","N/A","2026/04/08 12:30:05 AM","Khanpur"
"278751","Farah Sadaqat","MR-5930","EMDS Call","Medical Emergency","Unconscious","2026/04/08 12:33:00 AM","Rahim Yar Khan"
"278752","Sajid Mehmood","DR-914","EMDS Call","Medical Emergency","Renal Disorders / Renal Colic ","2026/04/08 12:52:11 AM","Sadiqabad"
"278753","Zahid Manzoor","DR-887","EMDS Call","Medical Emergency","Abdominal Pain","2026/04/08 01:07:01 AM","Rahim Yar Khan"
"278754","Sajid Mehmood","DR-914","EMDS Call","Road Crash","Severe Trauma","2026/04/08 01:09:44 AM","Rahim Yar Khan"
"278755","Sajid Mehmood","DR-914","EMDS Call","Medical Emergency","Headache","2026/04/08 01:18:08 AM","Khanpur"
"77683","Farah Sadaqat","MR-5930","Direct Call","Patient Transfer Service","N/A","2026/04/08 01:32:21 AM","Liaqatpur"
"278756","Zahid Manzoor","DR-887","EMDS Call","Medical Emergency","Hypertension","2026/04/08 01:43:23 AM","Rahim Yar Khan"
"278757","Sajid Mehmood","DR-914","EMDS Call","Medical Emergency","Joints Pain","2026/04/08 01:53:20 AM","Rahim Yar Khan"
"278758","Sajid Mehmood","DR-914","EMDS Call","Medical Emergency","Epilepsy","2026/04/08 02:01:25 AM","Sadiqabad"
"278759","Farah Sadaqat","MR-5930","EMDS Call","Medical Emergency","Vomiting","2026/04/08 02:05:01 AM","Sadiqabad"
"278760","Farah Sadaqat","MR-5930","EMDS Call","Medical Emergency","SOB/ Respiratory Distress","2026/04/08 02:18:56 AM","Rahim Yar Khan"
"278761","Zahid Manzoor","DR-887","EMDS Call","Road Crash","Bleeding","2026/04/08 02:26:02 AM","Rahim Yar Khan"
"278762","Sajid Mehmood","DR-914","EMDS Call","Medical Emergency","SOB/ Respiratory Distress","2026/04/08 02:25:23 AM","Sadiqabad"
"278763","Farah Sadaqat","MR-5930","EMDS Call","Medical Emergency","Hypertension","2026/04/08 02:31:24 AM","Rahim Yar Khan"
"77684","Farah Sadaqat","MR-5930","Direct Call","Patient Transfer Service","N/A","2026/04/08 02:42:36 AM","Sadiqabad"
"278764","Sajid Mehmood","DR-914","EMDS Call","Crime","Bullet Injury","2026/04/08 02:42:34 AM","Liaqatpur"
"278765","Zahid Manzoor","DR-887","EMDS Call","Medical Emergency","High Fever","2026/04/08 02:45:46 AM","Khanpur"
"278766","Farah Sadaqat","MR-5930","EMDS Call","Medical Emergency","Urinary Retention","2026/04/08 03:00:08 AM","Rahim Yar Khan"
"278767","Sajid Mehmood","DR-914","EMDS Call","Medical Emergency","Chest Pain","2026/04/08 03:03:50 AM","Rahim Yar Khan"
"278768","Zahid Manzoor","DR-887","EMDS Call","Rescue Operations","Delivery Case","2026/04/08 03:11:38 AM","Rahim Yar Khan"
"278769","Maheen Tahir","MR-6017","EMDS Call","Medical Emergency","Diarrhea","2026/04/08 03:21:01 AM","Sadiqabad"
"278770","Sajid Mehmood","DR-914","EMDS Call","Medical Emergency","Renal Disorders / Renal Colic ","2026/04/08 03:27:58 AM","Rahim Yar Khan"
"278771","Maheen Tahir","MR-6017","EMDS Call","Medical Emergency","High Fever","2026/04/08 03:30:06 AM","Rahim Yar Khan"
"278772","Muhammad Zubair","DR-894","EMDS Call","Medical Emergency","Vomiting","2026/04/08 03:31:01 AM","Rahim Yar Khan"
"278773","Maheen Tahir","MR-6017","EMDS Call","Medical Emergency","Abdominal Pain","2026/04/08 03:38:32 AM","Liaqatpur"
"278774","Sajid Mehmood","DR-914","EMDS Call","Medical Emergency","Vomiting","2026/04/08 03:51:46 AM","Liaqatpur"
"278775","Muhammad Zubair","DR-894","EMDS Call","Medical Emergency","Unconscious","2026/04/08 03:59:38 AM","Rahim Yar Khan"
"278776","Sajid Mehmood","DR-914","EMDS Call","Medical Emergency","Renal Disorders / Renal Colic ","2026/04/08 04:34:35 AM","Rahim Yar Khan"
"278777","Muhammad Zubair","DR-894","EMDS Call","Road Crash","Bleeding","2026/04/08 06:07:08 AM","Khanpur"
"278778","Faiz Muhyy Ul Din","DR-892","EMDS Call","Rescue Operations","Delivery Case","2026/04/08 06:14:00 AM","Liaqatpur"
"278779","Maheen Tahir","MR-6017","EMDS Call","Medical Emergency","Unconscious","2026/04/08 06:44:11 AM","Sadiqabad"
"278780","Muhammad Zubair","DR-894","EMDS Call","Medical Emergency","Hypertension","2026/04/08 06:45:39 AM","Khanpur"
"278781","Muhammad Zubair","DR-894","EMDS Call","Medical Emergency","Chest Pain","2026/04/08 07:03:56 AM","Liaqatpur"
"278782","Maheen Tahir","MR-6017","EMDS Call","Road Crash","Bleeding","2026/04/08 07:14:31 AM","Sadiqabad"
"278782","Maheen Tahir","MR-6017","EMDS Call","Road Crash","Bleeding","2026/04/08 07:14:31 AM","Sadiqabad"
"278783","Maheen Tahir","MR-6017","EMDS Call","Medical Emergency","SOB/ Respiratory Distress","2026/04/08 07:18:53 AM","Sadiqabad"
"278784","Muhammad Zubair","DR-894","EMDS Call","Crime","Probable Suicide","2026/04/08 07:20:04 AM","Khanpur"
"278785","Maheen Tahir","MR-6017","EMDS Call","Road Crash","Bleeding","2026/04/08 07:25:08 AM","Liaqatpur"
"278785","Maheen Tahir","MR-6017","EMDS Call","Road Crash","Bleeding","2026/04/08 07:25:08 AM","Liaqatpur"
"77685","Maheen Tahir","MR-6017","Direct Call","Patient Transfer Service","N/A","2026/04/08 07:27:42 AM","Khanpur"
"278786","Muhammad Zubair","DR-894","EMDS Call","Medical Emergency","Blood In Stool","2026/04/08 07:28:22 AM","Sadiqabad"
"278787","Maheen Tahir","MR-6017","EMDS Call","Medical Emergency","Abdominal Pain","2026/04/08 07:29:28 AM","Sadiqabad"
"77686","Maheen Tahir","MR-6017","Direct Call","Patient Transfer Service","N/A","2026/04/08 07:32:20 AM","Khanpur"
"278788","Faiz Muhyy Ul Din","DR-892","EMDS Call","Medical Emergency","Diarrhea","2026/04/08 07:50:29 AM","Rahim Yar Khan"
"278789","Rana M. Usman","DR-200","EMDS Call","Road Crash","Minor Injuries","2026/04/08 07:54:45 AM","Sadiqabad"
"278790","Rana M. Usman","DR-200","EMDS Call","Medical Emergency","Chronic Illness","2026/04/08 08:04:28 AM","Liaqatpur"
"278791","Muhammad Rashid Saleem","DR-187","EMDS Call","Medical Emergency","SOB/ Respiratory Distress","2026/04/08 08:10:51 AM","Rahim Yar Khan"
"278792","Rana M. Usman","DR-200","EMDS Call","Medical Emergency","Urinary Retention","2026/04/08 08:19:13 AM","Khanpur"
"278793","Adnan Shabbir","DR-205","EMDS Call","Medical Emergency","Unconscious","2026/04/08 08:21:19 AM","Sadiqabad"
"77687","Muhammad Rashid Saleem","DR-187","Direct Call","Patient Transfer Service","N/A","2026/04/08 08:40:27 AM","Khanpur"
"77688","Muhammad Rashid Saleem","DR-187","Direct Call","Patient Transfer Service","N/A","2026/04/08 08:45:16 AM","Khanpur"
"278794","Adnan Shabbir","DR-205","EMDS Call","Medical Emergency","High Fever","2026/04/08 08:46:25 AM","Rahim Yar Khan"
"278795","Rana M. Usman","DR-200","EMDS Call","Road Crash","Minor Injuries","2026/04/08 08:50:55 AM","Liaqatpur"
"278796","Muhammad Rashid Saleem","DR-187","EMDS Call","Medical Emergency","High Fever","2026/04/08 09:02:33 AM","Liaqatpur"
"278797","Muhammad Arshad","DR-198","EMDS Call","Road Crash","Minor Injuries","2026/04/08 09:05:59 AM","Rahim Yar Khan"
"278799","Muhammad Rashid Saleem","DR-187","EMDS Call","Medical Emergency","Domestic Injuries","2026/04/08 09:07:46 AM","Rahim Yar Khan"
"278798","Rana M. Usman","DR-200","EMDS Call","Medical Emergency","Chronic Illness","2026/04/08 09:07:24 AM","Khanpur"
"278800","Muhammad Arshad","DR-198","EMDS Call","Medical Emergency","High Fever","2026/04/08 09:11:04 AM","Rahim Yar Khan"
"278801","Muhammad Rashid Saleem","DR-187","EMDS Call","Medical Emergency","Unconscious","2026/04/08 09:17:03 AM","Sadiqabad"
"278802","Muhammad AAmar","DR-915","EMDS Call","Medical Emergency","Abdominal Pain","2026/04/08 09:28:17 AM","Liaqatpur"
"278803","Muhammad AAmar","DR-915","EMDS Call","Medical Emergency","SOB/ Respiratory Distress","2026/04/08 09:32:04 AM","Rahim Yar Khan"
"77689","Rana M. Usman","DR-200","Direct Call","Patient Transfer Service","N/A","2026/04/08 09:32:49 AM","Sadiqabad"
"278804","Rana M. Usman","DR-200","EMDS Call","Medical Emergency","Chest Pain","2026/04/08 09:34:06 AM","Khanpur"
"278805","Zia ul Haq","DR-328","EMDS Call","Medical Emergency","Domestic Injuries","2026/04/08 09:37:59 AM","Sadiqabad"
"278806","Muhammad AAmar","DR-915","EMDS Call","Medical Emergency","Hypertension","2026/04/08 09:44:31 AM","Rahim Yar Khan"
"77690","Rana M. Usman","DR-200","Direct Call","Patient Transfer Service","N/A","2026/04/08 09:46:58 AM","Sadiqabad"
"278807","Zia ul Haq","DR-328","EMDS Call","Road Crash","Bleeding","2026/04/08 09:46:39 AM","Khanpur"
"278808","Muhammad AAmar","DR-915","EMDS Call","Rescue Operations","Delivery Case","2026/04/08 09:51:28 AM","Khanpur"
"Not Assigned","Zia ul Haq","DR-328","Direct Call","Industrial Inspection","Industrial Inspection","2026/04/08 09:54:10 AM","Rahim Yar Khan"
"278809","Zia ul Haq","DR-328","EMDS Call","Medical Emergency","Anxiety / Psychiatric Disorder","2026/04/08 09:59:14 AM","Rahim Yar Khan"
"278810","Fahad Hussain","DR-538","EMDS Call","Medical Emergency","Abdominal Pain","2026/04/08 10:05:48 AM","Khanpur"
"278812","Muhammad AAmar","DR-915","EMDS Call","Medical Emergency","Anxiety / Psychiatric Disorder","2026/04/08 10:09:03 AM","Rahim Yar Khan"
"278811","Zia ul Haq","DR-328","Direct Call","Rescue Operations","Mass Event Coverage","2026/04/08 10:07:58 AM","Rahim Yar Khan"
"278813","Shahid Jamil","DR-184","EMDS Call","Medical Emergency","Renal Disorders / Renal Colic ","2026/04/08 10:11:45 AM","Rahim Yar Khan"
"278814","Rana M. Usman","DR-200","EMDS Call","Medical Emergency","Anxiety / Psychiatric Disorder","2026/04/08 10:13:03 AM","Sadiqabad"
"77691","Rana M. Usman","DR-200","Direct Call","Patient Transfer Service","N/A","2026/04/08 10:25:23 AM","Sadiqabad"
"278815","Muhammad AAmar","DR-915","EMDS Call","Medical Emergency","Vomiting","2026/04/08 10:25:45 AM","Rahim Yar Khan"
"278816","Zia ul Haq","DR-328","EMDS Call","Medical Emergency","SOB/ Respiratory Distress","2026/04/08 10:28:24 AM","Khanpur"
"278817","Rana M. Usman","DR-200","EMDS Call","Medical Emergency","High Fever","2026/04/08 10:32:05 AM","Rahim Yar Khan"
"278818","Shahid Jamil","DR-184","EMDS Call","Medical Emergency","Vomiting","2026/04/08 10:39:51 AM","Rahim Yar Khan"
"77692","Zia ul Haq","DR-328","Direct Call","Patient Transfer Service","N/A","2026/04/08 10:49:53 AM","Sadiqabad"
"278819","Rana M. Usman","DR-200","EMDS Call","Road Crash","Bleeding","2026/04/08 10:54:03 AM","Khanpur"
"278819","Rana M. Usman","DR-200","EMDS Call","Road Crash","Bleeding","2026/04/08 10:54:03 AM","Khanpur"
"278820","Fahad Hussain","DR-538","EMDS Call","Road Crash","Bleeding","2026/04/08 10:57:41 AM","Rahim Yar Khan"
"278821","Nida Rahat","DR-1322","EMDS Call","Medical Emergency","Hypertension","2026/04/08 11:13:03 AM","Khanpur"
"278822","Rana M. Usman","DR-200","EMDS Call","Medical Emergency","Joints Pain","2026/04/08 11:14:27 AM","Rahim Yar Khan"
"278823","Zia ul Haq","DR-328","EMDS Call","Medical Emergency","Vomiting","2026/04/08 11:16:08 AM","Sadiqabad"
"278824","Rana M. Usman","DR-200","EMDS Call","Rescue Operations","Animal/Bird Rescue","2026/04/08 11:18:07 AM","Khanpur"
"278825","Rana M. Usman","DR-200","EMDS Call","Medical Emergency","Hypotension","2026/04/08 11:23:39 AM","Sadiqabad"
"278826","Rana M. Usman","DR-200","EMDS Call","Medical Emergency","Joints Pain","2026/04/08 11:44:41 AM","Sadiqabad"
"278827","Zupasha Zia","MR-5758","EMDS Call","Medical Emergency","Joints Pain","2026/04/08 11:44:18 AM","Sadiqabad"
"278829","Nida Rahat","DR-1322","EMDS Call","Medical Emergency","Vomiting","2026/04/08 11:44:40 AM","Liaqatpur"
"278828","Zupasha Zia","MR-5758","EMDS Call","Rescue Operations","Work/Occupational Injuries","2026/04/08 11:45:48 AM","Sadiqabad"
"278830","Fahad Hussain","DR-538","EMDS Call","Medical Emergency","Domestic Injuries","2026/04/08 11:57:22 AM","Sadiqabad"
"278831","Zupasha Zia","MR-5758","EMDS Call","Crime","Probable Suicide","2026/04/08 12:01:38 PM","Liaqatpur"
"77693","Fahad Hussain","DR-538","Direct Call","Patient Transfer Service","N/A","2026/04/08 12:27:08 PM","Khanpur"
"77694","Fahad Hussain","DR-538","Direct Call","Patient Transfer Service","N/A","2026/04/08 12:29:22 PM","Khanpur"
"77695","Nida Rahat","DR-1322","Direct Call","Patient Transfer Service","N/A","2026/04/08 12:34:03 PM","Liaqatpur"
"278832","Zupasha Zia","MR-5758","EMDS Call","Medical Emergency","Domestic Injuries","2026/04/08 12:40:18 PM","Khanpur"
"77696","Fahad Hussain","DR-538","Direct Call","Patient Transfer Service","N/A","2026/04/08 12:43:22 PM","Sadiqabad"
"278833","Muhammad AAmar","DR-915","EMDS Call","Medical Emergency","Vomiting","2026/04/08 12:45:20 PM","Liaqatpur"
"278834","Muhammad AAmar","DR-915","EMDS Call","Road Crash","Minor Injuries","2026/04/08 12:54:05 PM","Rahim Yar Khan"
"278835","Muhammad AAmar","DR-915","EMDS Call","Road Crash","Minor Injuries","2026/04/08 12:59:47 PM","Rahim Yar Khan"
"77697","Zupasha Zia","MR-5758","Direct Call","Patient Transfer Service","N/A","2026/04/08 01:01:00 PM","Sadiqabad"
"278836","Zia ul Haq","DR-328","EMDS Call","Road Crash","Minor Injuries","2026/04/08 12:59:49 PM","Sadiqabad"
"278837","Nida Rahat","DR-1322","EMDS Call","Medical Emergency","Vertigo/ Dizziness","2026/04/08 01:06:43 PM","Rahim Yar Khan"
"278839","Zia ul Haq","DR-328","EMDS Call","Road Crash","Minor Injuries","2026/04/08 01:05:58 PM","Rahim Yar Khan"
"278838","Zupasha Zia","MR-5758","EMDS Call","Medical Emergency","Vomiting","2026/04/08 01:07:15 PM","Rahim Yar Khan"
"278840","Zia ul Haq","DR-328","EMDS Call","Medical Emergency","Anxiety / Psychiatric Disorder","2026/04/08 01:11:40 PM","Sadiqabad"
"278841","Zia ul Haq","DR-328","EMDS Call","Road Crash","Bleeding","2026/04/08 01:20:20 PM","Khanpur"
"278842","Zupasha Zia","MR-5758","EMDS Call","Medical Emergency","Vomiting","2026/04/08 01:20:22 PM","Rahim Yar Khan"
"278843","Nida Rahat","DR-1322","EMDS Call","Fire","Others","2026/04/08 01:26:09 PM","Sadiqabad"
"278845","Zupasha Zia","MR-5758","EMDS Call","Medical Emergency","Hypertension","2026/04/08 01:28:09 PM","Rahim Yar Khan"
"278844","Zia ul Haq","DR-328","EMDS Call","Medical Emergency","Headache","2026/04/08 01:32:12 PM","Khanpur"
"278846","Zia ul Haq","DR-328","EMDS Call","Medical Emergency","Hypertension","2026/04/08 01:35:56 PM","Rahim Yar Khan"
"278847","Nida Rahat","DR-1322","EMDS Call","Medical Emergency","Vomiting","2026/04/08 01:46:13 PM","Rahim Yar Khan"
"278848","Zia ul Haq","DR-328","EMDS Call","Medical Emergency","High Fever","2026/04/08 01:49:28 PM","Rahim Yar Khan"
"278849","Aasia Batool","MR-5198","EMDS Call","Medical Emergency","Hypertension","2026/04/08 02:01:48 PM","Rahim Yar Khan"
"77698","Nida Rahat","DR-1322","Direct Call","Patient Transfer Service","N/A","2026/04/08 02:04:38 PM","Khanpur"
"278850","Aasia Batool","MR-5198","EMDS Call","Rescue Operations","Delivery Case","2026/04/08 02:10:12 PM","Khanpur"
"278851","Aasia Batool","MR-5198","EMDS Call","Medical Emergency","Chest Pain","2026/04/08 02:14:12 PM","Rahim Yar Khan"
"77699","Aasia Batool","MR-5198","Direct Call","Patient Transfer Service","N/A","2026/04/08 02:28:36 PM","Khanpur"
"278852","Shahla Nawaz","DR-185","EMDS Call","Medical Emergency","Vertigo/ Dizziness","2026/04/08 02:32:44 PM","Rahim Yar Khan"
"278854","Aasia Batool","MR-5198","EMDS Call","Medical Emergency","Hypertension","2026/04/08 02:34:42 PM","Rahim Yar Khan"
"278853","Bushra Saleem","MR-5701","EMDS Call","Medical Emergency","Joints Pain","2026/04/08 02:35:05 PM","Rahim Yar Khan"
"278855","Shahla Nawaz","DR-185","EMDS Call","Road Crash","Minor Injuries","2026/04/08 02:44:33 PM","Sadiqabad"
"278856","Aasia Batool","MR-5198","EMDS Call","Rescue Operations","Electric Shock","2026/04/08 02:45:20 PM","Liaqatpur"
"278857","Shahla Nawaz","DR-185","EMDS Call","Medical Emergency","Joints Pain","2026/04/08 02:49:28 PM","Sadiqabad"
"278858","Bushra Saleem","MR-5701","EMDS Call","Medical Emergency","SOB/ Respiratory Distress","2026/04/08 02:56:47 PM","Khanpur"
"278859","Aasia Batool","MR-5198","EMDS Call","Road Crash","Multiple Fractures","2026/04/08 02:59:33 PM","Rahim Yar Khan"
"278860","Muhammad Fiaz","DR-206","EMDS Call","Road Crash","Severe Trauma","2026/04/08 03:10:50 PM","Khanpur"
"77700","Shahla Nawaz","DR-185","911 Call","Patient Transfer Service","N/A","2026/04/08 03:12:05 PM","Sadiqabad"
"278861","Aasia Batool","MR-5198","EMDS Call","Medical Emergency","High Fever","2026/04/08 03:19:35 PM","Rahim Yar Khan"
"77701","Shahla Nawaz","DR-185","911 Call","Patient Transfer Service","N/A","2026/04/08 03:20:50 PM","Rahim Yar Khan"
"77702","Shahla Nawaz","DR-185","911 Call","Patient Transfer Service","N/A","2026/04/08 03:22:44 PM","Sadiqabad"
"278862","Shahla Nawaz","DR-185","EMDS Call","Medical Emergency","Anxiety / Psychiatric Disorder","2026/04/08 03:24:19 PM","Sadiqabad"
"278863","Bushra Saleem","MR-5701","EMDS Call","Road Crash","Bleeding","2026/04/08 03:44:36 PM","Sadiqabad"
"278864","Aasia Batool","MR-5198","EMDS Call","Medical Emergency","SOB/ Respiratory Distress","2026/04/08 03:48:37 PM","Sadiqabad"
"278865","Muhammad Riaz","DR-654","EMDS Call","Medical Emergency","Epilepsy","2026/04/08 03:53:16 PM","Liaqatpur"
"278866","Bushra Saleem","MR-5701","EMDS Call","Road Crash","Minor Injuries","2026/04/08 04:03:28 PM","Khanpur"
"278867","Shahla Nawaz","DR-185","EMDS Call","Medical Emergency","SOB/ Respiratory Distress","2026/04/08 04:17:12 PM","Rahim Yar Khan"
"278868","Shahla Nawaz","DR-185","EMDS Call","Medical Emergency","Unconscious","2026/04/08 04:27:10 PM","Sadiqabad"
"278869","Shahla Nawaz","DR-185","EMDS Call","Road Crash","Minor Injuries","2026/04/08 04:35:05 PM","Sadiqabad"
"278871","Shahla Nawaz","DR-185","EMDS Call","Rescue Operations","Delivery Case","2026/04/08 04:41:09 PM","Rahim Yar Khan"
"278870","Muhammad Fiaz","DR-206","EMDS Call","Medical Emergency","Abdominal Pain","2026/04/08 04:48:35 PM","Sadiqabad"
"278873","Aasia Batool","MR-5198","EMDS Call","Medical Emergency","Hypertension","2026/04/08 04:50:31 PM","Sadiqabad"
"278872","Muhammad Fiaz","DR-206","EMDS Call","Medical Emergency","Vomiting","2026/04/08 04:53:06 PM","Khanpur"
"278874","Shahla Nawaz","DR-185","EMDS Call","Road Crash","Multiple Fractures","2026/04/08 05:02:32 PM","Khanpur"
"278875","Bushra Saleem","MR-5701","EMDS Call","Medical Emergency","Chronic Illness","2026/04/08 05:06:09 PM","Khanpur"
"278876","Muhammad Fiaz","DR-206","EMDS Call","Medical Emergency","Vomiting","2026/04/08 05:16:39 PM","Liaqatpur"
"278877","Bushra Saleem","MR-5701","EMDS Call","Medical Emergency","Hypertension","2026/04/08 05:51:58 PM","Rahim Yar Khan"
"278878","Shahla Nawaz","DR-185","EMDS Call","Road Crash","Minor Injuries","2026/04/08 05:53:49 PM","Rahim Yar Khan"
"77703","Aasia Batool","MR-5198","Direct Call","Patient Transfer Service","N/A","2026/04/08 05:57:48 PM","Sadiqabad"
"278879","Bushra Saleem","MR-5701","EMDS Call","Road Crash","Minor Injuries","2026/04/08 05:57:29 PM","Sadiqabad"
"278880","Aasia Batool","MR-5198","EMDS Call","Rescue Operations","Scalds/Burn Due To Negligence","2026/04/08 05:58:18 PM","Rahim Yar Khan"
"278880","Aasia Batool","MR-5198","EMDS Call","Rescue Operations","Scalds/Burn Due To Negligence","2026/04/08 05:58:18 PM","Rahim Yar Khan"
"77704","Aasia Batool","MR-5198","Direct Call","Patient Transfer Service","N/A","2026/04/08 06:00:39 PM","Khanpur"
"278881","Shahla Nawaz","DR-185","EMDS Call","Rescue Operations","Animal/Bird Rescue","2026/04/08 06:01:54 PM","Sadiqabad"
"278882","Aasia Batool","MR-5198","EMDS Call","Medical Emergency","Abdominal Pain","2026/04/08 06:02:23 PM","Rahim Yar Khan"
"278883","Shahla Nawaz","DR-185","EMDS Call","Medical Emergency","Hypoglycemia","2026/04/08 06:04:28 PM","Rahim Yar Khan"
"278884","Shahla Nawaz","DR-185","EMDS Call","Medical Emergency","Chest Pain","2026/04/08 06:08:11 PM","Rahim Yar Khan"
"278885","Aasia Batool","MR-5198","EMDS Call","Medical Emergency","Unconscious","2026/04/08 06:09:31 PM","Sadiqabad"
"77705","Shahla Nawaz","DR-185","Direct Call","Patient Transfer Service","N/A","2026/04/08 06:15:57 PM","Sadiqabad"
"278886","Shahla Nawaz","DR-185","EMDS Call","Medical Emergency","Chest Pain","2026/04/08 06:22:18 PM","Khanpur"
"77706","Muhammad Fiaz","DR-206","Direct Call","Patient Transfer Service","N/A","2026/04/08 06:44:18 PM","Khanpur"
"77707","Aasia Batool","MR-5198","Direct Call","Patient Transfer Service","N/A","2026/04/08 06:50:08 PM","Sadiqabad"
"278887","Bushra Saleem","MR-5701","EMDS Call","Medical Emergency","Vertigo/ Dizziness","2026/04/08 06:53:09 PM","Rahim Yar Khan"
"278888","Aasia Batool","MR-5198","EMDS Call","Rescue Operations","Snake Emergency","2026/04/08 06:58:10 PM","Sadiqabad"
"278889","Bushra Saleem","MR-5701","EMDS Call","Medical Emergency","SOB/ Respiratory Distress","2026/04/08 06:58:37 PM","Rahim Yar Khan"
"278890","Bushra Saleem","MR-5701","EMDS Call","Road Crash","Minor Injuries","2026/04/08 07:03:41 PM","Khanpur"
"278891","Bushra Saleem","MR-5701","EMDS Call","Road Crash","Bleeding","2026/04/08 07:07:26 PM","Sadiqabad"
"278892","Aasia Batool","MR-5198","EMDS Call","Medical Emergency","Abdominal Pain","2026/04/08 07:09:31 PM","Rahim Yar Khan"
"278893","Aasia Batool","MR-5198","EMDS Call","Road Crash","Bleeding","2026/04/08 07:20:25 PM","Rahim Yar Khan"
"278894","Shahla Nawaz","DR-185","EMDS Call","Medical Emergency","Chronic Illness","2026/04/08 07:27:34 PM","Khanpur"
"278896","Bushra Saleem","MR-5701","EMDS Call","Road Crash","Bleeding","2026/04/08 07:29:02 PM","Rahim Yar Khan"
"278895","Aasia Batool","MR-5198","EMDS Call","Medical Emergency","Vomiting","2026/04/08 07:31:12 PM","Liaqatpur"
"278897","Shahla Nawaz","DR-185","EMDS Call","Medical Emergency","Anxiety / Psychiatric Disorder","2026/04/08 07:38:13 PM","Rahim Yar Khan"
"278898","Shahla Nawaz","DR-185","EMDS Call","Medical Emergency","Unconscious","2026/04/08 07:42:32 PM","Rahim Yar Khan"
"278899","Bushra Saleem","MR-5701","EMDS Call","Medical Emergency","Domestic Injuries","2026/04/08 07:48:27 PM","Rahim Yar Khan"
"278900","Shahla Nawaz","DR-185","EMDS Call","Medical Emergency","Vomiting","2026/04/08 07:50:17 PM","Khanpur"
"77708","Aasia Batool","MR-5198","Direct Call","Patient Transfer Service","N/A","2026/04/08 07:57:38 PM","Liaqatpur"
"278901","Shahla Nawaz","DR-185","EMDS Call","Medical Emergency","Vertigo/ Dizziness","2026/04/08 07:57:09 PM","Rahim Yar Khan"
"278902","Bushra Saleem","MR-5701","EMDS Call","Medical Emergency","Hypertension","2026/04/08 08:01:17 PM","Liaqatpur"
"77709","Muhammad Fiaz","DR-206","Direct Call","Patient Transfer Service","N/A","2026/04/08 08:03:57 PM","Sadiqabad"
"278903","Aasia Batool","MR-5198","EMDS Call","Medical Emergency","SOB/ Respiratory Distress","2026/04/08 08:20:02 PM","Rahim Yar Khan"
"278904","Bushra Saleem","MR-5701","EMDS Call","Medical Emergency","Vomiting","2026/04/08 08:23:33 PM","Rahim Yar Khan"
"278905","Aasia Batool","MR-5198","EMDS Call","Medical Emergency","Abdominal Pain","2026/04/08 08:40:41 PM","Khanpur"
"278906","Bushra Saleem","MR-5701","EMDS Call","Medical Emergency","Abdominal Pain","2026/04/08 08:44:15 PM","Rahim Yar Khan"
"278907","Shahla Nawaz","DR-185","EMDS Call","Road Crash","Bleeding","2026/04/08 08:48:15 PM","Sadiqabad"
"278907","Shahla Nawaz","DR-185","EMDS Call","Road Crash","Bleeding","2026/04/08 08:48:15 PM","Sadiqabad"
"278908","Shahla Nawaz","DR-185","EMDS Call","Medical Emergency","Vomiting","2026/04/08 08:50:48 PM","Rahim Yar Khan"
"278909","Maheen Tahir","MR-6017","EMDS Call","Medical Emergency","SOB/ Respiratory Distress","2026/04/08 08:50:34 PM","Rahim Yar Khan"
"278910","Farah Sadaqat","MR-5930","EMDS Call","Medical Emergency","Abdominal Pain","2026/04/08 08:53:30 PM","Liaqatpur"
"77710","Maheen Tahir","MR-6017","Direct Call","Patient Transfer Service","N/A","2026/04/08 08:54:24 PM","Sadiqabad"
"278911","Maheen Tahir","MR-6017","Direct Call","Medical Emergency","Vertigo/ Dizziness","2026/04/08 08:58:39 PM","Sadiqabad"
"278914","Farah Sadaqat","MR-5930","EMDS Call","Medical Emergency","Hyperglycemia","2026/04/08 09:00:09 PM","Rahim Yar Khan"
"278912","Shahla Nawaz","DR-185","EMDS Call","Medical Emergency","Joints Pain","2026/04/08 08:59:17 PM","Rahim Yar Khan"
"278913","Maheen Tahir","MR-6017","EMDS Call","Medical Emergency","Vomiting","2026/04/08 09:00:09 PM","Sadiqabad"
"77711","Farah Sadaqat","MR-5930","Direct Call","Patient Transfer Service","N/A","2026/04/08 09:05:11 PM","Rahim Yar Khan"
"278915","Maheen Tahir","MR-6017","EMDS Call","Medical Emergency","Unconscious","2026/04/08 09:15:36 PM","Rahim Yar Khan"
"278916","Maheen Tahir","MR-6017","EMDS Call","Medical Emergency","Unconscious","2026/04/08 09:17:35 PM","Khanpur"
"278917","Maheen Tahir","MR-6017","EMDS Call","Medical Emergency","Abdominal Pain","2026/04/08 09:19:44 PM","Khanpur"
"77712","Muhammad Zubair","DR-894","Direct Call","Patient Transfer Service","N/A","2026/04/08 09:31:47 PM","Khanpur"
"278918","Maheen Tahir","MR-6017","EMDS Call","Medical Emergency","Unconscious","2026/04/08 09:37:11 PM","Rahim Yar Khan"
"278919","Farah Sadaqat","MR-5930","EMDS Call","Medical Emergency","Chronic Illness","2026/04/08 09:48:19 PM","Rahim Yar Khan"
"278920","Muhammad Zubair","DR-894","EMDS Call","Medical Emergency","Hypertension","2026/04/08 09:55:43 PM","Rahim Yar Khan"
"77713","Farah Sadaqat","MR-5930","Direct Call","Patient Transfer Service","N/A","2026/04/08 10:08:20 PM","Sadiqabad"
"77714","Farah Sadaqat","MR-5930","Direct Call","Patient Transfer Service","N/A","2026/04/08 10:19:29 PM","Sadiqabad"
"278921","Farah Sadaqat","MR-5930","EMDS Call","Medical Emergency","Vomiting","2026/04/08 10:20:21 PM","Rahim Yar Khan"
"278922","Maheen Tahir","MR-6017","EMDS Call","Medical Emergency","Hypertension","2026/04/08 10:21:56 PM","Rahim Yar Khan"
"278923","Farah Sadaqat","MR-5930","EMDS Call","Medical Emergency","High Fever","2026/04/08 10:29:34 PM","Rahim Yar Khan"
"278924","Farah Sadaqat","MR-5930","EMDS Call","Medical Emergency","High Fever","2026/04/08 10:37:03 PM","Sadiqabad"
"278925","Maheen Tahir","MR-6017","EMDS Call","Medical Emergency","Anxiety / Psychiatric Disorder","2026/04/08 10:45:41 PM","Rahim Yar Khan"
"278926","Farah Sadaqat","MR-5930","EMDS Call","Medical Emergency","SOB/ Respiratory Distress","2026/04/08 10:47:54 PM","Liaqatpur"
"278927","Maheen Tahir","MR-6017","EMDS Call","Medical Emergency","Diarrhea","2026/04/08 10:53:16 PM","Sadiqabad"
"278928","Farhad Iftikhar","DR-913","EMDS Call","Medical Emergency","Chest Pain","2026/04/08 11:06:28 PM","Rahim Yar Khan"
"278929","Maheen Tahir","MR-6017","EMDS Call","Medical Emergency","SOB/ Respiratory Distress","2026/04/08 11:08:46 PM","Khanpur"
"278930","Farah Sadaqat","MR-5930","EMDS Call","Medical Emergency","Allergy","2026/04/08 11:12:32 PM","Rahim Yar Khan"
"278931","Maheen Tahir","MR-6017","EMDS Call","Medical Emergency","Vertigo/ Dizziness","2026/04/08 11:29:13 PM","Rahim Yar Khan"
"278932","Farah Sadaqat","MR-5930","EMDS Call","Medical Emergency","Vomiting","2026/04/08 11:33:22 PM","Rahim Yar Khan"
"278933","Farah Sadaqat","MR-5930","EMDS Call","Medical Emergency","Urinary Retention","2026/04/08 11:45:10 PM","Khanpur"
"77715","Farhad Iftikhar","DR-913","Direct Call","Patient Transfer Service","N/A","2026/04/08 11:47:05 PM","Sadiqabad"
"278934","Maheen Tahir","MR-6017","EMDS Call","Medical Emergency","SOB/ Respiratory Distress","2026/04/08 11:45:36 PM","Khanpur"
"278936","Farah Sadaqat","MR-5930","EMDS Call","Road Crash","Minor Injuries","2026/04/08 11:59:48 PM","Rahim Yar Khan"
"278935","Maheen Tahir","MR-6017","EMDS Call","Medical Emergency","Vertigo/ Dizziness","2026/04/09 12:00:35 AM","Rahim Yar Khan"
"77716","Farah Sadaqat","MR-5930","Direct Call","Patient Transfer Service","N/A","2026/04/09 12:06:19 AM","Sadiqabad"
"77717","Farah Sadaqat","MR-5930","Direct Call","Patient Transfer Service","N/A","2026/04/09 12:06:58 AM","Sadiqabad"
"278937","Farah Sadaqat","MR-5930","EMDS Call","Medical Emergency","Anxiety / Psychiatric Disorder","2026/04/09 12:08:56 AM","Rahim Yar Khan"
"278938","Maheen Tahir","MR-6017","EMDS Call","Rescue Operations","Delivery Case","2026/04/09 12:10:46 AM","Rahim Yar Khan"
"278939","Farhad Iftikhar","DR-913","EMDS Call","Medical Emergency","SOB/ Respiratory Distress","2026/04/09 12:12:25 AM","Khanpur"
"77718","Maheen Tahir","MR-6017","Direct Call","Patient Transfer Service","N/A","2026/04/09 12:14:20 AM","Khanpur"
"77719","Farah Sadaqat","MR-5930","Direct Call","Patient Transfer Service","N/A","2026/04/09 12:24:34 AM","Sadiqabad"
"278940","Farah Sadaqat","MR-5930","EMDS Call","Medical Emergency","Renal Disorders / Renal Colic ","2026/04/09 12:25:11 AM","Khanpur"
"278941","Maheen Tahir","MR-6017","EMDS Call","Medical Emergency","Abdominal Pain","2026/04/09 12:30:34 AM","Khanpur"
"278942","Farah Sadaqat","MR-5930","EMDS Call","Medical Emergency","Vertigo/ Dizziness","2026/04/09 12:50:14 AM","Rahim Yar Khan"
"278943","Farhad Iftikhar","DR-913","EMDS Call","Rescue Operations","Delivery Case","2026/04/09 12:49:49 AM","Khanpur"
"278944","Maheen Tahir","MR-6017","EMDS Call","Medical Emergency","Diarrhea","2026/04/09 01:16:31 AM","Sadiqabad"
"278945","Farah Sadaqat","MR-5930","EMDS Call","Medical Emergency","Chest Pain","2026/04/09 01:22:02 AM","Rahim Yar Khan"
"278946","Maheen Tahir","MR-6017","EMDS Call","Medical Emergency","High Fever","2026/04/09 01:24:43 AM","Rahim Yar Khan"
"Not Assigned","Farhad Iftikhar","DR-913","EMDS Call","Medical Emergency","High Fever","2026/04/09 01:26:40 AM","Rahim Yar Khan"
"278947","Maheen Tahir","MR-6017","EMDS Call","Medical Emergency","Chest Pain","2026/04/09 01:47:39 AM","Liaqatpur"
"278948","Farhad Iftikhar","DR-913","EMDS Call","Medical Emergency","Hypertension","2026/04/09 01:49:41 AM","Khanpur"
"278949","Maheen Tahir","MR-6017","EMDS Call","Medical Emergency","Abdominal Pain","2026/04/09 02:21:17 AM","Liaqatpur"
"278950","Maheen Tahir","MR-6017","EMDS Call","Medical Emergency","Abdominal Pain","2026/04/09 02:33:58 AM","Liaqatpur"
"278951","Farah Sadaqat","MR-5930","EMDS Call","Medical Emergency","Hypertension","2026/04/09 02:33:58 AM","Rahim Yar Khan"
"278952","Farah Sadaqat","MR-5930","EMDS Call","Rescue Operations","Delivery Case","2026/04/09 02:42:39 AM","Sadiqabad"
"278953","Farhad Iftikhar","DR-913","EMDS Call","Medical Emergency","Chest Pain","2026/04/09 02:41:52 AM","Sadiqabad"
"278954","Farah Sadaqat","MR-5930","EMDS Call","Medical Emergency","Chest Pain","2026/04/09 02:45:18 AM","Rahim Yar Khan"
"278955","Maheen Tahir","MR-6017","EMDS Call","Medical Emergency","SOB/ Respiratory Distress","2026/04/09 03:04:44 AM","Liaqatpur"
"278956","Farhad Iftikhar","DR-913","EMDS Call","Medical Emergency","SOB/ Respiratory Distress","2026/04/09 03:12:40 AM","Khanpur"
"278957","Farhad Iftikhar","DR-913","EMDS Call","Medical Emergency","Domestic Injuries","2026/04/09 03:30:48 AM","Khanpur"
"278958","Muhammad Zubair","DR-894","EMDS Call","Fire","Wheat Fire","2026/04/09 03:31:28 AM","Sadiqabad"
"77720","Muhammad Zubair","DR-894","Direct Call","Patient Transfer Service","N/A","2026/04/09 04:45:49 AM","Sadiqabad"
"278959","Shaheen Islam","DR-1171","EMDS Call","Medical Emergency","Abdominal Pain","2026/04/09 04:56:15 AM","Sadiqabad"
"278960","Muhammad Zubair","DR-894","EMDS Call","Medical Emergency","Hypertension","2026/04/09 05:08:41 AM","Rahim Yar Khan"
"278961","Muhammad Zubair","DR-894","EMDS Call","Rescue Operations","Delivery Case","2026/04/09 05:11:43 AM","Rahim Yar Khan"
"278962","Faiz Muhyy Ul Din","DR-892","EMDS Call","Road Crash","Minor Injuries","2026/04/09 05:14:21 AM","Rahim Yar Khan"
"278963","Muhammad Zubair","DR-894","EMDS Call","Fire","Others","2026/04/09 05:48:36 AM","Khanpur"
"278964","Shaheen Islam","DR-1171","EMDS Call","Medical Emergency","Vomiting","2026/04/09 05:53:55 AM","Rahim Yar Khan"
"278965","Muhammad Zubair","DR-894","EMDS Call","Medical Emergency","SOB/ Respiratory Distress","2026/04/09 06:33:15 AM","Rahim Yar Khan"
"77721","Shaheen Islam","DR-1171","Direct Call","Patient Transfer Service","N/A","2026/04/09 06:38:30 AM","Sadiqabad"
"278966","Faiz Muhyy Ul Din","DR-892","EMDS Call","Medical Emergency","SOB/ Respiratory Distress","2026/04/09 06:53:42 AM","Sadiqabad"
"278967","Shaheen Islam","DR-1171","EMDS Call","Medical Emergency","Hypoglycemia","2026/04/09 07:00:06 AM","Sadiqabad"
"278968","Faiz Muhyy Ul Din","DR-892","EMDS Call","Road Crash","Bleeding","2026/04/09 07:10:25 AM","Sadiqabad"
"278969","Shaheen Islam","DR-1171","EMDS Call","Medical Emergency","Backache","2026/04/09 07:12:07 AM","Sadiqabad"
"278970","Faiz Muhyy Ul Din","DR-892","EMDS Call","Medical Emergency","Vertigo/ Dizziness","2026/04/09 07:12:57 AM","Rahim Yar Khan"
"278971","Muhammad Zubair","DR-894","EMDS Call","Road Crash","Bleeding","2026/04/09 07:23:02 AM","Sadiqabad"
"278972","Faiz Muhyy Ul Din","DR-892","EMDS Call","Medical Emergency","Allergy","2026/04/09 07:33:02 AM","Liaqatpur"
"278973","Muhammad Zubair","DR-894","EMDS Call","Medical Emergency","Abdominal Pain","2026/04/09 07:38:18 AM","Liaqatpur"
"278974","Shahla Nawaz","DR-185","EMDS Call","Medical Emergency","Renal Disorders / Renal Colic ","2026/04/09 07:53:12 AM","Sadiqabad"
"278975","Nida Rahat","DR-1322","EMDS Call","Medical Emergency","Domestic Injuries","2026/04/09 07:55:36 AM","Rahim Yar Khan"
"278976","Adnan Shabbir","DR-205","EMDS Call","Medical Emergency","Anxiety / Psychiatric Disorder","2026/04/09 08:06:40 AM","Khanpur"
"278977","Nida Rahat","DR-1322","EMDS Call","Medical Emergency","Renal Disorders / Renal Colic ","2026/04/09 08:07:42 AM","Rahim Yar Khan"
"278978","Aasia Batool","MR-5198","EMDS Call","Medical Emergency","Urinary Retention","2026/04/09 08:09:14 AM","Liaqatpur"
"278979","Shahla Nawaz","DR-185","EMDS Call","Rescue Operations","Snake Emergency","2026/04/09 08:16:32 AM","Sadiqabad"
"278980","Adnan Shabbir","DR-205","EMDS Call","Road Crash","Severe Trauma","2026/04/09 08:28:56 AM","Rahim Yar Khan"
"278981","Shahla Nawaz","DR-185","EMDS Call","Rescue Operations","Delivery Case","2026/04/09 08:33:48 AM","Rahim Yar Khan"
"278982","Fahad Hussain","DR-538","EMDS Call","Medical Emergency","Unconscious","2026/04/09 08:45:07 AM","Rahim Yar Khan"
"278983","Fahad Hussain","DR-538","EMDS Call","Rescue Operations","Delivery Case","2026/04/09 08:55:36 AM","Rahim Yar Khan"
"278984","Shahla Nawaz","DR-185","EMDS Call","Medical Emergency","Urinary Retention","2026/04/09 08:57:16 AM","Sadiqabad"
"278985","Zia ul Haq","DR-328","Direct Call","Road Crash","Bleeding","2026/04/09 09:00:09 AM","Liaqatpur"
"278986","Adnan Shabbir","DR-205","EMDS Call","Road Crash","Severe Trauma","2026/04/09 09:06:19 AM","Liaqatpur"
"278986","Adnan Shabbir","DR-205","EMDS Call","Road Crash","Severe Trauma","2026/04/09 09:06:19 AM","Liaqatpur"
"278987","Zia ul Haq","DR-328","EMDS Call","Fire","Short Circuit","2026/04/09 09:13:06 AM","Sadiqabad"
"278988","Shahla Nawaz","DR-185","EMDS Call","Medical Emergency","Headache","2026/04/09 09:14:47 AM","Khanpur"
"77722","Shahla Nawaz","DR-185","911 Call","Patient Transfer Service","N/A","2026/04/09 09:21:48 AM","Sadiqabad"
"278989","Muhammad AAmar","DR-915","EMDS Call","Rescue Operations","Delivery Case","2026/04/09 09:26:27 AM","Khanpur"
"278990","Nida Rahat","DR-1322","EMDS Call","Medical Emergency","Domestic Injuries","2026/04/09 09:28:18 AM","Rahim Yar Khan"
"278991","Muhammad AAmar","DR-915","EMDS Call","Medical Emergency","Abdominal Pain","2026/04/09 09:34:36 AM","Rahim Yar Khan"
"278992","Shahla Nawaz","DR-185","EMDS Call","Fire","Short Circuit","2026/04/09 09:35:26 AM","Rahim Yar Khan"
"278993","Shahla Nawaz","DR-185","EMDS Call","Medical Emergency","Backache","2026/04/09 09:41:28 AM","Rahim Yar Khan"
"278994","Zia ul Haq","DR-328","EMDS Call","Medical Emergency","Domestic Injuries","2026/04/09 09:42:14 AM","Sadiqabad"
"278995","Shahla Nawaz","DR-185","EMDS Call","Medical Emergency","High Fever","2026/04/09 09:45:21 AM","Liaqatpur"
"278996","Zia ul Haq","DR-328","EMDS Call","Medical Emergency","Anxiety / Psychiatric Disorder","2026/04/09 09:51:21 AM","Rahim Yar Khan"
"278998","Shahla Nawaz","DR-185","EMDS Call","Medical Emergency","Abdominal Pain","2026/04/09 09:53:12 AM","Sadiqabad"
"278997","Nida Rahat","DR-1322","EMDS Call","Road Crash","Bleeding","2026/04/09 09:54:41 AM","Liaqatpur"
"279000","Nida Rahat","DR-1322","EMDS Call","Medical Emergency","Anxiety / Psychiatric Disorder","2026/04/09 09:56:34 AM","Rahim Yar Khan"
"278999","Zupasha Zia","MR-5758","EMDS Call","Rescue Operations","Delivery Case","2026/04/09 09:56:46 AM","Sadiqabad"
"279001","Nida Rahat","DR-1322","EMDS Call","Medical Emergency","Hypertension","2026/04/09 10:01:20 AM","Khanpur"
"279002","Nida Rahat","DR-1322","EMDS Call","Medical Emergency","Hypertension","2026/04/09 10:06:44 AM","Rahim Yar Khan"
"279003","Zupasha Zia","MR-5758","EMDS Call","Road Crash","Minor Injuries","2026/04/09 10:10:33 AM","Rahim Yar Khan"
"279004","Nida Rahat","DR-1322","EMDS Call","Medical Emergency","Renal Disorders / Renal Colic ","2026/04/09 10:14:38 AM","Khanpur"
"279005","Shahla Nawaz","DR-185","EMDS Call","Medical Emergency","Anxiety / Psychiatric Disorder","2026/04/09 10:16:07 AM","Rahim Yar Khan"
"279006","Nida Rahat","DR-1322","EMDS Call","Rescue Operations","Delivery Case","2026/04/09 10:30:44 AM","Khanpur"
"279007","Shahla Nawaz","DR-185","EMDS Call","Medical Emergency","Headache","2026/04/09 10:31:40 AM","Sadiqabad"
"279008","Shahla Nawaz","DR-185","EMDS Call","Medical Emergency","Chronic Illness","2026/04/09 10:42:39 AM","Khanpur"
"279009","Zupasha Zia","MR-5758","EMDS Call","Rescue Operations","Electric Shock","2026/04/09 10:43:39 AM","Rahim Yar Khan"
"279010","Muhammad AAmar","DR-915","EMDS Call","Medical Emergency","Chest Pain","2026/04/09 10:47:24 AM","Rahim Yar Khan"
"279011","Nida Rahat","DR-1322","EMDS Call","Medical Emergency","Hypertension","2026/04/09 10:50:40 AM","Khanpur"
"279012","Nida Rahat","DR-1322","EMDS Call","Medical Emergency","Gynae Problem","2026/04/09 10:52:55 AM","Rahim Yar Khan"
"279013","Zia ul Haq","DR-328","EMDS Call","Medical Emergency","Anxiety / Psychiatric Disorder","2026/04/09 10:56:00 AM","Liaqatpur"
"279014","Shahla Nawaz","DR-185","EMDS Call","Rescue Operations","Animal/Bird Rescue","2026/04/09 10:57:30 AM","Khanpur"
"279015","Shahla Nawaz","DR-185","EMDS Call","Medical Emergency","SOB/ Respiratory Distress","2026/04/09 11:03:07 AM","Sadiqabad"
"279016","Zia ul Haq","DR-328","EMDS Call","Rescue Operations","Electric Shock","2026/04/09 11:05:11 AM","Rahim Yar Khan"
"279018","Shahla Nawaz","DR-185","EMDS Call","Medical Emergency","Vomiting","2026/04/09 11:09:38 AM","Liaqatpur"
"279017","Zia ul Haq","DR-328","EMDS Call","Fire","Short Circuit","2026/04/09 11:09:23 AM","Rahim Yar Khan"
"279019","Nida Rahat","DR-1322","EMDS Call","Medical Emergency","Chest Pain","2026/04/09 11:07:54 AM","Rahim Yar Khan"
"77723","Zia ul Haq","DR-328","Direct Call","Patient Transfer Service","N/A","2026/04/09 11:12:42 AM","Liaqatpur"
"279020","Muhammad AAmar","DR-915","EMDS Call","Medical Emergency","SOB/ Respiratory Distress","2026/04/09 11:20:15 AM","Rahim Yar Khan"
"77724","Nida Rahat","DR-1322","Direct Call","Patient Transfer Service","N/A","2026/04/09 11:22:32 AM","Liaqatpur"
"279021","Shahla Nawaz","DR-185","EMDS Call","Medical Emergency","Urinary Retention","2026/04/09 11:22:20 AM","Khanpur"
"279022","Shahla Nawaz","DR-185","EMDS Call","Medical Emergency","Chronic Illness","2026/04/09 11:37:12 AM","Rahim Yar Khan"
"279023","Muhammad AAmar","DR-915","EMDS Call","Road Crash","Bleeding","2026/04/09 11:39:34 AM","Rahim Yar Khan"
"279024","Zia ul Haq","DR-328","EMDS Call","Medical Emergency","Hypertension","2026/04/09 11:39:18 AM","Rahim Yar Khan"
"77725","Zia ul Haq","DR-328","Direct Call","Patient Transfer Service","N/A","2026/04/09 11:46:56 AM","Rahim Yar Khan"
"279025","Shahla Nawaz","DR-185","EMDS Call","Medical Emergency","SOB/ Respiratory Distress","2026/04/09 11:46:51 AM","Sadiqabad"
"279026","Muhammad AAmar","DR-915","EMDS Call","Medical Emergency","Chronic Illness","2026/04/09 11:47:11 AM","Rahim Yar Khan"
"279027","Aasia Batool","MR-5198","EMDS Call","Medical Emergency","Joints Pain","2026/04/09 11:53:52 AM","Rahim Yar Khan"
"279028","Nida Rahat","DR-1322","EMDS Call","Medical Emergency","SOB/ Respiratory Distress","2026/04/09 11:54:04 AM","Sadiqabad"
"279029","Nida Rahat","DR-1322","EMDS Call","Road Crash","Bleeding","2026/04/09 11:57:35 AM","Sadiqabad"
"279030","Zupasha Zia","MR-5758","EMDS Call","Rescue Operations","Animal/Bird Rescue","2026/04/09 11:59:26 AM","Rahim Yar Khan"
"279031","Nida Rahat","DR-1322","EMDS Call","Medical Emergency","Chronic Illness","2026/04/09 12:00:40 PM","Rahim Yar Khan"
"279032","Nida Rahat","DR-1322","EMDS Call","Medical Emergency","Chronic Illness","2026/04/09 12:04:41 PM","Khanpur"
"77726","Aasia Batool","MR-5198","Direct Call","Patient Transfer Service","N/A","2026/04/09 12:07:22 PM","Khanpur"
"77727","Aasia Batool","MR-5198","Direct Call","Patient Transfer Service","N/A","2026/04/09 12:14:04 PM","Khanpur"
"279033","Zupasha Zia","MR-5758","EMDS Call","Medical Emergency","Headache","2026/04/09 12:14:57 PM","Rahim Yar Khan"
"279034","Aasia Batool","MR-5198","EMDS Call","Medical Emergency","Anxiety / Psychiatric Disorder","2026/04/09 12:29:52 PM","Rahim Yar Khan"
"279035","Aasia Batool","MR-5198","EMDS Call","Medical Emergency","Vertigo/ Dizziness","2026/04/09 12:34:04 PM","Rahim Yar Khan"
"279036","Aasia Batool","MR-5198","EMDS Call","Road Crash","Severe Trauma","2026/04/09 12:41:31 PM","Rahim Yar Khan"
"279037","Zupasha Zia","MR-5758","EMDS Call","Medical Emergency","Backache","2026/04/09 12:53:11 PM","Khanpur"
"279038","Aasia Batool","MR-5198","EMDS Call","Medical Emergency","SOB/ Respiratory Distress","2026/04/09 12:56:28 PM","Khanpur"
"77728","Nida Rahat","DR-1322","Direct Call","Patient Transfer Service","N/A","2026/04/09 12:57:07 PM","Sadiqabad"
"279039","Zupasha Zia","MR-5758","EMDS Call","Medical Emergency","Vertigo/ Dizziness","2026/04/09 12:57:32 PM","Khanpur"
"279040","Nida Rahat","DR-1322","EMDS Call","Medical Emergency","Unconscious","2026/04/09 01:01:16 PM","Sadiqabad"
"279041","Aasia Batool","MR-5198","EMDS Call","Medical Emergency","Joints Pain","2026/04/09 01:02:00 PM","Khanpur"
"279042","Zupasha Zia","MR-5758","EMDS Call","Medical Emergency","SOB/ Respiratory Distress","2026/04/09 01:02:39 PM","Rahim Yar Khan"
"77729","Zupasha Zia","MR-5758","Direct Call","Patient Transfer Service","N/A","2026/04/09 01:12:42 PM","Liaqatpur"
"279043","Aasia Batool","MR-5198","EMDS Call","Medical Emergency","Chronic Illness","2026/04/09 01:12:06 PM","Liaqatpur"
"279044","Zupasha Zia","MR-5758","EMDS Call","Medical Emergency","Epilepsy","2026/04/09 01:26:57 PM","Khanpur"
"279045","Aasia Batool","MR-5198","EMDS Call","Rescue Operations","Electric Shock","2026/04/09 01:28:05 PM","Rahim Yar Khan"
"279046","Aasia Batool","MR-5198","EMDS Call","Medical Emergency","Hypertension","2026/04/09 01:33:27 PM","Rahim Yar Khan"
"279047","Shahla Nawaz","DR-185","EMDS Call","Medical Emergency","Hypertension","2026/04/09 01:33:15 PM","Rahim Yar Khan"
"279048","Shahla Nawaz","DR-185","EMDS Call","Medical Emergency","Abdominal Pain","2026/04/09 01:41:01 PM","Sadiqabad"
"279049","Rana M. Usman","DR-200","EMDS Call","Medical Emergency","Vomiting","2026/04/09 01:53:41 PM","Sadiqabad"
"279050","Sheeza Barkat","MR-5331","EMDS Call","Medical Emergency","Domestic Injuries","2026/04/09 02:01:22 PM","Rahim Yar Khan"
"77730","Aasia Batool","MR-5198","Direct Call","Patient Transfer Service","N/A","2026/04/09 02:04:52 PM","Khanpur"
"279051","Sheeza Barkat","MR-5331","EMDS Call","Medical Emergency","Vomiting","2026/04/09 02:05:26 PM","Khanpur"
"279052","Rana M. Usman","DR-200","EMDS Call","Medical Emergency","Hypertension","2026/04/09 02:08:19 PM","Rahim Yar Khan"
"279053","Muhammad AAmar","DR-915","EMDS Call","Medical Emergency","Abdominal Pain","2026/04/09 02:13:47 PM","Rahim Yar Khan"
"279055","Sheeza Barkat","MR-5331","EMDS Call","Medical Emergency","Chronic Illness","2026/04/09 02:13:09 PM","Khanpur"
"279054","Rana M. Usman","DR-200","EMDS Call","Rescue Operations","Animal/Bird Rescue","2026/04/09 02:15:22 PM","Rahim Yar Khan"
"279056","Muhammad AAmar","DR-915","EMDS Call","Medical Emergency","SOB/ Respiratory Distress","2026/04/09 02:18:42 PM","Sadiqabad"
"279057","Sheeza Barkat","MR-5331","EMDS Call","Medical Emergency","Hypertension","2026/04/09 02:24:35 PM","Khanpur"
"279058","Sheeza Barkat","MR-5331","EMDS Call","Road Crash","Bleeding","2026/04/09 02:31:00 PM","Rahim Yar Khan"
"279059","Sheeza Barkat","MR-5331","EMDS Call","Road Crash","Bleeding","2026/04/09 02:45:25 PM","Rahim Yar Khan"
"279060","Bushra Saleem","MR-5701","EMDS Call","Medical Emergency","Domestic Injuries","2026/04/09 02:45:40 PM","Sadiqabad"
"279061","Sheeza Barkat","MR-5331","EMDS Call","Medical Emergency","Unconscious","2026/04/09 02:49:03 PM","Khanpur"
"279062","Rana M. Usman","DR-200","EMDS Call","Road Crash","Minor Injuries","2026/04/09 02:53:49 PM","Rahim Yar Khan"
"279063","Bushra Saleem","MR-5701","EMDS Call","Medical Emergency","SOB/ Respiratory Distress","2026/04/09 02:58:03 PM","Sadiqabad"
"279064","Rana M. Usman","DR-200","EMDS Call","Road Crash","Minor Injuries","2026/04/09 03:00:13 PM","Rahim Yar Khan"
"77731","Rana M. Usman","DR-200","Direct Call","Patient Transfer Service","N/A","2026/04/09 03:10:21 PM","Sadiqabad"
"279065","Rana M. Usman","DR-200","EMDS Call","Road Crash","Minor Injuries","2026/04/09 03:12:21 PM","Sadiqabad"
"279066","Rana M. Usman","DR-200","EMDS Call","Medical Emergency","Vertigo/ Dizziness","2026/04/09 03:20:40 PM","Rahim Yar Khan"
"77732","Saima Bashir","MR-5819","Direct Call","Patient Transfer Service","N/A","2026/04/09 03:26:05 PM","Sadiqabad"
"279067","Sheeza Barkat","MR-5331","EMDS Call","Medical Emergency","Hypertension","2026/04/09 03:31:37 PM","Liaqatpur"
"279068","Muhammad Rashid Saleem","DR-187","EMDS Call","Fire","Others","2026/04/09 03:32:22 PM","Liaqatpur"
"279069","Rana M. Usman","DR-200","EMDS Call","Medical Emergency","Chronic Illness","2026/04/09 03:33:57 PM","Rahim Yar Khan"
"279070","Rana M. Usman","DR-200","Direct Call","Medical Emergency","Gynae Problem","2026/04/09 03:43:55 PM","Rahim Yar Khan"
"279071","Rana M. Usman","DR-200","EMDS Call","Medical Emergency","High Fever","2026/04/09 03:56:58 PM","Sadiqabad"
"279072","Sheeza Barkat","MR-5331","EMDS Call","Rescue Operations","Electric Shock","2026/04/09 04:00:04 PM","Sadiqabad"
"279073","Muhammad Rashid Saleem","DR-187","EMDS Call","Road Crash","Bleeding","2026/04/09 04:04:07 PM","Sadiqabad"
"279073","Muhammad Rashid Saleem","DR-187","EMDS Call","Road Crash","Bleeding","2026/04/09 04:04:07 PM","Sadiqabad"
"279074","Rana M. Usman","DR-200","EMDS Call","Medical Emergency","Anxiety / Psychiatric Disorder","2026/04/09 04:04:19 PM","Rahim Yar Khan"
"279075","Sheeza Barkat","MR-5331","EMDS Call","Medical Emergency","SOB/ Respiratory Distress","2026/04/09 04:05:31 PM","Khanpur"
"279076","Rana M. Usman","DR-200","EMDS Call","Fall","Fall From Roof","2026/04/09 04:09:01 PM","Rahim Yar Khan"
"279077","Rana M. Usman","DR-200","EMDS Call","Medical Emergency","Anxiety / Psychiatric Disorder","2026/04/09 04:12:48 PM","Rahim Yar Khan"
"279078","Muhammad Rashid Saleem","DR-187","EMDS Call","Medical Emergency","Unconscious","2026/04/09 04:14:21 PM","Liaqatpur"
"279079","Bushra Saleem","MR-5701","EMDS Call","Medical Emergency","High Fever","2026/04/09 04:24:34 PM","Rahim Yar Khan"
"77733","Sheeza Barkat","MR-5331","Direct Call","Patient Transfer Service","N/A","2026/04/09 04:28:20 PM","Sadiqabad"
"279080","Muhammad Rashid Saleem","DR-187","EMDS Call","Road Crash","Bleeding","2026/04/09 04:39:16 PM","Sadiqabad"
"279081","Bushra Saleem","MR-5701","EMDS Call","Road Crash","Minor Injuries","2026/04/09 04:43:23 PM","Khanpur"
"279082","Saima Bashir","MR-5819","EMDS Call","Road Crash","Bleeding","2026/04/09 04:49:19 PM","Liaqatpur"
"279083","Saima Bashir","MR-5819","EMDS Call","Medical Emergency","Anxiety / Psychiatric Disorder","2026/04/09 04:59:00 PM","Rahim Yar Khan"
"279084","Bushra Saleem","MR-5701","EMDS Call","Rescue Operations","Delivery Case","2026/04/09 05:04:05 PM","Rahim Yar Khan"
"279089","Muhammad Rashid Saleem","DR-187","EMDS Call","Medical Emergency","Gynae Problem","2026/04/09 05:04:19 PM","Liaqatpur"
"279085","Muhammad Rashid Saleem","DR-187","EMDS Call","Medical Emergency","Chest Pain","2026/04/09 05:10:05 PM","Khanpur"
"279086","Bushra Saleem","MR-5701","EMDS Call","Medical Emergency","SOB/ Respiratory Distress","2026/04/09 05:13:25 PM","Rahim Yar Khan"
"279087","Muhammad Rashid Saleem","DR-187","EMDS Call","Fire","Wheat Fire","2026/04/09 05:17:55 PM","Liaqatpur"
"279088","Sheeza Barkat","MR-5331","EMDS Call","Road Crash","Minor Injuries","2026/04/09 05:18:26 PM","Khanpur"
"279088","Sheeza Barkat","MR-5331","EMDS Call","Road Crash","Minor Injuries","2026/04/09 05:18:26 PM","Khanpur"
"279090","Bushra Saleem","MR-5701","EMDS Call","Medical Emergency","Chest Pain","2026/04/09 05:18:47 PM","Sadiqabad"
"279091","Sheeza Barkat","MR-5331","EMDS Call","Medical Emergency","Vomiting","2026/04/09 05:24:56 PM","Rahim Yar Khan"
"279092","Rana M. Usman","DR-200","EMDS Call","Medical Emergency","Hypertension","2026/04/09 05:31:53 PM","Rahim Yar Khan"
"279093","Sheeza Barkat","MR-5331","EMDS Call","Road Crash","Bleeding","2026/04/09 05:34:16 PM","Khanpur"
"279094","Sheeza Barkat","MR-5331","EMDS Call","Medical Emergency","CVA/Stroke","2026/04/09 05:37:46 PM","Rahim Yar Khan"
"77734","Bushra Saleem","MR-5701","Direct Call","Patient Transfer Service","N/A","2026/04/09 05:40:53 PM","Khanpur"
"279095","Bushra Saleem","MR-5701","EMDS Call","Medical Emergency","Unconscious","2026/04/09 05:56:36 PM","Rahim Yar Khan"
"279096","Saima Bashir","MR-5819","EMDS Call","Road Crash","Bleeding","2026/04/09 05:58:49 PM","Khanpur"
"279098","Sheeza Barkat","MR-5331","EMDS Call","Medical Emergency","Abdominal Pain","2026/04/09 05:56:40 PM","Sadiqabad"
"279097","Bushra Saleem","MR-5701","EMDS Call","Road Crash","Minor Injuries","2026/04/09 05:58:39 PM","Khanpur"
"279099","Bushra Saleem","MR-5701","EMDS Call","Medical Emergency","Epilepsy","2026/04/09 06:01:37 PM","Rahim Yar Khan"
"279100","Sheeza Barkat","MR-5331","EMDS Call","Road Crash","Bleeding","2026/04/09 06:04:19 PM","Khanpur"
"279101","Saima Bashir","MR-5819","EMDS Call","Medical Emergency","Anxiety / Psychiatric Disorder","2026/04/09 06:07:29 PM","Rahim Yar Khan"
"279103","Saima Bashir","MR-5819","EMDS Call","Medical Emergency","Abdominal Pain","2026/04/09 06:16:44 PM","Liaqatpur"
"279102","Sheeza Barkat","MR-5331","EMDS Call","Medical Emergency","Vertigo/ Dizziness","2026/04/09 06:17:54 PM","Rahim Yar Khan"
"279104","Bushra Saleem","MR-5701","EMDS Call","Medical Emergency","Abdominal Pain","2026/04/09 06:21:18 PM","Liaqatpur"
"279105","Sheeza Barkat","MR-5331","EMDS Call","Medical Emergency","Joints Pain","2026/04/09 06:23:42 PM","Rahim Yar Khan"
"279107","Bushra Saleem","MR-5701","EMDS Call","Medical Emergency","Chronic Illness","2026/04/09 06:28:31 PM","Khanpur"
"279106","Sheeza Barkat","MR-5331","EMDS Call","Road Crash","Bleeding","2026/04/09 06:30:56 PM","Rahim Yar Khan"
"279108","Sheeza Barkat","MR-5331","EMDS Call","Road Crash","Severe Trauma","2026/04/09 06:41:08 PM","Rahim Yar Khan"
"279108","Sheeza Barkat","MR-5331","EMDS Call","Road Crash","Severe Trauma","2026/04/09 06:41:08 PM","Rahim Yar Khan"
"279109","Saima Bashir","MR-5819","EMDS Call","Rescue Operations","Delivery Case","2026/04/09 06:43:29 PM","Sadiqabad"
"279110","Bushra Saleem","MR-5701","EMDS Call","Medical Emergency","Anxiety / Psychiatric Disorder","2026/04/09 06:43:22 PM","Rahim Yar Khan"
"77735","Saima Bashir","MR-5819","Direct Call","Patient Transfer Service","N/A","2026/04/09 06:49:19 PM","Sadiqabad"
"279111","Bushra Saleem","MR-5701","EMDS Call","Road Crash","Minor Injuries","2026/04/09 06:51:06 PM","Rahim Yar Khan"
"77736","Bushra Saleem","MR-5701","Direct Call","Patient Transfer Service","N/A","2026/04/09 06:54:21 PM","Liaqatpur"
"279112","Muhammad Rashid Saleem","DR-187","EMDS Call","Medical Emergency","Vomiting","2026/04/09 07:01:47 PM","Khanpur"
"279113","Muhammad Rashid Saleem","DR-187","EMDS Call","Medical Emergency","Anxiety / Psychiatric Disorder","2026/04/09 07:09:46 PM","Rahim Yar Khan"
"77737","Bushra Saleem","MR-5701","Direct Call","Patient Transfer Service","N/A","2026/04/09 07:12:56 PM","Khanpur"
"279114","Muhammad Rashid Saleem","DR-187","EMDS Call","Medical Emergency","Chronic Illness","2026/04/09 07:15:48 PM","Liaqatpur"
"279115","Muhammad Rashid Saleem","DR-187","EMDS Call","Medical Emergency","Chronic Illness","2026/04/09 07:22:17 PM","Khanpur"
"279116","Sheeza Barkat","MR-5331","EMDS Call","Medical Emergency","Abdominal Pain","2026/04/09 07:23:12 PM","Sadiqabad"
"279117","Saima Bashir","MR-5819","EMDS Call","Medical Emergency","Gynae Problem","2026/04/09 07:35:56 PM","Rahim Yar Khan"
"279118","Bushra Saleem","MR-5701","EMDS Call","Medical Emergency","High Fever","2026/04/09 07:37:05 PM","Khanpur"
"279119","Sheeza Barkat","MR-5331","EMDS Call","Medical Emergency","Abdominal Pain","2026/04/09 07:57:17 PM","Sadiqabad"
"279120","Bushra Saleem","MR-5701","EMDS Call","Road Crash","Bleeding","2026/04/09 07:59:49 PM","Khanpur"
"77738","Bushra Saleem","MR-5701","Direct Call","Patient Transfer Service","N/A","2026/04/09 08:03:19 PM","Sadiqabad"
"279121","Sheeza Barkat","MR-5331","EMDS Call","Road Crash","Bleeding","2026/04/09 08:12:24 PM","Sadiqabad"
"279122","Sheeza Barkat","MR-5331","EMDS Call","Medical Emergency","Vomiting","2026/04/09 08:16:40 PM","Rahim Yar Khan"
"279123","Bushra Saleem","MR-5701","EMDS Call","Road Crash","Minor Injuries","2026/04/09 08:33:27 PM","Rahim Yar Khan"
"279124","Saima Bashir","MR-5819","EMDS Call","Medical Emergency","Vomiting","2026/04/09 08:34:21 PM","Rahim Yar Khan"
"279125","Farah Sadaqat","MR-5930","EMDS Call","Rescue Operations","Delivery Case","2026/04/09 09:03:06 PM","Sadiqabad"
"77739","Maheen Tahir","MR-6017","Direct Call","Patient Transfer Service","N/A","2026/04/09 09:04:23 PM","Khanpur"
"279126","Faiz Muhyy Ul Din","DR-892","EMDS Call","Medical Emergency","Vomiting","2026/04/09 09:03:38 PM","Rahim Yar Khan"
"279128","Maheen Tahir","MR-6017","EMDS Call","Medical Emergency","Hypertension","2026/04/09 09:05:15 PM","Sadiqabad"
"279127","Faiz Muhyy Ul Din","DR-892","EMDS Call","Medical Emergency","High Fever","2026/04/09 09:05:38 PM","Rahim Yar Khan"
"279129","Farah Sadaqat","MR-5930","EMDS Call","Road Crash","Bleeding","2026/04/09 09:08:15 PM","Khanpur"
"279130","Faiz Muhyy Ul Din","DR-892","EMDS Call","Medical Emergency","Renal Disorders / Renal Colic ","2026/04/09 09:14:02 PM","Rahim Yar Khan"
"279131","Faiz Muhyy Ul Din","DR-892","EMDS Call","Medical Emergency","Abdominal Pain","2026/04/09 09:20:40 PM","Rahim Yar Khan"
"279132","Farah Sadaqat","MR-5930","EMDS Call","Medical Emergency","Chest Pain","2026/04/09 09:23:17 PM","Rahim Yar Khan"
"279133","Faiz Muhyy Ul Din","DR-892","EMDS Call","Medical Emergency","Joints Pain","2026/04/09 09:24:09 PM","Sadiqabad"
"279134","Farah Sadaqat","MR-5930","EMDS Call","Medical Emergency","Hypertension","2026/04/09 09:25:30 PM","Rahim Yar Khan"
"279135","Faiz Muhyy Ul Din","DR-892","EMDS Call","Medical Emergency","Hypertension","2026/04/09 09:25:35 PM","Rahim Yar Khan"
"279136","Maheen Tahir","MR-6017","EMDS Call","Medical Emergency","Anxiety / Psychiatric Disorder","2026/04/09 09:27:17 PM","Rahim Yar Khan"
"279137","Farah Sadaqat","MR-5930","EMDS Call","Medical Emergency","Anxiety / Psychiatric Disorder","2026/04/09 09:33:54 PM","Sadiqabad"
"279138","Maheen Tahir","MR-6017","EMDS Call","Fall","Fall From Stairs","2026/04/09 09:35:25 PM","Liaqatpur"
"279139","Farah Sadaqat","MR-5930","EMDS Call","Medical Emergency","Unconscious","2026/04/09 09:43:36 PM","Liaqatpur"
"279140","Maheen Tahir","MR-6017","EMDS Call","Medical Emergency","Hypertension","2026/04/09 09:44:35 PM","Khanpur"
"279141","Farah Sadaqat","MR-5930","EMDS Call","Fire","Others","2026/04/09 09:53:03 PM","Rahim Yar Khan"
"279142","Farah Sadaqat","MR-5930","EMDS Call","Medical Emergency","Vertigo/ Dizziness","2026/04/09 10:03:59 PM","Rahim Yar Khan"
"279143","Saira Bibi","MR-5494","EMDS Call","Medical Emergency","FBAO","2026/04/09 10:06:33 PM","Sadiqabad"
"Not Assigned","Maheen Tahir","MR-6017","EMDS Call","Medical Emergency","Chronic Illness","2026/04/09 10:22:33 PM","Khanpur"
"77740","Farah Sadaqat","MR-5930","Direct Call","Patient Transfer Service","N/A","2026/04/09 10:33:54 PM","Sadiqabad"
"279145","Farah Sadaqat","MR-5930","EMDS Call","Medical Emergency","Backache","2026/04/09 10:33:45 PM","Rahim Yar Khan"
"279146","Maheen Tahir","MR-6017","Direct Call","Medical Emergency","High Fever","2026/04/09 10:34:34 PM","Khanpur"
"279147","Saira Bibi","MR-5494","EMDS Call","Rescue Operations","Delivery Case","2026/04/09 10:37:20 PM","Sadiqabad"
"77741","Farah Sadaqat","MR-5930","Direct Call","Patient Transfer Service","N/A","2026/04/09 10:39:20 PM","Khanpur"
"77742","Farah Sadaqat","MR-5930","Direct Call","Patient Transfer Service","N/A","2026/04/09 10:40:31 PM","Khanpur"
"77743","Farah Sadaqat","MR-5930","Direct Call","Patient Transfer Service","N/A","2026/04/09 10:42:43 PM","Sadiqabad"
"279148","Farah Sadaqat","MR-5930","EMDS Call","Medical Emergency","Hypertension","2026/04/09 10:43:48 PM","Rahim Yar Khan"
"279149","Maheen Tahir","MR-6017","EMDS Call","Medical Emergency","Unconscious","2026/04/09 10:45:47 PM","Rahim Yar Khan"
"279150","Maheen Tahir","MR-6017","EMDS Call","Medical Emergency","High Fever","2026/04/09 10:49:29 PM","Sadiqabad"
"279151","Farah Sadaqat","MR-5930","EMDS Call","Medical Emergency","Vertigo/ Dizziness","2026/04/09 10:49:31 PM","Rahim Yar Khan"
"77744","Farah Sadaqat","MR-5930","Direct Call","Patient Transfer Service","N/A","2026/04/09 10:52:23 PM","Sadiqabad"
"279152","Maheen Tahir","MR-6017","EMDS Call","Medical Emergency","SOB/ Respiratory Distress","2026/04/09 11:11:19 PM","Rahim Yar Khan"
"279153","Farah Sadaqat","MR-5930","EMDS Call","Medical Emergency","Blood In Vomit","2026/04/09 11:16:09 PM","Sadiqabad"
"279154","Maheen Tahir","MR-6017","EMDS Call","Road Crash","Bleeding","2026/04/09 11:19:35 PM","Sadiqabad"
"279155","Saira Bibi","MR-5494","EMDS Call","Medical Emergency","SOB/ Respiratory Distress","2026/04/09 11:18:02 PM","Rahim Yar Khan"
"279156","Maheen Tahir","MR-6017","EMDS Call","Medical Emergency","Vertigo/ Dizziness","2026/04/09 11:38:20 PM","Rahim Yar Khan"
"279157","Farah Sadaqat","MR-5930","EMDS Call","Road Crash","Bleeding","2026/04/09 11:54:10 PM","Rahim Yar Khan"
"279158","Farah Sadaqat","MR-5930","EMDS Call","Medical Emergency","Vomiting","2026/04/10 12:01:25 AM","Liaqatpur"
"279159","Farah Sadaqat","MR-5930","EMDS Call","Medical Emergency","High Fever","2026/04/10 12:05:25 AM","Rahim Yar Khan"
"279160","Saira Bibi","MR-5494","EMDS Call","Medical Emergency","Vomiting","2026/04/10 12:11:02 AM","Rahim Yar Khan"
"279161","Maheen Tahir","MR-6017","EMDS Call","Medical Emergency","Abdominal Pain","2026/04/10 12:15:09 AM","Rahim Yar Khan"
"77745","Saira Bibi","MR-5494","Direct Call","Patient Transfer Service","N/A","2026/04/10 12:28:07 AM","Sadiqabad"
"279162","Farah Sadaqat","MR-5930","EMDS Call","Medical Emergency","SOB/ Respiratory Distress","2026/04/10 12:29:34 AM","Rahim Yar Khan"
"279163","Maheen Tahir","MR-6017","EMDS Call","Medical Emergency","Abdominal Pain","2026/04/10 12:50:27 AM","Rahim Yar Khan"
"279164","Farah Sadaqat","MR-5930","EMDS Call","Medical Emergency","High Fever","2026/04/10 01:02:44 AM","Sadiqabad"
"279165","Maheen Tahir","MR-6017","EMDS Call","Medical Emergency","Unconscious","2026/04/10 01:08:21 AM","Sadiqabad"
"279167","Farah Sadaqat","MR-5930","EMDS Call","Medical Emergency","Joints Pain","2026/04/10 01:09:21 AM","Rahim Yar Khan"
"77746","Farah Sadaqat","MR-5930","Direct Call","Patient Transfer Service","N/A","2026/04/10 01:13:18 AM","Khanpur"
"279166","Saira Bibi","MR-5494","EMDS Call","Medical Emergency","Earache/ Toothache","2026/04/10 01:10:47 AM","Sadiqabad"
"279168","Farah Sadaqat","MR-5930","EMDS Call","Medical Emergency","Abdominal Pain","2026/04/10 01:39:23 AM","Rahim Yar Khan"
"279169","Saira Bibi","MR-5494","EMDS Call","Medical Emergency","High Fever","2026/04/10 01:42:22 AM","Rahim Yar Khan"
"279171","Maheen Tahir","MR-6017","EMDS Call","Medical Emergency","Joints Pain","2026/04/10 01:50:32 AM","Rahim Yar Khan"
"279170","Saira Bibi","MR-5494","EMDS Call","Medical Emergency","Anxiety / Psychiatric Disorder","2026/04/10 01:50:10 AM","Rahim Yar Khan"
"279172","Farah Sadaqat","MR-5930","EMDS Call","Medical Emergency","Vomiting","2026/04/10 02:20:59 AM","Rahim Yar Khan"
"77747","Saira Bibi","MR-5494","Direct Call","Patient Transfer Service","N/A","2026/04/10 02:32:51 AM","Sadiqabad"
"279173","Saira Bibi","MR-5494","EMDS Call","Medical Emergency","Headache","2026/04/10 02:37:33 AM","Rahim Yar Khan"
"279174","Maheen Tahir","MR-6017","EMDS Call","Medical Emergency","Joints Pain","2026/04/10 02:43:33 AM","Rahim Yar Khan"
"279175","Farah Sadaqat","MR-5930","EMDS Call","Medical Emergency","Hypertension","2026/04/10 03:02:30 AM","Rahim Yar Khan"
"279176","Saira Bibi","MR-5494","EMDS Call","Medical Emergency","Unconscious","2026/04/10 03:03:42 AM","Liaqatpur"
"279177","Farah Sadaqat","MR-5930","EMDS Call","Medical Emergency","Vertigo/ Dizziness","2026/04/10 03:18:24 AM","Rahim Yar Khan"
"279178","Saira Bibi","MR-5494","EMDS Call","Crime","Probable Suicide","2026/04/10 03:44:03 AM","Rahim Yar Khan"
"279179","Faiz Muhyy Ul Din","DR-892","EMDS Call","Medical Emergency","Anxiety / Psychiatric Disorder","2026/04/10 03:59:51 AM","Rahim Yar Khan"
"279180","Saira Bibi","MR-5494","EMDS Call","Medical Emergency","Domestic Injuries","2026/04/10 04:02:31 AM","Rahim Yar Khan"
"279181","Shaheen Islam","DR-1171","EMDS Call","Medical Emergency","Unconscious","2026/04/10 04:08:05 AM","Rahim Yar Khan"
"279182","Saira Bibi","MR-5494","EMDS Call","Medical Emergency","Renal Disorders / Renal Colic ","2026/04/10 04:53:18 AM","Rahim Yar Khan"
"279183","Saira Bibi","MR-5494","EMDS Call","Medical Emergency","Abdominal Pain","2026/04/10 05:35:34 AM","Rahim Yar Khan"
"279184","Saira Bibi","MR-5494","EMDS Call","Medical Emergency","Hypertension","2026/04/10 05:59:26 AM","Khanpur"
"279185","Shaheen Islam","DR-1171","EMDS Call","Medical Emergency","SOB/ Respiratory Distress","2026/04/10 05:58:56 AM","Khanpur"
"279186","Faiz Muhyy Ul Din","DR-892","EMDS Call","Medical Emergency","Headache","2026/04/10 06:02:50 AM","Khanpur"
"279187","Saira Bibi","MR-5494","EMDS Call","Rescue Operations","Delivery Case","2026/04/10 06:09:38 AM","Sadiqabad"
"279188","Faiz Muhyy Ul Din","DR-892","EMDS Call","Rescue Operations","Delivery Case","2026/04/10 06:10:06 AM","Liaqatpur"
"279189","Shaheen Islam","DR-1171","EMDS Call","Medical Emergency","Chest Pain","2026/04/10 06:29:47 AM","Sadiqabad"
"279190","Shaheen Islam","DR-1171","EMDS Call","Medical Emergency","Hypoglycemia","2026/04/10 07:06:58 AM","Khanpur"
"279191","Saira Bibi","MR-5494","EMDS Call","Medical Emergency","Hypertension","2026/04/10 07:16:52 AM","Liaqatpur"
"279192","Faiz Muhyy Ul Din","DR-892","EMDS Call","Road Crash","Multiple Fractures","2026/04/10 07:38:51 AM","Khanpur"
"279193","Saira Bibi","MR-5494","EMDS Call","Medical Emergency","Unconscious","2026/04/10 07:42:24 AM","Rahim Yar Khan"
"279194","Faiz Muhyy Ul Din","DR-892","EMDS Call","Medical Emergency","Unconscious","2026/04/10 07:51:25 AM","Rahim Yar Khan"
"279195","Aasia Batool","MR-5198","EMDS Call","Road Crash","Bleeding","2026/04/10 08:03:09 AM","Rahim Yar Khan"
"279196","Zupasha Zia","MR-5758","EMDS Call","Medical Emergency","Domestic Injuries","2026/04/10 08:05:13 AM","Khanpur"
"279197","Aasia Batool","MR-5198","EMDS Call","Medical Emergency","Vomiting","2026/04/10 08:08:00 AM","Sadiqabad"
"279198","Aasia Batool","MR-5198","EMDS Call","Road Crash","Minor Injuries","2026/04/10 08:12:54 AM","Rahim Yar Khan"
"279200","Aasia Batool","MR-5198","EMDS Call","Rescue Operations","Animal/Bird Rescue","2026/04/10 08:16:01 AM","Khanpur"
"279199","Zupasha Zia","MR-5758","EMDS Call","Road Crash","Minor Injuries","2026/04/10 08:15:51 AM","Sadiqabad"
"279201","Aasia Batool","MR-5198","EMDS Call","Medical Emergency","SOB/ Respiratory Distress","2026/04/10 08:25:24 AM","Khanpur"
"279202","Aasia Batool","MR-5198","EMDS Call","Medical Emergency","SOB/ Respiratory Distress","2026/04/10 08:28:41 AM","Sadiqabad"
"279203","Zia ul Haq","DR-328","EMDS Call","Medical Emergency","Hypertension","2026/04/10 08:29:50 AM","Sadiqabad"
"Not Assigned","Zupasha Zia","MR-5758","EMDS Call","Medical Emergency","Hypertension","2026/04/10 08:31:29 AM","Sadiqabad"
"279204","Zia ul Haq","DR-328","EMDS Call","Medical Emergency","Chronic Illness","2026/04/10 08:40:58 AM","Khanpur"
"279205","Zupasha Zia","MR-5758","EMDS Call","Road Crash","Minor Injuries","2026/04/10 08:47:50 AM","Rahim Yar Khan"
"77748","Muhammad Abid","DR-874","Direct Call","Patient Transfer Service","N/A","2026/04/10 09:00:11 AM","Rahim Yar Khan"
"279206","Shahla Nawaz","DR-185","EMDS Call","Road Crash","Minor Injuries","2026/04/10 09:09:04 AM","Sadiqabad"
"279207","Muhammad Abid","DR-874","EMDS Call","Medical Emergency","Abdominal Pain","2026/04/10 09:11:45 AM","Khanpur"
"279211","Muhammad AAmar","DR-915","EMDS Call","Medical Emergency","High Fever","2026/04/10 09:14:03 AM","Liaqatpur"
"279208","Zia ul Haq","DR-328","EMDS Call","Medical Emergency","Vomiting","2026/04/10 09:15:12 AM","Khanpur"
"77749","Shahla Nawaz","DR-185","Direct Call","Patient Transfer Service","N/A","2026/04/10 09:17:24 AM","Sadiqabad"
"279209","Shahla Nawaz","DR-185","EMDS Call","Medical Emergency","Headache","2026/04/10 09:17:53 AM","Rahim Yar Khan"
"279210","Muhammad AAmar","DR-915","EMDS Call","Road Crash","Minor Injuries","2026/04/10 09:22:52 AM","Rahim Yar Khan"
"279212","Shahla Nawaz","DR-185","EMDS Call","Road Crash","Minor Injuries","2026/04/10 09:27:51 AM","Sadiqabad"
"279213","Zia ul Haq","DR-328","EMDS Call","Medical Emergency","Vertigo/ Dizziness","2026/04/10 09:30:26 AM","Sadiqabad"
"279214","Zia ul Haq","DR-328","EMDS Call","Road Crash","Minor Injuries","2026/04/10 09:36:27 AM","Rahim Yar Khan"
"279215","Muhammad Abid","DR-874","EMDS Call","Medical Emergency","Hypertension","2026/04/10 09:43:33 AM","Rahim Yar Khan"
"279216","Zupasha Zia","MR-5758","EMDS Call","Road Crash","Minor Injuries","2026/04/10 09:45:41 AM","Sadiqabad"
"77750","Muhammad Abid","DR-874","Direct Call","Patient Transfer Service","N/A","2026/04/10 09:48:33 AM","Khanpur"
"279217","Muhammad AAmar","DR-915","EMDS Call","Medical Emergency","Vomiting","2026/04/10 09:49:38 AM","Khanpur"
"77751","Muhammad Abid","DR-874","Direct Call","Patient Transfer Service","N/A","2026/04/10 09:52:49 AM","Khanpur"
"279218","Zia ul Haq","DR-328","EMDS Call","Fire","Others","2026/04/10 09:53:12 AM","Liaqatpur"
"279219","Muhammad Abid","DR-874","EMDS Call","Medical Emergency","Chronic Illness","2026/04/10 10:07:26 AM","Rahim Yar Khan"
"279220","Zia ul Haq","DR-328","EMDS Call","Medical Emergency","Abdominal Pain","2026/04/10 10:18:28 AM","Khanpur"
"279221","Muhammad Abid","DR-874","EMDS Call","Medical Emergency","Chronic Illness","2026/04/10 10:29:07 AM","Rahim Yar Khan"
"279222","Muhammad AAmar","DR-915","EMDS Call","Medical Emergency","Unconscious","2026/04/10 10:29:38 AM","Khanpur"
"77752","Nida Rahat","DR-1322","Direct Call","Patient Transfer Service","N/A","2026/04/10 10:35:44 AM","Khanpur"
"279223","Nida Rahat","DR-1322","EMDS Call","Medical Emergency","Chest Pain","2026/04/10 10:40:33 AM","Rahim Yar Khan"
"77753","Muhammad Abid","DR-874","Direct Call","Patient Transfer Service","N/A","2026/04/10 10:41:32 AM","Khanpur"
"279224","Shahid Jamil","DR-184","EMDS Call","Rescue Operations","Snake Emergency","2026/04/10 10:40:21 AM","Rahim Yar Khan"
"279225","Nida Rahat","DR-1322","EMDS Call","Medical Emergency","Unconscious","2026/04/10 10:48:58 AM","Rahim Yar Khan"
"279226","Muhammad AAmar","DR-915","EMDS Call","Medical Emergency","Chronic Illness","2026/04/10 10:50:15 AM","Khanpur"
"279227","Muhammad Abid","DR-874","EMDS Call","Rescue Operations","Deepwell Extrication","2026/04/10 10:51:10 AM","Rahim Yar Khan"
"279228","Shahid Jamil","DR-184","EMDS Call","Medical Emergency","Anxiety / Psychiatric Disorder","2026/04/10 10:50:33 AM","Rahim Yar Khan"
"279229","Zupasha Zia","MR-5758","EMDS Call","Medical Emergency","Domestic Injuries","2026/04/10 10:53:27 AM","Liaqatpur"
"279232","Muhammad Abid","DR-874","EMDS Call","Medical Emergency","Joints Pain","2026/04/10 10:57:30 AM","Rahim Yar Khan"
"279231","Muhammad AAmar","DR-915","EMDS Call","Medical Emergency","Vomiting","2026/04/10 10:59:36 AM","Sadiqabad"
"279230","Muhammad Abid","DR-874","EMDS Call","Medical Emergency","Joints Pain","2026/04/10 11:00:53 AM","Rahim Yar Khan"
"279233","Zupasha Zia","MR-5758","EMDS Call","Medical Emergency","Abdominal Pain","2026/04/10 11:01:34 AM","Rahim Yar Khan"
"279234","Zupasha Zia","MR-5758","EMDS Call","Medical Emergency","Domestic Injuries","2026/04/10 11:04:44 AM","Rahim Yar Khan"
"279235","Muhammad AAmar","DR-915","EMDS Call","Medical Emergency","High Fever","2026/04/10 11:07:46 AM","Sadiqabad"
"279236","Zupasha Zia","MR-5758","EMDS Call","Medical Emergency","Hypertension","2026/04/10 11:09:14 AM","Rahim Yar Khan"
"279238","Zupasha Zia","MR-5758","EMDS Call","Road Crash","Multiple Fractures","2026/04/10 11:19:43 AM","Rahim Yar Khan"
"279237","Muhammad AAmar","DR-915","EMDS Call","Road Crash","Severe Trauma","2026/04/10 11:20:29 AM","Sadiqabad"
"279239","Muhammad Abid","DR-874","EMDS Call","Medical Emergency","Backache","2026/04/10 11:20:30 AM","Liaqatpur"
"279241","Nida Rahat","DR-1322","EMDS Call","Road Crash","Bleeding","2026/04/10 11:20:27 AM","Khanpur"
"279240","Muhammad AAmar","DR-915","EMDS Call","Road Crash","Minor Injuries","2026/04/10 11:21:28 AM","Sadiqabad"
"279242","Muhammad AAmar","DR-915","EMDS Call","Road Crash","Minor Injuries","2026/04/10 11:34:08 AM","Rahim Yar Khan"
"279243","Nida Rahat","DR-1322","EMDS Call","Medical Emergency","Vertigo/ Dizziness","2026/04/10 11:46:00 AM","Rahim Yar Khan"
"279244","Muhammad AAmar","DR-915","EMDS Call","Medical Emergency","Anxiety / Psychiatric Disorder","2026/04/10 11:47:05 AM","Rahim Yar Khan"
"279245","Muhammad Abid","DR-874","EMDS Call","Medical Emergency","Abdominal Pain","2026/04/10 11:52:43 AM","Liaqatpur"
"279246","Muhammad Abid","DR-874","EMDS Call","Medical Emergency","Unconscious","2026/04/10 11:55:49 AM","Sadiqabad"
"279247","Muhammad Abid","DR-874","EMDS Call","Medical Emergency","Vomiting","2026/04/10 11:59:38 AM","Rahim Yar Khan"
"279248","Zupasha Zia","MR-5758","EMDS Call","Road Crash","Bleeding","2026/04/10 12:00:07 PM","Rahim Yar Khan"
"279249","Nida Rahat","DR-1322","EMDS Call","Rescue Operations","Vehicle Extrication","2026/04/10 12:05:34 PM","Khanpur"
"279250","Muhammad Abid","DR-874","EMDS Call","Medical Emergency","Abdominal Pain","2026/04/10 12:10:00 PM","Rahim Yar Khan"
"279251","Zupasha Zia","MR-5758","EMDS Call","Medical Emergency","Hypertension","2026/04/10 12:10:39 PM","Rahim Yar Khan"
"279252","Muhammad Abid","DR-874","EMDS Call","Medical Emergency","Hypertension","2026/04/10 12:12:18 PM","Rahim Yar Khan"
"279253","Nida Rahat","DR-1322","EMDS Call","Medical Emergency","Chronic Illness","2026/04/10 12:12:41 PM","Rahim Yar Khan"
"279254","Nida Rahat","DR-1322","EMDS Call","Medical Emergency","Renal Disorders / Renal Colic ","2026/04/10 12:15:55 PM","Khanpur"
"279255","Nida Rahat","DR-1322","EMDS Call","Medical Emergency","High Fever","2026/04/10 12:21:10 PM","Sadiqabad"
"279256","Nida Rahat","DR-1322","EMDS Call","Medical Emergency","SOB/ Respiratory Distress","2026/04/10 12:22:45 PM","Sadiqabad"
"279257","Nida Rahat","DR-1322","Direct Call","Rescue Operations","Mass Event Coverage","2026/04/10 12:28:17 PM","Rahim Yar Khan"
"279258","Muhammad Abid","DR-874","EMDS Call","Medical Emergency","Vomiting","2026/04/10 12:29:53 PM","Rahim Yar Khan"
"77754","Nida Rahat","DR-1322","Direct Call","Patient Transfer Service","N/A","2026/04/10 12:37:20 PM","Sadiqabad"
"279259","Muhammad Abid","DR-874","EMDS Call","Road Crash","Bleeding","2026/04/10 12:46:46 PM","Sadiqabad"
"279260","Nida Rahat","DR-1322","EMDS Call","Medical Emergency","Anxiety / Psychiatric Disorder","2026/04/10 12:56:09 PM","Rahim Yar Khan"
"279261","Nida Rahat","DR-1322","EMDS Call","Crime","Probable Suicide","2026/04/10 01:19:02 PM","Sadiqabad"
"279262","Aasia Batool","MR-5198","EMDS Call","Road Crash","Severe Trauma","2026/04/10 01:27:12 PM","Sadiqabad"
"279263","Shahla Nawaz","DR-185","EMDS Call","Medical Emergency","Unconscious","2026/04/10 01:32:59 PM","Rahim Yar Khan"
"279264","Nida Rahat","DR-1322","EMDS Call","Medical Emergency","Epilepsy","2026/04/10 01:40:11 PM","Rahim Yar Khan"
"279265","Muhammad Abid","DR-874","EMDS Call","Medical Emergency","SOB/ Respiratory Distress","2026/04/10 01:43:17 PM","Liaqatpur"
"279266","Shahla Nawaz","DR-185","EMDS Call","Road Crash","Minor Injuries","2026/04/10 01:55:06 PM","Rahim Yar Khan"
"279267","Muhammad Abid","DR-874","EMDS Call","Medical Emergency","Renal Disorders / Renal Colic ","2026/04/10 01:55:26 PM","Rahim Yar Khan"
"279268","Aasia Batool","MR-5198","EMDS Call","Medical Emergency","Joints Pain","2026/04/10 01:57:03 PM","Rahim Yar Khan"
"77755","Sheeza Barkat","MR-5331","Direct Call","Patient Transfer Service","N/A","2026/04/10 02:05:24 PM","Liaqatpur"
"279269","Rana M. Usman","DR-200","EMDS Call","Medical Emergency","Anxiety / Psychiatric Disorder","2026/04/10 02:23:38 PM","Rahim Yar Khan"
"279270","Saima Bashir","MR-5819","EMDS Call","Medical Emergency","Renal Disorders / Renal Colic ","2026/04/10 02:25:05 PM","Rahim Yar Khan"
"279271","Rana M. Usman","DR-200","EMDS Call","Medical Emergency","Anxiety / Psychiatric Disorder","2026/04/10 02:30:57 PM","Khanpur"
"279272","Rana M. Usman","DR-200","EMDS Call","Crime","Probable Suicide","2026/04/10 02:34:08 PM","Sadiqabad"
"279273","Rana M. Usman","DR-200","EMDS Call","Road Crash","Minor Injuries","2026/04/10 02:43:57 PM","Rahim Yar Khan"
"279274","Sheeza Barkat","MR-5331","EMDS Call","Medical Emergency","SOB/ Respiratory Distress","2026/04/10 02:47:47 PM","Sadiqabad"
"279275","Rana M. Usman","DR-200","EMDS Call","Medical Emergency","Domestic Injuries","2026/04/10 02:49:09 PM","Rahim Yar Khan"
"77756","Muhammad Fiaz","DR-206","Direct Call","Patient Transfer Service","N/A","2026/04/10 02:59:33 PM","Khanpur"
"279276","Rana M. Usman","DR-200","EMDS Call","Road Crash","Minor Injuries","2026/04/10 02:58:40 PM","Sadiqabad"
"77757","Sheeza Barkat","MR-5331","Direct Call","Patient Transfer Service","N/A","2026/04/10 03:01:30 PM","Sadiqabad"
"279277","Rana M. Usman","DR-200","EMDS Call","Medical Emergency","SOB/ Respiratory Distress","2026/04/10 03:04:17 PM","Liaqatpur"
"279278","Saima Bashir","MR-5819","EMDS Call","Medical Emergency","Chronic Illness","2026/04/10 03:14:44 PM","Khanpur"
"279279","Rana M. Usman","DR-200","EMDS Call","Medical Emergency","Earache/ Toothache","2026/04/10 03:20:46 PM","Rahim Yar Khan"
"279280","Sheeza Barkat","MR-5331","EMDS Call","Medical Emergency","Anxiety / Psychiatric Disorder","2026/04/10 03:30:46 PM","Rahim Yar Khan"
"279281","Sheeza Barkat","MR-5331","EMDS Call","Medical Emergency","Anxiety / Psychiatric Disorder","2026/04/10 03:38:47 PM","Rahim Yar Khan"
"279284","Muhammad Fiaz","DR-206","EMDS Call","Road Crash","Bleeding","2026/04/10 03:37:34 PM","Rahim Yar Khan"
"279282","Muhammad Fiaz","DR-206","EMDS Call","Medical Emergency","Diarrhea","2026/04/10 03:41:46 PM","Sadiqabad"
"279283","Sheeza Barkat","MR-5331","EMDS Call","Medical Emergency","Epilepsy","2026/04/10 03:43:15 PM","Khanpur"
"279285","Rana M. Usman","DR-200","EMDS Call","Road Crash","Minor Injuries","2026/04/10 03:45:21 PM","Rahim Yar Khan"
"279286","Muhammad Fiaz","DR-206","EMDS Call","Medical Emergency","Headache","2026/04/10 03:48:35 PM","Rahim Yar Khan"
"279287","Muhammad Fiaz","DR-206","Direct Call","Rescue Operations","Mass Event Coverage","2026/04/10 03:53:15 PM","Khanpur"
"279288","Rana M. Usman","DR-200","EMDS Call","Medical Emergency","Urinary Retention","2026/04/10 03:55:00 PM","Rahim Yar Khan"
"279289","Bushra Saleem","MR-5701","EMDS Call","Road Crash","Bleeding","2026/04/10 03:56:10 PM","Sadiqabad"
"279290","Sheeza Barkat","MR-5331","EMDS Call","Medical Emergency","SOB/ Respiratory Distress","2026/04/10 03:56:20 PM","Sadiqabad"
"279291","Muhammad Fiaz","DR-206","EMDS Call","Road Crash","Multiple Fractures","2026/04/10 04:01:29 PM","Rahim Yar Khan"
"279292","Bushra Saleem","MR-5701","EMDS Call","Medical Emergency","Anxiety / Psychiatric Disorder","2026/04/10 04:00:47 PM","Rahim Yar Khan"
"77758","Muhammad Fiaz","DR-206","Direct Call","Patient Transfer Service","N/A","2026/04/10 04:09:45 PM","Sadiqabad"
"279293","Sheeza Barkat","MR-5331","EMDS Call","Road Crash","Bleeding","2026/04/10 04:26:46 PM","Rahim Yar Khan"
"279294","Bushra Saleem","MR-5701","EMDS Call","Fall","Fall From Roof","2026/04/10 04:27:47 PM","Rahim Yar Khan"
"77759","Muhammad Fiaz","DR-206","Direct Call","Patient Transfer Service","N/A","2026/04/10 04:33:37 PM","Sadiqabad"
"279295","Rana M. Usman","DR-200","EMDS Call","Medical Emergency","High Fever","2026/04/10 04:34:29 PM","Liaqatpur"
"279296","Rana M. Usman","DR-200","EMDS Call","Medical Emergency","SOB/ Respiratory Distress","2026/04/10 04:39:26 PM","Rahim Yar Khan"
"77760","Muhammad Fiaz","DR-206","Direct Call","Patient Transfer Service","N/A","2026/04/10 04:46:17 PM","Khanpur"
"279297","Rana M. Usman","DR-200","EMDS Call","Medical Emergency","Anxiety / Psychiatric Disorder","2026/04/10 04:48:51 PM","Sadiqabad"
"77761","Bushra Saleem","MR-5701","Direct Call","Patient Transfer Service","N/A","2026/04/10 04:51:00 PM","Liaqatpur"
"77762","Bushra Saleem","MR-5701","Direct Call","Patient Transfer Service","N/A","2026/04/10 04:58:33 PM","Liaqatpur"
"279298","Rana M. Usman","DR-200","EMDS Call","Road Crash","Severe Trauma","2026/04/10 05:14:27 PM","Sadiqabad"
"279298","Rana M. Usman","DR-200","EMDS Call","Road Crash","Severe Trauma","2026/04/10 05:14:27 PM","Sadiqabad"
"279299","Saima Bashir","MR-5819","EMDS Call","Medical Emergency","Vomiting","2026/04/10 05:32:26 PM","Rahim Yar Khan"
"279300","Rana M. Usman","DR-200","EMDS Call","Medical Emergency","Headache","2026/04/10 05:32:53 PM","Rahim Yar Khan"
"279301","Sheeza Barkat","MR-5331","EMDS Call","Road Crash","Minor Injuries","2026/04/10 05:34:26 PM","Rahim Yar Khan"
"279302","Rana M. Usman","DR-200","EMDS Call","Medical Emergency","High Fever","2026/04/10 05:44:21 PM","Sadiqabad"
"77763","Saima Bashir","MR-5819","Direct Call","Patient Transfer Service","N/A","2026/04/10 05:52:02 PM","Sadiqabad"
"279303","Saima Bashir","MR-5819","EMDS Call","Medical Emergency","Epilepsy","2026/04/10 05:51:57 PM","Rahim Yar Khan"
"279304","Rana M. Usman","DR-200","EMDS Call","Crime","Probable Suicide","2026/04/10 06:10:45 PM","Rahim Yar Khan"
"279305","Sheeza Barkat","MR-5331","EMDS Call","Medical Emergency","Gynae Problem","2026/04/10 06:10:55 PM","Sadiqabad"
"279306","Saima Bashir","MR-5819","EMDS Call","Medical Emergency","Hypertension","2026/04/10 06:16:37 PM","Rahim Yar Khan"
"279307","Sheeza Barkat","MR-5331","EMDS Call","Road Crash","Bleeding","2026/04/10 06:22:29 PM","Rahim Yar Khan"
"279308","Saima Bashir","MR-5819","EMDS Call","Medical Emergency","Hypoglycemia","2026/04/10 06:25:10 PM","Sadiqabad"
"279309","Sheeza Barkat","MR-5331","EMDS Call","Medical Emergency","SOB/ Respiratory Distress","2026/04/10 06:25:51 PM","Khanpur"
"279310","Saima Bashir","MR-5819","EMDS Call","Medical Emergency","High Fever","2026/04/10 06:34:37 PM","Liaqatpur"
"77764","Rana M. Usman","DR-200","Direct Call","Patient Transfer Service","N/A","2026/04/10 06:43:07 PM","Sadiqabad"
"279311","Sheeza Barkat","MR-5331","EMDS Call","Medical Emergency","Backache","2026/04/10 06:45:41 PM","Rahim Yar Khan"
"77765","Saima Bashir","MR-5819","Direct Call","Patient Transfer Service","N/A","2026/04/10 06:47:11 PM","Rahim Yar Khan"
"279312","Rana M. Usman","DR-200","EMDS Call","Rescue Operations","Delivery Case","2026/04/10 06:50:53 PM","Liaqatpur"
"279313","Muhammad Riaz","DR-654","EMDS Call","Medical Emergency","Vomiting","2026/04/10 06:55:30 PM","Rahim Yar Khan"
"279314","Bushra Saleem","MR-5701","EMDS Call","Road Crash","Bleeding","2026/04/10 06:59:04 PM","Rahim Yar Khan"
"279315","Bushra Saleem","MR-5701","EMDS Call","Medical Emergency","Joints Pain","2026/04/10 07:06:37 PM","Rahim Yar Khan"
"279316","Muhammad Riaz","DR-654","EMDS Call","Road Crash","Minor Injuries","2026/04/10 07:07:52 PM","Rahim Yar Khan"
"279317","Muhammad Riaz","DR-654","EMDS Call","Medical Emergency","Chronic Illness","2026/04/10 07:15:32 PM","Rahim Yar Khan"
"279318","Bushra Saleem","MR-5701","EMDS Call","Medical Emergency","High Fever","2026/04/10 07:14:45 PM","Liaqatpur"
"279319","Sheeza Barkat","MR-5331","EMDS Call","Medical Emergency","Joints Pain","2026/04/10 07:20:07 PM","Rahim Yar Khan"
"77766","Saima Bashir","MR-5819","Direct Call","Patient Transfer Service","N/A","2026/04/10 07:25:55 PM","Sadiqabad"
"279320","Sheeza Barkat","MR-5331","EMDS Call","Road Crash","Bleeding","2026/04/10 07:32:22 PM","Rahim Yar Khan"
"279321","Muhammad Riaz","DR-654","EMDS Call","Medical Emergency","Unconscious","2026/04/10 07:35:27 PM","Khanpur"
"279322","Saima Bashir","MR-5819","EMDS Call","Medical Emergency","Joints Pain","2026/04/10 07:36:55 PM","Rahim Yar Khan"
"279323","Bushra Saleem","MR-5701","EMDS Call","Medical Emergency","Chronic Illness","2026/04/10 07:46:00 PM","Rahim Yar Khan"
"279324","Saima Bashir","MR-5819","EMDS Call","Medical Emergency","Chronic Illness","2026/04/10 07:52:10 PM","Rahim Yar Khan"
"279325","Sheeza Barkat","MR-5331","EMDS Call","Road Crash","Minor Injuries","2026/04/10 07:53:49 PM","Khanpur"
"279326","Bushra Saleem","MR-5701","EMDS Call","Medical Emergency","Renal Disorders / Renal Colic ","2026/04/10 07:53:48 PM","Rahim Yar Khan"
"279327","Muhammad Riaz","DR-654","EMDS Call","Road Crash","Severe Trauma","2026/04/10 07:56:39 PM","Khanpur"
"279328","Bushra Saleem","MR-5701","EMDS Call","Medical Emergency","Vertigo/ Dizziness","2026/04/10 07:58:37 PM","Rahim Yar Khan"
"279329","Sheeza Barkat","MR-5331","EMDS Call","Medical Emergency","High Fever","2026/04/10 08:01:20 PM","Sadiqabad"
"279330","Saima Bashir","MR-5819","EMDS Call","Road Crash","Bleeding","2026/04/10 08:02:22 PM","Liaqatpur"
"279331","Bushra Saleem","MR-5701","EMDS Call","Medical Emergency","SOB/ Respiratory Distress","2026/04/10 08:06:00 PM","Sadiqabad"
"279332","Muhammad Riaz","DR-654","EMDS Call","Medical Emergency","SOB/ Respiratory Distress","2026/04/10 08:07:19 PM","Khanpur"
"279333","Sheeza Barkat","MR-5331","EMDS Call","Road Crash","Bleeding","2026/04/10 08:08:12 PM","Rahim Yar Khan"
"279334","Bushra Saleem","MR-5701","EMDS Call","Medical Emergency","Chronic Illness","2026/04/10 08:15:15 PM","Rahim Yar Khan"
"279335","Saima Bashir","MR-5819","EMDS Call","Road Crash","Minor Injuries","2026/04/10 08:19:17 PM","Sadiqabad"
"279336","Saima Bashir","MR-5819","EMDS Call","Medical Emergency","Hypertension","2026/04/10 08:22:45 PM","Rahim Yar Khan"
"279337","Bushra Saleem","MR-5701","EMDS Call","Medical Emergency","Domestic Injuries","2026/04/10 08:25:03 PM","Rahim Yar Khan"
"279338","Sheeza Barkat","MR-5331","EMDS Call","Road Crash","Bleeding","2026/04/10 08:27:11 PM","Sadiqabad"
"279339","Bushra Saleem","MR-5701","EMDS Call","Medical Emergency","Vomiting","2026/04/10 08:30:39 PM","Liaqatpur"
"279340","Bushra Saleem","MR-5701","EMDS Call","Medical Emergency","Domestic Injuries","2026/04/10 08:40:45 PM","Rahim Yar Khan"
"279341","Bushra Saleem","MR-5701","EMDS Call","Medical Emergency","Vertigo/ Dizziness","2026/04/10 08:43:56 PM","Rahim Yar Khan"
"279342","Muhammad Zahid","DR-888","EMDS Call","Road Crash","Bleeding","2026/04/10 08:54:14 PM","Liaqatpur"
"279343","Muhammad Zahid","DR-888","EMDS Call","Rescue Operations","Delivery Case","2026/04/10 08:57:17 PM","Liaqatpur"
"279344","Farah Sadaqat","MR-5930","EMDS Call","Medical Emergency","Anxiety / Psychiatric Disorder","2026/04/10 08:58:16 PM","Khanpur"
"279345","Saima Bashir","MR-5819","EMDS Call","Road Crash","Minor Injuries","2026/04/10 08:57:28 PM","Rahim Yar Khan"
"279346","Farah Sadaqat","MR-5930","EMDS Call","Medical Emergency","Hypertension","2026/04/10 09:05:28 PM","Sadiqabad"
"279347","Muhammad Zubair","DR-894","EMDS Call","Medical Emergency","Anxiety / Psychiatric Disorder","2026/04/10 09:05:30 PM","Sadiqabad"
"279348","Muhammad Zubair","DR-894","EMDS Call","Rescue Operations","Delivery Case","2026/04/10 09:09:53 PM","Sadiqabad"
"279349","Muhammad Zahid","DR-888","EMDS Call","Medical Emergency","Domestic Injuries","2026/04/10 09:11:17 PM","Rahim Yar Khan"
"77767","Farah Sadaqat","MR-5930","Direct Call","Patient Transfer Service","N/A","2026/04/10 09:27:34 PM","Sadiqabad"
"279350","Muhammad Zubair","DR-894","EMDS Call","Medical Emergency","Diarrhea","2026/04/10 09:30:36 PM","Rahim Yar Khan"
"279351","Muhammad Zubair","DR-894","EMDS Call","Medical Emergency","Abdominal Pain","2026/04/10 09:40:33 PM","Sadiqabad"
"279352","Saqib Nasim","DR-197","EMDS Call","Medical Emergency","Hypotension","2026/04/10 09:42:42 PM","Khanpur"
"279353","Farah Sadaqat","MR-5930","EMDS Call","Medical Emergency","Renal Disorders / Renal Colic ","2026/04/10 09:42:34 PM","Rahim Yar Khan"
"279354","Muhammad Tariq Hameed","DR-885","EMDS Call","Medical Emergency","Vomiting","2026/04/10 09:44:22 PM","Khanpur"
"279355","Saqib Nasim","DR-197","EMDS Call","Medical Emergency","Domestic Injuries","2026/04/10 09:48:33 PM","Rahim Yar Khan"
"279357","Muhammad Zahid","DR-888","EMDS Call","Road Crash","Minor Injuries","2026/04/10 09:51:16 PM","Rahim Yar Khan"
"279356","Farah Sadaqat","MR-5930","EMDS Call","Medical Emergency","Vomiting","2026/04/10 09:51:52 PM","Liaqatpur"
"279358","Muhammad Zubair","DR-894","EMDS Call","Medical Emergency","Abdominal Pain","2026/04/10 09:57:16 PM","Rahim Yar Khan"
"77768","Muhammad Zahid","DR-888","Direct Call","Patient Transfer Service","N/A","2026/04/10 10:05:35 PM","Khanpur"
"279359","Saqib Nasim","DR-197","EMDS Call","Medical Emergency","Hypertension","2026/04/10 10:06:39 PM","Sadiqabad"
"279360","Saqib Nasim","DR-197","EMDS Call","Medical Emergency","SOB/ Respiratory Distress","2026/04/10 10:11:56 PM","Rahim Yar Khan"
"279361","Muhammad Zahid","DR-888","EMDS Call","Medical Emergency","Diarrhea","2026/04/10 10:19:10 PM","Rahim Yar Khan"
"279362","Farah Sadaqat","MR-5930","EMDS Call","Medical Emergency","Abdominal Pain","2026/04/10 10:21:15 PM","Rahim Yar Khan"
"279363","Farah Sadaqat","MR-5930","EMDS Call","Medical Emergency","Diarrhea","2026/04/10 10:39:27 PM","Rahim Yar Khan"
"77769","Saira Bibi","MR-5494","Direct Call","Patient Transfer Service","N/A","2026/04/10 10:44:37 PM","Khanpur"
"279364","Muhammad Zahid","DR-888","EMDS Call","Medical Emergency","Diarrhea","2026/04/10 10:45:26 PM","Rahim Yar Khan"
"279365","Saqib Nasim","DR-197","EMDS Call","Medical Emergency","Vomiting","2026/04/10 10:51:07 PM","Sadiqabad"
"279366","Muhammad Zahid","DR-888","EMDS Call","Medical Emergency","Hypotension","2026/04/10 11:11:57 PM","Rahim Yar Khan"
"279367","Muhammad Tariq Hameed","DR-885","EMDS Call","Road Crash","Bleeding","2026/04/10 11:19:28 PM","Rahim Yar Khan"
"279368","Muhammad Zahid","DR-888","EMDS Call","Rescue Operations","Scorpion Bite/Other Animal/Insect Bite","2026/04/10 11:19:56 PM","Rahim Yar Khan"
"279370","Farah Sadaqat","MR-5930","EMDS Call","Medical Emergency","Joints Pain","2026/04/10 11:20:18 PM","Sadiqabad"
"77770","Muhammad Tariq Hameed","DR-885","Direct Call","Patient Transfer Service","N/A","2026/04/10 11:33:16 PM","Sadiqabad"
"77771","Muhammad Zahid","DR-888","Direct Call","Patient Transfer Service","N/A","2026/04/10 11:33:25 PM","Rahim Yar Khan"
"279371","Farah Sadaqat","MR-5930","EMDS Call","Medical Emergency","Vertigo/ Dizziness","2026/04/10 11:38:18 PM","Rahim Yar Khan"
"279372","Muhammad Zahid","DR-888","EMDS Call","Medical Emergency","Abdominal Pain","2026/04/10 11:36:39 PM","Rahim Yar Khan"
"279373","Muhammad Zahid","DR-888","EMDS Call","Crime","Physical Assault/Violence","2026/04/10 11:41:47 PM","Liaqatpur"
"279373","Muhammad Zahid","DR-888","EMDS Call","Crime","Physical Assault/Violence","2026/04/10 11:41:47 PM","Liaqatpur"
"77772","Farah Sadaqat","MR-5930","Direct Call","Patient Transfer Service","N/A","2026/04/10 11:48:23 PM","Sadiqabad"
"279374","Muhammad Zahid","DR-888","EMDS Call","Medical Emergency","Vomiting","2026/04/10 11:48:13 PM","Liaqatpur"
"279375","Muhammad Tariq Hameed","DR-885","EMDS Call","Medical Emergency","Joints Pain","2026/04/10 11:47:25 PM","Rahim Yar Khan"
"77773","Maheen Tahir","MR-6017","Direct Call","Patient Transfer Service","N/A","2026/04/11 12:03:54 AM","Liaqatpur"
"279376","Muhammad Tariq Hameed","DR-885","EMDS Call","Medical Emergency","Abdominal Pain","2026/04/11 12:01:12 AM","Khanpur"
"279377","Maheen Tahir","MR-6017","EMDS Call","Road Crash","Bleeding","2026/04/11 12:19:35 AM","Rahim Yar Khan"
"279378","Maheen Tahir","MR-6017","EMDS Call","Medical Emergency","Chronic Illness","2026/04/11 12:30:17 AM","Khanpur"
"279379","Muhammad Tariq Hameed","DR-885","EMDS Call","Medical Emergency","SOB/ Respiratory Distress","2026/04/11 12:36:20 AM","Rahim Yar Khan"
"279380","Maheen Tahir","MR-6017","EMDS Call","Crime","Bullet Injury","2026/04/11 12:58:00 AM","Rahim Yar Khan"
"279381","Farah Sadaqat","MR-5930","EMDS Call","Medical Emergency","Abdominal Pain","2026/04/11 12:58:57 AM","Liaqatpur"
"279382","Muhammad Tariq Hameed","DR-885","EMDS Call","Medical Emergency","Hypoglycemia","2026/04/11 01:16:26 AM","Sadiqabad"
"279383","Maheen Tahir","MR-6017","EMDS Call","Medical Emergency","Urinary Retention","2026/04/11 01:22:55 AM","Rahim Yar Khan"
"279384","Farah Sadaqat","MR-5930","EMDS Call","Medical Emergency","Headache","2026/04/11 01:23:32 AM","Rahim Yar Khan"
"279385","Muhammad Tariq Hameed","DR-885","EMDS Call","Medical Emergency","Hyperglycemia","2026/04/11 01:25:33 AM","Sadiqabad"
"279386","Farah Sadaqat","MR-5930","EMDS Call","Medical Emergency","Chest Pain","2026/04/11 01:37:45 AM","Rahim Yar Khan"
"279387","Muhammad Tariq Hameed","DR-885","EMDS Call","Medical Emergency","Backache","2026/04/11 01:38:15 AM","Rahim Yar Khan"
"77774","Maheen Tahir","MR-6017","Direct Call","Patient Transfer Service","N/A","2026/04/11 01:43:01 AM","Sadiqabad"
"279388","Maheen Tahir","MR-6017","EMDS Call","Medical Emergency","Abdominal Pain","2026/04/11 01:51:21 AM","Rahim Yar Khan"
"279389","Maheen Tahir","MR-6017","EMDS Call","Medical Emergency","Abdominal Pain","2026/04/11 02:37:43 AM","Rahim Yar Khan"
"279390","Farah Sadaqat","MR-5930","EMDS Call","Medical Emergency","Chest Pain","2026/04/11 02:51:35 AM","Rahim Yar Khan"
"279391","Muhammad Tariq Hameed","DR-885","EMDS Call","Medical Emergency","Hypertension","2026/04/11 02:55:23 AM","Khanpur"
"279392","Maheen Tahir","MR-6017","EMDS Call","Medical Emergency","Vomiting","2026/04/11 03:32:45 AM","Rahim Yar Khan"
"279393","Saira Bibi","MR-5494","EMDS Call","Medical Emergency","Hypertension","2026/04/11 03:48:24 AM","Khanpur"
"279394","Saqib Nasim","DR-197","EMDS Call","Medical Emergency","Gynae Problem","2026/04/11 04:20:17 AM","Rahim Yar Khan"
"279395","Muhammad Zubair","DR-894","EMDS Call","Medical Emergency","Vomiting","2026/04/11 04:58:17 AM","Khanpur"
"279396","Saqib Nasim","DR-197","EMDS Call","Medical Emergency","Vertigo/ Dizziness","2026/04/11 05:34:55 AM","Rahim Yar Khan"
"279397","Saira Bibi","MR-5494","EMDS Call","Medical Emergency","Diarrhea","2026/04/11 05:50:08 AM","Rahim Yar Khan"
"279398","Muhammad Zubair","DR-894","EMDS Call","Medical Emergency","Chest Pain","2026/04/11 05:54:16 AM","Khanpur"
"279399","Saqib Nasim","DR-197","EMDS Call","Medical Emergency","Abdominal Pain","2026/04/11 05:59:49 AM","Rahim Yar Khan"
"279400","Saira Bibi","MR-5494","EMDS Call","Medical Emergency","Anxiety / Psychiatric Disorder","2026/04/11 06:06:02 AM","Rahim Yar Khan"
"279401","Saqib Nasim","DR-197","EMDS Call","Medical Emergency","Chest Pain","2026/04/11 07:13:37 AM","Khanpur"
"279402","Muhammad Zubair","DR-894","EMDS Call","Road Crash","Bleeding","2026/04/11 07:17:21 AM","Sadiqabad"
"279402","Muhammad Zubair","DR-894","EMDS Call","Road Crash","Bleeding","2026/04/11 07:17:21 AM","Sadiqabad"
"279403","Muhammad Zubair","DR-894","EMDS Call","Medical Emergency","Anxiety / Psychiatric Disorder","2026/04/11 07:44:17 AM","Rahim Yar Khan"
"279404","Zia ul Haq","DR-328","EMDS Call","Medical Emergency","Unconscious","2026/04/11 07:56:17 AM","Khanpur"
"279405","Sheeza Barkat","MR-5331","EMDS Call","Medical Emergency","Vertigo/ Dizziness","2026/04/11 07:59:19 AM","Rahim Yar Khan"
"279406","Zupasha Zia","MR-5758","EMDS Call","Medical Emergency","SOB/ Respiratory Distress","2026/04/11 08:15:43 AM","Rahim Yar Khan"
"279407","Zia ul Haq","DR-328","EMDS Call","Medical Emergency","Chest Pain","2026/04/11 08:22:36 AM","Sadiqabad"
"279408","Zupasha Zia","MR-5758","EMDS Call","Medical Emergency","Chronic Illness","2026/04/11 08:22:01 AM","Khanpur"
"279409","Aasia Batool","MR-5198","EMDS Call","Rescue Operations","Delivery Case","2026/04/11 08:24:17 AM","Sadiqabad"
"279410","Adil Iqbal","DR-782","EMDS Call","Medical Emergency","SOB/ Respiratory Distress","2026/04/11 08:39:44 AM","Rahim Yar Khan"
"279411","Zupasha Zia","MR-5758","EMDS Call","Medical Emergency","Vertigo/ Dizziness","2026/04/11 08:41:04 AM","Sadiqabad"
"279412","Aasia Batool","MR-5198","EMDS Call","Medical Emergency","Hypertension","2026/04/11 08:42:14 AM","Rahim Yar Khan"
"279413","Zupasha Zia","MR-5758","EMDS Call","Medical Emergency","Chronic Illness","2026/04/11 08:46:37 AM","Rahim Yar Khan"
"279414","Adil Iqbal","DR-782","Direct Call","Medical Emergency","Anxiety / Psychiatric Disorder","2026/04/11 08:52:59 AM","Liaqatpur"
"279415","Adil Iqbal","DR-782","EMDS Call","Medical Emergency","Abdominal Pain","2026/04/11 09:01:45 AM","Rahim Yar Khan"
"279416","Zia ul Haq","DR-328","Direct Call","Medical Emergency","SOB/ Respiratory Distress","2026/04/11 09:03:44 AM","Rahim Yar Khan"
"279417","Sheeza Barkat","MR-5331","EMDS Call","Road Crash","Minor Injuries","2026/04/11 09:06:29 AM","Sadiqabad"
"77775","Adil Iqbal","DR-782","Direct Call","Patient Transfer Service","N/A","2026/04/11 09:12:47 AM","Khanpur"
"77776","Adil Iqbal","DR-782","Direct Call","Patient Transfer Service","N/A","2026/04/11 09:15:45 AM","Khanpur"
"279418","Sheeza Barkat","MR-5331","EMDS Call","Medical Emergency","Unconscious","2026/04/11 09:15:46 AM","Sadiqabad"
"279419","Adil Iqbal","DR-782","EMDS Call","Road Crash","Bleeding","2026/04/11 09:18:56 AM","Rahim Yar Khan"
"279420","Zia ul Haq","DR-328","EMDS Call","Road Crash","Bleeding","2026/04/11 09:21:11 AM","Sadiqabad"
"279421","Adil Iqbal","DR-782","EMDS Call","Medical Emergency","Hypotension","2026/04/11 09:31:36 AM","Sadiqabad"
"279422","Sheeza Barkat","MR-5331","EMDS Call","Medical Emergency","Hyperglycemia","2026/04/11 09:32:44 AM","Rahim Yar Khan"
"279423","Adil Iqbal","DR-782","EMDS Call","Road Crash","Minor Injuries","2026/04/11 09:35:18 AM","Rahim Yar Khan"
"279424","Adil Iqbal","DR-782","EMDS Call","Road Crash","Minor Injuries","2026/04/11 09:38:25 AM","Rahim Yar Khan"
"279425","Sheeza Barkat","MR-5331","EMDS Call","Medical Emergency","Unconscious","2026/04/11 09:40:14 AM","Rahim Yar Khan"
"279426","Zia ul Haq","DR-328","EMDS Call","Crime","Drug/Doping/Poisoning","2026/04/11 09:41:10 AM","Sadiqabad"
"279427","Adil Iqbal","DR-782","EMDS Call","Medical Emergency","Hypoglycemia","2026/04/11 09:41:33 AM","Sadiqabad"
"279428","Sheeza Barkat","MR-5331","EMDS Call","Road Crash","Bleeding","2026/04/11 09:46:30 AM","Rahim Yar Khan"
"77777","Aasia Batool","MR-5198","Direct Call","Patient Transfer Service","N/A","2026/04/11 09:57:09 AM","Sadiqabad"
"279429","Zia ul Haq","DR-328","EMDS Call","Medical Emergency","Hypertension","2026/04/11 09:57:35 AM","Khanpur"
"279430","Sheeza Barkat","MR-5331","EMDS Call","Road Crash","Bleeding","2026/04/11 09:58:37 AM","Rahim Yar Khan"
"279431","Sheeza Barkat","MR-5331","EMDS Call","Road Crash","Bleeding","2026/04/11 10:04:51 AM","Rahim Yar Khan"
"279432","Zia ul Haq","DR-328","EMDS Call","Medical Emergency","Diarrhea","2026/04/11 10:07:36 AM","Sadiqabad"
"279433","Sheeza Barkat","MR-5331","EMDS Call","Medical Emergency","Vomiting","2026/04/11 10:10:13 AM","Rahim Yar Khan"
"279434","Aasia Batool","MR-5198","EMDS Call","Medical Emergency","Vomiting","2026/04/11 10:18:38 AM","Rahim Yar Khan"
"279435","Sheeza Barkat","MR-5331","EMDS Call","Medical Emergency","Vertigo/ Dizziness","2026/04/11 10:18:33 AM","Rahim Yar Khan"
"279438","Sheeza Barkat","MR-5331","EMDS Call","Medical Emergency","Unconscious","2026/04/11 10:23:11 AM","Khanpur"
"279436","Aasia Batool","MR-5198","EMDS Call","Medical Emergency","Hypertension","2026/04/11 10:24:35 AM","Sadiqabad"
"279437","Sheeza Barkat","MR-5331","EMDS Call","Medical Emergency","Backache","2026/04/11 10:27:26 AM","Liaqatpur"
"77778","Aasia Batool","MR-5198","Direct Call","Patient Transfer Service","N/A","2026/04/11 10:28:56 AM","Rahim Yar Khan"
"279439","Sheeza Barkat","MR-5331","EMDS Call","Road Crash","Bleeding","2026/04/11 10:36:15 AM","Liaqatpur"
"279440","Nida Rahat","DR-1322","EMDS Call","Medical Emergency","SOB/ Respiratory Distress","2026/04/11 10:41:31 AM","Khanpur"
"279442","Muhammad AAmar","DR-915","EMDS Call","Medical Emergency","Hypertension","2026/04/11 10:47:25 AM","Rahim Yar Khan"
"279441","Nida Rahat","DR-1322","EMDS Call","Medical Emergency","Hypoglycemia","2026/04/11 10:49:10 AM","Sadiqabad"
"279443","Sheeza Barkat","MR-5331","EMDS Call","Road Crash","Bleeding","2026/04/11 10:49:43 AM","Khanpur"
"279444","Nida Rahat","DR-1322","EMDS Call","Road Crash","Bleeding","2026/04/11 10:57:00 AM","Rahim Yar Khan"
"279445","Sheeza Barkat","MR-5331","EMDS Call","Fire","Wheat Fire","2026/04/11 10:55:10 AM","Sadiqabad"
"279446","Aasia Batool","MR-5198","EMDS Call","Road Crash","Bleeding","2026/04/11 10:57:38 AM","Sadiqabad"
"279446","Aasia Batool","MR-5198","EMDS Call","Road Crash","Bleeding","2026/04/11 10:57:38 AM","Sadiqabad"
"279446","Aasia Batool","MR-5198","EMDS Call","Road Crash","Bleeding","2026/04/11 10:57:38 AM","Sadiqabad"
"279446","Aasia Batool","MR-5198","EMDS Call","Road Crash","Bleeding","2026/04/11 10:57:38 AM","Sadiqabad"
"279446","Aasia Batool","MR-5198","EMDS Call","Road Crash","Bleeding","2026/04/11 10:57:38 AM","Sadiqabad"
"279447","Aasia Batool","MR-5198","EMDS Call","Medical Emergency","Abdominal Pain","2026/04/11 11:09:11 AM","Liaqatpur"
"279448","Sheeza Barkat","MR-5331","EMDS Call","Road Crash","Minor Injuries","2026/04/11 11:10:35 AM","Rahim Yar Khan"
"77779","Muhammad Abid","DR-874","Direct Call","Patient Transfer Service","N/A","2026/04/11 11:31:46 AM","Khanpur"
"279449","Muhammad AAmar","DR-915","EMDS Call","Medical Emergency","Renal Disorders / Renal Colic ","2026/04/11 11:33:13 AM","Sadiqabad"
"279450","Sheeza Barkat","MR-5331","EMDS Call","Road Crash","Multiple Fractures","2026/04/11 11:33:21 AM","Sadiqabad"
"279451","Aasia Batool","MR-5198","EMDS Call","Crime","Physical Assault/Violence","2026/04/11 11:36:22 AM","Khanpur"
"279452","Sheeza Barkat","MR-5331","EMDS Call","Road Crash","Minor Injuries","2026/04/11 11:40:01 AM","Rahim Yar Khan"
"279453","Muhammad AAmar","DR-915","EMDS Call","Road Crash","Minor Injuries","2026/04/11 11:48:22 AM","Rahim Yar Khan"
"279454","Muhammad Abid","DR-874","EMDS Call","Road Crash","Bleeding","2026/04/11 11:46:08 AM","Liaqatpur"
"279454","Muhammad Abid","DR-874","EMDS Call","Road Crash","Bleeding","2026/04/11 11:46:08 AM","Liaqatpur"
"279455","Aasia Batool","MR-5198","EMDS Call","Medical Emergency","Urinary Retention","2026/04/11 11:54:47 AM","Rahim Yar Khan"
"279456","Muhammad AAmar","DR-915","EMDS Call","Rescue Operations","Animal/Bird Rescue","2026/04/11 12:00:43 PM","Sadiqabad"
"279457","Sheeza Barkat","MR-5331","EMDS Call","Medical Emergency","Abdominal Pain","2026/04/11 12:12:21 PM","Sadiqabad"
"279458","Muhammad AAmar","DR-915","EMDS Call","Medical Emergency","Vomiting","2026/04/11 12:12:55 PM","Rahim Yar Khan"
"77780","Sheeza Barkat","MR-5331","Direct Call","Patient Transfer Service","N/A","2026/04/11 12:15:57 PM","Sadiqabad"
"279459","Sheeza Barkat","MR-5331","EMDS Call","Road Crash","Bleeding","2026/04/11 12:19:47 PM","Sadiqabad"
"279460","Aasia Batool","MR-5198","EMDS Call","Rescue Operations","Scalds/Burn Due To Negligence","2026/04/11 12:21:48 PM","Sadiqabad"
"279461","Muhammad AAmar","DR-915","EMDS Call","Road Crash","Minor Injuries","2026/04/11 12:28:49 PM","Rahim Yar Khan"
"279462","Muhammad AAmar","DR-915","EMDS Call","Road Crash","Multiple Fractures","2026/04/11 12:38:45 PM","Sadiqabad"
"279462","Muhammad AAmar","DR-915","EMDS Call","Road Crash","Multiple Fractures","2026/04/11 12:38:45 PM","Sadiqabad"
"279463","Muhammad AAmar","DR-915","EMDS Call","Road Crash","Bleeding","2026/04/11 12:51:46 PM","Liaqatpur"
"279464","Sheeza Barkat","MR-5331","EMDS Call","Road Crash","Bleeding","2026/04/11 01:00:43 PM","Khanpur"
"279465","Sheeza Barkat","MR-5331","EMDS Call","Medical Emergency","Joints Pain","2026/04/11 01:11:04 PM","Sadiqabad"
"279466","Sheeza Barkat","MR-5331","EMDS Call","Medical Emergency","Unconscious","2026/04/11 01:18:05 PM","Rahim Yar Khan"
"279467","Zupasha Zia","MR-5758","EMDS Call","Medical Emergency","Domestic Injuries","2026/04/11 01:21:33 PM","Rahim Yar Khan"
"77781","Aasia Batool","MR-5198","Direct Call","Patient Transfer Service","N/A","2026/04/11 01:34:23 PM","Sadiqabad"
"279468","Zupasha Zia","MR-5758","EMDS Call","Medical Emergency","Unconscious","2026/04/11 01:43:58 PM","Khanpur"
"279469","Muhammad Fiaz","DR-206","EMDS Call","Medical Emergency","Vomiting","2026/04/11 02:04:08 PM","Sadiqabad"
"279470","Muhammad Abid","DR-874","EMDS Call","Medical Emergency","SOB/ Respiratory Distress","2026/04/11 02:04:11 PM","Rahim Yar Khan"
"77782","Muhammad Abid","DR-874","Direct Call","Patient Transfer Service","N/A","2026/04/11 02:06:39 PM","Rahim Yar Khan"
"279471","Muhammad Fiaz","DR-206","EMDS Call","Medical Emergency","Vomiting","2026/04/11 02:06:41 PM","Sadiqabad"
"279472","Muhammad Abid","DR-874","EMDS Call","Medical Emergency","Chest Pain","2026/04/11 02:11:43 PM","Sadiqabad"
"77783","Bushra Saleem","MR-5701","Direct Call","Patient Transfer Service","N/A","2026/04/11 02:16:04 PM","Khanpur"
"279473","Saima Bashir","MR-5819","EMDS Call","Road Crash","Minor Injuries","2026/04/11 02:16:57 PM","Rahim Yar Khan"
"77784","Saima Bashir","MR-5819","Direct Call","Patient Transfer Service","N/A","2026/04/11 02:23:34 PM","Khanpur"
"279474","Shahla Nawaz","DR-185","EMDS Call","Road Crash","Minor Injuries","2026/04/11 02:29:11 PM","Khanpur"
"279475","Saima Bashir","MR-5819","EMDS Call","Medical Emergency","Hypoglycemia","2026/04/11 02:36:22 PM","Rahim Yar Khan"
"279476","Muhammad Rashid Saleem","DR-187","EMDS Call","Medical Emergency","Abdominal Pain","2026/04/11 02:40:13 PM","Rahim Yar Khan"
"279477","Muhammad Rashid Saleem","DR-187","EMDS Call","Medical Emergency","Hypotension","2026/04/11 02:47:18 PM","Sadiqabad"
"279478","Shahla Nawaz","DR-185","EMDS Call","Medical Emergency","Headache","2026/04/11 02:54:04 PM","Rahim Yar Khan"
"279479","Saima Bashir","MR-5819","EMDS Call","Medical Emergency","Unconscious","2026/04/11 03:01:12 PM","Khanpur"
"279480","Shahla Nawaz","DR-185","EMDS Call","Medical Emergency","Vomiting","2026/04/11 03:05:00 PM","Rahim Yar Khan"
"77785","Saima Bashir","MR-5819","Direct Call","Patient Transfer Service","N/A","2026/04/11 03:08:46 PM","Sadiqabad"
"279481","Rana M. Usman","DR-200","EMDS Call","Medical Emergency","Anxiety / Psychiatric Disorder","2026/04/11 03:16:58 PM","Rahim Yar Khan"
"77786","Shahla Nawaz","DR-185","Direct Call","Patient Transfer Service","N/A","2026/04/11 03:21:11 PM","Sadiqabad"
"279482","Shahla Nawaz","DR-185","EMDS Call","Road Crash","Minor Injuries","2026/04/11 03:22:02 PM","Rahim Yar Khan"
"279483","Bushra Saleem","MR-5701","EMDS Call","Medical Emergency","Chest Pain","2026/04/11 03:36:31 PM","Khanpur"
"279484","Bushra Saleem","MR-5701","EMDS Call","Crime","Drug/Doping/Poisoning","2026/04/11 03:51:13 PM","Sadiqabad"
"279485","Rana M. Usman","DR-200","EMDS Call","Medical Emergency","Renal Disorders / Renal Colic ","2026/04/11 03:57:33 PM","Rahim Yar Khan"
"279486","Shahla Nawaz","DR-185","EMDS Call","Medical Emergency","Vomiting","2026/04/11 04:01:42 PM","Rahim Yar Khan"
"279488","Shahla Nawaz","DR-185","EMDS Call","Medical Emergency","Vertigo/ Dizziness","2026/04/11 04:06:25 PM","Rahim Yar Khan"
"279487","Bushra Saleem","MR-5701","EMDS Call","Medical Emergency","Vertigo/ Dizziness","2026/04/11 04:06:49 PM","Rahim Yar Khan"
"279489","Rana M. Usman","DR-200","EMDS Call","Medical Emergency","Renal Disorders / Renal Colic ","2026/04/11 04:15:25 PM","Liaqatpur"
"279490","Bushra Saleem","MR-5701","EMDS Call","Medical Emergency","Hypertension","2026/04/11 04:16:32 PM","Rahim Yar Khan"
"279491","Rana M. Usman","DR-200","EMDS Call","Road Crash","Multiple Fractures","2026/04/11 04:31:04 PM","Khanpur"
"279492","Shahla Nawaz","DR-185","EMDS Call","Medical Emergency","Renal Disorders / Renal Colic ","2026/04/11 04:31:07 PM","Rahim Yar Khan"
"279493","Bushra Saleem","MR-5701","EMDS Call","Medical Emergency","Joints Pain","2026/04/11 04:38:32 PM","Sadiqabad"
"279494","Muhammad Rashid Saleem","DR-187","EMDS Call","Road Crash","Minor Injuries","2026/04/11 04:44:44 PM","Liaqatpur"
"279495","Muhammad Rashid Saleem","DR-187","EMDS Call","Medical Emergency","Abdominal Pain","2026/04/11 04:51:32 PM","Khanpur"
"279496","Rana M. Usman","DR-200","EMDS Call","Road Crash","Bleeding","2026/04/11 04:52:17 PM","Rahim Yar Khan"
"Not Assigned","Muhammad Rashid Saleem","DR-187","EMDS Call","Road Crash","Bleeding","2026/04/11 05:06:44 PM","Khanpur"
"279497","Muhammad Rashid Saleem","DR-187","EMDS Call","Medical Emergency","Chest Pain","2026/04/11 05:16:49 PM","Rahim Yar Khan"
"279498","Rana M. Usman","DR-200","EMDS Call","Rescue Operations","Animal/Bird Rescue","2026/04/11 05:17:56 PM","Liaqatpur"
"279499","Muhammad Rashid Saleem","DR-187","EMDS Call","Medical Emergency","Abdominal Pain","2026/04/11 05:24:33 PM","Sadiqabad"
"279500","Saima Bashir","MR-5819","EMDS Call","Medical Emergency","Abdominal Pain","2026/04/11 05:22:16 PM","Rahim Yar Khan"
"279501","Shahla Nawaz","DR-185","EMDS Call","Road Crash","Bleeding","2026/04/11 05:34:06 PM","Rahim Yar Khan"
"279502","Rana M. Usman","DR-200","EMDS Call","Medical Emergency","Chronic Illness","2026/04/11 05:35:02 PM","Rahim Yar Khan"
"279503","Muhammad Rashid Saleem","DR-187","EMDS Call","Medical Emergency","Chest Pain","2026/04/11 05:35:07 PM","Khanpur"
"279504","Rana M. Usman","DR-200","EMDS Call","Medical Emergency","SOB/ Respiratory Distress","2026/04/11 05:38:47 PM","Liaqatpur"
"279505","Muhammad Rashid Saleem","DR-187","EMDS Call","Medical Emergency","Renal Disorders / Renal Colic ","2026/04/11 05:43:36 PM","Sadiqabad"
"279506","Shahla Nawaz","DR-185","Direct Call","Medical Emergency","High Fever","2026/04/11 05:52:01 PM","Rahim Yar Khan"
"279507","Bushra Saleem","MR-5701","EMDS Call","Rescue Operations","Snake Emergency","2026/04/11 05:52:17 PM","Khanpur"
"279508","Muhammad Rashid Saleem","DR-187","EMDS Call","Medical Emergency","Anxiety / Psychiatric Disorder","2026/04/11 05:54:08 PM","Rahim Yar Khan"
"279509","Shahla Nawaz","DR-185","EMDS Call","Medical Emergency","Joints Pain","2026/04/11 05:52:12 PM","Rahim Yar Khan"
"279510","Bushra Saleem","MR-5701","EMDS Call","Rescue Operations","Delivery Case","2026/04/11 05:56:10 PM","Khanpur"
"279511","Saima Bashir","MR-5819","EMDS Call","Medical Emergency","Urinary Retention","2026/04/11 05:56:14 PM","Rahim Yar Khan"
"279512","Muhammad Rashid Saleem","DR-187","EMDS Call","Road Crash","Bleeding","2026/04/11 05:59:35 PM","Rahim Yar Khan"
"279513","Bushra Saleem","MR-5701","EMDS Call","Medical Emergency","Urinary Retention","2026/04/11 06:01:05 PM","Rahim Yar Khan"
"279514","Muhammad Rashid Saleem","DR-187","EMDS Call","Medical Emergency","Chronic Illness","2026/04/11 06:01:41 PM","Sadiqabad"
"279515","Saima Bashir","MR-5819","EMDS Call","Crime","Physical Assault/Violence","2026/04/11 06:06:19 PM","Rahim Yar Khan"
"279516","Bushra Saleem","MR-5701","EMDS Call","Medical Emergency","Unconscious","2026/04/11 06:06:31 PM","Khanpur"
"279517","Muhammad Rashid Saleem","DR-187","EMDS Call","Medical Emergency","Joints Pain","2026/04/11 06:08:46 PM","Rahim Yar Khan"
"279518","Bushra Saleem","MR-5701","EMDS Call","Medical Emergency","Anxiety / Psychiatric Disorder","2026/04/11 06:13:38 PM","Rahim Yar Khan"
"279519","Muhammad Rashid Saleem","DR-187","EMDS Call","Medical Emergency","High Fever","2026/04/11 06:13:25 PM","Rahim Yar Khan"
"279520","Shahla Nawaz","DR-185","EMDS Call","Medical Emergency","Joints Pain","2026/04/11 06:15:59 PM","Rahim Yar Khan"
"77787","Saima Bashir","MR-5819","911 Call","Patient Transfer Service","N/A","2026/04/11 06:17:21 PM","Rahim Yar Khan"
"279521","Muhammad Rashid Saleem","DR-187","EMDS Call","Medical Emergency","Vertigo/ Dizziness","2026/04/11 06:27:34 PM","Rahim Yar Khan"
"77788","Bushra Saleem","MR-5701","Direct Call","Patient Transfer Service","N/A","2026/04/11 06:30:00 PM","Sadiqabad"
"279522","Saima Bashir","MR-5819","EMDS Call","Road Crash","Minor Injuries","2026/04/11 06:29:58 PM","Rahim Yar Khan"
"279523","Muhammad Rashid Saleem","DR-187","EMDS Call","Crime","Probable Suicide","2026/04/11 06:41:35 PM","Rahim Yar Khan"
"77789","Bushra Saleem","MR-5701","Direct Call","Patient Transfer Service","N/A","2026/04/11 06:44:34 PM","Sadiqabad"
"77790","Bushra Saleem","MR-5701","Direct Call","Patient Transfer Service","N/A","2026/04/11 06:49:06 PM","Khanpur"
"77791","Saima Bashir","MR-5819","Direct Call","Patient Transfer Service","N/A","2026/04/11 06:50:33 PM","Khanpur"
"279524","Muhammad Rashid Saleem","DR-187","EMDS Call","Rescue Operations","Electric Shock","2026/04/11 06:50:32 PM","Rahim Yar Khan"
"279525","Bushra Saleem","MR-5701","EMDS Call","Medical Emergency","High Fever","2026/04/11 06:50:35 PM","Rahim Yar Khan"
"279526","Muhammad Rashid Saleem","DR-187","EMDS Call","Road Crash","Minor Injuries","2026/04/11 06:55:26 PM","Rahim Yar Khan"
"279527","Saima Bashir","MR-5819","EMDS Call","Medical Emergency","SOB/ Respiratory Distress","2026/04/11 06:56:31 PM","Rahim Yar Khan"
"279528","Muhammad Rashid Saleem","DR-187","EMDS Call","Rescue Operations","Scalds/Burn Due To Negligence","2026/04/11 06:57:54 PM","Sadiqabad"
"279528","Muhammad Rashid Saleem","DR-187","EMDS Call","Rescue Operations","Scalds/Burn Due To Negligence","2026/04/11 06:57:54 PM","Sadiqabad"
"279529","Muhammad Rashid Saleem","DR-187","EMDS Call","Medical Emergency","Hypertension","2026/04/11 07:01:35 PM","Sadiqabad"
"279530","Muhammad Rashid Saleem","DR-187","EMDS Call","Medical Emergency","Hypoglycemia","2026/04/11 07:04:18 PM","Sadiqabad"
"279531","Rana M. Usman","DR-200","EMDS Call","Medical Emergency","Hypertension","2026/04/11 07:28:34 PM","Rahim Yar Khan"
"279535","Muhammad Rashid Saleem","DR-187","EMDS Call","Medical Emergency","Joints Pain","2026/04/11 07:30:41 PM","Rahim Yar Khan"
"279532","Saima Bashir","MR-5819","EMDS Call","Medical Emergency","Hypertension","2026/04/11 07:32:50 PM","Sadiqabad"
"279533","Shahla Nawaz","DR-185","EMDS Call","Road Crash","Minor Injuries","2026/04/11 07:33:25 PM","Rahim Yar Khan"
"279534","Rana M. Usman","DR-200","EMDS Call","Medical Emergency","SOB/ Respiratory Distress","2026/04/11 07:34:49 PM","Rahim Yar Khan"
"279536","Rana M. Usman","DR-200","EMDS Call","Medical Emergency","Domestic Injuries","2026/04/11 07:46:46 PM","Khanpur"
"279537","Bushra Saleem","MR-5701","EMDS Call","Medical Emergency","Anxiety / Psychiatric Disorder","2026/04/11 07:53:43 PM","Rahim Yar Khan"
"279538","Rana M. Usman","DR-200","EMDS Call","Road Crash","Severe Trauma","2026/04/11 08:00:42 PM","Sadiqabad"
"279539","Rana M. Usman","DR-200","EMDS Call","Medical Emergency","Anxiety / Psychiatric Disorder","2026/04/11 08:09:21 PM","Khanpur"
"279540","Bushra Saleem","MR-5701","EMDS Call","Medical Emergency","High Fever","2026/04/11 08:09:21 PM","Sadiqabad"
"279541","Saima Bashir","MR-5819","EMDS Call","Medical Emergency","Joints Pain","2026/04/11 08:14:35 PM","Liaqatpur"
"279542","Bushra Saleem","MR-5701","EMDS Call","Road Crash","Bleeding","2026/04/11 08:19:55 PM","Khanpur"
"279542","Bushra Saleem","MR-5701","EMDS Call","Road Crash","Bleeding","2026/04/11 08:19:55 PM","Khanpur"
"279543","Bushra Saleem","MR-5701","EMDS Call","Road Crash","Bleeding","2026/04/11 08:24:55 PM","Sadiqabad"
"279544","Saima Bashir","MR-5819","EMDS Call","Medical Emergency","Chest Pain","2026/04/11 08:27:06 PM","Khanpur"
"279545","Bushra Saleem","MR-5701","EMDS Call","Road Crash","Bleeding","2026/04/11 08:29:37 PM","Sadiqabad"
"279546","Saima Bashir","MR-5819","EMDS Call","Medical Emergency","SOB/ Respiratory Distress","2026/04/11 08:33:04 PM","Rahim Yar Khan"
"279547","Saima Bashir","MR-5819","EMDS Call","Medical Emergency","Unconscious","2026/04/11 08:39:01 PM","Khanpur"
"279548","Shahla Nawaz","DR-185","EMDS Call","Medical Emergency","Vomiting","2026/04/11 08:42:15 PM","Rahim Yar Khan"
"279549","Farah Sadaqat","MR-5930","EMDS Call","Medical Emergency","Abdominal Pain","2026/04/11 08:54:16 PM","Rahim Yar Khan"
"279550","Maheen Tahir","MR-6017","EMDS Call","Medical Emergency","Anxiety / Psychiatric Disorder","2026/04/11 09:05:25 PM","Sadiqabad"
"279551","Shaheen Islam","DR-1171","EMDS Call","Medical Emergency","Anxiety / Psychiatric Disorder","2026/04/11 09:06:44 PM","Liaqatpur"
"279552","Maheen Tahir","MR-6017","EMDS Call","Medical Emergency","Headache","2026/04/11 09:09:09 PM","Khanpur"
"279553","Maheen Tahir","MR-6017","EMDS Call","Road Crash","Bleeding","2026/04/11 09:14:12 PM","Khanpur"
"279554","Farah Sadaqat","MR-5930","EMDS Call","Medical Emergency","Vomiting","2026/04/11 09:21:55 PM","Rahim Yar Khan"
"279555","Maheen Tahir","MR-6017","EMDS Call","Medical Emergency","High Fever","2026/04/11 09:22:02 PM","Rahim Yar Khan"
"279556","Farah Sadaqat","MR-5930","EMDS Call","Medical Emergency","Renal Disorders / Renal Colic ","2026/04/11 09:25:21 PM","Rahim Yar Khan"
"279558","Maheen Tahir","MR-6017","EMDS Call","Road Crash","Bleeding","2026/04/11 09:29:09 PM","Sadiqabad"
"279557","Saira Bibi","MR-5494","EMDS Call","Medical Emergency","Urinary Retention","2026/04/11 09:28:37 PM","Rahim Yar Khan"
"77792","Maheen Tahir","MR-6017","Direct Call","Patient Transfer Service","N/A","2026/04/11 09:32:13 PM","Sadiqabad"
"279559","Maheen Tahir","MR-6017","EMDS Call","Medical Emergency","Hypertension","2026/04/11 09:34:05 PM","Rahim Yar Khan"
"Not Assigned","Saira Bibi","MR-5494","EMDS Call","Medical Emergency","Chest Pain","2026/04/11 09:36:34 PM","Rahim Yar Khan"
"279560","Farah Sadaqat","MR-5930","EMDS Call","Rescue Operations","Snake Emergency","2026/04/11 09:36:07 PM","Liaqatpur"
"279561","Maheen Tahir","MR-6017","EMDS Call","Fire","Short Circuit","2026/04/11 09:39:57 PM","Rahim Yar Khan"
"77793","Farah Sadaqat","MR-5930","Direct Call","Patient Transfer Service","N/A","2026/04/11 09:42:23 PM","Sadiqabad"
"279562","Maheen Tahir","MR-6017","EMDS Call","Medical Emergency","Anxiety / Psychiatric Disorder","2026/04/11 09:41:58 PM","Rahim Yar Khan"
"279563","Saira Bibi","MR-5494","EMDS Call","Medical Emergency","Vertigo/ Dizziness","2026/04/11 09:42:24 PM","Khanpur"
"279564","Maheen Tahir","MR-6017","EMDS Call","Medical Emergency","Vertigo/ Dizziness","2026/04/11 09:47:13 PM","Rahim Yar Khan"
"279565","Maheen Tahir","MR-6017","EMDS Call","Medical Emergency","Chemical / Drug Poisoning","2026/04/11 09:53:05 PM","Sadiqabad"
"279566","Saira Bibi","MR-5494","EMDS Call","Road Crash","Bleeding","2026/04/11 09:56:43 PM","Sadiqabad"
"77794","Maheen Tahir","MR-6017","Direct Call","Patient Transfer Service","N/A","2026/04/11 09:59:47 PM","Khanpur"
"279567","Shaheen Islam","DR-1171","EMDS Call","Medical Emergency","Chest Pain","2026/04/11 09:59:32 PM","Sadiqabad"
"279568","Farah Sadaqat","MR-5930","EMDS Call","Medical Emergency","Vomiting","2026/04/11 10:11:32 PM","Sadiqabad"
"279569","Maheen Tahir","MR-6017","EMDS Call","Medical Emergency","Unconscious","2026/04/11 10:13:58 PM","Rahim Yar Khan"
"279571","Farah Sadaqat","MR-5930","EMDS Call","Medical Emergency","Headache","2026/04/11 10:28:25 PM","Rahim Yar Khan"
"279570","Maheen Tahir","MR-6017","EMDS Call","Medical Emergency","Renal Disorders / Renal Colic ","2026/04/11 10:26:12 PM","Sadiqabad"
"279572","Saira Bibi","MR-5494","EMDS Call","Road Crash","Minor Injuries","2026/04/11 10:28:57 PM","Rahim Yar Khan"
"279573","Farah Sadaqat","MR-5930","EMDS Call","Medical Emergency","Hypoglycemia","2026/04/11 10:30:36 PM","Rahim Yar Khan"
"279574","Saira Bibi","MR-5494","EMDS Call","Medical Emergency","Anxiety / Psychiatric Disorder","2026/04/11 10:33:39 PM","Khanpur"
"279578","Saira Bibi","MR-5494","EMDS Call","Fall","Fall From Vehicle","2026/04/11 10:42:04 PM","Sadiqabad"
"279575","Farah Sadaqat","MR-5930","EMDS Call","Medical Emergency","SOB/ Respiratory Distress","2026/04/11 10:45:41 PM","Liaqatpur"
"279576","Maheen Tahir","MR-6017","EMDS Call","Road Crash","Minor Injuries","2026/04/11 10:50:51 PM","Rahim Yar Khan"
"279577","Maheen Tahir","MR-6017","EMDS Call","Fire","Short Circuit","2026/04/11 10:52:56 PM","Khanpur"
"279579","Farah Sadaqat","MR-5930","EMDS Call","Road Crash","Bleeding","2026/04/11 10:50:14 PM","Khanpur"
"279580","Saira Bibi","MR-5494","EMDS Call","Medical Emergency","Anxiety / Psychiatric Disorder","2026/04/11 10:48:57 PM","Sadiqabad"
"77795","Maheen Tahir","MR-6017","Direct Call","Patient Transfer Service","N/A","2026/04/11 10:57:31 PM","Khanpur"
"279581","Farah Sadaqat","MR-5930","EMDS Call","Medical Emergency","Chest Pain","2026/04/11 10:59:57 PM","Sadiqabad"
"279582","Maheen Tahir","MR-6017","EMDS Call","Medical Emergency","Joints Pain","2026/04/11 10:59:32 PM","Liaqatpur"
"279583","Farah Sadaqat","MR-5930","EMDS Call","Medical Emergency","SOB/ Respiratory Distress","2026/04/11 11:05:32 PM","Rahim Yar Khan"
"279584","Muhammad Zahid","DR-888","EMDS Call","Medical Emergency","Anxiety / Psychiatric Disorder","2026/04/11 11:32:59 PM","Rahim Yar Khan"
"279586","Muhammad Zahid","DR-888","EMDS Call","Rescue Operations","Delivery Case","2026/04/11 11:49:53 PM","Khanpur"
"279585","Farah Sadaqat","MR-5930","EMDS Call","Medical Emergency","Hypoglycemia","2026/04/11 11:50:43 PM","Rahim Yar Khan"
"279587","Maheen Tahir","MR-6017","EMDS Call","Medical Emergency","Hypertension","2026/04/11 11:51:58 PM","Sadiqabad"
"77796","Farah Sadaqat","MR-5930","Direct Call","Patient Transfer Service","N/A","2026/04/11 11:54:00 PM","Sadiqabad"
"279588","Muhammad Zahid","DR-888","EMDS Call","Medical Emergency","Epilepsy","2026/04/11 11:55:08 PM","Sadiqabad"
"279589","Muhammad Zahid","DR-888","EMDS Call","Medical Emergency","Unconscious","2026/04/12 12:01:30 AM","Sadiqabad"
"279590","Maheen Tahir","MR-6017","EMDS Call","Medical Emergency","Anxiety / Psychiatric Disorder","2026/04/12 12:03:36 AM","Rahim Yar Khan"
"279591","Muhammad Zahid","DR-888","EMDS Call","Medical Emergency","Renal Disorders / Renal Colic ","2026/04/12 12:16:18 AM","Rahim Yar Khan"
"279592","Muhammad Zahid","DR-888","EMDS Call","Road Crash","Minor Injuries","2026/04/12 12:42:39 AM","Sadiqabad"
"279593","Maheen Tahir","MR-6017","EMDS Call","Medical Emergency","Unconscious","2026/04/12 12:58:18 AM","Rahim Yar Khan"
"279594","Maheen Tahir","MR-6017","EMDS Call","Medical Emergency","Vomiting","2026/04/12 01:02:41 AM","Rahim Yar Khan"
"279595","Farah Sadaqat","MR-5930","EMDS Call","Medical Emergency","High Fever","2026/04/12 01:05:42 AM","Rahim Yar Khan"
"279596","Muhammad Zahid","DR-888","EMDS Call","Medical Emergency","SOB/ Respiratory Distress","2026/04/12 01:19:39 AM","Khanpur"
"279597","Maheen Tahir","MR-6017","EMDS Call","Medical Emergency","Domestic Injuries","2026/04/12 01:22:58 AM","Sadiqabad"
"279598","Farah Sadaqat","MR-5930","EMDS Call","Rescue Operations","Delivery Case","2026/04/12 01:24:33 AM","Khanpur"
"279599","Maheen Tahir","MR-6017","EMDS Call","Medical Emergency","Vertigo/ Dizziness","2026/04/12 02:02:04 AM","Rahim Yar Khan"
"279600","Muhammad Zahid","DR-888","EMDS Call","Medical Emergency","SOB/ Respiratory Distress","2026/04/12 02:00:45 AM","Khanpur"
"279601","Farah Sadaqat","MR-5930","EMDS Call","Road Crash","Minor Injuries","2026/04/12 02:15:05 AM","Rahim Yar Khan"
"279602","Maheen Tahir","MR-6017","EMDS Call","Medical Emergency","Hypertension","2026/04/12 02:28:06 AM","Rahim Yar Khan"
"279603","Muhammad Zahid","DR-888","EMDS Call","Road Crash","Severe Trauma","2026/04/12 02:27:53 AM","Rahim Yar Khan"
"279603","Muhammad Zahid","DR-888","EMDS Call","Road Crash","Severe Trauma","2026/04/12 02:27:53 AM","Rahim Yar Khan"
"279604","Farah Sadaqat","MR-5930","EMDS Call","Rescue Operations","Delivery Case","2026/04/12 02:48:59 AM","Khanpur"
"279605","Muhammad Zahid","DR-888","EMDS Call","Medical Emergency","SOB/ Respiratory Distress","2026/04/12 02:51:16 AM","Rahim Yar Khan"
"279606","Muhammad Zubair","DR-894","EMDS Call","Medical Emergency","Chest Pain","2026/04/12 03:48:13 AM","Rahim Yar Khan"
"279607","Muhammad Zubair","DR-894","EMDS Call","Medical Emergency","Abdominal Pain","2026/04/12 03:54:31 AM","Khanpur"
"279608","Saira Bibi","MR-5494","EMDS Call","Medical Emergency","Abdominal Pain","2026/04/12 04:10:54 AM","Rahim Yar Khan"
"279609","Shaheen Islam","DR-1171","EMDS Call","Medical Emergency","Anxiety / Psychiatric Disorder","2026/04/12 04:20:09 AM","Sadiqabad"
"279610","Muhammad Zubair","DR-894","EMDS Call","Rescue Operations","Delivery Case","2026/04/12 04:21:58 AM","Khanpur"
"279611","Shaheen Islam","DR-1171","EMDS Call","Medical Emergency","Abdominal Pain","2026/04/12 04:33:02 AM","Sadiqabad"
"77797","Muhammad Zubair","DR-894","Direct Call","Patient Transfer Service","N/A","2026/04/12 04:41:04 AM","Sadiqabad"
"279612","Muhammad Zubair","DR-894","EMDS Call","Medical Emergency","Hypertension","2026/04/12 04:41:24 AM","Rahim Yar Khan"
"279613","Saira Bibi","MR-5494","EMDS Call","Medical Emergency","Abdominal Pain","2026/04/12 05:14:21 AM","Rahim Yar Khan"
"279614","Shaheen Islam","DR-1171","EMDS Call","Medical Emergency","Unconscious","2026/04/12 05:33:30 AM","Khanpur"
"279615","Muhammad Zubair","DR-894","EMDS Call","Road Crash","Minor Injuries","2026/04/12 05:41:40 AM","Rahim Yar Khan"
"279616","Shaheen Islam","DR-1171","EMDS Call","Medical Emergency","Hyperglycemia","2026/04/12 06:38:25 AM","Rahim Yar Khan"
"279617","Saira Bibi","MR-5494","EMDS Call","Medical Emergency","Hypoglycemia","2026/04/12 06:51:55 AM","Rahim Yar Khan"
"279618","Muhammad Zubair","DR-894","EMDS Call","Medical Emergency","Abdominal Pain","2026/04/12 06:54:36 AM","Khanpur"
"279619","Shaheen Islam","DR-1171","EMDS Call","Medical Emergency","Unconscious","2026/04/12 06:57:09 AM","Rahim Yar Khan"
"279620","Saira Bibi","MR-5494","EMDS Call","Medical Emergency","Joints Pain","2026/04/12 07:04:34 AM","Rahim Yar Khan"
"279621","Muhammad Zubair","DR-894","EMDS Call","Medical Emergency","High Fever","2026/04/12 07:16:56 AM","Rahim Yar Khan"
"279622","Maheen Tahir","MR-6017","EMDS Call","Medical Emergency","Unconscious","2026/04/12 07:18:56 AM","Rahim Yar Khan"
"279623","Saira Bibi","MR-5494","EMDS Call","Medical Emergency","Domestic Injuries","2026/04/12 07:21:46 AM","Sadiqabad"
"279624","Maheen Tahir","MR-6017","EMDS Call","Medical Emergency","Chest Pain","2026/04/12 07:22:24 AM","Liaqatpur"
"279625","Saira Bibi","MR-5494","EMDS Call","Medical Emergency","Vomiting","2026/04/12 07:35:35 AM","Sadiqabad"
"279626","Maheen Tahir","MR-6017","EMDS Call","Road Crash","Bleeding","2026/04/12 07:41:35 AM","Rahim Yar Khan"
"279627","Maheen Tahir","MR-6017","EMDS Call","Medical Emergency","Abdominal Pain","2026/04/12 07:44:17 AM","Rahim Yar Khan"
"279628","Fahad Hussain","DR-538","EMDS Call","Road Crash","Minor Injuries","2026/04/12 07:52:18 AM","Sadiqabad"
"279629","Sheeza Barkat","MR-5331","EMDS Call","Medical Emergency","Hypertension","2026/04/12 08:14:08 AM","Liaqatpur"
"279630","Sheeza Barkat","MR-5331","EMDS Call","Medical Emergency","Vomiting","2026/04/12 08:18:33 AM","Sadiqabad"
"279631","Zupasha Zia","MR-5758","EMDS Call","Medical Emergency","Chronic Illness","2026/04/12 08:18:00 AM","Liaqatpur"
"279632","Fahad Hussain","DR-538","EMDS Call","Road Crash","Minor Injuries","2026/04/12 08:27:51 AM","Rahim Yar Khan"
"279633","Maheen Tahir","MR-6017","EMDS Call","Medical Emergency","Joints Pain","2026/04/12 08:50:01 AM","Khanpur"
"279634","Sheeza Barkat","MR-5331","EMDS Call","Medical Emergency","Chronic Illness","2026/04/12 08:50:48 AM","Rahim Yar Khan"
"279635","Zupasha Zia","MR-5758","EMDS Call","Medical Emergency","Anxiety / Psychiatric Disorder","2026/04/12 09:11:53 AM","Rahim Yar Khan"
"279636","Sheeza Barkat","MR-5331","EMDS Call","Medical Emergency","Joints Pain","2026/04/12 09:13:28 AM","Rahim Yar Khan"
"279637","Zupasha Zia","MR-5758","EMDS Call","Medical Emergency","Domestic Injuries","2026/04/12 09:22:39 AM","Khanpur"
"279638","Aasia Batool","MR-5198","EMDS Call","Medical Emergency","Domestic Injuries","2026/04/12 09:25:51 AM","Rahim Yar Khan"
"279639","Sheeza Barkat","MR-5331","EMDS Call","Road Crash","Bleeding","2026/04/12 09:30:39 AM","Liaqatpur"
"279640","Aasia Batool","MR-5198","EMDS Call","Medical Emergency","Renal Disorders / Renal Colic ","2026/04/12 09:32:31 AM","Rahim Yar Khan"
"77798","Aasia Batool","MR-5198","Direct Call","Patient Transfer Service","N/A","2026/04/12 09:48:32 AM","Sadiqabad"
"279641","Zupasha Zia","MR-5758","EMDS Call","Medical Emergency","High Fever","2026/04/12 09:50:03 AM","Rahim Yar Khan"
"77799","Aasia Batool","MR-5198","Direct Call","Patient Transfer Service","N/A","2026/04/12 09:57:31 AM","Sadiqabad"
"279642","Zupasha Zia","MR-5758","EMDS Call","Medical Emergency","Chronic Illness","2026/04/12 09:55:59 AM","Rahim Yar Khan"
"279643","Aasia Batool","MR-5198","EMDS Call","Medical Emergency","Chronic Illness","2026/04/12 10:09:23 AM","Khanpur"
"279644","Sheeza Barkat","MR-5331","EMDS Call","Medical Emergency","Vomiting","2026/04/12 10:13:10 AM","Rahim Yar Khan"
"279645","Zupasha Zia","MR-5758","EMDS Call","Road Crash","Bleeding","2026/04/12 10:22:37 AM","Khanpur"
"279646","Aasia Batool","MR-5198","EMDS Call","Medical Emergency","Anxiety / Psychiatric Disorder","2026/04/12 10:25:44 AM","Sadiqabad"
"279647","Aasia Batool","MR-5198","EMDS Call","Medical Emergency","Vomiting","2026/04/12 10:32:26 AM","Rahim Yar Khan"
"279648","Sheeza Barkat","MR-5331","EMDS Call","Medical Emergency","Epilepsy","2026/04/12 10:40:16 AM","Rahim Yar Khan"
"279649","Zupasha Zia","MR-5758","EMDS Call","Medical Emergency","Anxiety / Psychiatric Disorder","2026/04/12 10:40:15 AM","Sadiqabad"
"279650","Sheeza Barkat","MR-5331","EMDS Call","Medical Emergency","Hypotension","2026/04/12 10:41:50 AM","Rahim Yar Khan"
"279651","Sheeza Barkat","MR-5331","EMDS Call","Medical Emergency","Unconscious","2026/04/12 10:47:34 AM","Khanpur"
"279652","Sheeza Barkat","MR-5331","EMDS Call","Medical Emergency","Joints Pain","2026/04/12 10:56:05 AM","Rahim Yar Khan"
"279653","Aasia Batool","MR-5198","EMDS Call","Medical Emergency","Joints Pain","2026/04/12 11:00:27 AM","Rahim Yar Khan"
"77800","Aasia Batool","MR-5198","Direct Call","Patient Transfer Service","N/A","2026/04/12 11:08:17 AM","Sadiqabad"
"77801","Sheeza Barkat","MR-5331","Direct Call","Patient Transfer Service","N/A","2026/04/12 11:13:16 AM","Liaqatpur"
"279654","Aasia Batool","MR-5198","EMDS Call","Medical Emergency","Renal Disorders / Renal Colic ","2026/04/12 11:13:29 AM","Liaqatpur"
"279655","Fahad Hussain","DR-538","EMDS Call","Medical Emergency","Chest Pain","2026/04/12 11:14:39 AM","Sadiqabad"
"77802","Aasia Batool","MR-5198","Direct Call","Patient Transfer Service","N/A","2026/04/12 11:17:54 AM","Liaqatpur"
"279656","Aasia Batool","MR-5198","EMDS Call","Medical Emergency","Abdominal Pain","2026/04/12 11:23:50 AM","Liaqatpur"
"279657","Zupasha Zia","MR-5758","EMDS Call","Road Crash","Minor Injuries","2026/04/12 11:25:06 AM","Rahim Yar Khan"
"279658","Fahad Hussain","DR-538","EMDS Call","Medical Emergency","Hypotension","2026/04/12 11:24:04 AM","Khanpur"
"279659","Sheeza Barkat","MR-5331","EMDS Call","Road Crash","Bleeding","2026/04/12 11:25:16 AM","Rahim Yar Khan"
"279660","Sheeza Barkat","MR-5331","EMDS Call","Medical Emergency","Vertigo/ Dizziness","2026/04/12 11:48:33 AM","Rahim Yar Khan"
"279661","Zupasha Zia","MR-5758","EMDS Call","Medical Emergency","Hypertension","2026/04/12 11:58:59 AM","Rahim Yar Khan"
"279662","Aasia Batool","MR-5198","EMDS Call","Medical Emergency","CVA/Stroke","2026/04/12 12:04:47 PM","Rahim Yar Khan"
"279663","Zupasha Zia","MR-5758","EMDS Call","Medical Emergency","Unconscious","2026/04/12 12:13:05 PM","Sadiqabad"
"77803","Sheeza Barkat","MR-5331","Direct Call","Patient Transfer Service","N/A","2026/04/12 12:23:45 PM","Khanpur"
"279664","Zupasha Zia","MR-5758","EMDS Call","Crime","Physical Assault/Violence","2026/04/12 12:19:57 PM","Liaqatpur"
"279665","Sheeza Barkat","MR-5331","EMDS Call","Medical Emergency","SOB/ Respiratory Distress","2026/04/12 12:24:45 PM","Sadiqabad"
"279666","Aasia Batool","MR-5198","EMDS Call","Medical Emergency","Chronic Illness","2026/04/12 12:27:05 PM","Khanpur"
"279668","Sheeza Barkat","MR-5331","EMDS Call","Medical Emergency","SOB/ Respiratory Distress","2026/04/12 12:29:17 PM","Sadiqabad"
"279667","Zupasha Zia","MR-5758","EMDS Call","Medical Emergency","Renal Disorders / Renal Colic ","2026/04/12 12:29:14 PM","Khanpur"
"279669","Sheeza Barkat","MR-5331","EMDS Call","Medical Emergency","Vertigo/ Dizziness","2026/04/12 12:33:12 PM","Rahim Yar Khan"
"279670","Zupasha Zia","MR-5758","EMDS Call","Medical Emergency","Vomiting","2026/04/12 12:33:16 PM","Rahim Yar Khan"
"279671","Aasia Batool","MR-5198","EMDS Call","Medical Emergency","Unconscious","2026/04/12 12:35:05 PM","Rahim Yar Khan"
"279672","Sheeza Barkat","MR-5331","EMDS Call","Medical Emergency","Chest Pain","2026/04/12 12:35:56 PM","Rahim Yar Khan"
"279673","Aasia Batool","MR-5198","Direct Call","Medical Emergency","Hypertension","2026/04/12 12:40:17 PM","Rahim Yar Khan"
"279674","Zupasha Zia","MR-5758","EMDS Call","Medical Emergency","High Fever","2026/04/12 12:43:25 PM","Sadiqabad"
"279675","Sheeza Barkat","MR-5331","EMDS Call","Road Crash","Multiple Fractures","2026/04/12 12:45:01 PM","Rahim Yar Khan"
"279676","Aasia Batool","MR-5198","EMDS Call","Medical Emergency","Chest Pain","2026/04/12 12:47:28 PM","Rahim Yar Khan"
"279677","Aasia Batool","MR-5198","EMDS Call","Medical Emergency","Anxiety / Psychiatric Disorder","2026/04/12 12:51:06 PM","Sadiqabad"
"279678","Sheeza Barkat","MR-5331","EMDS Call","Road Crash","Bleeding","2026/04/12 12:50:17 PM","Khanpur"
"279679","Aasia Batool","MR-5198","EMDS Call","Fire","Others","2026/04/12 12:53:42 PM","Rahim Yar Khan"
"279680","Zupasha Zia","MR-5758","EMDS Call","Medical Emergency","Abdominal Pain","2026/04/12 12:55:58 PM","Khanpur"
"279681","Sheeza Barkat","MR-5331","EMDS Call","Medical Emergency","Joints Pain","2026/04/12 01:12:14 PM","Rahim Yar Khan"
"77804","Aasia Batool","MR-5198","Direct Call","Patient Transfer Service","N/A","2026/04/12 01:14:43 PM","Rahim Yar Khan"
"279682","Zupasha Zia","MR-5758","EMDS Call","Medical Emergency","SOB/ Respiratory Distress","2026/04/12 01:14:56 PM","Khanpur"
"279683","Aasia Batool","MR-5198","EMDS Call","Medical Emergency","Vomiting","2026/04/12 01:16:49 PM","Rahim Yar Khan"
"279684","Sheeza Barkat","MR-5331","EMDS Call","Medical Emergency","Anxiety / Psychiatric Disorder","2026/04/12 01:30:23 PM","Rahim Yar Khan"
"77805","Zupasha Zia","MR-5758","Direct Call","Patient Transfer Service","N/A","2026/04/12 01:39:16 PM","Sadiqabad"
"279685","Zupasha Zia","MR-5758","EMDS Call","Medical Emergency","Anxiety / Psychiatric Disorder","2026/04/12 01:41:00 PM","Rahim Yar Khan"
"279686","Sheeza Barkat","MR-5331","EMDS Call","Road Crash","Severe Trauma","2026/04/12 01:47:33 PM","Khanpur"
"279688","Sheeza Barkat","MR-5331","EMDS Call","Medical Emergency","Abdominal Pain","2026/04/12 01:50:05 PM","Liaqatpur"
"279687","Zupasha Zia","MR-5758","EMDS Call","Medical Emergency","Vertigo/ Dizziness","2026/04/12 01:51:02 PM","Rahim Yar Khan"
"279690","Sheeza Barkat","MR-5331","EMDS Call","Medical Emergency","Hypertension","2026/04/12 01:52:38 PM","Liaqatpur"
"279689","Aasia Batool","MR-5198","EMDS Call","Fire","Short Circuit","2026/04/12 01:55:10 PM","Rahim Yar Khan"
"279691","Zupasha Zia","MR-5758","EMDS Call","Medical Emergency","Vertigo/ Dizziness","2026/04/12 01:56:51 PM","Sadiqabad"
"279692","Aasia Batool","MR-5198","EMDS Call","Road Crash","Bleeding","2026/04/12 02:01:14 PM","Sadiqabad"
"279693","Zupasha Zia","MR-5758","EMDS Call","Medical Emergency","Abdominal Pain","2026/04/12 02:01:54 PM","Sadiqabad"
"279694","Rana M. Usman","DR-200","EMDS Call","Medical Emergency","Abdominal Pain","2026/04/12 02:07:10 PM","Khanpur"
"279695","Muhammad Rashid Saleem","DR-187","EMDS Call","Medical Emergency","Chest Pain","2026/04/12 02:18:21 PM","Sadiqabad"
"279696","Saima Bashir","MR-5819","EMDS Call","Medical Emergency","Anxiety / Psychiatric Disorder","2026/04/12 02:24:25 PM","Rahim Yar Khan"
"279697","Saima Bashir","MR-5819","EMDS Call","Fall","Fall From Roof","2026/04/12 02:27:31 PM","Sadiqabad"
"279698","Rana M. Usman","DR-200","EMDS Call","Medical Emergency","Anxiety / Psychiatric Disorder","2026/04/12 02:29:56 PM","Sadiqabad"
"279700","Muhammad Rashid Saleem","DR-187","EMDS Call","Medical Emergency","Hypertension","2026/04/12 02:44:33 PM","Rahim Yar Khan"
"279699","Muhammad Rashid Saleem","DR-187","EMDS Call","Road Crash","Minor Injuries","2026/04/12 02:49:28 PM","Khanpur"
"279701","Muhammad Riaz","DR-654","EMDS Call","Medical Emergency","Anxiety / Psychiatric Disorder","2026/04/12 02:55:15 PM","Rahim Yar Khan"
"279702","Rana M. Usman","DR-200","EMDS Call","Medical Emergency","SOB/ Respiratory Distress","2026/04/12 02:57:49 PM","Liaqatpur"
"279703","Muhammad Rashid Saleem","DR-187","EMDS Call","Medical Emergency","Hypertension","2026/04/12 03:16:26 PM","Rahim Yar Khan"
"279704","Rana M. Usman","DR-200","EMDS Call","Fire","Others","2026/04/12 03:17:06 PM","Rahim Yar Khan"
"279705","Muhammad Rashid Saleem","DR-187","EMDS Call","Medical Emergency","SOB/ Respiratory Distress","2026/04/12 03:45:28 PM","Rahim Yar Khan"
"279706","Muhammad Riaz","DR-654","EMDS Call","Medical Emergency","Chest Pain","2026/04/12 03:53:08 PM","Khanpur"
"279707","Muhammad Rashid Saleem","DR-187","EMDS Call","Crime","Probable Suicide","2026/04/12 04:02:38 PM","Rahim Yar Khan"
"279708","Muhammad Riaz","DR-654","EMDS Call","Road Crash","Bleeding","2026/04/12 04:11:49 PM","Sadiqabad"
"279709","Rana M. Usman","DR-200","EMDS Call","Medical Emergency","Hypertension","2026/04/12 04:13:09 PM","Rahim Yar Khan"
"279710","Muhammad Riaz","DR-654","EMDS Call","Medical Emergency","Renal Disorders / Renal Colic ","2026/04/12 04:20:11 PM","Rahim Yar Khan"
"279711","Rana M. Usman","DR-200","EMDS Call","Road Crash","Bleeding","2026/04/12 04:22:42 PM","Khanpur"
"279712","Muhammad Rashid Saleem","DR-187","EMDS Call","Road Crash","Bleeding","2026/04/12 04:28:12 PM","Liaqatpur"
"279713","Rana M. Usman","DR-200","EMDS Call","Road Crash","Bleeding","2026/04/12 04:28:20 PM","Liaqatpur"
"279714","Muhammad Riaz","DR-654","EMDS Call","Medical Emergency","Headache","2026/04/12 04:29:57 PM","Khanpur"
"279715","Muhammad Rashid Saleem","DR-187","EMDS Call","Medical Emergency","Abdominal Pain","2026/04/12 04:30:44 PM","Rahim Yar Khan"
"279716","Muhammad Rashid Saleem","DR-187","EMDS Call","Medical Emergency","Unconscious","2026/04/12 04:35:20 PM","Khanpur"
"279717","Muhammad Riaz","DR-654","EMDS Call","Medical Emergency","High Fever","2026/04/12 04:37:21 PM","Sadiqabad"
"279718","Muhammad Rashid Saleem","DR-187","EMDS Call","Medical Emergency","Hypertension","2026/04/12 04:39:20 PM","Rahim Yar Khan"
"279719","Muhammad Rashid Saleem","DR-187","EMDS Call","Medical Emergency","Joints Pain","2026/04/12 04:44:00 PM","Sadiqabad"
"279720","Muhammad Riaz","DR-654","EMDS Call","Medical Emergency","Vertigo/ Dizziness","2026/04/12 04:44:21 PM","Sadiqabad"
"279721","Rana M. Usman","DR-200","EMDS Call","Medical Emergency","Abdominal Pain","2026/04/12 04:44:50 PM","Khanpur"
"279722","Muhammad Rashid Saleem","DR-187","EMDS Call","Medical Emergency","Anxiety / Psychiatric Disorder","2026/04/12 04:54:00 PM","Rahim Yar Khan"
"279723","Rana M. Usman","DR-200","EMDS Call","Medical Emergency","Joints Pain","2026/04/12 05:03:39 PM","Rahim Yar Khan"
"279724","Muhammad Rashid Saleem","DR-187","EMDS Call","Medical Emergency","Joints Pain","2026/04/12 05:04:06 PM","Rahim Yar Khan"
"279725","Rana M. Usman","DR-200","EMDS Call","Road Crash","Bleeding","2026/04/12 05:13:02 PM","Sadiqabad"
"279726","Saima Bashir","MR-5819","EMDS Call","Medical Emergency","Headache","2026/04/12 05:16:14 PM","Rahim Yar Khan"
"279727","Muhammad Rashid Saleem","DR-187","EMDS Call","Medical Emergency","Vertigo/ Dizziness","2026/04/12 05:18:08 PM","Rahim Yar Khan"
"279728","Muhammad Rashid Saleem","DR-187","EMDS Call","Road Crash","Minor Injuries","2026/04/12 05:22:19 PM","Rahim Yar Khan"
"279728","Muhammad Rashid Saleem","DR-187","EMDS Call","Road Crash","Minor Injuries","2026/04/12 05:22:19 PM","Rahim Yar Khan"
"279729","Muhammad Rashid Saleem","DR-187","EMDS Call","Road Crash","Bleeding","2026/04/12 05:25:36 PM","Khanpur"
"279730","Saima Bashir","MR-5819","EMDS Call","Road Crash","Bleeding","2026/04/12 05:27:07 PM","Rahim Yar Khan"
"279731","Rana M. Usman","DR-200","EMDS Call","Medical Emergency","Headache","2026/04/12 05:27:14 PM","Rahim Yar Khan"
"279732","Muhammad Rashid Saleem","DR-187","EMDS Call","Medical Emergency","Hypertension","2026/04/12 05:27:56 PM","Rahim Yar Khan"
"77806","Saima Bashir","MR-5819","Direct Call","Patient Transfer Service","N/A","2026/04/12 05:32:41 PM","Sadiqabad"
"279733","Saima Bashir","MR-5819","EMDS Call","Medical Emergency","Anxiety / Psychiatric Disorder","2026/04/12 05:32:40 PM","Sadiqabad"
"279734","Rana M. Usman","DR-200","EMDS Call","Medical Emergency","Urinary Retention","2026/04/12 05:32:36 PM","Sadiqabad"
"279735","Rana M. Usman","DR-200","EMDS Call","Medical Emergency","High Fever","2026/04/12 05:38:03 PM","Sadiqabad"
"279736","Rana M. Usman","DR-200","EMDS Call","Rescue Operations","Snake Emergency","2026/04/12 05:46:30 PM","Sadiqabad"
"279737","Saima Bashir","MR-5819","Direct Call","Medical Emergency","High Fever","2026/04/12 05:46:47 PM","Rahim Yar Khan"
"279738","Rana M. Usman","DR-200","EMDS Call","Road Crash","Bleeding","2026/04/12 05:48:27 PM","Rahim Yar Khan"
"279739","Muhammad Rashid Saleem","DR-187","EMDS Call","Medical Emergency","Hypertension","2026/04/12 05:51:02 PM","Rahim Yar Khan"
"279740","Saima Bashir","MR-5819","EMDS Call","Road Crash","Severe Trauma","2026/04/12 05:50:22 PM","Liaqatpur"
"279740","Saima Bashir","MR-5819","EMDS Call","Road Crash","Severe Trauma","2026/04/12 05:50:22 PM","Liaqatpur"
"279740","Saima Bashir","MR-5819","EMDS Call","Road Crash","Severe Trauma","2026/04/12 05:50:22 PM","Liaqatpur"
"279741","Muhammad Rashid Saleem","DR-187","EMDS Call","Road Crash","Multiple Fractures","2026/04/12 05:59:02 PM","Rahim Yar Khan"
"279742","Rana M. Usman","DR-200","EMDS Call","Medical Emergency","Unconscious","2026/04/12 06:01:30 PM","Rahim Yar Khan"
"279743","Muhammad Rashid Saleem","DR-187","EMDS Call","Rescue Operations","Electric Shock","2026/04/12 06:02:22 PM","Sadiqabad"
"279744","Saima Bashir","MR-5819","EMDS Call","Medical Emergency","Vertigo/ Dizziness","2026/04/12 06:14:43 PM","Rahim Yar Khan"
"279745","Rana M. Usman","DR-200","EMDS Call","Medical Emergency","Gynae Problem","2026/04/12 06:19:16 PM","Rahim Yar Khan"
"279746","Muhammad Rashid Saleem","DR-187","EMDS Call","Medical Emergency","Unconscious","2026/04/12 06:20:28 PM","Liaqatpur"
"77807","Saima Bashir","MR-5819","Direct Call","Patient Transfer Service","N/A","2026/04/12 06:22:22 PM","Liaqatpur"
"279747","Saima Bashir","MR-5819","EMDS Call","Medical Emergency","Anxiety / Psychiatric Disorder","2026/04/12 06:47:49 PM","Sadiqabad"
"279748","Saima Bashir","MR-5819","EMDS Call","Medical Emergency","Domestic Injuries","2026/04/12 06:51:48 PM","Rahim Yar Khan"
"279749","Muhammad Rashid Saleem","DR-187","EMDS Call","Medical Emergency","Vomiting","2026/04/12 06:57:24 PM","Sadiqabad"
"279750","Saima Bashir","MR-5819","EMDS Call","Medical Emergency","Vomiting","2026/04/12 06:59:03 PM","Rahim Yar Khan"
"279751","Muhammad Rashid Saleem","DR-187","Direct Call","Road Crash","Bleeding","2026/04/12 07:03:15 PM","Sadiqabad"
"279751","Muhammad Rashid Saleem","DR-187","Direct Call","Road Crash","Bleeding","2026/04/12 07:03:15 PM","Sadiqabad"
"279751","Muhammad Rashid Saleem","DR-187","Direct Call","Road Crash","Bleeding","2026/04/12 07:03:15 PM","Sadiqabad"
"279752","Rana M. Usman","DR-200","EMDS Call","Medical Emergency","Vertigo/ Dizziness","2026/04/12 07:04:41 PM","Rahim Yar Khan"
"279753","Muhammad Rashid Saleem","DR-187","EMDS Call","Medical Emergency","Anxiety / Psychiatric Disorder","2026/04/12 07:07:15 PM","Rahim Yar Khan"
"279755","Saima Bashir","MR-5819","EMDS Call","Medical Emergency","Hypertension","2026/04/12 07:07:18 PM","Rahim Yar Khan"
"279754","Saima Bashir","MR-5819","EMDS Call","Medical Emergency","Hypotension","2026/04/12 07:16:16 PM","Rahim Yar Khan"
"279756","Rana M. Usman","DR-200","EMDS Call","Medical Emergency","Vomiting","2026/04/12 07:27:55 PM","Rahim Yar Khan"
"279757","Saima Bashir","MR-5819","EMDS Call","Medical Emergency","Hypertension","2026/04/12 07:37:59 PM","Rahim Yar Khan"
"279758","Muhammad Rashid Saleem","DR-187","EMDS Call","Road Crash","Bleeding","2026/04/12 07:37:34 PM","Rahim Yar Khan"
"279759","Saima Bashir","MR-5819","EMDS Call","Medical Emergency","Abdominal Pain","2026/04/12 07:46:52 PM","Sadiqabad"
"279760","Saima Bashir","MR-5819","EMDS Call","Medical Emergency","Chronic Illness","2026/04/12 07:52:50 PM","Rahim Yar Khan"
"77808","Rana M. Usman","DR-200","Direct Call","Patient Transfer Service","N/A","2026/04/12 07:54:40 PM","Sadiqabad"
"279761","Muhammad Rashid Saleem","DR-187","EMDS Call","Rescue Operations","Delivery Case","2026/04/12 07:52:27 PM","Khanpur"
"279762","Muhammad Rashid Saleem","DR-187","EMDS Call","Medical Emergency","Blood In Vomit","2026/04/12 08:01:53 PM","Rahim Yar Khan"
"279763","Muhammad Rashid Saleem","DR-187","EMDS Call","Medical Emergency","Headache","2026/04/12 08:07:07 PM","Rahim Yar Khan"
"279766","Saima Bashir","MR-5819","EMDS Call","Medical Emergency","SOB/ Respiratory Distress","2026/04/12 08:08:41 PM","Khanpur"
"279764","Muhammad Rashid Saleem","DR-187","EMDS Call","Medical Emergency","Vomiting","2026/04/12 08:11:03 PM","Khanpur"
"279765","Rana M. Usman","DR-200","EMDS Call","Medical Emergency","High Fever","2026/04/12 08:11:26 PM","Sadiqabad"
"279767","Saima Bashir","MR-5819","EMDS Call","Medical Emergency","Abdominal Pain","2026/04/12 08:11:58 PM","Sadiqabad"
"279768","Muhammad Rashid Saleem","DR-187","EMDS Call","Medical Emergency","High Fever","2026/04/12 08:22:32 PM","Liaqatpur"
"279769","Muhammad Rashid Saleem","DR-187","EMDS Call","Road Crash","Bleeding","2026/04/12 08:27:12 PM","Sadiqabad"
"279769","Muhammad Rashid Saleem","DR-187","EMDS Call","Road Crash","Bleeding","2026/04/12 08:27:12 PM","Sadiqabad"
"279769","Muhammad Rashid Saleem","DR-187","EMDS Call","Road Crash","Bleeding","2026/04/12 08:27:12 PM","Sadiqabad"
"279770","Muhammad Rashid Saleem","DR-187","EMDS Call","Medical Emergency","Hypoglycemia","2026/04/12 08:30:12 PM","Khanpur"
"279771","Rana M. Usman","DR-200","EMDS Call","Road Crash","Severe Trauma","2026/04/12 08:33:31 PM","Rahim Yar Khan"
"279773","Muhammad Rashid Saleem","DR-187","EMDS Call","Medical Emergency","Anxiety / Psychiatric Disorder","2026/04/12 08:37:22 PM","Rahim Yar Khan"
"279772","Saima Bashir","MR-5819","EMDS Call","Medical Emergency","Anxiety / Psychiatric Disorder","2026/04/12 08:37:31 PM","Rahim Yar Khan"
"279774","Rana M. Usman","DR-200","EMDS Call","Medical Emergency","Blood In Vomit","2026/04/12 08:37:01 PM","Rahim Yar Khan"
"279775","Saima Bashir","MR-5819","EMDS Call","Medical Emergency","Hypertension","2026/04/12 08:42:47 PM","Rahim Yar Khan"
"279776","Saima Bashir","MR-5819","EMDS Call","Road Crash","Minor Injuries","2026/04/12 08:47:28 PM","Sadiqabad"
"279776","Saima Bashir","MR-5819","EMDS Call","Road Crash","Minor Injuries","2026/04/12 08:47:28 PM","Sadiqabad"
"279776","Saima Bashir","MR-5819","EMDS Call","Road Crash","Minor Injuries","2026/04/12 08:47:28 PM","Sadiqabad"
"279776","Saima Bashir","MR-5819","EMDS Call","Road Crash","Minor Injuries","2026/04/12 08:47:28 PM","Sadiqabad"
"279777","Muhammad Rashid Saleem","DR-187","EMDS Call","Medical Emergency","SOB/ Respiratory Distress","2026/04/12 08:48:59 PM","Rahim Yar Khan"
"279778","Saima Bashir","MR-5819","EMDS Call","Medical Emergency","SOB/ Respiratory Distress","2026/04/12 08:50:52 PM","Rahim Yar Khan"
"279779","Muhammad Zubair","DR-894","EMDS Call","Rescue Operations","Delivery Case","2026/04/12 08:55:04 PM","Khanpur"
"279780","Farah Sadaqat","MR-5930","EMDS Call","Medical Emergency","Anxiety / Psychiatric Disorder","2026/04/12 08:55:32 PM","Rahim Yar Khan"
"279781","Saima Bashir","MR-5819","EMDS Call","Medical Emergency","Hypertension","2026/04/12 08:57:54 PM","Rahim Yar Khan"
"279782","Muhammad Zubair","DR-894","EMDS Call","Rescue Operations","Delivery Case","2026/04/12 08:58:50 PM","Rahim Yar Khan"
"279783","Muhammad Zubair","DR-894","EMDS Call","Medical Emergency","Unconscious","2026/04/12 09:03:38 PM","Sadiqabad"
"279784","Saira Bibi","MR-5494","EMDS Call","Crime","Physical Assault/Violence","2026/04/12 09:16:24 PM","Liaqatpur"
"279784","Saira Bibi","MR-5494","EMDS Call","Crime","Physical Assault/Violence","2026/04/12 09:16:24 PM","Liaqatpur"
"279785","Farah Sadaqat","MR-5930","EMDS Call","Road Crash","Bleeding","2026/04/12 09:25:44 PM","Sadiqabad"
"279787","Muhammad Zubair","DR-894","EMDS Call","Medical Emergency","Joints Pain","2026/04/12 09:28:01 PM","Rahim Yar Khan"
"279786","Saira Bibi","MR-5494","EMDS Call","Rescue Operations","Snake Emergency","2026/04/12 09:28:24 PM","Khanpur"
"279788","Muhammad Zubair","DR-894","EMDS Call","Medical Emergency","Vomiting","2026/04/12 09:32:35 PM","Khanpur"
"279789","Muhammad Zubair","DR-894","EMDS Call","Road Crash","Minor Injuries","2026/04/12 09:38:27 PM","Rahim Yar Khan"
"279790","Farah Sadaqat","MR-5930","EMDS Call","Medical Emergency","SOB/ Respiratory Distress","2026/04/12 09:39:25 PM","Rahim Yar Khan"
"279791","Muhammad Zubair","DR-894","EMDS Call","Medical Emergency","SOB/ Respiratory Distress","2026/04/12 09:53:57 PM","Rahim Yar Khan"
"77809","Saira Bibi","MR-5494","Direct Call","Patient Transfer Service","N/A","2026/04/12 09:57:00 PM","Khanpur"
"279792","Farah Sadaqat","MR-5930","EMDS Call","Medical Emergency","Epilepsy","2026/04/12 10:01:47 PM","Sadiqabad"
"279793","Farah Sadaqat","MR-5930","EMDS Call","Rescue Operations","Snake Emergency","2026/04/12 10:05:50 PM","Khanpur"
"279794","Farah Sadaqat","MR-5930","EMDS Call","Medical Emergency","Hypoglycemia","2026/04/12 10:09:32 PM","Rahim Yar Khan"
"279795","Sajid Mehmood","DR-914","EMDS Call","Medical Emergency","High Fever","2026/04/12 10:10:13 PM","Khanpur"
"279796","Farah Sadaqat","MR-5930","EMDS Call","Road Crash","Minor Injuries","2026/04/12 10:22:04 PM","Rahim Yar Khan"
"279797","Farah Sadaqat","MR-5930","EMDS Call","Fall","Fall From Vehicle","2026/04/12 10:24:23 PM","Liaqatpur"
"279798","Saira Bibi","MR-5494","EMDS Call","Medical Emergency","Drug Addiction","2026/04/12 10:28:57 PM","Khanpur"
"279799","Farah Sadaqat","MR-5930","EMDS Call","Medical Emergency","SOB/ Respiratory Distress","2026/04/12 10:28:22 PM","Rahim Yar Khan"
"279800","Sajid Mehmood","DR-914","EMDS Call","Medical Emergency","High Fever","2026/04/12 10:30:57 PM","Rahim Yar Khan"
"77810","Farah Sadaqat","MR-5930","Direct Call","Patient Transfer Service","N/A","2026/04/12 10:42:45 PM","Sadiqabad"
"279801","Farah Sadaqat","MR-5930","EMDS Call","Medical Emergency","Hypoglycemia","2026/04/12 11:00:02 PM","Rahim Yar Khan"
"279802","Farah Sadaqat","MR-5930","EMDS Call","Medical Emergency","Renal Disorders / Renal Colic ","2026/04/12 11:03:04 PM","Rahim Yar Khan"
"279803","Sajid Mehmood","DR-914","EMDS Call","Medical Emergency","Anxiety / Psychiatric Disorder","2026/04/12 11:05:04 PM","Rahim Yar Khan"
"279804","Sajid Mehmood","DR-914","EMDS Call","Medical Emergency","Joints Pain","2026/04/12 11:09:26 PM","Rahim Yar Khan"
"279805","Muhammad Tariq Hameed","DR-885","EMDS Call","Medical Emergency","Anxiety / Psychiatric Disorder","2026/04/12 11:44:59 PM","Rahim Yar Khan"
"279806","Saqib Nasim","DR-197","EMDS Call","Medical Emergency","Anxiety / Psychiatric Disorder","2026/04/12 11:49:45 PM","Sadiqabad"
"279807","Sajid Mehmood","DR-914","EMDS Call","Medical Emergency","Hypertension","2026/04/12 11:50:06 PM","Khanpur"
"279808","Muhammad Tariq Hameed","DR-885","EMDS Call","Medical Emergency","Abdominal Pain","2026/04/12 11:51:30 PM","Rahim Yar Khan"
"279809","Saqib Nasim","DR-197","EMDS Call","Medical Emergency","Abdominal Pain","2026/04/12 11:52:51 PM","Rahim Yar Khan"
"279810","Saqib Nasim","DR-197","EMDS Call","Medical Emergency","High Fever","2026/04/12 11:56:21 PM","Rahim Yar Khan"
"77811","Saqib Nasim","DR-197","Direct Call","Patient Transfer Service","N/A","2026/04/13 12:02:22 AM","Sadiqabad"
"77812","Sajid Mehmood","DR-914","Direct Call","Patient Transfer Service","N/A","2026/04/13 12:04:10 AM","Khanpur"
"77813","Sajid Mehmood","DR-914","Direct Call","Patient Transfer Service","N/A","2026/04/13 12:09:24 AM","Khanpur"
"279811","Muhammad Tariq Hameed","DR-885","EMDS Call","Medical Emergency","Chest Pain","2026/04/13 12:13:44 AM","Rahim Yar Khan"
"279812","Muhammad Tariq Hameed","DR-885","EMDS Call","Road Crash","Minor Injuries","2026/04/13 12:18:12 AM","Rahim Yar Khan"
"279813","Sajid Mehmood","DR-914","EMDS Call","Medical Emergency","Headache","2026/04/13 12:30:46 AM","Rahim Yar Khan"
"279814","Muhammad Tariq Hameed","DR-885","EMDS Call","Medical Emergency","SOB/ Respiratory Distress","2026/04/13 12:34:15 AM","Rahim Yar Khan"
"77814","Sajid Mehmood","DR-914","Direct Call","Patient Transfer Service","N/A","2026/04/13 12:46:52 AM","Liaqatpur"
"279815","Saqib Nasim","DR-197","EMDS Call","Medical Emergency","Chest Pain","2026/04/13 12:48:33 AM","Liaqatpur"
"279816","Muhammad Tariq Hameed","DR-885","EMDS Call","Medical Emergency","High Fever","2026/04/13 12:54:02 AM","Rahim Yar Khan"
"279817","Sajid Mehmood","DR-914","EMDS Call","Medical Emergency","Hypertension","2026/04/13 12:55:40 AM","Liaqatpur"
"279818","Sajid Mehmood","DR-914","EMDS Call","Medical Emergency","Chest Pain","2026/04/13 01:13:17 AM","Khanpur"
"77815","Saqib Nasim","DR-197","Direct Call","Patient Transfer Service","N/A","2026/04/13 01:18:06 AM","Sadiqabad"
"279821","Sajid Mehmood","DR-914","EMDS Call","Medical Emergency","Vomiting","2026/04/13 01:23:18 AM","Sadiqabad"
"279820","Muhammad Tariq Hameed","DR-885","EMDS Call","Medical Emergency","Hypertension","2026/04/13 01:22:45 AM","Rahim Yar Khan"
"279819","Saqib Nasim","DR-197","EMDS Call","Medical Emergency","Anxiety / Psychiatric Disorder","2026/04/13 01:23:01 AM","Sadiqabad"
"77816","Sajid Mehmood","DR-914","Direct Call","Patient Transfer Service","N/A","2026/04/13 01:38:35 AM","Liaqatpur"
"279822","Sajid Mehmood","DR-914","EMDS Call","Medical Emergency","Urinary Retention","2026/04/13 01:39:41 AM","Sadiqabad"
"279823","Muhammad Tariq Hameed","DR-885","EMDS Call","Medical Emergency","Hypertension","2026/04/13 01:41:39 AM","Rahim Yar Khan"
"279824","Sajid Mehmood","DR-914","EMDS Call","Medical Emergency","High Fever","2026/04/13 01:55:21 AM","Khanpur"
"279825","Muhammad Tariq Hameed","DR-885","EMDS Call","Medical Emergency","Hypertension","2026/04/13 01:55:34 AM","Sadiqabad"
"279826","Saqib Nasim","DR-197","EMDS Call","Medical Emergency","Chest Pain","2026/04/13 01:57:08 AM","Rahim Yar Khan"
"279827","Sajid Mehmood","DR-914","EMDS Call","Medical Emergency","Hypoglycemia","2026/04/13 02:42:31 AM","Rahim Yar Khan"
"77817","Sajid Mehmood","DR-914","Direct Call","Patient Transfer Service","N/A","2026/04/13 02:49:00 AM","Sadiqabad"
"279828","Muhammad Tariq Hameed","DR-885","EMDS Call","Medical Emergency","Anxiety / Psychiatric Disorder","2026/04/13 02:50:38 AM","Rahim Yar Khan"
"279829","Muhammad Tariq Hameed","DR-885","EMDS Call","Medical Emergency","Hypertension","2026/04/13 03:09:40 AM","Khanpur"
"279830","Sajid Mehmood","DR-914","EMDS Call","Rescue Operations","Delivery Case","2026/04/13 03:12:17 AM","Rahim Yar Khan"
"279831","Saqib Nasim","DR-197","EMDS Call","Medical Emergency","High Fever","2026/04/13 03:16:18 AM","Rahim Yar Khan"
"279832","Muhammad Tariq Hameed","DR-885","EMDS Call","Medical Emergency","Abdominal Pain","2026/04/13 03:15:58 AM","Khanpur"
"279833","Saqib Nasim","DR-197","EMDS Call","Medical Emergency","Abdominal Pain","2026/04/13 03:24:45 AM","Rahim Yar Khan"
"279834","Farah Sadaqat","MR-5930","EMDS Call","Medical Emergency","Vomiting","2026/04/13 03:33:29 AM","Sadiqabad"
"279835","Saira Bibi","MR-5494","EMDS Call","Medical Emergency","Joints Pain","2026/04/13 03:35:42 AM","Rahim Yar Khan"
"279836","Muhammad Zubair","DR-894","Direct Call","Medical Emergency","Abdominal Pain","2026/04/13 03:40:18 AM","Rahim Yar Khan"
"279837","Saira Bibi","MR-5494","EMDS Call","Medical Emergency","SOB/ Respiratory Distress","2026/04/13 04:55:01 AM","Rahim Yar Khan"
"279838","Saira Bibi","MR-5494","EMDS Call","Medical Emergency","Vertigo/ Dizziness","2026/04/13 05:28:13 AM","Rahim Yar Khan"
"77818","Farah Sadaqat","MR-5930","Direct Call","Patient Transfer Service","N/A","2026/04/13 05:48:22 AM","Khanpur"
"279839","Farah Sadaqat","MR-5930","EMDS Call","Rescue Operations","Delivery Case","2026/04/13 05:49:19 AM","Rahim Yar Khan"
"279840","Saqib Nasim","DR-197","EMDS Call","Medical Emergency","Hypertension","2026/04/13 05:54:48 AM","Rahim Yar Khan"
"279841","Saqib Nasim","DR-197","EMDS Call","Medical Emergency","Diarrhea","2026/04/13 05:57:20 AM","Rahim Yar Khan"
"279842","Farah Sadaqat","MR-5930","EMDS Call","Road Crash","Bleeding","2026/04/13 06:29:20 AM","Rahim Yar Khan"
"279843","Saira Bibi","MR-5494","EMDS Call","Medical Emergency","High Fever","2026/04/13 06:36:40 AM","Rahim Yar Khan"
"279844","Farah Sadaqat","MR-5930","EMDS Call","Medical Emergency","Joints Pain","2026/04/13 07:14:17 AM","Rahim Yar Khan"
"279845","Saqib Nasim","DR-197","EMDS Call","Medical Emergency","SOB/ Respiratory Distress","2026/04/13 07:19:40 AM","Khanpur"
"279846","Saira Bibi","MR-5494","Direct Call","Medical Emergency","SOB/ Respiratory Distress","2026/04/13 07:20:07 AM","Khanpur"
"279847","Farah Sadaqat","MR-5930","EMDS Call","Road Crash","Minor Injuries","2026/04/13 07:26:42 AM","Khanpur"
"279848","Saqib Nasim","DR-197","EMDS Call","Medical Emergency","Abdominal Pain","2026/04/13 07:40:59 AM","Rahim Yar Khan"
"279849","Saira Bibi","MR-5494","EMDS Call","Rescue Operations","Scorpion Bite/Other Animal/Insect Bite","2026/04/13 07:42:31 AM","Rahim Yar Khan"
"279850","Sheeza Barkat","MR-5331","EMDS Call","Medical Emergency","Vomiting","2026/04/13 07:53:02 AM","Rahim Yar Khan"
"279851","Sheeza Barkat","MR-5331","EMDS Call","Medical Emergency","Abdominal Pain","2026/04/13 07:56:23 AM","Rahim Yar Khan"
"279852","Zia ul Haq","DR-328","EMDS Call","Medical Emergency","Vertigo/ Dizziness","2026/04/13 07:56:26 AM","Rahim Yar Khan"
"279853","Saira Bibi","MR-5494","EMDS Call","Rescue Operations","Delivery Case","2026/04/13 07:58:39 AM","Khanpur"
"279854","Saira Bibi","MR-5494","EMDS Call","Road Crash","Severe Trauma","2026/04/13 08:03:33 AM","Sadiqabad"
"279855","Sheeza Barkat","MR-5331","EMDS Call","Medical Emergency","Vomiting","2026/04/13 08:04:34 AM","Rahim Yar Khan"
"279856","Zia ul Haq","DR-328","EMDS Call","Medical Emergency","Abdominal Pain","2026/04/13 08:04:36 AM","Sadiqabad"
"279857","Zia ul Haq","DR-328","EMDS Call","Rescue Operations","Delivery Case","2026/04/13 08:09:52 AM","Liaqatpur"
"279858","Sheeza Barkat","MR-5331","EMDS Call","Medical Emergency","Abdominal Pain","2026/04/13 08:12:11 AM","Rahim Yar Khan"
"77819","Muhammad Arshad","DR-198","Direct Call","Patient Transfer Service","N/A","2026/04/13 08:14:04 AM","Khanpur"
"77820","Muhammad Arshad","DR-198","Direct Call","Patient Transfer Service","N/A","2026/04/13 08:16:52 AM","Khanpur"
"279859","Zia ul Haq","DR-328","EMDS Call","Road Crash","Bleeding","2026/04/13 08:31:05 AM","Sadiqabad"
"279860","Sheeza Barkat","MR-5331","EMDS Call","Medical Emergency","SOB/ Respiratory Distress","2026/04/13 08:34:25 AM","Sadiqabad"
"279861","Muhammad Rashid Saleem","DR-187","EMDS Call","Medical Emergency","SOB/ Respiratory Distress","2026/04/13 08:45:03 AM","Sadiqabad"
"279862","Zia ul Haq","DR-328","EMDS Call","Medical Emergency","Hypertension","2026/04/13 08:44:02 AM","Rahim Yar Khan"
"279863","Zia ul Haq","DR-328","EMDS Call","Medical Emergency","Chest Pain","2026/04/13 09:00:47 AM","Rahim Yar Khan"
"279864","Sheeza Barkat","MR-5331","EMDS Call","Medical Emergency","Vomiting","2026/04/13 09:04:52 AM","Liaqatpur"
"279865","Zia ul Haq","DR-328","EMDS Call","Medical Emergency","Chest Pain","2026/04/13 09:12:23 AM","Liaqatpur"
"279866","Zia ul Haq","DR-328","EMDS Call","Road Crash","Minor Injuries","2026/04/13 09:16:57 AM","Rahim Yar Khan"
"279867","Muhammad AAmar","DR-915","EMDS Call","Medical Emergency","CVA/Stroke","2026/04/13 09:29:04 AM","Rahim Yar Khan"
"279868","Zia ul Haq","DR-328","EMDS Call","Medical Emergency","Domestic Injuries","2026/04/13 09:29:14 AM","Rahim Yar Khan"
"Not Assigned","Zia ul Haq","DR-328","Direct Call","Community","Community Training","2026/04/13 09:30:04 AM","Liaqatpur"
"279869","Muhammad Arshad","DR-198","EMDS Call","Medical Emergency","SOB/ Respiratory Distress","2026/04/13 09:29:25 AM","Rahim Yar Khan"
"279870","Zia ul Haq","DR-328","Direct Call","Rescue Operations","Mass Event Coverage","2026/04/13 09:32:31 AM","Rahim Yar Khan"
"77821","Zupasha Zia","MR-5758","Direct Call","Patient Transfer Service","N/A","2026/04/13 09:37:34 AM","Khanpur"
"77822","Zupasha Zia","MR-5758","Direct Call","Patient Transfer Service","N/A","2026/04/13 09:41:24 AM","Khanpur"
"279871","Muhammad Arshad","DR-198","EMDS Call","Medical Emergency","Hypertension","2026/04/13 09:43:25 AM","Sadiqabad"
"279872","Zupasha Zia","MR-5758","EMDS Call","Medical Emergency","Vomiting","2026/04/13 09:45:20 AM","Sadiqabad"
"279873","Muhammad Arshad","DR-198","EMDS Call","Medical Emergency","Hypotension","2026/04/13 09:48:33 AM","Rahim Yar Khan"
"279874","Muhammad Arshad","DR-198","EMDS Call","Road Crash","Bleeding","2026/04/13 09:53:53 AM","Khanpur"
"279875","Zupasha Zia","MR-5758","EMDS Call","Medical Emergency","Joints Pain","2026/04/13 09:55:30 AM","Sadiqabad"
"279876","Zupasha Zia","MR-5758","EMDS Call","Road Crash","Minor Injuries","2026/04/13 09:59:16 AM","Rahim Yar Khan"
"279877","Zupasha Zia","MR-5758","EMDS Call","Medical Emergency","Hypoglycemia","2026/04/13 10:11:08 AM","Sadiqabad"
"279878","Zupasha Zia","MR-5758","EMDS Call","Medical Emergency","High Fever","2026/04/13 10:16:00 AM","Liaqatpur"
"279879","Muhammad Arshad","DR-198","EMDS Call","Medical Emergency","Epilepsy","2026/04/13 10:29:04 AM","Rahim Yar Khan"
"279880","Zupasha Zia","MR-5758","EMDS Call","Medical Emergency","Anxiety / Psychiatric Disorder","2026/04/13 10:31:23 AM","Rahim Yar Khan"
"279881","Saira Bibi","MR-5494","EMDS Call","Medical Emergency","Anxiety / Psychiatric Disorder","2026/04/13 10:37:57 AM","Rahim Yar Khan"
"279882","Fahad Hussain","DR-538","EMDS Call","Rescue Operations","Electric Shock","2026/04/13 10:38:03 AM","Rahim Yar Khan"
"279883","Muhammad AAmar","DR-915","EMDS Call","Medical Emergency","Anxiety / Psychiatric Disorder","2026/04/13 10:37:58 AM","Rahim Yar Khan"
"279884","Zupasha Zia","MR-5758","EMDS Call","Medical Emergency","Hypertension","2026/04/13 10:44:25 AM","Rahim Yar Khan"
"279885","Muhammad AAmar","DR-915","EMDS Call","Medical Emergency","Vomiting","2026/04/13 10:50:57 AM","Rahim Yar Khan"
"77823","Zupasha Zia","MR-5758","Direct Call","Patient Transfer Service","N/A","2026/04/13 11:01:06 AM","Sadiqabad"
"279886","Muhammad AAmar","DR-915","EMDS Call","Medical Emergency","Chest Pain","2026/04/13 11:02:22 AM","Sadiqabad"
"279888","Saira Bibi","MR-5494","EMDS Call","Road Crash","Minor Injuries","2026/04/13 11:05:10 AM","Rahim Yar Khan"
"279887","Fahad Hussain","DR-538","EMDS Call","Crime","Probable Suicide","2026/04/13 11:04:16 AM","Rahim Yar Khan"
"279889","Muhammad AAmar","DR-915","EMDS Call","Medical Emergency","Chronic Illness","2026/04/13 11:16:27 AM","Khanpur"
"279890","Muhammad AAmar","DR-915","EMDS Call","Medical Emergency","Vomiting","2026/04/13 11:28:13 AM","Rahim Yar Khan"
"279891","Muhammad Abid","DR-874","EMDS Call","Medical Emergency","Hyperglycemia","2026/04/13 11:43:02 AM","Khanpur"
"279892","Zupasha Zia","MR-5758","EMDS Call","Medical Emergency","SOB/ Respiratory Distress","2026/04/13 11:45:37 AM","Sadiqabad"
"279893","Fahad Hussain","DR-538","EMDS Call","Medical Emergency","Abdominal Pain","2026/04/13 11:45:25 AM","Rahim Yar Khan"
"279894","Fahad Hussain","DR-538","EMDS Call","Medical Emergency","Anxiety / Psychiatric Disorder","2026/04/13 11:53:58 AM","Sadiqabad"
"279896","Fahad Hussain","DR-538","EMDS Call","Medical Emergency","Abdominal Pain","2026/04/13 12:02:02 PM","Liaqatpur"
"279895","Muhammad Abid","DR-874","EMDS Call","Rescue Operations","Animal/Bird Rescue","2026/04/13 12:04:00 PM","Khanpur"
"279897","Imran Anjum","DR-204","EMDS Call","Medical Emergency","Diarrhea","2026/04/13 12:05:35 PM","Khanpur"
"279898","Muhammad Abid","DR-874","EMDS Call","Road Crash","Bleeding","2026/04/13 12:08:59 PM","Rahim Yar Khan"
"279899","Fahad Hussain","DR-538","EMDS Call","Medical Emergency","Gynae Problem","2026/04/13 12:08:23 PM","Sadiqabad"
"279900","Sheeza Barkat","MR-5331","EMDS Call","Medical Emergency","SOB/ Respiratory Distress","2026/04/13 12:15:03 PM","Rahim Yar Khan"
"279901","Sheeza Barkat","MR-5331","EMDS Call","Medical Emergency","CVA/Stroke","2026/04/13 12:21:57 PM","Khanpur"
"279902","Zupasha Zia","MR-5758","EMDS Call","Road Crash","Bleeding","2026/04/13 12:22:58 PM","Rahim Yar Khan"
"279903","Muhammad AAmar","DR-915","EMDS Call","Medical Emergency","Hypertension","2026/04/13 12:24:02 PM","Rahim Yar Khan"
"279904","Sheeza Barkat","MR-5331","EMDS Call","Medical Emergency","Hypoglycemia","2026/04/13 12:28:12 PM","Rahim Yar Khan"
"77824","Muhammad Abid","DR-874","Direct Call","Patient Transfer Service","N/A","2026/04/13 12:34:30 PM","Sadiqabad"
"77825","Muhammad Abid","DR-874","Direct Call","Patient Transfer Service","N/A","2026/04/13 12:36:26 PM","Liaqatpur"
"279905","Muhammad AAmar","DR-915","EMDS Call","Rescue Operations","Delivery Case","2026/04/13 12:35:27 PM","Sadiqabad"
"279906","Muhammad Abid","DR-874","EMDS Call","Fire","Others","2026/04/13 12:55:19 PM","Khanpur"
"279907","Imran Anjum","DR-204","EMDS Call","Medical Emergency","Domestic Injuries","2026/04/13 01:02:43 PM","Liaqatpur"
"77826","Muhammad Abid","DR-874","Direct Call","Patient Transfer Service","N/A","2026/04/13 01:11:15 PM","Khanpur"
"279909","Muhammad Abid","DR-874","EMDS Call","Medical Emergency","Vomiting","2026/04/13 01:11:50 PM","Rahim Yar Khan"
"279908","Imran Anjum","DR-204","EMDS Call","Road Crash","Bleeding","2026/04/13 01:13:12 PM","Rahim Yar Khan"
"279910","Zupasha Zia","MR-5758","EMDS Call","Medical Emergency","Anxiety / Psychiatric Disorder","2026/04/13 01:16:52 PM","Rahim Yar Khan"
"77827","Sheeza Barkat","MR-5331","Direct Call","Patient Transfer Service","N/A","2026/04/13 01:22:17 PM","Liaqatpur"
"279911","Imran Anjum","DR-204","EMDS Call","Medical Emergency","Anxiety / Psychiatric Disorder","2026/04/13 01:21:12 PM","Khanpur"
"279912","Imran Anjum","DR-204","EMDS Call","Medical Emergency","Chest Pain","2026/04/13 01:31:50 PM","Khanpur"
"279913","Sheeza Barkat","MR-5331","EMDS Call","Medical Emergency","Anxiety / Psychiatric Disorder","2026/04/13 01:39:35 PM","Rahim Yar Khan"
"279914","Zia ul Haq","DR-328","EMDS Call","Medical Emergency","High Fever","2026/04/13 01:47:35 PM","Sadiqabad"
"279915","Muhammad Abid","DR-874","EMDS Call","Medical Emergency","Backache","2026/04/13 01:48:04 PM","Liaqatpur"
"279916","Zia ul Haq","DR-328","EMDS Call","Road Crash","Bleeding","2026/04/13 02:04:21 PM","Rahim Yar Khan"
"77828","Sheeza Barkat","MR-5331","Direct Call","Patient Transfer Service","N/A","2026/04/13 02:10:57 PM","Sadiqabad"
"279917","Zia ul Haq","DR-328","EMDS Call","Medical Emergency","Anxiety / Psychiatric Disorder","2026/04/13 02:09:53 PM","Sadiqabad"
"279918","Muhammad Abid","DR-874","EMDS Call","Medical Emergency","Hyperglycemia","2026/04/13 02:10:56 PM","Rahim Yar Khan"
"279919","Zia ul Haq","DR-328","EMDS Call","Medical Emergency","Vertigo/ Dizziness","2026/04/13 02:12:01 PM","Rahim Yar Khan"
"279920","Muhammad Abid","DR-874","EMDS Call","Road Crash","Bleeding","2026/04/13 02:13:26 PM","Liaqatpur"
"279921","Shahla Nawaz","DR-185","EMDS Call","Medical Emergency","Hyperglycemia","2026/04/13 02:14:29 PM","Sadiqabad"
"279922","Bushra Saleem","MR-5701","EMDS Call","Medical Emergency","High Fever","2026/04/13 02:18:38 PM","Sadiqabad"
"77829","Bushra Saleem","MR-5701","Direct Call","Patient Transfer Service","N/A","2026/04/13 02:24:07 PM","Khanpur"
"77830","Adil Iqbal","DR-782","Direct Call","Patient Transfer Service","N/A","2026/04/13 02:27:02 PM","Sadiqabad"
"279923","Bushra Saleem","MR-5701","EMDS Call","Medical Emergency","SOB/ Respiratory Distress","2026/04/13 02:26:00 PM","Rahim Yar Khan"
"279924","Bushra Saleem","MR-5701","EMDS Call","Rescue Operations","Snake Emergency","2026/04/13 02:30:14 PM","Sadiqabad"
"279925","Adil Iqbal","DR-782","EMDS Call","Fire","Wheat Fire","2026/04/13 02:34:58 PM","Rahim Yar Khan"
"279926","Muhammad Fiaz","DR-206","EMDS Call","Road Crash","Bleeding","2026/04/13 02:57:29 PM","Rahim Yar Khan"
"279927","Saima Bashir","MR-5819","EMDS Call","Medical Emergency","Renal Disorders / Renal Colic ","2026/04/13 03:00:28 PM","Rahim Yar Khan"
"279928","Bushra Saleem","MR-5701","EMDS Call","Medical Emergency","Hypotension","2026/04/13 03:07:46 PM","Liaqatpur"
"279929","Adil Iqbal","DR-782","EMDS Call","Medical Emergency","SOB/ Respiratory Distress","2026/04/13 03:06:51 PM","Rahim Yar Khan"
"279930","Bushra Saleem","MR-5701","EMDS Call","Road Crash","Bleeding","2026/04/13 03:10:36 PM","Khanpur"
"279931","Bushra Saleem","MR-5701","EMDS Call","Medical Emergency","Vomiting","2026/04/13 03:13:50 PM","Sadiqabad"
"279932","Adil Iqbal","DR-782","EMDS Call","Crime","Physical Assault/Violence","2026/04/13 03:16:57 PM","Sadiqabad"
"279933","Saima Bashir","MR-5819","EMDS Call","Fire","Short Circuit","2026/04/13 03:20:16 PM","Sadiqabad"
"279934","Bushra Saleem","MR-5701","EMDS Call","Drowning","Canal","2026/04/13 03:31:18 PM","Rahim Yar Khan"
"279935","Bushra Saleem","MR-5701","EMDS Call","Medical Emergency","SOB/ Respiratory Distress","2026/04/13 03:35:27 PM","Rahim Yar Khan"
"279936","Adil Iqbal","DR-782","EMDS Call","Medical Emergency","Backache","2026/04/13 03:37:19 PM","Rahim Yar Khan"
"279937","Bushra Saleem","MR-5701","EMDS Call","Medical Emergency","Anxiety / Psychiatric Disorder","2026/04/13 03:39:16 PM","Rahim Yar Khan"
"279938","Saima Bashir","MR-5819","EMDS Call","Medical Emergency","SOB/ Respiratory Distress","2026/04/13 03:40:42 PM","Sadiqabad"
"279939","Bushra Saleem","MR-5701","EMDS Call","Road Crash","Minor Injuries","2026/04/13 03:45:58 PM","Liaqatpur"
"279940","Saima Bashir","MR-5819","EMDS Call","Medical Emergency","Hypertension","2026/04/13 03:53:14 PM","Rahim Yar Khan"
"279941","Muhammad Riaz","DR-654","EMDS Call","Road Crash","Bleeding","2026/04/13 03:57:03 PM","Rahim Yar Khan"
"279942","Shahla Nawaz","DR-185","EMDS Call","Medical Emergency","Anxiety / Psychiatric Disorder","2026/04/13 03:57:09 PM","Sadiqabad"
"279943","Shahla Nawaz","DR-185","EMDS Call","Medical Emergency","Chronic Illness","2026/04/13 04:02:53 PM","Rahim Yar Khan"
"279944","Muhammad Riaz","DR-654","EMDS Call","Road Crash","Bleeding","2026/04/13 04:09:04 PM","Sadiqabad"
"279944","Muhammad Riaz","DR-654","EMDS Call","Road Crash","Bleeding","2026/04/13 04:09:04 PM","Sadiqabad"
"279944","Muhammad Riaz","DR-654","EMDS Call","Road Crash","Bleeding","2026/04/13 04:09:04 PM","Sadiqabad"
"279945","Saima Bashir","MR-5819","EMDS Call","Road Crash","Minor Injuries","2026/04/13 04:11:00 PM","Rahim Yar Khan"
"279946","Muhammad Riaz","DR-654","EMDS Call","Medical Emergency","Abdominal Pain","2026/04/13 04:12:16 PM","Khanpur"
"77831","Shahla Nawaz","DR-185","Direct Call","Patient Transfer Service","N/A","2026/04/13 04:17:38 PM","Khanpur"
"77832","Saima Bashir","MR-5819","Direct Call","Patient Transfer Service","N/A","2026/04/13 04:21:25 PM","Khanpur"
"279947","Shahla Nawaz","DR-185","EMDS Call","Medical Emergency","Hypotension","2026/04/13 04:26:58 PM","Rahim Yar Khan"
"279948","Saima Bashir","MR-5819","EMDS Call","Medical Emergency","CVA/Stroke","2026/04/13 04:39:01 PM","Sadiqabad"
"279949","Saima Bashir","MR-5819","EMDS Call","Road Crash","Minor Injuries","2026/04/13 04:44:45 PM","Rahim Yar Khan"
"77833","Saima Bashir","MR-5819","Direct Call","Patient Transfer Service","N/A","2026/04/13 04:52:58 PM","Sadiqabad"
"279950","Shahla Nawaz","DR-185","EMDS Call","Road Crash","Minor Injuries","2026/04/13 04:51:03 PM","Rahim Yar Khan"
"279951","Saima Bashir","MR-5819","EMDS Call","Medical Emergency","SOB/ Respiratory Distress","2026/04/13 04:54:38 PM","Liaqatpur"
"77834","Saima Bashir","MR-5819","Direct Call","Patient Transfer Service","N/A","2026/04/13 04:58:45 PM","Sadiqabad"
"279952","Shahla Nawaz","DR-185","Direct Call","Road Crash","Minor Injuries","2026/04/13 05:02:30 PM","Sadiqabad"
"279952","Shahla Nawaz","DR-185","Direct Call","Road Crash","Minor Injuries","2026/04/13 05:02:30 PM","Sadiqabad"
"279953","Bushra Saleem","MR-5701","EMDS Call","Medical Emergency","Renal Disorders / Renal Colic ","2026/04/13 05:09:41 PM","Sadiqabad"
"279954","Shahla Nawaz","DR-185","EMDS Call","Medical Emergency","Renal Disorders / Renal Colic ","2026/04/13 05:10:46 PM","Rahim Yar Khan"
"279955","Saima Bashir","MR-5819","EMDS Call","Medical Emergency","Chronic Illness","2026/04/13 05:10:53 PM","Khanpur"
"279956","Shahla Nawaz","DR-185","EMDS Call","Medical Emergency","Vertigo/ Dizziness","2026/04/13 05:13:49 PM","Rahim Yar Khan"
"279957","Adil Iqbal","DR-782","EMDS Call","Medical Emergency","Epilepsy","2026/04/13 05:29:53 PM","Rahim Yar Khan"
"279958","Bushra Saleem","MR-5701","EMDS Call","Medical Emergency","SOB/ Respiratory Distress","2026/04/13 05:33:07 PM","Rahim Yar Khan"
"279959","Shahla Nawaz","DR-185","EMDS Call","Road Crash","Bleeding","2026/04/13 05:36:11 PM","Rahim Yar Khan"
"279960","Saima Bashir","MR-5819","EMDS Call","Road Crash","Bleeding","2026/04/13 05:38:26 PM","Sadiqabad"
"279960","Saima Bashir","MR-5819","EMDS Call","Road Crash","Bleeding","2026/04/13 05:38:26 PM","Sadiqabad"
"279962","Shahla Nawaz","DR-185","EMDS Call","Medical Emergency","Vertigo/ Dizziness","2026/04/13 05:43:39 PM","Rahim Yar Khan"
"279961","Bushra Saleem","MR-5701","EMDS Call","Medical Emergency","SOB/ Respiratory Distress","2026/04/13 05:44:32 PM","Rahim Yar Khan"
"279963","Shahla Nawaz","DR-185","EMDS Call","Medical Emergency","Vertigo/ Dizziness","2026/04/13 05:47:59 PM","Rahim Yar Khan"
"279964","Saima Bashir","MR-5819","EMDS Call","Medical Emergency","Renal Disorders / Renal Colic ","2026/04/13 05:49:57 PM","Rahim Yar Khan"
"279965","Shahla Nawaz","DR-185","EMDS Call","Medical Emergency","Vomiting","2026/04/13 05:52:55 PM","Sadiqabad"
"77835","Shahla Nawaz","DR-185","Direct Call","Patient Transfer Service","N/A","2026/04/13 05:57:00 PM","Rahim Yar Khan"
"279966","Shahla Nawaz","DR-185","EMDS Call","Medical Emergency","Anxiety / Psychiatric Disorder","2026/04/13 06:00:10 PM","Liaqatpur"
"279967","Shahla Nawaz","DR-185","EMDS Call","Medical Emergency","Backache","2026/04/13 06:03:31 PM","Rahim Yar Khan"
"279968","Shahla Nawaz","DR-185","EMDS Call","Medical Emergency","High Fever","2026/04/13 06:07:18 PM","Sadiqabad"
"279969","Bushra Saleem","MR-5701","EMDS Call","Medical Emergency","Vertigo/ Dizziness","2026/04/13 06:14:20 PM","Sadiqabad"
"279970","Bushra Saleem","MR-5701","EMDS Call","Rescue Operations","Animal/Bird Rescue","2026/04/13 06:22:41 PM","Sadiqabad"
"279971","Bushra Saleem","MR-5701","EMDS Call","Medical Emergency","High Fever","2026/04/13 06:28:16 PM","Sadiqabad"
"279973","Saima Bashir","MR-5819","EMDS Call","Medical Emergency","Hypotension","2026/04/13 06:33:22 PM","Sadiqabad"
"279972","Shahla Nawaz","DR-185","EMDS Call","Medical Emergency","Abdominal Pain","2026/04/13 06:34:54 PM","Liaqatpur"
"279975","Saima Bashir","MR-5819","EMDS Call","Medical Emergency","Anxiety / Psychiatric Disorder","2026/04/13 06:42:56 PM","Khanpur"
"279974","Adil Iqbal","DR-782","EMDS Call","Medical Emergency","Chronic Illness","2026/04/13 06:42:06 PM","Khanpur"
"279976","Adil Iqbal","DR-782","Direct Call","Medical Emergency","Chronic Illness","2026/04/13 06:44:50 PM","Khanpur"
"279977","Adil Iqbal","DR-782","EMDS Call","Medical Emergency","Chronic Illness","2026/04/13 06:47:49 PM","Sadiqabad"
"279978","Adil Iqbal","DR-782","EMDS Call","Medical Emergency","Vomiting","2026/04/13 07:09:07 PM","Rahim Yar Khan"
"279979","Shahla Nawaz","DR-185","EMDS Call","Rescue Operations","Animal/Bird Rescue","2026/04/13 07:10:37 PM","Khanpur"
"279980","Saima Bashir","MR-5819","EMDS Call","Medical Emergency","Abdominal Pain","2026/04/13 07:13:26 PM","Khanpur"
"279982","Adil Iqbal","DR-782","EMDS Call","Medical Emergency","Cardiac Arrest","2026/04/13 07:16:11 PM","Sadiqabad"
"279981","Saima Bashir","MR-5819","EMDS Call","Medical Emergency","Vertigo/ Dizziness","2026/04/13 07:16:28 PM","Rahim Yar Khan"
"77836","Adil Iqbal","DR-782","Direct Call","Patient Transfer Service","N/A","2026/04/13 07:19:15 PM","Sadiqabad"
"77837","Adil Iqbal","DR-782","Direct Call","Patient Transfer Service","N/A","2026/04/13 07:27:32 PM","Sadiqabad"
"279983","Saima Bashir","MR-5819","EMDS Call","Rescue Operations","Delivery Case","2026/04/13 07:28:18 PM","Rahim Yar Khan"
"279988","Adil Iqbal","DR-782","EMDS Call","Road Crash","Bleeding","2026/04/13 07:29:37 PM","Khanpur"
"279984","Saima Bashir","MR-5819","EMDS Call","Medical Emergency","Anxiety / Psychiatric Disorder","2026/04/13 07:32:23 PM","Sadiqabad"
"279985","Bushra Saleem","MR-5701","EMDS Call","Medical Emergency","Abdominal Pain","2026/04/13 07:30:08 PM","Rahim Yar Khan"
"279986","Saima Bashir","MR-5819","EMDS Call","Medical Emergency","Vomiting","2026/04/13 07:35:33 PM","Liaqatpur"
"279987","Adil Iqbal","DR-782","EMDS Call","Medical Emergency","Vomiting","2026/04/13 07:36:46 PM","Rahim Yar Khan"
"279989","Adil Iqbal","DR-782","EMDS Call","Medical Emergency","Vomiting","2026/04/13 08:08:52 PM","Rahim Yar Khan"
"279990","Adil Iqbal","DR-782","EMDS Call","Road Crash","Bleeding","2026/04/13 08:13:43 PM","Khanpur"
"77838","Saima Bashir","MR-5819","Direct Call","Patient Transfer Service","N/A","2026/04/13 08:22:20 PM","Sadiqabad"
"279991","Shahla Nawaz","DR-185","EMDS Call","Medical Emergency","Joints Pain","2026/04/13 08:36:18 PM","Rahim Yar Khan"
"77839","Saima Bashir","MR-5819","Direct Call","Patient Transfer Service","N/A","2026/04/13 08:39:57 PM","Khanpur"
"279992","Shahla Nawaz","DR-185","EMDS Call","Medical Emergency","Anxiety / Psychiatric Disorder","2026/04/13 08:47:36 PM","Rahim Yar Khan"
"279993","Muhammad Zubair","DR-894","EMDS Call","Medical Emergency","Abdominal Pain","2026/04/13 08:58:53 PM","Sadiqabad"
"279994","Saima Bashir","MR-5819","EMDS Call","Medical Emergency","SOB/ Respiratory Distress","2026/04/13 08:58:26 PM","Khanpur"
"77840","Farah Sadaqat","MR-5930","Direct Call","Patient Transfer Service","N/A","2026/04/13 09:07:29 PM","Khanpur"
"279995","Nida Rahat","DR-1322","EMDS Call","Medical Emergency","Joints Pain","2026/04/13 09:08:28 PM","Liaqatpur"
"279996","Muhammad Zubair","DR-894","Direct Call","Road Crash","Bleeding","2026/04/13 09:14:26 PM","Rahim Yar Khan"
"279997","Nida Rahat","DR-1322","EMDS Call","Medical Emergency","Domestic Injuries","2026/04/13 09:15:25 PM","Rahim Yar Khan"
"77841","Farah Sadaqat","MR-5930","Direct Call","Patient Transfer Service","N/A","2026/04/13 09:19:02 PM","Khanpur"
"279998","Farah Sadaqat","MR-5930","EMDS Call","Medical Emergency","Renal Disorders / Renal Colic ","2026/04/13 09:24:55 PM","Khanpur"
"279999","Muhammad Zubair","DR-894","EMDS Call","Road Crash","Minor Injuries","2026/04/13 09:26:30 PM","Rahim Yar Khan"
"77842","Farah Sadaqat","MR-5930","Direct Call","Patient Transfer Service","N/A","2026/04/13 09:31:27 PM","Khanpur"
"280000","Farah Sadaqat","MR-5930","EMDS Call","Medical Emergency","Vertigo/ Dizziness","2026/04/13 09:47:42 PM","Khanpur"
"280001","Farah Sadaqat","MR-5930","EMDS Call","Medical Emergency","Urinary Retention","2026/04/13 10:07:45 PM","Sadiqabad"
"280002","Farah Sadaqat","MR-5930","EMDS Call","Medical Emergency","Unconscious","2026/04/13 10:22:03 PM","Rahim Yar Khan"
"280003","Muhammad Zubair","DR-894","EMDS Call","Medical Emergency","Abdominal Pain","2026/04/13 10:22:40 PM","Sadiqabad"
"280004","Nida Rahat","DR-1322","EMDS Call","Medical Emergency","SOB/ Respiratory Distress","2026/04/13 10:25:40 PM","Rahim Yar Khan"
"280005","Nida Rahat","DR-1322","EMDS Call","Medical Emergency","Hypertension","2026/04/13 10:33:00 PM","Rahim Yar Khan"
"280006","Muhammad Zubair","DR-894","EMDS Call","Medical Emergency","Abdominal Pain","2026/04/13 10:29:16 PM","Khanpur"
"280007","Farah Sadaqat","MR-5930","EMDS Call","Medical Emergency","Vertigo/ Dizziness","2026/04/13 10:35:20 PM","Rahim Yar Khan"
"280008","Farah Sadaqat","MR-5930","EMDS Call","Medical Emergency","SOB/ Respiratory Distress","2026/04/13 10:37:54 PM","Liaqatpur"
"280009","Nida Rahat","DR-1322","EMDS Call","Medical Emergency","Abdominal Pain","2026/04/13 10:42:09 PM","Khanpur"
"280010","Nida Rahat","DR-1322","EMDS Call","Fall","Fall From Roof","2026/04/13 10:49:49 PM","Sadiqabad"
"77843","Farah Sadaqat","MR-5930","Direct Call","Patient Transfer Service","N/A","2026/04/13 10:58:28 PM","Liaqatpur"
"280011","Farhad Iftikhar","DR-913","EMDS Call","Medical Emergency","High Fever","2026/04/13 11:03:30 PM","Rahim Yar Khan"
"280012","Nida Rahat","DR-1322","EMDS Call","Crime","Physical Assault/Violence","2026/04/13 11:05:42 PM","Sadiqabad"
"280013","Farah Sadaqat","MR-5930","EMDS Call","Medical Emergency","Backache","2026/04/13 11:13:52 PM","Rahim Yar Khan"
"280014","Farah Sadaqat","MR-5930","EMDS Call","Medical Emergency","SOB/ Respiratory Distress","2026/04/13 11:16:35 PM","Liaqatpur"
"280015","Farah Sadaqat","MR-5930","EMDS Call","Medical Emergency","Hypertension","2026/04/13 11:24:56 PM","Rahim Yar Khan"
"280016","Farhad Iftikhar","DR-913","EMDS Call","Medical Emergency","Vomiting","2026/04/13 11:37:02 PM","Liaqatpur"
"280017","Shaheen Islam","DR-1171","EMDS Call","Medical Emergency","Hypertension","2026/04/13 11:36:51 PM","Khanpur"
"77844","Shaheen Islam","DR-1171","Direct Call","Patient Transfer Service","N/A","2026/04/13 11:42:35 PM","Sadiqabad"
"280018","Saqib Nasim","DR-197","EMDS Call","Medical Emergency","SOB/ Respiratory Distress","2026/04/13 11:54:09 PM","Rahim Yar Khan"
"280019","Farhad Iftikhar","DR-913","EMDS Call","Medical Emergency","Anxiety / Psychiatric Disorder","2026/04/13 11:59:57 PM","Rahim Yar Khan"
"280020","Saqib Nasim","DR-197","EMDS Call","Medical Emergency","SOB/ Respiratory Distress","2026/04/14 12:08:20 AM","Rahim Yar Khan"
"280021","Shaheen Islam","DR-1171","EMDS Call","Medical Emergency","SOB/ Respiratory Distress","2026/04/14 12:09:22 AM","Rahim Yar Khan"
"280022","Saqib Nasim","DR-197","EMDS Call","Medical Emergency","Hypoglycemia","2026/04/14 12:19:58 AM","Sadiqabad"
"77845","Saqib Nasim","DR-197","Direct Call","Patient Transfer Service","N/A","2026/04/14 12:57:02 AM","Khanpur"
"280023","Saqib Nasim","DR-197","EMDS Call","Medical Emergency","High Fever","2026/04/14 01:14:21 AM","Sadiqabad"
"280024","Farhad Iftikhar","DR-913","EMDS Call","Rescue Operations","Scorpion Bite/Other Animal/Insect Bite","2026/04/14 01:33:38 AM","Rahim Yar Khan"
"280025","Farhad Iftikhar","DR-913","EMDS Call","Medical Emergency","Unconscious","2026/04/14 01:50:33 AM","Khanpur"
"280026","Saqib Nasim","DR-197","EMDS Call","Medical Emergency","Hypertension","2026/04/14 01:59:29 AM","Rahim Yar Khan"
"77846","Saqib Nasim","DR-197","Direct Call","Patient Transfer Service","N/A","2026/04/14 02:06:00 AM","Khanpur"
"280027","Farhad Iftikhar","DR-913","EMDS Call","Medical Emergency","Chronic Illness","2026/04/14 02:05:56 AM","Rahim Yar Khan"
"280028","Shaheen Islam","DR-1171","EMDS Call","Medical Emergency","Renal Disorders / Renal Colic ","2026/04/14 02:13:08 AM","Khanpur"
"280029","Farhad Iftikhar","DR-913","EMDS Call","Medical Emergency","Vomiting","2026/04/14 02:37:40 AM","Rahim Yar Khan"
"280030","Shaheen Islam","DR-1171","EMDS Call","Medical Emergency","Abdominal Pain","2026/04/14 02:47:39 AM","Liaqatpur"
"77847","Saqib Nasim","DR-197","Direct Call","Patient Transfer Service","N/A","2026/04/14 03:00:13 AM","Sadiqabad"
"280031","Saqib Nasim","DR-197","EMDS Call","Medical Emergency","SOB/ Respiratory Distress","2026/04/14 03:09:09 AM","Rahim Yar Khan"
"280032","Shaheen Islam","DR-1171","EMDS Call","Medical Emergency","High Fever","2026/04/14 03:12:26 AM","Rahim Yar Khan"
"280033","Saqib Nasim","DR-197","EMDS Call","Medical Emergency","SOB/ Respiratory Distress","2026/04/14 03:14:20 AM","Liaqatpur"
"77848","Saqib Nasim","DR-197","Direct Call","Patient Transfer Service","N/A","2026/04/14 03:24:43 AM","Sadiqabad"
"Not Assigned","Shaheen Islam","DR-1171","EMDS Call","Rescue Operations","Delivery Case","2026/04/14 03:26:51 AM","Rahim Yar Khan"
"280035","Shaheen Islam","DR-1171","EMDS Call","Medical Emergency","SOB/ Respiratory Distress","2026/04/14 03:35:52 AM","Rahim Yar Khan"
"280036","Farah Sadaqat","MR-5930","EMDS Call","Medical Emergency","Headache","2026/04/14 04:16:00 AM","Khanpur"
"280037","Farah Sadaqat","MR-5930","EMDS Call","Medical Emergency","Unconscious","2026/04/14 04:22:41 AM","Rahim Yar Khan"
"280039","Farah Sadaqat","MR-5930","EMDS Call","Medical Emergency","CVA/Stroke","2026/04/14 04:28:29 AM","Sadiqabad"
"280038","Muhammad Zubair","DR-894","EMDS Call","Medical Emergency","Abdominal Pain","2026/04/14 04:29:00 AM","Rahim Yar Khan"
"280040","Farah Sadaqat","MR-5930","EMDS Call","Medical Emergency","Anxiety / Psychiatric Disorder","2026/04/14 04:36:22 AM","Sadiqabad"
"280041","Farah Sadaqat","MR-5930","EMDS Call","Medical Emergency","Hypertension","2026/04/14 04:58:08 AM","Khanpur"
"280042","Muhammad Zubair","DR-894","EMDS Call","Medical Emergency","Chest Pain","2026/04/14 05:03:50 AM","Rahim Yar Khan"
"280043","Muhammad Zubair","DR-894","EMDS Call","Medical Emergency","Unconscious","2026/04/14 05:59:43 AM","Rahim Yar Khan"
"280045","Muhammad Zubair","DR-894","EMDS Call","Medical Emergency","Vomiting","2026/04/14 06:29:19 AM","Sadiqabad"
"280044","Nida Rahat","DR-1322","EMDS Call","Road Crash","Minor Injuries","2026/04/14 06:29:36 AM","Sadiqabad"
"280046","Muhammad Zubair","DR-894","EMDS Call","Road Crash","Minor Injuries","2026/04/14 06:45:23 AM","Sadiqabad"
"77849","Muhammad Zubair","DR-894","Direct Call","Patient Transfer Service","N/A","2026/04/14 06:51:45 AM","Rahim Yar Khan"
"280047","Muhammad Zubair","DR-894","EMDS Call","Medical Emergency","Joints Pain","2026/04/14 07:06:08 AM","Rahim Yar Khan"
"280048","Nida Rahat","DR-1322","EMDS Call","Medical Emergency","Hypertension","2026/04/14 07:36:18 AM","Rahim Yar Khan"
"280049","Muhammad Zubair","DR-894","EMDS Call","Road Crash","Severe Trauma","2026/04/14 07:46:00 AM","Sadiqabad"
"280049","Muhammad Zubair","DR-894","EMDS Call","Road Crash","Severe Trauma","2026/04/14 07:46:00 AM","Sadiqabad"
"280050","Sheeza Barkat","MR-5331","EMDS Call","Medical Emergency","Vomiting","2026/04/14 07:56:14 AM","Rahim Yar Khan"
"280051","Sheeza Barkat","MR-5331","EMDS Call","Medical Emergency","Unconscious","2026/04/14 08:06:52 AM","Khanpur"
"280052","Muhammad Arshad","DR-198","EMDS Call","Medical Emergency","Abdominal Pain","2026/04/14 08:18:46 AM","Khanpur"
"280053","Sheeza Barkat","MR-5331","EMDS Call","Medical Emergency","Chest Pain","2026/04/14 08:21:30 AM","Liaqatpur"
"280054","Muhammad Arshad","DR-198","EMDS Call","Rescue Operations","Delivery Case","2026/04/14 08:22:31 AM","Khanpur"
"280055","Muhammad Rashid Saleem","DR-187","EMDS Call","Medical Emergency","Abdominal Pain","2026/04/14 08:25:50 AM","Sadiqabad"
"280056","Zia ul Haq","DR-328","EMDS Call","Medical Emergency","High Fever","2026/04/14 08:29:38 AM","Sadiqabad"
"280057","Muhammad Rashid Saleem","DR-187","EMDS Call","Medical Emergency","Unconscious","2026/04/14 08:42:24 AM","Khanpur"
"280058","Muhammad Arshad","DR-198","EMDS Call","Medical Emergency","Anxiety / Psychiatric Disorder","2026/04/14 08:43:36 AM","Rahim Yar Khan"
"280059","Sheeza Barkat","MR-5331","EMDS Call","Medical Emergency","Abdominal Pain","2026/04/14 08:51:59 AM","Liaqatpur"
"280060","Muhammad Arshad","DR-198","EMDS Call","Medical Emergency","Backache","2026/04/14 08:53:16 AM","Liaqatpur"
"280061","Zia ul Haq","DR-328","EMDS Call","Medical Emergency","Joints Pain","2026/04/14 08:57:37 AM","Rahim Yar Khan"
"77850","Zia ul Haq","DR-328","EMDS Call","Patient Transfer Service","N/A","2026/04/14 09:04:26 AM","Rahim Yar Khan"
"280062","Muhammad Rashid Saleem","DR-187","EMDS Call","Medical Emergency","Vomiting","2026/04/14 09:06:24 AM","Khanpur"
"Not Assigned","Muhammad Arshad","DR-198","EMDS Call","Fire","Wheat Fire","2026/04/14 09:12:42 AM","Rahim Yar Khan"
"280064","Sheeza Barkat","MR-5331","EMDS Call","Medical Emergency","Abdominal Pain","2026/04/14 09:14:26 AM","Rahim Yar Khan"
"77851","Muhammad Rashid Saleem","DR-187","Direct Call","Patient Transfer Service","N/A","2026/04/14 09:17:55 AM","Sadiqabad"
"280065","Sheeza Barkat","MR-5331","EMDS Call","Medical Emergency","SOB/ Respiratory Distress","2026/04/14 09:20:44 AM","Khanpur"
"280066","Muhammad Rashid Saleem","DR-187","EMDS Call","Medical Emergency","Hypertension","2026/04/14 09:25:01 AM","Rahim Yar Khan"
"77852","Muhammad Rashid Saleem","DR-187","Direct Call","Patient Transfer Service","N/A","2026/04/14 09:33:54 AM","Sadiqabad"
"Not Assigned","Sheeza Barkat","MR-5331","Direct Call","Community","Community Training","2026/04/14 09:32:53 AM","Liaqatpur"
"77853","Sheeza Barkat","MR-5331","Direct Call","Patient Transfer Service","N/A","2026/04/14 09:44:45 AM","Sadiqabad"
"280068","Muhammad Arshad","DR-198","EMDS Call","Medical Emergency","CVA/Stroke","2026/04/14 09:42:16 AM","Rahim Yar Khan"
"280067","Shahid Jamil","DR-184","EMDS Call","Crime","Physical Assault/Violence","2026/04/14 09:44:14 AM","Khanpur"
"280067","Shahid Jamil","DR-184","EMDS Call","Crime","Physical Assault/Violence","2026/04/14 09:44:14 AM","Khanpur"
"280067","Shahid Jamil","DR-184","EMDS Call","Crime","Physical Assault/Violence","2026/04/14 09:44:14 AM","Khanpur"
"77854","Sheeza Barkat","MR-5331","Direct Call","Patient Transfer Service","N/A","2026/04/14 10:08:29 AM","Khanpur"
"77855","Muhammad Rashid Saleem","DR-187","Direct Call","Patient Transfer Service","N/A","2026/04/14 10:14:03 AM","Khanpur"
"280069","Muhammad Rashid Saleem","DR-187","EMDS Call","Medical Emergency","High Fever","2026/04/14 10:16:11 AM","Liaqatpur"
"280070","Muhammad Rashid Saleem","DR-187","EMDS Call","Road Crash","Bleeding","2026/04/14 10:19:15 AM","Liaqatpur"
"280070","Muhammad Rashid Saleem","DR-187","EMDS Call","Road Crash","Bleeding","2026/04/14 10:19:15 AM","Liaqatpur"
"280070","Muhammad Rashid Saleem","DR-187","EMDS Call","Road Crash","Bleeding","2026/04/14 10:19:15 AM","Liaqatpur"
"280071","Muhammad Rashid Saleem","DR-187","EMDS Call","Medical Emergency","Diarrhea","2026/04/14 10:21:46 AM","Khanpur"
"280072","Muhammad Arshad","DR-198","EMDS Call","Road Crash","Bleeding","2026/04/14 10:22:36 AM","Sadiqabad"
"280073","Muhammad Rashid Saleem","DR-187","EMDS Call","Medical Emergency","Abdominal Pain","2026/04/14 10:24:44 AM","Rahim Yar Khan"
"280074","Muhammad Abid","DR-874","EMDS Call","Medical Emergency","Vertigo/ Dizziness","2026/04/14 10:27:14 AM","Rahim Yar Khan"
"280075","Muhammad Rashid Saleem","DR-187","EMDS Call","Road Crash","Minor Injuries","2026/04/14 10:33:13 AM","Rahim Yar Khan"
"77856","Muhammad Abid","DR-874","Direct Call","Patient Transfer Service","N/A","2026/04/14 10:36:33 AM","Liaqatpur"
"280076","Muhammad Abid","DR-874","EMDS Call","Medical Emergency","Diarrhea","2026/04/14 10:43:08 AM","Rahim Yar Khan"
"280077","Muhammad Abid","DR-874","EMDS Call","Medical Emergency","High Fever","2026/04/14 10:45:50 AM","Rahim Yar Khan"
"280078","Aasia Batool","MR-5198","EMDS Call","Medical Emergency","Unconscious","2026/04/14 10:47:57 AM","Rahim Yar Khan"
"77857","Muhammad Abid","DR-874","Direct Call","Patient Transfer Service","N/A","2026/04/14 11:00:45 AM","Rahim Yar Khan"
"280079","Shahid Jamil","DR-184","EMDS Call","Medical Emergency","Joints Pain","2026/04/14 11:04:04 AM","Rahim Yar Khan"
"280080","Shahid Jamil","DR-184","EMDS Call","Medical Emergency","Domestic Injuries","2026/04/14 11:09:11 AM","Rahim Yar Khan"
"280081","Nida Rahat","DR-1322","EMDS Call","Medical Emergency","Chronic Illness","2026/04/14 11:13:09 AM","Liaqatpur"
"280083","Aasia Batool","MR-5198","EMDS Call","Medical Emergency","Joints Pain","2026/04/14 11:29:12 AM","Khanpur"
"280082","Muhammad Abid","DR-874","EMDS Call","Road Crash","Minor Injuries","2026/04/14 11:31:04 AM","Rahim Yar Khan"
"77858","Muhammad Abid","DR-874","Direct Call","Patient Transfer Service","N/A","2026/04/14 11:36:43 AM","Khanpur"
"280084","Aasia Batool","MR-5198","EMDS Call","Medical Emergency","Chronic Illness","2026/04/14 11:40:30 AM","Sadiqabad"
"280085","Muhammad Abid","DR-874","EMDS Call","Rescue Operations","Delivery Case","2026/04/14 11:46:25 AM","Liaqatpur"
"280086","Aasia Batool","MR-5198","EMDS Call","Rescue Operations","Delivery Case","2026/04/14 11:52:33 AM","Rahim Yar Khan"
"77859","Aasia Batool","MR-5198","Direct Call","Patient Transfer Service","N/A","2026/04/14 11:55:30 AM","Sadiqabad"
"280087","Muhammad Abid","DR-874","EMDS Call","Medical Emergency","Renal Disorders / Renal Colic ","2026/04/14 11:55:27 AM","Khanpur"
"77860","Aasia Batool","MR-5198","Direct Call","Patient Transfer Service","N/A","2026/04/14 11:58:34 AM","Sadiqabad"
"280088","Nida Rahat","DR-1322","EMDS Call","Medical Emergency","Urinary Retention","2026/04/14 12:08:25 PM","Rahim Yar Khan"
"280089","Muhammad Abid","DR-874","EMDS Call","Road Crash","Minor Injuries","2026/04/14 12:09:45 PM","Rahim Yar Khan"
"77861","Nida Rahat","DR-1322","Direct Call","Patient Transfer Service","N/A","2026/04/14 12:11:06 PM","Sadiqabad"
"280090","Aasia Batool","MR-5198","EMDS Call","Medical Emergency","Joints Pain","2026/04/14 12:10:22 PM","Rahim Yar Khan"
"280091","Nida Rahat","DR-1322","EMDS Call","Rescue Operations","Snake Bite","2026/04/14 12:13:11 PM","Liaqatpur"
"280092","Muhammad Abid","DR-874","EMDS Call","Medical Emergency","Joints Pain","2026/04/14 12:18:57 PM","Khanpur"
"280093","Nida Rahat","DR-1322","EMDS Call","Medical Emergency","Vomiting","2026/04/14 12:22:40 PM","Khanpur"
"280094","Yasir Ilyas","DR-893","EMDS Call","Medical Emergency","Vertigo/ Dizziness","2026/04/14 12:24:33 PM","Rahim Yar Khan"
"280095","Yasir Ilyas","DR-893","EMDS Call","Medical Emergency","SOB/ Respiratory Distress","2026/04/14 12:31:22 PM","Rahim Yar Khan"
"77862","Aasia Batool","MR-5198","Direct Call","Patient Transfer Service","N/A","2026/04/14 12:39:08 PM","Rahim Yar Khan"
"280096","Shahid Jamil","DR-184","EMDS Call","Medical Emergency","SOB/ Respiratory Distress","2026/04/14 12:59:03 PM","Sadiqabad"
"280097","Aasia Batool","MR-5198","EMDS Call","Medical Emergency","Renal Disorders / Renal Colic ","2026/04/14 01:06:13 PM","Liaqatpur"
"280098","Aasia Batool","MR-5198","EMDS Call","Medical Emergency","Vomiting","2026/04/14 01:14:53 PM","Sadiqabad"
"280099","Aasia Batool","MR-5198","EMDS Call","Medical Emergency","Abdominal Pain","2026/04/14 01:17:58 PM","Sadiqabad"
"280100","Fahad Hussain","DR-538","EMDS Call","Medical Emergency","Unconscious","2026/04/14 01:24:38 PM","Khanpur"
"280101","Aasia Batool","MR-5198","EMDS Call","Medical Emergency","Vomiting","2026/04/14 01:34:26 PM","Sadiqabad"
"280102","Sheeza Barkat","MR-5331","EMDS Call","Medical Emergency","Abdominal Pain","2026/04/14 01:34:35 PM","Liaqatpur"
"280103","Fahad Hussain","DR-538","EMDS Call","Road Crash","Severe Trauma","2026/04/14 01:44:50 PM","Rahim Yar Khan"
"280103","Fahad Hussain","DR-538","EMDS Call","Road Crash","Severe Trauma","2026/04/14 01:44:50 PM","Rahim Yar Khan"
"280104","Sheeza Barkat","MR-5331","EMDS Call","Fire","Wheat Fire","2026/04/14 01:51:04 PM","Khanpur"
"77863","Fahad Hussain","DR-538","Direct Call","Patient Transfer Service","N/A","2026/04/14 01:54:01 PM","Khanpur"
"280106","Muhammad Rashid Saleem","DR-187","EMDS Call","Medical Emergency","High Fever","2026/04/14 01:53:17 PM","Sadiqabad"
"280105","Fahad Hussain","DR-538","EMDS Call","Medical Emergency","Joints Pain","2026/04/14 01:53:46 PM","Rahim Yar Khan"
"280107","Aasia Batool","MR-5198","EMDS Call","Rescue Operations","Animal/Bird Rescue","2026/04/14 01:54:56 PM","Khanpur"
"280108","Fahad Hussain","DR-538","EMDS Call","Medical Emergency","Unconscious","2026/04/14 01:59:07 PM","Rahim Yar Khan"
"280109","Sheeza Barkat","MR-5331","EMDS Call","Medical Emergency","Vertigo/ Dizziness","2026/04/14 02:01:54 PM","Sadiqabad"
"280110","Aasia Batool","MR-5198","EMDS Call","Road Crash","Bleeding","2026/04/14 02:06:38 PM","Rahim Yar Khan"
"280111","Aasia Batool","MR-5198","Direct Call","Medical Emergency","SOB/ Respiratory Distress","2026/04/14 02:14:50 PM","Sadiqabad"
"280112","Fahad Hussain","DR-538","EMDS Call","Medical Emergency","SOB/ Respiratory Distress","2026/04/14 02:23:31 PM","Rahim Yar Khan"
"280113","Aasia Batool","MR-5198","EMDS Call","Medical Emergency","Vertigo/ Dizziness","2026/04/14 02:25:43 PM","Rahim Yar Khan"
"280114","Fahad Hussain","DR-538","EMDS Call","Medical Emergency","Anxiety / Psychiatric Disorder","2026/04/14 02:26:52 PM","Sadiqabad"
"77864","Aasia Batool","MR-5198","Direct Call","Patient Transfer Service","N/A","2026/04/14 02:31:59 PM","Liaqatpur"
"280115","Fahad Hussain","DR-538","EMDS Call","Road Crash","Multiple Fractures","2026/04/14 02:30:31 PM","Khanpur"
"280116","Shahla Nawaz","DR-185","EMDS Call","Medical Emergency","Abdominal Pain","2026/04/14 02:32:25 PM","Sadiqabad"
"280117","Sheeza Barkat","MR-5331","Direct Call","Medical Emergency","Chronic Illness","2026/04/14 02:40:23 PM","Rahim Yar Khan"
"280118","Aasia Batool","MR-5198","EMDS Call","Road Crash","Severe Trauma","2026/04/14 02:40:28 PM","Rahim Yar Khan"
"280119","Aasia Batool","MR-5198","EMDS Call","Medical Emergency","Abdominal Pain","2026/04/14 02:50:43 PM","Khanpur"
"280120","Fahad Hussain","DR-538","EMDS Call","Medical Emergency","Unconscious","2026/04/14 02:54:13 PM","Rahim Yar Khan"
"280121","Rana M. Usman","DR-200","EMDS Call","Medical Emergency","Vomiting","2026/04/14 02:59:41 PM","Liaqatpur"
"280122","Rana M. Usman","DR-200","EMDS Call","Medical Emergency","Vomiting","2026/04/14 03:02:07 PM","Rahim Yar Khan"
"280123","Saima Bashir","MR-5819","EMDS Call","Medical Emergency","Headache","2026/04/14 03:08:41 PM","Rahim Yar Khan"
"280124","Rana M. Usman","DR-200","EMDS Call","Medical Emergency","Hypertension","2026/04/14 03:09:15 PM","Rahim Yar Khan"
"280125","Muhammad Riaz","DR-654","EMDS Call","Medical Emergency","Gynae Problem","2026/04/14 03:18:42 PM","Rahim Yar Khan"
"280127","Muhammad Zubair","DR-894","EMDS Call","Medical Emergency","Hypoglycemia","2026/04/14 03:20:18 PM","Rahim Yar Khan"
"280126","Rana M. Usman","DR-200","Direct Call","Rescue Operations","Scalds/Burn Due To Negligence","2026/04/14 03:21:25 PM","Khanpur"
"280126","Rana M. Usman","DR-200","Direct Call","Rescue Operations","Scalds/Burn Due To Negligence","2026/04/14 03:21:25 PM","Khanpur"
"280128","Muhammad Riaz","DR-654","EMDS Call","Medical Emergency","Abdominal Pain","2026/04/14 03:34:19 PM","Rahim Yar Khan"
"280131","Muhammad Riaz","DR-654","EMDS Call","Road Crash","Severe Trauma","2026/04/14 03:39:42 PM","Khanpur"
"280130","Muhammad Zubair","DR-894","EMDS Call","Road Crash","Bleeding","2026/04/14 03:41:03 PM","Rahim Yar Khan"
"280129","Rana M. Usman","DR-200","EMDS Call","Medical Emergency","SOB/ Respiratory Distress","2026/04/14 03:41:25 PM","Sadiqabad"
"77865","Saima Bashir","MR-5819","Direct Call","Patient Transfer Service","N/A","2026/04/14 03:45:03 PM","Sadiqabad"
"77866","Saima Bashir","MR-5819","Direct Call","Patient Transfer Service","N/A","2026/04/14 03:48:07 PM","Sadiqabad"
"280132","Rana M. Usman","DR-200","EMDS Call","Medical Emergency","High Fever","2026/04/14 03:51:59 PM","Liaqatpur"
"280133","Saima Bashir","MR-5819","EMDS Call","Medical Emergency","Abdominal Pain","2026/04/14 03:54:18 PM","Sadiqabad"
"280134","Muhammad Zubair","DR-894","EMDS Call","Road Crash","Minor Injuries","2026/04/14 03:54:52 PM","Sadiqabad"
"77867","Saima Bashir","MR-5819","Direct Call","Patient Transfer Service","N/A","2026/04/14 03:56:09 PM","Sadiqabad"
"280135","Rana M. Usman","DR-200","EMDS Call","Road Crash","Minor Injuries","2026/04/14 03:58:15 PM","Sadiqabad"
"280136","Saima Bashir","MR-5819","EMDS Call","Rescue Operations","Work/Occupational Injuries","2026/04/14 03:58:36 PM","Rahim Yar Khan"
"280137","Muhammad Zubair","DR-894","EMDS Call","Medical Emergency","Domestic Injuries","2026/04/14 03:59:58 PM","Rahim Yar Khan"
"280138","Saima Bashir","MR-5819","EMDS Call","Medical Emergency","Diarrhea","2026/04/14 04:01:40 PM","Rahim Yar Khan"
"280139","Muhammad Zubair","DR-894","EMDS Call","Medical Emergency","SOB/ Respiratory Distress","2026/04/14 04:07:01 PM","Sadiqabad"
"280140","Saima Bashir","MR-5819","EMDS Call","Road Crash","Bleeding","2026/04/14 04:08:39 PM","Khanpur"
"280141","Rana M. Usman","DR-200","EMDS Call","Medical Emergency","Vomiting","2026/04/14 04:09:10 PM","Rahim Yar Khan"
"280142","Muhammad Zubair","DR-894","EMDS Call","Medical Emergency","Chest Pain","2026/04/14 04:12:53 PM","Rahim Yar Khan"
"280143","Rana M. Usman","DR-200","EMDS Call","Rescue Operations","Animal/Bird Rescue","2026/04/14 04:31:05 PM","Khanpur"
"280144","Rana M. Usman","DR-200","EMDS Call","Road Crash","Severe Trauma","2026/04/14 04:44:05 PM","Liaqatpur"
"280145","Muhammad Riaz","DR-654","EMDS Call","Medical Emergency","Abdominal Pain","2026/04/14 04:46:23 PM","Liaqatpur"
"280146","Saima Bashir","MR-5819","EMDS Call","Medical Emergency","Unconscious","2026/04/14 04:52:28 PM","Rahim Yar Khan"
"280147","Rana M. Usman","DR-200","EMDS Call","Medical Emergency","Hypertension","2026/04/14 05:00:08 PM","Sadiqabad"
"280148","Muhammad Zubair","DR-894","EMDS Call","Road Crash","Minor Injuries","2026/04/14 05:02:32 PM","Rahim Yar Khan"
"280150","Muhammad Zubair","DR-894","EMDS Call","Road Crash","Bleeding","2026/04/14 05:05:18 PM","Rahim Yar Khan"
"280149","Rana M. Usman","DR-200","EMDS Call","Medical Emergency","Diarrhea","2026/04/14 05:06:50 PM","Sadiqabad"
"280152","Muhammad Zubair","DR-894","EMDS Call","Road Crash","Minor Injuries","2026/04/14 05:08:59 PM","Rahim Yar Khan"
"280151","Muhammad Riaz","DR-654","EMDS Call","Medical Emergency","Vomiting","2026/04/14 05:11:07 PM","Liaqatpur"
"280153","Muhammad Zubair","DR-894","EMDS Call","Medical Emergency","High Fever","2026/04/14 05:13:24 PM","Rahim Yar Khan"
"280154","Muhammad Riaz","DR-654","EMDS Call","Medical Emergency","Vomiting","2026/04/14 05:14:00 PM","Liaqatpur"
"280155","Muhammad Zubair","DR-894","EMDS Call","Road Crash","Bleeding","2026/04/14 05:16:38 PM","Rahim Yar Khan"
"77868","Rana M. Usman","DR-200","Direct Call","Patient Transfer Service","N/A","2026/04/14 05:18:09 PM","Khanpur"
"280157","Muhammad Riaz","DR-654","EMDS Call","Medical Emergency","Hypotension","2026/04/14 05:18:54 PM","Khanpur"
"280156","Rana M. Usman","DR-200","EMDS Call","Road Crash","Bleeding","2026/04/14 05:18:33 PM","Sadiqabad"
"77869","Rana M. Usman","DR-200","Direct Call","Patient Transfer Service","N/A","2026/04/14 05:28:39 PM","Khanpur"
"77870","Shahla Nawaz","DR-185","Direct Call","Patient Transfer Service","N/A","2026/04/14 05:30:50 PM","Sadiqabad"
"280158","Muhammad Riaz","DR-654","EMDS Call","Medical Emergency","Anxiety / Psychiatric Disorder","2026/04/14 05:37:38 PM","Khanpur"
"280159","Muhammad Riaz","DR-654","EMDS Call","Medical Emergency","Anxiety / Psychiatric Disorder","2026/04/14 05:47:45 PM","Sadiqabad"
"280160","Rana M. Usman","DR-200","EMDS Call","Medical Emergency","Hypoglycemia","2026/04/14 05:53:35 PM","Sadiqabad"
"280161","Shahla Nawaz","DR-185","EMDS Call","Medical Emergency","Abdominal Pain","2026/04/14 05:56:06 PM","Sadiqabad"
"280162","Muhammad Riaz","DR-654","EMDS Call","Medical Emergency","Renal Disorders / Renal Colic ","2026/04/14 06:00:00 PM","Sadiqabad"
"280163","Saima Bashir","MR-5819","EMDS Call","Road Crash","Bleeding","2026/04/14 06:08:19 PM","Rahim Yar Khan"
"280164","Muhammad Zubair","DR-894","EMDS Call","Road Crash","Multiple Fractures","2026/04/14 06:25:54 PM","Sadiqabad"
"280165","Saima Bashir","MR-5819","EMDS Call","Medical Emergency","SOB/ Respiratory Distress","2026/04/14 06:29:21 PM","Sadiqabad"
"280166","Shahla Nawaz","DR-185","EMDS Call","Medical Emergency","Headache","2026/04/14 06:39:10 PM","Sadiqabad"
"280167","Saima Bashir","MR-5819","EMDS Call","Rescue Operations","Delivery Case","2026/04/14 06:42:50 PM","Sadiqabad"
"280168","Shahla Nawaz","DR-185","EMDS Call","Medical Emergency","Vomiting","2026/04/14 06:47:51 PM","Rahim Yar Khan"
"280169","Shahla Nawaz","DR-185","EMDS Call","Medical Emergency","Hypertension","2026/04/14 06:50:26 PM","Sadiqabad"
"77871","Saima Bashir","MR-5819","Direct Call","Patient Transfer Service","N/A","2026/04/14 07:00:55 PM","Khanpur"
"280170","Shahla Nawaz","DR-185","EMDS Call","Medical Emergency","Joints Pain","2026/04/14 07:08:23 PM","Rahim Yar Khan"
"280171","Shahla Nawaz","DR-185","EMDS Call","Medical Emergency","Vertigo/ Dizziness","2026/04/14 07:12:39 PM","Rahim Yar Khan"
"280172","Shahla Nawaz","DR-185","EMDS Call","Medical Emergency","Chronic Illness","2026/04/14 07:25:04 PM","Khanpur"
"280173","Muhammad Zubair","DR-894","EMDS Call","Road Crash","Bleeding","2026/04/14 07:28:48 PM","Khanpur"
"280174","Muhammad Zubair","DR-894","EMDS Call","Medical Emergency","Hyperglycemia","2026/04/14 07:36:37 PM","Sadiqabad"
"280175","Saima Bashir","MR-5819","EMDS Call","Medical Emergency","Anxiety / Psychiatric Disorder","2026/04/14 07:37:55 PM","Sadiqabad"
"280176","Muhammad Zubair","DR-894","EMDS Call","Road Crash","Bleeding","2026/04/14 07:41:36 PM","Rahim Yar Khan"
"280177","Saima Bashir","MR-5819","EMDS Call","Medical Emergency","Chest Pain","2026/04/14 07:48:23 PM","Rahim Yar Khan"
"280178","Muhammad Riaz","DR-654","EMDS Call","Medical Emergency","Backache","2026/04/14 07:50:36 PM","Khanpur"
"280179","Saima Bashir","MR-5819","EMDS Call","Medical Emergency","Joints Pain","2026/04/14 07:56:38 PM","Rahim Yar Khan"
"280180","Muhammad Riaz","DR-654","EMDS Call","Medical Emergency","Domestic Injuries","2026/04/14 08:05:50 PM","Liaqatpur"
"280181","Saima Bashir","MR-5819","EMDS Call","Medical Emergency","Backache","2026/04/14 08:07:20 PM","Rahim Yar Khan"
"280182","Muhammad Zubair","DR-894","EMDS Call","Rescue Operations","Delivery Case","2026/04/14 08:08:51 PM","Liaqatpur"
"280183","Muhammad Riaz","DR-654","EMDS Call","Medical Emergency","SOB/ Respiratory Distress","2026/04/14 08:14:17 PM","Sadiqabad"
"280184","Saima Bashir","MR-5819","EMDS Call","Medical Emergency","SOB/ Respiratory Distress","2026/04/14 08:16:10 PM","Rahim Yar Khan"
"280185","Muhammad Zubair","DR-894","EMDS Call","Rescue Operations","Snake Emergency","2026/04/14 08:15:35 PM","Khanpur"
"280186","Saima Bashir","MR-5819","EMDS Call","Road Crash","Bleeding","2026/04/14 08:18:00 PM","Khanpur"
"280187","Muhammad Zubair","DR-894","EMDS Call","Medical Emergency","Anxiety / Psychiatric Disorder","2026/04/14 08:28:26 PM","Sadiqabad"
"280188","Rana M. Usman","DR-200","EMDS Call","Medical Emergency","Epilepsy","2026/04/14 08:27:38 PM","Khanpur"
"280189","Rana M. Usman","DR-200","EMDS Call","Road Crash","Minor Injuries","2026/04/14 08:33:21 PM","Rahim Yar Khan"
"280190","Shahla Nawaz","DR-185","EMDS Call","Road Crash","Severe Trauma","2026/04/14 08:34:45 PM","Rahim Yar Khan"
"280191","Muhammad Zubair","DR-894","EMDS Call","Medical Emergency","Abdominal Pain","2026/04/14 08:35:43 PM","Rahim Yar Khan"
"280192","Muhammad Zubair","DR-894","EMDS Call","Medical Emergency","Chronic Illness","2026/04/14 08:45:04 PM","Rahim Yar Khan"
"280193","Rana M. Usman","DR-200","EMDS Call","Medical Emergency","Hypertension","2026/04/14 08:45:24 PM","Rahim Yar Khan"
"280194","Rana M. Usman","DR-200","EMDS Call","Medical Emergency","Abdominal Pain","2026/04/14 08:53:20 PM","Rahim Yar Khan"
"280195","Muhammad Zubair","DR-894","EMDS Call","Medical Emergency","Chest Pain","2026/04/14 08:58:04 PM","Rahim Yar Khan"
"280196","Muhammad Zubair","DR-894","EMDS Call","Medical Emergency","Diarrhea","2026/04/14 09:06:20 PM","Liaqatpur"
"280197","Muhammad Zubair","DR-894","EMDS Call","Medical Emergency","Diarrhea","2026/04/14 09:11:40 PM","Rahim Yar Khan"
"280198","Rana M. Usman","DR-200","EMDS Call","Medical Emergency","Vertigo/ Dizziness","2026/04/14 09:12:31 PM","Rahim Yar Khan"
"280199","Rana M. Usman","DR-200","EMDS Call","Medical Emergency","High Fever","2026/04/14 09:16:49 PM","Rahim Yar Khan"
"280200","Muhammad Zubair","DR-894","EMDS Call","Medical Emergency","Vomiting","2026/04/14 09:16:29 PM","Rahim Yar Khan"
"280201","Muhammad Zubair","DR-894","EMDS Call","Medical Emergency","Urinary Retention","2026/04/14 09:20:14 PM","Liaqatpur"
"280202","Shahla Nawaz","DR-185","EMDS Call","Medical Emergency","SOB/ Respiratory Distress","2026/04/14 09:27:22 PM","Sadiqabad"
"77872","Saima Bashir","MR-5819","Direct Call","Patient Transfer Service","N/A","2026/04/14 09:44:13 PM","Sadiqabad"
"280204","Shahla Nawaz","DR-185","EMDS Call","Medical Emergency","Chronic Illness","2026/04/14 09:43:07 PM","Rahim Yar Khan"
"280203","Muhammad Zubair","DR-894","EMDS Call","Medical Emergency","Urinary Retention","2026/04/14 09:42:42 PM","Rahim Yar Khan"
"77873","Saima Bashir","MR-5819","Direct Call","Patient Transfer Service","N/A","2026/04/14 09:47:15 PM","Sadiqabad"
"280205","Shahla Nawaz","DR-185","EMDS Call","Medical Emergency","Diarrhea","2026/04/14 09:49:42 PM","Rahim Yar Khan"
"280206","Saima Bashir","MR-5819","EMDS Call","Medical Emergency","Abdominal Pain","2026/04/14 09:50:31 PM","Rahim Yar Khan"
"280207","Muhammad Zubair","DR-894","EMDS Call","Medical Emergency","Vertigo/ Dizziness","2026/04/14 09:56:45 PM","Sadiqabad"
"280208","Shahla Nawaz","DR-185","EMDS Call","Medical Emergency","Anxiety / Psychiatric Disorder","2026/04/14 09:57:01 PM","Rahim Yar Khan"
"280209","Muhammad Zubair","DR-894","EMDS Call","Medical Emergency","Vomiting","2026/04/14 09:58:49 PM","Khanpur"
"280210","Shahla Nawaz","DR-185","EMDS Call","Medical Emergency","Vomiting","2026/04/14 10:00:15 PM","Sadiqabad"
"280211","Muhammad Zubair","DR-894","EMDS Call","Medical Emergency","SOB/ Respiratory Distress","2026/04/14 10:12:12 PM","Khanpur"
"280212","Muhammad Zubair","DR-894","Direct Call","Medical Emergency","SOB/ Respiratory Distress","2026/04/14 10:21:23 PM","Sadiqabad"
"280213","Muhammad Zubair","DR-894","EMDS Call","Medical Emergency","Vomiting","2026/04/14 10:26:23 PM","Rahim Yar Khan"
"280214","Sajid Mehmood","DR-914","EMDS Call","Medical Emergency","Chronic Illness","2026/04/14 10:47:52 PM","Rahim Yar Khan"
"77874","Muhammad Fiaz","DR-206","Direct Call","Patient Transfer Service","N/A","2026/04/14 10:58:42 PM","Khanpur"
"280215","Sajid Mehmood","DR-914","EMDS Call","Medical Emergency","SOB/ Respiratory Distress","2026/04/14 11:04:02 PM","Rahim Yar Khan"
"280216","Muhammad Fiaz","DR-206","EMDS Call","Medical Emergency","Vomiting","2026/04/14 11:03:59 PM","Rahim Yar Khan"
"280217","Zahid Manzoor","DR-887","EMDS Call","Medical Emergency","Renal Disorders / Renal Colic ","2026/04/14 11:06:05 PM","Rahim Yar Khan"
"280218","Muhammad Fiaz","DR-206","EMDS Call","Road Crash","Bleeding","2026/04/14 11:06:45 PM","Sadiqabad"
"77875","Sajid Mehmood","DR-914","Direct Call","Patient Transfer Service","N/A","2026/04/14 11:09:12 PM","Sadiqabad"
"280219","Zahid Manzoor","DR-887","EMDS Call","Medical Emergency","High Fever","2026/04/14 11:17:31 PM","Rahim Yar Khan"
"280220","Muhammad Fiaz","DR-206","EMDS Call","Medical Emergency","SOB/ Respiratory Distress","2026/04/14 11:21:40 PM","Sadiqabad"
"280221","Zahid Manzoor","DR-887","EMDS Call","Medical Emergency","Chest Pain","2026/04/14 11:42:38 PM","Rahim Yar Khan"
"280222","Sajid Mehmood","DR-914","EMDS Call","Medical Emergency","Vomiting","2026/04/14 11:47:00 PM","Sadiqabad"
"280223","Zahid Manzoor","DR-887","EMDS Call","Road Crash","Bleeding","2026/04/15 12:06:57 AM","Rahim Yar Khan"
"280224","Sajid Mehmood","DR-914","EMDS Call","Rescue Operations","Delivery Case","2026/04/15 12:19:21 AM","Rahim Yar Khan"
"280225","Sajid Mehmood","DR-914","EMDS Call","Medical Emergency","Headache","2026/04/15 12:50:56 AM","Rahim Yar Khan"
"280226","Zahid Manzoor","DR-887","EMDS Call","Medical Emergency","SOB/ Respiratory Distress","2026/04/15 12:59:20 AM","Sadiqabad"
"280227","Muhammad Fiaz","DR-206","EMDS Call","Medical Emergency","SOB/ Respiratory Distress","2026/04/15 01:06:02 AM","Rahim Yar Khan"
"77876","Sajid Mehmood","DR-914","Direct Call","Patient Transfer Service","N/A","2026/04/15 01:08:12 AM","Sadiqabad"
"280228","Sajid Mehmood","DR-914","EMDS Call","Medical Emergency","Domestic Injuries","2026/04/15 01:09:31 AM","Sadiqabad"
"280229","Zahid Manzoor","DR-887","EMDS Call","Medical Emergency","Abdominal Pain","2026/04/15 01:16:25 AM","Rahim Yar Khan"
"280230","Muhammad Fiaz","DR-206","EMDS Call","Medical Emergency","Vomiting","2026/04/15 01:17:35 AM","Rahim Yar Khan"
"280231","Sajid Mehmood","DR-914","EMDS Call","Medical Emergency","Domestic Injuries","2026/04/15 01:25:23 AM","Sadiqabad"
"280233","Zahid Manzoor","DR-887","EMDS Call","Medical Emergency","SOB/ Respiratory Distress","2026/04/15 01:26:11 AM","Rahim Yar Khan"
"280232","Muhammad Fiaz","DR-206","EMDS Call","Rescue Operations","Delivery Case","2026/04/15 01:25:01 AM","Rahim Yar Khan"
"280234","Sajid Mehmood","DR-914","EMDS Call","Medical Emergency","Vomiting","2026/04/15 01:38:12 AM","Rahim Yar Khan"
"280235","Muhammad Fiaz","DR-206","EMDS Call","Medical Emergency","High Fever","2026/04/15 01:54:16 AM","Khanpur"
"280236","Sajid Mehmood","DR-914","EMDS Call","Medical Emergency","Chest Pain","2026/04/15 02:02:18 AM","Rahim Yar Khan"
"77877","Sajid Mehmood","DR-914","Direct Call","Patient Transfer Service","N/A","2026/04/15 02:18:14 AM","Liaqatpur"
"280237","Sajid Mehmood","DR-914","EMDS Call","Medical Emergency","SOB/ Respiratory Distress","2026/04/15 02:45:43 AM","Khanpur"
"280238","Farah Sadaqat","MR-5930","EMDS Call","Medical Emergency","Hypoglycemia","2026/04/15 02:55:13 AM","Sadiqabad"
"280239","Farah Sadaqat","MR-5930","EMDS Call","Medical Emergency","Joints Pain","2026/04/15 03:13:05 AM","Rahim Yar Khan"
"280240","Saira Bibi","MR-5494","EMDS Call","Medical Emergency","Abdominal Pain","2026/04/15 03:52:12 AM","Rahim Yar Khan"
"280241","Saira Bibi","MR-5494","EMDS Call","Medical Emergency","SOB/ Respiratory Distress","2026/04/15 04:03:47 AM","Sadiqabad"
"280242","Farah Sadaqat","MR-5930","EMDS Call","Medical Emergency","SOB/ Respiratory Distress","2026/04/15 04:18:45 AM","Khanpur"
"280243","Saira Bibi","MR-5494","EMDS Call","Medical Emergency","Chronic Illness","2026/04/15 04:26:19 AM","Rahim Yar Khan"
"280244","Muhammad Riaz","DR-654","EMDS Call","Medical Emergency","Hypertension","2026/04/15 04:35:10 AM","Rahim Yar Khan"
"280245","Farah Sadaqat","MR-5930","EMDS Call","Medical Emergency","Hypertension","2026/04/15 04:53:04 AM","Khanpur"
"280246","Saira Bibi","MR-5494","EMDS Call","Medical Emergency","Anxiety / Psychiatric Disorder","2026/04/15 05:52:31 AM","Sadiqabad"
"280247","Farah Sadaqat","MR-5930","EMDS Call","Road Crash","Bleeding","2026/04/15 05:52:31 AM","Liaqatpur"
"280248","Muhammad Riaz","DR-654","EMDS Call","Medical Emergency","Diarrhea","2026/04/15 05:55:23 AM","Sadiqabad"
"280249","Farah Sadaqat","MR-5930","EMDS Call","Rescue Operations","Delivery Case","2026/04/15 06:10:13 AM","Rahim Yar Khan"
"280250","Saira Bibi","MR-5494","EMDS Call","Medical Emergency","Anxiety / Psychiatric Disorder","2026/04/15 06:22:10 AM","Sadiqabad"
"280251","Muhammad Riaz","DR-654","EMDS Call","Medical Emergency","Vertigo/ Dizziness","2026/04/15 06:48:36 AM","Rahim Yar Khan"
"280252","Aasia Batool","MR-5198","EMDS Call","Medical Emergency","Hypoglycemia","2026/04/15 07:03:59 AM","Khanpur"
"280253","Aasia Batool","MR-5198","EMDS Call","Medical Emergency","Hypertension","2026/04/15 07:09:29 AM","Rahim Yar Khan"
"280254","Nida Rahat","DR-1322","EMDS Call","Road Crash","Minor Injuries","2026/04/15 07:27:49 AM","Rahim Yar Khan"
"280255","Aasia Batool","MR-5198","EMDS Call","Medical Emergency","Backache","2026/04/15 07:46:15 AM","Rahim Yar Khan"
"280257","Fahad Hussain","DR-538","EMDS Call","Medical Emergency","Chronic Illness","2026/04/15 07:48:32 AM","Rahim Yar Khan"
"280256","Aasia Batool","MR-5198","EMDS Call","Rescue Operations","Animal/Bird Rescue","2026/04/15 07:50:11 AM","Khanpur"
"280258","Zia ul Haq","DR-328","EMDS Call","Road Crash","Bleeding","2026/04/15 07:50:00 AM","Sadiqabad"
"280260","Nida Rahat","DR-1322","EMDS Call","Road Crash","Bleeding","2026/04/15 07:52:54 AM","Khanpur"
"280259","Fahad Hussain","DR-538","EMDS Call","Medical Emergency","SOB/ Respiratory Distress","2026/04/15 07:50:37 AM","Liaqatpur"
"280261","Aasia Batool","MR-5198","EMDS Call","Medical Emergency","Headache","2026/04/15 07:53:04 AM","Sadiqabad"
"280262","Aasia Batool","MR-5198","EMDS Call","Rescue Operations","Delivery Case","2026/04/15 08:01:15 AM","Rahim Yar Khan"
"280263","Adnan Shabbir","DR-205","EMDS Call","Medical Emergency","Diarrhea","2026/04/15 08:04:20 AM","Sadiqabad"
"280264","Fahad Hussain","DR-538","EMDS Call","Medical Emergency","Hypotension","2026/04/15 08:06:23 AM","Sadiqabad"
"77878","Muhammad Arshad","DR-198","Direct Call","Patient Transfer Service","N/A","2026/04/15 08:09:42 AM","Khanpur"
"280265","Zia ul Haq","DR-328","EMDS Call","Medical Emergency","Urinary Retention","2026/04/15 08:16:08 AM","Sadiqabad"
"280266","Adnan Shabbir","DR-205","EMDS Call","Road Crash","Bleeding","2026/04/15 08:17:21 AM","Rahim Yar Khan"
"280267","Muhammad Arshad","DR-198","EMDS Call","Medical Emergency","Abdominal Pain","2026/04/15 08:22:10 AM","Rahim Yar Khan"
"280268","Adnan Shabbir","DR-205","EMDS Call","Road Crash","Minor Injuries","2026/04/15 08:28:43 AM","Rahim Yar Khan"
"280269","Zia ul Haq","DR-328","EMDS Call","Medical Emergency","Anxiety / Psychiatric Disorder","2026/04/15 08:44:38 AM","Rahim Yar Khan"
"280270","Fahad Hussain","DR-538","EMDS Call","Medical Emergency","Hypertension","2026/04/15 08:46:56 AM","Rahim Yar Khan"
"280271","Adnan Shabbir","DR-205","EMDS Call","Medical Emergency","Anxiety / Psychiatric Disorder","2026/04/15 09:04:53 AM","Rahim Yar Khan"
"280272","Muhammad Abid","DR-874","EMDS Call","Road Crash","Bleeding","2026/04/15 09:08:57 AM","Sadiqabad"
"280273","Adnan Shabbir","DR-205","EMDS Call","Medical Emergency","Chronic Illness","2026/04/15 09:12:17 AM","Sadiqabad"
"280274","Aasia Batool","MR-5198","EMDS Call","Medical Emergency","Unconscious","2026/04/15 09:19:34 AM","Rahim Yar Khan"
"77879","Aasia Batool","MR-5198","Direct Call","Patient Transfer Service","N/A","2026/04/15 09:23:41 AM","Liaqatpur"
"Not Assigned","Aasia Batool","MR-5198","Direct Call","Community","Community Training","2026/04/15 09:29:50 AM","Liaqatpur"
"280275","Nida Rahat","DR-1322","EMDS Call","Road Crash","Bleeding","2026/04/15 09:32:29 AM","Khanpur"
"280276","Adnan Shabbir","DR-205","EMDS Call","Medical Emergency","Abdominal Pain","2026/04/15 09:34:30 AM","Rahim Yar Khan"
"280277","Zia ul Haq","DR-328","EMDS Call","Medical Emergency","SOB/ Respiratory Distress","2026/04/15 09:38:08 AM","Khanpur"
"280278","Aasia Batool","MR-5198","EMDS Call","Road Crash","Bleeding","2026/04/15 09:43:19 AM","Rahim Yar Khan"
"280278","Aasia Batool","MR-5198","EMDS Call","Road Crash","Bleeding","2026/04/15 09:43:19 AM","Rahim Yar Khan"
"280279","Adnan Shabbir","DR-205","EMDS Call","Road Crash","Bleeding","2026/04/15 09:45:26 AM","Sadiqabad"
"280280","Zia ul Haq","DR-328","EMDS Call","Crime","Probable Suicide","2026/04/15 09:45:36 AM","Rahim Yar Khan"
"280281","Aasia Batool","MR-5198","EMDS Call","Road Crash","Bleeding","2026/04/15 09:50:56 AM","Rahim Yar Khan"
"280282","Adnan Shabbir","DR-205","EMDS Call","Medical Emergency","Vertigo/ Dizziness","2026/04/15 09:59:51 AM","Rahim Yar Khan"
"280284","Adnan Shabbir","DR-205","EMDS Call","Medical Emergency","Chronic Illness","2026/04/15 10:02:17 AM","Liaqatpur"
"280283","Zia ul Haq","DR-328","EMDS Call","Medical Emergency","Abdominal Pain","2026/04/15 10:02:02 AM","Rahim Yar Khan"
"280285","Aasia Batool","MR-5198","EMDS Call","Medical Emergency","Epilepsy","2026/04/15 10:18:18 AM","Khanpur"
"280286","Adnan Shabbir","DR-205","EMDS Call","Medical Emergency","Anxiety / Psychiatric Disorder","2026/04/15 10:19:05 AM","Rahim Yar Khan"
"280287","Aasia Batool","MR-5198","EMDS Call","Medical Emergency","Hypertension","2026/04/15 10:20:59 AM","Rahim Yar Khan"
"280288","Adnan Shabbir","DR-205","Direct Call","Road Crash","Bleeding","2026/04/15 10:33:53 AM","Sadiqabad"
"280289","Aasia Batool","MR-5198","EMDS Call","Medical Emergency","Vertigo/ Dizziness","2026/04/15 10:40:15 AM","Sadiqabad"
"280290","Nida Rahat","DR-1322","EMDS Call","Medical Emergency","Unconscious","2026/04/15 10:41:05 AM","Rahim Yar Khan"
"280291","Muhammad AAmar","DR-915","EMDS Call","Road Crash","Bleeding","2026/04/15 10:45:02 AM","Rahim Yar Khan"
"280292","Nida Rahat","DR-1322","EMDS Call","Medical Emergency","Hypoglycemia","2026/04/15 10:52:05 AM","Liaqatpur"
"280293","Muhammad AAmar","DR-915","EMDS Call","Medical Emergency","Vomiting","2026/04/15 10:54:39 AM","Liaqatpur"
"280294","Aasia Batool","MR-5198","EMDS Call","Medical Emergency","Chest Pain","2026/04/15 11:02:25 AM","Sadiqabad"
"280295","Muhammad Fiaz","DR-206","EMDS Call","Medical Emergency","Hypoglycemia","2026/04/15 11:06:17 AM","Rahim Yar Khan"
"280296","Muhammad AAmar","DR-915","EMDS Call","Medical Emergency","High Fever","2026/04/15 11:21:45 AM","Rahim Yar Khan"
"280298","Aasia Batool","MR-5198","EMDS Call","Medical Emergency","SOB/ Respiratory Distress","2026/04/15 11:22:56 AM","Khanpur"
"280297","Muhammad Fiaz","DR-206","EMDS Call","Medical Emergency","Vomiting","2026/04/15 11:22:53 AM","Khanpur"
"280299","Imran Anjum","DR-204","Direct Call","Road Crash","Minor Injuries","2026/04/15 11:26:49 AM","Sadiqabad"
"280299","Imran Anjum","DR-204","Direct Call","Road Crash","Minor Injuries","2026/04/15 11:26:49 AM","Sadiqabad"
"280300","Muhammad AAmar","DR-915","EMDS Call","Medical Emergency","SOB/ Respiratory Distress","2026/04/15 11:29:25 AM","Khanpur"
"280301","Muhammad Fiaz","DR-206","EMDS Call","Medical Emergency","Chest Pain","2026/04/15 11:30:03 AM","Rahim Yar Khan"
"280302","Muhammad Fiaz","DR-206","EMDS Call","Medical Emergency","Vomiting","2026/04/15 11:38:36 AM","Rahim Yar Khan"
"280303","Aasia Batool","MR-5198","EMDS Call","Medical Emergency","Vertigo/ Dizziness","2026/04/15 11:40:33 AM","Rahim Yar Khan"
"280304","Muhammad Fiaz","DR-206","EMDS Call","Medical Emergency","Anxiety / Psychiatric Disorder","2026/04/15 11:46:02 AM","Sadiqabad"
"280305","Aasia Batool","MR-5198","EMDS Call","Medical Emergency","High Fever","2026/04/15 11:46:46 AM","Sadiqabad"
"280306","Muhammad AAmar","DR-915","EMDS Call","Medical Emergency","Chronic Illness","2026/04/15 11:47:32 AM","Liaqatpur"
"280307","Muhammad AAmar","DR-915","EMDS Call","Medical Emergency","Domestic Injuries","2026/04/15 11:52:23 AM","Liaqatpur"
"280308","Aasia Batool","MR-5198","EMDS Call","Medical Emergency","Renal Disorders / Renal Colic ","2026/04/15 11:56:11 AM","Sadiqabad"
"280309","Muhammad Fiaz","DR-206","EMDS Call","Medical Emergency","Hypertension","2026/04/15 12:02:38 PM","Khanpur"
"280310","Muhammad Fiaz","DR-206","EMDS Call","Road Crash","Bleeding","2026/04/15 12:05:51 PM","Rahim Yar Khan"
"280311","Muhammad Fiaz","DR-206","EMDS Call","Medical Emergency","High Fever","2026/04/15 12:08:09 PM","Rahim Yar Khan"
"280312","Aasia Batool","MR-5198","EMDS Call","Road Crash","Bleeding","2026/04/15 12:10:27 PM","Rahim Yar Khan"
"280313","Muhammad Fiaz","DR-206","EMDS Call","Medical Emergency","Vertigo/ Dizziness","2026/04/15 12:13:50 PM","Rahim Yar Khan"
"280314","Aasia Batool","MR-5198","EMDS Call","Medical Emergency","SOB/ Respiratory Distress","2026/04/15 12:22:15 PM","Sadiqabad"
"280315","Aasia Batool","MR-5198","EMDS Call","Medical Emergency","Renal Disorders / Renal Colic ","2026/04/15 12:36:05 PM","Rahim Yar Khan"
"280316","Zupasha Zia","MR-5758","EMDS Call","Medical Emergency","Anxiety / Psychiatric Disorder","2026/04/15 12:37:49 PM","Rahim Yar Khan"
"280317","Aasia Batool","MR-5198","EMDS Call","Medical Emergency","Anxiety / Psychiatric Disorder","2026/04/15 12:39:11 PM","Rahim Yar Khan"
"280318","Muhammad Fiaz","DR-206","EMDS Call","Rescue Operations","Animal/Bird Rescue","2026/04/15 12:40:46 PM","Rahim Yar Khan"
"280319","Zupasha Zia","MR-5758","EMDS Call","Road Crash","Bleeding","2026/04/15 12:45:47 PM","Sadiqabad"
"280320","Muhammad Fiaz","DR-206","EMDS Call","Medical Emergency","Anxiety / Psychiatric Disorder","2026/04/15 12:51:51 PM","Sadiqabad"
"280321","Zupasha Zia","MR-5758","EMDS Call","Medical Emergency","Headache","2026/04/15 12:53:36 PM","Khanpur"
"280322","Nida Rahat","DR-1322","EMDS Call","Medical Emergency","High Fever","2026/04/15 01:07:35 PM","Rahim Yar Khan"
"280323","Muhammad Fiaz","DR-206","EMDS Call","Road Crash","Bleeding","2026/04/15 01:07:56 PM","Rahim Yar Khan"
"280324","Muhammad Fiaz","DR-206","EMDS Call","Medical Emergency","SOB/ Respiratory Distress","2026/04/15 01:16:15 PM","Khanpur"
"280325","Nida Rahat","DR-1322","EMDS Call","Road Crash","Bleeding","2026/04/15 01:18:46 PM","Sadiqabad"
"280326","Aasia Batool","MR-5198","EMDS Call","Medical Emergency","Backache","2026/04/15 01:24:11 PM","Sadiqabad"
"280327","Nida Rahat","DR-1322","EMDS Call","Medical Emergency","Anxiety / Psychiatric Disorder","2026/04/15 01:27:13 PM","Rahim Yar Khan"
"280328","Muhammad Fiaz","DR-206","EMDS Call","Medical Emergency","Vomiting","2026/04/15 01:27:57 PM","Sadiqabad"
"280329","Aasia Batool","MR-5198","EMDS Call","Medical Emergency","Domestic Injuries","2026/04/15 01:30:33 PM","Rahim Yar Khan"
"77880","Muhammad Fiaz","DR-206","Direct Call","Patient Transfer Service","N/A","2026/04/15 01:33:53 PM","Khanpur"
"77881","Muhammad Fiaz","DR-206","Direct Call","Patient Transfer Service","N/A","2026/04/15 01:35:07 PM","Khanpur"
"280330","Zia ul Haq","DR-328","EMDS Call","Medical Emergency","Hypertension","2026/04/15 01:38:56 PM","Rahim Yar Khan"
"280331","Muhammad Fiaz","DR-206","EMDS Call","Medical Emergency","Domestic Injuries","2026/04/15 01:40:56 PM","Liaqatpur"
"280332","Aasia Batool","MR-5198","EMDS Call","Medical Emergency","Anxiety / Psychiatric Disorder","2026/04/15 01:58:10 PM","Sadiqabad"
"280333","Zia ul Haq","DR-328","EMDS Call","Medical Emergency","Chest Pain","2026/04/15 02:00:18 PM","Liaqatpur"
"280334","Nida Rahat","DR-1322","EMDS Call","Medical Emergency","Joints Pain","2026/04/15 02:01:21 PM","Rahim Yar Khan"
"280335","Nida Rahat","DR-1322","EMDS Call","Medical Emergency","Anxiety / Psychiatric Disorder","2026/04/15 02:05:11 PM","Rahim Yar Khan"
"280336","Nida Rahat","DR-1322","EMDS Call","Medical Emergency","Anxiety / Psychiatric Disorder","2026/04/15 02:11:25 PM","Rahim Yar Khan"
"280337","Aasia Batool","MR-5198","EMDS Call","Road Crash","Minor Injuries","2026/04/15 02:11:29 PM","Rahim Yar Khan"
"77882","Zia ul Haq","DR-328","Direct Call","Patient Transfer Service","N/A","2026/04/15 02:13:33 PM","Sadiqabad"
"77883","Zia ul Haq","DR-328","Direct Call","Patient Transfer Service","N/A","2026/04/15 02:14:54 PM","Sadiqabad"
"280338","Nida Rahat","DR-1322","Direct Call","Fire","Others","2026/04/15 02:15:59 PM","Sadiqabad"
"Not Assigned","Zia ul Haq","DR-328","EMDS Call","Fire","Candle/Heater","2026/04/15 02:18:34 PM","Sadiqabad"
"280340","Zia ul Haq","DR-328","EMDS Call","Medical Emergency","Anxiety / Psychiatric Disorder","2026/04/15 02:25:19 PM","Rahim Yar Khan"
"280341","Zia ul Haq","DR-328","EMDS Call","Medical Emergency","Abdominal Pain","2026/04/15 02:32:00 PM","Khanpur"
"280343","Nida Rahat","DR-1322","EMDS Call","Medical Emergency","Chest Pain","2026/04/15 02:40:46 PM","Rahim Yar Khan"
"280342","Zia ul Haq","DR-328","EMDS Call","Medical Emergency","SOB/ Respiratory Distress","2026/04/15 02:41:25 PM","Rahim Yar Khan"
"280344","Zia ul Haq","DR-328","EMDS Call","Medical Emergency","Abdominal Pain","2026/04/15 02:43:47 PM","Liaqatpur"
"280345","Nida Rahat","DR-1322","EMDS Call","Medical Emergency","Chronic Illness","2026/04/15 02:44:21 PM","Khanpur"
"280346","Zia ul Haq","DR-328","EMDS Call","Medical Emergency","Chest Pain","2026/04/15 02:46:24 PM","Khanpur"
"280347","Nida Rahat","DR-1322","EMDS Call","Road Crash","Bleeding","2026/04/15 02:50:13 PM","Liaqatpur"
"280348","Muhammad Fiaz","DR-206","EMDS Call","Medical Emergency","Vomiting","2026/04/15 02:59:15 PM","Khanpur"
"280349","Zia ul Haq","DR-328","EMDS Call","Medical Emergency","Hypertension","2026/04/15 03:05:17 PM","Rahim Yar Khan"
"280350","Bushra Saleem","MR-5701","EMDS Call","Medical Emergency","Vertigo/ Dizziness","2026/04/15 03:09:34 PM","Rahim Yar Khan"
"280351","Rana M. Usman","DR-200","EMDS Call","Road Crash","Bleeding","2026/04/15 03:09:16 PM","Rahim Yar Khan"
"280353","Shahla Nawaz","DR-185","EMDS Call","Road Crash","Minor Injuries","2026/04/15 03:25:51 PM","Rahim Yar Khan"
"280352","Bushra Saleem","MR-5701","EMDS Call","Road Crash","Bleeding","2026/04/15 03:25:05 PM","Rahim Yar Khan"
"280354","Rana M. Usman","DR-200","EMDS Call","Medical Emergency","Chronic Illness","2026/04/15 03:26:59 PM","Rahim Yar Khan"
"280355","Bushra Saleem","MR-5701","EMDS Call","Medical Emergency","Hypertension","2026/04/15 03:32:13 PM","Khanpur"
"280356","Bushra Saleem","MR-5701","EMDS Call","Fire","Others","2026/04/15 03:47:44 PM","Khanpur"
"280357","Rana M. Usman","DR-200","EMDS Call","Medical Emergency","High Fever","2026/04/15 03:43:39 PM","Rahim Yar Khan"
"280358","Bushra Saleem","MR-5701","EMDS Call","Rescue Operations","Snake Emergency","2026/04/15 04:02:23 PM","Khanpur"
"77884","Bushra Saleem","MR-5701","Direct Call","Patient Transfer Service","N/A","2026/04/15 04:14:31 PM","Khanpur"
"280359","Rana M. Usman","DR-200","EMDS Call","Medical Emergency","SOB/ Respiratory Distress","2026/04/15 04:15:34 PM","Rahim Yar Khan"
"77885","Shahla Nawaz","DR-185","Direct Call","Patient Transfer Service","N/A","2026/04/15 04:18:38 PM","Khanpur"
"280360","Bushra Saleem","MR-5701","EMDS Call","Road Crash","Bleeding","2026/04/15 04:17:23 PM","Rahim Yar Khan"
"280363","Rana M. Usman","DR-200","EMDS Call","Road Crash","Minor Injuries","2026/04/15 04:21:34 PM","Rahim Yar Khan"
"280361","Bushra Saleem","MR-5701","EMDS Call","Medical Emergency","High Fever","2026/04/15 04:23:01 PM","Rahim Yar Khan"
"280364","Rana M. Usman","DR-200","EMDS Call","Fire","Others","2026/04/15 04:24:55 PM","Sadiqabad"
"280362","Shahla Nawaz","DR-185","EMDS Call","Road Crash","Bleeding","2026/04/15 04:24:00 PM","Liaqatpur"
"280365","Muhammad Rashid Saleem","DR-187","EMDS Call","Rescue Operations","Delivery Case","2026/04/15 04:32:10 PM","Sadiqabad"
"280366","Bushra Saleem","MR-5701","EMDS Call","Medical Emergency","Backache","2026/04/15 04:35:19 PM","Khanpur"
"280367","Shahla Nawaz","DR-185","EMDS Call","Medical Emergency","Hypertension","2026/04/15 04:37:57 PM","Sadiqabad"
"77886","Rana M. Usman","DR-200","Direct Call","Patient Transfer Service","N/A","2026/04/15 04:40:27 PM","Liaqatpur"
"280368","Muhammad Rashid Saleem","DR-187","EMDS Call","Medical Emergency","Abdominal Pain","2026/04/15 04:48:24 PM","Liaqatpur"
"280369","Bushra Saleem","MR-5701","EMDS Call","Medical Emergency","SOB/ Respiratory Distress","2026/04/15 04:50:59 PM","Rahim Yar Khan"
"280370","Shahla Nawaz","DR-185","EMDS Call","Medical Emergency","Unconscious","2026/04/15 04:51:45 PM","Rahim Yar Khan"
"77887","Rana M. Usman","DR-200","Direct Call","Patient Transfer Service","N/A","2026/04/15 04:53:37 PM","Sadiqabad"
"77888","Rana M. Usman","DR-200","Direct Call","Patient Transfer Service","N/A","2026/04/15 04:56:45 PM","Sadiqabad"
"280371","Shahla Nawaz","DR-185","EMDS Call","Medical Emergency","Urinary Retention","2026/04/15 04:59:14 PM","Rahim Yar Khan"
"280372","Rana M. Usman","DR-200","EMDS Call","Medical Emergency","Abdominal Pain","2026/04/15 05:01:13 PM","Rahim Yar Khan"
"280374","Bushra Saleem","MR-5701","EMDS Call","Medical Emergency","Hypertension","2026/04/15 05:09:07 PM","Khanpur"
"280373","Rana M. Usman","DR-200","EMDS Call","Road Crash","Minor Injuries","2026/04/15 05:08:21 PM","Rahim Yar Khan"
"280375","Muhammad Riaz","DR-654","EMDS Call","Medical Emergency","Diarrhea","2026/04/15 05:15:11 PM","Rahim Yar Khan"
"280376","Muhammad Riaz","DR-654","EMDS Call","Medical Emergency","Chronic Illness","2026/04/15 05:26:14 PM","Rahim Yar Khan"
"280377","Bushra Saleem","MR-5701","EMDS Call","Medical Emergency","CVA/Stroke","2026/04/15 05:28:37 PM","Khanpur"
"280378","Bushra Saleem","MR-5701","EMDS Call","Rescue Operations","Delivery Case","2026/04/15 05:31:41 PM","Rahim Yar Khan"
"280379","Bushra Saleem","MR-5701","EMDS Call","Crime","Probable Suicide","2026/04/15 05:42:30 PM","Rahim Yar Khan"
"77889","Rana M. Usman","DR-200","Direct Call","Patient Transfer Service","N/A","2026/04/15 05:47:55 PM","Khanpur"
"280380","Muhammad Riaz","DR-654","EMDS Call","Road Crash","Minor Injuries","2026/04/15 05:47:55 PM","Rahim Yar Khan"
"77890","Rana M. Usman","DR-200","Direct Call","Patient Transfer Service","N/A","2026/04/15 05:57:56 PM","Khanpur"
"280381","Rana M. Usman","DR-200","EMDS Call","Medical Emergency","Abdominal Pain","2026/04/15 05:58:29 PM","Sadiqabad"
"77891","Shahla Nawaz","DR-185","Direct Call","Patient Transfer Service","N/A","2026/04/15 06:00:21 PM","Sadiqabad"
"280382","Shahla Nawaz","DR-185","EMDS Call","Medical Emergency","SOB/ Respiratory Distress","2026/04/15 06:03:58 PM","Rahim Yar Khan"
"77892","Bushra Saleem","MR-5701","Direct Call","Patient Transfer Service","N/A","2026/04/15 06:08:43 PM","Sadiqabad"
"77893","Bushra Saleem","MR-5701","Direct Call","Patient Transfer Service","N/A","2026/04/15 06:10:40 PM","Sadiqabad"
"280383","Rana M. Usman","DR-200","EMDS Call","Medical Emergency","Hypoglycemia","2026/04/15 06:13:17 PM","Khanpur"
"280384","Shahla Nawaz","DR-185","EMDS Call","Medical Emergency","Chronic Illness","2026/04/15 06:19:03 PM","Rahim Yar Khan"
"280385","Muhammad Rashid Saleem","DR-187","EMDS Call","Crime","Physical Assault/Violence","2026/04/15 06:33:30 PM","Liaqatpur"
"280385","Muhammad Rashid Saleem","DR-187","EMDS Call","Crime","Physical Assault/Violence","2026/04/15 06:33:30 PM","Liaqatpur"
"280385","Muhammad Rashid Saleem","DR-187","EMDS Call","Crime","Physical Assault/Violence","2026/04/15 06:33:30 PM","Liaqatpur"
"280386","Rana M. Usman","DR-200","EMDS Call","Medical Emergency","Vomiting","2026/04/15 06:40:47 PM","Rahim Yar Khan"
"280387","Shahla Nawaz","DR-185","EMDS Call","Rescue Operations","Animal/Bird Rescue","2026/04/15 06:49:21 PM","Khanpur"
"280388","Bushra Saleem","MR-5701","EMDS Call","Medical Emergency","Anxiety / Psychiatric Disorder","2026/04/15 06:58:12 PM","Sadiqabad"
"280389","Rana M. Usman","DR-200","EMDS Call","Road Crash","Bleeding","2026/04/15 07:10:07 PM","Rahim Yar Khan"
"280389","Rana M. Usman","DR-200","EMDS Call","Road Crash","Bleeding","2026/04/15 07:10:07 PM","Rahim Yar Khan"
"280390","Muhammad Rashid Saleem","DR-187","EMDS Call","Road Crash","Severe Trauma","2026/04/15 07:17:52 PM","Rahim Yar Khan"
"280391","Muhammad Rashid Saleem","DR-187","EMDS Call","Road Crash","Bleeding","2026/04/15 07:22:05 PM","Khanpur"
"280393","Muhammad Riaz","DR-654","EMDS Call","Road Crash","Minor Injuries","2026/04/15 07:25:45 PM","Khanpur"
"280395","Muhammad Riaz","DR-654","EMDS Call","Road Crash","Bleeding","2026/04/15 07:28:12 PM","Liaqatpur"
"280392","Rana M. Usman","DR-200","EMDS Call","Medical Emergency","High Fever","2026/04/15 07:27:47 PM","Rahim Yar Khan"
"280394","Muhammad Riaz","DR-654","EMDS Call","Road Crash","Bleeding","2026/04/15 07:30:02 PM","Khanpur"
"280396","Muhammad Riaz","DR-654","EMDS Call","Medical Emergency","Chest Pain","2026/04/15 07:32:45 PM","Rahim Yar Khan"
"280397","Bushra Saleem","MR-5701","EMDS Call","Medical Emergency","Hypertension","2026/04/15 07:37:03 PM","Rahim Yar Khan"
"280398","Muhammad Riaz","DR-654","EMDS Call","Medical Emergency","SOB/ Respiratory Distress","2026/04/15 07:38:54 PM","Sadiqabad"
"280399","Rana M. Usman","DR-200","EMDS Call","Medical Emergency","Anxiety / Psychiatric Disorder","2026/04/15 07:56:50 PM","Rahim Yar Khan"
"280400","Rana M. Usman","DR-200","EMDS Call","Road Crash","Severe Trauma","2026/04/15 08:11:06 PM","Rahim Yar Khan"
"280401","Muhammad Riaz","DR-654","EMDS Call","Medical Emergency","Chronic Illness","2026/04/15 08:14:47 PM","Rahim Yar Khan"
"280402","Rana M. Usman","DR-200","EMDS Call","Medical Emergency","Chest Pain","2026/04/15 08:16:06 PM","Rahim Yar Khan"
"280403","Muhammad Riaz","DR-654","EMDS Call","Medical Emergency","Vomiting","2026/04/15 08:18:18 PM","Khanpur"
"280404","Bushra Saleem","MR-5701","EMDS Call","Medical Emergency","Headache","2026/04/15 08:18:28 PM","Rahim Yar Khan"
"280405","Rana M. Usman","DR-200","EMDS Call","Medical Emergency","Abdominal Pain","2026/04/15 08:25:25 PM","Rahim Yar Khan"
"77894","Rana M. Usman","DR-200","Direct Call","Patient Transfer Service","N/A","2026/04/15 08:38:59 PM","Khanpur"
"280406","Rana M. Usman","DR-200","EMDS Call","Medical Emergency","Anxiety / Psychiatric Disorder","2026/04/15 08:41:00 PM","Sadiqabad"
"77895","Muhammad Riaz","DR-654","Direct Call","Patient Transfer Service","N/A","2026/04/15 08:42:33 PM","Khanpur"
"280407","Muhammad Riaz","DR-654","EMDS Call","Medical Emergency","Gynae Problem","2026/04/15 08:44:32 PM","Rahim Yar Khan"
"280408","Rana M. Usman","DR-200","EMDS Call","Medical Emergency","Backache","2026/04/15 08:45:01 PM","Rahim Yar Khan"
"280409","Bushra Saleem","MR-5701","EMDS Call","Road Crash","Bleeding","2026/04/15 08:45:57 PM","Rahim Yar Khan"
"280409","Bushra Saleem","MR-5701","EMDS Call","Road Crash","Bleeding","2026/04/15 08:45:57 PM","Rahim Yar Khan"
"280410","Muhammad Riaz","DR-654","EMDS Call","Road Crash","Severe Trauma","2026/04/15 08:46:22 PM","Rahim Yar Khan"
"280412","Rana M. Usman","DR-200","EMDS Call","Fall","Fall From Stairs","2026/04/15 08:48:50 PM","Rahim Yar Khan"
"280411","Bushra Saleem","MR-5701","EMDS Call","Medical Emergency","Vomiting","2026/04/15 08:48:43 PM","Khanpur"
"280413","Muhammad Riaz","DR-654","EMDS Call","Medical Emergency","Vertigo/ Dizziness","2026/04/15 08:50:32 PM","Khanpur"
"280414","Muhammad Riaz","DR-654","EMDS Call","Medical Emergency","High Fever","2026/04/15 08:58:24 PM","Khanpur"
"280416","Rana M. Usman","DR-200","EMDS Call","Medical Emergency","Vertigo/ Dizziness","2026/04/15 09:02:29 PM","Liaqatpur"
"280415","Bushra Saleem","MR-5701","EMDS Call","Crime","Physical Assault/Violence","2026/04/15 09:04:30 PM","Rahim Yar Khan"
"280415","Bushra Saleem","MR-5701","EMDS Call","Crime","Physical Assault/Violence","2026/04/15 09:04:30 PM","Rahim Yar Khan"
"280417","Muhammad Riaz","DR-654","EMDS Call","Crime","Physical Assault/Violence","2026/04/15 09:05:53 PM","Sadiqabad"
"280418","Muhammad Riaz","DR-654","EMDS Call","Medical Emergency","Anxiety / Psychiatric Disorder","2026/04/15 09:13:45 PM","Rahim Yar Khan"
"280419","Bushra Saleem","MR-5701","EMDS Call","Medical Emergency","Abdominal Pain","2026/04/15 09:17:42 PM","Sadiqabad"
"280420","Muhammad Riaz","DR-654","EMDS Call","Medical Emergency","Vomiting","2026/04/15 09:28:01 PM","Liaqatpur"
"280422","Bushra Saleem","MR-5701","EMDS Call","Rescue Operations","Hazmat","2026/04/15 09:38:49 PM","Sadiqabad"
"280421","Muhammad Riaz","DR-654","EMDS Call","Medical Emergency","Hypertension","2026/04/15 09:42:21 PM","Rahim Yar Khan"
"280423","Bushra Saleem","MR-5701","EMDS Call","Medical Emergency","Abdominal Pain","2026/04/15 09:42:24 PM","Rahim Yar Khan"
"280424","Muhammad Riaz","DR-654","EMDS Call","Medical Emergency","Anxiety / Psychiatric Disorder","2026/04/15 09:50:31 PM","Rahim Yar Khan"
"280425","Rana M. Usman","DR-200","EMDS Call","Medical Emergency","Abdominal Pain","2026/04/15 10:00:39 PM","Rahim Yar Khan"
"280426","Shahla Nawaz","DR-185","EMDS Call","Medical Emergency","Hypotension","2026/04/15 10:06:32 PM","Rahim Yar Khan"
"280427","Shahla Nawaz","DR-185","EMDS Call","Medical Emergency","Vomiting","2026/04/15 10:10:44 PM","Rahim Yar Khan"
"280428","Rana M. Usman","DR-200","EMDS Call","Medical Emergency","Hypertension","2026/04/15 10:16:40 PM","Rahim Yar Khan"
"280429","Rana M. Usman","DR-200","EMDS Call","Medical Emergency","Vomiting","2026/04/15 10:25:32 PM","Rahim Yar Khan"
"280431","Rana M. Usman","DR-200","EMDS Call","Medical Emergency","Abdominal Pain","2026/04/15 10:33:48 PM","Rahim Yar Khan"
"280430","Shahla Nawaz","DR-185","EMDS Call","Rescue Operations","Delivery Case","2026/04/15 10:34:25 PM","Rahim Yar Khan"
"77896","Rana M. Usman","DR-200","Direct Call","Patient Transfer Service","N/A","2026/04/15 10:42:09 PM","Sadiqabad"
"280432","Muhammad Zahid","DR-888","EMDS Call","Road Crash","Bleeding","2026/04/15 10:57:08 PM","Rahim Yar Khan"
"77897","Farah Sadaqat","MR-5930","Direct Call","Patient Transfer Service","N/A","2026/04/15 11:01:56 PM","Khanpur"
"280433","Farah Sadaqat","MR-5930","EMDS Call","Medical Emergency","Vomiting","2026/04/15 11:09:23 PM","Rahim Yar Khan"
"77898","Saira Bibi","MR-5494","Direct Call","Patient Transfer Service","N/A","2026/04/15 11:10:55 PM","Khanpur"
"280434","Saira Bibi","MR-5494","EMDS Call","Rescue Operations","Animal/Bird Rescue","2026/04/15 11:12:17 PM","Rahim Yar Khan"
"77899","Saira Bibi","MR-5494","Direct Call","Patient Transfer Service","N/A","2026/04/15 11:28:34 PM","Sadiqabad"
"280435","Farah Sadaqat","MR-5930","EMDS Call","Medical Emergency","Diarrhea","2026/04/15 11:28:20 PM","Liaqatpur"
"77900","Saqib Nasim","DR-197","911 Call","Patient Transfer Service","N/A","2026/04/15 11:36:07 PM","Sadiqabad"
"280436","Farah Sadaqat","MR-5930","EMDS Call","Medical Emergency","Joints Pain","2026/04/15 11:39:25 PM","Sadiqabad"
"280437","Saqib Nasim","DR-197","EMDS Call","Medical Emergency","Hypertension","2026/04/15 11:44:16 PM","Khanpur"
"280438","Saqib Nasim","DR-197","EMDS Call","Medical Emergency","Chronic Illness","2026/04/16 12:06:08 AM","Sadiqabad"
"280439","Farah Sadaqat","MR-5930","EMDS Call","Medical Emergency","Vomiting","2026/04/16 12:12:01 AM","Rahim Yar Khan"
"280440","Saira Bibi","MR-5494","EMDS Call","Rescue Operations","Delivery Case","2026/04/16 12:17:30 AM","Rahim Yar Khan"
"280441","Saqib Nasim","DR-197","EMDS Call","Medical Emergency","SOB/ Respiratory Distress","2026/04/16 12:21:03 AM","Sadiqabad"
"280442","Saira Bibi","MR-5494","EMDS Call","Medical Emergency","Anxiety / Psychiatric Disorder","2026/04/16 12:24:19 AM","Rahim Yar Khan"
"280443","Farah Sadaqat","MR-5930","EMDS Call","Medical Emergency","Renal Disorders / Renal Colic ","2026/04/16 12:25:53 AM","Rahim Yar Khan"
"280444","Saqib Nasim","DR-197","EMDS Call","Medical Emergency","Diarrhea","2026/04/16 12:27:06 AM","Rahim Yar Khan"
"280445","Saira Bibi","MR-5494","EMDS Call","Medical Emergency","Hypertension","2026/04/16 12:28:31 AM","Rahim Yar Khan"
"280446","Farah Sadaqat","MR-5930","EMDS Call","Medical Emergency","Abdominal Pain","2026/04/16 12:35:39 AM","Khanpur"
"280447","Farah Sadaqat","MR-5930","EMDS Call","Medical Emergency","Hypoglycemia","2026/04/16 12:42:40 AM","Khanpur"
"77901","Saqib Nasim","DR-197","Direct Call","Patient Transfer Service","N/A","2026/04/16 12:44:48 AM","Sadiqabad"
"280448","Saqib Nasim","DR-197","EMDS Call","Medical Emergency","Abdominal Pain","2026/04/16 12:45:16 AM","Sadiqabad"
"77902","Saqib Nasim","DR-197","Direct Call","Patient Transfer Service","N/A","2026/04/16 01:06:01 AM","Liaqatpur"
"280449","Saqib Nasim","DR-197","EMDS Call","Medical Emergency","Renal Disorders / Renal Colic ","2026/04/16 01:09:53 AM","Rahim Yar Khan"
"280450","Farah Sadaqat","MR-5930","EMDS Call","Medical Emergency","Abdominal Pain","2026/04/16 01:19:45 AM","Liaqatpur"
"280451","Faiz Muhyy Ul Din","DR-892","EMDS Call","Medical Emergency","Headache","2026/04/16 01:40:47 AM","Rahim Yar Khan"
"280453","Farah Sadaqat","MR-5930","EMDS Call","Medical Emergency","Vomiting","2026/04/16 02:07:56 AM","Rahim Yar Khan"
"280452","Faiz Muhyy Ul Din","DR-892","EMDS Call","Medical Emergency","Hypertension","2026/04/16 02:10:39 AM","Khanpur"
"280454","Saqib Nasim","DR-197","EMDS Call","Medical Emergency","SOB/ Respiratory Distress","2026/04/16 02:45:44 AM","Rahim Yar Khan"
"280455","Faiz Muhyy Ul Din","DR-892","EMDS Call","Medical Emergency","Domestic Injuries","2026/04/16 03:03:05 AM","Rahim Yar Khan"
"280456","Farah Sadaqat","MR-5930","EMDS Call","Medical Emergency","Anxiety / Psychiatric Disorder","2026/04/16 03:07:38 AM","Rahim Yar Khan"
"280457","Faiz Muhyy Ul Din","DR-892","EMDS Call","Medical Emergency","SOB/ Respiratory Distress","2026/04/16 03:13:56 AM","Sadiqabad"
"280458","Saira Bibi","MR-5494","EMDS Call","Road Crash","Multiple Fractures","2026/04/16 03:15:10 AM","Khanpur"
"280461","Saqib Nasim","DR-197","EMDS Call","Medical Emergency","Renal Disorders / Renal Colic ","2026/04/16 03:13:42 AM","Rahim Yar Khan"
"280459","Muhammad Zubair","DR-894","EMDS Call","Rescue Operations","Delivery Case","2026/04/16 03:17:18 AM","Khanpur"
"280460","Saqib Nasim","DR-197","Direct Call","Rescue Operations","Delivery Case","2026/04/16 03:19:11 AM","Khanpur"
"280462","Saira Bibi","MR-5494","EMDS Call","Medical Emergency","SOB/ Respiratory Distress","2026/04/16 03:47:44 AM","Rahim Yar Khan"
"280463","Muhammad Zubair","DR-894","EMDS Call","Medical Emergency","SOB/ Respiratory Distress","2026/04/16 03:50:35 AM","Rahim Yar Khan"
"280464","Shaheen Islam","DR-1171","Direct Call","Fire","Others","2026/04/16 03:55:18 AM","Khanpur"
"280465","Shaheen Islam","DR-1171","EMDS Call","Medical Emergency","Abdominal Pain","2026/04/16 03:57:34 AM","Rahim Yar Khan"
"280466","Muhammad Zubair","DR-894","EMDS Call","Medical Emergency","Unconscious","2026/04/16 04:19:30 AM","Sadiqabad"
"280467","Shaheen Islam","DR-1171","EMDS Call","Medical Emergency","Joints Pain","2026/04/16 04:22:57 AM","Rahim Yar Khan"
"280468","Shaheen Islam","DR-1171","EMDS Call","Medical Emergency","SOB/ Respiratory Distress","2026/04/16 04:37:56 AM","Rahim Yar Khan"
"280469","Saira Bibi","MR-5494","EMDS Call","Medical Emergency","Abdominal Pain","2026/04/16 04:58:15 AM","Sadiqabad"
"280470","Muhammad Zubair","DR-894","EMDS Call","Medical Emergency","Hypertension","2026/04/16 05:02:08 AM","Rahim Yar Khan"
"280471","Shaheen Islam","DR-1171","EMDS Call","Medical Emergency","Hypoglycemia","2026/04/16 05:02:14 AM","Rahim Yar Khan"
"280472","Saira Bibi","MR-5494","EMDS Call","Crime","Probable Suicide","2026/04/16 05:09:47 AM","Sadiqabad"
"77903","Shaheen Islam","DR-1171","Direct Call","Patient Transfer Service","N/A","2026/04/16 05:38:45 AM","Khanpur"
"280473","Muhammad Zubair","DR-894","EMDS Call","Medical Emergency","Unconscious","2026/04/16 06:13:15 AM","Sadiqabad"
"280474","Muhammad Zubair","DR-894","EMDS Call","Medical Emergency","Vertigo/ Dizziness","2026/04/16 06:17:52 AM","Rahim Yar Khan"
"280475","Saira Bibi","MR-5494","EMDS Call","Medical Emergency","Anxiety / Psychiatric Disorder","2026/04/16 06:20:39 AM","Rahim Yar Khan"
"280476","Shaheen Islam","DR-1171","EMDS Call","Medical Emergency","High Fever","2026/04/16 06:28:05 AM","Rahim Yar Khan"
"280477","Muhammad Zubair","DR-894","EMDS Call","Medical Emergency","Vomiting","2026/04/16 06:55:18 AM","Rahim Yar Khan"
"280478","Muhammad Zubair","DR-894","EMDS Call","Medical Emergency","SOB/ Respiratory Distress","2026/04/16 07:00:16 AM","Rahim Yar Khan"
"280479","Zupasha Zia","MR-5758","EMDS Call","Road Crash","Bleeding","2026/04/16 07:18:05 AM","Liaqatpur"
"280480","Sheeza Barkat","MR-5331","EMDS Call","Medical Emergency","Vomiting","2026/04/16 07:23:17 AM","Rahim Yar Khan"
"280481","Zupasha Zia","MR-5758","EMDS Call","Medical Emergency","SOB/ Respiratory Distress","2026/04/16 07:25:58 AM","Liaqatpur"
"280482","Sheeza Barkat","MR-5331","EMDS Call","Road Crash","Minor Injuries","2026/04/16 07:32:17 AM","Rahim Yar Khan"
"280483","Aasia Batool","MR-5198","EMDS Call","Medical Emergency","Anxiety / Psychiatric Disorder","2026/04/16 07:33:08 AM","Sadiqabad"
"280484","Zupasha Zia","MR-5758","EMDS Call","Medical Emergency","Unconscious","2026/04/16 07:34:42 AM","Khanpur"
"280485","Sheeza Barkat","MR-5331","EMDS Call","Medical Emergency","High Fever","2026/04/16 07:35:50 AM","Sadiqabad"
"280486","Aasia Batool","MR-5198","EMDS Call","Medical Emergency","Abdominal Pain","2026/04/16 07:45:55 AM","Liaqatpur"
"280487","Zupasha Zia","MR-5758","EMDS Call","Medical Emergency","Chronic Illness","2026/04/16 07:46:40 AM","Khanpur"
"280489","Zupasha Zia","MR-5758","EMDS Call","Medical Emergency","Vomiting","2026/04/16 07:50:33 AM","Sadiqabad"
"280488","Fahad Hussain","DR-538","EMDS Call","Road Crash","Bleeding","2026/04/16 07:51:00 AM","Khanpur"
"280490","Aasia Batool","MR-5198","EMDS Call","Medical Emergency","Vertigo/ Dizziness","2026/04/16 07:50:41 AM","Rahim Yar Khan"
"280491","Adnan Shabbir","DR-205","EMDS Call","Medical Emergency","Domestic Injuries","2026/04/16 08:02:53 AM","Rahim Yar Khan"
"280492","Adnan Shabbir","DR-205","EMDS Call","Medical Emergency","Blood In Vomit","2026/04/16 08:06:41 AM","Khanpur"
"280493","Adnan Shabbir","DR-205","EMDS Call","Rescue Operations","Delivery Case","2026/04/16 08:15:24 AM","Khanpur"
"280494","Muhammad Fiaz","DR-206","EMDS Call","Medical Emergency","Unconscious","2026/04/16 08:16:39 AM","Rahim Yar Khan"
"280495","Adnan Shabbir","DR-205","EMDS Call","Medical Emergency","SOB/ Respiratory Distress","2026/04/16 08:18:05 AM","Liaqatpur"
"280496","Muhammad Arshad","DR-198","EMDS Call","Medical Emergency","Anxiety / Psychiatric Disorder","2026/04/16 08:23:24 AM","Sadiqabad"
"280497","Shahid Jamil","DR-184","EMDS Call","Medical Emergency","SOB/ Respiratory Distress","2026/04/16 08:24:35 AM","Liaqatpur"
"280498","Adnan Shabbir","DR-205","EMDS Call","Medical Emergency","Hypotension","2026/04/16 08:45:26 AM","Liaqatpur"
"280499","Muhammad Fiaz","DR-206","EMDS Call","Fire","Others","2026/04/16 08:55:07 AM","Rahim Yar Khan"
"280500","Adnan Shabbir","DR-205","EMDS Call","Medical Emergency","Unconscious","2026/04/16 09:12:50 AM","Rahim Yar Khan"
"280501","Muhammad Arshad","DR-198","EMDS Call","Medical Emergency","Abdominal Pain","2026/04/16 09:18:04 AM","Rahim Yar Khan"
"77904","Muhammad Fiaz","DR-206","Direct Call","Patient Transfer Service","N/A","2026/04/16 09:20:31 AM","Sadiqabad"
"280502","Shahid Jamil","DR-184","EMDS Call","Medical Emergency","Vertigo/ Dizziness","2026/04/16 09:25:30 AM","Khanpur"
"280503","Muhammad AAmar","DR-915","EMDS Call","Road Crash","Severe Trauma","2026/04/16 09:27:08 AM","Liaqatpur"
"77905","Muhammad Fiaz","DR-206","Direct Call","Patient Transfer Service","N/A","2026/04/16 09:29:44 AM","Khanpur"
"280504","Shahid Jamil","DR-184","EMDS Call","Rescue Operations","Deepwell Extrication","2026/04/16 09:30:18 AM","Rahim Yar Khan"
"280505","Adnan Shabbir","DR-205","EMDS Call","Medical Emergency","High Fever","2026/04/16 09:33:02 AM","Rahim Yar Khan"
"280506","Muhammad AAmar","DR-915","EMDS Call","Road Crash","Minor Injuries","2026/04/16 09:32:58 AM","Rahim Yar Khan"
"280508","Shahid Jamil","DR-184","EMDS Call","Medical Emergency","SOB/ Respiratory Distress","2026/04/16 09:38:50 AM","Rahim Yar Khan"
"280507","Adnan Shabbir","DR-205","EMDS Call","Road Crash","Bleeding","2026/04/16 09:39:33 AM","Liaqatpur"
"280509","Muhammad Arshad","DR-198","EMDS Call","Medical Emergency","Vomiting","2026/04/16 09:42:18 AM","Sadiqabad"
"280510","Adnan Shabbir","DR-205","EMDS Call","Medical Emergency","Anxiety / Psychiatric Disorder","2026/04/16 09:45:05 AM","Rahim Yar Khan"
"280511","Muhammad Fiaz","DR-206","EMDS Call","Road Crash","Minor Injuries","2026/04/16 09:47:46 AM","Khanpur"
"77906","Adnan Shabbir","DR-205","Direct Call","Patient Transfer Service","N/A","2026/04/16 09:48:51 AM","Liaqatpur"
"77907","Muhammad Fiaz","DR-206","Direct Call","Patient Transfer Service","N/A","2026/04/16 09:49:47 AM","Khanpur"
"280512","Shahid Jamil","DR-184","EMDS Call","Road Crash","Severe Trauma","2026/04/16 09:50:19 AM","Khanpur"
"280513","Muhammad Fiaz","DR-206","EMDS Call","Medical Emergency","High Fever","2026/04/16 09:52:01 AM","Rahim Yar Khan"
"280514","Muhammad Arshad","DR-198","EMDS Call","Medical Emergency","Vomiting","2026/04/16 09:54:39 AM","Sadiqabad"
"280515","Shahid Jamil","DR-184","EMDS Call","Medical Emergency","Vomiting","2026/04/16 09:55:31 AM","Rahim Yar Khan"
"280516","Adnan Shabbir","DR-205","EMDS Call","Medical Emergency","Hyperglycemia","2026/04/16 10:03:15 AM","Rahim Yar Khan"
"280517","Muhammad Fiaz","DR-206","EMDS Call","Medical Emergency","SOB/ Respiratory Distress","2026/04/16 10:07:59 AM","Rahim Yar Khan"
"280518","Adnan Shabbir","DR-205","EMDS Call","Road Crash","Bleeding","2026/04/16 10:12:24 AM","Rahim Yar Khan"
"280519","Shahid Jamil","DR-184","EMDS Call","Road Crash","Minor Injuries","2026/04/16 10:21:16 AM","Sadiqabad"
"77908","Adnan Shabbir","DR-205","Direct Call","Patient Transfer Service","N/A","2026/04/16 10:24:42 AM","Sadiqabad"
"280520","Muhammad Fiaz","DR-206","EMDS Call","Medical Emergency","Hypoglycemia","2026/04/16 10:24:00 AM","Khanpur"
"77909","Muhammad Fiaz","DR-206","Direct Call","Patient Transfer Service","N/A","2026/04/16 10:29:23 AM","Sadiqabad"
"280521","Adnan Shabbir","DR-205","EMDS Call","Medical Emergency","SOB/ Respiratory Distress","2026/04/16 10:30:27 AM","Sadiqabad"
"280522","Muhammad AAmar","DR-915","EMDS Call","Medical Emergency","Backache","2026/04/16 10:38:38 AM","Sadiqabad"
"280523","Adnan Shabbir","DR-205","EMDS Call","Medical Emergency","SOB/ Respiratory Distress","2026/04/16 10:42:45 AM","Sadiqabad"
"280524","Muhammad Arshad","DR-198","Direct Call","Medical Emergency","Hypoglycemia","2026/04/16 10:54:55 AM","Rahim Yar Khan"
"280525","Muhammad Arshad","DR-198","EMDS Call","Road Crash","Minor Injuries","2026/04/16 10:59:55 AM","Rahim Yar Khan"
"280526","Muhammad Fiaz","DR-206","Direct Call","Medical Emergency","Abdominal Pain","2026/04/16 10:58:53 AM","Rahim Yar Khan"
"280527","Muhammad AAmar","DR-915","EMDS Call","Road Crash","Severe Trauma","2026/04/16 11:05:40 AM","Rahim Yar Khan"
"280528","Muhammad AAmar","DR-915","EMDS Call","Medical Emergency","High Fever","2026/04/16 11:16:43 AM","Sadiqabad"
"280529","Muhammad Fiaz","DR-206","EMDS Call","Rescue Operations","Delivery Case","2026/04/16 11:23:59 AM","Sadiqabad"
"280530","Muhammad AAmar","DR-915","EMDS Call","Medical Emergency","SOB/ Respiratory Distress","2026/04/16 11:26:01 AM","Rahim Yar Khan"
"280531","Sheeza Barkat","MR-5331","EMDS Call","Medical Emergency","Domestic Injuries","2026/04/16 11:28:49 AM","Rahim Yar Khan"
"280532","Muhammad Arshad","DR-198","EMDS Call","Medical Emergency","Vomiting","2026/04/16 11:32:20 AM","Liaqatpur"
"280532","Muhammad Arshad","DR-198","EMDS Call","Medical Emergency","Vomiting","2026/04/16 11:32:20 AM","Liaqatpur"
"280532","Muhammad Arshad","DR-198","EMDS Call","Medical Emergency","Vomiting","2026/04/16 11:32:20 AM","Liaqatpur"
"280532","Muhammad Arshad","DR-198","EMDS Call","Medical Emergency","Vomiting","2026/04/16 11:32:20 AM","Liaqatpur"
"280532","Muhammad Arshad","DR-198","EMDS Call","Medical Emergency","Vomiting","2026/04/16 11:32:20 AM","Liaqatpur"
"280532","Muhammad Arshad","DR-198","EMDS Call","Medical Emergency","Vomiting","2026/04/16 11:32:20 AM","Liaqatpur"
"280532","Muhammad Arshad","DR-198","EMDS Call","Medical Emergency","Vomiting","2026/04/16 11:32:20 AM","Liaqatpur"
"280533","Muhammad Arshad","DR-198","EMDS Call","Medical Emergency","Vomiting","2026/04/16 11:41:03 AM","Rahim Yar Khan"
"280534","Muhammad AAmar","DR-915","EMDS Call","Road Crash","Severe Trauma","2026/04/16 11:42:44 AM","Khanpur"
"280535","Muhammad Fiaz","DR-206","EMDS Call","Road Crash","Bleeding","2026/04/16 11:47:02 AM","Khanpur"
"280536","Muhammad Fiaz","DR-206","EMDS Call","Medical Emergency","Domestic Injuries","2026/04/16 11:56:20 AM","Sadiqabad"
"280537","Shahid Jamil","DR-184","EMDS Call","Medical Emergency","Hypoglycemia","2026/04/16 11:56:33 AM","Sadiqabad"
"280538","Muhammad Fiaz","DR-206","EMDS Call","Fire","Others","2026/04/16 12:00:42 PM","Rahim Yar Khan"
"280539","Muhammad AAmar","DR-915","EMDS Call","Medical Emergency","Unconscious","2026/04/16 12:02:10 PM","Khanpur"
"280540","Shahid Jamil","DR-184","EMDS Call","Road Crash","Severe Trauma","2026/04/16 12:10:05 PM","Khanpur"
"77910","Zupasha Zia","MR-5758","Direct Call","Patient Transfer Service","N/A","2026/04/16 12:12:36 PM","Liaqatpur"
"280541","Muhammad Arshad","DR-198","EMDS Call","Crime","Probable Suicide","2026/04/16 12:23:28 PM","Rahim Yar Khan"
"280542","Muhammad Fiaz","DR-206","EMDS Call","Medical Emergency","SOB/ Respiratory Distress","2026/04/16 12:28:18 PM","Rahim Yar Khan"
"280543","Sheeza Barkat","MR-5331","EMDS Call","Medical Emergency","Renal Disorders / Renal Colic ","2026/04/16 12:29:15 PM","Liaqatpur"
"77911","Muhammad Fiaz","DR-206","Direct Call","Patient Transfer Service","N/A","2026/04/16 12:33:10 PM","Sadiqabad"
"280544","Zupasha Zia","MR-5758","EMDS Call","Medical Emergency","SOB/ Respiratory Distress","2026/04/16 12:33:33 PM","Liaqatpur"
"280545","Sheeza Barkat","MR-5331","EMDS Call","Medical Emergency","Chest Pain","2026/04/16 12:33:28 PM","Sadiqabad"
"77912","Zupasha Zia","MR-5758","Direct Call","Patient Transfer Service","N/A","2026/04/16 12:36:36 PM","Liaqatpur"
"280546","Muhammad Arshad","DR-198","EMDS Call","Medical Emergency","High Fever","2026/04/16 12:36:19 PM","Liaqatpur"
"280547","Muhammad Fiaz","DR-206","EMDS Call","Medical Emergency","Headache","2026/04/16 12:37:18 PM","Rahim Yar Khan"
"280548","Zupasha Zia","MR-5758","EMDS Call","Medical Emergency","SOB/ Respiratory Distress","2026/04/16 12:39:58 PM","Khanpur"
"280549","Zupasha Zia","MR-5758","EMDS Call","Medical Emergency","SOB/ Respiratory Distress","2026/04/16 12:49:02 PM","Rahim Yar Khan"
"280550","Fahad Hussain","DR-538","EMDS Call","Road Crash","Bleeding","2026/04/16 01:17:04 PM","Sadiqabad"
"280551","Zupasha Zia","MR-5758","EMDS Call","Road Crash","Bleeding","2026/04/16 01:18:03 PM","Khanpur"
"280552","Aasia Batool","MR-5198","EMDS Call","Medical Emergency","Vertigo/ Dizziness","2026/04/16 01:22:47 PM","Khanpur"
"280553","Fahad Hussain","DR-538","EMDS Call","Medical Emergency","SOB/ Respiratory Distress","2026/04/16 01:22:24 PM","Rahim Yar Khan"
"280554","Sheeza Barkat","MR-5331","EMDS Call","Medical Emergency","Vomiting","2026/04/16 01:27:04 PM","Khanpur"
"77913","Fahad Hussain","DR-538","Direct Call","Patient Transfer Service","N/A","2026/04/16 01:40:00 PM","Khanpur"
"280555","Sheeza Barkat","MR-5331","EMDS Call","Medical Emergency","Hypotension","2026/04/16 01:42:07 PM","Rahim Yar Khan"
"280556","Muhammad Arshad","DR-198","EMDS Call","Medical Emergency","Chest Pain","2026/04/16 01:46:39 PM","Rahim Yar Khan"
"280557","Muhammad Arshad","DR-198","EMDS Call","Rescue Operations","Animal/Bird Rescue","2026/04/16 01:54:40 PM","Sadiqabad"
"280558","Muhammad Arshad","DR-198","EMDS Call","Rescue Operations","Animal/Bird Rescue","2026/04/16 01:57:49 PM","Khanpur"
"77914","Aasia Batool","MR-5198","Direct Call","Patient Transfer Service","N/A","2026/04/16 02:00:11 PM","Sadiqabad"
"280560","Sheeza Barkat","MR-5331","EMDS Call","Medical Emergency","Hypertension","2026/04/16 01:57:31 PM","Rahim Yar Khan"
"280559","Fahad Hussain","DR-538","EMDS Call","Road Crash","Bleeding","2026/04/16 02:01:03 PM","Rahim Yar Khan"
"280561","Aasia Batool","MR-5198","EMDS Call","Medical Emergency","High Fever","2026/04/16 02:03:21 PM","Liaqatpur"
"77915","Aasia Batool","MR-5198","Direct Call","Patient Transfer Service","N/A","2026/04/16 02:06:29 PM","Sadiqabad"
"280562","Shahid Jamil","DR-184","EMDS Call","Medical Emergency","Hypertension","2026/04/16 02:20:03 PM","Rahim Yar Khan"
"280563","Aasia Batool","MR-5198","EMDS Call","Medical Emergency","Chronic Illness","2026/04/16 02:26:45 PM","Khanpur"
"280564","Muhammad Arshad","DR-198","EMDS Call","Medical Emergency","CVA/Stroke","2026/04/16 02:34:45 PM","Rahim Yar Khan"
"77916","Fahad Hussain","DR-538","Direct Call","Patient Transfer Service","N/A","2026/04/16 02:36:18 PM","Khanpur"
"280565","Aasia Batool","MR-5198","EMDS Call","Medical Emergency","Epilepsy","2026/04/16 02:37:13 PM","Rahim Yar Khan"
"280566","Shahid Jamil","DR-184","EMDS Call","Medical Emergency","Unconscious","2026/04/16 02:38:06 PM","Khanpur"
"280567","Muhammad Arshad","DR-198","EMDS Call","Medical Emergency","Urinary Retention","2026/04/16 02:38:41 PM","Liaqatpur"
"77917","Fahad Hussain","DR-538","Direct Call","Patient Transfer Service","N/A","2026/04/16 02:40:50 PM","Sadiqabad"
"280568","Shahid Jamil","DR-184","EMDS Call","Road Crash","Severe Trauma","2026/04/16 02:41:25 PM","Sadiqabad"
"280569","Muhammad Arshad","DR-198","EMDS Call","Road Crash","Multiple Fractures","2026/04/16 02:43:51 PM","Rahim Yar Khan"
"280570","Muhammad Arshad","DR-198","EMDS Call","Road Crash","Bleeding","2026/04/16 02:49:52 PM","Khanpur"
"280570","Muhammad Arshad","DR-198","EMDS Call","Road Crash","Bleeding","2026/04/16 02:49:52 PM","Khanpur"
"280571","Shahla Nawaz","DR-185","EMDS Call","Medical Emergency","Anxiety / Psychiatric Disorder","2026/04/16 02:59:36 PM","Sadiqabad"
"280572","Shahla Nawaz","DR-185","EMDS Call","Medical Emergency","Vomiting","2026/04/16 03:07:44 PM","Sadiqabad"
"280573","Shahid Jamil","DR-184","EMDS Call","Medical Emergency","SOB/ Respiratory Distress","2026/04/16 03:09:19 PM","Khanpur"
"280574","Muhammad Arshad","DR-198","EMDS Call","Rescue Operations","Animal/Bird Rescue","2026/04/16 03:11:47 PM","Rahim Yar Khan"
"280575","Muhammad Arshad","DR-198","EMDS Call","Road Crash","Minor Injuries","2026/04/16 03:15:23 PM","Rahim Yar Khan"
"280575","Muhammad Arshad","DR-198","EMDS Call","Road Crash","Minor Injuries","2026/04/16 03:15:23 PM","Rahim Yar Khan"
"280576","Shahid Jamil","DR-184","EMDS Call","Medical Emergency","Vomiting","2026/04/16 03:15:41 PM","Rahim Yar Khan"
"280577","Nida Rahat","DR-1322","EMDS Call","Rescue Operations","Delivery Case","2026/04/16 03:18:04 PM","Sadiqabad"
"280578","Bushra Saleem","MR-5701","EMDS Call","Road Crash","Bleeding","2026/04/16 03:25:01 PM","Rahim Yar Khan"
"280579","Shahid Jamil","DR-184","EMDS Call","Medical Emergency","SOB/ Respiratory Distress","2026/04/16 03:29:07 PM","Rahim Yar Khan"
"280580","Bushra Saleem","MR-5701","EMDS Call","Crime","Physical Assault/Violence","2026/04/16 03:34:23 PM","Rahim Yar Khan"
"280581","Muhammad Arshad","DR-198","EMDS Call","Road Crash","Bleeding","2026/04/16 03:36:40 PM","Rahim Yar Khan"
"280582","Nida Rahat","DR-1322","EMDS Call","Road Crash","Minor Injuries","2026/04/16 03:45:04 PM","Khanpur"
"77918","Saima Bashir","MR-5819","Direct Call","Patient Transfer Service","N/A","2026/04/16 03:56:45 PM","Khanpur"
"280583","Muhammad Arshad","DR-198","EMDS Call","Medical Emergency","Abdominal Pain","2026/04/16 04:08:10 PM","Khanpur"
"77919","Bushra Saleem","MR-5701","Direct Call","Patient Transfer Service","N/A","2026/04/16 04:16:21 PM","Liaqatpur"
"280584","Muhammad Arshad","DR-198","EMDS Call","Road Crash","Bleeding","2026/04/16 04:29:26 PM","Rahim Yar Khan"
"280585","Nida Rahat","DR-1322","EMDS Call","Medical Emergency","Anxiety / Psychiatric Disorder","2026/04/16 04:29:47 PM","Rahim Yar Khan"
"280586","Adil Iqbal","DR-782","EMDS Call","Road Crash","Multiple Fractures","2026/04/16 04:36:08 PM","Sadiqabad"
"280587","Nida Rahat","DR-1322","EMDS Call","Medical Emergency","Domestic Injuries","2026/04/16 04:37:46 PM","Khanpur"
"77920","Bushra Saleem","MR-5701","Direct Call","Patient Transfer Service","N/A","2026/04/16 04:44:26 PM","Sadiqabad"
"280588","Nida Rahat","DR-1322","EMDS Call","Medical Emergency","Hypertension","2026/04/16 04:45:06 PM","Khanpur"
"77921","Adil Iqbal","DR-782","Direct Call","Patient Transfer Service","N/A","2026/04/16 04:47:36 PM","Sadiqabad"
"77922","Shahid Jamil","DR-184","Direct Call","Patient Transfer Service","N/A","2026/04/16 04:55:06 PM","Rahim Yar Khan"
"280589","Nida Rahat","DR-1322","EMDS Call","Road Crash","Minor Injuries","2026/04/16 04:58:35 PM","Rahim Yar Khan"
"280590","Nida Rahat","DR-1322","EMDS Call","Medical Emergency","High Fever","2026/04/16 05:02:02 PM","Liaqatpur"
"280591","Nida Rahat","DR-1322","EMDS Call","Road Crash","Bleeding","2026/04/16 05:06:44 PM","Rahim Yar Khan"
"280592","Muhammad Arshad","DR-198","EMDS Call","Medical Emergency","Vomiting","2026/04/16 05:09:31 PM","Khanpur"
"280593","Adil Iqbal","DR-782","EMDS Call","Road Crash","Multiple Fractures","2026/04/16 05:11:24 PM","Rahim Yar Khan"
"280594","Bushra Saleem","MR-5701","EMDS Call","Medical Emergency","SOB/ Respiratory Distress","2026/04/16 05:13:46 PM","Rahim Yar Khan"
"280595","Shahid Jamil","DR-184","EMDS Call","Medical Emergency","Chest Pain","2026/04/16 05:15:08 PM","Khanpur"
"77923","Bushra Saleem","MR-5701","Direct Call","Patient Transfer Service","N/A","2026/04/16 05:21:02 PM","Sadiqabad"
"280596","Shahla Nawaz","DR-185","EMDS Call","Medical Emergency","Headache","2026/04/16 05:33:38 PM","Khanpur"
"280597","Muhammad Arshad","DR-198","EMDS Call","Road Crash","Bleeding","2026/04/16 05:33:24 PM","Rahim Yar Khan"
"280598","Nida Rahat","DR-1322","EMDS Call","Medical Emergency","Joints Pain","2026/04/16 06:05:40 PM","Sadiqabad"
"280599","Nida Rahat","DR-1322","EMDS Call","Road Crash","Minor Injuries","2026/04/16 06:12:15 PM","Rahim Yar Khan"
"280600","Nida Rahat","DR-1322","EMDS Call","Medical Emergency","SOB/ Respiratory Distress","2026/04/16 06:16:54 PM","Rahim Yar Khan"
"280601","Bushra Saleem","MR-5701","EMDS Call","Medical Emergency","Anxiety / Psychiatric Disorder","2026/04/16 06:16:58 PM","Rahim Yar Khan"
"280602","Saima Bashir","MR-5819","EMDS Call","Medical Emergency","Abdominal Pain","2026/04/16 06:33:52 PM","Khanpur"
"280603","Saima Bashir","MR-5819","EMDS Call","Medical Emergency","Unconscious","2026/04/16 06:36:37 PM","Sadiqabad"
"280604","Nida Rahat","DR-1322","EMDS Call","Medical Emergency","Chronic Illness","2026/04/16 06:37:54 PM","Rahim Yar Khan"
"280605","Bushra Saleem","MR-5701","EMDS Call","Medical Emergency","Hypotension","2026/04/16 06:39:31 PM","Khanpur"
"280606","Nida Rahat","DR-1322","EMDS Call","Road Crash","Minor Injuries","2026/04/16 06:41:18 PM","Sadiqabad"
"280608","Bushra Saleem","MR-5701","EMDS Call","Medical Emergency","Abdominal Pain","2026/04/16 06:44:44 PM","Rahim Yar Khan"
"77924","Shahla Nawaz","DR-185","Direct Call","Patient Transfer Service","N/A","2026/04/16 06:53:16 PM","Khanpur"
"280607","Shahla Nawaz","DR-185","EMDS Call","Road Crash","Bleeding","2026/04/16 06:53:47 PM","Sadiqabad"
"280609","Saima Bashir","MR-5819","EMDS Call","Medical Emergency","SOB/ Respiratory Distress","2026/04/16 06:59:28 PM","Liaqatpur"
"280610","Bushra Saleem","MR-5701","EMDS Call","Medical Emergency","Unconscious","2026/04/16 06:58:50 PM","Sadiqabad"
"280611","Saima Bashir","MR-5819","EMDS Call","Medical Emergency","SOB/ Respiratory Distress","2026/04/16 07:02:27 PM","Rahim Yar Khan"
"280612","Shahla Nawaz","DR-185","EMDS Call","Medical Emergency","Domestic Injuries","2026/04/16 07:02:29 PM","Rahim Yar Khan"
"Not Assigned","Saima Bashir","MR-5819","Direct Call","Community","Community Training","2026/04/16 07:10:58 PM","Rahim Yar Khan"
"280613","Shahid Jamil","DR-184","EMDS Call","Medical Emergency","Headache","2026/04/16 07:19:33 PM","Rahim Yar Khan"
"280614","Bushra Saleem","MR-5701","EMDS Call","Medical Emergency","Chest Pain","2026/04/16 07:21:51 PM","Khanpur"
"280615","Saima Bashir","MR-5819","EMDS Call","Crime","Physical Assault/Violence","2026/04/16 07:28:09 PM","Rahim Yar Khan"
"280616","Saima Bashir","MR-5819","EMDS Call","Medical Emergency","Vomiting","2026/04/16 07:31:52 PM","Liaqatpur"
"280617","Shahid Jamil","DR-184","EMDS Call","Road Crash","Minor Injuries","2026/04/16 07:31:50 PM","Rahim Yar Khan"
"77925","Saima Bashir","MR-5819","Direct Call","Patient Transfer Service","N/A","2026/04/16 07:34:44 PM","Sadiqabad"
"280618","Bushra Saleem","MR-5701","EMDS Call","Medical Emergency","Anxiety / Psychiatric Disorder","2026/04/16 07:50:05 PM","Sadiqabad"
"280619","Saima Bashir","MR-5819","EMDS Call","Road Crash","Bleeding","2026/04/16 07:50:11 PM","Sadiqabad"
"280620","Nida Rahat","DR-1322","Direct Call","Medical Emergency","SOB/ Respiratory Distress","2026/04/16 07:51:37 PM","Khanpur"
"280621","Nida Rahat","DR-1322","EMDS Call","Medical Emergency","Hypertension","2026/04/16 07:58:27 PM","Rahim Yar Khan"
"280622","Saima Bashir","MR-5819","EMDS Call","Medical Emergency","Urinary Retention","2026/04/16 08:04:03 PM","Rahim Yar Khan"
"280623","Bushra Saleem","MR-5701","EMDS Call","Medical Emergency","Hypertension","2026/04/16 08:06:33 PM","Rahim Yar Khan"
"280624","Nida Rahat","DR-1322","EMDS Call","Medical Emergency","Headache","2026/04/16 08:07:19 PM","Rahim Yar Khan"
"280625","Saima Bashir","MR-5819","EMDS Call","Medical Emergency","Hypoglycemia","2026/04/16 08:09:27 PM","Rahim Yar Khan"
"280626","Bushra Saleem","MR-5701","EMDS Call","Medical Emergency","Anxiety / Psychiatric Disorder","2026/04/16 08:10:29 PM","Rahim Yar Khan"
"77926","Bushra Saleem","MR-5701","Direct Call","Patient Transfer Service","N/A","2026/04/16 08:15:53 PM","Khanpur"
"280627","Saima Bashir","MR-5819","EMDS Call","Medical Emergency","SOB/ Respiratory Distress","2026/04/16 08:14:42 PM","Rahim Yar Khan"
"280628","Muhammad Riaz","DR-654","EMDS Call","Medical Emergency","Hypoglycemia","2026/04/16 08:20:25 PM","Sadiqabad"
"280629","Saima Bashir","MR-5819","EMDS Call","Road Crash","Bleeding","2026/04/16 08:23:49 PM","Liaqatpur"
"280630","Muhammad Riaz","DR-654","EMDS Call","Medical Emergency","Chronic Illness","2026/04/16 08:25:33 PM","Khanpur"
"280631","Muhammad Riaz","DR-654","EMDS Call","Rescue Operations","Electric Shock","2026/04/16 08:35:14 PM","Rahim Yar Khan"
"280632","Muhammad Riaz","DR-654","EMDS Call","Medical Emergency","Chest Pain","2026/04/16 08:39:15 PM","Khanpur"
"280633","Saima Bashir","MR-5819","EMDS Call","Medical Emergency","SOB/ Respiratory Distress","2026/04/16 08:39:07 PM","Rahim Yar Khan"
"280634","Muhammad Riaz","DR-654","EMDS Call","Medical Emergency","Vomiting","2026/04/16 08:41:52 PM","Rahim Yar Khan"
"280635","Saima Bashir","MR-5819","EMDS Call","Medical Emergency","SOB/ Respiratory Distress","2026/04/16 08:44:25 PM","Rahim Yar Khan"
"280636","Adil Iqbal","DR-782","EMDS Call","Medical Emergency","Abdominal Pain","2026/04/16 08:46:02 PM","Sadiqabad"
"280637","Saima Bashir","MR-5819","EMDS Call","Medical Emergency","Hyperglycemia","2026/04/16 08:48:32 PM","Sadiqabad"
"280638","Saima Bashir","MR-5819","EMDS Call","Medical Emergency","Chronic Illness","2026/04/16 09:00:46 PM","Rahim Yar Khan"
"280640","Adil Iqbal","DR-782","EMDS Call","Medical Emergency","High Fever","2026/04/16 09:00:05 PM","Rahim Yar Khan"
"280639","Shahla Nawaz","DR-185","EMDS Call","Medical Emergency","Diarrhea","2026/04/16 09:00:40 PM","Rahim Yar Khan"
"280641","Shahla Nawaz","DR-185","EMDS Call","Medical Emergency","Anxiety / Psychiatric Disorder","2026/04/16 09:13:29 PM","Khanpur"
"280642","Saima Bashir","MR-5819","EMDS Call","Medical Emergency","Hypertension","2026/04/16 09:28:48 PM","Sadiqabad"
"280643","Saima Bashir","MR-5819","EMDS Call","Medical Emergency","CVA/Stroke","2026/04/16 09:36:35 PM","Rahim Yar Khan"
"280644","Saima Bashir","MR-5819","EMDS Call","Medical Emergency","SOB/ Respiratory Distress","2026/04/16 09:43:05 PM","Sadiqabad"
"280645","Bushra Saleem","MR-5701","EMDS Call","Medical Emergency","Anxiety / Psychiatric Disorder","2026/04/16 09:50:00 PM","Sadiqabad"
"280646","Saima Bashir","MR-5819","EMDS Call","Medical Emergency","Vomiting","2026/04/16 09:56:40 PM","Rahim Yar Khan"
"280647","Shahla Nawaz","DR-185","EMDS Call","Medical Emergency","Hyperglycemia","2026/04/16 09:56:58 PM","Rahim Yar Khan"
"280648","Saima Bashir","MR-5819","EMDS Call","Medical Emergency","Anxiety / Psychiatric Disorder","2026/04/16 09:59:06 PM","Rahim Yar Khan"
"280649","Shahla Nawaz","DR-185","EMDS Call","Medical Emergency","Hypotension","2026/04/16 10:01:20 PM","Khanpur"
"280650","Saima Bashir","MR-5819","EMDS Call","Fire","Carelessness/Smoking","2026/04/16 10:03:27 PM","Sadiqabad"
"280651","Bushra Saleem","MR-5701","EMDS Call","Medical Emergency","Chest Pain","2026/04/16 10:03:53 PM","Rahim Yar Khan"
"280652","Bushra Saleem","MR-5701","EMDS Call","Medical Emergency","Anxiety / Psychiatric Disorder","2026/04/16 10:08:59 PM","Rahim Yar Khan"
"280653","Bushra Saleem","MR-5701","EMDS Call","Medical Emergency","Abdominal Pain","2026/04/16 10:16:35 PM","Sadiqabad"
"77927","Saima Bashir","MR-5819","Direct Call","Patient Transfer Service","N/A","2026/04/16 10:19:21 PM","Sadiqabad"
"77928","Saima Bashir","MR-5819","Direct Call","Patient Transfer Service","N/A","2026/04/16 10:28:12 PM","Liaqatpur"
"280654","Nida Rahat","DR-1322","EMDS Call","Medical Emergency","Abdominal Pain","2026/04/16 10:27:57 PM","Khanpur"
"280655","Bushra Saleem","MR-5701","EMDS Call","Medical Emergency","Abdominal Pain","2026/04/16 10:25:53 PM","Rahim Yar Khan"
"77929","Saima Bashir","MR-5819","Direct Call","Patient Transfer Service","N/A","2026/04/16 10:34:45 PM","Liaqatpur"
"77930","Saima Bashir","MR-5819","Direct Call","Patient Transfer Service","N/A","2026/04/16 10:46:51 PM","Sadiqabad"
"280656","Bushra Saleem","MR-5701","EMDS Call","Medical Emergency","Abdominal Pain","2026/04/16 10:53:32 PM","Sadiqabad"
"77931","Bushra Saleem","MR-5701","Direct Call","Patient Transfer Service","N/A","2026/04/16 10:55:14 PM","Khanpur"
"280657","Saima Bashir","MR-5819","EMDS Call","Medical Emergency","Renal Disorders / Renal Colic ","2026/04/16 10:59:16 PM","Rahim Yar Khan"
"280658","Bushra Saleem","MR-5701","EMDS Call","Medical Emergency","Joints Pain","2026/04/16 11:06:28 PM","Rahim Yar Khan"
"280660","Farhad Iftikhar","DR-913","EMDS Call","Medical Emergency","High Fever","2026/04/16 11:08:11 PM","Liaqatpur"
"280659","Farah Sadaqat","MR-5930","EMDS Call","Medical Emergency","Epilepsy","2026/04/16 11:10:26 PM","Liaqatpur"
"280661","Saira Bibi","MR-5494","EMDS Call","Medical Emergency","Epilepsy","2026/04/16 11:14:19 PM","Sadiqabad"
"280662","Saira Bibi","MR-5494","EMDS Call","Medical Emergency","Abdominal Pain","2026/04/16 11:18:17 PM","Rahim Yar Khan"
"280663","Saira Bibi","MR-5494","EMDS Call","Medical Emergency","SOB/ Respiratory Distress","2026/04/16 11:22:45 PM","Sadiqabad"
"280664","Saira Bibi","MR-5494","EMDS Call","Medical Emergency","Urinary Retention","2026/04/16 11:29:38 PM","Rahim Yar Khan"
"280665","Farah Sadaqat","MR-5930","EMDS Call","Crime","Physical Assault/Violence","2026/04/16 11:30:39 PM","Khanpur"
"280666","Saira Bibi","MR-5494","EMDS Call","Medical Emergency","Hypertension","2026/04/16 11:36:13 PM","Sadiqabad"
"280667","Farah Sadaqat","MR-5930","EMDS Call","Medical Emergency","Hypertension","2026/04/16 11:57:40 PM","Rahim Yar Khan"
"280668","Farhad Iftikhar","DR-913","EMDS Call","Medical Emergency","High Fever","2026/04/17 12:11:53 AM","Rahim Yar Khan"
"77932","Farhad Iftikhar","DR-913","Direct Call","Patient Transfer Service","N/A","2026/04/17 12:18:58 AM","Sadiqabad"
"Not Assigned","Muhammad Zahid","DR-888","EMDS Call","Rescue Operations","Delivery Case","2026/04/17 12:19:48 AM","Sadiqabad"
"280670","Farhad Iftikhar","DR-913","EMDS Call","Rescue Operations","Snake Emergency","2026/04/17 12:26:22 AM","Khanpur"
"280671","Farah Sadaqat","MR-5930","EMDS Call","Medical Emergency","Joints Pain","2026/04/17 12:43:52 AM","Rahim Yar Khan"
"280672","Farhad Iftikhar","DR-913","EMDS Call","Medical Emergency","Joints Pain","2026/04/17 12:46:58 AM","Rahim Yar Khan"
"280673","Farhad Iftikhar","DR-913","EMDS Call","Medical Emergency","Hypertension","2026/04/17 12:59:04 AM","Khanpur"
"280674","Farah Sadaqat","MR-5930","EMDS Call","Medical Emergency","Joints Pain","2026/04/17 01:09:34 AM","Sadiqabad"
"77933","Farah Sadaqat","MR-5930","Direct Call","Patient Transfer Service","N/A","2026/04/17 01:14:56 AM","Liaqatpur"
"77934","Farah Sadaqat","MR-5930","Direct Call","Patient Transfer Service","N/A","2026/04/17 01:19:46 AM","Liaqatpur"
"280675","Farhad Iftikhar","DR-913","EMDS Call","Medical Emergency","Vomiting","2026/04/17 01:20:10 AM","Rahim Yar Khan"
"280676","Farah Sadaqat","MR-5930","EMDS Call","Medical Emergency","Epistaxis/ Nosebleed","2026/04/17 01:34:43 AM","Khanpur"
"280677","Farah Sadaqat","MR-5930","EMDS Call","Medical Emergency","Hypertension","2026/04/17 01:37:58 AM","Rahim Yar Khan"
"280678","Muhammad Zahid","DR-888","EMDS Call","Medical Emergency","Anxiety / Psychiatric Disorder","2026/04/17 01:38:41 AM","Rahim Yar Khan"
"280679","Farah Sadaqat","MR-5930","EMDS Call","Medical Emergency","Renal Disorders / Renal Colic ","2026/04/17 01:41:00 AM","Liaqatpur"
"280680","Farah Sadaqat","MR-5930","EMDS Call","Medical Emergency","Abdominal Pain","2026/04/17 01:56:21 AM","Rahim Yar Khan"
"77935","Farhad Iftikhar","DR-913","Direct Call","Patient Transfer Service","N/A","2026/04/17 02:01:00 AM","Sadiqabad"
"280681","Farhad Iftikhar","DR-913","EMDS Call","Medical Emergency","Abdominal Pain","2026/04/17 02:02:42 AM","Sadiqabad"
"77936","Farah Sadaqat","MR-5930","Direct Call","Patient Transfer Service","N/A","2026/04/17 02:05:02 AM","Sadiqabad"
"280682","Farah Sadaqat","MR-5930","EMDS Call","Medical Emergency","Headache","2026/04/17 02:10:49 AM","Rahim Yar Khan"
"280683","Farah Sadaqat","MR-5930","EMDS Call","Medical Emergency","Vertigo/ Dizziness","2026/04/17 02:29:16 AM","Rahim Yar Khan"
"77937","Farhad Iftikhar","DR-913","Direct Call","Patient Transfer Service","N/A","2026/04/17 02:32:01 AM","Khanpur"
"280684","Farah Sadaqat","MR-5930","EMDS Call","Medical Emergency","Joints Pain","2026/04/17 02:57:42 AM","Rahim Yar Khan"
"280685","Muhammad Zahid","DR-888","EMDS Call","Medical Emergency","SOB/ Respiratory Distress","2026/04/17 03:03:03 AM","Khanpur"
"280687","Muhammad Zahid","DR-888","EMDS Call","Medical Emergency","Backache","2026/04/17 03:21:56 AM","Sadiqabad"
"280686","Saira Bibi","MR-5494","EMDS Call","Medical Emergency","High Fever","2026/04/17 03:23:51 AM","Rahim Yar Khan"
"280688","Shaheen Islam","DR-1171","EMDS Call","Medical Emergency","Unconscious","2026/04/17 03:27:13 AM","Rahim Yar Khan"
"77938","Saira Bibi","MR-5494","Direct Call","Patient Transfer Service","N/A","2026/04/17 03:40:07 AM","Khanpur"
"77939","Muhammad Zubair","DR-894","Direct Call","Patient Transfer Service","N/A","2026/04/17 03:50:41 AM","Sadiqabad"
"280689","Saira Bibi","MR-5494","EMDS Call","Medical Emergency","Abdominal Pain","2026/04/17 04:07:04 AM","Rahim Yar Khan"
"280690","Muhammad Zubair","DR-894","EMDS Call","Medical Emergency","Abdominal Pain","2026/04/17 04:23:03 AM","Rahim Yar Khan"
"280691","Shaheen Islam","DR-1171","EMDS Call","Medical Emergency","Abdominal Pain","2026/04/17 04:34:46 AM","Khanpur"
"280692","Saira Bibi","MR-5494","EMDS Call","Medical Emergency","Unconscious","2026/04/17 04:45:58 AM","Rahim Yar Khan"
"280693","Shaheen Islam","DR-1171","EMDS Call","Medical Emergency","Joints Pain","2026/04/17 05:34:39 AM","Liaqatpur"
"280694","Saira Bibi","MR-5494","EMDS Call","Medical Emergency","Unconscious","2026/04/17 05:42:43 AM","Rahim Yar Khan"
"280695","Muhammad Zubair","DR-894","EMDS Call","Medical Emergency","Hypoglycemia","2026/04/17 05:49:43 AM","Rahim Yar Khan"
"280696","Saira Bibi","MR-5494","EMDS Call","Medical Emergency","SOB/ Respiratory Distress","2026/04/17 06:03:53 AM","Sadiqabad"
"280697","Muhammad Zubair","DR-894","EMDS Call","Medical Emergency","Vertigo/ Dizziness","2026/04/17 06:20:20 AM","Rahim Yar Khan"
"280698","Shahid Jamil","DR-184","EMDS Call","Medical Emergency","Chronic Illness","2026/04/17 06:19:14 AM","Liaqatpur"
"280699","Shahid Jamil","DR-184","EMDS Call","Medical Emergency","Hypotension","2026/04/17 06:29:28 AM","Rahim Yar Khan"
"280700","Muhammad Zubair","DR-894","EMDS Call","Medical Emergency","Chronic Illness","2026/04/17 07:09:30 AM","Rahim Yar Khan"
"280701","Zia ul Haq","DR-328","EMDS Call","Medical Emergency","Chest Pain","2026/04/17 07:22:21 AM","Khanpur"
"280702","Nida Rahat","DR-1322","EMDS Call","Medical Emergency","Vomiting","2026/04/17 07:26:55 AM","Sadiqabad"
"280703","Aasia Batool","MR-5198","EMDS Call","Medical Emergency","Unconscious","2026/04/17 07:29:23 AM","Khanpur"
"77940","Nida Rahat","DR-1322","Direct Call","Patient Transfer Service","N/A","2026/04/17 07:32:09 AM","Sadiqabad"
"280704","Rana M. Usman","DR-200","EMDS Call","Medical Emergency","High Fever","2026/04/17 07:56:57 AM","Liaqatpur"
"280705","Zia ul Haq","DR-328","EMDS Call","Crime","Physical Assault/Violence","2026/04/17 08:16:43 AM","Sadiqabad"
"280706","Nida Rahat","DR-1322","EMDS Call","Medical Emergency","Anxiety / Psychiatric Disorder","2026/04/17 08:34:14 AM","Rahim Yar Khan"
"280707","Zia ul Haq","DR-328","EMDS Call","Medical Emergency","Vomiting","2026/04/17 08:36:32 AM","Sadiqabad"
"280708","Muhammad Arshad","DR-198","EMDS Call","Road Crash","Minor Injuries","2026/04/17 08:38:10 AM","Rahim Yar Khan"
"280709","Shahid Jamil","DR-184","EMDS Call","Medical Emergency","Joints Pain","2026/04/17 08:48:13 AM","Rahim Yar Khan"
"280710","Yasir Ilyas","DR-893","EMDS Call","Medical Emergency","SOB/ Respiratory Distress","2026/04/17 08:50:49 AM","Sadiqabad"
"280711","Muhammad Arshad","DR-198","EMDS Call","Rescue Operations","Delivery Case","2026/04/17 09:04:23 AM","Khanpur"
"280712","Muhammad Arshad","DR-198","EMDS Call","Crime","Physical Assault/Violence","2026/04/17 09:17:44 AM","Rahim Yar Khan"
"280713","Muhammad Arshad","DR-198","EMDS Call","Medical Emergency","High Fever","2026/04/17 09:21:40 AM","Khanpur"
"280714","Yasir Ilyas","DR-893","EMDS Call","Medical Emergency","Anxiety / Psychiatric Disorder","2026/04/17 09:24:47 AM","Khanpur"
"280715","Muhammad Abid","DR-874","EMDS Call","Road Crash","Minor Injuries","2026/04/17 09:25:57 AM","Rahim Yar Khan"
"280716","Muhammad Arshad","DR-198","Direct Call","Medical Emergency","Abdominal Pain","2026/04/17 09:34:02 AM","Sadiqabad"
"280717","Muhammad Abid","DR-874","EMDS Call","Medical Emergency","Abdominal Pain","2026/04/17 09:35:38 AM","Rahim Yar Khan"
"280718","Mureed Abbas","DR-900","EMDS Call","Medical Emergency","Headache","2026/04/17 09:40:25 AM","Khanpur"
"280719","Yasir Ilyas","DR-893","EMDS Call","Road Crash","Minor Injuries","2026/04/17 09:52:29 AM","Rahim Yar Khan"
"280720","Muhammad Arshad","DR-198","EMDS Call","Medical Emergency","Unconscious","2026/04/17 09:54:25 AM","Sadiqabad"
"280721","Yasir Ilyas","DR-893","EMDS Call","Road Crash","Multiple Fractures","2026/04/17 09:56:24 AM","Rahim Yar Khan"
"280722","Mureed Abbas","DR-900","EMDS Call","Medical Emergency","Hypertension","2026/04/17 10:01:01 AM","Rahim Yar Khan"
"280723","Mureed Abbas","DR-900","EMDS Call","Road Crash","Minor Injuries","2026/04/17 10:04:38 AM","Rahim Yar Khan"
"77941","Muhammad Arshad","DR-198","Direct Call","Patient Transfer Service","N/A","2026/04/17 10:10:57 AM","Khanpur"
"280724","Yasir Ilyas","DR-893","EMDS Call","Road Crash","Bleeding","2026/04/17 10:12:51 AM","Rahim Yar Khan"
"280725","Muhammad Arshad","DR-198","EMDS Call","Medical Emergency","Vomiting","2026/04/17 10:24:05 AM","Rahim Yar Khan"
"77942","Mureed Abbas","DR-900","Direct Call","Patient Transfer Service","N/A","2026/04/17 10:31:33 AM","Liaqatpur"
"280727","Shahid Jamil","DR-184","EMDS Call","Medical Emergency","SOB/ Respiratory Distress","2026/04/17 10:48:17 AM","Khanpur"
"77943","Mureed Abbas","DR-900","Direct Call","Patient Transfer Service","N/A","2026/04/17 10:52:01 AM","Sadiqabad"
"280726","Yasir Ilyas","DR-893","EMDS Call","Medical Emergency","Unconscious","2026/04/17 10:54:03 AM","Rahim Yar Khan"
"280728","Mureed Abbas","DR-900","EMDS Call","Medical Emergency","Unconscious","2026/04/17 10:54:33 AM","Rahim Yar Khan"
"77944","Muhammad Arshad","DR-198","Direct Call","Patient Transfer Service","N/A","2026/04/17 10:59:17 AM","Liaqatpur"
"280729","Shahid Jamil","DR-184","EMDS Call","Medical Emergency","SOB/ Respiratory Distress","2026/04/17 11:06:29 AM","Khanpur"
"280730","Mureed Abbas","DR-900","EMDS Call","Medical Emergency","Urinary Retention","2026/04/17 11:08:36 AM","Rahim Yar Khan"
"280731","Imran Anjum","DR-204","EMDS Call","Medical Emergency","SOB/ Respiratory Distress","2026/04/17 11:14:31 AM","Rahim Yar Khan"
"280732","Yasir Ilyas","DR-893","EMDS Call","Crime","Physical Assault/Violence","2026/04/17 11:15:48 AM","Sadiqabad"
"280733","Imran Anjum","DR-204","EMDS Call","Medical Emergency","Chest Pain","2026/04/17 11:18:46 AM","Sadiqabad"
"280734","Shahid Jamil","DR-184","EMDS Call","Medical Emergency","Joints Pain","2026/04/17 11:27:00 AM","Sadiqabad"
"280735","Shahid Jamil","DR-184","EMDS Call","Road Crash","Bleeding","2026/04/17 11:35:49 AM","Rahim Yar Khan"
"280736","Yasir Ilyas","DR-893","EMDS Call","Rescue Operations","Animal/Bird Rescue","2026/04/17 11:35:46 AM","Sadiqabad"
"280738","Yasir Ilyas","DR-893","EMDS Call","Road Crash","Bleeding","2026/04/17 11:43:00 AM","Rahim Yar Khan"
"280737","Shahid Jamil","DR-184","EMDS Call","Medical Emergency","Vomiting","2026/04/17 11:43:45 AM","Khanpur"
"280739","Yasir Ilyas","DR-893","EMDS Call","Road Crash","Minor Injuries","2026/04/17 11:47:29 AM","Rahim Yar Khan"
"77945","Mureed Abbas","DR-900","Direct Call","Patient Transfer Service","N/A","2026/04/17 11:52:50 AM","Sadiqabad"
"280740","Mureed Abbas","DR-900","EMDS Call","Road Crash","Bleeding","2026/04/17 11:54:25 AM","Rahim Yar Khan"
"77946","Yasir Ilyas","DR-893","Direct Call","Patient Transfer Service","N/A","2026/04/17 11:57:28 AM","Sadiqabad"
"280741","Aasia Batool","MR-5198","EMDS Call","Road Crash","Minor Injuries","2026/04/17 12:02:52 PM","Rahim Yar Khan"
"280742","Muhammad Arshad","DR-198","EMDS Call","Medical Emergency","Hyperglycemia","2026/04/17 12:17:23 PM","Rahim Yar Khan"
"280743","Mureed Abbas","DR-900","EMDS Call","Road Crash","Minor Injuries","2026/04/17 12:18:44 PM","Khanpur"
"280744","Aasia Batool","MR-5198","EMDS Call","Medical Emergency","Domestic Injuries","2026/04/17 12:30:09 PM","Rahim Yar Khan"
"77947","Mureed Abbas","DR-900","Direct Call","Patient Transfer Service","N/A","2026/04/17 12:32:41 PM","Khanpur"
"280745","Mureed Abbas","DR-900","EMDS Call","Medical Emergency","Joints Pain","2026/04/17 12:33:01 PM","Rahim Yar Khan"
"77948","Aasia Batool","MR-5198","Direct Call","Patient Transfer Service","N/A","2026/04/17 12:37:34 PM","Khanpur"
"280746","Mureed Abbas","DR-900","EMDS Call","Medical Emergency","High Fever","2026/04/17 12:39:10 PM","Sadiqabad"
"280747","Muhammad Arshad","DR-198","EMDS Call","Medical Emergency","Renal Disorders / Renal Colic ","2026/04/17 12:41:13 PM","Liaqatpur"
"280748","Imran Anjum","DR-204","EMDS Call","Medical Emergency","Abdominal Pain","2026/04/17 12:41:26 PM","Liaqatpur"
"280749","Shahid Jamil","DR-184","EMDS Call","Medical Emergency","Chronic Illness","2026/04/17 12:52:26 PM","Rahim Yar Khan"
"77949","Mureed Abbas","DR-900","Direct Call","Patient Transfer Service","N/A","2026/04/17 01:07:52 PM","Liaqatpur"
"280750","Mureed Abbas","DR-900","EMDS Call","Medical Emergency","Hypoglycemia","2026/04/17 01:38:39 PM","Rahim Yar Khan"
"280751","Mureed Abbas","DR-900","EMDS Call","Medical Emergency","Joints Pain","2026/04/17 01:43:03 PM","Sadiqabad"
"280752","Nida Rahat","DR-1322","EMDS Call","Road Crash","Bleeding","2026/04/17 01:49:41 PM","Rahim Yar Khan"
"77950","Nida Rahat","DR-1322","Direct Call","Patient Transfer Service","N/A","2026/04/17 01:54:54 PM","Rahim Yar Khan"
"280753","Muhammad Arshad","DR-198","EMDS Call","Medical Emergency","Vertigo/ Dizziness","2026/04/17 01:54:24 PM","Rahim Yar Khan"
"280754","Zia ul Haq","DR-328","EMDS Call","Medical Emergency","SOB/ Respiratory Distress","2026/04/17 01:58:02 PM","Rahim Yar Khan"
"280755","Muhammad Arshad","DR-198","EMDS Call","Medical Emergency","Diarrhea","2026/04/17 02:03:31 PM","Sadiqabad"
"280756","Zia ul Haq","DR-328","EMDS Call","Road Crash","Severe Trauma","2026/04/17 02:03:30 PM","Liaqatpur"
"280757","Zia ul Haq","DR-328","EMDS Call","Medical Emergency","High Fever","2026/04/17 02:08:12 PM","Rahim Yar Khan"
"280758","Aasia Batool","MR-5198","EMDS Call","Medical Emergency","Domestic Injuries","2026/04/17 02:11:01 PM","Rahim Yar Khan"
"280759","Aasia Batool","MR-5198","EMDS Call","Medical Emergency","SOB/ Respiratory Distress","2026/04/17 02:34:05 PM","Sadiqabad"
"77951","Nida Rahat","DR-1322","Direct Call","Patient Transfer Service","N/A","2026/04/17 02:48:56 PM","Sadiqabad"
"280760","Muhammad Fiaz","DR-206","EMDS Call","Medical Emergency","SOB/ Respiratory Distress","2026/04/17 02:54:04 PM","Rahim Yar Khan"
"77952","Nida Rahat","DR-1322","Direct Call","Patient Transfer Service","N/A","2026/04/17 02:57:20 PM","Sadiqabad"
"280761","Nida Rahat","DR-1322","EMDS Call","Medical Emergency","Anxiety / Psychiatric Disorder","2026/04/17 02:57:47 PM","Rahim Yar Khan"
"280762","Muhammad Fiaz","DR-206","EMDS Call","Road Crash","Bleeding","2026/04/17 03:02:16 PM","Sadiqabad"
"280763","Bushra Saleem","MR-5701","EMDS Call","Medical Emergency","High Fever","2026/04/17 03:07:15 PM","Sadiqabad"
"280764","Bushra Saleem","MR-5701","EMDS Call","Medical Emergency","Vertigo/ Dizziness","2026/04/17 03:12:20 PM","Sadiqabad"
"280765","Saima Bashir","MR-5819","EMDS Call","Medical Emergency","Renal Disorders / Renal Colic ","2026/04/17 03:14:48 PM","Rahim Yar Khan"
"280766","Fahad Hussain","DR-538","EMDS Call","Medical Emergency","Hypertension","2026/04/17 03:32:40 PM","Khanpur"
"280767","Saima Bashir","MR-5819","EMDS Call","Medical Emergency","Vomiting","2026/04/17 03:32:51 PM","Sadiqabad"
"280768","Fahad Hussain","DR-538","EMDS Call","Medical Emergency","Vertigo/ Dizziness","2026/04/17 03:36:37 PM","Rahim Yar Khan"
"280769","Bushra Saleem","MR-5701","EMDS Call","Medical Emergency","Anxiety / Psychiatric Disorder","2026/04/17 03:39:12 PM","Rahim Yar Khan"
"280770","Saima Bashir","MR-5819","EMDS Call","Medical Emergency","Chest Pain","2026/04/17 03:54:28 PM","Rahim Yar Khan"
"280771","Bushra Saleem","MR-5701","EMDS Call","Medical Emergency","Vertigo/ Dizziness","2026/04/17 04:10:56 PM","Khanpur"
"280772","Fahad Hussain","DR-538","EMDS Call","Medical Emergency","Vomiting","2026/04/17 04:12:15 PM","Rahim Yar Khan"
"280773","Fahad Hussain","DR-538","EMDS Call","Road Crash","Minor Injuries","2026/04/17 04:27:34 PM","Sadiqabad"
"280774","Fahad Hussain","DR-538","EMDS Call","Drowning","Canal","2026/04/17 04:29:35 PM","Khanpur"
"280775","Shahla Nawaz","DR-185","EMDS Call","Crime","Physical Assault/Violence","2026/04/17 04:28:24 PM","Liaqatpur"
"280776","Shahla Nawaz","DR-185","EMDS Call","Road Crash","Minor Injuries","2026/04/17 04:42:59 PM","Rahim Yar Khan"
"280777","Shahla Nawaz","DR-185","EMDS Call","Medical Emergency","High Fever","2026/04/17 04:46:54 PM","Sadiqabad"
"280778","Saima Bashir","MR-5819","EMDS Call","Medical Emergency","Hyperglycemia","2026/04/17 04:47:23 PM","Sadiqabad"
"280779","Shahid Jamil","DR-184","EMDS Call","Medical Emergency","Hyperglycemia","2026/04/17 04:48:26 PM","Sadiqabad"
"280780","Saima Bashir","MR-5819","EMDS Call","Medical Emergency","Vertigo/ Dizziness","2026/04/17 04:52:00 PM","Rahim Yar Khan"
"280781","Bushra Saleem","MR-5701","EMDS Call","Road Crash","Minor Injuries","2026/04/17 05:02:18 PM","Khanpur"
"280782","Shahla Nawaz","DR-185","EMDS Call","Road Crash","Minor Injuries","2026/04/17 05:04:32 PM","Khanpur"
"280783","Bushra Saleem","MR-5701","EMDS Call","Medical Emergency","Chronic Illness","2026/04/17 05:10:21 PM","Liaqatpur"
"280784","Shahla Nawaz","DR-185","EMDS Call","Road Crash","Multiple Fractures","2026/04/17 05:12:05 PM","Rahim Yar Khan"
"280785","Shahid Jamil","DR-184","EMDS Call","Medical Emergency","Chronic Illness","2026/04/17 05:14:32 PM","Khanpur"
"77953","Shahid Jamil","DR-184","Direct Call","Patient Transfer Service","N/A","2026/04/17 05:29:15 PM","Khanpur"
"280786","Saima Bashir","MR-5819","EMDS Call","Rescue Operations","Delivery Case","2026/04/17 05:35:28 PM","Liaqatpur"
"280787","Bushra Saleem","MR-5701","EMDS Call","Medical Emergency","Hypertension","2026/04/17 05:40:34 PM","Sadiqabad"
"280788","Shahla Nawaz","DR-185","EMDS Call","Road Crash","Minor Injuries","2026/04/17 05:41:26 PM","Rahim Yar Khan"
"280789","Shahla Nawaz","DR-185","EMDS Call","Road Crash","Multiple Fractures","2026/04/17 05:48:05 PM","Sadiqabad"
"280790","Shahid Jamil","DR-184","EMDS Call","Medical Emergency","SOB/ Respiratory Distress","2026/04/17 06:04:37 PM","Rahim Yar Khan"
"280791","Shahla Nawaz","DR-185","EMDS Call","Medical Emergency","SOB/ Respiratory Distress","2026/04/17 06:08:19 PM","Rahim Yar Khan"
"280792","Shahid Jamil","DR-184","EMDS Call","Road Crash","Bleeding","2026/04/17 06:11:05 PM","Sadiqabad"
"280793","Shahid Jamil","DR-184","EMDS Call","Road Crash","Minor Injuries","2026/04/17 06:15:13 PM","Rahim Yar Khan"
"280794","Shahid Jamil","DR-184","EMDS Call","Medical Emergency","Hypertension","2026/04/17 06:20:01 PM","Rahim Yar Khan"
"280795","Shahla Nawaz","DR-185","EMDS Call","Medical Emergency","Vertigo/ Dizziness","2026/04/17 06:18:08 PM","Rahim Yar Khan"
"280796","Bushra Saleem","MR-5701","EMDS Call","Medical Emergency","High Fever","2026/04/17 06:24:04 PM","Liaqatpur"
"280797","Bushra Saleem","MR-5701","EMDS Call","Medical Emergency","Vertigo/ Dizziness","2026/04/17 06:27:56 PM","Rahim Yar Khan"
"77954","Bushra Saleem","MR-5701","Direct Call","Patient Transfer Service","N/A","2026/04/17 06:32:18 PM","Sadiqabad"
"280798","Shahid Jamil","DR-184","EMDS Call","Road Crash","Minor Injuries","2026/04/17 06:35:03 PM","Rahim Yar Khan"
"280799","Saima Bashir","MR-5819","EMDS Call","Medical Emergency","Vomiting","2026/04/17 06:37:56 PM","Khanpur"
"280800","Shahla Nawaz","DR-185","EMDS Call","Medical Emergency","Hypertension","2026/04/17 06:40:05 PM","Liaqatpur"
"77955","Bushra Saleem","MR-5701","Direct Call","Patient Transfer Service","N/A","2026/04/17 06:43:52 PM","Liaqatpur"
"280801","Shahla Nawaz","DR-185","EMDS Call","Medical Emergency","Abdominal Pain","2026/04/17 06:52:00 PM","Khanpur"
"280802","Bushra Saleem","MR-5701","EMDS Call","Road Crash","Bleeding","2026/04/17 06:51:59 PM","Sadiqabad"
"280803","Shahla Nawaz","DR-185","EMDS Call","Medical Emergency","Unconscious","2026/04/17 06:55:27 PM","Rahim Yar Khan"
"280804","Bushra Saleem","MR-5701","EMDS Call","Medical Emergency","SOB/ Respiratory Distress","2026/04/17 06:55:09 PM","Rahim Yar Khan"
"280805","Saima Bashir","MR-5819","EMDS Call","Medical Emergency","SOB/ Respiratory Distress","2026/04/17 07:00:02 PM","Sadiqabad"
"280806","Shahla Nawaz","DR-185","EMDS Call","Rescue Operations","Snake Emergency","2026/04/17 06:58:42 PM","Liaqatpur"
"77956","Bushra Saleem","MR-5701","Direct Call","Patient Transfer Service","N/A","2026/04/17 07:02:15 PM","Liaqatpur"
"280807","Bushra Saleem","MR-5701","EMDS Call","Medical Emergency","Abdominal Pain","2026/04/17 07:03:59 PM","Rahim Yar Khan"
"280808","Saima Bashir","MR-5819","EMDS Call","Medical Emergency","Domestic Injuries","2026/04/17 07:05:07 PM","Rahim Yar Khan"
"280809","Bushra Saleem","MR-5701","EMDS Call","Road Crash","Multiple Fractures","2026/04/17 07:10:40 PM","Sadiqabad"
"280810","Saima Bashir","MR-5819","EMDS Call","Medical Emergency","Hyperglycemia","2026/04/17 07:12:39 PM","Rahim Yar Khan"
"280811","Bushra Saleem","MR-5701","EMDS Call","Medical Emergency","Joints Pain","2026/04/17 07:13:14 PM","Khanpur"
"280812","Saima Bashir","MR-5819","EMDS Call","Medical Emergency","Hypertension","2026/04/17 07:26:20 PM","Rahim Yar Khan"
"280813","Saima Bashir","MR-5819","EMDS Call","Medical Emergency","Abdominal Pain","2026/04/17 07:29:27 PM","Khanpur"
"280814","Saima Bashir","MR-5819","EMDS Call","Medical Emergency","Chronic Illness","2026/04/17 07:34:56 PM","Khanpur"
"280815","Fahad Hussain","DR-538","EMDS Call","Road Crash","Minor Injuries","2026/04/17 07:36:38 PM","Rahim Yar Khan"
"280816","Fahad Hussain","DR-538","EMDS Call","Medical Emergency","Domestic Injuries","2026/04/17 07:39:01 PM","Rahim Yar Khan"
"280817","Fahad Hussain","DR-538","Direct Call","Medical Emergency","Chest Pain","2026/04/17 07:42:54 PM","Sadiqabad"
"280818","Shahla Nawaz","DR-185","EMDS Call","Medical Emergency","Backache","2026/04/17 07:55:56 PM","Rahim Yar Khan"
"280819","Saima Bashir","MR-5819","EMDS Call","Medical Emergency","Chronic Illness","2026/04/17 07:56:38 PM","Sadiqabad"
"280820","Saima Bashir","MR-5819","EMDS Call","Medical Emergency","High Fever","2026/04/17 08:02:02 PM","Rahim Yar Khan"
"280821","Shahla Nawaz","DR-185","Direct Call","Medical Emergency","Joints Pain","2026/04/17 08:11:06 PM","Khanpur"
"280823","Shahid Jamil","DR-184","EMDS Call","Medical Emergency","High Fever","2026/04/17 08:12:56 PM","Rahim Yar Khan"
"280822","Saima Bashir","MR-5819","EMDS Call","Medical Emergency","Anxiety / Psychiatric Disorder","2026/04/17 08:14:04 PM","Liaqatpur"
"280824","Saima Bashir","MR-5819","EMDS Call","Medical Emergency","Abdominal Pain","2026/04/17 08:20:25 PM","Rahim Yar Khan"
"280825","Shahid Jamil","DR-184","EMDS Call","Medical Emergency","Hyperglycemia","2026/04/17 08:25:12 PM","Rahim Yar Khan"
"280826","Saima Bashir","MR-5819","EMDS Call","Medical Emergency","SOB/ Respiratory Distress","2026/04/17 08:25:44 PM","Rahim Yar Khan"
"280827","Saima Bashir","MR-5819","EMDS Call","Medical Emergency","Backache","2026/04/17 08:32:19 PM","Sadiqabad"
"280828","Shahid Jamil","DR-184","EMDS Call","Medical Emergency","Anxiety / Psychiatric Disorder","2026/04/17 08:38:27 PM","Sadiqabad"
"280829","Shahid Jamil","DR-184","Direct Call","Medical Emergency","Abdominal Pain","2026/04/17 08:39:53 PM","Rahim Yar Khan"
"280830","Shahla Nawaz","DR-185","EMDS Call","Road Crash","Bleeding","2026/04/17 08:37:38 PM","Khanpur"
"280831","Shahla Nawaz","DR-185","EMDS Call","Rescue Operations","Delivery Case","2026/04/17 08:45:11 PM","Rahim Yar Khan"
"280832","Shahid Jamil","DR-184","EMDS Call","Medical Emergency","Vertigo/ Dizziness","2026/04/17 08:47:13 PM","Sadiqabad"
"280833","Saima Bashir","MR-5819","EMDS Call","Medical Emergency","Abdominal Pain","2026/04/17 08:50:36 PM","Sadiqabad"
"280834","Saima Bashir","MR-5819","EMDS Call","Medical Emergency","Vomiting","2026/04/17 08:53:28 PM","Rahim Yar Khan"
"280835","Shahla Nawaz","DR-185","EMDS Call","Medical Emergency","Chest Pain","2026/04/17 08:53:36 PM","Sadiqabad"
"280836","Saima Bashir","MR-5819","EMDS Call","Medical Emergency","Hypertension","2026/04/17 09:20:52 PM","Rahim Yar Khan"
"280837","Shahid Jamil","DR-184","EMDS Call","Medical Emergency","Domestic Injuries","2026/04/17 09:20:43 PM","Sadiqabad"
"280838","Shahla Nawaz","DR-185","EMDS Call","Rescue Operations","Snake Emergency","2026/04/17 09:24:28 PM","Liaqatpur"
"280839","Shahid Jamil","DR-184","EMDS Call","Medical Emergency","Backache","2026/04/17 09:29:18 PM","Rahim Yar Khan"
"77957","Bushra Saleem","MR-5701","Direct Call","Patient Transfer Service","N/A","2026/04/17 09:35:01 PM","Khanpur"
"280840","Shahid Jamil","DR-184","EMDS Call","Rescue Operations","Delivery Case","2026/04/17 09:38:16 PM","Liaqatpur"
"280841","Shahid Jamil","DR-184","EMDS Call","Medical Emergency","Vomiting","2026/04/17 09:51:48 PM","Rahim Yar Khan"
"280842","Bushra Saleem","MR-5701","EMDS Call","Medical Emergency","Backache","2026/04/17 09:55:12 PM","Sadiqabad"
"280843","Shahid Jamil","DR-184","EMDS Call","Medical Emergency","Vomiting","2026/04/17 09:56:55 PM","Sadiqabad"
"280844","Saima Bashir","MR-5819","EMDS Call","Fire","Others","2026/04/17 09:54:45 PM","Liaqatpur"
"280845","Saima Bashir","MR-5819","EMDS Call","Medical Emergency","Unconscious","2026/04/17 10:00:02 PM","Sadiqabad"
"280846","Shahla Nawaz","DR-185","EMDS Call","Road Crash","Bleeding","2026/04/17 10:02:16 PM","Rahim Yar Khan"
"77958","Bushra Saleem","MR-5701","Direct Call","Patient Transfer Service","N/A","2026/04/17 10:08:03 PM","Sadiqabad"
"280847","Bushra Saleem","MR-5701","EMDS Call","Medical Emergency","Vomiting","2026/04/17 10:12:36 PM","Rahim Yar Khan"
"280848","Shahla Nawaz","DR-185","EMDS Call","Medical Emergency","Vomiting","2026/04/17 10:11:31 PM","Rahim Yar Khan"
"280849","Shahla Nawaz","DR-185","EMDS Call","Medical Emergency","Anxiety / Psychiatric Disorder","2026/04/17 10:26:21 PM","Rahim Yar Khan"
"280850","Muhammad Zahid","DR-888","EMDS Call","Medical Emergency","Anxiety / Psychiatric Disorder","2026/04/17 10:44:22 PM","Rahim Yar Khan"
"280851","Bushra Saleem","MR-5701","EMDS Call","Medical Emergency","Anxiety / Psychiatric Disorder","2026/04/17 10:48:44 PM","Rahim Yar Khan"
"Not Assigned","Muhammad Zahid","DR-888","EMDS Call","Medical Emergency","Abdominal Pain","2026/04/17 10:53:55 PM","Rahim Yar Khan"
"280853","Muhammad Zahid","DR-888","EMDS Call","Medical Emergency","Joints Pain","2026/04/17 10:56:52 PM","Rahim Yar Khan"
"280854","Muhammad Zubair","DR-894","EMDS Call","Rescue Operations","Delivery Case","2026/04/17 11:00:57 PM","Liaqatpur"
"280854","Muhammad Zubair","DR-894","EMDS Call","Rescue Operations","Delivery Case","2026/04/17 11:00:57 PM","Liaqatpur"
"280854","Muhammad Zubair","DR-894","EMDS Call","Rescue Operations","Delivery Case","2026/04/17 11:00:57 PM","Liaqatpur"
"280854","Muhammad Zubair","DR-894","EMDS Call","Rescue Operations","Delivery Case","2026/04/17 11:00:57 PM","Liaqatpur"
"280855","Muhammad Zubair","DR-894","EMDS Call","Medical Emergency","Headache","2026/04/17 11:04:12 PM","Liaqatpur"
"280856","Farah Sadaqat","MR-5930","EMDS Call","Medical Emergency","Abdominal Pain","2026/04/17 11:15:01 PM","Rahim Yar Khan"
"Not Assigned","Muhammad Zubair","DR-894","Direct Call","Medical Emergency","SOB/ Respiratory Distress","2026/04/17 11:27:46 PM","Rahim Yar Khan"
"77959","Muhammad Tariq Hameed","DR-885","Direct Call","Patient Transfer Service","N/A","2026/04/17 11:30:22 PM","Khanpur"
"280857","Muhammad Zubair","DR-894","EMDS Call","Medical Emergency","Vomiting","2026/04/17 11:34:43 PM","Rahim Yar Khan"
"280858","Farah Sadaqat","MR-5930","EMDS Call","Medical Emergency","Abdominal Pain","2026/04/17 11:36:40 PM","Khanpur"
"280859","Maheen Tahir","MR-6017","EMDS Call","Rescue Operations","Delivery Case","2026/04/17 11:50:07 PM","Rahim Yar Khan"
"77960","Muhammad Tariq Hameed","DR-885","Direct Call","Patient Transfer Service","N/A","2026/04/18 12:08:58 AM","Sadiqabad"
"280860","Farah Sadaqat","MR-5930","EMDS Call","Medical Emergency","Abdominal Pain","2026/04/18 12:20:59 AM","Rahim Yar Khan"
"280861","Muhammad Tariq Hameed","DR-885","EMDS Call","Medical Emergency","Anxiety / Psychiatric Disorder","2026/04/18 12:25:10 AM","Sadiqabad"
"280862","Farah Sadaqat","MR-5930","EMDS Call","Medical Emergency","Gynae Problem","2026/04/18 12:26:50 AM","Khanpur"
"280863","Maheen Tahir","MR-6017","EMDS Call","Medical Emergency","Anxiety / Psychiatric Disorder","2026/04/18 12:32:36 AM","Rahim Yar Khan"
"280864","Farah Sadaqat","MR-5930","EMDS Call","Medical Emergency","Renal Disorders / Renal Colic ","2026/04/18 12:48:38 AM","Rahim Yar Khan"
"280865","Maheen Tahir","MR-6017","EMDS Call","Medical Emergency","Vomiting","2026/04/18 12:49:00 AM","Sadiqabad"
"280866","Muhammad Tariq Hameed","DR-885","EMDS Call","Medical Emergency","Domestic Injuries","2026/04/18 12:53:40 AM","Sadiqabad"
"77961","Farah Sadaqat","MR-5930","Direct Call","Patient Transfer Service","N/A","2026/04/18 12:56:57 AM","Liaqatpur"
"280867","Maheen Tahir","MR-6017","EMDS Call","Medical Emergency","Hyperglycemia","2026/04/18 01:08:37 AM","Sadiqabad"
"280868","Farah Sadaqat","MR-5930","EMDS Call","Medical Emergency","Unconscious","2026/04/18 01:13:53 AM","Rahim Yar Khan"
"280869","Maheen Tahir","MR-6017","EMDS Call","Road Crash","Bleeding","2026/04/18 01:19:06 AM","Rahim Yar Khan"
"280870","Farah Sadaqat","MR-5930","EMDS Call","Medical Emergency","Chest Pain","2026/04/18 01:18:37 AM","Liaqatpur"
"280871","Muhammad Tariq Hameed","DR-885","EMDS Call","Medical Emergency","Abdominal Pain","2026/04/18 01:22:46 AM","Liaqatpur"
"280872","Farah Sadaqat","MR-5930","EMDS Call","Medical Emergency","Joints Pain","2026/04/18 01:28:23 AM","Rahim Yar Khan"
"280873","Maheen Tahir","MR-6017","EMDS Call","Medical Emergency","Renal Disorders / Renal Colic ","2026/04/18 01:58:15 AM","Sadiqabad"
"280874","Farah Sadaqat","MR-5930","EMDS Call","Medical Emergency","Abdominal Pain","2026/04/18 02:09:52 AM","Sadiqabad"
"280875","Maheen Tahir","MR-6017","EMDS Call","Medical Emergency","Vomiting","2026/04/18 02:11:10 AM","Rahim Yar Khan"
"280876","Muhammad Tariq Hameed","DR-885","EMDS Call","Medical Emergency","SOB/ Respiratory Distress","2026/04/18 02:14:10 AM","Khanpur"
"280877","Maheen Tahir","MR-6017","EMDS Call","Medical Emergency","Hypertension","2026/04/18 02:23:23 AM","Liaqatpur"
"280878","Muhammad Tariq Hameed","DR-885","EMDS Call","Medical Emergency","Unconscious","2026/04/18 02:25:45 AM","Rahim Yar Khan"
"280879","Farah Sadaqat","MR-5930","EMDS Call","Medical Emergency","Vomiting","2026/04/18 02:32:19 AM","Rahim Yar Khan"
"280880","Maheen Tahir","MR-6017","EMDS Call","Medical Emergency","Chest Pain","2026/04/18 02:33:58 AM","Rahim Yar Khan"
"280881","Muhammad Tariq Hameed","DR-885","EMDS Call","Medical Emergency","Anxiety / Psychiatric Disorder","2026/04/18 02:36:11 AM","Rahim Yar Khan"
"280882","Farah Sadaqat","MR-5930","EMDS Call","Medical Emergency","Abdominal Pain","2026/04/18 02:38:01 AM","Sadiqabad"
"280883","Muhammad Tariq Hameed","DR-885","EMDS Call","Medical Emergency","Abdominal Pain","2026/04/18 02:41:58 AM","Liaqatpur"
"280884","Muhammad Tariq Hameed","DR-885","EMDS Call","Medical Emergency","Abdominal Pain","2026/04/18 02:57:34 AM","Sadiqabad"
"280885","Maheen Tahir","MR-6017","EMDS Call","Medical Emergency","Earache/ Toothache","2026/04/18 03:05:42 AM","Sadiqabad"
"280886","Muhammad Tariq Hameed","DR-885","EMDS Call","Medical Emergency","Abdominal Pain","2026/04/18 03:05:53 AM","Rahim Yar Khan"
"77962","Farah Sadaqat","MR-5930","Direct Call","Patient Transfer Service","N/A","2026/04/18 03:08:14 AM","Khanpur"
"77963","Farah Sadaqat","MR-5930","Direct Call","Patient Transfer Service","N/A","2026/04/18 03:10:35 AM","Liaqatpur"
"280887","Maheen Tahir","MR-6017","EMDS Call","Medical Emergency","Chest Pain","2026/04/18 03:11:52 AM","Sadiqabad"
"280888","Saira Bibi","MR-5494","EMDS Call","Medical Emergency","CVA/Stroke","2026/04/18 03:19:46 AM","Rahim Yar Khan"
"280889","Saira Bibi","MR-5494","EMDS Call","Medical Emergency","Backache","2026/04/18 04:01:55 AM","Rahim Yar Khan"
"280890","Maheen Tahir","MR-6017","EMDS Call","Medical Emergency","Domestic Injuries","2026/04/18 04:15:22 AM","Sadiqabad"
"280891","Saira Bibi","MR-5494","EMDS Call","Rescue Operations","Delivery Case","2026/04/18 04:17:56 AM","Liaqatpur"
"280892","Maheen Tahir","MR-6017","EMDS Call","Road Crash","Minor Injuries","2026/04/18 04:20:59 AM","Liaqatpur"
"77964","Saira Bibi","MR-5494","Direct Call","Patient Transfer Service","N/A","2026/04/18 05:25:17 AM","Sadiqabad"
"280893","Saira Bibi","MR-5494","EMDS Call","Medical Emergency","High Fever","2026/04/18 06:03:32 AM","Rahim Yar Khan"
"280894","Saqib Nasim","DR-197","EMDS Call","Medical Emergency","Abdominal Pain","2026/04/18 06:03:52 AM","Khanpur"
"280896","Saqib Nasim","DR-197","EMDS Call","Fire","Candle/Heater","2026/04/18 06:11:12 AM","Khanpur"
"280895","Saira Bibi","MR-5494","EMDS Call","Medical Emergency","Anxiety / Psychiatric Disorder","2026/04/18 06:11:26 AM","Rahim Yar Khan"
"280897","Saira Bibi","MR-5494","EMDS Call","Medical Emergency","Backache","2026/04/18 06:24:34 AM","Rahim Yar Khan"
"280898","Saqib Nasim","DR-197","EMDS Call","Rescue Operations","Delivery Case","2026/04/18 06:24:58 AM","Khanpur"
"280899","Saqib Nasim","DR-197","EMDS Call","Medical Emergency","Vomiting","2026/04/18 06:44:00 AM","Rahim Yar Khan"
"280900","Saqib Nasim","DR-197","EMDS Call","Road Crash","Minor Injuries","2026/04/18 06:58:37 AM","Liaqatpur"
"280901","Saira Bibi","MR-5494","EMDS Call","Medical Emergency","Unconscious","2026/04/18 07:01:36 AM","Rahim Yar Khan"
"280902","Zia ul Haq","DR-328","EMDS Call","Medical Emergency","Chronic Illness","2026/04/18 07:22:35 AM","Khanpur"
"280904","Nida Rahat","DR-1322","EMDS Call","Medical Emergency","Vomiting","2026/04/18 07:25:54 AM","Rahim Yar Khan"
"280903","Zia ul Haq","DR-328","EMDS Call","Medical Emergency","Blood In Vomit","2026/04/18 07:25:27 AM","Sadiqabad"
"280905","Shahid Jamil","DR-184","EMDS Call","Medical Emergency","Abdominal Pain","2026/04/18 07:27:17 AM","Sadiqabad"
"280906","Zia ul Haq","DR-328","EMDS Call","Medical Emergency","Abdominal Pain","2026/04/18 07:36:53 AM","Sadiqabad"
"280907","Sheeza Barkat","MR-5331","EMDS Call","Road Crash","Bleeding","2026/04/18 07:42:23 AM","Sadiqabad"
"77965","Nida Rahat","DR-1322","Direct Call","Patient Transfer Service","N/A","2026/04/18 07:48:34 AM","Rahim Yar Khan"
"280908","Sheeza Barkat","MR-5331","EMDS Call","Road Crash","Bleeding","2026/04/18 07:56:02 AM","Sadiqabad"
"280909","Zia ul Haq","DR-328","EMDS Call","Medical Emergency","SOB/ Respiratory Distress","2026/04/18 08:06:40 AM","Rahim Yar Khan"
"280910","Nida Rahat","DR-1322","EMDS Call","Road Crash","Bleeding","2026/04/18 08:07:16 AM","Rahim Yar Khan"
"280911","Zia ul Haq","DR-328","EMDS Call","Rescue Operations","Scalds/Burn Due To Negligence","2026/04/18 08:12:07 AM","Sadiqabad"
"280913","Muhammad Arshad","DR-198","EMDS Call","Medical Emergency","Joints Pain","2026/04/18 08:15:03 AM","Rahim Yar Khan"
"280912","Zia ul Haq","DR-328","EMDS Call","Medical Emergency","High Fever","2026/04/18 08:14:56 AM","Sadiqabad"
"280914","Muhammad Arshad","DR-198","EMDS Call","Medical Emergency","Anxiety / Psychiatric Disorder","2026/04/18 08:19:43 AM","Rahim Yar Khan"
"280915","Sheeza Barkat","MR-5331","EMDS Call","Medical Emergency","Abdominal Pain","2026/04/18 08:21:34 AM","Khanpur"
"280916","Zia ul Haq","DR-328","EMDS Call","Medical Emergency","High Fever","2026/04/18 08:26:11 AM","Khanpur"
"280917","Yasir Ilyas","DR-893","EMDS Call","Medical Emergency","Vomiting","2026/04/18 08:29:56 AM","Liaqatpur"
"280918","Zia ul Haq","DR-328","EMDS Call","Medical Emergency","Chest Pain","2026/04/18 08:38:47 AM","Sadiqabad"
"77966","Muhammad Arshad","DR-198","Direct Call","Patient Transfer Service","N/A","2026/04/18 08:41:33 AM","Khanpur"
"280919","Muhammad Arshad","DR-198","EMDS Call","Medical Emergency","Domestic Injuries","2026/04/18 08:43:55 AM","Rahim Yar Khan"
"77967","Yasir Ilyas","DR-893","Direct Call","Patient Transfer Service","N/A","2026/04/18 09:12:36 AM","Sadiqabad"
"280920","Muhammad Arshad","DR-198","EMDS Call","Road Crash","Minor Injuries","2026/04/18 09:15:16 AM","Rahim Yar Khan"
"77968","Mureed Abbas","DR-900","Direct Call","Patient Transfer Service","N/A","2026/04/18 09:22:19 AM","Liaqatpur"
"280921","Mureed Abbas","DR-900","EMDS Call","Road Crash","Bleeding","2026/04/18 09:23:52 AM","Rahim Yar Khan"
"280921","Mureed Abbas","DR-900","EMDS Call","Road Crash","Bleeding","2026/04/18 09:23:52 AM","Rahim Yar Khan"
"280922","Zia ul Haq","DR-328","EMDS Call","Medical Emergency","Chest Pain","2026/04/18 09:33:04 AM","Sadiqabad"
"77970","Zia ul Haq","DR-328","Direct Call","Patient Transfer Service","N/A","2026/04/18 09:38:44 AM","Liaqatpur"
"77969","Yasir Ilyas","DR-893","Direct Call","Patient Transfer Service","N/A","2026/04/18 09:39:01 AM","Sadiqabad"
"77971","Mureed Abbas","DR-900","Direct Call","Patient Transfer Service","N/A","2026/04/18 09:41:52 AM","Sadiqabad"
"280923","Zia ul Haq","DR-328","EMDS Call","Rescue Operations","Deepwell Extrication","2026/04/18 09:47:51 AM","Sadiqabad"
"280924","Shahid Jamil","DR-184","EMDS Call","Road Crash","Bleeding","2026/04/18 10:01:08 AM","Rahim Yar Khan"
"280925","Mureed Abbas","DR-900","EMDS Call","Medical Emergency","Epistaxis/ Nosebleed","2026/04/18 10:01:51 AM","Sadiqabad"
"77972","Zia ul Haq","DR-328","EMDS Call","Patient Transfer Service","N/A","2026/04/18 10:06:38 AM","Sadiqabad"
"280926","Mureed Abbas","DR-900","EMDS Call","Medical Emergency","Anxiety / Psychiatric Disorder","2026/04/18 10:06:17 AM","Sadiqabad"
"280927","Zia ul Haq","DR-328","EMDS Call","Medical Emergency","Anxiety / Psychiatric Disorder","2026/04/18 10:09:32 AM","Sadiqabad"
"280928","Shahid Jamil","DR-184","EMDS Call","Medical Emergency","Anxiety / Psychiatric Disorder","2026/04/18 10:14:05 AM","Rahim Yar Khan"
"280929","Zia ul Haq","DR-328","EMDS Call","Medical Emergency","Abdominal Pain","2026/04/18 10:14:52 AM","Rahim Yar Khan"
"280930","Nida Rahat","DR-1322","EMDS Call","Crime","Physical Assault/Violence","2026/04/18 10:15:40 AM","Rahim Yar Khan"
"280931","Yasir Ilyas","DR-893","EMDS Call","Medical Emergency","Vertigo/ Dizziness","2026/04/18 10:15:16 AM","Rahim Yar Khan"
"280933","Nida Rahat","DR-1322","EMDS Call","Rescue Operations","Work/Occupational Injuries","2026/04/18 10:30:36 AM","Rahim Yar Khan"
"280932","Yasir Ilyas","DR-893","EMDS Call","Medical Emergency","Anxiety / Psychiatric Disorder","2026/04/18 10:30:29 AM","Rahim Yar Khan"
"280934","Imran Anjum","DR-204","EMDS Call","Road Crash","Minor Injuries","2026/04/18 10:42:05 AM","Rahim Yar Khan"
"280935","Nida Rahat","DR-1322","EMDS Call","Medical Emergency","Backache","2026/04/18 10:44:47 AM","Sadiqabad"
"280936","Nida Rahat","DR-1322","EMDS Call","Medical Emergency","Renal Disorders / Renal Colic ","2026/04/18 10:48:35 AM","Rahim Yar Khan"
"280937","Nida Rahat","DR-1322","EMDS Call","Medical Emergency","Unconscious","2026/04/18 10:51:20 AM","Khanpur"
"280938","Yasir Ilyas","DR-893","EMDS Call","Road Crash","Minor Injuries","2026/04/18 11:01:41 AM","Rahim Yar Khan"
"280939","Yasir Ilyas","DR-893","EMDS Call","Medical Emergency","CVA/Stroke","2026/04/18 11:17:13 AM","Sadiqabad"
"280940","Imran Anjum","DR-204","EMDS Call","Medical Emergency","Backache","2026/04/18 11:29:42 AM","Sadiqabad"
"280941","Yasir Ilyas","DR-893","EMDS Call","Medical Emergency","High Fever","2026/04/18 11:34:39 AM","Khanpur"
"280942","Yasir Ilyas","DR-893","EMDS Call","Medical Emergency","Anxiety / Psychiatric Disorder","2026/04/18 11:41:33 AM","Rahim Yar Khan"
"280943","Zupasha Zia","MR-5758","EMDS Call","Medical Emergency","Anxiety / Psychiatric Disorder","2026/04/18 11:47:23 AM","Rahim Yar Khan"
"280944","Nida Rahat","DR-1322","EMDS Call","Medical Emergency","Hypertension","2026/04/18 11:52:23 AM","Rahim Yar Khan"
"280945","Zupasha Zia","MR-5758","EMDS Call","Road Crash","Minor Injuries","2026/04/18 11:54:59 AM","Sadiqabad"
"280946","Imran Anjum","DR-204","EMDS Call","Medical Emergency","Hypertension","2026/04/18 11:56:45 AM","Khanpur"
"280947","Nida Rahat","DR-1322","EMDS Call","Road Crash","Bleeding","2026/04/18 11:58:31 AM","Sadiqabad"
"280947","Nida Rahat","DR-1322","EMDS Call","Road Crash","Bleeding","2026/04/18 11:58:31 AM","Sadiqabad"
"280948","Imran Anjum","DR-204","EMDS Call","Medical Emergency","Vertigo/ Dizziness","2026/04/18 12:02:32 PM","Rahim Yar Khan"
"280949","Zupasha Zia","MR-5758","EMDS Call","Medical Emergency","SOB/ Respiratory Distress","2026/04/18 12:11:47 PM","Sadiqabad"
"280950","Nida Rahat","DR-1322","EMDS Call","Medical Emergency","Renal Disorders / Renal Colic ","2026/04/18 12:35:17 PM","Khanpur"
"280951","Zupasha Zia","MR-5758","EMDS Call","Medical Emergency","Hypertension","2026/04/18 12:35:41 PM","Rahim Yar Khan"
"280952","Nida Rahat","DR-1322","EMDS Call","Medical Emergency","Domestic Injuries","2026/04/18 12:39:37 PM","Rahim Yar Khan"
"280953","Imran Anjum","DR-204","EMDS Call","Medical Emergency","Chest Pain","2026/04/18 12:40:49 PM","Rahim Yar Khan"
"280954","Aasia Batool","MR-5198","EMDS Call","Medical Emergency","Hypoglycemia","2026/04/18 12:44:42 PM","Rahim Yar Khan"
"280956","Nida Rahat","DR-1322","EMDS Call","Road Crash","Bleeding","2026/04/18 12:47:02 PM","Khanpur"
"280955","Zupasha Zia","MR-5758","EMDS Call","Medical Emergency","Epistaxis/ Nosebleed","2026/04/18 12:47:27 PM","Rahim Yar Khan"
"280957","Imran Anjum","DR-204","EMDS Call","Medical Emergency","Allergy","2026/04/18 12:49:09 PM","Sadiqabad"
"280958","Zupasha Zia","MR-5758","EMDS Call","Medical Emergency","Domestic Injuries","2026/04/18 12:56:32 PM","Rahim Yar Khan"
"280959","Imran Anjum","DR-204","EMDS Call","Medical Emergency","Vertigo/ Dizziness","2026/04/18 12:56:33 PM","Khanpur"
"280960","Aasia Batool","MR-5198","EMDS Call","Medical Emergency","Hypertension","2026/04/18 12:59:40 PM","Khanpur"
"280961","Imran Anjum","DR-204","Direct Call","Medical Emergency","Anxiety / Psychiatric Disorder","2026/04/18 01:02:35 PM","Rahim Yar Khan"
"280962","Imran Anjum","DR-204","EMDS Call","Road Crash","Bleeding","2026/04/18 01:05:39 PM","Khanpur"
"280963","Zupasha Zia","MR-5758","EMDS Call","Rescue Operations","Animal/Bird Rescue","2026/04/18 01:04:46 PM","Sadiqabad"
"280964","Imran Anjum","DR-204","EMDS Call","Medical Emergency","Domestic Injuries","2026/04/18 01:15:35 PM","Sadiqabad"
"77973","Aasia Batool","MR-5198","Direct Call","Patient Transfer Service","N/A","2026/04/18 01:17:20 PM","Sadiqabad"
"280965","Zupasha Zia","MR-5758","EMDS Call","Medical Emergency","Anxiety / Psychiatric Disorder","2026/04/18 01:25:30 PM","Rahim Yar Khan"
"280966","Zupasha Zia","MR-5758","EMDS Call","Fire","Short Circuit","2026/04/18 01:30:40 PM","Khanpur"
"280967","Sheeza Barkat","MR-5331","EMDS Call","Medical Emergency","SOB/ Respiratory Distress","2026/04/18 01:30:58 PM","Rahim Yar Khan"
"280968","Nida Rahat","DR-1322","EMDS Call","Medical Emergency","Vomiting","2026/04/18 01:31:27 PM","Liaqatpur"
"280969","Sheeza Barkat","MR-5331","EMDS Call","Medical Emergency","Vertigo/ Dizziness","2026/04/18 01:34:26 PM","Rahim Yar Khan"
"280970","Zia ul Haq","DR-328","EMDS Call","Medical Emergency","Chest Pain","2026/04/18 01:37:19 PM","Sadiqabad"
"77974","Zia ul Haq","DR-328","Direct Call","Patient Transfer Service","N/A","2026/04/18 01:42:19 PM","Khanpur"
"280971","Zupasha Zia","MR-5758","EMDS Call","Medical Emergency","Anxiety / Psychiatric Disorder","2026/04/18 01:47:01 PM","Rahim Yar Khan"
"77975","Nida Rahat","DR-1322","Direct Call","Patient Transfer Service","N/A","2026/04/18 01:49:26 PM","Khanpur"
"280972","Sheeza Barkat","MR-5331","EMDS Call","Road Crash","Severe Trauma","2026/04/18 01:54:09 PM","Khanpur"
"280973","Aasia Batool","MR-5198","EMDS Call","Medical Emergency","High Fever","2026/04/18 02:11:14 PM","Khanpur"
"280974","Zupasha Zia","MR-5758","EMDS Call","Medical Emergency","Chronic Illness","2026/04/18 02:20:12 PM","Rahim Yar Khan"
"280975","Aasia Batool","MR-5198","EMDS Call","Medical Emergency","Anxiety / Psychiatric Disorder","2026/04/18 02:33:17 PM","Rahim Yar Khan"
"280976","Sheeza Barkat","MR-5331","EMDS Call","Road Crash","Severe Trauma","2026/04/18 02:33:08 PM","Rahim Yar Khan"
"280977","Zupasha Zia","MR-5758","EMDS Call","Medical Emergency","Vomiting","2026/04/18 02:35:10 PM","Rahim Yar Khan"
"280978","Aasia Batool","MR-5198","EMDS Call","Rescue Operations","Animal/Bird Rescue","2026/04/18 02:39:02 PM","Rahim Yar Khan"
"280979","Zupasha Zia","MR-5758","EMDS Call","Medical Emergency","Abdominal Pain","2026/04/18 02:42:01 PM","Rahim Yar Khan"
"280980","Aasia Batool","MR-5198","EMDS Call","Medical Emergency","Hypertension","2026/04/18 02:44:44 PM","Sadiqabad"
"280981","Zupasha Zia","MR-5758","EMDS Call","Medical Emergency","Hypertension","2026/04/18 02:47:18 PM","Rahim Yar Khan"
"77976","Aasia Batool","MR-5198","Direct Call","Patient Transfer Service","N/A","2026/04/18 02:53:25 PM","Sadiqabad"
"280982","Muhammad Rashid Saleem","DR-187","EMDS Call","Medical Emergency","Domestic Injuries","2026/04/18 02:56:13 PM","Rahim Yar Khan"
"280983","Rana M. Usman","DR-200","EMDS Call","Medical Emergency","Blood In Vomit","2026/04/18 02:59:16 PM","Rahim Yar Khan"
"280984","Muhammad Rashid Saleem","DR-187","EMDS Call","Medical Emergency","Gynae Problem","2026/04/18 02:59:48 PM","Sadiqabad"
"280985","Rana M. Usman","DR-200","EMDS Call","Road Crash","Bleeding","2026/04/18 03:02:23 PM","Sadiqabad"
"77977","Muhammad Fiaz","DR-206","Direct Call","Patient Transfer Service","N/A","2026/04/18 03:09:14 PM","Khanpur"
"280986","Rana M. Usman","DR-200","EMDS Call","Medical Emergency","Anxiety / Psychiatric Disorder","2026/04/18 03:20:57 PM","Rahim Yar Khan"
"280987","Bushra Saleem","MR-5701","EMDS Call","Medical Emergency","Hypertension","2026/04/18 03:23:46 PM","Rahim Yar Khan"
"280990","Muhammad Fiaz","DR-206","EMDS Call","Fire","Wheat Fire","2026/04/18 03:24:15 PM","Rahim Yar Khan"
"280988","Rana M. Usman","DR-200","EMDS Call","Medical Emergency","Anxiety / Psychiatric Disorder","2026/04/18 03:26:59 PM","Sadiqabad"
"280989","Bushra Saleem","MR-5701","EMDS Call","Medical Emergency","Renal Disorders / Renal Colic ","2026/04/18 03:30:18 PM","Rahim Yar Khan"
"280991","Rana M. Usman","DR-200","EMDS Call","Medical Emergency","Chest Pain","2026/04/18 03:37:32 PM","Khanpur"
"280992","Bushra Saleem","MR-5701","EMDS Call","Road Crash","Minor Injuries","2026/04/18 03:38:49 PM","Liaqatpur"
"280993","Muhammad Fiaz","DR-206","EMDS Call","Medical Emergency","SOB/ Respiratory Distress","2026/04/18 03:43:09 PM","Sadiqabad"
"280994","Rana M. Usman","DR-200","EMDS Call","Road Crash","Bleeding","2026/04/18 03:43:36 PM","Khanpur"
"77978","Rana M. Usman","DR-200","Direct Call","Patient Transfer Service","N/A","2026/04/18 03:49:58 PM","Sadiqabad"
"77979","Bushra Saleem","MR-5701","Direct Call","Patient Transfer Service","N/A","2026/04/18 03:54:26 PM","Sadiqabad"
"280995","Rana M. Usman","DR-200","EMDS Call","Medical Emergency","SOB/ Respiratory Distress","2026/04/18 04:03:01 PM","Sadiqabad"
"280996","Rana M. Usman","DR-200","EMDS Call","Road Crash","Minor Injuries","2026/04/18 04:10:09 PM","Rahim Yar Khan"
"280997","Bushra Saleem","MR-5701","EMDS Call","Rescue Operations","Work/Occupational Injuries","2026/04/18 04:16:16 PM","Rahim Yar Khan"
"280998","Muhammad Fiaz","DR-206","EMDS Call","Medical Emergency","Unconscious","2026/04/18 04:17:38 PM","Khanpur"
"280999","Bushra Saleem","MR-5701","EMDS Call","Medical Emergency","Anxiety / Psychiatric Disorder","2026/04/18 04:18:41 PM","Rahim Yar Khan"
"281001","Bushra Saleem","MR-5701","EMDS Call","Medical Emergency","Vomiting","2026/04/18 04:30:55 PM","Liaqatpur"
"281000","Muhammad Fiaz","DR-206","EMDS Call","Medical Emergency","SOB/ Respiratory Distress","2026/04/18 04:35:00 PM","Rahim Yar Khan"
"77980","Saima Bashir","MR-5819","Direct Call","Patient Transfer Service","N/A","2026/04/18 04:36:56 PM","Liaqatpur"
"77981","Saima Bashir","MR-5819","Direct Call","Patient Transfer Service","N/A","2026/04/18 04:39:25 PM","Liaqatpur"
"281002","Muhammad Fiaz","DR-206","EMDS Call","Road Crash","Bleeding","2026/04/18 04:41:04 PM","Sadiqabad"
"77982","Bushra Saleem","MR-5701","Direct Call","Patient Transfer Service","N/A","2026/04/18 04:44:58 PM","Sadiqabad"
"281003","Saima Bashir","MR-5819","EMDS Call","Medical Emergency","SOB/ Respiratory Distress","2026/04/18 05:00:40 PM","Rahim Yar Khan"
"281004","Bushra Saleem","MR-5701","EMDS Call","Medical Emergency","Headache","2026/04/18 05:14:18 PM","Rahim Yar Khan"
"281005","Saima Bashir","MR-5819","EMDS Call","Road Crash","Bleeding","2026/04/18 05:14:57 PM","Sadiqabad"
"281006","Bushra Saleem","MR-5701","EMDS Call","Medical Emergency","Abdominal Pain","2026/04/18 05:21:39 PM","Rahim Yar Khan"
"281008","Saima Bashir","MR-5819","EMDS Call","Medical Emergency","Chest Pain","2026/04/18 05:23:43 PM","Khanpur"
"281007","Muhammad Fiaz","DR-206","EMDS Call","Medical Emergency","Joints Pain","2026/04/18 05:24:02 PM","Rahim Yar Khan"
"281010","Saima Bashir","MR-5819","EMDS Call","Rescue Operations","Animal/Bird Rescue","2026/04/18 05:27:59 PM","Liaqatpur"
"281009","Bushra Saleem","MR-5701","EMDS Call","Road Crash","Minor Injuries","2026/04/18 05:29:04 PM","Rahim Yar Khan"
"281011","Muhammad Fiaz","DR-206","EMDS Call","Medical Emergency","Joints Pain","2026/04/18 05:40:37 PM","Sadiqabad"
"281012","Muhammad Fiaz","DR-206","EMDS Call","Medical Emergency","SOB/ Respiratory Distress","2026/04/18 05:45:13 PM","Khanpur"
"281013","Muhammad Rashid Saleem","DR-187","EMDS Call","Medical Emergency","Vomiting","2026/04/18 05:49:37 PM","Liaqatpur"
"281014","Muhammad Fiaz","DR-206","EMDS Call","Medical Emergency","Abdominal Pain","2026/04/18 05:59:31 PM","Liaqatpur"
"281015","Bushra Saleem","MR-5701","EMDS Call","Medical Emergency","Domestic Injuries","2026/04/18 06:01:50 PM","Rahim Yar Khan"
"281016","Muhammad Fiaz","DR-206","EMDS Call","Medical Emergency","Hypoglycemia","2026/04/18 06:02:17 PM","Rahim Yar Khan"
"281017","Bushra Saleem","MR-5701","Direct Call","Medical Emergency","CVA/Stroke","2026/04/18 06:08:11 PM","Liaqatpur"
"281020","Bushra Saleem","MR-5701","EMDS Call","Medical Emergency","Anxiety / Psychiatric Disorder","2026/04/18 06:14:48 PM","Rahim Yar Khan"
"281018","Saima Bashir","MR-5819","EMDS Call","Medical Emergency","High Fever","2026/04/18 06:19:00 PM","Rahim Yar Khan"
"281019","Muhammad Rashid Saleem","DR-187","EMDS Call","Medical Emergency","Hypertension","2026/04/18 06:20:55 PM","Sadiqabad"
"281021","Saima Bashir","MR-5819","EMDS Call","Medical Emergency","Joints Pain","2026/04/18 06:22:57 PM","Sadiqabad"
"281022","Bushra Saleem","MR-5701","EMDS Call","Medical Emergency","Hypertension","2026/04/18 06:23:17 PM","Sadiqabad"
"281023","Bushra Saleem","MR-5701","EMDS Call","Rescue Operations","Delivery Case","2026/04/18 06:26:55 PM","Khanpur"
"281024","Muhammad Fiaz","DR-206","EMDS Call","Road Crash","Bleeding","2026/04/18 06:27:56 PM","Rahim Yar Khan"
"281025","Saima Bashir","MR-5819","EMDS Call","Medical Emergency","Hypertension","2026/04/18 06:42:31 PM","Rahim Yar Khan"
"77983","Muhammad Fiaz","DR-206","Direct Call","Patient Transfer Service","N/A","2026/04/18 06:43:37 PM","Sadiqabad"
"281026","Bushra Saleem","MR-5701","EMDS Call","Medical Emergency","Anxiety / Psychiatric Disorder","2026/04/18 06:44:03 PM","Rahim Yar Khan"
"281027","Muhammad Fiaz","DR-206","EMDS Call","Medical Emergency","SOB/ Respiratory Distress","2026/04/18 06:44:08 PM","Rahim Yar Khan"
"77984","Muhammad Fiaz","DR-206","Direct Call","Patient Transfer Service","N/A","2026/04/18 06:49:07 PM","Sadiqabad"
"281028","Muhammad Fiaz","DR-206","EMDS Call","Medical Emergency","High Fever","2026/04/18 06:51:12 PM","Rahim Yar Khan"
"281029","Bushra Saleem","MR-5701","EMDS Call","Medical Emergency","Hyperglycemia","2026/04/18 06:56:10 PM","Rahim Yar Khan"
"281030","Bushra Saleem","MR-5701","EMDS Call","Medical Emergency","Domestic Injuries","2026/04/18 07:11:09 PM","Rahim Yar Khan"
"281031","Muhammad Rashid Saleem","DR-187","EMDS Call","Road Crash","Multiple Fractures","2026/04/18 07:17:33 PM","Rahim Yar Khan"
"281031","Muhammad Rashid Saleem","DR-187","EMDS Call","Road Crash","Multiple Fractures","2026/04/18 07:17:33 PM","Rahim Yar Khan"
"281032","Bushra Saleem","MR-5701","EMDS Call","Medical Emergency","Vomiting","2026/04/18 07:17:04 PM","Rahim Yar Khan"
"281033","Bushra Saleem","MR-5701","EMDS Call","Road Crash","Minor Injuries","2026/04/18 07:22:13 PM","Sadiqabad"
"281034","Muhammad Rashid Saleem","DR-187","EMDS Call","Medical Emergency","Joints Pain","2026/04/18 07:24:23 PM","Rahim Yar Khan"
"281035","Bushra Saleem","MR-5701","Direct Call","Road Crash","Minor Injuries","2026/04/18 07:27:30 PM","Rahim Yar Khan"
"77985","Saima Bashir","MR-5819","Direct Call","Patient Transfer Service","N/A","2026/04/18 07:29:17 PM","Khanpur"
"281037","Muhammad Rashid Saleem","DR-187","EMDS Call","Road Crash","Multiple Fractures","2026/04/18 07:33:43 PM","Khanpur"
"281036","Bushra Saleem","MR-5701","EMDS Call","Medical Emergency","Anxiety / Psychiatric Disorder","2026/04/18 07:33:17 PM","Rahim Yar Khan"
"281038","Muhammad Rashid Saleem","DR-187","EMDS Call","Medical Emergency","Chronic Illness","2026/04/18 07:38:11 PM","Rahim Yar Khan"
"281039","Bushra Saleem","MR-5701","EMDS Call","Road Crash","Minor Injuries","2026/04/18 07:46:58 PM","Khanpur"
"281040","Muhammad Fiaz","DR-206","EMDS Call","Medical Emergency","Hypertension","2026/04/18 07:48:48 PM","Sadiqabad"
"281041","Bushra Saleem","MR-5701","EMDS Call","Fire","Others","2026/04/18 07:49:56 PM","Khanpur"
"77986","Bushra Saleem","MR-5701","Direct Call","Patient Transfer Service","N/A","2026/04/18 07:52:53 PM","Sadiqabad"
"281042","Muhammad Fiaz","DR-206","EMDS Call","Medical Emergency","Chest Pain","2026/04/18 07:54:52 PM","Rahim Yar Khan"
"281043","Muhammad Fiaz","DR-206","EMDS Call","Medical Emergency","SOB/ Respiratory Distress","2026/04/18 07:58:47 PM","Rahim Yar Khan"
"281044","Saima Bashir","MR-5819","EMDS Call","Medical Emergency","Hypertension","2026/04/18 08:02:49 PM","Khanpur"
"281045","Bushra Saleem","MR-5701","EMDS Call","Medical Emergency","Anxiety / Psychiatric Disorder","2026/04/18 08:04:12 PM","Rahim Yar Khan"
"281046","Saima Bashir","MR-5819","EMDS Call","Medical Emergency","Anxiety / Psychiatric Disorder","2026/04/18 08:06:25 PM","Sadiqabad"
"281047","Bushra Saleem","MR-5701","EMDS Call","Medical Emergency","Headache","2026/04/18 08:07:00 PM","Khanpur"
"281048","Bushra Saleem","MR-5701","EMDS Call","Road Crash","Minor Injuries","2026/04/18 08:09:47 PM","Rahim Yar Khan"
"281049","Bushra Saleem","MR-5701","EMDS Call","Medical Emergency","Vomiting","2026/04/18 08:13:25 PM","Liaqatpur"
"281050","Saima Bashir","MR-5819","EMDS Call","Medical Emergency","Hypoglycemia","2026/04/18 08:14:04 PM","Rahim Yar Khan"
"281053","Saima Bashir","MR-5819","EMDS Call","Medical Emergency","Joints Pain","2026/04/18 08:25:22 PM","Khanpur"
"281052","Muhammad Fiaz","DR-206","EMDS Call","Medical Emergency","Backache","2026/04/18 08:26:55 PM","Rahim Yar Khan"
"281051","Bushra Saleem","MR-5701","EMDS Call","Rescue Operations","Snake Emergency","2026/04/18 08:26:10 PM","Liaqatpur"
"281054","Saima Bashir","MR-5819","EMDS Call","Medical Emergency","Vomiting","2026/04/18 08:28:12 PM","Sadiqabad"
"281055","Saima Bashir","MR-5819","EMDS Call","Medical Emergency","Abdominal Pain","2026/04/18 08:34:00 PM","Rahim Yar Khan"
"281056","Muhammad Fiaz","DR-206","EMDS Call","Medical Emergency","Headache","2026/04/18 08:39:16 PM","Rahim Yar Khan"
"281057","Bushra Saleem","MR-5701","EMDS Call","Medical Emergency","Joints Pain","2026/04/18 08:40:45 PM","Rahim Yar Khan"
"281058","Saima Bashir","MR-5819","EMDS Call","Medical Emergency","Anxiety / Psychiatric Disorder","2026/04/18 08:47:26 PM","Rahim Yar Khan"
"281059","Saima Bashir","MR-5819","EMDS Call","Road Crash","Severe Trauma","2026/04/18 09:02:25 PM","Sadiqabad"
"281060","Muhammad Fiaz","DR-206","EMDS Call","Road Crash","Severe Trauma","2026/04/18 09:03:34 PM","Sadiqabad"
"281061","Bushra Saleem","MR-5701","EMDS Call","Medical Emergency","Hypertension","2026/04/18 09:06:26 PM","Rahim Yar Khan"
"281062","Muhammad Fiaz","DR-206","EMDS Call","Road Crash","Bleeding","2026/04/18 09:08:25 PM","Rahim Yar Khan"
"281063","Bushra Saleem","MR-5701","EMDS Call","Rescue Operations","Delivery Case","2026/04/18 09:11:33 PM","Sadiqabad"
"281064","Muhammad Fiaz","DR-206","EMDS Call","Medical Emergency","Headache","2026/04/18 09:12:37 PM","Rahim Yar Khan"
"281065","Bushra Saleem","MR-5701","EMDS Call","Road Crash","Minor Injuries","2026/04/18 09:14:57 PM","Khanpur"
"281066","Bushra Saleem","MR-5701","EMDS Call","Medical Emergency","SOB/ Respiratory Distress","2026/04/18 09:20:54 PM","Khanpur"
"281067","Saima Bashir","MR-5819","EMDS Call","Medical Emergency","High Fever","2026/04/18 09:34:54 PM","Rahim Yar Khan"
"77987","Saima Bashir","MR-5819","Direct Call","Patient Transfer Service","N/A","2026/04/18 09:45:39 PM","Sadiqabad"
"281068","Muhammad Rashid Saleem","DR-187","EMDS Call","Medical Emergency","SOB/ Respiratory Distress","2026/04/18 09:43:40 PM","Khanpur"
"77988","Saima Bashir","MR-5819","Direct Call","Patient Transfer Service","N/A","2026/04/18 09:48:30 PM","Sadiqabad"
"281069","Bushra Saleem","MR-5701","EMDS Call","Medical Emergency","Vomiting","2026/04/18 09:49:47 PM","Rahim Yar Khan"
"281070","Muhammad Rashid Saleem","DR-187","EMDS Call","Medical Emergency","Abdominal Pain","2026/04/18 09:55:03 PM","Khanpur"
"281071","Saima Bashir","MR-5819","EMDS Call","Medical Emergency","Joints Pain","2026/04/18 09:57:45 PM","Rahim Yar Khan"
"281072","Bushra Saleem","MR-5701","EMDS Call","Medical Emergency","Hypertension","2026/04/18 09:57:33 PM","Rahim Yar Khan"
"281073","Bushra Saleem","MR-5701","EMDS Call","Medical Emergency","Vomiting","2026/04/18 10:05:20 PM","Rahim Yar Khan"
"77990","Muhammad Rashid Saleem","DR-187","Direct Call","Patient Transfer Service","N/A","2026/04/18 10:08:36 PM","Rahim Yar Khan"
"77990","Muhammad Rashid Saleem","DR-187","Direct Call","Patient Transfer Service","N/A","2026/04/18 10:08:36 PM","Rahim Yar Khan"
"77989","Muhammad Fiaz","DR-206","Direct Call","Patient Transfer Service","N/A","2026/04/18 10:09:16 PM","Sadiqabad"
"281074","Saima Bashir","MR-5819","EMDS Call","Road Crash","Bleeding","2026/04/18 10:10:54 PM","Rahim Yar Khan"
"281075","Saima Bashir","MR-5819","EMDS Call","Road Crash","Bleeding","2026/04/18 10:16:06 PM","Khanpur"
"281076","Bushra Saleem","MR-5701","EMDS Call","Medical Emergency","High Fever","2026/04/18 10:22:06 PM","Rahim Yar Khan"
"281077","Bushra Saleem","MR-5701","EMDS Call","Medical Emergency","Chronic Illness","2026/04/18 10:26:43 PM","Khanpur"
"281078","Bushra Saleem","MR-5701","EMDS Call","Medical Emergency","Vomiting","2026/04/18 10:30:36 PM","Rahim Yar Khan"
"281079","Saima Bashir","MR-5819","EMDS Call","Rescue Operations","Delivery Case","2026/04/18 10:31:43 PM","Rahim Yar Khan"
"281080","Bushra Saleem","MR-5701","EMDS Call","Medical Emergency","Chest Pain","2026/04/18 10:36:55 PM","Sadiqabad"
"281081","Muhammad Fiaz","DR-206","EMDS Call","Medical Emergency","SOB/ Respiratory Distress","2026/04/18 10:41:28 PM","Rahim Yar Khan"
"281082","Saima Bashir","MR-5819","EMDS Call","Road Crash","Bleeding","2026/04/18 10:56:25 PM","Liaqatpur"
"281083","Farah Sadaqat","MR-5930","EMDS Call","Medical Emergency","SOB/ Respiratory Distress","2026/04/18 11:00:09 PM","Rahim Yar Khan"
"281084","Maheen Tahir","MR-6017","EMDS Call","Medical Emergency","Chronic Illness","2026/04/18 11:00:26 PM","Khanpur"
"281085","Zahid Manzoor","DR-887","EMDS Call","Medical Emergency","Anxiety / Psychiatric Disorder","2026/04/18 11:07:13 PM","Rahim Yar Khan"
"281086","Zahid Manzoor","DR-887","EMDS Call","Medical Emergency","Abdominal Pain","2026/04/18 11:20:59 PM","Khanpur"
"77991","Maheen Tahir","MR-6017","Direct Call","Patient Transfer Service","N/A","2026/04/18 11:23:12 PM","Khanpur"
"281087","Farah Sadaqat","MR-5930","EMDS Call","Medical Emergency","Chronic Illness","2026/04/18 11:39:27 PM","Rahim Yar Khan"
"281088","Maheen Tahir","MR-6017","EMDS Call","Medical Emergency","Abdominal Pain","2026/04/18 11:45:04 PM","Sadiqabad"
"77992","Zahid Manzoor","DR-887","Direct Call","Patient Transfer Service","N/A","2026/04/18 11:52:50 PM","Rahim Yar Khan"
"281089","Zahid Manzoor","DR-887","EMDS Call","Medical Emergency","SOB/ Respiratory Distress","2026/04/18 11:55:48 PM","Rahim Yar Khan"
"77993","Maheen Tahir","MR-6017","Direct Call","Patient Transfer Service","N/A","2026/04/18 11:57:42 PM","Sadiqabad"
"281090","Maheen Tahir","MR-6017","EMDS Call","Medical Emergency","Renal Disorders / Renal Colic ","2026/04/19 12:01:56 AM","Rahim Yar Khan"
"77994","Farah Sadaqat","MR-5930","Direct Call","Patient Transfer Service","N/A","2026/04/19 12:05:56 AM","Khanpur"
"281091","Maheen Tahir","MR-6017","EMDS Call","Medical Emergency","SOB/ Respiratory Distress","2026/04/19 12:07:09 AM","Liaqatpur"
"281092","Maheen Tahir","MR-6017","EMDS Call","Medical Emergency","SOB/ Respiratory Distress","2026/04/19 12:17:41 AM","Liaqatpur"
"77995","Maheen Tahir","MR-6017","Direct Call","Patient Transfer Service","N/A","2026/04/19 12:44:47 AM","Sadiqabad"
"281093","Maheen Tahir","MR-6017","EMDS Call","Medical Emergency","Abdominal Pain","2026/04/19 12:54:43 AM","Khanpur"
"77996","Farah Sadaqat","MR-5930","Direct Call","Patient Transfer Service","N/A","2026/04/19 01:19:44 AM","Sadiqabad"
"281094","Maheen Tahir","MR-6017","EMDS Call","Medical Emergency","Vomiting","2026/04/19 01:18:45 AM","Rahim Yar Khan"
"281095","Farah Sadaqat","MR-5930","EMDS Call","Medical Emergency","Hypertension","2026/04/19 01:21:31 AM","Rahim Yar Khan"
"77997","Farah Sadaqat","MR-5930","Direct Call","Patient Transfer Service","N/A","2026/04/19 01:25:19 AM","Sadiqabad"
"77998","Maheen Tahir","MR-6017","Direct Call","Patient Transfer Service","N/A","2026/04/19 01:40:56 AM","Liaqatpur"
"281096","Maheen Tahir","MR-6017","EMDS Call","Medical Emergency","Vomiting","2026/04/19 01:41:52 AM","Khanpur"
"281097","Zahid Manzoor","DR-887","EMDS Call","Rescue Operations","Delivery Case","2026/04/19 01:46:41 AM","Liaqatpur"
"281098","Farah Sadaqat","MR-5930","EMDS Call","Rescue Operations","Delivery Case","2026/04/19 02:05:19 AM","Rahim Yar Khan"
"281099","Zahid Manzoor","DR-887","EMDS Call","Medical Emergency","Chronic Illness","2026/04/19 02:17:48 AM","Rahim Yar Khan"
"281100","Farah Sadaqat","MR-5930","EMDS Call","Medical Emergency","Joints Pain","2026/04/19 02:20:47 AM","Liaqatpur"
"281101","Maheen Tahir","MR-6017","EMDS Call","Medical Emergency","High Fever","2026/04/19 02:41:25 AM","Rahim Yar Khan"
"281102","Zahid Manzoor","DR-887","EMDS Call","Medical Emergency","SOB/ Respiratory Distress","2026/04/19 02:57:20 AM","Rahim Yar Khan"
"281103","Zahid Manzoor","DR-887","EMDS Call","Medical Emergency","SOB/ Respiratory Distress","2026/04/19 03:01:12 AM","Liaqatpur"
"281104","Faiz Muhyy Ul Din","DR-892","EMDS Call","Medical Emergency","Backache","2026/04/19 03:15:30 AM","Rahim Yar Khan"
"281105","Saira Bibi","MR-5494","EMDS Call","Medical Emergency","Headache","2026/04/19 03:28:50 AM","Sadiqabad"
"281106","Faiz Muhyy Ul Din","DR-892","EMDS Call","Medical Emergency","Abdominal Pain","2026/04/19 03:42:01 AM","Khanpur"
"77999","Shaheen Islam","DR-1171","Direct Call","Patient Transfer Service","N/A","2026/04/19 03:56:26 AM","Khanpur"
"78000","Shaheen Islam","DR-1171","Direct Call","Patient Transfer Service","N/A","2026/04/19 04:01:45 AM","Khanpur"
"281107","Shaheen Islam","DR-1171","EMDS Call","Medical Emergency","Backache","2026/04/19 04:10:52 AM","Rahim Yar Khan"
"281108","Saira Bibi","MR-5494","EMDS Call","Medical Emergency","Abdominal Pain","2026/04/19 04:22:56 AM","Rahim Yar Khan"
"281109","Faiz Muhyy Ul Din","DR-892","EMDS Call","Crime","Stabbing","2026/04/19 04:36:05 AM","Khanpur"
"281109","Faiz Muhyy Ul Din","DR-892","EMDS Call","Crime","Stabbing","2026/04/19 04:36:05 AM","Khanpur"
"78001","Saira Bibi","MR-5494","Direct Call","Patient Transfer Service","N/A","2026/04/19 04:41:20 AM","Khanpur"
"281110","Shaheen Islam","DR-1171","EMDS Call","Medical Emergency","Gynae Problem","2026/04/19 04:41:43 AM","Sadiqabad"
"281111","Faiz Muhyy Ul Din","DR-892","EMDS Call","Medical Emergency","Vomiting","2026/04/19 04:55:45 AM","Khanpur"
"281112","Saira Bibi","MR-5494","EMDS Call","Medical Emergency","Epilepsy","2026/04/19 05:05:22 AM","Liaqatpur"
"281113","Shaheen Islam","DR-1171","EMDS Call","Rescue Operations","Delivery Case","2026/04/19 05:07:49 AM","Rahim Yar Khan"
"281114","Faiz Muhyy Ul Din","DR-892","EMDS Call","Medical Emergency","Chest Pain","2026/04/19 05:12:19 AM","Sadiqabad"
"281115","Saira Bibi","MR-5494","EMDS Call","Medical Emergency","Abdominal Pain","2026/04/19 05:15:08 AM","Rahim Yar Khan"
"281116","Shaheen Islam","DR-1171","EMDS Call","Medical Emergency","Vomiting","2026/04/19 05:16:59 AM","Rahim Yar Khan"
"281117","Saira Bibi","MR-5494","EMDS Call","Medical Emergency","SOB/ Respiratory Distress","2026/04/19 05:41:13 AM","Khanpur"
"281118","Faiz Muhyy Ul Din","DR-892","EMDS Call","Medical Emergency","Hypoglycemia","2026/04/19 05:46:26 AM","Rahim Yar Khan"
"281119","Saira Bibi","MR-5494","EMDS Call","Medical Emergency","Hyperglycemia","2026/04/19 05:57:05 AM","Sadiqabad"
"78002","Shaheen Islam","DR-1171","Direct Call","Patient Transfer Service","N/A","2026/04/19 06:15:07 AM","Sadiqabad"
"281120","Saqib Nasim","DR-197","EMDS Call","Medical Emergency","Renal Disorders / Renal Colic ","2026/04/19 06:48:51 AM","Rahim Yar Khan"
"281121","Saqib Nasim","DR-197","EMDS Call","Crime","Physical Assault/Violence","2026/04/19 07:22:46 AM","Liaqatpur"
"281121","Saqib Nasim","DR-197","EMDS Call","Crime","Physical Assault/Violence","2026/04/19 07:22:46 AM","Liaqatpur"
"281121","Saqib Nasim","DR-197","EMDS Call","Crime","Physical Assault/Violence","2026/04/19 07:22:46 AM","Liaqatpur"
"281121","Saqib Nasim","DR-197","EMDS Call","Crime","Physical Assault/Violence","2026/04/19 07:22:46 AM","Liaqatpur"
"281121","Saqib Nasim","DR-197","EMDS Call","Crime","Physical Assault/Violence","2026/04/19 07:22:46 AM","Liaqatpur"
"281121","Saqib Nasim","DR-197","EMDS Call","Crime","Physical Assault/Violence","2026/04/19 07:22:46 AM","Liaqatpur"
"281122","Saqib Nasim","DR-197","EMDS Call","Road Crash","Minor Injuries","2026/04/19 07:30:47 AM","Rahim Yar Khan"
"281123","Saqib Nasim","DR-197","EMDS Call","Medical Emergency","Unconscious","2026/04/19 07:32:55 AM","Khanpur"
"281124","Fahad Hussain","DR-538","EMDS Call","Medical Emergency","Unconscious","2026/04/19 07:45:02 AM","Sadiqabad"
"281125","Aasia Batool","MR-5198","EMDS Call","Medical Emergency","Abdominal Pain","2026/04/19 07:59:53 AM","Khanpur"
"281126","Adil Iqbal","DR-782","EMDS Call","Medical Emergency","Hypoglycemia","2026/04/19 08:07:54 AM","Rahim Yar Khan"
"281127","Adil Iqbal","DR-782","EMDS Call","Medical Emergency","Backache","2026/04/19 08:17:25 AM","Liaqatpur"
"281128","Zupasha Zia","MR-5758","EMDS Call","Medical Emergency","Anxiety / Psychiatric Disorder","2026/04/19 08:20:45 AM","Rahim Yar Khan"
"281129","Adil Iqbal","DR-782","EMDS Call","Medical Emergency","Backache","2026/04/19 08:30:07 AM","Sadiqabad"
"281130","Aasia Batool","MR-5198","EMDS Call","Medical Emergency","Joints Pain","2026/04/19 08:37:10 AM","Khanpur"
"281131","Aasia Batool","MR-5198","EMDS Call","Medical Emergency","Vomiting","2026/04/19 08:42:43 AM","Rahim Yar Khan"
"Not Assigned","Muhammad Zubair","DR-894","EMDS Call","Medical Emergency","SOB/ Respiratory Distress","2026/04/19 08:44:47 AM","Liaqatpur"
"78003","Zupasha Zia","MR-5758","Direct Call","Patient Transfer Service","N/A","2026/04/19 08:47:23 AM","Khanpur"
"78004","Zupasha Zia","MR-5758","Direct Call","Patient Transfer Service","N/A","2026/04/19 08:50:27 AM","Sadiqabad"
"281133","Muhammad Zubair","DR-894","EMDS Call","Road Crash","Minor Injuries","2026/04/19 08:50:07 AM","Sadiqabad"
"281134","Aasia Batool","MR-5198","EMDS Call","Medical Emergency","Joints Pain","2026/04/19 08:53:44 AM","Rahim Yar Khan"
"281135","Aasia Batool","MR-5198","EMDS Call","Medical Emergency","SOB/ Respiratory Distress","2026/04/19 08:57:51 AM","Khanpur"
"281136","Aasia Batool","MR-5198","EMDS Call","Rescue Operations","Delivery Case","2026/04/19 09:01:09 AM","Sadiqabad"
"281137","Muhammad Zubair","DR-894","EMDS Call","Road Crash","Bleeding","2026/04/19 09:03:21 AM","Liaqatpur"
"281138","Muhammad Zubair","DR-894","EMDS Call","Medical Emergency","Chronic Illness","2026/04/19 09:06:49 AM","Rahim Yar Khan"
"281139","Sheeza Barkat","MR-5331","EMDS Call","Medical Emergency","Abdominal Pain","2026/04/19 09:14:09 AM","Rahim Yar Khan"
"281140","Sheeza Barkat","MR-5331","EMDS Call","Medical Emergency","Anxiety / Psychiatric Disorder","2026/04/19 09:18:46 AM","Rahim Yar Khan"
"281141","Muhammad Zubair","DR-894","EMDS Call","Road Crash","Minor Injuries","2026/04/19 09:21:45 AM","Rahim Yar Khan"
"281142","Fahad Hussain","DR-538","EMDS Call","Medical Emergency","Abdominal Pain","2026/04/19 09:25:50 AM","Rahim Yar Khan"
"281143","Muhammad Zubair","DR-894","EMDS Call","Medical Emergency","Joints Pain","2026/04/19 09:39:12 AM","Rahim Yar Khan"
"281144","Muhammad Zubair","DR-894","EMDS Call","Rescue Operations","Delivery Case","2026/04/19 09:49:26 AM","Rahim Yar Khan"
"78005","Muhammad Zubair","DR-894","Direct Call","Patient Transfer Service","N/A","2026/04/19 09:55:45 AM","Khanpur"
"78006","Muhammad Zubair","DR-894","Direct Call","Patient Transfer Service","N/A","2026/04/19 09:59:54 AM","Khanpur"
"281145","Muhammad Zubair","DR-894","EMDS Call","Medical Emergency","SOB/ Respiratory Distress","2026/04/19 10:01:20 AM","Rahim Yar Khan"
"281146","Sheeza Barkat","MR-5331","EMDS Call","Medical Emergency","Joints Pain","2026/04/19 10:01:52 AM","Rahim Yar Khan"
"281147","Muhammad Zubair","DR-894","EMDS Call","Medical Emergency","Headache","2026/04/19 10:07:04 AM","Rahim Yar Khan"
"281148","Sheeza Barkat","MR-5331","EMDS Call","Medical Emergency","SOB/ Respiratory Distress","2026/04/19 10:22:11 AM","Khanpur"
"281149","Muhammad Zubair","DR-894","EMDS Call","Road Crash","Severe Trauma","2026/04/19 10:24:06 AM","Rahim Yar Khan"
"281149","Muhammad Zubair","DR-894","EMDS Call","Road Crash","Severe Trauma","2026/04/19 10:24:06 AM","Rahim Yar Khan"
"281150","Zupasha Zia","MR-5758","EMDS Call","Road Crash","Bleeding","2026/04/19 10:31:29 AM","Rahim Yar Khan"
"281152","Muhammad Zubair","DR-894","EMDS Call","Medical Emergency","Vomiting","2026/04/19 10:37:54 AM","Rahim Yar Khan"
"78007","Zupasha Zia","MR-5758","Direct Call","Patient Transfer Service","N/A","2026/04/19 10:39:39 AM","Liaqatpur"
"281151","Muhammad Zubair","DR-894","Direct Call","Road Crash","Minor Injuries","2026/04/19 10:42:43 AM","Rahim Yar Khan"
"281153","Zupasha Zia","MR-5758","EMDS Call","Rescue Operations","Delivery Case","2026/04/19 10:42:10 AM","Rahim Yar Khan"
"78008","Muhammad Zubair","DR-894","Direct Call","Patient Transfer Service","N/A","2026/04/19 10:44:38 AM","Liaqatpur"
"281154","Muhammad Zubair","DR-894","EMDS Call","Medical Emergency","Vomiting","2026/04/19 10:46:19 AM","Rahim Yar Khan"
"281156","Sheeza Barkat","MR-5331","EMDS Call","Medical Emergency","Abdominal Pain","2026/04/19 10:51:23 AM","Rahim Yar Khan"
"281155","Zupasha Zia","MR-5758","EMDS Call","Road Crash","Minor Injuries","2026/04/19 10:51:34 AM","Rahim Yar Khan"
"281157","Zupasha Zia","MR-5758","EMDS Call","Crime","Probable Suicide","2026/04/19 10:54:15 AM","Rahim Yar Khan"
"78009","Sheeza Barkat","MR-5331","Direct Call","Patient Transfer Service","N/A","2026/04/19 10:56:41 AM","Sadiqabad"
"281158","Muhammad Zubair","DR-894","EMDS Call","Medical Emergency","Chest Pain","2026/04/19 10:59:59 AM","Rahim Yar Khan"
"281159","Sheeza Barkat","MR-5331","EMDS Call","Road Crash","Bleeding","2026/04/19 11:02:58 AM","Khanpur"
"281160","Sheeza Barkat","MR-5331","EMDS Call","Medical Emergency","SOB/ Respiratory Distress","2026/04/19 11:34:30 AM","Rahim Yar Khan"
"281161","Zupasha Zia","MR-5758","EMDS Call","Medical Emergency","Anxiety / Psychiatric Disorder","2026/04/19 11:35:17 AM","Rahim Yar Khan"
"281162","Zupasha Zia","MR-5758","EMDS Call","Medical Emergency","SOB/ Respiratory Distress","2026/04/19 11:39:48 AM","Khanpur"
"281163","Aasia Batool","MR-5198","EMDS Call","Rescue Operations","Scorpion Bite/Other Animal/Insect Bite","2026/04/19 11:40:02 AM","Sadiqabad"
"281164","Zupasha Zia","MR-5758","EMDS Call","Rescue Operations","Scorpion Bite/Other Animal/Insect Bite","2026/04/19 11:48:26 AM","Rahim Yar Khan"
"281165","Aasia Batool","MR-5198","EMDS Call","Road Crash","Minor Injuries","2026/04/19 11:50:53 AM","Sadiqabad"
"281167","Sheeza Barkat","MR-5331","EMDS Call","Rescue Operations","Delivery Case","2026/04/19 11:50:50 AM","Sadiqabad"
"281166","Zupasha Zia","MR-5758","EMDS Call","Road Crash","Minor Injuries","2026/04/19 11:52:15 AM","Rahim Yar Khan"
"281168","Aasia Batool","MR-5198","EMDS Call","Medical Emergency","Anxiety / Psychiatric Disorder","2026/04/19 11:54:15 AM","Sadiqabad"
"281169","Sheeza Barkat","MR-5331","EMDS Call","Medical Emergency","Anxiety / Psychiatric Disorder","2026/04/19 11:53:38 AM","Rahim Yar Khan"
"281171","Aasia Batool","MR-5198","EMDS Call","Medical Emergency","Unconscious","2026/04/19 11:59:12 AM","Sadiqabad"
"281170","Sheeza Barkat","MR-5331","EMDS Call","Medical Emergency","Vomiting","2026/04/19 11:57:48 AM","Rahim Yar Khan"
"281172","Zupasha Zia","MR-5758","EMDS Call","Road Crash","Minor Injuries","2026/04/19 11:59:49 AM","Rahim Yar Khan"
"281173","Sheeza Barkat","MR-5331","EMDS Call","Rescue Operations","Electric Shock","2026/04/19 12:01:10 PM","Rahim Yar Khan"
"281174","Aasia Batool","MR-5198","EMDS Call","Rescue Operations","Delivery Case","2026/04/19 12:03:18 PM","Liaqatpur"
"281175","Sheeza Barkat","MR-5331","EMDS Call","Medical Emergency","SOB/ Respiratory Distress","2026/04/19 12:09:26 PM","Rahim Yar Khan"
"281176","Fahad Hussain","DR-538","EMDS Call","Road Crash","Bleeding","2026/04/19 12:38:44 PM","Sadiqabad"
"281176","Fahad Hussain","DR-538","EMDS Call","Road Crash","Bleeding","2026/04/19 12:38:44 PM","Sadiqabad"
"281176","Fahad Hussain","DR-538","EMDS Call","Road Crash","Bleeding","2026/04/19 12:38:44 PM","Sadiqabad"
"281177","Sheeza Barkat","MR-5331","EMDS Call","Medical Emergency","Abdominal Pain","2026/04/19 12:40:05 PM","Liaqatpur"
"281178","Fahad Hussain","DR-538","EMDS Call","Medical Emergency","Hypotension","2026/04/19 12:43:47 PM","Khanpur"
"78010","Fahad Hussain","DR-538","Direct Call","Patient Transfer Service","N/A","2026/04/19 12:51:15 PM","Rahim Yar Khan"
"281179","Fahad Hussain","DR-538","EMDS Call","Road Crash","Minor Injuries","2026/04/19 01:00:01 PM","Sadiqabad"
"281180","Fahad Hussain","DR-538","EMDS Call","Medical Emergency","SOB/ Respiratory Distress","2026/04/19 01:07:06 PM","Rahim Yar Khan"
"281181","Zupasha Zia","MR-5758","EMDS Call","Medical Emergency","SOB/ Respiratory Distress","2026/04/19 01:15:22 PM","Rahim Yar Khan"
"281182","Muhammad Zubair","DR-894","EMDS Call","Road Crash","Severe Trauma","2026/04/19 01:22:28 PM","Rahim Yar Khan"
"281183","Muhammad Zubair","DR-894","EMDS Call","Medical Emergency","Vertigo/ Dizziness","2026/04/19 01:27:05 PM","Sadiqabad"
"281184","Muhammad Zubair","DR-894","EMDS Call","Medical Emergency","Anxiety / Psychiatric Disorder","2026/04/19 01:31:33 PM","Rahim Yar Khan"
"281185","Fahad Hussain","DR-538","EMDS Call","Medical Emergency","Joints Pain","2026/04/19 01:34:33 PM","Rahim Yar Khan"
"281186","Muhammad Zubair","DR-894","EMDS Call","Medical Emergency","Abdominal Pain","2026/04/19 01:35:16 PM","Liaqatpur"
"281187","Sheeza Barkat","MR-5331","EMDS Call","Medical Emergency","Abdominal Pain","2026/04/19 01:56:19 PM","Rahim Yar Khan"
"281188","Fahad Hussain","DR-538","EMDS Call","Medical Emergency","Vomiting","2026/04/19 02:02:27 PM","Sadiqabad"
"281189","Muhammad Zubair","DR-894","EMDS Call","Medical Emergency","Unconscious","2026/04/19 02:03:31 PM","Sadiqabad"
"281190","Fahad Hussain","DR-538","EMDS Call","Medical Emergency","Anxiety / Psychiatric Disorder","2026/04/19 02:05:05 PM","Rahim Yar Khan"
"78011","Fahad Hussain","DR-538","Direct Call","Patient Transfer Service","N/A","2026/04/19 02:11:14 PM","Liaqatpur"
"281191","Rana M. Usman","DR-200","EMDS Call","Medical Emergency","Anxiety / Psychiatric Disorder","2026/04/19 02:08:41 PM","Sadiqabad"
"281192","Fahad Hussain","DR-538","EMDS Call","Medical Emergency","Headache","2026/04/19 02:13:15 PM","Rahim Yar Khan"
"281193","Bushra Saleem","MR-5701","EMDS Call","Medical Emergency","Chest Pain","2026/04/19 02:28:31 PM","Liaqatpur"
"281194","Rana M. Usman","DR-200","EMDS Call","Medical Emergency","Gynae Problem","2026/04/19 02:35:36 PM","Sadiqabad"
"281195","Muhammad Riaz","DR-654","EMDS Call","Road Crash","Minor Injuries","2026/04/19 02:40:45 PM","Rahim Yar Khan"
"281196","Rana M. Usman","DR-200","EMDS Call","Medical Emergency","Chest Pain","2026/04/19 02:40:38 PM","Rahim Yar Khan"
"281197","Bushra Saleem","MR-5701","EMDS Call","Road Crash","Minor Injuries","2026/04/19 02:44:45 PM","Rahim Yar Khan"
"78012","Saima Bashir","MR-5819","Direct Call","Patient Transfer Service","N/A","2026/04/19 02:50:49 PM","Sadiqabad"
"78013","Rana M. Usman","DR-200","Direct Call","Patient Transfer Service","N/A","2026/04/19 02:59:32 PM","Sadiqabad"
"281198","Muhammad Riaz","DR-654","EMDS Call","Medical Emergency","Anxiety / Psychiatric Disorder","2026/04/19 03:00:46 PM","Sadiqabad"
"281199","Bushra Saleem","MR-5701","EMDS Call","Medical Emergency","Vertigo/ Dizziness","2026/04/19 03:04:12 PM","Sadiqabad"
"281200","Rana M. Usman","DR-200","Direct Call","Medical Emergency","Unconscious","2026/04/19 03:31:05 PM","Khanpur"
"281201","Muhammad Riaz","DR-654","EMDS Call","Road Crash","Severe Trauma","2026/04/19 03:43:31 PM","Rahim Yar Khan"
"281202","Bushra Saleem","MR-5701","EMDS Call","Road Crash","Bleeding","2026/04/19 03:43:53 PM","Liaqatpur"
"281202","Bushra Saleem","MR-5701","EMDS Call","Road Crash","Bleeding","2026/04/19 03:43:53 PM","Liaqatpur"
"281203","Saima Bashir","MR-5819","EMDS Call","Medical Emergency","High Fever","2026/04/19 03:44:14 PM","Sadiqabad"
"281204","Muhammad Riaz","DR-654","EMDS Call","Medical Emergency","High Fever","2026/04/19 03:55:11 PM","Rahim Yar Khan"
"281205","Rana M. Usman","DR-200","EMDS Call","Road Crash","Bleeding","2026/04/19 03:54:42 PM","Rahim Yar Khan"
"281206","Rana M. Usman","DR-200","EMDS Call","Fire","Others","2026/04/19 04:02:47 PM","Khanpur"
"281207","Bushra Saleem","MR-5701","EMDS Call","Rescue Operations","Animal/Bird Rescue","2026/04/19 04:13:29 PM","Khanpur"
"281208","Bushra Saleem","MR-5701","EMDS Call","Road Crash","Minor Injuries","2026/04/19 04:16:15 PM","Khanpur"
"281209","Muhammad Riaz","DR-654","EMDS Call","Medical Emergency","High Fever","2026/04/19 04:24:24 PM","Rahim Yar Khan"
"281210","Rana M. Usman","DR-200","EMDS Call","Road Crash","Bleeding","2026/04/19 04:27:52 PM","Rahim Yar Khan"
"281212","Saima Bashir","MR-5819","EMDS Call","Road Crash","Bleeding","2026/04/19 04:27:50 PM","Liaqatpur"
"281211","Muhammad Riaz","DR-654","EMDS Call","Road Crash","Severe Trauma","2026/04/19 04:30:13 PM","Sadiqabad"
"281213","Rana M. Usman","DR-200","EMDS Call","Road Crash","Bleeding","2026/04/19 04:40:04 PM","Khanpur"
"281214","Saima Bashir","MR-5819","EMDS Call","Medical Emergency","Anxiety / Psychiatric Disorder","2026/04/19 04:41:49 PM","Rahim Yar Khan"
"281215","Bushra Saleem","MR-5701","EMDS Call","Medical Emergency","Hypertension","2026/04/19 04:49:10 PM","Rahim Yar Khan"
"281216","Saima Bashir","MR-5819","EMDS Call","Medical Emergency","Vomiting","2026/04/19 04:51:36 PM","Rahim Yar Khan"
"281217","Saima Bashir","MR-5819","EMDS Call","Medical Emergency","Abdominal Pain","2026/04/19 05:09:46 PM","Sadiqabad"
"281218","Bushra Saleem","MR-5701","EMDS Call","Road Crash","Minor Injuries","2026/04/19 05:09:45 PM","Khanpur"
"281218","Bushra Saleem","MR-5701","EMDS Call","Road Crash","Minor Injuries","2026/04/19 05:09:45 PM","Khanpur"
"281219","Rana M. Usman","DR-200","EMDS Call","Road Crash","Bleeding","2026/04/19 05:11:38 PM","Rahim Yar Khan"
"281220","Bushra Saleem","MR-5701","EMDS Call","Medical Emergency","Vertigo/ Dizziness","2026/04/19 05:20:07 PM","Rahim Yar Khan"
"78014","Saima Bashir","MR-5819","Direct Call","Patient Transfer Service","N/A","2026/04/19 05:24:48 PM","Sadiqabad"
"281221","Bushra Saleem","MR-5701","EMDS Call","Road Crash","Severe Trauma","2026/04/19 05:24:20 PM","Rahim Yar Khan"
"78015","Saima Bashir","MR-5819","Direct Call","Patient Transfer Service","N/A","2026/04/19 05:28:51 PM","Sadiqabad"
"281222","Rana M. Usman","DR-200","EMDS Call","Medical Emergency","Joints Pain","2026/04/19 05:32:23 PM","Sadiqabad"
"281223","Bushra Saleem","MR-5701","EMDS Call","Medical Emergency","High Fever","2026/04/19 05:41:52 PM","Khanpur"
"281224","Saima Bashir","MR-5819","EMDS Call","Medical Emergency","Joints Pain","2026/04/19 05:45:43 PM","Sadiqabad"
"78016","Saima Bashir","MR-5819","Direct Call","Patient Transfer Service","N/A","2026/04/19 06:05:29 PM","Liaqatpur"
"281225","Rana M. Usman","DR-200","EMDS Call","Medical Emergency","Abdominal Pain","2026/04/19 06:05:55 PM","Rahim Yar Khan"
"281226","Muhammad Riaz","DR-654","EMDS Call","Medical Emergency","Abdominal Pain","2026/04/19 06:07:17 PM","Sadiqabad"
"281227","Saima Bashir","MR-5819","EMDS Call","Medical Emergency","Epilepsy","2026/04/19 06:07:32 PM","Sadiqabad"
"78017","Rana M. Usman","DR-200","Direct Call","Patient Transfer Service","N/A","2026/04/19 06:12:52 PM","Rahim Yar Khan"
"281228","Muhammad Riaz","DR-654","EMDS Call","Medical Emergency","Joints Pain","2026/04/19 06:27:35 PM","Rahim Yar Khan"
"281229","Rana M. Usman","DR-200","EMDS Call","Medical Emergency","High Fever","2026/04/19 06:30:46 PM","Rahim Yar Khan"
"281230","Saima Bashir","MR-5819","EMDS Call","Medical Emergency","High Fever","2026/04/19 06:31:53 PM","Rahim Yar Khan"
"281231","Rana M. Usman","DR-200","EMDS Call","Medical Emergency","Chest Pain","2026/04/19 06:38:42 PM","Khanpur"
"78018","Rana M. Usman","DR-200","Direct Call","Patient Transfer Service","N/A","2026/04/19 06:46:14 PM","Sadiqabad"
"281232","Saima Bashir","MR-5819","EMDS Call","Road Crash","Bleeding","2026/04/19 06:44:44 PM","Rahim Yar Khan"
"281233","Rana M. Usman","DR-200","EMDS Call","Medical Emergency","Hyperglycemia","2026/04/19 06:48:36 PM","Liaqatpur"
"281234","Saima Bashir","MR-5819","EMDS Call","Road Crash","Bleeding","2026/04/19 06:53:00 PM","Rahim Yar Khan"
"281235","Bushra Saleem","MR-5701","EMDS Call","Medical Emergency","Anxiety / Psychiatric Disorder","2026/04/19 06:57:27 PM","Sadiqabad"
"281236","Bushra Saleem","MR-5701","EMDS Call","Road Crash","Bleeding","2026/04/19 07:05:12 PM","Sadiqabad"
"281237","Muhammad Riaz","DR-654","EMDS Call","Road Crash","Severe Trauma","2026/04/19 07:10:39 PM","Rahim Yar Khan"
"281239","Bushra Saleem","MR-5701","EMDS Call","Rescue Operations","Snake Emergency","2026/04/19 07:17:32 PM","Khanpur"
"281238","Muhammad Riaz","DR-654","EMDS Call","Medical Emergency","SOB/ Respiratory Distress","2026/04/19 07:16:33 PM","Sadiqabad"
"78019","Bushra Saleem","MR-5701","Direct Call","Patient Transfer Service","N/A","2026/04/19 07:24:44 PM","Khanpur"
"281240","Rana M. Usman","DR-200","EMDS Call","Medical Emergency","SOB/ Respiratory Distress","2026/04/19 07:27:51 PM","Rahim Yar Khan"
"281241","Muhammad Riaz","DR-654","EMDS Call","Medical Emergency","Epilepsy","2026/04/19 07:29:42 PM","Khanpur"
"281242","Bushra Saleem","MR-5701","EMDS Call","Medical Emergency","Anxiety / Psychiatric Disorder","2026/04/19 07:31:11 PM","Sadiqabad"
"281243","Muhammad Riaz","DR-654","EMDS Call","Road Crash","Severe Trauma","2026/04/19 07:35:12 PM","Rahim Yar Khan"
"281244","Bushra Saleem","MR-5701","EMDS Call","Medical Emergency","Anxiety / Psychiatric Disorder","2026/04/19 07:37:28 PM","Rahim Yar Khan"
"281245","Muhammad Riaz","DR-654","EMDS Call","Medical Emergency","Headache","2026/04/19 07:39:10 PM","Rahim Yar Khan"
"281246","Bushra Saleem","MR-5701","EMDS Call","Road Crash","Bleeding","2026/04/19 07:41:30 PM","Khanpur"
"281247","Muhammad Riaz","DR-654","EMDS Call","Medical Emergency","Anxiety / Psychiatric Disorder","2026/04/19 07:45:11 PM","Rahim Yar Khan"
"281248","Muhammad Riaz","DR-654","EMDS Call","Road Crash","Minor Injuries","2026/04/19 07:49:44 PM","Khanpur"
"78020","Bushra Saleem","MR-5701","Direct Call","Patient Transfer Service","N/A","2026/04/19 07:52:54 PM","Sadiqabad"
"281249","Rana M. Usman","DR-200","EMDS Call","Road Crash","Minor Injuries","2026/04/19 07:55:35 PM","Khanpur"
"281250","Rana M. Usman","DR-200","EMDS Call","Road Crash","Bleeding","2026/04/19 08:00:08 PM","Sadiqabad"
"281251","Saima Bashir","MR-5819","EMDS Call","Medical Emergency","Chronic Illness","2026/04/19 08:11:49 PM","Rahim Yar Khan"
"281252","Rana M. Usman","DR-200","EMDS Call","Medical Emergency","Chest Pain","2026/04/19 08:11:24 PM","Khanpur"
"281253","Rana M. Usman","DR-200","EMDS Call","Medical Emergency","SOB/ Respiratory Distress","2026/04/19 08:25:58 PM","Sadiqabad"
"281254","Muhammad Riaz","DR-654","EMDS Call","Medical Emergency","Chest Pain","2026/04/19 08:27:51 PM","Sadiqabad"
"281255","Bushra Saleem","MR-5701","EMDS Call","Medical Emergency","Domestic Injuries","2026/04/19 08:31:34 PM","Sadiqabad"
"78021","Saima Bashir","MR-5819","Direct Call","Patient Transfer Service","N/A","2026/04/19 08:35:43 PM","Rahim Yar Khan"
"281256","Bushra Saleem","MR-5701","EMDS Call","Medical Emergency","SOB/ Respiratory Distress","2026/04/19 08:39:49 PM","Rahim Yar Khan"
"281257","Rana M. Usman","DR-200","EMDS Call","Medical Emergency","SOB/ Respiratory Distress","2026/04/19 08:44:18 PM","Rahim Yar Khan"
"281258","Rana M. Usman","DR-200","EMDS Call","Medical Emergency","Joints Pain","2026/04/19 08:48:04 PM","Sadiqabad"
"281259","Saima Bashir","MR-5819","EMDS Call","Medical Emergency","High Fever","2026/04/19 08:50:16 PM","Rahim Yar Khan"
"281260","Bushra Saleem","MR-5701","EMDS Call","Medical Emergency","Anxiety / Psychiatric Disorder","2026/04/19 08:50:22 PM","Sadiqabad"
"281261","Rana M. Usman","DR-200","EMDS Call","Medical Emergency","Hypoglycemia","2026/04/19 08:57:07 PM","Rahim Yar Khan"
"281262","Saima Bashir","MR-5819","EMDS Call","Medical Emergency","Diarrhea","2026/04/19 08:57:46 PM","Liaqatpur"
"281263","Bushra Saleem","MR-5701","EMDS Call","Medical Emergency","Hypertension","2026/04/19 08:57:54 PM","Liaqatpur"
"281264","Rana M. Usman","DR-200","EMDS Call","Medical Emergency","Abdominal Pain","2026/04/19 09:06:20 PM","Sadiqabad"
"78022","Saima Bashir","MR-5819","Direct Call","Patient Transfer Service","N/A","2026/04/19 09:13:40 PM","Rahim Yar Khan"
"281265","Bushra Saleem","MR-5701","EMDS Call","Medical Emergency","Abdominal Pain","2026/04/19 09:12:13 PM","Khanpur"
"281266","Bushra Saleem","MR-5701","EMDS Call","Medical Emergency","Vomiting","2026/04/19 09:16:02 PM","Khanpur"
"78023","Bushra Saleem","MR-5701","Direct Call","Patient Transfer Service","N/A","2026/04/19 09:24:52 PM","Khanpur"
"281267","Farah Sadaqat","MR-5930","EMDS Call","Medical Emergency","Chest Pain","2026/04/19 09:40:48 PM","Rahim Yar Khan"
"281268","Rana M. Usman","DR-200","EMDS Call","Medical Emergency","Anxiety / Psychiatric Disorder","2026/04/19 09:40:44 PM","Rahim Yar Khan"
"281269","Maheen Tahir","MR-6017","EMDS Call","Medical Emergency","Vertigo/ Dizziness","2026/04/19 09:43:19 PM","Rahim Yar Khan"
"281270","Farah Sadaqat","MR-5930","EMDS Call","Medical Emergency","Joints Pain","2026/04/19 09:44:14 PM","Rahim Yar Khan"
"281271","Maheen Tahir","MR-6017","EMDS Call","Medical Emergency","Anxiety / Psychiatric Disorder","2026/04/19 09:52:55 PM","Rahim Yar Khan"
"281272","Farah Sadaqat","MR-5930","EMDS Call","Medical Emergency","Vomiting","2026/04/19 09:56:58 PM","Sadiqabad"
"281273","Maheen Tahir","MR-6017","EMDS Call","Medical Emergency","Hypertension","2026/04/19 10:18:07 PM","Rahim Yar Khan"
"281274","Muhammad Tariq Hameed","DR-885","EMDS Call","Medical Emergency","Renal Disorders / Renal Colic ","2026/04/19 10:18:58 PM","Rahim Yar Khan"
"281275","Farah Sadaqat","MR-5930","EMDS Call","Medical Emergency","Abdominal Pain","2026/04/19 10:20:54 PM","Sadiqabad"
"281276","Maheen Tahir","MR-6017","EMDS Call","Medical Emergency","Urinary Retention","2026/04/19 10:23:07 PM","Rahim Yar Khan"
"281277","Maheen Tahir","MR-6017","EMDS Call","Road Crash","Minor Injuries","2026/04/19 10:37:22 PM","Rahim Yar Khan"
"281278","Maheen Tahir","MR-6017","EMDS Call","Medical Emergency","Hypertension","2026/04/19 10:40:23 PM","Rahim Yar Khan"
"281279","Muhammad Tariq Hameed","DR-885","EMDS Call","Medical Emergency","Chronic Illness","2026/04/19 10:41:30 PM","Sadiqabad"
"78024","Farah Sadaqat","MR-5930","Direct Call","Patient Transfer Service","N/A","2026/04/19 10:48:17 PM","Sadiqabad"
"281280","Muhammad Tariq Hameed","DR-885","EMDS Call","Medical Emergency","High Fever","2026/04/19 10:48:24 PM","Rahim Yar Khan"
"281281","Muhammad Tariq Hameed","DR-885","EMDS Call","Medical Emergency","Chest Pain","2026/04/19 11:05:06 PM","Sadiqabad"
"78025","Maheen Tahir","MR-6017","Direct Call","Patient Transfer Service","N/A","2026/04/19 11:10:06 PM","Khanpur"
"281282","Muhammad Tariq Hameed","DR-885","EMDS Call","Medical Emergency","Joints Pain","2026/04/19 11:16:30 PM","Rahim Yar Khan"
"78026","Maheen Tahir","MR-6017","Direct Call","Patient Transfer Service","N/A","2026/04/19 11:18:58 PM","Sadiqabad"
"281283","Maheen Tahir","MR-6017","EMDS Call","Medical Emergency","Anxiety / Psychiatric Disorder","2026/04/19 11:20:16 PM","Rahim Yar Khan"
"78027","Muhammad Tariq Hameed","DR-885","Direct Call","Patient Transfer Service","N/A","2026/04/19 11:24:52 PM","Liaqatpur"
"281284","Maheen Tahir","MR-6017","EMDS Call","Medical Emergency","Unconscious","2026/04/19 11:28:14 PM","Rahim Yar Khan"
"281285","Muhammad Tariq Hameed","DR-885","EMDS Call","Medical Emergency","Joints Pain","2026/04/19 11:37:41 PM","Rahim Yar Khan"
"281286","Muhammad Tariq Hameed","DR-885","EMDS Call","Medical Emergency","Chest Pain","2026/04/19 11:40:15 PM","Rahim Yar Khan"
"281287","Maheen Tahir","MR-6017","EMDS Call","Medical Emergency","Abdominal Pain","2026/04/19 11:41:24 PM","Sadiqabad"
"281288","Maheen Tahir","MR-6017","EMDS Call","Medical Emergency","Anxiety / Psychiatric Disorder","2026/04/19 11:49:41 PM","Rahim Yar Khan"
"281289","Maheen Tahir","MR-6017","EMDS Call","Medical Emergency","Vertigo/ Dizziness","2026/04/19 11:52:23 PM","Rahim Yar Khan"
"281290","Muhammad Tariq Hameed","DR-885","EMDS Call","Medical Emergency","Renal Disorders / Renal Colic ","2026/04/19 11:53:25 PM","Rahim Yar Khan"
"78028","Farhad Iftikhar","DR-913","Direct Call","Patient Transfer Service","N/A","2026/04/19 11:58:53 PM","Sadiqabad"
"281291","Muhammad Tariq Hameed","DR-885","EMDS Call","Medical Emergency","SOB/ Respiratory Distress","2026/04/20 12:24:44 AM","Rahim Yar Khan"
"281292","Maheen Tahir","MR-6017","EMDS Call","Medical Emergency","Vomiting","2026/04/20 12:24:27 AM","Sadiqabad"
"78029","Muhammad Tariq Hameed","DR-885","Direct Call","Patient Transfer Service","N/A","2026/04/20 12:26:56 AM","Sadiqabad"
"78030","Muhammad Tariq Hameed","DR-885","Direct Call","Patient Transfer Service","N/A","2026/04/20 12:31:22 AM","Sadiqabad"
"281293","Muhammad Tariq Hameed","DR-885","EMDS Call","Medical Emergency","Vertigo/ Dizziness","2026/04/20 12:42:19 AM","Rahim Yar Khan"
"281294","Farhad Iftikhar","DR-913","EMDS Call","Medical Emergency","Abdominal Pain","2026/04/20 12:45:06 AM","Sadiqabad"
"281295","Farhad Iftikhar","DR-913","EMDS Call","Medical Emergency","Joints Pain","2026/04/20 01:01:40 AM","Sadiqabad"
"281296","Muhammad Tariq Hameed","DR-885","EMDS Call","Medical Emergency","Anxiety / Psychiatric Disorder","2026/04/20 01:18:21 AM","Rahim Yar Khan"
"78031","Farhad Iftikhar","DR-913","Direct Call","Patient Transfer Service","N/A","2026/04/20 01:21:14 AM","Khanpur"
"281297","Farhad Iftikhar","DR-913","EMDS Call","Medical Emergency","Anxiety / Psychiatric Disorder","2026/04/20 01:29:02 AM","Rahim Yar Khan"
"281298","Maheen Tahir","MR-6017","EMDS Call","Medical Emergency","Vertigo/ Dizziness","2026/04/20 01:30:03 AM","Rahim Yar Khan"
"281299","Muhammad Tariq Hameed","DR-885","EMDS Call","Medical Emergency","Hypertension","2026/04/20 01:32:40 AM","Rahim Yar Khan"
"281300","Muhammad Tariq Hameed","DR-885","EMDS Call","Medical Emergency","High Fever","2026/04/20 01:38:38 AM","Liaqatpur"
"281301","Maheen Tahir","MR-6017","EMDS Call","Medical Emergency","Epilepsy","2026/04/20 01:46:56 AM","Liaqatpur"
"281302","Muhammad Tariq Hameed","DR-885","EMDS Call","Medical Emergency","Joints Pain","2026/04/20 02:03:55 AM","Rahim Yar Khan"
"281303","Muhammad Tariq Hameed","DR-885","EMDS Call","Medical Emergency","Vertigo/ Dizziness","2026/04/20 02:12:38 AM","Rahim Yar Khan"
"281304","Farhad Iftikhar","DR-913","EMDS Call","Medical Emergency","Renal Disorders / Renal Colic ","2026/04/20 02:17:19 AM","Sadiqabad"
"281305","Muhammad Tariq Hameed","DR-885","EMDS Call","Medical Emergency","Hypertension","2026/04/20 02:26:47 AM","Rahim Yar Khan"
"281306","Maheen Tahir","MR-6017","EMDS Call","Medical Emergency","SOB/ Respiratory Distress","2026/04/20 02:26:48 AM","Rahim Yar Khan"
"281307","Maheen Tahir","MR-6017","EMDS Call","Medical Emergency","SOB/ Respiratory Distress","2026/04/20 02:34:32 AM","Rahim Yar Khan"
"281308","Muhammad Tariq Hameed","DR-885","EMDS Call","Medical Emergency","Backache","2026/04/20 02:36:36 AM","Khanpur"
"281309","Muhammad Abid","DR-874","EMDS Call","Medical Emergency","Gynae Problem","2026/04/20 02:39:56 AM","Rahim Yar Khan"
"281310","Muhammad Tariq Hameed","DR-885","EMDS Call","Medical Emergency","Anxiety / Psychiatric Disorder","2026/04/20 03:06:07 AM","Rahim Yar Khan"
"281311","Muhammad Tariq Hameed","DR-885","EMDS Call","Medical Emergency","Joints Pain","2026/04/20 03:18:48 AM","Rahim Yar Khan"
"281312","Muhammad Abid","DR-874","EMDS Call","Medical Emergency","Chest Pain","2026/04/20 03:23:10 AM","Rahim Yar Khan"
"281313","Muhammad Abid","DR-874","EMDS Call","Rescue Operations","Delivery Case","2026/04/20 03:26:15 AM","Sadiqabad"
"281314","Saira Bibi","MR-5494","EMDS Call","Medical Emergency","SOB/ Respiratory Distress","2026/04/20 03:29:03 AM","Rahim Yar Khan"
"281315","Saira Bibi","MR-5494","EMDS Call","Medical Emergency","SOB/ Respiratory Distress","2026/04/20 03:35:04 AM","Sadiqabad"
"281316","Muhammad Abid","DR-874","EMDS Call","Road Crash","Bleeding","2026/04/20 03:42:09 AM","Rahim Yar Khan"
"281317","Farah Sadaqat","MR-5930","EMDS Call","Medical Emergency","Hypertension","2026/04/20 03:57:48 AM","Rahim Yar Khan"
"281319","Saira Bibi","MR-5494","EMDS Call","Medical Emergency","Abdominal Pain","2026/04/20 04:00:07 AM","Khanpur"
"281318","Shaheen Islam","DR-1171","EMDS Call","Medical Emergency","Renal Disorders / Renal Colic ","2026/04/20 04:01:24 AM","Rahim Yar Khan"
"281320","Saira Bibi","MR-5494","EMDS Call","Medical Emergency","High Fever","2026/04/20 04:28:43 AM","Rahim Yar Khan"
"281321","Shaheen Islam","DR-1171","EMDS Call","Medical Emergency","Vomiting","2026/04/20 04:30:23 AM","Liaqatpur"
"281322","Saira Bibi","MR-5494","EMDS Call","Road Crash","Bleeding","2026/04/20 04:59:38 AM","Khanpur"
"281323","Shaheen Islam","DR-1171","EMDS Call","Medical Emergency","Hypertension","2026/04/20 05:14:36 AM","Rahim Yar Khan"
"281324","Farah Sadaqat","MR-5930","EMDS Call","Medical Emergency","Chest Pain","2026/04/20 05:16:12 AM","Rahim Yar Khan"
"281325","Saira Bibi","MR-5494","EMDS Call","Medical Emergency","High Fever","2026/04/20 05:24:48 AM","Rahim Yar Khan"
"281326","Farah Sadaqat","MR-5930","EMDS Call","Medical Emergency","Vertigo/ Dizziness","2026/04/20 06:07:49 AM","Sadiqabad"
"281327","Shaheen Islam","DR-1171","EMDS Call","Medical Emergency","Headache","2026/04/20 06:07:09 AM","Rahim Yar Khan"
"281328","Farah Sadaqat","MR-5930","EMDS Call","Medical Emergency","SOB/ Respiratory Distress","2026/04/20 06:14:38 AM","Rahim Yar Khan"
"281329","Saira Bibi","MR-5494","EMDS Call","Rescue Operations","Delivery Case","2026/04/20 06:27:34 AM","Sadiqabad"
"281331","Shaheen Islam","DR-1171","Direct Call","Medical Emergency","SOB/ Respiratory Distress","2026/04/20 06:37:29 AM","Rahim Yar Khan"
"281330","Shaheen Islam","DR-1171","EMDS Call","Medical Emergency","Unconscious","2026/04/20 06:41:13 AM","Rahim Yar Khan"
"281332","Shaheen Islam","DR-1171","EMDS Call","Medical Emergency","SOB/ Respiratory Distress","2026/04/20 06:55:33 AM","Sadiqabad"
"281334","Farah Sadaqat","MR-5930","EMDS Call","Road Crash","Bleeding","2026/04/20 07:11:23 AM","Sadiqabad"
"281333","Saira Bibi","MR-5494","EMDS Call","Medical Emergency","Vomiting","2026/04/20 07:11:48 AM","Liaqatpur"
"281335","Shaheen Islam","DR-1171","EMDS Call","Rescue Operations","Snake Emergency","2026/04/20 06:58:24 AM","Khanpur"
"281336","Shaheen Islam","DR-1171","EMDS Call","Medical Emergency","Vomiting","2026/04/20 07:13:02 AM","Rahim Yar Khan"
"281337","Shaheen Islam","DR-1171","EMDS Call","Medical Emergency","Hypertension","2026/04/20 07:20:11 AM","Sadiqabad"
"281338","Farah Sadaqat","MR-5930","EMDS Call","Medical Emergency","Joints Pain","2026/04/20 07:22:27 AM","Rahim Yar Khan"
"281339","Saira Bibi","MR-5494","EMDS Call","Medical Emergency","Hypertension","2026/04/20 07:22:51 AM","Rahim Yar Khan"
"281340","Shaheen Islam","DR-1171","EMDS Call","Medical Emergency","Vomiting","2026/04/20 07:24:00 AM","Sadiqabad"
"281341","Saira Bibi","MR-5494","EMDS Call","Medical Emergency","CVA/Stroke","2026/04/20 07:27:37 AM","Sadiqabad"
"281343","Shaheen Islam","DR-1171","EMDS Call","Medical Emergency","Renal Disorders / Renal Colic ","2026/04/20 07:30:40 AM","Rahim Yar Khan"
"281342","Saira Bibi","MR-5494","EMDS Call","Medical Emergency","Chronic Illness","2026/04/20 07:35:57 AM","Rahim Yar Khan"
"281344","Sheeza Barkat","MR-5331","EMDS Call","Medical Emergency","Hypertension","2026/04/20 07:37:42 AM","Khanpur"
"78032","Saira Bibi","MR-5494","Direct Call","Patient Transfer Service","N/A","2026/04/20 07:41:10 AM","Khanpur"
"281345","Saira Bibi","MR-5494","EMDS Call","Medical Emergency","Vomiting","2026/04/20 07:43:57 AM","Liaqatpur"
"281347","Saira Bibi","MR-5494","EMDS Call","Medical Emergency","Hypertension","2026/04/20 07:51:03 AM","Sadiqabad"
"281346","Sheeza Barkat","MR-5331","EMDS Call","Medical Emergency","Vomiting","2026/04/20 07:54:52 AM","Khanpur"
"281348","Sheeza Barkat","MR-5331","EMDS Call","Medical Emergency","Unconscious","2026/04/20 08:05:23 AM","Sadiqabad"
"281349","Adnan Shabbir","DR-205","EMDS Call","Medical Emergency","Anxiety / Psychiatric Disorder","2026/04/20 08:21:59 AM","Sadiqabad"
"281350","Muhammad ALi","DR-818","EMDS Call","Medical Emergency","SOB/ Respiratory Distress","2026/04/20 08:22:06 AM","Sadiqabad"
"281351","Fahad Hussain","DR-538","EMDS Call","Road Crash","Severe Trauma","2026/04/20 08:23:20 AM","Sadiqabad"
"281352","Adnan Shabbir","DR-205","EMDS Call","Medical Emergency","Hypertension","2026/04/20 08:24:54 AM","Khanpur"
"281353","Adnan Shabbir","DR-205","EMDS Call","Medical Emergency","Backache","2026/04/20 08:29:53 AM","Rahim Yar Khan"
"281354","Muhammad ALi","DR-818","EMDS Call","Medical Emergency","Epilepsy","2026/04/20 08:30:46 AM","Liaqatpur"
"281355","Fahad Hussain","DR-538","EMDS Call","Rescue Operations","Delivery Case","2026/04/20 08:30:13 AM","Sadiqabad"
"281356","Adnan Shabbir","DR-205","EMDS Call","Road Crash","Minor Injuries","2026/04/20 08:33:44 AM","Khanpur"
"281357","Fahad Hussain","DR-538","EMDS Call","Medical Emergency","Abdominal Pain","2026/04/20 08:34:19 AM","Rahim Yar Khan"
"78033","Fahad Hussain","DR-538","Direct Call","Patient Transfer Service","N/A","2026/04/20 08:38:40 AM","Khanpur"
"281358","Muhammad ALi","DR-818","EMDS Call","Road Crash","Bleeding","2026/04/20 08:42:06 AM","Rahim Yar Khan"
"281360","Adnan Shabbir","DR-205","EMDS Call","Medical Emergency","Hypertension","2026/04/20 08:41:51 AM","Khanpur"
"281359","Adnan Shabbir","DR-205","EMDS Call","Medical Emergency","Joints Pain","2026/04/20 08:47:25 AM","Sadiqabad"
"281361","Muhammad ALi","DR-818","EMDS Call","Medical Emergency","Joints Pain","2026/04/20 08:51:10 AM","Sadiqabad"
"281362","Fahad Hussain","DR-538","EMDS Call","Medical Emergency","Joints Pain","2026/04/20 08:53:56 AM","Rahim Yar Khan"
"281364","Adnan Shabbir","DR-205","EMDS Call","Medical Emergency","Renal Disorders / Renal Colic ","2026/04/20 08:53:49 AM","Khanpur"
"281363","Muhammad ALi","DR-818","EMDS Call","Road Crash","Severe Trauma","2026/04/20 08:53:57 AM","Liaqatpur"
"281363","Muhammad ALi","DR-818","EMDS Call","Road Crash","Severe Trauma","2026/04/20 08:53:57 AM","Liaqatpur"
"281365","Muhammad ALi","DR-818","EMDS Call","Medical Emergency","Vertigo/ Dizziness","2026/04/20 09:11:51 AM","Rahim Yar Khan"
"281366","Adnan Shabbir","DR-205","EMDS Call","Medical Emergency","Diarrhea","2026/04/20 09:13:48 AM","Liaqatpur"
"Not Assigned","Mureed Abbas","DR-900","Direct Call","Community","Community Training","2026/04/20 09:18:41 AM","Liaqatpur"
"281367","Muhammad ALi","DR-818","EMDS Call","Medical Emergency","Vomiting","2026/04/20 09:18:35 AM","Rahim Yar Khan"
"78034","Adnan Shabbir","DR-205","Direct Call","Patient Transfer Service","N/A","2026/04/20 09:19:46 AM","Sadiqabad"
"78035","Mureed Abbas","DR-900","Direct Call","Patient Transfer Service","N/A","2026/04/20 09:34:18 AM","Rahim Yar Khan"
"281368","Mureed Abbas","DR-900","EMDS Call","Medical Emergency","Chest Pain","2026/04/20 09:37:17 AM","Khanpur"
"281369","Muhammad Rashid Saleem","DR-187","EMDS Call","Medical Emergency","SOB/ Respiratory Distress","2026/04/20 09:45:07 AM","Rahim Yar Khan"
"281371","Mureed Abbas","DR-900","EMDS Call","Road Crash","Bleeding","2026/04/20 09:48:45 AM","Rahim Yar Khan"
"281370","Adnan Shabbir","DR-205","EMDS Call","Medical Emergency","SOB/ Respiratory Distress","2026/04/20 09:48:37 AM","Khanpur"
"281372","Muhammad Rashid Saleem","DR-187","EMDS Call","Medical Emergency","Joints Pain","2026/04/20 09:50:16 AM","Rahim Yar Khan"
"281373","Yasir Ilyas","DR-893","EMDS Call","Medical Emergency","Vomiting","2026/04/20 09:55:48 AM","Rahim Yar Khan"
"281375","Yasir Ilyas","DR-893","EMDS Call","Medical Emergency","SOB/ Respiratory Distress","2026/04/20 10:06:29 AM","Liaqatpur"
"281374","Mureed Abbas","DR-900","EMDS Call","Medical Emergency","Hyperglycemia","2026/04/20 10:06:14 AM","Sadiqabad"
"281377","Mureed Abbas","DR-900","EMDS Call","Medical Emergency","CVA/Stroke","2026/04/20 10:09:21 AM","Liaqatpur"
"281376","Yasir Ilyas","DR-893","EMDS Call","Medical Emergency","Epilepsy","2026/04/20 10:09:39 AM","Rahim Yar Khan"
"281378","Muhammad Rashid Saleem","DR-187","EMDS Call","Medical Emergency","Earache/ Toothache","2026/04/20 10:11:21 AM","Liaqatpur"
"281379","Zupasha Zia","MR-5758","EMDS Call","Medical Emergency","Abdominal Pain","2026/04/20 10:35:51 AM","Rahim Yar Khan"
"281380","Zupasha Zia","MR-5758","EMDS Call","Medical Emergency","Chest Pain","2026/04/20 10:42:52 AM","Khanpur"
"78036","Mureed Abbas","DR-900","Direct Call","Patient Transfer Service","N/A","2026/04/20 10:47:43 AM","Sadiqabad"
"281381","Muhammad Rashid Saleem","DR-187","EMDS Call","Medical Emergency","Hypertension","2026/04/20 10:51:03 AM","Rahim Yar Khan"
"78037","Imran Anjum","DR-204","Direct Call","Patient Transfer Service","N/A","2026/04/20 10:55:37 AM","Sadiqabad"
"281382","Mureed Abbas","DR-900","EMDS Call","Road Crash","Minor Injuries","2026/04/20 10:54:41 AM","Rahim Yar Khan"
"281384","Imran Anjum","DR-204","EMDS Call","Medical Emergency","High Fever","2026/04/20 11:00:25 AM","Sadiqabad"
"281383","Mureed Abbas","DR-900","EMDS Call","Medical Emergency","Chronic Illness","2026/04/20 11:01:05 AM","Sadiqabad"
"281385","Imran Anjum","DR-204","EMDS Call","Medical Emergency","High Fever","2026/04/20 11:03:38 AM","Rahim Yar Khan"
"281386","Mureed Abbas","DR-900","EMDS Call","Medical Emergency","Hypoglycemia","2026/04/20 11:04:27 AM","Sadiqabad"
"281387","Yasir Ilyas","DR-893","EMDS Call","Medical Emergency","Backache","2026/04/20 11:09:44 AM","Rahim Yar Khan"
"281388","Imran Anjum","DR-204","EMDS Call","Medical Emergency","Joints Pain","2026/04/20 11:12:17 AM","Sadiqabad"
"281389","Zupasha Zia","MR-5758","EMDS Call","Medical Emergency","SOB/ Respiratory Distress","2026/04/20 11:21:58 AM","Khanpur"
"281390","Imran Anjum","DR-204","EMDS Call","Medical Emergency","Anxiety / Psychiatric Disorder","2026/04/20 11:23:56 AM","Rahim Yar Khan"
"78038","Mureed Abbas","DR-900","Direct Call","Patient Transfer Service","N/A","2026/04/20 11:25:49 AM","Khanpur"
"281391","Mureed Abbas","DR-900","EMDS Call","Crime","Probable Suicide","2026/04/20 11:26:35 AM","Sadiqabad"
"281392","Yasir Ilyas","DR-893","EMDS Call","Medical Emergency","Vomiting","2026/04/20 11:27:06 AM","Rahim Yar Khan"
"78039","Mureed Abbas","DR-900","Direct Call","Patient Transfer Service","N/A","2026/04/20 11:30:18 AM","Khanpur"
"281393","Zupasha Zia","MR-5758","EMDS Call","Medical Emergency","Abdominal Pain","2026/04/20 11:30:31 AM","Khanpur"
"281394","Imran Anjum","DR-204","EMDS Call","Medical Emergency","SOB/ Respiratory Distress","2026/04/20 11:36:12 AM","Rahim Yar Khan"
"Not Assigned","Mureed Abbas","DR-900","Direct Call","Community","Community Training","2026/04/20 11:39:54 AM","Rahim Yar Khan"
"281395","Zupasha Zia","MR-5758","EMDS Call","Medical Emergency","High Fever","2026/04/20 11:38:20 AM","Khanpur"
"281396","Mureed Abbas","DR-900","EMDS Call","Medical Emergency","Anxiety / Psychiatric Disorder","2026/04/20 11:41:03 AM","Rahim Yar Khan"
"281397","Imran Anjum","DR-204","EMDS Call","Medical Emergency","Vomiting","2026/04/20 11:49:21 AM","Rahim Yar Khan"
"281398","Imran Anjum","DR-204","EMDS Call","Medical Emergency","Abdominal Pain","2026/04/20 11:55:19 AM","Sadiqabad"
"281399","Mureed Abbas","DR-900","EMDS Call","Road Crash","Bleeding","2026/04/20 12:06:43 PM","Rahim Yar Khan"
"281400","Imran Anjum","DR-204","EMDS Call","Medical Emergency","Hypertension","2026/04/20 12:09:55 PM","Sadiqabad"
"281401","Yasir Ilyas","DR-893","EMDS Call","Medical Emergency","Hypertension","2026/04/20 12:20:45 PM","Rahim Yar Khan"
"281402","Zupasha Zia","MR-5758","EMDS Call","Medical Emergency","Chronic Illness","2026/04/20 12:27:46 PM","Sadiqabad"
"281403","Yasir Ilyas","DR-893","EMDS Call","Medical Emergency","Urinary Retention","2026/04/20 12:31:08 PM","Khanpur"
"281404","Zupasha Zia","MR-5758","EMDS Call","Medical Emergency","Epilepsy","2026/04/20 12:35:26 PM","Liaqatpur"
"281406","Mureed Abbas","DR-900","EMDS Call","Medical Emergency","Domestic Injuries","2026/04/20 12:39:55 PM","Rahim Yar Khan"
"281405","Zupasha Zia","MR-5758","EMDS Call","Road Crash","Minor Injuries","2026/04/20 12:41:51 PM","Sadiqabad"
"281407","Yasir Ilyas","DR-893","EMDS Call","Medical Emergency","Anxiety / Psychiatric Disorder","2026/04/20 12:45:28 PM","Rahim Yar Khan"
"281408","Mureed Abbas","DR-900","EMDS Call","Medical Emergency","Hypoglycemia","2026/04/20 01:00:11 PM","Sadiqabad"
"281409","Yasir Ilyas","DR-893","EMDS Call","Medical Emergency","SOB/ Respiratory Distress","2026/04/20 01:05:09 PM","Khanpur"
"78040","Mureed Abbas","DR-900","Direct Call","Patient Transfer Service","N/A","2026/04/20 01:12:16 PM","Khanpur"
"78041","Mureed Abbas","DR-900","Direct Call","Patient Transfer Service","N/A","2026/04/20 01:14:50 PM","Khanpur"
"281410","Zupasha Zia","MR-5758","EMDS Call","Medical Emergency","Vertigo/ Dizziness","2026/04/20 01:14:38 PM","Rahim Yar Khan"
"281411","Yasir Ilyas","DR-893","EMDS Call","Medical Emergency","High Fever","2026/04/20 01:23:32 PM","Rahim Yar Khan"
"281412","Zupasha Zia","MR-5758","EMDS Call","Road Crash","Bleeding","2026/04/20 01:27:12 PM","Liaqatpur"
"281413","Yasir Ilyas","DR-893","EMDS Call","Rescue Operations","Work/Occupational Injuries","2026/04/20 01:28:51 PM","Rahim Yar Khan"
"281414","Mureed Abbas","DR-900","EMDS Call","Road Crash","Bleeding","2026/04/20 01:28:59 PM","Liaqatpur"
"78042","Zupasha Zia","MR-5758","Direct Call","Patient Transfer Service","N/A","2026/04/20 01:34:41 PM","Sadiqabad"
"78043","Mureed Abbas","DR-900","Direct Call","Patient Transfer Service","N/A","2026/04/20 01:36:17 PM","Sadiqabad"
"281415","Zupasha Zia","MR-5758","EMDS Call","Medical Emergency","Joints Pain","2026/04/20 01:42:14 PM","Rahim Yar Khan"
"281416","Mureed Abbas","DR-900","EMDS Call","Medical Emergency","SOB/ Respiratory Distress","2026/04/20 01:54:45 PM","Rahim Yar Khan"
"281417","Zupasha Zia","MR-5758","EMDS Call","Medical Emergency","Gynae Problem","2026/04/20 01:59:38 PM","Khanpur"
"281418","Mureed Abbas","DR-900","EMDS Call","Medical Emergency","Chest Pain","2026/04/20 02:02:32 PM","Khanpur"
"281419","Mureed Abbas","DR-900","EMDS Call","Road Crash","Minor Injuries","2026/04/20 02:05:58 PM","Sadiqabad"
"281420","Mureed Abbas","DR-900","EMDS Call","Medical Emergency","Domestic Injuries","2026/04/20 02:14:01 PM","Sadiqabad"
"281421","Mureed Abbas","DR-900","EMDS Call","Fire","Short Circuit","2026/04/20 02:17:20 PM","Rahim Yar Khan"
"281422","Zupasha Zia","MR-5758","EMDS Call","Fire","Short Circuit","2026/04/20 02:19:52 PM","Rahim Yar Khan"
"78044","Sheeza Barkat","MR-5331","Direct Call","Patient Transfer Service","N/A","2026/04/20 02:22:11 PM","Liaqatpur"
"281423","Zupasha Zia","MR-5758","EMDS Call","Road Crash","Minor Injuries","2026/04/20 02:26:15 PM","Rahim Yar Khan"
"281424","Mureed Abbas","DR-900","EMDS Call","Medical Emergency","High Fever","2026/04/20 02:30:34 PM","Rahim Yar Khan"
"281425","Saima Bashir","MR-5819","EMDS Call","Medical Emergency","Hypertension","2026/04/20 02:46:42 PM","Rahim Yar Khan"
"281426","Bushra Saleem","MR-5701","EMDS Call","Medical Emergency","Renal Disorders / Renal Colic ","2026/04/20 02:52:00 PM","Liaqatpur"
"281427","Bushra Saleem","MR-5701","EMDS Call","Medical Emergency","Headache","2026/04/20 03:01:05 PM","Khanpur"
"281428","Bushra Saleem","MR-5701","EMDS Call","Medical Emergency","Renal Disorders / Renal Colic ","2026/04/20 03:03:30 PM","Rahim Yar Khan"
"281429","Saima Bashir","MR-5819","EMDS Call","Medical Emergency","Vomiting","2026/04/20 03:12:43 PM","Liaqatpur"
"281430","Bushra Saleem","MR-5701","EMDS Call","Medical Emergency","Vomiting","2026/04/20 03:12:01 PM","Rahim Yar Khan"
"78045","Saima Bashir","MR-5819","Direct Call","Patient Transfer Service","N/A","2026/04/20 03:17:42 PM","Sadiqabad"
"281431","Bushra Saleem","MR-5701","EMDS Call","Medical Emergency","Vertigo/ Dizziness","2026/04/20 03:19:37 PM","Rahim Yar Khan"
"281432","Mureed Abbas","DR-900","EMDS Call","Medical Emergency","Anxiety / Psychiatric Disorder","2026/04/20 03:20:54 PM","Liaqatpur"
"281433","Bushra Saleem","MR-5701","EMDS Call","Road Crash","Bleeding","2026/04/20 03:24:29 PM","Sadiqabad"
"281434","Mureed Abbas","DR-900","EMDS Call","Road Crash","Severe Trauma","2026/04/20 03:27:13 PM","Khanpur"
"78046","Shahla Nawaz","DR-185","Direct Call","Patient Transfer Service","N/A","2026/04/20 03:35:07 PM","Sadiqabad"
"78047","Shahla Nawaz","DR-185","Direct Call","Patient Transfer Service","N/A","2026/04/20 03:38:57 PM","Khanpur"
"78048","Bushra Saleem","MR-5701","Direct Call","Patient Transfer Service","N/A","2026/04/20 03:39:24 PM","Sadiqabad"
"78049","Muhammad Zubair","DR-894","Direct Call","Patient Transfer Service","N/A","2026/04/20 03:41:45 PM","Khanpur"
"281435","Muhammad Zubair","DR-894","EMDS Call","Medical Emergency","Joints Pain","2026/04/20 03:42:36 PM","Khanpur"
"281436","Bushra Saleem","MR-5701","EMDS Call","Medical Emergency","Hypotension","2026/04/20 03:43:37 PM","Liaqatpur"
"281437","Shahla Nawaz","DR-185","EMDS Call","Medical Emergency","SOB/ Respiratory Distress","2026/04/20 03:46:41 PM","Rahim Yar Khan"
"281438","Muhammad Zubair","DR-894","EMDS Call","Medical Emergency","Unconscious","2026/04/20 03:48:46 PM","Sadiqabad"
"281439","Bushra Saleem","MR-5701","EMDS Call","Medical Emergency","High Fever","2026/04/20 03:49:04 PM","Sadiqabad"
"281440","Shahla Nawaz","DR-185","EMDS Call","Medical Emergency","High Fever","2026/04/20 03:58:56 PM","Sadiqabad"
"281441","Muhammad Zubair","DR-894","EMDS Call","Medical Emergency","Abdominal Pain","2026/04/20 04:07:49 PM","Sadiqabad"
"78050","Shahla Nawaz","DR-185","Direct Call","Patient Transfer Service","N/A","2026/04/20 04:18:30 PM","Sadiqabad"
"281442","Bushra Saleem","MR-5701","EMDS Call","Medical Emergency","Epilepsy","2026/04/20 04:18:13 PM","Khanpur"
"78051","Shahla Nawaz","DR-185","Direct Call","Patient Transfer Service","N/A","2026/04/20 04:25:46 PM","Sadiqabad"
"281443","Shahla Nawaz","DR-185","EMDS Call","Rescue Operations","Delivery Case","2026/04/20 04:25:51 PM","Sadiqabad"
"281444","Shahla Nawaz","DR-185","EMDS Call","Medical Emergency","High Fever","2026/04/20 04:32:23 PM","Liaqatpur"
"281445","Shahla Nawaz","DR-185","EMDS Call","Medical Emergency","High Fever","2026/04/20 04:41:55 PM","Sadiqabad"
"281446","Shahla Nawaz","DR-185","EMDS Call","Road Crash","Severe Trauma","2026/04/20 04:54:10 PM","Rahim Yar Khan"
"78052","Muhammad Zubair","DR-894","Direct Call","Patient Transfer Service","N/A","2026/04/20 05:06:54 PM","Liaqatpur"
"78053","Muhammad Zubair","DR-894","Direct Call","Patient Transfer Service","N/A","2026/04/20 05:12:54 PM","Liaqatpur"
"281447","Bushra Saleem","MR-5701","EMDS Call","Road Crash","Severe Trauma","2026/04/20 05:16:06 PM","Khanpur"
"281447","Bushra Saleem","MR-5701","EMDS Call","Road Crash","Severe Trauma","2026/04/20 05:16:06 PM","Khanpur"
"281447","Bushra Saleem","MR-5701","EMDS Call","Road Crash","Severe Trauma","2026/04/20 05:16:06 PM","Khanpur"
"281448","Bushra Saleem","MR-5701","EMDS Call","Medical Emergency","Joints Pain","2026/04/20 05:21:55 PM","Rahim Yar Khan"
"281449","Saima Bashir","MR-5819","EMDS Call","Medical Emergency","Chest Pain","2026/04/20 05:41:13 PM","Sadiqabad"
"281450","Saima Bashir","MR-5819","EMDS Call","Medical Emergency","Hypertension","2026/04/20 05:54:19 PM","Sadiqabad"
"281451","Muhammad Riaz","DR-654","EMDS Call","Road Crash","Bleeding","2026/04/20 05:56:06 PM","Rahim Yar Khan"
"281452","Muhammad Riaz","DR-654","EMDS Call","Medical Emergency","Chronic Illness","2026/04/20 05:58:26 PM","Rahim Yar Khan"
"281453","Saima Bashir","MR-5819","EMDS Call","Medical Emergency","Hypertension","2026/04/20 06:01:08 PM","Sadiqabad"
"281454","Muhammad Riaz","DR-654","EMDS Call","Medical Emergency","Anxiety / Psychiatric Disorder","2026/04/20 06:01:51 PM","Rahim Yar Khan"
"281455","Saima Bashir","MR-5819","EMDS Call","Medical Emergency","Domestic Injuries","2026/04/20 06:02:59 PM","Liaqatpur"
"78054","Muhammad Zubair","DR-894","Direct Call","Patient Transfer Service","N/A","2026/04/20 06:04:18 PM","Khanpur"
"281456","Saima Bashir","MR-5819","EMDS Call","Fall","Fall From Stairs","2026/04/20 06:06:52 PM","Khanpur"
"281457","Muhammad Riaz","DR-654","EMDS Call","Medical Emergency","Gynae Problem","2026/04/20 06:10:11 PM","Khanpur"
"281459","Muhammad Riaz","DR-654","EMDS Call","Rescue Operations","Delivery Case","2026/04/20 06:14:40 PM","Rahim Yar Khan"
"281458","Saima Bashir","MR-5819","EMDS Call","Medical Emergency","Hypertension","2026/04/20 06:15:59 PM","Liaqatpur"
"78055","Muhammad Riaz","DR-654","Direct Call","Patient Transfer Service","N/A","2026/04/20 06:30:58 PM","Sadiqabad"
"78056","Saima Bashir","MR-5819","Direct Call","Patient Transfer Service","N/A","2026/04/20 06:33:57 PM","Sadiqabad"
"281460","Shahla Nawaz","DR-185","EMDS Call","Medical Emergency","Joints Pain","2026/04/20 06:32:25 PM","Rahim Yar Khan"
"281461","Saima Bashir","MR-5819","EMDS Call","Medical Emergency","Anxiety / Psychiatric Disorder","2026/04/20 06:35:38 PM","Sadiqabad"
"281462","Shahla Nawaz","DR-185","EMDS Call","Medical Emergency","Hypertension","2026/04/20 06:36:46 PM","Rahim Yar Khan"
"281463","Muhammad Riaz","DR-654","EMDS Call","Crime","Bullet Injury","2026/04/20 06:47:38 PM","Khanpur"
"281464","Saima Bashir","MR-5819","EMDS Call","Medical Emergency","Anxiety / Psychiatric Disorder","2026/04/20 06:53:10 PM","Sadiqabad"
"281465","Saima Bashir","MR-5819","EMDS Call","Medical Emergency","Chest Pain","2026/04/20 07:00:00 PM","Khanpur"
"281466","Shahla Nawaz","DR-185","EMDS Call","Medical Emergency","Diarrhea","2026/04/20 07:02:05 PM","Liaqatpur"
"281467","Saima Bashir","MR-5819","EMDS Call","Medical Emergency","SOB/ Respiratory Distress","2026/04/20 07:04:34 PM","Rahim Yar Khan"
"281468","Saima Bashir","MR-5819","EMDS Call","Medical Emergency","Unconscious","2026/04/20 07:09:27 PM","Sadiqabad"
"281469","Saima Bashir","MR-5819","EMDS Call","Medical Emergency","Urinary Retention","2026/04/20 07:13:10 PM","Rahim Yar Khan"
"281470","Saima Bashir","MR-5819","EMDS Call","Road Crash","Severe Trauma","2026/04/20 07:18:33 PM","Rahim Yar Khan"
"281470","Saima Bashir","MR-5819","EMDS Call","Road Crash","Severe Trauma","2026/04/20 07:18:33 PM","Rahim Yar Khan"
"281470","Saima Bashir","MR-5819","EMDS Call","Road Crash","Severe Trauma","2026/04/20 07:18:33 PM","Rahim Yar Khan"
"281471","Shahla Nawaz","DR-185","EMDS Call","Road Crash","Multiple Fractures","2026/04/20 07:20:43 PM","Rahim Yar Khan"
"281472","Saima Bashir","MR-5819","EMDS Call","Rescue Operations","Snake Emergency","2026/04/20 07:25:10 PM","Sadiqabad"
"281473","Saima Bashir","MR-5819","EMDS Call","Medical Emergency","SOB/ Respiratory Distress","2026/04/20 07:30:08 PM","Rahim Yar Khan"
"281474","Saima Bashir","MR-5819","EMDS Call","Medical Emergency","Hypoglycemia","2026/04/20 07:35:35 PM","Rahim Yar Khan"
"281475","Muhammad Zubair","DR-894","EMDS Call","Medical Emergency","Hypertension","2026/04/20 07:36:33 PM","Rahim Yar Khan"
"281476","Muhammad Zubair","DR-894","EMDS Call","Road Crash","Minor Injuries","2026/04/20 07:40:39 PM","Rahim Yar Khan"
"281477","Bushra Saleem","MR-5701","EMDS Call","Medical Emergency","Vomiting","2026/04/20 07:44:00 PM","Rahim Yar Khan"
"281478","Bushra Saleem","MR-5701","EMDS Call","Medical Emergency","Hypertension","2026/04/20 07:49:11 PM","Khanpur"
"281479","Bushra Saleem","MR-5701","EMDS Call","Road Crash","Bleeding","2026/04/20 07:52:11 PM","Rahim Yar Khan"
"281480","Bushra Saleem","MR-5701","EMDS Call","Road Crash","Minor Injuries","2026/04/20 08:02:54 PM","Rahim Yar Khan"
"281481","Bushra Saleem","MR-5701","EMDS Call","Road Crash","Multiple Fractures","2026/04/20 08:05:23 PM","Sadiqabad"
"281482","Saima Bashir","MR-5819","EMDS Call","Medical Emergency","Domestic Injuries","2026/04/20 08:05:27 PM","Liaqatpur"
"281483","Shahla Nawaz","DR-185","EMDS Call","Medical Emergency","Anxiety / Psychiatric Disorder","2026/04/20 08:08:31 PM","Rahim Yar Khan"
"78057","Bushra Saleem","MR-5701","Direct Call","Patient Transfer Service","N/A","2026/04/20 08:11:41 PM","Khanpur"
"281484","Saima Bashir","MR-5819","EMDS Call","Medical Emergency","Gynae Problem","2026/04/20 08:12:42 PM","Khanpur"
"78058","Saima Bashir","MR-5819","Direct Call","Patient Transfer Service","N/A","2026/04/20 08:16:08 PM","Sadiqabad"
"281485","Bushra Saleem","MR-5701","EMDS Call","Medical Emergency","Hypotension","2026/04/20 08:14:34 PM","Liaqatpur"
"281486","Saima Bashir","MR-5819","EMDS Call","Medical Emergency","SOB/ Respiratory Distress","2026/04/20 08:16:02 PM","Rahim Yar Khan"
"281487","Saima Bashir","MR-5819","EMDS Call","Medical Emergency","Hypertension","2026/04/20 08:19:44 PM","Rahim Yar Khan"
"281488","Bushra Saleem","MR-5701","EMDS Call","Medical Emergency","Anxiety / Psychiatric Disorder","2026/04/20 08:21:08 PM","Rahim Yar Khan"
"281489","Bushra Saleem","MR-5701","EMDS Call","Road Crash","Minor Injuries","2026/04/20 08:27:11 PM","Rahim Yar Khan"
"281490","Bushra Saleem","MR-5701","EMDS Call","Medical Emergency","SOB/ Respiratory Distress","2026/04/20 08:30:41 PM","Khanpur"
"281491","Saima Bashir","MR-5819","EMDS Call","Medical Emergency","Chest Pain","2026/04/20 08:33:24 PM","Rahim Yar Khan"
"281492","Saima Bashir","MR-5819","EMDS Call","Medical Emergency","High Fever","2026/04/20 08:41:40 PM","Rahim Yar Khan"
"281493","Saima Bashir","MR-5819","EMDS Call","Medical Emergency","Vomiting","2026/04/20 08:45:54 PM","Khanpur"
"281494","Saima Bashir","MR-5819","EMDS Call","Medical Emergency","Urinary Retention","2026/04/20 08:48:42 PM","Sadiqabad"
"281495","Saima Bashir","MR-5819","EMDS Call","Medical Emergency","Hypertension","2026/04/20 08:53:57 PM","Rahim Yar Khan"
"281496","Saima Bashir","MR-5819","EMDS Call","Road Crash","Bleeding","2026/04/20 08:56:41 PM","Sadiqabad"
"281496","Saima Bashir","MR-5819","EMDS Call","Road Crash","Bleeding","2026/04/20 08:56:41 PM","Sadiqabad"
"281497","Bushra Saleem","MR-5701","EMDS Call","Medical Emergency","Vomiting","2026/04/20 09:08:57 PM","Sadiqabad"
"281498","Saima Bashir","MR-5819","EMDS Call","Medical Emergency","Vertigo/ Dizziness","2026/04/20 09:09:55 PM","Sadiqabad"
"281499","Saima Bashir","MR-5819","EMDS Call","Road Crash","Multiple Fractures","2026/04/20 09:22:27 PM","Rahim Yar Khan"
"281500","Bushra Saleem","MR-5701","EMDS Call","Medical Emergency","Vertigo/ Dizziness","2026/04/20 09:21:47 PM","Rahim Yar Khan"
"281501","Bushra Saleem","MR-5701","EMDS Call","Medical Emergency","Joints Pain","2026/04/20 09:24:56 PM","Rahim Yar Khan"
"281502","Bushra Saleem","MR-5701","EMDS Call","Medical Emergency","Anxiety / Psychiatric Disorder","2026/04/20 09:30:46 PM","Rahim Yar Khan"
"78059","Bushra Saleem","MR-5701","Direct Call","Patient Transfer Service","N/A","2026/04/20 09:33:46 PM","Sadiqabad"
"281503","Saima Bashir","MR-5819","EMDS Call","Medical Emergency","Hypertension","2026/04/20 09:34:47 PM","Rahim Yar Khan"
"281504","Bushra Saleem","MR-5701","EMDS Call","Medical Emergency","Vertigo/ Dizziness","2026/04/20 09:35:38 PM","Rahim Yar Khan"
"281505","Bushra Saleem","MR-5701","EMDS Call","Medical Emergency","Hypoglycemia","2026/04/20 09:38:49 PM","Sadiqabad"
"281506","Muhammad Zahid","DR-888","EMDS Call","Medical Emergency","Anxiety / Psychiatric Disorder","2026/04/20 09:38:55 PM","Rahim Yar Khan"
"281507","Saima Bashir","MR-5819","EMDS Call","Medical Emergency","Backache","2026/04/20 09:40:08 PM","Khanpur"
"281508","Muhammad Zahid","DR-888","EMDS Call","Medical Emergency","Hypertension","2026/04/20 09:40:53 PM","Sadiqabad"
"281510","Saima Bashir","MR-5819","EMDS Call","Medical Emergency","Earache/ Toothache","2026/04/20 09:41:53 PM","Rahim Yar Khan"
"281509","Muhammad Zahid","DR-888","EMDS Call","Medical Emergency","Hypoglycemia","2026/04/20 09:43:15 PM","Rahim Yar Khan"
"78060","Nida Rahat","DR-1322","Direct Call","Patient Transfer Service","N/A","2026/04/20 09:52:16 PM","Khanpur"
"281512","Maheen Tahir","MR-6017","EMDS Call","Medical Emergency","Epilepsy","2026/04/20 09:55:28 PM","Rahim Yar Khan"
"281511","Farah Sadaqat","MR-5930","EMDS Call","Medical Emergency","Hypotension","2026/04/20 09:55:30 PM","Rahim Yar Khan"
"281513","Nida Rahat","DR-1322","EMDS Call","Medical Emergency","Chest Pain","2026/04/20 09:58:15 PM","Sadiqabad"
"78061","Nida Rahat","DR-1322","Direct Call","Patient Transfer Service","N/A","2026/04/20 10:00:42 PM","Khanpur"
"281514","Farah Sadaqat","MR-5930","EMDS Call","Medical Emergency","Domestic Injuries","2026/04/20 10:07:14 PM","Rahim Yar Khan"
"281515","Farah Sadaqat","MR-5930","EMDS Call","Road Crash","Minor Injuries","2026/04/20 10:13:53 PM","Liaqatpur"
"281516","Nida Rahat","DR-1322","EMDS Call","Fire","Wheat Fire","2026/04/20 10:24:18 PM","Rahim Yar Khan"
"281517","Maheen Tahir","MR-6017","EMDS Call","Medical Emergency","Hypertension","2026/04/20 10:27:40 PM","Rahim Yar Khan"
"281518","Farah Sadaqat","MR-5930","EMDS Call","Medical Emergency","Anxiety / Psychiatric Disorder","2026/04/20 10:28:56 PM","Rahim Yar Khan"
"281519","Farah Sadaqat","MR-5930","EMDS Call","Medical Emergency","High Fever","2026/04/20 10:35:35 PM","Sadiqabad"
"281520","Farah Sadaqat","MR-5930","EMDS Call","Road Crash","Minor Injuries","2026/04/20 10:41:03 PM","Rahim Yar Khan"
"281521","Maheen Tahir","MR-6017","EMDS Call","Medical Emergency","High Fever","2026/04/20 10:48:14 PM","Rahim Yar Khan"
"281522","Farah Sadaqat","MR-5930","EMDS Call","Fire","Short Circuit","2026/04/20 10:51:25 PM","Rahim Yar Khan"
"78062","Maheen Tahir","MR-6017","Direct Call","Patient Transfer Service","N/A","2026/04/20 10:54:07 PM","Sadiqabad"
"281523","Farah Sadaqat","MR-5930","EMDS Call","Medical Emergency","Vomiting","2026/04/20 10:55:23 PM","Sadiqabad"
"281524","Maheen Tahir","MR-6017","EMDS Call","Fire","Short Circuit","2026/04/20 11:01:10 PM","Rahim Yar Khan"
"78063","Nida Rahat","DR-1322","Direct Call","Patient Transfer Service","N/A","2026/04/20 11:03:19 PM","Sadiqabad"
"281525","Farah Sadaqat","MR-5930","EMDS Call","Medical Emergency","High Fever","2026/04/20 11:19:05 PM","Khanpur"
"281526","Farah Sadaqat","MR-5930","EMDS Call","Medical Emergency","SOB/ Respiratory Distress","2026/04/20 11:23:44 PM","Liaqatpur"
"281527","Farah Sadaqat","MR-5930","EMDS Call","Medical Emergency","SOB/ Respiratory Distress","2026/04/20 11:46:11 PM","Rahim Yar Khan"
"281528","Maheen Tahir","MR-6017","Direct Call","Road Crash","Severe Trauma","2026/04/20 11:52:02 PM","Rahim Yar Khan"
"281529","Farah Sadaqat","MR-5930","EMDS Call","Medical Emergency","Vertigo/ Dizziness","2026/04/20 11:52:55 PM","Rahim Yar Khan"
"281530","Maheen Tahir","MR-6017","EMDS Call","Medical Emergency","Epilepsy","2026/04/20 11:55:17 PM","Sadiqabad"
"281531","Farah Sadaqat","MR-5930","EMDS Call","Medical Emergency","Anxiety / Psychiatric Disorder","2026/04/20 11:57:53 PM","Rahim Yar Khan"
"281532","Maheen Tahir","MR-6017","EMDS Call","Medical Emergency","Chest Pain","2026/04/21 12:03:19 AM","Sadiqabad"
"281533","Farah Sadaqat","MR-5930","EMDS Call","Medical Emergency","SOB/ Respiratory Distress","2026/04/21 12:05:28 AM","Rahim Yar Khan"
"281534","Farah Sadaqat","MR-5930","EMDS Call","Medical Emergency","Hypotension","2026/04/21 12:10:34 AM","Rahim Yar Khan"
"78064","Farah Sadaqat","MR-5930","Direct Call","Patient Transfer Service","N/A","2026/04/21 12:16:37 AM","Sadiqabad"
"78065","Farah Sadaqat","MR-5930","Direct Call","Patient Transfer Service","N/A","2026/04/21 12:20:15 AM","Sadiqabad"
"78066","Farah Sadaqat","MR-5930","Direct Call","Patient Transfer Service","N/A","2026/04/21 12:22:19 AM","Sadiqabad"
"281535","Maheen Tahir","MR-6017","EMDS Call","Medical Emergency","Chronic Illness","2026/04/21 12:23:14 AM","Rahim Yar Khan"
"281536","Farah Sadaqat","MR-5930","EMDS Call","Medical Emergency","Hypertension","2026/04/21 12:38:34 AM","Rahim Yar Khan"
"281537","Farah Sadaqat","MR-5930","EMDS Call","Medical Emergency","Vomiting","2026/04/21 12:53:46 AM","Sadiqabad"
"281538","Farah Sadaqat","MR-5930","EMDS Call","Medical Emergency","Headache","2026/04/21 01:00:58 AM","Khanpur"
"281539","Maheen Tahir","MR-6017","EMDS Call","Fire","Short Circuit","2026/04/21 01:04:47 AM","Rahim Yar Khan"
"281540","Maheen Tahir","MR-6017","EMDS Call","Medical Emergency","Headache","2026/04/21 01:22:00 AM","Rahim Yar Khan"
"78067","Maheen Tahir","MR-6017","Direct Call","Patient Transfer Service","N/A","2026/04/21 01:30:49 AM","Khanpur"
"78068","Maheen Tahir","MR-6017","Direct Call","Patient Transfer Service","N/A","2026/04/21 01:33:06 AM","Khanpur"
"281541","Farah Sadaqat","MR-5930","EMDS Call","Medical Emergency","Abdominal Pain","2026/04/21 01:43:12 AM","Rahim Yar Khan"
"281542","Farah Sadaqat","MR-5930","EMDS Call","Medical Emergency","Vomiting","2026/04/21 01:57:52 AM","Khanpur"
"281543","Farah Sadaqat","MR-5930","EMDS Call","Medical Emergency","Vomiting","2026/04/21 02:15:39 AM","Rahim Yar Khan"
"281544","Maheen Tahir","MR-6017","EMDS Call","Medical Emergency","Renal Disorders / Renal Colic ","2026/04/21 02:18:31 AM","Sadiqabad"
"281545","Farah Sadaqat","MR-5930","EMDS Call","Medical Emergency","Epilepsy","2026/04/21 02:22:55 AM","Sadiqabad"
"281546","Farah Sadaqat","MR-5930","EMDS Call","Medical Emergency","Anxiety / Psychiatric Disorder","2026/04/21 02:38:03 AM","Rahim Yar Khan"
"281547","Maheen Tahir","MR-6017","EMDS Call","Medical Emergency","Hypertension","2026/04/21 02:39:02 AM","Rahim Yar Khan"
"78069","Farah Sadaqat","MR-5930","Direct Call","Patient Transfer Service","N/A","2026/04/21 02:41:43 AM","Sadiqabad"
"281548","Farah Sadaqat","MR-5930","EMDS Call","Medical Emergency","Renal Disorders / Renal Colic ","2026/04/21 02:44:25 AM","Sadiqabad"
"281549","Farah Sadaqat","MR-5930","EMDS Call","Medical Emergency","Abdominal Pain","2026/04/21 02:56:34 AM","Rahim Yar Khan"
"281550","Maheen Tahir","MR-6017","EMDS Call","Medical Emergency","Anxiety / Psychiatric Disorder","2026/04/21 02:59:02 AM","Rahim Yar Khan"
"281551","Farah Sadaqat","MR-5930","EMDS Call","Medical Emergency","Abdominal Pain","2026/04/21 03:06:15 AM","Sadiqabad"
"281552","Maheen Tahir","MR-6017","EMDS Call","Medical Emergency","Unconscious","2026/04/21 03:10:30 AM","Rahim Yar Khan"
"281553","Maheen Tahir","MR-6017","EMDS Call","Medical Emergency","SOB/ Respiratory Distress","2026/04/21 03:23:10 AM","Rahim Yar Khan"
"281554","Farhad Iftikhar","DR-913","EMDS Call","Medical Emergency","Abdominal Pain","2026/04/21 04:00:19 AM","Khanpur"
"281555","Muhammad Zubair","DR-894","EMDS Call","Rescue Operations","Delivery Case","2026/04/21 04:00:07 AM","Sadiqabad"
"78070","Nida Rahat","DR-1322","Direct Call","Patient Transfer Service","N/A","2026/04/21 04:07:36 AM","Khanpur"
"281556","Muhammad Zubair","DR-894","EMDS Call","Medical Emergency","Chest Pain","2026/04/21 04:37:02 AM","Rahim Yar Khan"
"281557","Farhad Iftikhar","DR-913","EMDS Call","Medical Emergency","SOB/ Respiratory Distress","2026/04/21 04:48:04 AM","Rahim Yar Khan"
"281558","Farhad Iftikhar","DR-913","EMDS Call","Medical Emergency","Diarrhea","2026/04/21 05:04:15 AM","Rahim Yar Khan"
"281559","Muhammad Zubair","DR-894","EMDS Call","Medical Emergency","Vomiting","2026/04/21 05:15:55 AM","Khanpur"
"281560","Muhammad Zubair","DR-894","EMDS Call","Medical Emergency","High Fever","2026/04/21 05:23:39 AM","Rahim Yar Khan"
"281561","Farhad Iftikhar","DR-913","EMDS Call","Medical Emergency","Unconscious","2026/04/21 05:24:45 AM","Sadiqabad"
"281562","Muhammad Zubair","DR-894","EMDS Call","Medical Emergency","Chronic Illness","2026/04/21 05:28:24 AM","Liaqatpur"
"281563","Farhad Iftikhar","DR-913","EMDS Call","Medical Emergency","Abdominal Pain","2026/04/21 05:46:58 AM","Khanpur"
"281564","Muhammad Zubair","DR-894","EMDS Call","Rescue Operations","Delivery Case","2026/04/21 05:53:24 AM","Rahim Yar Khan"
"281565","Farhad Iftikhar","DR-913","EMDS Call","Medical Emergency","Vomiting","2026/04/21 06:00:54 AM","Rahim Yar Khan"
"281566","Muhammad Zubair","DR-894","EMDS Call","Medical Emergency","Chest Pain","2026/04/21 06:07:44 AM","Rahim Yar Khan"
"281567","Farhad Iftikhar","DR-913","EMDS Call","Medical Emergency","Urinary Retention","2026/04/21 06:09:45 AM","Sadiqabad"
"281568","Muhammad Zubair","DR-894","EMDS Call","Medical Emergency","Unconscious","2026/04/21 06:23:36 AM","Rahim Yar Khan"
"281569","Muhammad Zubair","DR-894","EMDS Call","Medical Emergency","SOB/ Respiratory Distress","2026/04/21 06:30:44 AM","Khanpur"
"281570","Farhad Iftikhar","DR-913","EMDS Call","Medical Emergency","SOB/ Respiratory Distress","2026/04/21 06:47:23 AM","Rahim Yar Khan"
"281571","Muhammad Zubair","DR-894","EMDS Call","Road Crash","Severe Trauma","2026/04/21 07:10:37 AM","Khanpur"
"281572","Muhammad Abid","DR-874","EMDS Call","Medical Emergency","SOB/ Respiratory Distress","2026/04/21 07:10:26 AM","Liaqatpur"
"281573","Nida Rahat","DR-1322","EMDS Call","Road Crash","Bleeding","2026/04/21 07:16:15 AM","Liaqatpur"
"281574","Muhammad Zubair","DR-894","Direct Call","Rescue Operations","Mass Event Coverage","2026/04/21 07:27:23 AM","Rahim Yar Khan"
"281575","Nida Rahat","DR-1322","EMDS Call","Medical Emergency","Vomiting","2026/04/21 07:31:08 AM","Rahim Yar Khan"
"281579","Zia ul Haq","DR-328","EMDS Call","Medical Emergency","Chronic Illness","2026/04/21 07:39:18 AM","Rahim Yar Khan"
"281576","Zia ul Haq","DR-328","EMDS Call","Road Crash","Minor Injuries","2026/04/21 07:45:02 AM","Sadiqabad"
"281578","Nida Rahat","DR-1322","EMDS Call","Medical Emergency","Hyperglycemia","2026/04/21 07:45:09 AM","Rahim Yar Khan"
"281577","Muhammad Rashid Saleem","DR-187","EMDS Call","Rescue Operations","Animal/Bird Rescue","2026/04/21 07:44:55 AM","Khanpur"
"281580","Muhammad Rashid Saleem","DR-187","EMDS Call","Road Crash","Bleeding","2026/04/21 07:52:59 AM","Khanpur"
"281581","Muhammad Rashid Saleem","DR-187","EMDS Call","Medical Emergency","SOB/ Respiratory Distress","2026/04/21 07:58:32 AM","Rahim Yar Khan"
"78071","Muhammad Rashid Saleem","DR-187","Direct Call","Patient Transfer Service","N/A","2026/04/21 08:04:24 AM","Khanpur"
"281582","Muhammad Rashid Saleem","DR-187","EMDS Call","Road Crash","Bleeding","2026/04/21 08:24:35 AM","Sadiqabad"
"281583","Adnan Shabbir","DR-205","EMDS Call","Medical Emergency","Vomiting","2026/04/21 08:30:29 AM","Liaqatpur"
"281584","Adnan Shabbir","DR-205","EMDS Call","Medical Emergency","Abdominal Pain","2026/04/21 08:38:05 AM","Khanpur"
"281585","Zia ul Haq","DR-328","EMDS Call","Medical Emergency","Headache","2026/04/21 08:40:27 AM","Rahim Yar Khan"
"281586","Muhammad Rashid Saleem","DR-187","EMDS Call","Medical Emergency","High Fever","2026/04/21 08:41:19 AM","Sadiqabad"
"281587","Zia ul Haq","DR-328","EMDS Call","Road Crash","Bleeding","2026/04/21 08:54:30 AM","Liaqatpur"
"281588","Muhammad Rashid Saleem","DR-187","EMDS Call","Road Crash","Bleeding","2026/04/21 08:57:02 AM","Rahim Yar Khan"
"281589","Adnan Shabbir","DR-205","EMDS Call","Medical Emergency","Anxiety / Psychiatric Disorder","2026/04/21 08:57:19 AM","Rahim Yar Khan"
"281590","Muhammad Rashid Saleem","DR-187","EMDS Call","Medical Emergency","Anxiety / Psychiatric Disorder","2026/04/21 09:02:23 AM","Rahim Yar Khan"
"78072","Adnan Shabbir","DR-205","Direct Call","Patient Transfer Service","N/A","2026/04/21 09:05:12 AM","Sadiqabad"
"78073","Adnan Shabbir","DR-205","Direct Call","Patient Transfer Service","N/A","2026/04/21 09:07:29 AM","Sadiqabad"
"281591","Adnan Shabbir","DR-205","EMDS Call","Medical Emergency","Vertigo/ Dizziness","2026/04/21 09:08:20 AM","Rahim Yar Khan"
"281592","Fahad Hussain","DR-538","EMDS Call","Medical Emergency","Hypertension","2026/04/21 09:10:41 AM","Sadiqabad"
"281593","Fahad Hussain","DR-538","EMDS Call","Medical Emergency","Vomiting","2026/04/21 09:14:37 AM","Rahim Yar Khan"
"78074","Mureed Abbas","DR-900","Direct Call","Patient Transfer Service","N/A","2026/04/21 09:20:00 AM","Liaqatpur"
"281594","Adnan Shabbir","DR-205","EMDS Call","Road Crash","Minor Injuries","2026/04/21 09:20:24 AM","Rahim Yar Khan"
"281595","Mureed Abbas","DR-900","EMDS Call","Road Crash","Minor Injuries","2026/04/21 09:23:59 AM","Rahim Yar Khan"
"Not Assigned","Mureed Abbas","DR-900","Direct Call","Community","Community Training","2026/04/21 09:41:53 AM","Liaqatpur"
"281596","Adnan Shabbir","DR-205","EMDS Call","Medical Emergency","Abdominal Pain","2026/04/21 09:42:02 AM","Rahim Yar Khan"
"281597","Fahad Hussain","DR-538","EMDS Call","Rescue Operations","Delivery Case","2026/04/21 09:45:09 AM","Khanpur"
"78075","Adnan Shabbir","DR-205","Direct Call","Patient Transfer Service","N/A","2026/04/21 09:50:29 AM","Sadiqabad"
"78076","Adnan Shabbir","DR-205","Direct Call","Patient Transfer Service","N/A","2026/04/21 09:52:31 AM","Sadiqabad"
"78077","Adnan Shabbir","DR-205","Direct Call","Patient Transfer Service","N/A","2026/04/21 09:55:32 AM","Sadiqabad"
"281598","Mureed Abbas","DR-900","EMDS Call","Road Crash","Minor Injuries","2026/04/21 09:53:46 AM","Rahim Yar Khan"
"281599","Sheeza Barkat","MR-5331","EMDS Call","Medical Emergency","SOB/ Respiratory Distress","2026/04/21 09:59:07 AM","Rahim Yar Khan"
"281600","Adnan Shabbir","DR-205","EMDS Call","Road Crash","Severe Trauma","2026/04/21 10:10:30 AM","Sadiqabad"
"281601","Sheeza Barkat","MR-5331","EMDS Call","Medical Emergency","Vertigo/ Dizziness","2026/04/21 10:15:32 AM","Rahim Yar Khan"
"281602","Adnan Shabbir","DR-205","EMDS Call","Medical Emergency","Vertigo/ Dizziness","2026/04/21 10:16:44 AM","Rahim Yar Khan"
"281603","Yasir Ilyas","DR-893","EMDS Call","Medical Emergency","Epilepsy","2026/04/21 10:20:35 AM","Rahim Yar Khan"
"281605","Sheeza Barkat","MR-5331","EMDS Call","Medical Emergency","Domestic Injuries","2026/04/21 10:22:39 AM","Rahim Yar Khan"
"281604","Mureed Abbas","DR-900","EMDS Call","Medical Emergency","Anxiety / Psychiatric Disorder","2026/04/21 10:24:53 AM","Rahim Yar Khan"
"281606","Adnan Shabbir","DR-205","EMDS Call","Medical Emergency","Vertigo/ Dizziness","2026/04/21 10:27:31 AM","Sadiqabad"
"281607","Mureed Abbas","DR-900","EMDS Call","Medical Emergency","Joints Pain","2026/04/21 10:27:31 AM","Rahim Yar Khan"
"281609","Sheeza Barkat","MR-5331","EMDS Call","Rescue Operations","Animal/Bird Rescue","2026/04/21 10:28:07 AM","Liaqatpur"
"281608","Adnan Shabbir","DR-205","EMDS Call","Medical Emergency","Anxiety / Psychiatric Disorder","2026/04/21 10:30:30 AM","Rahim Yar Khan"
"78078","Mureed Abbas","DR-900","Direct Call","Patient Transfer Service","N/A","2026/04/21 10:36:08 AM","Liaqatpur"
"281610","Adnan Shabbir","DR-205","EMDS Call","Road Crash","Severe Trauma","2026/04/21 10:36:30 AM","Khanpur"
"281610","Adnan Shabbir","DR-205","EMDS Call","Road Crash","Severe Trauma","2026/04/21 10:36:30 AM","Khanpur"
"281611","Sheeza Barkat","MR-5331","EMDS Call","Road Crash","Bleeding","2026/04/21 10:43:18 AM","Rahim Yar Khan"
"281612","Yasir Ilyas","DR-893","EMDS Call","Medical Emergency","Chest Pain","2026/04/21 10:44:04 AM","Rahim Yar Khan"
"281613","Mureed Abbas","DR-900","EMDS Call","Road Crash","Bleeding","2026/04/21 10:45:03 AM","Rahim Yar Khan"
"281614","Adnan Shabbir","DR-205","EMDS Call","Medical Emergency","Hypotension","2026/04/21 10:46:17 AM","Sadiqabad"
"78079","Mureed Abbas","DR-900","Direct Call","Patient Transfer Service","N/A","2026/04/21 10:49:10 AM","Liaqatpur"
"Not Assigned","Adnan Shabbir","DR-205","EMDS Call","Road Crash","Severe Trauma","2026/04/21 10:51:03 AM","Khanpur"
"281616","Yasir Ilyas","DR-893","EMDS Call","Medical Emergency","Chest Pain","2026/04/21 10:50:52 AM","Khanpur"
"281617","Sheeza Barkat","MR-5331","EMDS Call","Medical Emergency","High Fever","2026/04/21 11:02:06 AM","Sadiqabad"
"281618","Sheeza Barkat","MR-5331","EMDS Call","Fire","Others","2026/04/21 11:08:42 AM","Sadiqabad"
"281620","Yasir Ilyas","DR-893","EMDS Call","Medical Emergency","Headache","2026/04/21 11:21:32 AM","Rahim Yar Khan"
"281619","Mureed Abbas","DR-900","EMDS Call","Road Crash","Minor Injuries","2026/04/21 11:21:52 AM","Sadiqabad"
"281621","Sheeza Barkat","MR-5331","EMDS Call","Medical Emergency","Anxiety / Psychiatric Disorder","2026/04/21 11:24:03 AM","Rahim Yar Khan"
"281622","Yasir Ilyas","DR-893","EMDS Call","Fire","Others","2026/04/21 11:26:01 AM","Rahim Yar Khan"
"281623","Sheeza Barkat","MR-5331","EMDS Call","Medical Emergency","SOB/ Respiratory Distress","2026/04/21 11:41:05 AM","Sadiqabad"
"281624","Mureed Abbas","DR-900","EMDS Call","Medical Emergency","CVA/Stroke","2026/04/21 11:47:23 AM","Sadiqabad"
"281625","Yasir Ilyas","DR-893","EMDS Call","Medical Emergency","Vertigo/ Dizziness","2026/04/21 11:48:45 AM","Rahim Yar Khan"
"281626","Muhammad Rashid Saleem","DR-187","EMDS Call","Medical Emergency","SOB/ Respiratory Distress","2026/04/21 11:49:45 AM","Rahim Yar Khan"
"78080","Muhammad Rashid Saleem","DR-187","Direct Call","Patient Transfer Service","N/A","2026/04/21 11:53:11 AM","Sadiqabad"
"Not Assigned","Sheeza Barkat","MR-5331","EMDS Call","Medical Emergency","Anxiety / Psychiatric Disorder","2026/04/21 11:52:47 AM","Sadiqabad"
"281627","Yasir Ilyas","DR-893","EMDS Call","Medical Emergency","Chest Pain","2026/04/21 11:55:06 AM","Sadiqabad"
"78081","Mureed Abbas","DR-900","Direct Call","Patient Transfer Service","N/A","2026/04/21 11:56:41 AM","Sadiqabad"
"281628","Mureed Abbas","DR-900","EMDS Call","Medical Emergency","Vertigo/ Dizziness","2026/04/21 11:57:54 AM","Rahim Yar Khan"
"281629","Mureed Abbas","DR-900","EMDS Call","Medical Emergency","Hypertension","2026/04/21 12:12:08 PM","Sadiqabad"
"281630","Yasir Ilyas","DR-893","EMDS Call","Medical Emergency","Abdominal Pain","2026/04/21 12:21:09 PM","Khanpur"
"281631","Yasir Ilyas","DR-893","EMDS Call","Road Crash","Multiple Fractures","2026/04/21 12:40:03 PM","Rahim Yar Khan"
"281632","Muhammad Rashid Saleem","DR-187","EMDS Call","Medical Emergency","Vertigo/ Dizziness","2026/04/21 12:44:32 PM","Rahim Yar Khan"
"281633","Yasir Ilyas","DR-893","EMDS Call","Medical Emergency","Vertigo/ Dizziness","2026/04/21 12:44:19 PM","Rahim Yar Khan"
"281634","Muhammad Rashid Saleem","DR-187","EMDS Call","Medical Emergency","Epilepsy","2026/04/21 01:02:19 PM","Rahim Yar Khan"
"281635","Mureed Abbas","DR-900","EMDS Call","Road Crash","Minor Injuries","2026/04/21 01:07:03 PM","Sadiqabad"
"281636","Muhammad Rashid Saleem","DR-187","EMDS Call","Medical Emergency","Headache","2026/04/21 01:17:39 PM","Rahim Yar Khan"
"78082","Mureed Abbas","DR-900","Direct Call","Patient Transfer Service","N/A","2026/04/21 01:25:28 PM","Sadiqabad"
"78083","Mureed Abbas","DR-900","Direct Call","Patient Transfer Service","N/A","2026/04/21 01:29:40 PM","Sadiqabad"
"281637","Mureed Abbas","DR-900","EMDS Call","Medical Emergency","Abdominal Pain","2026/04/21 01:32:23 PM","Rahim Yar Khan"
"281639","Mureed Abbas","DR-900","EMDS Call","Drowning","Canal","2026/04/21 01:48:17 PM","Rahim Yar Khan"
"281638","Sheeza Barkat","MR-5331","EMDS Call","Road Crash","Bleeding","2026/04/21 01:49:14 PM","Rahim Yar Khan"
"281640","Sheeza Barkat","MR-5331","EMDS Call","Medical Emergency","Anxiety / Psychiatric Disorder","2026/04/21 01:52:58 PM","Rahim Yar Khan"
"281641","Sheeza Barkat","MR-5331","EMDS Call","Road Crash","Bleeding","2026/04/21 02:04:42 PM","Khanpur"
"281642","Muhammad Rashid Saleem","DR-187","EMDS Call","Medical Emergency","Vomiting","2026/04/21 02:10:57 PM","Sadiqabad"
"281643","Mureed Abbas","DR-900","EMDS Call","Medical Emergency","Hypertension","2026/04/21 02:10:17 PM","Liaqatpur"
"281644","Muhammad Rashid Saleem","DR-187","EMDS Call","Medical Emergency","Vomiting","2026/04/21 02:19:57 PM","Rahim Yar Khan"
"281645","Mureed Abbas","DR-900","EMDS Call","Medical Emergency","Vomiting","2026/04/21 02:24:43 PM","Liaqatpur"
"78084","Sheeza Barkat","MR-5331","Direct Call","Patient Transfer Service","N/A","2026/04/21 02:31:01 PM","Khanpur"
"281647","Mureed Abbas","DR-900","EMDS Call","Road Crash","Bleeding","2026/04/21 02:29:41 PM","Liaqatpur"
"281646","Rana M. Usman","DR-200","EMDS Call","Medical Emergency","Anxiety / Psychiatric Disorder","2026/04/21 02:31:00 PM","Sadiqabad"
"281648","Mureed Abbas","DR-900","EMDS Call","Fire","Short Circuit","2026/04/21 02:36:46 PM","Khanpur"
"281649","Rana M. Usman","DR-200","EMDS Call","Medical Emergency","Backache","2026/04/21 02:40:32 PM","Rahim Yar Khan"
"281650","Rana M. Usman","DR-200","EMDS Call","Medical Emergency","Anxiety / Psychiatric Disorder","2026/04/21 02:49:51 PM","Rahim Yar Khan"
"281651","Saima Bashir","MR-5819","EMDS Call","Medical Emergency","Vertigo/ Dizziness","2026/04/21 02:53:39 PM","Rahim Yar Khan"
"281652","Rana M. Usman","DR-200","EMDS Call","Medical Emergency","Hypertension","2026/04/21 02:55:02 PM","Rahim Yar Khan"
"281653","Saima Bashir","MR-5819","EMDS Call","Medical Emergency","Hypoglycemia","2026/04/21 02:59:26 PM","Sadiqabad"
"281654","Rana M. Usman","DR-200","EMDS Call","Medical Emergency","High Fever","2026/04/21 03:01:57 PM","Rahim Yar Khan"
"281656","Saima Bashir","MR-5819","EMDS Call","Medical Emergency","Hypoglycemia","2026/04/21 03:04:51 PM","Rahim Yar Khan"
"281655","Rana M. Usman","DR-200","EMDS Call","Medical Emergency","Hypotension","2026/04/21 03:06:20 PM","Sadiqabad"
"281657","Saima Bashir","MR-5819","EMDS Call","Fire","Others","2026/04/21 03:08:14 PM","Sadiqabad"
"281658","Rana M. Usman","DR-200","EMDS Call","Medical Emergency","Vertigo/ Dizziness","2026/04/21 03:14:03 PM","Rahim Yar Khan"
"281659","Saima Bashir","MR-5819","EMDS Call","Medical Emergency","Vomiting","2026/04/21 03:22:33 PM","Rahim Yar Khan"
"281660","Saima Bashir","MR-5819","EMDS Call","Road Crash","Bleeding","2026/04/21 03:27:06 PM","Sadiqabad"
"281661","Saima Bashir","MR-5819","EMDS Call","Medical Emergency","Gynae Problem","2026/04/21 03:34:32 PM","Rahim Yar Khan"
"281662","Saima Bashir","MR-5819","EMDS Call","Medical Emergency","Joints Pain","2026/04/21 03:40:44 PM","Rahim Yar Khan"
"281663","Rana M. Usman","DR-200","EMDS Call","Medical Emergency","Abdominal Pain","2026/04/21 03:41:25 PM","Rahim Yar Khan"
"281664","Zupasha Zia","MR-5758","EMDS Call","Medical Emergency","Vomiting","2026/04/21 03:46:30 PM","Rahim Yar Khan"
"281665","Saima Bashir","MR-5819","EMDS Call","Medical Emergency","Urinary Retention","2026/04/21 03:50:35 PM","Rahim Yar Khan"
"78085","Zupasha Zia","MR-5758","Direct Call","Patient Transfer Service","N/A","2026/04/21 03:53:06 PM","Liaqatpur"
"281666","Rana M. Usman","DR-200","EMDS Call","Road Crash","Multiple Fractures","2026/04/21 03:53:01 PM","Khanpur"
"78086","Zupasha Zia","MR-5758","Direct Call","Patient Transfer Service","N/A","2026/04/21 03:57:45 PM","Liaqatpur"
"78087","Zupasha Zia","MR-5758","Direct Call","Patient Transfer Service","N/A","2026/04/21 03:59:10 PM","Liaqatpur"
"281667","Saima Bashir","MR-5819","EMDS Call","Road Crash","Severe Trauma","2026/04/21 04:00:34 PM","Rahim Yar Khan"
"281668","Rana M. Usman","DR-200","EMDS Call","Road Crash","Bleeding","2026/04/21 04:08:12 PM","Sadiqabad"
"281670","Rana M. Usman","DR-200","EMDS Call","Medical Emergency","High Fever","2026/04/21 04:19:07 PM","Rahim Yar Khan"
"281669","Saima Bashir","MR-5819","EMDS Call","Medical Emergency","Gynae Problem","2026/04/21 04:19:27 PM","Rahim Yar Khan"
"281671","Zupasha Zia","MR-5758","EMDS Call","Medical Emergency","SOB/ Respiratory Distress","2026/04/21 04:24:00 PM","Rahim Yar Khan"
"281672","Saima Bashir","MR-5819","EMDS Call","Medical Emergency","Unconscious","2026/04/21 04:25:49 PM","Sadiqabad"
"78088","Zupasha Zia","MR-5758","Direct Call","Patient Transfer Service","N/A","2026/04/21 04:31:04 PM","Khanpur"
"281673","Rana M. Usman","DR-200","EMDS Call","Medical Emergency","Abdominal Pain","2026/04/21 04:31:23 PM","Rahim Yar Khan"
"78089","Zupasha Zia","MR-5758","Direct Call","Patient Transfer Service","N/A","2026/04/21 04:34:24 PM","Khanpur"
"281674","Zupasha Zia","MR-5758","EMDS Call","Medical Emergency","Hypertension","2026/04/21 04:35:11 PM","Sadiqabad"
"281675","Zupasha Zia","MR-5758","EMDS Call","Medical Emergency","Anxiety / Psychiatric Disorder","2026/04/21 04:41:14 PM","Rahim Yar Khan"
"281676","Rana M. Usman","DR-200","EMDS Call","Road Crash","Bleeding","2026/04/21 04:41:35 PM","Rahim Yar Khan"
"281677","Rana M. Usman","DR-200","EMDS Call","Medical Emergency","Urinary Retention","2026/04/21 04:55:20 PM","Sadiqabad"
"281678","Saima Bashir","MR-5819","EMDS Call","Medical Emergency","Vomiting","2026/04/21 04:56:59 PM","Liaqatpur"
"281679","Zupasha Zia","MR-5758","EMDS Call","Medical Emergency","Vertigo/ Dizziness","2026/04/21 04:59:13 PM","Rahim Yar Khan"
"281680","Zupasha Zia","MR-5758","EMDS Call","Road Crash","Minor Injuries","2026/04/21 05:03:58 PM","Sadiqabad"
"281681","Rana M. Usman","DR-200","EMDS Call","Medical Emergency","SOB/ Respiratory Distress","2026/04/21 05:24:51 PM","Khanpur"
"281682","Saima Bashir","MR-5819","EMDS Call","Medical Emergency","Vertigo/ Dizziness","2026/04/21 05:25:24 PM","Rahim Yar Khan"
"281684","Rana M. Usman","DR-200","EMDS Call","Medical Emergency","Vomiting","2026/04/21 05:37:22 PM","Rahim Yar Khan"
"281683","Shahla Nawaz","DR-185","EMDS Call","Road Crash","Minor Injuries","2026/04/21 05:38:23 PM","Sadiqabad"
"281685","Muhammad Riaz","DR-654","EMDS Call","Road Crash","Minor Injuries","2026/04/21 05:40:59 PM","Rahim Yar Khan"
"281686","Shahla Nawaz","DR-185","EMDS Call","Medical Emergency","Abdominal Pain","2026/04/21 05:39:59 PM","Khanpur"
"281687","Rana M. Usman","DR-200","EMDS Call","Medical Emergency","Vertigo/ Dizziness","2026/04/21 05:41:41 PM","Sadiqabad"
"281688","Rana M. Usman","DR-200","EMDS Call","Medical Emergency","Allergy","2026/04/21 05:52:21 PM","Khanpur"
"281689","Muhammad Riaz","DR-654","EMDS Call","Medical Emergency","SOB/ Respiratory Distress","2026/04/21 05:53:55 PM","Sadiqabad"
"281690","Rana M. Usman","DR-200","EMDS Call","Medical Emergency","Renal Disorders / Renal Colic ","2026/04/21 06:00:14 PM","Rahim Yar Khan"
"281691","Shahla Nawaz","DR-185","EMDS Call","Medical Emergency","Anxiety / Psychiatric Disorder","2026/04/21 06:02:06 PM","Rahim Yar Khan"
"281692","Muhammad Riaz","DR-654","EMDS Call","Medical Emergency","Chest Pain","2026/04/21 06:02:11 PM","Rahim Yar Khan"
"281693","Muhammad Riaz","DR-654","EMDS Call","Road Crash","Severe Trauma","2026/04/21 06:07:02 PM","Khanpur"
"78090","Rana M. Usman","DR-200","Direct Call","Patient Transfer Service","N/A","2026/04/21 06:08:07 PM","Sadiqabad"
"281695","Rana M. Usman","DR-200","EMDS Call","Medical Emergency","High Fever","2026/04/21 06:10:20 PM","Rahim Yar Khan"
"281694","Muhammad Riaz","DR-654","EMDS Call","Medical Emergency","Diarrhea","2026/04/21 06:10:43 PM","Khanpur"
"78091","Zupasha Zia","MR-5758","Direct Call","Patient Transfer Service","N/A","2026/04/21 06:14:51 PM","Sadiqabad"
"281696","Shahla Nawaz","DR-185","EMDS Call","Road Crash","Minor Injuries","2026/04/21 06:16:10 PM","Rahim Yar Khan"
"281697","Zupasha Zia","MR-5758","EMDS Call","Rescue Operations","Animal/Bird Rescue","2026/04/21 06:23:42 PM","Sadiqabad"
"281698","Shahla Nawaz","DR-185","EMDS Call","Medical Emergency","Vomiting","2026/04/21 06:25:41 PM","Rahim Yar Khan"
"281699","Zupasha Zia","MR-5758","EMDS Call","Medical Emergency","Urinary Retention","2026/04/21 06:27:43 PM","Sadiqabad"
"281700","Shahla Nawaz","DR-185","EMDS Call","Medical Emergency","High Fever","2026/04/21 06:33:40 PM","Rahim Yar Khan"
"281701","Zupasha Zia","MR-5758","EMDS Call","Medical Emergency","Hypertension","2026/04/21 06:38:38 PM","Rahim Yar Khan"
"281702","Zupasha Zia","MR-5758","EMDS Call","Medical Emergency","Anxiety / Psychiatric Disorder","2026/04/21 06:43:42 PM","Liaqatpur"
"281703","Shahla Nawaz","DR-185","EMDS Call","Medical Emergency","Anxiety / Psychiatric Disorder","2026/04/21 06:44:40 PM","Khanpur"
"281704","Shahla Nawaz","DR-185","EMDS Call","Medical Emergency","Anxiety / Psychiatric Disorder","2026/04/21 06:51:57 PM","Rahim Yar Khan"
"281705","Zupasha Zia","MR-5758","EMDS Call","Medical Emergency","Unconscious","2026/04/21 06:56:47 PM","Khanpur"
"281706","Shahla Nawaz","DR-185","EMDS Call","Road Crash","Minor Injuries","2026/04/21 07:06:26 PM","Khanpur"
"281707","Rana M. Usman","DR-200","EMDS Call","Medical Emergency","Chronic Illness","2026/04/21 07:07:45 PM","Rahim Yar Khan"
"281708","Rana M. Usman","DR-200","EMDS Call","Road Crash","Minor Injuries","2026/04/21 07:11:00 PM","Liaqatpur"
"281709","Shahla Nawaz","DR-185","EMDS Call","Rescue Operations","Delivery Case","2026/04/21 07:15:36 PM","Rahim Yar Khan"
"281710","Rana M. Usman","DR-200","EMDS Call","Medical Emergency","Abdominal Pain","2026/04/21 07:18:47 PM","Khanpur"
"281711","Shahla Nawaz","DR-185","EMDS Call","Road Crash","Minor Injuries","2026/04/21 07:22:29 PM","Sadiqabad"
"281712","Rana M. Usman","DR-200","EMDS Call","Medical Emergency","Abdominal Pain","2026/04/21 07:22:32 PM","Rahim Yar Khan"
"281713","Shahla Nawaz","DR-185","EMDS Call","Medical Emergency","Anxiety / Psychiatric Disorder","2026/04/21 07:26:45 PM","Rahim Yar Khan"
"281714","Rana M. Usman","DR-200","EMDS Call","Medical Emergency","High Fever","2026/04/21 07:29:06 PM","Rahim Yar Khan"
"281717","Rana M. Usman","DR-200","EMDS Call","Medical Emergency","Hypertension","2026/04/21 07:41:10 PM","Rahim Yar Khan"
"281716","Zupasha Zia","MR-5758","EMDS Call","Road Crash","Severe Trauma","2026/04/21 07:41:57 PM","Rahim Yar Khan"
"281715","Rana M. Usman","DR-200","EMDS Call","Rescue Operations","Delivery Case","2026/04/21 07:43:27 PM","Rahim Yar Khan"
"281718","Saima Bashir","MR-5819","EMDS Call","Medical Emergency","Anxiety / Psychiatric Disorder","2026/04/21 07:47:00 PM","Rahim Yar Khan"
"281719","Zupasha Zia","MR-5758","EMDS Call","Rescue Operations","Delivery Case","2026/04/21 07:51:05 PM","Sadiqabad"
"281720","Rana M. Usman","DR-200","EMDS Call","Road Crash","Bleeding","2026/04/21 07:58:24 PM","Sadiqabad"
"281721","Zupasha Zia","MR-5758","EMDS Call","Medical Emergency","Hypertension","2026/04/21 08:01:56 PM","Liaqatpur"
"Not Assigned","Rana M. Usman","DR-200","Direct Call","High Raised Building Inspection","High Raised Building Inspection","2026/04/21 08:04:45 PM","Rahim Yar Khan"
"78092","Saima Bashir","MR-5819","Direct Call","Patient Transfer Service","N/A","2026/04/21 08:07:23 PM","Sadiqabad"
"281722","Saima Bashir","MR-5819","EMDS Call","Medical Emergency","Abdominal Pain","2026/04/21 08:13:12 PM","Sadiqabad"
"281723","Saima Bashir","MR-5819","EMDS Call","Medical Emergency","High Fever","2026/04/21 08:15:38 PM","Rahim Yar Khan"
"281724","Zupasha Zia","MR-5758","EMDS Call","Medical Emergency","High Fever","2026/04/21 08:16:33 PM","Rahim Yar Khan"
"281725","Zupasha Zia","MR-5758","EMDS Call","Medical Emergency","Abdominal Pain","2026/04/21 08:30:27 PM","Rahim Yar Khan"
"281726","Saima Bashir","MR-5819","EMDS Call","Medical Emergency","Vomiting","2026/04/21 08:32:41 PM","Rahim Yar Khan"
"281727","Shahla Nawaz","DR-185","EMDS Call","Fire","Others","2026/04/21 08:30:52 PM","Rahim Yar Khan"
"281728","Shahla Nawaz","DR-185","EMDS Call","Rescue Operations","Delivery Case","2026/04/21 08:38:17 PM","Liaqatpur"
"281729","Saima Bashir","MR-5819","EMDS Call","Medical Emergency","Unconscious","2026/04/21 08:48:12 PM","Liaqatpur"
"281730","Shahla Nawaz","DR-185","EMDS Call","Medical Emergency","Backache","2026/04/21 08:52:06 PM","Rahim Yar Khan"
"281731","Saima Bashir","MR-5819","EMDS Call","Medical Emergency","SOB/ Respiratory Distress","2026/04/21 08:53:08 PM","Khanpur"
"281732","Zupasha Zia","MR-5758","EMDS Call","Medical Emergency","CVA/Stroke","2026/04/21 08:59:10 PM","Khanpur"
"281733","Shahla Nawaz","DR-185","EMDS Call","Medical Emergency","High Fever","2026/04/21 08:59:51 PM","Rahim Yar Khan"
"281734","Zupasha Zia","MR-5758","EMDS Call","Medical Emergency","Backache","2026/04/21 09:03:19 PM","Rahim Yar Khan"
"281735","Saima Bashir","MR-5819","EMDS Call","Medical Emergency","Hypertension","2026/04/21 09:04:39 PM","Rahim Yar Khan"
"281736","Zupasha Zia","MR-5758","EMDS Call","Medical Emergency","High Fever","2026/04/21 09:07:43 PM","Rahim Yar Khan"
"281738","Shahla Nawaz","DR-185","EMDS Call","Medical Emergency","Abdominal Pain","2026/04/21 09:12:11 PM","Rahim Yar Khan"
"281737","Saima Bashir","MR-5819","EMDS Call","Medical Emergency","SOB/ Respiratory Distress","2026/04/21 09:18:36 PM","Sadiqabad"
"281739","Zupasha Zia","MR-5758","EMDS Call","Medical Emergency","Vomiting","2026/04/21 09:20:39 PM","Sadiqabad"
"281740","Zupasha Zia","MR-5758","EMDS Call","Medical Emergency","Hypertension","2026/04/21 09:26:58 PM","Sadiqabad"
"78093","Zahid Manzoor","DR-887","Direct Call","Patient Transfer Service","N/A","2026/04/21 09:38:13 PM","Sadiqabad"
"281741","Maheen Tahir","MR-6017","EMDS Call","Medical Emergency","Hypertension","2026/04/21 09:41:47 PM","Rahim Yar Khan"
"281742","Zahid Manzoor","DR-887","EMDS Call","Medical Emergency","Abdominal Pain","2026/04/21 09:58:07 PM","Sadiqabad"
"78094","Zahid Manzoor","DR-887","Direct Call","Patient Transfer Service","N/A","2026/04/21 10:12:54 PM","Khanpur"
"281743","Zahid Manzoor","DR-887","EMDS Call","Medical Emergency","Chest Pain","2026/04/21 10:17:43 PM","Rahim Yar Khan"
"281744","Maheen Tahir","MR-6017","EMDS Call","Medical Emergency","Hypertension","2026/04/21 10:19:11 PM","Liaqatpur"
"281745","Zahid Manzoor","DR-887","EMDS Call","Medical Emergency","Chest Pain","2026/04/21 10:21:49 PM","Rahim Yar Khan"
"281746","Zahid Manzoor","DR-887","EMDS Call","Medical Emergency","SOB/ Respiratory Distress","2026/04/21 10:27:48 PM","Liaqatpur"
"281747","Maheen Tahir","MR-6017","EMDS Call","Medical Emergency","SOB/ Respiratory Distress","2026/04/21 10:29:44 PM","Rahim Yar Khan"
"281748","Zahid Manzoor","DR-887","EMDS Call","Medical Emergency","Epilepsy","2026/04/21 10:33:02 PM","Khanpur"
"281749","Farah Sadaqat","MR-5930","EMDS Call","Medical Emergency","SOB/ Respiratory Distress","2026/04/21 10:46:08 PM","Rahim Yar Khan"
"281750","Zahid Manzoor","DR-887","EMDS Call","Medical Emergency","Abdominal Pain","2026/04/21 10:48:50 PM","Sadiqabad"
"78095","Farah Sadaqat","MR-5930","Direct Call","Patient Transfer Service","N/A","2026/04/21 10:53:52 PM","Liaqatpur"
"281751","Zahid Manzoor","DR-887","EMDS Call","Medical Emergency","Joints Pain","2026/04/21 10:57:24 PM","Rahim Yar Khan"
"281752","Maheen Tahir","MR-6017","EMDS Call","Medical Emergency","SOB/ Respiratory Distress","2026/04/21 11:00:30 PM","Rahim Yar Khan"
"281753","Farah Sadaqat","MR-5930","EMDS Call","Medical Emergency","SOB/ Respiratory Distress","2026/04/21 11:03:23 PM","Sadiqabad"
"Not Assigned","Zahid Manzoor","DR-887","Direct Call","High Raised Building Inspection","High Raised Building Inspection","2026/04/21 11:03:45 PM","Rahim Yar Khan"
"281754","Zahid Manzoor","DR-887","EMDS Call","Medical Emergency","SOB/ Respiratory Distress","2026/04/21 11:07:01 PM","Liaqatpur"
"281755","Zahid Manzoor","DR-887","EMDS Call","Medical Emergency","Chest Pain","2026/04/21 11:15:13 PM","Sadiqabad"
"281756","Farah Sadaqat","MR-5930","EMDS Call","Medical Emergency","Abdominal Pain","2026/04/21 11:13:56 PM","Rahim Yar Khan"
"281759","Maheen Tahir","MR-6017","Direct Call","Medical Emergency","SOB/ Respiratory Distress","2026/04/21 11:18:53 PM","Rahim Yar Khan"
"281757","Zahid Manzoor","DR-887","EMDS Call","Medical Emergency","Chest Pain","2026/04/21 11:22:03 PM","Rahim Yar Khan"
"281758","Maheen Tahir","MR-6017","EMDS Call","Rescue Operations","Work/Occupational Injuries","2026/04/21 11:21:42 PM","Liaqatpur"
"281760","Maheen Tahir","MR-6017","EMDS Call","Medical Emergency","Anxiety / Psychiatric Disorder","2026/04/21 11:34:43 PM","Sadiqabad"
"78096","Maheen Tahir","MR-6017","Direct Call","Patient Transfer Service","N/A","2026/04/21 11:39:14 PM","Sadiqabad"
"281761","Farah Sadaqat","MR-5930","EMDS Call","Road Crash","Bleeding","2026/04/21 11:37:15 PM","Khanpur"
"281763","Farah Sadaqat","MR-5930","EMDS Call","Medical Emergency","Chronic Illness","2026/04/21 11:48:30 PM","Sadiqabad"
"281762","Zahid Manzoor","DR-887","Direct Call","Medical Emergency","Renal Disorders / Renal Colic ","2026/04/21 11:53:36 PM","Liaqatpur"
"281764","Maheen Tahir","MR-6017","EMDS Call","Medical Emergency","High Fever","2026/04/21 11:58:25 PM","Rahim Yar Khan"
"281765","Farah Sadaqat","MR-5930","EMDS Call","Medical Emergency","SOB/ Respiratory Distress","2026/04/22 12:04:10 AM","Khanpur"
"281766","Zahid Manzoor","DR-887","EMDS Call","Medical Emergency","Headache","2026/04/22 12:05:09 AM","Rahim Yar Khan"
"281767","Zahid Manzoor","DR-887","EMDS Call","Medical Emergency","Abdominal Pain","2026/04/22 12:08:56 AM","Rahim Yar Khan"
"281768","Farah Sadaqat","MR-5930","EMDS Call","Medical Emergency","Joints Pain","2026/04/22 12:07:38 AM","Rahim Yar Khan"
"78097","Farah Sadaqat","MR-5930","Direct Call","Patient Transfer Service","N/A","2026/04/22 12:14:39 AM","Liaqatpur"
"281770","Maheen Tahir","MR-6017","EMDS Call","Medical Emergency","Backache","2026/04/22 12:17:59 AM","Rahim Yar Khan"
"281769","Farah Sadaqat","MR-5930","EMDS Call","Medical Emergency","Abdominal Pain","2026/04/22 12:18:19 AM","Rahim Yar Khan"
"281771","Maheen Tahir","MR-6017","EMDS Call","Crime","Physical Assault/Violence","2026/04/22 12:23:20 AM","Khanpur"
"281772","Zahid Manzoor","DR-887","EMDS Call","Rescue Operations","Vehicle Extrication","2026/04/22 12:43:14 AM","Khanpur"
"78098","Zahid Manzoor","DR-887","Direct Call","Patient Transfer Service","N/A","2026/04/22 12:52:09 AM","Sadiqabad"
"281773","Farah Sadaqat","MR-5930","EMDS Call","Medical Emergency","Joints Pain","2026/04/22 01:02:33 AM","Rahim Yar Khan"
"281774","Zahid Manzoor","DR-887","EMDS Call","Medical Emergency","SOB/ Respiratory Distress","2026/04/22 01:04:03 AM","Rahim Yar Khan"
"281776","Maheen Tahir","MR-6017","EMDS Call","Medical Emergency","High Fever","2026/04/22 01:21:33 AM","Liaqatpur"
"281775","Zahid Manzoor","DR-887","EMDS Call","Medical Emergency","Abdominal Pain","2026/04/22 01:22:10 AM","Sadiqabad"
"281777","Farah Sadaqat","MR-5930","EMDS Call","Medical Emergency","Domestic Injuries","2026/04/22 01:21:51 AM","Rahim Yar Khan"
"281778","Maheen Tahir","MR-6017","EMDS Call","Medical Emergency","Hypertension","2026/04/22 01:24:27 AM","Rahim Yar Khan"
"281779","Zahid Manzoor","DR-887","EMDS Call","Medical Emergency","Renal Disorders / Renal Colic ","2026/04/22 01:34:06 AM","Rahim Yar Khan"
"281780","Zahid Manzoor","DR-887","EMDS Call","Medical Emergency","Abdominal Pain","2026/04/22 01:41:41 AM","Sadiqabad"
"281781","Farah Sadaqat","MR-5930","EMDS Call","Medical Emergency","High Fever","2026/04/22 01:44:56 AM","Sadiqabad"
"281782","Zahid Manzoor","DR-887","EMDS Call","Medical Emergency","SOB/ Respiratory Distress","2026/04/22 01:50:34 AM","Khanpur"
"281783","Maheen Tahir","MR-6017","EMDS Call","Medical Emergency","Diarrhea","2026/04/22 01:57:03 AM","Liaqatpur"
"78099","Farah Sadaqat","MR-5930","Direct Call","Patient Transfer Service","N/A","2026/04/22 02:08:27 AM","Khanpur"
"281784","Zahid Manzoor","DR-887","EMDS Call","Medical Emergency","Abdominal Pain","2026/04/22 02:08:10 AM","Rahim Yar Khan"
"281785","Farah Sadaqat","MR-5930","EMDS Call","Medical Emergency","Chronic Illness","2026/04/22 02:21:54 AM","Liaqatpur"
"281786","Maheen Tahir","MR-6017","EMDS Call","Medical Emergency","SOB/ Respiratory Distress","2026/04/22 02:26:27 AM","Rahim Yar Khan"
"281787","Zahid Manzoor","DR-887","EMDS Call","Medical Emergency","Abdominal Pain","2026/04/22 02:36:33 AM","Liaqatpur"
"281788","Farah Sadaqat","MR-5930","EMDS Call","Medical Emergency","Vomiting","2026/04/22 02:56:08 AM","Rahim Yar Khan"
"78100","Farah Sadaqat","MR-5930","Direct Call","Patient Transfer Service","N/A","2026/04/22 03:09:58 AM","Khanpur"
"281789","Zahid Manzoor","DR-887","EMDS Call","Rescue Operations","Work/Occupational Injuries","2026/04/22 03:11:57 AM","Rahim Yar Khan"
"281790","Sajid Mehmood","DR-914","EMDS Call","Medical Emergency","Hypoglycemia","2026/04/22 03:28:43 AM","Khanpur"
"281791","Sajid Mehmood","DR-914","EMDS Call","Rescue Operations","Delivery Case","2026/04/22 03:37:55 AM","Rahim Yar Khan"
"281792","Faiz Muhyy Ul Din","DR-892","EMDS Call","Medical Emergency","Abdominal Pain","2026/04/22 04:07:36 AM","Liaqatpur"
"281793","Sajid Mehmood","DR-914","EMDS Call","Medical Emergency","SOB/ Respiratory Distress","2026/04/22 04:14:12 AM","Rahim Yar Khan"
"281794","Faiz Muhyy Ul Din","DR-892","EMDS Call","Medical Emergency","SOB/ Respiratory Distress","2026/04/22 04:53:53 AM","Rahim Yar Khan"
"281795","Sajid Mehmood","DR-914","EMDS Call","Rescue Operations","Delivery Case","2026/04/22 05:11:03 AM","Khanpur"
"281796","Faiz Muhyy Ul Din","DR-892","EMDS Call","Rescue Operations","Delivery Case","2026/04/22 05:21:32 AM","Sadiqabad"
"281797","Sajid Mehmood","DR-914","EMDS Call","Medical Emergency","Urinary Retention","2026/04/22 05:30:19 AM","Rahim Yar Khan"
"281798","Faiz Muhyy Ul Din","DR-892","EMDS Call","Medical Emergency","Unconscious","2026/04/22 05:48:26 AM","Rahim Yar Khan"
"281799","Sajid Mehmood","DR-914","EMDS Call","Medical Emergency","Blood In Stool","2026/04/22 05:49:48 AM","Khanpur"
"281800","Sajid Mehmood","DR-914","EMDS Call","Medical Emergency","Urinary Retention","2026/04/22 05:58:03 AM","Sadiqabad"
"281802","Sajid Mehmood","DR-914","EMDS Call","Medical Emergency","Anxiety / Psychiatric Disorder","2026/04/22 06:05:42 AM","Rahim Yar Khan"
"281801","Faiz Muhyy Ul Din","DR-892","EMDS Call","Medical Emergency","High Fever","2026/04/22 06:05:39 AM","Rahim Yar Khan"
"281803","Faiz Muhyy Ul Din","DR-892","EMDS Call","Medical Emergency","Renal Disorders / Renal Colic ","2026/04/22 06:19:54 AM","Sadiqabad"
"281804","Faiz Muhyy Ul Din","DR-892","EMDS Call","Medical Emergency","Hyperglycemia","2026/04/22 06:30:57 AM","Rahim Yar Khan"
"281805","Saira Bibi","MR-5494","EMDS Call","Medical Emergency","Unconscious","2026/04/22 06:36:36 AM","Rahim Yar Khan"
"281806","Saira Bibi","MR-5494","EMDS Call","Medical Emergency","SOB/ Respiratory Distress","2026/04/22 06:55:56 AM","Rahim Yar Khan"
"281807","Faiz Muhyy Ul Din","DR-892","EMDS Call","Medical Emergency","Anxiety / Psychiatric Disorder","2026/04/22 06:59:41 AM","Rahim Yar Khan"
"281808","Saira Bibi","MR-5494","EMDS Call","Medical Emergency","SOB/ Respiratory Distress","2026/04/22 07:03:20 AM","Liaqatpur"
"281809","Faiz Muhyy Ul Din","DR-892","EMDS Call","Road Crash","Bleeding","2026/04/22 07:07:36 AM","Liaqatpur"
"281810","Zupasha Zia","MR-5758","EMDS Call","Road Crash","Bleeding","2026/04/22 07:39:31 AM","Khanpur"
"281811","Nida Rahat","DR-1322","EMDS Call","Medical Emergency","SOB/ Respiratory Distress","2026/04/22 07:38:10 AM","Rahim Yar Khan"
"281812","Nida Rahat","DR-1322","Direct Call","Rescue Operations","Mass Event Coverage","2026/04/22 07:49:54 AM","Rahim Yar Khan"
"281813","Zupasha Zia","MR-5758","EMDS Call","Medical Emergency","Vomiting","2026/04/22 07:53:12 AM","Sadiqabad"
"281814","Zupasha Zia","MR-5758","EMDS Call","Road Crash","Bleeding","2026/04/22 08:02:26 AM","Rahim Yar Khan"
"281814","Zupasha Zia","MR-5758","EMDS Call","Road Crash","Bleeding","2026/04/22 08:02:26 AM","Rahim Yar Khan"
"281814","Zupasha Zia","MR-5758","EMDS Call","Road Crash","Bleeding","2026/04/22 08:02:26 AM","Rahim Yar Khan"
"281815","Nida Rahat","DR-1322","EMDS Call","Medical Emergency","Chronic Illness","2026/04/22 08:03:09 AM","Rahim Yar Khan"
"281816","Nida Rahat","DR-1322","EMDS Call","Road Crash","Bleeding","2026/04/22 08:05:32 AM","Rahim Yar Khan"
"281817","Zupasha Zia","MR-5758","EMDS Call","Medical Emergency","Unconscious","2026/04/22 08:07:08 AM","Sadiqabad"
"281818","Adnan Shabbir","DR-205","EMDS Call","Medical Emergency","Abdominal Pain","2026/04/22 08:14:55 AM","Liaqatpur"
"281819","Fahad Hussain","DR-538","EMDS Call","Medical Emergency","SOB/ Respiratory Distress","2026/04/22 08:26:37 AM","Rahim Yar Khan"
"281820","Adnan Shabbir","DR-205","EMDS Call","Medical Emergency","Vertigo/ Dizziness","2026/04/22 08:40:00 AM","Rahim Yar Khan"
"281821","Fahad Hussain","DR-538","EMDS Call","Medical Emergency","Chronic Illness","2026/04/22 08:40:29 AM","Sadiqabad"
"281822","Adnan Shabbir","DR-205","EMDS Call","Road Crash","Minor Injuries","2026/04/22 08:43:58 AM","Rahim Yar Khan"
"281823","Fahad Hussain","DR-538","EMDS Call","Medical Emergency","Hypoglycemia","2026/04/22 08:51:51 AM","Liaqatpur"
"281824","Zia ul Haq","DR-328","EMDS Call","Medical Emergency","Backache","2026/04/22 09:00:47 AM","Rahim Yar Khan"
"281825","Fahad Hussain","DR-538","EMDS Call","Medical Emergency","Abdominal Pain","2026/04/22 09:04:00 AM","Rahim Yar Khan"
"78101","Zia ul Haq","DR-328","EMDS Call","Patient Transfer Service","N/A","2026/04/22 09:04:34 AM","Rahim Yar Khan"
"281826","Muhammad Rashid Saleem","DR-187","EMDS Call","Road Crash","Bleeding","2026/04/22 09:08:27 AM","Rahim Yar Khan"
"281827","Fahad Hussain","DR-538","EMDS Call","Medical Emergency","Chest Pain","2026/04/22 09:15:51 AM","Rahim Yar Khan"
"281828","Muhammad Rashid Saleem","DR-187","EMDS Call","Medical Emergency","Chronic Illness","2026/04/22 09:20:22 AM","Rahim Yar Khan"
"281829","Muhammad Rashid Saleem","DR-187","EMDS Call","Medical Emergency","CVA/Stroke","2026/04/22 09:23:53 AM","Sadiqabad"
"Not Assigned","Zia ul Haq","DR-328","Direct Call","Community","Community Training","2026/04/22 09:25:22 AM","Rahim Yar Khan"
"78102","Fahad Hussain","DR-538","Direct Call","Patient Transfer Service","N/A","2026/04/22 09:28:01 AM","Khanpur"
"78103","Zia ul Haq","DR-328","EMDS Call","Patient Transfer Service","N/A","2026/04/22 09:26:19 AM","Khanpur"
"281830","Muhammad Rashid Saleem","DR-187","EMDS Call","Medical Emergency","SOB/ Respiratory Distress","2026/04/22 09:30:51 AM","Sadiqabad"
"281831","Fahad Hussain","DR-538","EMDS Call","Medical Emergency","Chest Pain","2026/04/22 09:34:56 AM","Khanpur"
"281832","Yasir Ilyas","DR-893","EMDS Call","Medical Emergency","Vomiting","2026/04/22 09:39:26 AM","Rahim Yar Khan"
"281833","Muhammad Rashid Saleem","DR-187","EMDS Call","Road Crash","Bleeding","2026/04/22 09:44:44 AM","Sadiqabad"
"78104","Fahad Hussain","DR-538","Direct Call","Patient Transfer Service","N/A","2026/04/22 09:47:30 AM","Sadiqabad"
"78105","Fahad Hussain","DR-538","Direct Call","Patient Transfer Service","N/A","2026/04/22 09:50:41 AM","Sadiqabad"
"281834","Muhammad Rashid Saleem","DR-187","EMDS Call","Road Crash","Minor Injuries","2026/04/22 09:51:55 AM","Rahim Yar Khan"
"281835","Fahad Hussain","DR-538","EMDS Call","Medical Emergency","Hypertension","2026/04/22 09:51:12 AM","Rahim Yar Khan"
"281836","Yasir Ilyas","DR-893","EMDS Call","Medical Emergency","Anxiety / Psychiatric Disorder","2026/04/22 09:54:44 AM","Sadiqabad"
"281837","Yasir Ilyas","DR-893","EMDS Call","Medical Emergency","Renal Disorders / Renal Colic ","2026/04/22 10:04:18 AM","Sadiqabad"
"281838","Fahad Hussain","DR-538","EMDS Call","Medical Emergency","Joints Pain","2026/04/22 10:06:42 AM","Liaqatpur"
"281839","Muhammad Rashid Saleem","DR-187","EMDS Call","Medical Emergency","Joints Pain","2026/04/22 10:10:54 AM","Rahim Yar Khan"
"281840","Yasir Ilyas","DR-893","EMDS Call","Medical Emergency","Vertigo/ Dizziness","2026/04/22 10:19:19 AM","Rahim Yar Khan"
"78106","Fahad Hussain","DR-538","Direct Call","Patient Transfer Service","N/A","2026/04/22 10:24:12 AM","Sadiqabad"
"281841","Muhammad Rashid Saleem","DR-187","EMDS Call","Medical Emergency","Chest Pain","2026/04/22 10:32:33 AM","Rahim Yar Khan"
"281842","Fahad Hussain","DR-538","EMDS Call","Medical Emergency","Joints Pain","2026/04/22 10:32:01 AM","Rahim Yar Khan"
"281843","Fahad Hussain","DR-538","EMDS Call","Fire","Short Circuit","2026/04/22 10:34:18 AM","Khanpur"
"281844","Muhammad Rashid Saleem","DR-187","EMDS Call","Road Crash","Severe Trauma","2026/04/22 10:35:16 AM","Khanpur"
"281845","Imran Anjum","DR-204","EMDS Call","Medical Emergency","Anxiety / Psychiatric Disorder","2026/04/22 10:41:31 AM","Rahim Yar Khan"
"281846","Muhammad Rashid Saleem","DR-187","EMDS Call","Rescue Operations","Delivery Case","2026/04/22 10:42:37 AM","Rahim Yar Khan"
"281847","Yasir Ilyas","DR-893","EMDS Call","Fire","Short Circuit","2026/04/22 10:43:26 AM","Rahim Yar Khan"
"281848","Muhammad Rashid Saleem","DR-187","EMDS Call","Medical Emergency","Anxiety / Psychiatric Disorder","2026/04/22 10:45:12 AM","Rahim Yar Khan"
"281849","Imran Anjum","DR-204","EMDS Call","Medical Emergency","SOB/ Respiratory Distress","2026/04/22 11:05:27 AM","Rahim Yar Khan"
"78107","Aasia Batool","MR-5198","Direct Call","Patient Transfer Service","N/A","2026/04/22 11:09:20 AM","Liaqatpur"
"281850","Muhammad Rashid Saleem","DR-187","EMDS Call","Medical Emergency","SOB/ Respiratory Distress","2026/04/22 11:09:40 AM","Sadiqabad"
"281851","Imran Anjum","DR-204","EMDS Call","Medical Emergency","Urinary Retention","2026/04/22 11:11:21 AM","Sadiqabad"
"281852","Muhammad Rashid Saleem","DR-187","EMDS Call","Medical Emergency","Hypoglycemia","2026/04/22 11:15:03 AM","Liaqatpur"
"281853","Imran Anjum","DR-204","EMDS Call","Fire","Others","2026/04/22 11:16:35 AM","Rahim Yar Khan"
"281854","Muhammad Rashid Saleem","DR-187","EMDS Call","Medical Emergency","Chest Pain","2026/04/22 11:19:40 AM","Khanpur"
"281855","Muhammad Rashid Saleem","DR-187","EMDS Call","Medical Emergency","Vomiting","2026/04/22 11:21:50 AM","Khanpur"
"281857","Yasir Ilyas","DR-893","EMDS Call","Road Crash","Bleeding","2026/04/22 11:23:28 AM","Rahim Yar Khan"
"281856","Imran Anjum","DR-204","EMDS Call","Road Crash","Bleeding","2026/04/22 11:22:38 AM","Rahim Yar Khan"
"Not Assigned","Imran Anjum","DR-204","EMDS Call","Medical Emergency","Unconscious","2026/04/22 11:24:26 AM","Khanpur"
"281859","Imran Anjum","DR-204","EMDS Call","Road Crash","Bleeding","2026/04/22 11:26:56 AM","Sadiqabad"
"78108","Imran Anjum","DR-204","Direct Call","Patient Transfer Service","N/A","2026/04/22 11:30:51 AM","Rahim Yar Khan"
"281861","Muhammad Rashid Saleem","DR-187","EMDS Call","Medical Emergency","SOB/ Respiratory Distress","2026/04/22 11:37:21 AM","Liaqatpur"
"281860","Imran Anjum","DR-204","EMDS Call","Medical Emergency","Hyperglycemia","2026/04/22 11:41:04 AM","Sadiqabad"
"281862","Yasir Ilyas","DR-893","EMDS Call","Rescue Operations","Animal/Bird Rescue","2026/04/22 11:41:30 AM","Sadiqabad"
"281863","Imran Anjum","DR-204","EMDS Call","Medical Emergency","Hypertension","2026/04/22 11:45:08 AM","Rahim Yar Khan"
"281864","Muhammad Rashid Saleem","DR-187","EMDS Call","Medical Emergency","Diarrhea","2026/04/22 11:46:08 AM","Liaqatpur"
"281865","Imran Anjum","DR-204","EMDS Call","Medical Emergency","Domestic Injuries","2026/04/22 11:51:42 AM","Sadiqabad"
"281866","Imran Anjum","DR-204","EMDS Call","Medical Emergency","Chronic Illness","2026/04/22 11:55:51 AM","Rahim Yar Khan"
"281867","Muhammad Rashid Saleem","DR-187","EMDS Call","Medical Emergency","Hypotension","2026/04/22 11:57:03 AM","Rahim Yar Khan"
"281868","Imran Anjum","DR-204","EMDS Call","Medical Emergency","Domestic Injuries","2026/04/22 11:58:56 AM","Rahim Yar Khan"
"281869","Muhammad Rashid Saleem","DR-187","EMDS Call","Medical Emergency","High Fever","2026/04/22 12:03:27 PM","Liaqatpur"
"281870","Imran Anjum","DR-204","EMDS Call","Medical Emergency","Anxiety / Psychiatric Disorder","2026/04/22 12:04:08 PM","Rahim Yar Khan"
"281871","Imran Anjum","DR-204","EMDS Call","Medical Emergency","Vomiting","2026/04/22 12:12:41 PM","Khanpur"
"281872","Yasir Ilyas","DR-893","EMDS Call","Road Crash","Bleeding","2026/04/22 12:16:03 PM","Rahim Yar Khan"
"281873","Nida Rahat","DR-1322","EMDS Call","Medical Emergency","Chest Pain","2026/04/22 12:21:02 PM","Rahim Yar Khan"
"281874","Yasir Ilyas","DR-893","EMDS Call","Medical Emergency","Hypotension","2026/04/22 12:21:16 PM","Rahim Yar Khan"
"281875","Nida Rahat","DR-1322","EMDS Call","Fire","Others","2026/04/22 12:23:57 PM","Rahim Yar Khan"
"281876","Yasir Ilyas","DR-893","EMDS Call","Medical Emergency","SOB/ Respiratory Distress","2026/04/22 12:28:52 PM","Rahim Yar Khan"
"281877","Imran Anjum","DR-204","EMDS Call","Medical Emergency","Vomiting","2026/04/22 12:29:09 PM","Liaqatpur"
"281878","Nida Rahat","DR-1322","EMDS Call","Medical Emergency","Vomiting","2026/04/22 12:31:15 PM","Rahim Yar Khan"
"281879","Yasir Ilyas","DR-893","EMDS Call","Medical Emergency","Domestic Injuries","2026/04/22 12:41:48 PM","Khanpur"
"281880","Yasir Ilyas","DR-893","EMDS Call","Medical Emergency","Unconscious","2026/04/22 12:46:30 PM","Rahim Yar Khan"
"281881","Nida Rahat","DR-1322","EMDS Call","Medical Emergency","Anxiety / Psychiatric Disorder","2026/04/22 12:49:57 PM","Rahim Yar Khan"
"78109","Imran Anjum","DR-204","Direct Call","Patient Transfer Service","N/A","2026/04/22 12:55:46 PM","Sadiqabad"
"281882","Yasir Ilyas","DR-893","EMDS Call","Medical Emergency","High Fever","2026/04/22 12:55:18 PM","Rahim Yar Khan"
"281883","Imran Anjum","DR-204","EMDS Call","Medical Emergency","Domestic Injuries","2026/04/22 12:56:23 PM","Rahim Yar Khan"
"281884","Imran Anjum","DR-204","EMDS Call","Medical Emergency","Domestic Injuries","2026/04/22 01:06:58 PM","Rahim Yar Khan"
"281885","Nida Rahat","DR-1322","EMDS Call","Medical Emergency","Abdominal Pain","2026/04/22 01:11:55 PM","Liaqatpur"
"281886","Imran Anjum","DR-204","EMDS Call","Medical Emergency","Vomiting","2026/04/22 01:11:16 PM","Sadiqabad"
"281887","Aasia Batool","MR-5198","EMDS Call","Medical Emergency","Urinary Retention","2026/04/22 01:13:44 PM","Rahim Yar Khan"
"281888","Imran Anjum","DR-204","EMDS Call","Rescue Operations","Animal/Bird Rescue","2026/04/22 01:20:21 PM","Khanpur"
"281890","Imran Anjum","DR-204","EMDS Call","Medical Emergency","Hypertension","2026/04/22 01:23:50 PM","Sadiqabad"
"281889","Nida Rahat","DR-1322","EMDS Call","Road Crash","Bleeding","2026/04/22 01:23:56 PM","Rahim Yar Khan"
"281891","Nida Rahat","DR-1322","EMDS Call","Medical Emergency","SOB/ Respiratory Distress","2026/04/22 01:30:23 PM","Liaqatpur"
"281892","Imran Anjum","DR-204","EMDS Call","Road Crash","Severe Trauma","2026/04/22 01:33:00 PM","Sadiqabad"
"281893","Nida Rahat","DR-1322","EMDS Call","Road Crash","Bleeding","2026/04/22 01:32:21 PM","Liaqatpur"
"281894","Aasia Batool","MR-5198","EMDS Call","Rescue Operations","Hazmat","2026/04/22 01:29:32 PM","Rahim Yar Khan"
"281895","Nida Rahat","DR-1322","EMDS Call","Road Crash","Bleeding","2026/04/22 01:35:50 PM","Rahim Yar Khan"
"281896","Imran Anjum","DR-204","EMDS Call","Road Crash","Minor Injuries","2026/04/22 01:35:14 PM","Rahim Yar Khan"
"281897","Aasia Batool","MR-5198","EMDS Call","Road Crash","Bleeding","2026/04/22 01:36:35 PM","Sadiqabad"
"281898","Imran Anjum","DR-204","EMDS Call","Road Crash","Bleeding","2026/04/22 01:45:17 PM","Sadiqabad"
"281899","Nida Rahat","DR-1322","EMDS Call","Medical Emergency","High Fever","2026/04/22 01:54:55 PM","Rahim Yar Khan"
"281900","Nida Rahat","DR-1322","EMDS Call","Medical Emergency","Vomiting","2026/04/22 01:59:21 PM","Rahim Yar Khan"
"281901","Aasia Batool","MR-5198","EMDS Call","Medical Emergency","CVA/Stroke","2026/04/22 02:07:10 PM","Sadiqabad"
"281902","Nida Rahat","DR-1322","EMDS Call","Medical Emergency","Abdominal Pain","2026/04/22 02:08:37 PM","Rahim Yar Khan"
"281903","Imran Anjum","DR-204","EMDS Call","Medical Emergency","Anxiety / Psychiatric Disorder","2026/04/22 02:07:17 PM","Rahim Yar Khan"
"281904","Imran Anjum","DR-204","EMDS Call","Fire","Short Circuit","2026/04/22 02:22:21 PM","Rahim Yar Khan"
"281905","Imran Anjum","DR-204","EMDS Call","Medical Emergency","Vomiting","2026/04/22 02:25:57 PM","Rahim Yar Khan"
"281906","Imran Anjum","DR-204","EMDS Call","Medical Emergency","Vomiting","2026/04/22 02:28:32 PM","Rahim Yar Khan"
"281907","Imran Anjum","DR-204","EMDS Call","Road Crash","Minor Injuries","2026/04/22 02:33:33 PM","Rahim Yar Khan"
"281908","Muhammad Zubair","DR-894","EMDS Call","Medical Emergency","SOB/ Respiratory Distress","2026/04/22 02:40:21 PM","Sadiqabad"
"281909","Bushra Saleem","MR-5701","EMDS Call","Medical Emergency","Epilepsy","2026/04/22 02:45:23 PM","Liaqatpur"
"281910","Bushra Saleem","MR-5701","EMDS Call","Medical Emergency","Chest Pain","2026/04/22 02:48:17 PM","Rahim Yar Khan"
"281911","Muhammad Zubair","DR-894","EMDS Call","Road Crash","Minor Injuries","2026/04/22 02:58:29 PM","Rahim Yar Khan"
"281912","Adil Iqbal","DR-782","EMDS Call","Road Crash","Minor Injuries","2026/04/22 03:01:23 PM","Khanpur"
"281913","Bushra Saleem","MR-5701","EMDS Call","Medical Emergency","Abdominal Pain","2026/04/22 03:04:58 PM","Rahim Yar Khan"
"281914","Muhammad Zubair","DR-894","EMDS Call","Medical Emergency","Diarrhea","2026/04/22 03:13:43 PM","Liaqatpur"
"78110","Shahla Nawaz","DR-185","Direct Call","Patient Transfer Service","N/A","2026/04/22 03:14:31 PM","Khanpur"
"78111","Shahla Nawaz","DR-185","Direct Call","Patient Transfer Service","N/A","2026/04/22 03:16:46 PM","Khanpur"
"78112","Bushra Saleem","MR-5701","Direct Call","Patient Transfer Service","N/A","2026/04/22 03:20:59 PM","Sadiqabad"
"281915","Shahla Nawaz","DR-185","EMDS Call","Medical Emergency","Hypertension","2026/04/22 03:18:22 PM","Rahim Yar Khan"
"78113","Bushra Saleem","MR-5701","Direct Call","Patient Transfer Service","N/A","2026/04/22 03:22:57 PM","Sadiqabad"
"281916","Shahla Nawaz","DR-185","EMDS Call","Medical Emergency","Anxiety / Psychiatric Disorder","2026/04/22 03:25:06 PM","Rahim Yar Khan"
"281917","Shahla Nawaz","DR-185","EMDS Call","Medical Emergency","Chest Pain","2026/04/22 03:30:42 PM","Rahim Yar Khan"
"78114","Shahla Nawaz","DR-185","Direct Call","Patient Transfer Service","N/A","2026/04/22 03:57:18 PM","Sadiqabad"
"281918","Muhammad Zubair","DR-894","EMDS Call","Medical Emergency","Joints Pain","2026/04/22 03:56:06 PM","Rahim Yar Khan"
"281919","Adil Iqbal","DR-782","EMDS Call","Medical Emergency","SOB/ Respiratory Distress","2026/04/22 03:58:15 PM","Sadiqabad"
"281920","Adil Iqbal","DR-782","EMDS Call","Medical Emergency","Hypotension","2026/04/22 04:04:03 PM","Liaqatpur"
"281921","Shahla Nawaz","DR-185","EMDS Call","Medical Emergency","Domestic Injuries","2026/04/22 04:06:44 PM","Rahim Yar Khan"
"281922","Bushra Saleem","MR-5701","EMDS Call","Medical Emergency","Epilepsy","2026/04/22 04:24:42 PM","Sadiqabad"
"78115","Bushra Saleem","MR-5701","Direct Call","Patient Transfer Service","N/A","2026/04/22 04:39:04 PM","Liaqatpur"
"78116","Bushra Saleem","MR-5701","Direct Call","Patient Transfer Service","N/A","2026/04/22 04:42:10 PM","Liaqatpur"
"281923","Shahla Nawaz","DR-185","EMDS Call","Medical Emergency","Vomiting","2026/04/22 04:42:07 PM","Rahim Yar Khan"
"281925","Muhammad Zubair","DR-894","EMDS Call","Medical Emergency","SOB/ Respiratory Distress","2026/04/22 04:44:55 PM","Khanpur"
"281924","Bushra Saleem","MR-5701","EMDS Call","Medical Emergency","Chronic Illness","2026/04/22 04:45:00 PM","Rahim Yar Khan"
"281926","Shahla Nawaz","DR-185","EMDS Call","Road Crash","Bleeding","2026/04/22 05:11:10 PM","Rahim Yar Khan"
"281927","Adil Iqbal","DR-782","EMDS Call","Medical Emergency","Abdominal Pain","2026/04/22 05:19:07 PM","Rahim Yar Khan"
"281928","Bushra Saleem","MR-5701","EMDS Call","Medical Emergency","Anxiety / Psychiatric Disorder","2026/04/22 05:23:28 PM","Rahim Yar Khan"
"281929","Bushra Saleem","MR-5701","EMDS Call","Medical Emergency","Diarrhea","2026/04/22 05:34:41 PM","Rahim Yar Khan"
"281930","Adil Iqbal","DR-782","EMDS Call","Medical Emergency","High Fever","2026/04/22 05:36:02 PM","Rahim Yar Khan"
"78117","Bushra Saleem","MR-5701","Direct Call","Patient Transfer Service","N/A","2026/04/22 05:41:21 PM","Sadiqabad"
"78118","Bushra Saleem","MR-5701","Direct Call","Patient Transfer Service","N/A","2026/04/22 05:45:35 PM","Sadiqabad"
"281931","Bushra Saleem","MR-5701","EMDS Call","Medical Emergency","SOB/ Respiratory Distress","2026/04/22 05:46:00 PM","Sadiqabad"
"281932","Muhammad Zubair","DR-894","EMDS Call","Medical Emergency","Abdominal Pain","2026/04/22 05:50:59 PM","Khanpur"
"281947","Muhammad Zubair","DR-894","EMDS Call","Medical Emergency","Anxiety / Psychiatric Disorder","2026/04/22 06:11:17 PM","Rahim Yar Khan"
"281933","Adil Iqbal","DR-782","EMDS Call","Medical Emergency","Abdominal Pain","2026/04/22 06:10:18 PM","Sadiqabad"
"281935","Rana M. Usman","DR-200","EMDS Call","Medical Emergency","Hypoglycemia","2026/04/22 06:14:13 PM","Liaqatpur"
"281936","Muhammad Zubair","DR-894","EMDS Call","Road Crash","Severe Trauma","2026/04/22 06:15:12 PM","Rahim Yar Khan"
"78119","Bushra Saleem","MR-5701","Direct Call","Patient Transfer Service","N/A","2026/04/22 06:18:56 PM","Sadiqabad"
"78120","Bushra Saleem","MR-5701","Direct Call","Patient Transfer Service","N/A","2026/04/22 06:22:25 PM","Sadiqabad"
"281937","Muhammad Zubair","DR-894","EMDS Call","Medical Emergency","Vertigo/ Dizziness","2026/04/22 06:26:25 PM","Rahim Yar Khan"
"281938","Muhammad Zubair","DR-894","EMDS Call","Medical Emergency","Urinary Retention","2026/04/22 06:35:10 PM","Rahim Yar Khan"
"281940","Muhammad Zubair","DR-894","EMDS Call","Medical Emergency","SOB/ Respiratory Distress","2026/04/22 06:39:20 PM","Khanpur"
"281939","Bushra Saleem","MR-5701","EMDS Call","Road Crash","Bleeding","2026/04/22 06:39:43 PM","Rahim Yar Khan"
"281939","Bushra Saleem","MR-5701","EMDS Call","Road Crash","Bleeding","2026/04/22 06:39:43 PM","Rahim Yar Khan"
"281939","Bushra Saleem","MR-5701","EMDS Call","Road Crash","Bleeding","2026/04/22 06:39:43 PM","Rahim Yar Khan"
"281939","Bushra Saleem","MR-5701","EMDS Call","Road Crash","Bleeding","2026/04/22 06:39:43 PM","Rahim Yar Khan"
"281941","Shahla Nawaz","DR-185","EMDS Call","Medical Emergency","Vomiting","2026/04/22 06:40:54 PM","Rahim Yar Khan"
"281942","Shahla Nawaz","DR-185","EMDS Call","Medical Emergency","Renal Disorders / Renal Colic ","2026/04/22 06:44:04 PM","Khanpur"
"281943","Muhammad Zubair","DR-894","EMDS Call","Medical Emergency","Urinary Retention","2026/04/22 06:42:18 PM","Rahim Yar Khan"
"281944","Bushra Saleem","MR-5701","EMDS Call","Road Crash","Bleeding","2026/04/22 06:44:55 PM","Liaqatpur"
"281945","Muhammad Zubair","DR-894","EMDS Call","Rescue Operations","Work/Occupational Injuries","2026/04/22 06:45:23 PM","Rahim Yar Khan"
"281946","Bushra Saleem","MR-5701","EMDS Call","Medical Emergency","Hypoglycemia","2026/04/22 06:51:35 PM","Rahim Yar Khan"
"281948","Bushra Saleem","MR-5701","EMDS Call","Medical Emergency","Unconscious","2026/04/22 07:01:00 PM","Liaqatpur"
"281949","Muhammad Zubair","DR-894","EMDS Call","Medical Emergency","High Fever","2026/04/22 07:02:25 PM","Rahim Yar Khan"
"281950","Muhammad Zubair","DR-894","EMDS Call","Medical Emergency","Epilepsy","2026/04/22 07:06:15 PM","Sadiqabad"
"281951","Muhammad Zubair","DR-894","EMDS Call","Road Crash","Minor Injuries","2026/04/22 07:09:08 PM","Rahim Yar Khan"
"281952","Muhammad Zubair","DR-894","EMDS Call","Medical Emergency","SOB/ Respiratory Distress","2026/04/22 07:14:04 PM","Rahim Yar Khan"
"281953","Bushra Saleem","MR-5701","EMDS Call","Medical Emergency","Chronic Illness","2026/04/22 07:16:18 PM","Rahim Yar Khan"
"281954","Rana M. Usman","DR-200","EMDS Call","Medical Emergency","Vertigo/ Dizziness","2026/04/22 07:17:06 PM","Rahim Yar Khan"
"281955","Bushra Saleem","MR-5701","EMDS Call","Medical Emergency","Vomiting","2026/04/22 07:17:52 PM","Sadiqabad"
"281956","Muhammad Zubair","DR-894","EMDS Call","Medical Emergency","Headache","2026/04/22 07:17:21 PM","Rahim Yar Khan"
"281957","Rana M. Usman","DR-200","EMDS Call","Fire","Others","2026/04/22 07:21:26 PM","Rahim Yar Khan"
"281958","Bushra Saleem","MR-5701","EMDS Call","Medical Emergency","Unconscious","2026/04/22 07:22:33 PM","Khanpur"
"281959","Rana M. Usman","DR-200","EMDS Call","Medical Emergency","Hypertension","2026/04/22 07:31:44 PM","Rahim Yar Khan"
"281960","Shahla Nawaz","DR-185","EMDS Call","Road Crash","Minor Injuries","2026/04/22 07:36:26 PM","Sadiqabad"
"78121","Bushra Saleem","MR-5701","Direct Call","Patient Transfer Service","N/A","2026/04/22 07:38:39 PM","Khanpur"
"281961","Bushra Saleem","MR-5701","EMDS Call","Medical Emergency","Hypoglycemia","2026/04/22 07:45:07 PM","Rahim Yar Khan"
"281962","Shahla Nawaz","DR-185","EMDS Call","Medical Emergency","Vomiting","2026/04/22 07:43:05 PM","Rahim Yar Khan"
"78122","Rana M. Usman","DR-200","Direct Call","Patient Transfer Service","N/A","2026/04/22 07:51:09 PM","Khanpur"
"281963","Shahla Nawaz","DR-185","EMDS Call","Medical Emergency","Anxiety / Psychiatric Disorder","2026/04/22 08:01:48 PM","Rahim Yar Khan"
"281964","Bushra Saleem","MR-5701","EMDS Call","Medical Emergency","Hypertension","2026/04/22 08:12:07 PM","Rahim Yar Khan"
"281965","Shahla Nawaz","DR-185","EMDS Call","Medical Emergency","Hypoglycemia","2026/04/22 08:12:31 PM","Rahim Yar Khan"
"281967","Rana M. Usman","DR-200","EMDS Call","Medical Emergency","SOB/ Respiratory Distress","2026/04/22 08:12:28 PM","Rahim Yar Khan"
"281966","Bushra Saleem","MR-5701","EMDS Call","Rescue Operations","Snake Emergency","2026/04/22 08:14:21 PM","Rahim Yar Khan"
"281968","Muhammad Zubair","DR-894","EMDS Call","Medical Emergency","Vomiting","2026/04/22 08:16:48 PM","Liaqatpur"
"281969","Shahla Nawaz","DR-185","EMDS Call","Medical Emergency","Abdominal Pain","2026/04/22 08:22:35 PM","Liaqatpur"
"281970","Muhammad Zubair","DR-894","EMDS Call","Medical Emergency","Vertigo/ Dizziness","2026/04/22 08:23:13 PM","Rahim Yar Khan"
"281971","Shahla Nawaz","DR-185","EMDS Call","Medical Emergency","Joints Pain","2026/04/22 08:31:23 PM","Khanpur"
"78123","Bushra Saleem","MR-5701","Direct Call","Patient Transfer Service","N/A","2026/04/22 08:36:54 PM","Khanpur"
"281972","Bushra Saleem","MR-5701","EMDS Call","Medical Emergency","Headache","2026/04/22 08:37:03 PM","Rahim Yar Khan"
"281973","Muhammad Zubair","DR-894","Direct Call","Medical Emergency","Anxiety / Psychiatric Disorder","2026/04/22 08:40:43 PM","Sadiqabad"
"281974","Bushra Saleem","MR-5701","EMDS Call","Medical Emergency","Chest Pain","2026/04/22 08:42:57 PM","Rahim Yar Khan"
"281976","Shahla Nawaz","DR-185","EMDS Call","Medical Emergency","Backache","2026/04/22 08:45:42 PM","Rahim Yar Khan"
"281975","Muhammad Zubair","DR-894","EMDS Call","Medical Emergency","Vomiting","2026/04/22 08:46:09 PM","Rahim Yar Khan"
"281977","Bushra Saleem","MR-5701","EMDS Call","Medical Emergency","Abdominal Pain","2026/04/22 08:46:59 PM","Sadiqabad"
"281978","Bushra Saleem","MR-5701","EMDS Call","Road Crash","Bleeding","2026/04/22 08:49:51 PM","Sadiqabad"
"281979","Muhammad Zubair","DR-894","EMDS Call","Medical Emergency","Abdominal Pain","2026/04/22 08:56:13 PM","Sadiqabad"
"281980","Bushra Saleem","MR-5701","EMDS Call","Medical Emergency","Headache","2026/04/22 08:55:33 PM","Rahim Yar Khan"
"281981","Shahla Nawaz","DR-185","EMDS Call","Road Crash","Multiple Fractures","2026/04/22 08:56:01 PM","Sadiqabad"
"281982","Shahla Nawaz","DR-185","EMDS Call","Road Crash","Minor Injuries","2026/04/22 09:01:30 PM","Liaqatpur"
"281983","Shahla Nawaz","DR-185","EMDS Call","Medical Emergency","SOB/ Respiratory Distress","2026/04/22 09:05:12 PM","Rahim Yar Khan"
"281984","Shahla Nawaz","DR-185","EMDS Call","Medical Emergency","Vomiting","2026/04/22 09:12:32 PM","Rahim Yar Khan"
"281985","Muhammad Zubair","DR-894","EMDS Call","Road Crash","Minor Injuries","2026/04/22 09:16:51 PM","Rahim Yar Khan"
"281986","Shahla Nawaz","DR-185","EMDS Call","Road Crash","Severe Trauma","2026/04/22 09:29:59 PM","Rahim Yar Khan"
"78124","Muhammad Zubair","DR-894","Direct Call","Patient Transfer Service","N/A","2026/04/22 09:35:02 PM","Sadiqabad"
"281987","Muhammad Zubair","DR-894","EMDS Call","Medical Emergency","Anxiety / Psychiatric Disorder","2026/04/22 09:36:51 PM","Rahim Yar Khan"
"281988","Bushra Saleem","MR-5701","EMDS Call","Medical Emergency","High Fever","2026/04/22 09:37:29 PM","Rahim Yar Khan"
"281989","Shahla Nawaz","DR-185","EMDS Call","Rescue Operations","Scalds/Burn Due To Negligence","2026/04/22 09:40:02 PM","Rahim Yar Khan"
"281990","Muhammad Zubair","DR-894","EMDS Call","Medical Emergency","Joints Pain","2026/04/22 09:46:21 PM","Rahim Yar Khan"
"281991","Maheen Tahir","MR-6017","Direct Call","Medical Emergency","Anxiety / Psychiatric Disorder","2026/04/22 10:03:47 PM","Rahim Yar Khan"
"281992","Maheen Tahir","MR-6017","EMDS Call","Medical Emergency","Domestic Injuries","2026/04/22 10:08:57 PM","Rahim Yar Khan"
"78125","Saira Bibi","MR-5494","Direct Call","Patient Transfer Service","N/A","2026/04/22 10:11:29 PM","Khanpur"
"281993","Saira Bibi","MR-5494","EMDS Call","Medical Emergency","Joints Pain","2026/04/22 10:21:22 PM","Rahim Yar Khan"
"281994","Faiz Muhyy Ul Din","DR-892","EMDS Call","Rescue Operations","Delivery Case","2026/04/22 10:22:20 PM","Khanpur"
"281995","Maheen Tahir","MR-6017","EMDS Call","Medical Emergency","Hypertension","2026/04/22 10:25:45 PM","Rahim Yar Khan"
"281996","Faiz Muhyy Ul Din","DR-892","EMDS Call","Rescue Operations","Delivery Case","2026/04/22 10:28:02 PM","Rahim Yar Khan"
"281997","Muhammad Fiaz","DR-206","EMDS Call","Medical Emergency","Vomiting","2026/04/22 10:28:44 PM","Rahim Yar Khan"
"281998","Saira Bibi","MR-5494","EMDS Call","Medical Emergency","Urinary Retention","2026/04/22 10:56:24 PM","Rahim Yar Khan"
"78126","Faiz Muhyy Ul Din","DR-892","Direct Call","Patient Transfer Service","N/A","2026/04/22 11:05:46 PM","Liaqatpur"
"281999","Maheen Tahir","MR-6017","EMDS Call","Medical Emergency","CVA/Stroke","2026/04/22 11:05:57 PM","Sadiqabad"
"282000","Faiz Muhyy Ul Din","DR-892","EMDS Call","Medical Emergency","SOB/ Respiratory Distress","2026/04/22 11:07:44 PM","Sadiqabad"
"Not Assigned","Saira Bibi","MR-5494","EMDS Call","Medical Emergency","Unconscious","2026/04/22 11:11:07 PM","Rahim Yar Khan"
"282001","Faiz Muhyy Ul Din","DR-892","EMDS Call","Medical Emergency","Abdominal Pain","2026/04/22 11:14:53 PM","Sadiqabad"
"282002","Saira Bibi","MR-5494","EMDS Call","Medical Emergency","Hypertension","2026/04/22 11:32:19 PM","Khanpur"
"282003","Maheen Tahir","MR-6017","EMDS Call","Medical Emergency","Vomiting","2026/04/22 11:38:18 PM","Rahim Yar Khan"
"282004","Muhammad Fiaz","DR-206","EMDS Call","Medical Emergency","Abdominal Pain","2026/04/23 12:09:05 AM","Rahim Yar Khan"
"282005","Saira Bibi","MR-5494","EMDS Call","Medical Emergency","Abdominal Pain","2026/04/23 12:33:42 AM","Liaqatpur"
"282006","Muhammad Fiaz","DR-206","EMDS Call","Crime","Physical Assault/Violence","2026/04/23 12:37:20 AM","Sadiqabad"
"282007","Saira Bibi","MR-5494","Direct Call","Medical Emergency","SOB/ Respiratory Distress","2026/04/23 12:41:30 AM","Rahim Yar Khan"
"78127","Muhammad Fiaz","DR-206","Direct Call","Patient Transfer Service","N/A","2026/04/23 12:45:26 AM","Sadiqabad"
"282008","Maheen Tahir","MR-6017","EMDS Call","Rescue Operations","Delivery Case","2026/04/23 12:58:05 AM","Liaqatpur"
"78128","Muhammad Fiaz","DR-206","Direct Call","Patient Transfer Service","N/A","2026/04/23 01:02:31 AM","Liaqatpur"
"282009","Saira Bibi","MR-5494","EMDS Call","Medical Emergency","Anxiety / Psychiatric Disorder","2026/04/23 01:06:53 AM","Sadiqabad"
"282010","Muhammad Fiaz","DR-206","EMDS Call","Medical Emergency","Vomiting","2026/04/23 01:08:11 AM","Rahim Yar Khan"
"282011","Maheen Tahir","MR-6017","EMDS Call","Medical Emergency","Vomiting","2026/04/23 01:09:14 AM","Rahim Yar Khan"
"282012","Muhammad Fiaz","DR-206","EMDS Call","Medical Emergency","Vertigo/ Dizziness","2026/04/23 01:10:55 AM","Rahim Yar Khan"
"282013","Muhammad Fiaz","DR-206","EMDS Call","Medical Emergency","Chest Pain","2026/04/23 01:23:39 AM","Rahim Yar Khan"
"282014","Maheen Tahir","MR-6017","EMDS Call","Medical Emergency","Abdominal Pain","2026/04/23 01:31:30 AM","Liaqatpur"
"282015","Saira Bibi","MR-5494","EMDS Call","Medical Emergency","Vomiting","2026/04/23 01:39:33 AM","Khanpur"
"282016","Saira Bibi","MR-5494","EMDS Call","Rescue Operations","Delivery Case","2026/04/23 01:52:11 AM","Rahim Yar Khan"
"282017","Muhammad Fiaz","DR-206","EMDS Call","Medical Emergency","SOB/ Respiratory Distress","2026/04/23 02:02:55 AM","Rahim Yar Khan"
"78129","Saira Bibi","MR-5494","Direct Call","Patient Transfer Service","N/A","2026/04/23 02:08:51 AM","Sadiqabad"
"282018","Maheen Tahir","MR-6017","EMDS Call","Medical Emergency","Abdominal Pain","2026/04/23 02:08:38 AM","Rahim Yar Khan"
"282019","Saira Bibi","MR-5494","EMDS Call","Medical Emergency","SOB/ Respiratory Distress","2026/04/23 02:16:05 AM","Rahim Yar Khan"
"78130","Muhammad Fiaz","DR-206","Direct Call","Patient Transfer Service","N/A","2026/04/23 02:18:18 AM","Khanpur"
"282020","Muhammad Fiaz","DR-206","EMDS Call","Medical Emergency","Gynae Problem","2026/04/23 02:18:14 AM","Rahim Yar Khan"
"282021","Saira Bibi","MR-5494","EMDS Call","Medical Emergency","Abdominal Pain","2026/04/23 02:31:53 AM","Khanpur"
"282022","Muhammad Fiaz","DR-206","EMDS Call","Medical Emergency","SOB/ Respiratory Distress","2026/04/23 02:36:11 AM","Sadiqabad"
"282023","Saira Bibi","MR-5494","EMDS Call","Medical Emergency","Hypoglycemia","2026/04/23 02:39:44 AM","Rahim Yar Khan"
"282024","Maheen Tahir","MR-6017","EMDS Call","Medical Emergency","Epilepsy","2026/04/23 02:48:37 AM","Khanpur"
"282025","Saira Bibi","MR-5494","EMDS Call","Medical Emergency","Abdominal Pain","2026/04/23 02:56:19 AM","Rahim Yar Khan"
"78131","Saira Bibi","MR-5494","Direct Call","Patient Transfer Service","N/A","2026/04/23 03:02:33 AM","Sadiqabad"
"282026","Saira Bibi","MR-5494","EMDS Call","Rescue Operations","Delivery Case","2026/04/23 03:15:10 AM","Rahim Yar Khan"
"282027","Faiz Muhyy Ul Din","DR-892","EMDS Call","Medical Emergency","Hypertension","2026/04/23 03:35:30 AM","Sadiqabad"
"282028","Maheen Tahir","MR-6017","EMDS Call","Medical Emergency","Chronic Illness","2026/04/23 03:58:50 AM","Khanpur"
"282029","Faiz Muhyy Ul Din","DR-892","EMDS Call","Medical Emergency","SOB/ Respiratory Distress","2026/04/23 03:58:30 AM","Khanpur"
"282030","Maheen Tahir","MR-6017","EMDS Call","Medical Emergency","Renal Disorders / Renal Colic ","2026/04/23 04:23:23 AM","Rahim Yar Khan"
"282031","Faiz Muhyy Ul Din","DR-892","EMDS Call","Medical Emergency","Abdominal Pain","2026/04/23 04:50:30 AM","Rahim Yar Khan"
"78132","Faiz Muhyy Ul Din","DR-892","Direct Call","Patient Transfer Service","N/A","2026/04/23 05:18:26 AM","Sadiqabad"
"282032","Faiz Muhyy Ul Din","DR-892","EMDS Call","Medical Emergency","Backache","2026/04/23 05:31:51 AM","Rahim Yar Khan"
"282033","Maheen Tahir","MR-6017","EMDS Call","Medical Emergency","Headache","2026/04/23 05:35:24 AM","Rahim Yar Khan"
"282034","Faiz Muhyy Ul Din","DR-892","EMDS Call","Medical Emergency","Abdominal Pain","2026/04/23 05:38:50 AM","Rahim Yar Khan"
"78133","Maheen Tahir","MR-6017","Direct Call","Patient Transfer Service","N/A","2026/04/23 06:36:16 AM","Khanpur"
"78134","Maheen Tahir","MR-6017","Direct Call","Patient Transfer Service","N/A","2026/04/23 06:38:52 AM","Khanpur"
"282035","Shaheen Islam","DR-1171","EMDS Call","Medical Emergency","Joints Pain","2026/04/23 06:42:07 AM","Rahim Yar Khan"
"282036","Faiz Muhyy Ul Din","DR-892","EMDS Call","Medical Emergency","Diarrhea","2026/04/23 06:48:34 AM","Sadiqabad"
"282037","Faiz Muhyy Ul Din","DR-892","EMDS Call","Medical Emergency","Hypotension","2026/04/23 07:04:30 AM","Sadiqabad"
"282039","Fahad Hussain","DR-538","EMDS Call","Medical Emergency","Domestic Injuries","2026/04/23 07:14:57 AM","Rahim Yar Khan"
"282038","Saima Bashir","MR-5819","EMDS Call","Road Crash","Bleeding","2026/04/23 07:15:56 AM","Rahim Yar Khan"
"282040","Fahad Hussain","DR-538","EMDS Call","Road Crash","Minor Injuries","2026/04/23 07:43:20 AM","Sadiqabad"
"78135","Aasia Batool","MR-5198","Direct Call","Patient Transfer Service","N/A","2026/04/23 07:49:52 AM","Sadiqabad"
"282041","Aasia Batool","MR-5198","EMDS Call","Medical Emergency","Epilepsy","2026/04/23 07:54:11 AM","Khanpur"
"282042","Saima Bashir","MR-5819","EMDS Call","Medical Emergency","Chronic Illness","2026/04/23 07:53:49 AM","Khanpur"
"282044","Fahad Hussain","DR-538","EMDS Call","Road Crash","Bleeding","2026/04/23 07:56:21 AM","Rahim Yar Khan"
"282043","Saima Bashir","MR-5819","EMDS Call","Medical Emergency","Anxiety / Psychiatric Disorder","2026/04/23 07:59:10 AM","Khanpur"
"282045","Aasia Batool","MR-5198","EMDS Call","Medical Emergency","High Fever","2026/04/23 08:06:46 AM","Liaqatpur"
"282046","Aasia Batool","MR-5198","EMDS Call","Medical Emergency","Domestic Injuries","2026/04/23 08:19:31 AM","Khanpur"
"282047","Saima Bashir","MR-5819","EMDS Call","Road Crash","Bleeding","2026/04/23 08:29:59 AM","Liaqatpur"
"282048","Aasia Batool","MR-5198","EMDS Call","Medical Emergency","High Fever","2026/04/23 08:30:42 AM","Khanpur"
"282049","Aasia Batool","MR-5198","EMDS Call","Medical Emergency","Hypertension","2026/04/23 08:37:25 AM","Rahim Yar Khan"
"282050","Saima Bashir","MR-5819","EMDS Call","Medical Emergency","SOB/ Respiratory Distress","2026/04/23 08:38:22 AM","Sadiqabad"
"282051","Saima Bashir","MR-5819","EMDS Call","Medical Emergency","Vomiting","2026/04/23 08:41:01 AM","Sadiqabad"
"282052","Saima Bashir","MR-5819","EMDS Call","Road Crash","Minor Injuries","2026/04/23 08:45:28 AM","Sadiqabad"
"282053","Muhammad Rashid Saleem","DR-187","EMDS Call","Medical Emergency","Joints Pain","2026/04/23 08:47:02 AM","Sadiqabad"
"282054","Saima Bashir","MR-5819","EMDS Call","Road Crash","Minor Injuries","2026/04/23 08:50:48 AM","Rahim Yar Khan"
"282055","Aasia Batool","MR-5198","EMDS Call","Road Crash","Multiple Fractures","2026/04/23 08:55:01 AM","Sadiqabad"
"282056","Muhammad Rashid Saleem","DR-187","EMDS Call","Crime","Probable Suicide","2026/04/23 08:57:38 AM","Liaqatpur"
"282061","Saima Bashir","MR-5819","EMDS Call","Medical Emergency","SOB/ Respiratory Distress","2026/04/23 08:58:48 AM","Rahim Yar Khan"
"282057","Aasia Batool","MR-5198","EMDS Call","Medical Emergency","Hypertension","2026/04/23 09:01:06 AM","Liaqatpur"
"282058","Muhammad Rashid Saleem","DR-187","EMDS Call","Medical Emergency","CVA/Stroke","2026/04/23 09:01:56 AM","Sadiqabad"
"282060","Saima Bashir","MR-5819","EMDS Call","Rescue Operations","Delivery Case","2026/04/23 09:02:38 AM","Rahim Yar Khan"
"282059","Muhammad Rashid Saleem","DR-187","EMDS Call","Medical Emergency","Gynae Problem","2026/04/23 09:03:59 AM","Rahim Yar Khan"
"282062","Fahad Hussain","DR-538","EMDS Call","Medical Emergency","Chest Pain","2026/04/23 09:11:45 AM","Rahim Yar Khan"
"282063","Muhammad Rashid Saleem","DR-187","EMDS Call","Medical Emergency","Vomiting","2026/04/23 09:13:10 AM","Rahim Yar Khan"
"282064","Muhammad Rashid Saleem","DR-187","EMDS Call","Medical Emergency","Chronic Illness","2026/04/23 09:19:25 AM","Rahim Yar Khan"
"282066","Muhammad Rashid Saleem","DR-187","EMDS Call","Medical Emergency","Joints Pain","2026/04/23 09:30:13 AM","Rahim Yar Khan"
"282065","Muhammad AAmar","DR-915","EMDS Call","Road Crash","Severe Trauma","2026/04/23 09:29:39 AM","Rahim Yar Khan"
"282067","Aasia Batool","MR-5198","EMDS Call","Medical Emergency","Vomiting","2026/04/23 09:45:07 AM","Sadiqabad"
"282068","Yasir Ilyas","DR-893","EMDS Call","Medical Emergency","Abdominal Pain","2026/04/23 09:47:11 AM","Rahim Yar Khan"
"282069","Aasia Batool","MR-5198","EMDS Call","Road Crash","Bleeding","2026/04/23 09:50:44 AM","Liaqatpur"
"282071","Muhammad Rashid Saleem","DR-187","EMDS Call","Rescue Operations","Delivery Case","2026/04/23 09:53:46 AM","Khanpur"
"282070","Aasia Batool","MR-5198","EMDS Call","Medical Emergency","Vertigo/ Dizziness","2026/04/23 09:54:39 AM","Rahim Yar Khan"
"282072","Yasir Ilyas","DR-893","EMDS Call","Medical Emergency","Chronic Illness","2026/04/23 09:54:16 AM","Khanpur"
"78136","Fahad Hussain","DR-538","Direct Call","Patient Transfer Service","N/A","2026/04/23 09:58:47 AM","Sadiqabad"
"78137","Muhammad Rashid Saleem","DR-187","Direct Call","Patient Transfer Service","N/A","2026/04/23 10:02:53 AM","Khanpur"
"78138","Fahad Hussain","DR-538","Direct Call","Patient Transfer Service","N/A","2026/04/23 10:13:03 AM","Liaqatpur"
"282073","Muhammad Rashid Saleem","DR-187","EMDS Call","Medical Emergency","Chronic Illness","2026/04/23 10:17:16 AM","Rahim Yar Khan"
"282074","Muhammad Rashid Saleem","DR-187","EMDS Call","Road Crash","Minor Injuries","2026/04/23 10:23:27 AM","Khanpur"
"282075","Aasia Batool","MR-5198","EMDS Call","Crime","Physical Assault/Violence","2026/04/23 10:24:51 AM","Rahim Yar Khan"
"282075","Aasia Batool","MR-5198","EMDS Call","Crime","Physical Assault/Violence","2026/04/23 10:24:51 AM","Rahim Yar Khan"
"282075","Aasia Batool","MR-5198","EMDS Call","Crime","Physical Assault/Violence","2026/04/23 10:24:51 AM","Rahim Yar Khan"
"282076","Muhammad Rashid Saleem","DR-187","EMDS Call","Medical Emergency","High Fever","2026/04/23 10:32:01 AM","Rahim Yar Khan"
"Not Assigned","Muhammad Rashid Saleem","DR-187","Direct Call","High Raised Building Inspection","High Raised Building Inspection","2026/04/23 10:34:06 AM","Rahim Yar Khan"
"282077","Yasir Ilyas","DR-893","EMDS Call","Medical Emergency","Renal Disorders / Renal Colic ","2026/04/23 10:41:43 AM","Rahim Yar Khan"
"282078","Aasia Batool","MR-5198","EMDS Call","Medical Emergency","SOB/ Respiratory Distress","2026/04/23 10:51:09 AM","Khanpur"
"282079","Yasir Ilyas","DR-893","EMDS Call","Medical Emergency","Vertigo/ Dizziness","2026/04/23 10:57:38 AM","Rahim Yar Khan"
"282080","Aasia Batool","MR-5198","EMDS Call","Medical Emergency","Chronic Illness","2026/04/23 10:58:01 AM","Sadiqabad"
"282081","Imran Anjum","DR-204","EMDS Call","Medical Emergency","Domestic Injuries","2026/04/23 10:58:35 AM","Rahim Yar Khan"
"282082","Yasir Ilyas","DR-893","EMDS Call","Medical Emergency","Anxiety / Psychiatric Disorder","2026/04/23 10:59:58 AM","Rahim Yar Khan"
"282083","Imran Anjum","DR-204","EMDS Call","Fire","Others","2026/04/23 11:01:25 AM","Rahim Yar Khan"
"282084","Yasir Ilyas","DR-893","EMDS Call","Medical Emergency","Blood In Stool","2026/04/23 11:05:03 AM","Rahim Yar Khan"
"282085","Yasir Ilyas","DR-893","EMDS Call","Medical Emergency","Chest Pain","2026/04/23 11:09:56 AM","Sadiqabad"
"282086","Muhammad Abid","DR-874","EMDS Call","Medical Emergency","Anxiety / Psychiatric Disorder","2026/04/23 11:17:04 AM","Sadiqabad"
"282087","Yasir Ilyas","DR-893","EMDS Call","Medical Emergency","Hyperglycemia","2026/04/23 11:19:50 AM","Rahim Yar Khan"
"282088","Aasia Batool","MR-5198","EMDS Call","Medical Emergency","Renal Disorders / Renal Colic ","2026/04/23 11:19:55 AM","Liaqatpur"
"282089","Yasir Ilyas","DR-893","EMDS Call","Road Crash","Minor Injuries","2026/04/23 11:28:23 AM","Rahim Yar Khan"
"282090","Imran Anjum","DR-204","EMDS Call","Medical Emergency","Anxiety / Psychiatric Disorder","2026/04/23 11:32:45 AM","Rahim Yar Khan"
"282091","Imran Anjum","DR-204","EMDS Call","Medical Emergency","Urinary Retention","2026/04/23 11:35:15 AM","Liaqatpur"
"282092","Aasia Batool","MR-5198","EMDS Call","Rescue Operations","Delivery Case","2026/04/23 11:39:38 AM","Rahim Yar Khan"
"282093","Yasir Ilyas","DR-893","EMDS Call","Medical Emergency","Gynae Problem","2026/04/23 11:46:06 AM","Rahim Yar Khan"
"282094","Aasia Batool","MR-5198","EMDS Call","Medical Emergency","High Fever","2026/04/23 11:55:30 AM","Liaqatpur"
"282095","Imran Anjum","DR-204","EMDS Call","Road Crash","Severe Trauma","2026/04/23 11:58:17 AM","Rahim Yar Khan"
"78139","Muhammad Abid","DR-874","Direct Call","Patient Transfer Service","N/A","2026/04/23 12:01:39 PM","Khanpur"
"282096","Imran Anjum","DR-204","EMDS Call","Medical Emergency","Epilepsy","2026/04/23 12:03:41 PM","Khanpur"
"78140","Muhammad Abid","DR-874","Direct Call","Patient Transfer Service","N/A","2026/04/23 12:06:32 PM","Khanpur"
"282097","Aasia Batool","MR-5198","EMDS Call","Medical Emergency","Abdominal Pain","2026/04/23 12:11:47 PM","Rahim Yar Khan"
"78141","Muhammad Abid","DR-874","Direct Call","Patient Transfer Service","N/A","2026/04/23 12:14:29 PM","Sadiqabad"
"282099","Yasir Ilyas","DR-893","EMDS Call","Medical Emergency","Hypertension","2026/04/23 12:15:43 PM","Khanpur"
"282098","Muhammad Abid","DR-874","EMDS Call","Medical Emergency","Headache","2026/04/23 12:15:29 PM","Rahim Yar Khan"
"282100","Yasir Ilyas","DR-893","EMDS Call","Medical Emergency","Chronic Illness","2026/04/23 12:30:02 PM","Rahim Yar Khan"
"282101","Imran Anjum","DR-204","EMDS Call","Road Crash","Bleeding","2026/04/23 12:30:13 PM","Rahim Yar Khan"
"282101","Imran Anjum","DR-204","EMDS Call","Road Crash","Bleeding","2026/04/23 12:30:13 PM","Rahim Yar Khan"
"282103","Yasir Ilyas","DR-893","EMDS Call","Medical Emergency","High Fever","2026/04/23 12:41:05 PM","Khanpur"
"282102","Nida Rahat","DR-1322","EMDS Call","Medical Emergency","Abdominal Pain","2026/04/23 12:41:45 PM","Rahim Yar Khan"
"282104","Imran Anjum","DR-204","EMDS Call","Medical Emergency","Anxiety / Psychiatric Disorder","2026/04/23 12:42:03 PM","Rahim Yar Khan"
"282105","Yasir Ilyas","DR-893","EMDS Call","Medical Emergency","Hypertension","2026/04/23 12:44:36 PM","Rahim Yar Khan"
"282106","Imran Anjum","DR-204","EMDS Call","Medical Emergency","High Fever","2026/04/23 12:50:27 PM","Khanpur"
"78142","Muhammad Abid","DR-874","Direct Call","Patient Transfer Service","N/A","2026/04/23 12:54:15 PM","Sadiqabad"
"78143","Muhammad Abid","DR-874","Direct Call","Patient Transfer Service","N/A","2026/04/23 12:58:27 PM","Sadiqabad"
"78144","Muhammad Abid","DR-874","Direct Call","Patient Transfer Service","N/A","2026/04/23 01:02:43 PM","Sadiqabad"
"282107","Nida Rahat","DR-1322","EMDS Call","Medical Emergency","Chest Pain","2026/04/23 01:25:06 PM","Rahim Yar Khan"
"282108","Yasir Ilyas","DR-893","EMDS Call","Medical Emergency","SOB/ Respiratory Distress","2026/04/23 01:25:15 PM","Sadiqabad"
"282109","Yasir Ilyas","DR-893","EMDS Call","Medical Emergency","SOB/ Respiratory Distress","2026/04/23 01:32:47 PM","Rahim Yar Khan"
"282110","Imran Anjum","DR-204","EMDS Call","Medical Emergency","Hypertension","2026/04/23 01:33:24 PM","Rahim Yar Khan"
"282112","Yasir Ilyas","DR-893","EMDS Call","Road Crash","Multiple Fractures","2026/04/23 01:38:50 PM","Rahim Yar Khan"
"282111","Nida Rahat","DR-1322","EMDS Call","Road Crash","Minor Injuries","2026/04/23 01:39:47 PM","Rahim Yar Khan"
"282113","Imran Anjum","DR-204","EMDS Call","Road Crash","Minor Injuries","2026/04/23 01:44:49 PM","Rahim Yar Khan"
"282114","Aasia Batool","MR-5198","EMDS Call","Rescue Operations","Scalds/Burn Due To Negligence","2026/04/23 01:52:45 PM","Khanpur"
"282115","Imran Anjum","DR-204","EMDS Call","Rescue Operations","Delivery Case","2026/04/23 01:56:37 PM","Sadiqabad"
"282116","Saima Bashir","MR-5819","EMDS Call","Medical Emergency","Headache","2026/04/23 01:58:20 PM","Sadiqabad"
"282117","Aasia Batool","MR-5198","EMDS Call","Medical Emergency","Vomiting","2026/04/23 02:01:14 PM","Rahim Yar Khan"
"282118","Imran Anjum","DR-204","EMDS Call","Medical Emergency","Abdominal Pain","2026/04/23 02:00:45 PM","Khanpur"
"282119","Saima Bashir","MR-5819","EMDS Call","Medical Emergency","Joints Pain","2026/04/23 02:06:57 PM","Rahim Yar Khan"
"282120","Saima Bashir","MR-5819","EMDS Call","Road Crash","Bleeding","2026/04/23 02:13:57 PM","Rahim Yar Khan"
"282122","Saima Bashir","MR-5819","EMDS Call","Road Crash","Minor Injuries","2026/04/23 02:17:03 PM","Sadiqabad"
"282121","Imran Anjum","DR-204","EMDS Call","Road Crash","Minor Injuries","2026/04/23 02:17:55 PM","Sadiqabad"
"282123","Aasia Batool","MR-5198","EMDS Call","Road Crash","Bleeding","2026/04/23 02:18:18 PM","Liaqatpur"
"282123","Aasia Batool","MR-5198","EMDS Call","Road Crash","Bleeding","2026/04/23 02:18:18 PM","Liaqatpur"
"282124","Saima Bashir","MR-5819","EMDS Call","Medical Emergency","Vertigo/ Dizziness","2026/04/23 02:21:11 PM","Rahim Yar Khan"
"282125","Imran Anjum","DR-204","EMDS Call","Medical Emergency","Anxiety / Psychiatric Disorder","2026/04/23 02:26:22 PM","Sadiqabad"
"282126","Imran Anjum","DR-204","EMDS Call","Road Crash","Bleeding","2026/04/23 02:30:36 PM","Rahim Yar Khan"
"282127","Saima Bashir","MR-5819","EMDS Call","Medical Emergency","Unconscious","2026/04/23 02:31:54 PM","Liaqatpur"
"282128","Rana M. Usman","DR-200","EMDS Call","Medical Emergency","Vertigo/ Dizziness","2026/04/23 02:42:06 PM","Rahim Yar Khan"
"282129","Aasia Batool","MR-5198","EMDS Call","Rescue Operations","Delivery Case","2026/04/23 02:43:58 PM","Rahim Yar Khan"
"282130","Saima Bashir","MR-5819","EMDS Call","Road Crash","Severe Trauma","2026/04/23 02:45:26 PM","Rahim Yar Khan"
"282131","Zupasha Zia","MR-5758","EMDS Call","Rescue Operations","Snake Emergency","2026/04/23 03:11:53 PM","Rahim Yar Khan"
"78145","Zupasha Zia","MR-5758","Direct Call","Patient Transfer Service","N/A","2026/04/23 03:31:47 PM","Khanpur"
"282132","Zupasha Zia","MR-5758","EMDS Call","Road Crash","Minor Injuries","2026/04/23 03:34:10 PM","Khanpur"
"78146","Zupasha Zia","MR-5758","Direct Call","Patient Transfer Service","N/A","2026/04/23 03:37:03 PM","Khanpur"
"282133","Rana M. Usman","DR-200","EMDS Call","Medical Emergency","High Fever","2026/04/23 03:39:39 PM","Rahim Yar Khan"
"282134","Muhammad Riaz","DR-654","EMDS Call","Medical Emergency","Epilepsy","2026/04/23 03:41:08 PM","Liaqatpur"
"282135","Rana M. Usman","DR-200","EMDS Call","Medical Emergency","Anxiety / Psychiatric Disorder","2026/04/23 03:42:52 PM","Rahim Yar Khan"
"282136","Muhammad Riaz","DR-654","EMDS Call","Medical Emergency","Hypertension","2026/04/23 03:46:23 PM","Rahim Yar Khan"
"282137","Bushra Saleem","MR-5701","EMDS Call","Crime","Probable Suicide","2026/04/23 03:45:19 PM","Liaqatpur"
"282138","Zupasha Zia","MR-5758","EMDS Call","Medical Emergency","Anxiety / Psychiatric Disorder","2026/04/23 03:47:54 PM","Sadiqabad"
"282139","Muhammad Riaz","DR-654","EMDS Call","Road Crash","Severe Trauma","2026/04/23 03:48:20 PM","Khanpur"
"Not Assigned","Zupasha Zia","MR-5758","Direct Call","High Raised Building Inspection","High Raised Building Inspection","2026/04/23 03:51:20 PM","Rahim Yar Khan"
"282141","Muhammad Riaz","DR-654","EMDS Call","Medical Emergency","Joints Pain","2026/04/23 03:51:47 PM","Rahim Yar Khan"
"282140","Zupasha Zia","MR-5758","EMDS Call","Medical Emergency","High Fever","2026/04/23 03:51:28 PM","Rahim Yar Khan"
"282142","Rana M. Usman","DR-200","EMDS Call","Medical Emergency","Blood In Vomit","2026/04/23 03:54:48 PM","Rahim Yar Khan"
"78147","Adil Iqbal","DR-782","EMDS Call","Patient Transfer Service","N/A","2026/04/23 04:12:46 PM","Rahim Yar Khan"
"78148","Shahla Nawaz","DR-185","Direct Call","Patient Transfer Service","N/A","2026/04/23 04:26:03 PM","Sadiqabad"
"282143","Zupasha Zia","MR-5758","EMDS Call","Medical Emergency","Hypertension","2026/04/23 04:26:13 PM","Rahim Yar Khan"
"282144","Adil Iqbal","DR-782","EMDS Call","Medical Emergency","Hypotension","2026/04/23 04:28:53 PM","Khanpur"
"282145","Bushra Saleem","MR-5701","EMDS Call","Road Crash","Bleeding","2026/04/23 04:29:31 PM","Rahim Yar Khan"
"282146","Bushra Saleem","MR-5701","EMDS Call","Medical Emergency","Hypertension","2026/04/23 04:36:34 PM","Liaqatpur"
"282147","Zupasha Zia","MR-5758","EMDS Call","Medical Emergency","SOB/ Respiratory Distress","2026/04/23 04:45:56 PM","Khanpur"
"282148","Shahla Nawaz","DR-185","EMDS Call","Medical Emergency","Anxiety / Psychiatric Disorder","2026/04/23 04:47:29 PM","Rahim Yar Khan"
"282150","Zupasha Zia","MR-5758","EMDS Call","Medical Emergency","Unconscious","2026/04/23 04:56:43 PM","Rahim Yar Khan"
"282149","Rana M. Usman","DR-200","EMDS Call","Rescue Operations","Deepwell Extrication","2026/04/23 04:57:56 PM","Khanpur"
"282151","Rana M. Usman","DR-200","EMDS Call","Medical Emergency","Hypertension","2026/04/23 05:03:13 PM","Sadiqabad"
"282152","Bushra Saleem","MR-5701","EMDS Call","Rescue Operations","Animal/Bird Rescue","2026/04/23 05:09:44 PM","Rahim Yar Khan"
"282153","Bushra Saleem","MR-5701","EMDS Call","Medical Emergency","Hypotension","2026/04/23 05:13:56 PM","Sadiqabad"
"78149","Zupasha Zia","MR-5758","Direct Call","Patient Transfer Service","N/A","2026/04/23 05:16:26 PM","Sadiqabad"
"282154","Zupasha Zia","MR-5758","EMDS Call","Road Crash","Minor Injuries","2026/04/23 05:23:38 PM","Rahim Yar Khan"
"282155","Bushra Saleem","MR-5701","EMDS Call","Medical Emergency","Anxiety / Psychiatric Disorder","2026/04/23 05:25:19 PM","Sadiqabad"
"282156","Rana M. Usman","DR-200","EMDS Call","Medical Emergency","Vomiting","2026/04/23 05:25:20 PM","Rahim Yar Khan"
"282157","Bushra Saleem","MR-5701","EMDS Call","Medical Emergency","Chronic Illness","2026/04/23 05:27:23 PM","Rahim Yar Khan"
"282158","Zupasha Zia","MR-5758","EMDS Call","Medical Emergency","Backache","2026/04/23 05:28:24 PM","Rahim Yar Khan"
"282159","Bushra Saleem","MR-5701","EMDS Call","Medical Emergency","Vomiting","2026/04/23 05:33:48 PM","Rahim Yar Khan"
"282160","Bushra Saleem","MR-5701","EMDS Call","Road Crash","Bleeding","2026/04/23 05:37:20 PM","Liaqatpur"
"282161","Zupasha Zia","MR-5758","EMDS Call","Medical Emergency","Anxiety / Psychiatric Disorder","2026/04/23 06:00:10 PM","Sadiqabad"
"282162","Rana M. Usman","DR-200","EMDS Call","Medical Emergency","Vertigo/ Dizziness","2026/04/23 06:05:31 PM","Rahim Yar Khan"
"282163","Muhammad Riaz","DR-654","EMDS Call","Medical Emergency","Domestic Injuries","2026/04/23 06:11:32 PM","Rahim Yar Khan"
"78150","Shahla Nawaz","DR-185","Direct Call","Patient Transfer Service","N/A","2026/04/23 06:20:01 PM","Khanpur"
"282164","Muhammad Riaz","DR-654","EMDS Call","Road Crash","Bleeding","2026/04/23 06:27:00 PM","Sadiqabad"
"282164","Muhammad Riaz","DR-654","EMDS Call","Road Crash","Bleeding","2026/04/23 06:27:00 PM","Sadiqabad"
"282165","Muhammad Riaz","DR-654","EMDS Call","Medical Emergency","Hypoglycemia","2026/04/23 06:36:35 PM","Sadiqabad"
"282166","Shahla Nawaz","DR-185","EMDS Call","Medical Emergency","Renal Disorders / Renal Colic ","2026/04/23 06:37:29 PM","Rahim Yar Khan"
"282167","Shahla Nawaz","DR-185","EMDS Call","Medical Emergency","Backache","2026/04/23 06:44:17 PM","Rahim Yar Khan"
"282168","Zupasha Zia","MR-5758","EMDS Call","Road Crash","Severe Trauma","2026/04/23 06:47:28 PM","Rahim Yar Khan"
"282170","Rana M. Usman","DR-200","EMDS Call","Medical Emergency","Renal Disorders / Renal Colic ","2026/04/23 07:05:32 PM","Rahim Yar Khan"
"282171","Zupasha Zia","MR-5758","EMDS Call","Rescue Operations","Animal/Bird Rescue","2026/04/23 07:05:48 PM","Sadiqabad"
"282169","Shahla Nawaz","DR-185","EMDS Call","Road Crash","Severe Trauma","2026/04/23 07:05:27 PM","Rahim Yar Khan"
"282172","Shahla Nawaz","DR-185","EMDS Call","Medical Emergency","High Fever","2026/04/23 07:10:40 PM","Sadiqabad"
"282173","Rana M. Usman","DR-200","EMDS Call","Medical Emergency","Anxiety / Psychiatric Disorder","2026/04/23 07:18:43 PM","Rahim Yar Khan"
"282174","Shahla Nawaz","DR-185","EMDS Call","Road Crash","Minor Injuries","2026/04/23 07:19:31 PM","Rahim Yar Khan"
"282175","Bushra Saleem","MR-5701","EMDS Call","Medical Emergency","Abdominal Pain","2026/04/23 07:20:38 PM","Rahim Yar Khan"
"282176","Shahla Nawaz","DR-185","EMDS Call","Medical Emergency","Vomiting","2026/04/23 07:22:40 PM","Rahim Yar Khan"
"282177","Rana M. Usman","DR-200","EMDS Call","Road Crash","Bleeding","2026/04/23 07:23:36 PM","Liaqatpur"
"282178","Bushra Saleem","MR-5701","EMDS Call","Road Crash","Minor Injuries","2026/04/23 07:25:36 PM","Rahim Yar Khan"
"282179","Shahla Nawaz","DR-185","EMDS Call","Medical Emergency","Vomiting","2026/04/23 07:26:37 PM","Rahim Yar Khan"
"282180","Bushra Saleem","MR-5701","EMDS Call","Road Crash","Multiple Fractures","2026/04/23 07:39:52 PM","Khanpur"
"282180","Bushra Saleem","MR-5701","EMDS Call","Road Crash","Multiple Fractures","2026/04/23 07:39:52 PM","Khanpur"
"282181","Zupasha Zia","MR-5758","EMDS Call","Rescue Operations","Delivery Case","2026/04/23 07:41:12 PM","Liaqatpur"
"282182","Rana M. Usman","DR-200","EMDS Call","Medical Emergency","Abdominal Pain","2026/04/23 07:42:07 PM","Sadiqabad"
"282183","Zupasha Zia","MR-5758","EMDS Call","Medical Emergency","High Fever","2026/04/23 07:56:10 PM","Sadiqabad"
"78151","Bushra Saleem","MR-5701","Direct Call","Patient Transfer Service","N/A","2026/04/23 07:58:30 PM","Sadiqabad"
"282184","Rana M. Usman","DR-200","EMDS Call","Medical Emergency","Joints Pain","2026/04/23 08:00:50 PM","Rahim Yar Khan"
"282185","Bushra Saleem","MR-5701","EMDS Call","Medical Emergency","Vertigo/ Dizziness","2026/04/23 08:01:08 PM","Rahim Yar Khan"
"78152","Bushra Saleem","MR-5701","Direct Call","Patient Transfer Service","N/A","2026/04/23 08:04:14 PM","Sadiqabad"
"78153","Zupasha Zia","MR-5758","Direct Call","Patient Transfer Service","N/A","2026/04/23 08:06:24 PM","Sadiqabad"
"282186","Rana M. Usman","DR-200","EMDS Call","Medical Emergency","High Fever","2026/04/23 08:12:37 PM","Sadiqabad"
"282187","Rana M. Usman","DR-200","EMDS Call","Medical Emergency","Hypoglycemia","2026/04/23 08:17:05 PM","Rahim Yar Khan"
"282188","Zupasha Zia","MR-5758","EMDS Call","Medical Emergency","Vomiting","2026/04/23 08:23:30 PM","Rahim Yar Khan"
"282189","Rana M. Usman","DR-200","EMDS Call","Medical Emergency","High Fever","2026/04/23 08:26:43 PM","Sadiqabad"
"282190","Bushra Saleem","MR-5701","EMDS Call","Medical Emergency","Diarrhea","2026/04/23 08:31:35 PM","Rahim Yar Khan"
"78154","Zupasha Zia","MR-5758","Direct Call","Patient Transfer Service","N/A","2026/04/23 08:47:57 PM","Sadiqabad"
"282191","Shahla Nawaz","DR-185","EMDS Call","Road Crash","Severe Trauma","2026/04/23 08:58:17 PM","Sadiqabad"
"282191","Shahla Nawaz","DR-185","EMDS Call","Road Crash","Severe Trauma","2026/04/23 08:58:17 PM","Sadiqabad"
"282192","Bushra Saleem","MR-5701","EMDS Call","Medical Emergency","Gynae Problem","2026/04/23 08:59:57 PM","Rahim Yar Khan"
"282193","Shahla Nawaz","DR-185","EMDS Call","Medical Emergency","Renal Disorders / Renal Colic ","2026/04/23 09:01:21 PM","Rahim Yar Khan"
"282194","Bushra Saleem","MR-5701","EMDS Call","Medical Emergency","SOB/ Respiratory Distress","2026/04/23 09:03:14 PM","Rahim Yar Khan"
"282195","Bushra Saleem","MR-5701","EMDS Call","Medical Emergency","Abdominal Pain","2026/04/23 09:10:15 PM","Sadiqabad"
"78155","Zupasha Zia","MR-5758","Direct Call","Patient Transfer Service","N/A","2026/04/23 09:17:20 PM","Khanpur"
"282197","Zupasha Zia","MR-5758","EMDS Call","Medical Emergency","Blood In Vomit","2026/04/23 09:17:59 PM","Khanpur"
"282198","Bushra Saleem","MR-5701","EMDS Call","Crime","Physical Assault/Violence","2026/04/23 09:17:18 PM","Rahim Yar Khan"
"282196","Shahla Nawaz","DR-185","EMDS Call","Fire","Others","2026/04/23 09:18:18 PM","Rahim Yar Khan"
"282199","Shahla Nawaz","DR-185","EMDS Call","Medical Emergency","Vertigo/ Dizziness","2026/04/23 09:28:05 PM","Rahim Yar Khan"
"282200","Zupasha Zia","MR-5758","EMDS Call","Medical Emergency","Anxiety / Psychiatric Disorder","2026/04/23 09:33:11 PM","Rahim Yar Khan"
"282201","Bushra Saleem","MR-5701","EMDS Call","Medical Emergency","Anxiety / Psychiatric Disorder","2026/04/23 09:38:26 PM","Sadiqabad"
"282202","Shahla Nawaz","DR-185","EMDS Call","Medical Emergency","Chest Pain","2026/04/23 09:37:20 PM","Rahim Yar Khan"
"282203","Bushra Saleem","MR-5701","EMDS Call","Medical Emergency","Abdominal Pain","2026/04/23 09:42:01 PM","Khanpur"
"282204","Zupasha Zia","MR-5758","EMDS Call","Medical Emergency","Abdominal Pain","2026/04/23 09:42:57 PM","Liaqatpur"
"282205","Shahla Nawaz","DR-185","EMDS Call","Medical Emergency","Vomiting","2026/04/23 09:44:33 PM","Liaqatpur"
"282206","Shahla Nawaz","DR-185","EMDS Call","Medical Emergency","Anxiety / Psychiatric Disorder","2026/04/23 09:54:40 PM","Rahim Yar Khan"
"282207","Bushra Saleem","MR-5701","EMDS Call","Road Crash","Minor Injuries","2026/04/23 10:02:27 PM","Rahim Yar Khan"
"282208","Maheen Tahir","MR-6017","EMDS Call","Medical Emergency","Gynae Problem","2026/04/23 10:07:29 PM","Sadiqabad"
"282209","Muhammad Zubair","DR-894","EMDS Call","Medical Emergency","High Fever","2026/04/23 10:08:49 PM","Sadiqabad"
"282210","Maheen Tahir","MR-6017","EMDS Call","Road Crash","Bleeding","2026/04/23 10:10:01 PM","Sadiqabad"
"282211","Maheen Tahir","MR-6017","EMDS Call","Medical Emergency","Vertigo/ Dizziness","2026/04/23 10:13:58 PM","Rahim Yar Khan"
"282212","Muhammad Zubair","DR-894","EMDS Call","Medical Emergency","Vomiting","2026/04/23 10:22:33 PM","Khanpur"
"282213","Muhammad Zubair","DR-894","EMDS Call","Medical Emergency","Anxiety / Psychiatric Disorder","2026/04/23 10:32:28 PM","Rahim Yar Khan"
"282214","Muhammad Zubair","DR-894","EMDS Call","Medical Emergency","Anxiety / Psychiatric Disorder","2026/04/23 10:36:40 PM","Rahim Yar Khan"
"282215","Farhad Iftikhar","DR-913","EMDS Call","Medical Emergency","Hypertension","2026/04/23 10:36:07 PM","Khanpur"
"282216","Maheen Tahir","MR-6017","EMDS Call","Crime","Probable Suicide","2026/04/23 10:38:03 PM","Rahim Yar Khan"
"282217","Farhad Iftikhar","DR-913","EMDS Call","Medical Emergency","SOB/ Respiratory Distress","2026/04/23 10:40:47 PM","Khanpur"
"78156","Maheen Tahir","MR-6017","Direct Call","Patient Transfer Service","N/A","2026/04/23 10:47:11 PM","Rahim Yar Khan"
"282219","Maheen Tahir","MR-6017","EMDS Call","Rescue Operations","Delivery Case","2026/04/23 10:57:48 PM","Sadiqabad"
"282218","Farhad Iftikhar","DR-913","EMDS Call","Medical Emergency","Vomiting","2026/04/23 10:57:46 PM","Rahim Yar Khan"
"78157","Muhammad Zubair","DR-894","Direct Call","Patient Transfer Service","N/A","2026/04/23 11:04:30 PM","Khanpur"
"282221","Maheen Tahir","MR-6017","Direct Call","Medical Emergency","Vomiting","2026/04/23 11:08:05 PM","Khanpur"
"282220","Farhad Iftikhar","DR-913","EMDS Call","Fire","Short Circuit","2026/04/23 11:07:57 PM","Rahim Yar Khan"
"282222","Muhammad Zubair","DR-894","Direct Call","Medical Emergency","Headache","2026/04/23 11:10:11 PM","Rahim Yar Khan"
"282223","Maheen Tahir","MR-6017","EMDS Call","Medical Emergency","SOB/ Respiratory Distress","2026/04/23 11:10:07 PM","Sadiqabad"
"282224","Farhad Iftikhar","DR-913","EMDS Call","Medical Emergency","Vertigo/ Dizziness","2026/04/23 11:11:53 PM","Sadiqabad"
"282225","Maheen Tahir","MR-6017","EMDS Call","Medical Emergency","Vertigo/ Dizziness","2026/04/23 11:27:11 PM","Rahim Yar Khan"
"282226","Maheen Tahir","MR-6017","EMDS Call","Medical Emergency","Vomiting","2026/04/23 11:38:30 PM","Sadiqabad"
"282227","Farhad Iftikhar","DR-913","EMDS Call","Medical Emergency","Joints Pain","2026/04/23 11:44:33 PM","Rahim Yar Khan"
"282228","Maheen Tahir","MR-6017","EMDS Call","Medical Emergency","Abdominal Pain","2026/04/23 11:47:45 PM","Rahim Yar Khan"
"282229","Maheen Tahir","MR-6017","EMDS Call","Medical Emergency","High Fever","2026/04/23 11:51:22 PM","Rahim Yar Khan"
"282230","Maheen Tahir","MR-6017","EMDS Call","Medical Emergency","Anxiety / Psychiatric Disorder","2026/04/23 11:58:51 PM","Rahim Yar Khan"
"282231","Maheen Tahir","MR-6017","EMDS Call","Medical Emergency","Abdominal Pain","2026/04/24 12:02:56 AM","Rahim Yar Khan"
"282232","Faiz Muhyy Ul Din","DR-892","EMDS Call","Medical Emergency","Abdominal Pain","2026/04/24 12:11:52 AM","Sadiqabad"
"282233","Faiz Muhyy Ul Din","DR-892","EMDS Call","Medical Emergency","Anxiety / Psychiatric Disorder","2026/04/24 12:23:35 AM","Khanpur"
"282234","Farhad Iftikhar","DR-913","EMDS Call","Medical Emergency","Hypertension","2026/04/24 12:26:05 AM","Rahim Yar Khan"
"282235","Maheen Tahir","MR-6017","EMDS Call","Medical Emergency","Abdominal Pain","2026/04/24 12:39:26 AM","Rahim Yar Khan"
"282236","Farhad Iftikhar","DR-913","EMDS Call","Medical Emergency","SOB/ Respiratory Distress","2026/04/24 12:45:54 AM","Rahim Yar Khan"
"282237","Faiz Muhyy Ul Din","DR-892","EMDS Call","Medical Emergency","Joints Pain","2026/04/24 12:47:04 AM","Rahim Yar Khan"
"282238","Farhad Iftikhar","DR-913","EMDS Call","Medical Emergency","Abdominal Pain","2026/04/24 12:50:06 AM","Rahim Yar Khan"
"282239","Faiz Muhyy Ul Din","DR-892","EMDS Call","Medical Emergency","Headache","2026/04/24 12:58:14 AM","Khanpur"
"282240","Farhad Iftikhar","DR-913","EMDS Call","Medical Emergency","Hypertension","2026/04/24 01:00:09 AM","Rahim Yar Khan"
"282241","Maheen Tahir","MR-6017","EMDS Call","Medical Emergency","Vertigo/ Dizziness","2026/04/24 01:08:14 AM","Rahim Yar Khan"
"282242","Faiz Muhyy Ul Din","DR-892","EMDS Call","Medical Emergency","Vomiting","2026/04/24 01:16:06 AM","Rahim Yar Khan"
"282243","Faiz Muhyy Ul Din","DR-892","EMDS Call","Medical Emergency","SOB/ Respiratory Distress","2026/04/24 01:24:52 AM","Rahim Yar Khan"
"282244","Farhad Iftikhar","DR-913","EMDS Call","Medical Emergency","SOB/ Respiratory Distress","2026/04/24 01:34:15 AM","Rahim Yar Khan"
"282245","Maheen Tahir","MR-6017","EMDS Call","Medical Emergency","Urinary Retention","2026/04/24 01:57:17 AM","Khanpur"
"282246","Faiz Muhyy Ul Din","DR-892","EMDS Call","Medical Emergency","Abdominal Pain","2026/04/24 01:57:46 AM","Sadiqabad"
"282247","Faiz Muhyy Ul Din","DR-892","EMDS Call","Medical Emergency","Abdominal Pain","2026/04/24 02:32:23 AM","Rahim Yar Khan"
"282248","Farhad Iftikhar","DR-913","EMDS Call","Crime","Drug/Doping/Poisoning","2026/04/24 02:39:44 AM","Liaqatpur"
"282249","Maheen Tahir","MR-6017","EMDS Call","Medical Emergency","High Fever","2026/04/24 02:48:39 AM","Sadiqabad"
"282250","Faiz Muhyy Ul Din","DR-892","EMDS Call","Medical Emergency","Abdominal Pain","2026/04/24 02:50:53 AM","Rahim Yar Khan"
"282251","Farhad Iftikhar","DR-913","EMDS Call","Road Crash","Severe Trauma","2026/04/24 03:00:45 AM","Khanpur"
"282252","Maheen Tahir","MR-6017","EMDS Call","Medical Emergency","Vomiting","2026/04/24 03:05:30 AM","Sadiqabad"
"282253","Faiz Muhyy Ul Din","DR-892","EMDS Call","Medical Emergency","High Fever","2026/04/24 03:08:39 AM","Rahim Yar Khan"
"282254","Muhammad Zubair","DR-894","EMDS Call","Medical Emergency","Hypertension","2026/04/24 03:12:03 AM","Rahim Yar Khan"
"282255","Muhammad Zubair","DR-894","EMDS Call","Medical Emergency","Abdominal Pain","2026/04/24 03:17:32 AM","Khanpur"
"282256","Muhammad Zubair","DR-894","EMDS Call","Medical Emergency","High Fever","2026/04/24 03:34:26 AM","Sadiqabad"
"282257","Saira Bibi","MR-5494","EMDS Call","Medical Emergency","Abdominal Pain","2026/04/24 03:43:16 AM","Rahim Yar Khan"
"282258","Shaheen Islam","DR-1171","EMDS Call","Medical Emergency","Hypertension","2026/04/24 03:44:28 AM","Rahim Yar Khan"
"282259","Muhammad Zubair","DR-894","EMDS Call","Medical Emergency","Chest Pain","2026/04/24 03:48:15 AM","Sadiqabad"
"282260","Muhammad Zubair","DR-894","EMDS Call","Medical Emergency","Vomiting","2026/04/24 03:53:35 AM","Sadiqabad"
"282261","Saira Bibi","MR-5494","EMDS Call","Medical Emergency","SOB/ Respiratory Distress","2026/04/24 04:17:38 AM","Rahim Yar Khan"
"282262","Shaheen Islam","DR-1171","EMDS Call","Road Crash","Severe Trauma","2026/04/24 04:29:46 AM","Sadiqabad"
"282263","Saira Bibi","MR-5494","EMDS Call","Medical Emergency","Vertigo/ Dizziness","2026/04/24 04:48:39 AM","Khanpur"
"282264","Shaheen Islam","DR-1171","EMDS Call","Medical Emergency","High Fever","2026/04/24 04:52:28 AM","Khanpur"
"78158","Shaheen Islam","DR-1171","Direct Call","Patient Transfer Service","N/A","2026/04/24 04:58:44 AM","Khanpur"
"282265","Muhammad Zubair","DR-894","EMDS Call","Rescue Operations","Delivery Case","2026/04/24 05:13:46 AM","Rahim Yar Khan"
"282266","Saira Bibi","MR-5494","EMDS Call","Medical Emergency","Renal Disorders / Renal Colic ","2026/04/24 06:00:16 AM","Rahim Yar Khan"
"78159","Shaheen Islam","DR-1171","Direct Call","Patient Transfer Service","N/A","2026/04/24 06:13:36 AM","Sadiqabad"
"282267","Saira Bibi","MR-5494","EMDS Call","Medical Emergency","Unconscious","2026/04/24 06:18:22 AM","Khanpur"
"282268","Saira Bibi","MR-5494","EMDS Call","Rescue Operations","Delivery Case","2026/04/24 06:58:47 AM","Rahim Yar Khan"
"282269","Sheeza Barkat","MR-5331","EMDS Call","Medical Emergency","Chronic Illness","2026/04/24 07:10:10 AM","Rahim Yar Khan"
"282270","Saima Bashir","MR-5819","EMDS Call","Medical Emergency","Epilepsy","2026/04/24 07:17:07 AM","Rahim Yar Khan"
"282271","Saima Bashir","MR-5819","EMDS Call","Medical Emergency","Domestic Injuries","2026/04/24 07:22:40 AM","Rahim Yar Khan"
"282272","Saima Bashir","MR-5819","EMDS Call","Medical Emergency","Joints Pain","2026/04/24 07:26:23 AM","Sadiqabad"
"282273","Saima Bashir","MR-5819","EMDS Call","Medical Emergency","Chronic Illness","2026/04/24 07:37:32 AM","Liaqatpur"
"282274","Zia ul Haq","DR-328","EMDS Call","Rescue Operations","Delivery Case","2026/04/24 07:39:24 AM","Khanpur"
"282275","Saima Bashir","MR-5819","EMDS Call","Medical Emergency","SOB/ Respiratory Distress","2026/04/24 07:58:34 AM","Rahim Yar Khan"
"282276","Muhammad ALi","DR-818","EMDS Call","Rescue Operations","Scalds/Burn Due To Negligence","2026/04/24 08:02:30 AM","Sadiqabad"
"282277","Zupasha Zia","MR-5758","EMDS Call","Medical Emergency","Domestic Injuries","2026/04/24 08:05:08 AM","Rahim Yar Khan"
"282278","Saima Bashir","MR-5819","EMDS Call","Medical Emergency","Vomiting","2026/04/24 08:06:32 AM","Rahim Yar Khan"
"282279","Muhammad ALi","DR-818","EMDS Call","Medical Emergency","Joints Pain","2026/04/24 08:11:16 AM","Rahim Yar Khan"
"282280","Muhammad ALi","DR-818","EMDS Call","Medical Emergency","Domestic Injuries","2026/04/24 08:21:26 AM","Rahim Yar Khan"
"282281","Zupasha Zia","MR-5758","EMDS Call","Medical Emergency","Vertigo/ Dizziness","2026/04/24 08:31:13 AM","Rahim Yar Khan"
"282282","Saima Bashir","MR-5819","EMDS Call","Medical Emergency","Joints Pain","2026/04/24 08:33:14 AM","Sadiqabad"
"282283","Muhammad ALi","DR-818","EMDS Call","Medical Emergency","Unconscious","2026/04/24 08:36:19 AM","Khanpur"
"282284","Zupasha Zia","MR-5758","EMDS Call","Road Crash","Severe Trauma","2026/04/24 08:46:23 AM","Khanpur"
"282284","Zupasha Zia","MR-5758","EMDS Call","Road Crash","Severe Trauma","2026/04/24 08:46:23 AM","Khanpur"
"282285","Muhammad ALi","DR-818","EMDS Call","Rescue Operations","Work/Occupational Injuries","2026/04/24 08:49:50 AM","Rahim Yar Khan"
"282286","Zia ul Haq","DR-328","EMDS Call","Road Crash","Bleeding","2026/04/24 08:51:18 AM","Khanpur"
"282287","Muhammad ALi","DR-818","EMDS Call","Road Crash","Severe Trauma","2026/04/24 08:52:26 AM","Rahim Yar Khan"
"282288","Muhammad ALi","DR-818","EMDS Call","Road Crash","Minor Injuries","2026/04/24 08:59:02 AM","Sadiqabad"
"282289","Adil Iqbal","DR-782","EMDS Call","Medical Emergency","Chest Pain","2026/04/24 08:59:32 AM","Sadiqabad"
"282290","Zia ul Haq","DR-328","EMDS Call","Medical Emergency","Abdominal Pain","2026/04/24 09:05:19 AM","Rahim Yar Khan"
"282291","Zia ul Haq","DR-328","EMDS Call","Medical Emergency","Anxiety / Psychiatric Disorder","2026/04/24 09:07:51 AM","Khanpur"
"282292","Muhammad ALi","DR-818","EMDS Call","Medical Emergency","Abdominal Pain","2026/04/24 09:11:05 AM","Rahim Yar Khan"
"282293","Adnan Shabbir","DR-205","EMDS Call","Road Crash","Minor Injuries","2026/04/24 09:21:05 AM","Sadiqabad"
"282293","Adnan Shabbir","DR-205","EMDS Call","Road Crash","Minor Injuries","2026/04/24 09:21:05 AM","Sadiqabad"
"282294","Zia ul Haq","DR-328","EMDS Call","Road Crash","Bleeding","2026/04/24 09:21:28 AM","Sadiqabad"
"282295","Muhammad ALi","DR-818","EMDS Call","Medical Emergency","Diarrhea","2026/04/24 09:25:34 AM","Khanpur"
"282296","Adnan Shabbir","DR-205","EMDS Call","Medical Emergency","Hypertension","2026/04/24 09:25:58 AM","Rahim Yar Khan"
"282297","Zia ul Haq","DR-328","EMDS Call","Medical Emergency","Anxiety / Psychiatric Disorder","2026/04/24 09:25:03 AM","Liaqatpur"
"282299","Adnan Shabbir","DR-205","EMDS Call","Medical Emergency","Urinary Retention","2026/04/24 09:31:49 AM","Khanpur"
"282298","Zia ul Haq","DR-328","EMDS Call","Fire","Others","2026/04/24 09:30:48 AM","Sadiqabad"
"282300","Adnan Shabbir","DR-205","EMDS Call","Medical Emergency","Vomiting","2026/04/24 09:36:29 AM","Khanpur"
"282301","Adnan Shabbir","DR-205","EMDS Call","Medical Emergency","Vertigo/ Dizziness","2026/04/24 09:39:44 AM","Rahim Yar Khan"
"78160","Muhammad Abid","DR-874","Direct Call","Patient Transfer Service","N/A","2026/04/24 09:40:20 AM","Sadiqabad"
"282302","Zia ul Haq","DR-328","EMDS Call","Road Crash","Minor Injuries","2026/04/24 09:41:47 AM","Rahim Yar Khan"
"78161","Adnan Shabbir","DR-205","Direct Call","Patient Transfer Service","N/A","2026/04/24 09:46:52 AM","Khanpur"
"282303","Muhammad Abid","DR-874","EMDS Call","Medical Emergency","Abdominal Pain","2026/04/24 09:47:46 AM","Rahim Yar Khan"
"282304","Adnan Shabbir","DR-205","EMDS Call","Medical Emergency","Chest Pain","2026/04/24 09:49:14 AM","Liaqatpur"
"282305","Muhammad ALi","DR-818","EMDS Call","Road Crash","Bleeding","2026/04/24 09:50:33 AM","Sadiqabad"
"282306","Adnan Shabbir","DR-205","EMDS Call","Medical Emergency","Hypertension","2026/04/24 09:55:00 AM","Sadiqabad"
"282307","Zia ul Haq","DR-328","EMDS Call","Medical Emergency","Chest Pain","2026/04/24 09:56:22 AM","Rahim Yar Khan"
"282308","Zia ul Haq","DR-328","EMDS Call","Road Crash","Minor Injuries","2026/04/24 10:01:07 AM","Sadiqabad"
"282309","Muhammad ALi","DR-818","EMDS Call","Medical Emergency","Anxiety / Psychiatric Disorder","2026/04/24 10:05:32 AM","Rahim Yar Khan"
"282310","Adnan Shabbir","DR-205","EMDS Call","Medical Emergency","Hyperglycemia","2026/04/24 10:07:48 AM","Sadiqabad"
"282311","Zia ul Haq","DR-328","EMDS Call","Medical Emergency","Hypoglycemia","2026/04/24 10:09:17 AM","Khanpur"
"282312","Adnan Shabbir","DR-205","EMDS Call","Medical Emergency","Epilepsy","2026/04/24 10:15:54 AM","Khanpur"
"282313","Mureed Abbas","DR-900","EMDS Call","Medical Emergency","Vomiting","2026/04/24 10:25:57 AM","Khanpur"
"282314","Adnan Shabbir","DR-205","EMDS Call","Medical Emergency","Anxiety / Psychiatric Disorder","2026/04/24 10:28:11 AM","Rahim Yar Khan"
"282315","Muhammad ALi","DR-818","EMDS Call","Medical Emergency","SOB/ Respiratory Distress","2026/04/24 10:30:21 AM","Rahim Yar Khan"
"282316","Yasir Ilyas","DR-893","EMDS Call","Medical Emergency","Joints Pain","2026/04/24 10:32:54 AM","Rahim Yar Khan"
"282317","Mureed Abbas","DR-900","EMDS Call","Rescue Operations","Snake Emergency","2026/04/24 10:34:21 AM","Rahim Yar Khan"
"282318","Muhammad ALi","DR-818","EMDS Call","Medical Emergency","Vertigo/ Dizziness","2026/04/24 10:35:12 AM","Sadiqabad"
"282319","Mureed Abbas","DR-900","EMDS Call","Medical Emergency","Vomiting","2026/04/24 10:37:55 AM","Sadiqabad"
"282320","Muhammad ALi","DR-818","EMDS Call","Medical Emergency","Vomiting","2026/04/24 10:42:31 AM","Rahim Yar Khan"
"282321","Adnan Shabbir","DR-205","EMDS Call","Medical Emergency","High Fever","2026/04/24 10:46:25 AM","Rahim Yar Khan"
"282323","Muhammad ALi","DR-818","EMDS Call","Medical Emergency","Chest Pain","2026/04/24 10:46:05 AM","Khanpur"
"282322","Yasir Ilyas","DR-893","EMDS Call","Medical Emergency","Anxiety / Psychiatric Disorder","2026/04/24 10:45:32 AM","Rahim Yar Khan"
"282324","Muhammad ALi","DR-818","EMDS Call","Crime","Physical Assault/Violence","2026/04/24 10:52:15 AM","Rahim Yar Khan"
"282324","Muhammad ALi","DR-818","EMDS Call","Crime","Physical Assault/Violence","2026/04/24 10:52:15 AM","Rahim Yar Khan"
"282324","Muhammad ALi","DR-818","EMDS Call","Crime","Physical Assault/Violence","2026/04/24 10:52:15 AM","Rahim Yar Khan"
"282325","Adnan Shabbir","DR-205","EMDS Call","Medical Emergency","Anxiety / Psychiatric Disorder","2026/04/24 10:56:41 AM","Sadiqabad"
"282327","Adnan Shabbir","DR-205","EMDS Call","Medical Emergency","High Fever","2026/04/24 10:59:57 AM","Rahim Yar Khan"
"282326","Muhammad ALi","DR-818","EMDS Call","Road Crash","Severe Trauma","2026/04/24 10:59:38 AM","Sadiqabad"
"282326","Muhammad ALi","DR-818","EMDS Call","Road Crash","Severe Trauma","2026/04/24 10:59:38 AM","Sadiqabad"
"282326","Muhammad ALi","DR-818","EMDS Call","Road Crash","Severe Trauma","2026/04/24 10:59:38 AM","Sadiqabad"
"78162","Mureed Abbas","DR-900","Direct Call","Patient Transfer Service","N/A","2026/04/24 11:01:08 AM","Liaqatpur"
"282328","Yasir Ilyas","DR-893","EMDS Call","Medical Emergency","Hyperglycemia","2026/04/24 11:05:01 AM","Sadiqabad"
"78163","Mureed Abbas","DR-900","Direct Call","Patient Transfer Service","N/A","2026/04/24 11:07:42 AM","Khanpur"
"282329","Adnan Shabbir","DR-205","EMDS Call","Road Crash","Minor Injuries","2026/04/24 11:07:30 AM","Rahim Yar Khan"
"282330","Yasir Ilyas","DR-893","EMDS Call","Medical Emergency","Hypertension","2026/04/24 11:08:04 AM","Liaqatpur"
"282331","Mureed Abbas","DR-900","EMDS Call","Medical Emergency","Anxiety / Psychiatric Disorder","2026/04/24 11:21:11 AM","Sadiqabad"
"282332","Yasir Ilyas","DR-893","EMDS Call","Medical Emergency","Chest Pain","2026/04/24 11:22:46 AM","Rahim Yar Khan"
"282333","Mureed Abbas","DR-900","EMDS Call","Rescue Operations","Animal/Bird Rescue","2026/04/24 11:32:18 AM","Liaqatpur"
"282334","Saima Bashir","MR-5819","EMDS Call","Medical Emergency","SOB/ Respiratory Distress","2026/04/24 11:40:48 AM","Sadiqabad"
"282335","Muhammad ALi","DR-818","EMDS Call","Medical Emergency","Chronic Illness","2026/04/24 11:41:52 AM","Khanpur"
"282336","Mureed Abbas","DR-900","EMDS Call","Road Crash","Minor Injuries","2026/04/24 11:45:21 AM","Rahim Yar Khan"
"282337","Saima Bashir","MR-5819","EMDS Call","Medical Emergency","Abdominal Pain","2026/04/24 11:48:10 AM","Rahim Yar Khan"
"282338","Mureed Abbas","DR-900","EMDS Call","Medical Emergency","Abdominal Pain","2026/04/24 11:49:36 AM","Sadiqabad"
"282339","Saima Bashir","MR-5819","EMDS Call","Medical Emergency","SOB/ Respiratory Distress","2026/04/24 11:52:15 AM","Rahim Yar Khan"
"282340","Saima Bashir","MR-5819","EMDS Call","Fire","Others","2026/04/24 12:15:42 PM","Liaqatpur"
"282341","Mureed Abbas","DR-900","EMDS Call","Medical Emergency","Chronic Illness","2026/04/24 12:19:17 PM","Rahim Yar Khan"
"282343","Muhammad ALi","DR-818","EMDS Call","Rescue Operations","Animal/Bird Rescue","2026/04/24 12:27:26 PM","Sadiqabad"
"282342","Saima Bashir","MR-5819","EMDS Call","Road Crash","Bleeding","2026/04/24 12:28:02 PM","Rahim Yar Khan"
"78164","Mureed Abbas","DR-900","Direct Call","Patient Transfer Service","N/A","2026/04/24 12:33:46 PM","Sadiqabad"
"282344","Muhammad ALi","DR-818","EMDS Call","Medical Emergency","SOB/ Respiratory Distress","2026/04/24 12:31:21 PM","Rahim Yar Khan"
"282345","Muhammad ALi","DR-818","EMDS Call","Medical Emergency","Hypertension","2026/04/24 12:37:50 PM","Rahim Yar Khan"
"282346","Mureed Abbas","DR-900","EMDS Call","Road Crash","Minor Injuries","2026/04/24 12:40:59 PM","Rahim Yar Khan"
"282347","Saima Bashir","MR-5819","EMDS Call","Fire","Others","2026/04/24 12:43:56 PM","Khanpur"
"282348","Mureed Abbas","DR-900","EMDS Call","Medical Emergency","Domestic Injuries","2026/04/24 12:46:01 PM","Rahim Yar Khan"
"282349","Muhammad ALi","DR-818","EMDS Call","Medical Emergency","Hypertension","2026/04/24 12:54:14 PM","Rahim Yar Khan"
"282350","Sheeza Barkat","MR-5331","EMDS Call","Medical Emergency","Vertigo/ Dizziness","2026/04/24 12:56:48 PM","Rahim Yar Khan"
"282351","Saima Bashir","MR-5819","EMDS Call","Rescue Operations","Delivery Case","2026/04/24 01:01:00 PM","Rahim Yar Khan"
"282352","Mureed Abbas","DR-900","EMDS Call","Medical Emergency","Vomiting","2026/04/24 01:12:50 PM","Sadiqabad"
"282353","Sheeza Barkat","MR-5331","EMDS Call","Medical Emergency","Unconscious","2026/04/24 01:17:28 PM","Sadiqabad"
"282356","Saima Bashir","MR-5819","EMDS Call","Road Crash","Minor Injuries","2026/04/24 01:20:35 PM","Liaqatpur"
"282354","Sheeza Barkat","MR-5331","EMDS Call","Medical Emergency","Vomiting","2026/04/24 01:21:19 PM","Khanpur"
"78165","Aasia Batool","MR-5198","Direct Call","Patient Transfer Service","N/A","2026/04/24 01:23:12 PM","Sadiqabad"
"282355","Saima Bashir","MR-5819","EMDS Call","Medical Emergency","Domestic Injuries","2026/04/24 01:24:20 PM","Sadiqabad"
"282357","Saima Bashir","MR-5819","EMDS Call","Medical Emergency","Hypertension","2026/04/24 01:33:28 PM","Rahim Yar Khan"
"282359","Saima Bashir","MR-5819","EMDS Call","Road Crash","Bleeding","2026/04/24 01:43:25 PM","Rahim Yar Khan"
"282358","Aasia Batool","MR-5198","EMDS Call","Medical Emergency","Anxiety / Psychiatric Disorder","2026/04/24 01:45:12 PM","Sadiqabad"
"282360","Sheeza Barkat","MR-5331","EMDS Call","Fire","Others","2026/04/24 01:51:29 PM","Rahim Yar Khan"
"282361","Saima Bashir","MR-5819","EMDS Call","Medical Emergency","Abdominal Pain","2026/04/24 02:00:59 PM","Rahim Yar Khan"
"282362","Aasia Batool","MR-5198","EMDS Call","Medical Emergency","Vomiting","2026/04/24 02:11:04 PM","Rahim Yar Khan"
"78166","Zupasha Zia","MR-5758","Direct Call","Patient Transfer Service","N/A","2026/04/24 02:12:00 PM","Khanpur"
"282363","Sheeza Barkat","MR-5331","EMDS Call","Medical Emergency","Vomiting","2026/04/24 02:17:27 PM","Rahim Yar Khan"
"282364","Saima Bashir","MR-5819","EMDS Call","Medical Emergency","Vertigo/ Dizziness","2026/04/24 02:17:56 PM","Rahim Yar Khan"
"282365","Saima Bashir","MR-5819","EMDS Call","Fire","Others","2026/04/24 02:23:57 PM","Khanpur"
"282366","Aasia Batool","MR-5198","EMDS Call","Medical Emergency","Hypoglycemia","2026/04/24 02:24:30 PM","Rahim Yar Khan"
"282367","Zupasha Zia","MR-5758","EMDS Call","Medical Emergency","Vomiting","2026/04/24 02:24:44 PM","Rahim Yar Khan"
"282368","Sheeza Barkat","MR-5331","EMDS Call","Medical Emergency","Unconscious","2026/04/24 02:26:18 PM","Khanpur"
"282369","Zupasha Zia","MR-5758","EMDS Call","Medical Emergency","Vomiting","2026/04/24 02:32:08 PM","Rahim Yar Khan"
"282370","Aasia Batool","MR-5198","EMDS Call","Medical Emergency","Gynae Problem","2026/04/24 02:35:34 PM","Khanpur"
"282371","Aasia Batool","MR-5198","EMDS Call","Road Crash","Minor Injuries","2026/04/24 02:42:26 PM","Sadiqabad"
"282372","Aasia Batool","MR-5198","EMDS Call","Medical Emergency","SOB/ Respiratory Distress","2026/04/24 02:48:48 PM","Khanpur"
"282373","Mureed Abbas","DR-900","EMDS Call","Road Crash","Bleeding","2026/04/24 02:59:52 PM","Rahim Yar Khan"
"282374","Bushra Saleem","MR-5701","EMDS Call","Medical Emergency","Vomiting","2026/04/24 03:01:29 PM","Rahim Yar Khan"
"282375","Mureed Abbas","DR-900","EMDS Call","Medical Emergency","Chronic Illness","2026/04/24 03:04:09 PM","Rahim Yar Khan"
"78167","Rana M. Usman","DR-200","Direct Call","Patient Transfer Service","N/A","2026/04/24 03:14:48 PM","Sadiqabad"
"282376","Nida Rahat","DR-1322","EMDS Call","Road Crash","Bleeding","2026/04/24 03:17:37 PM","Rahim Yar Khan"
"282377","Bushra Saleem","MR-5701","EMDS Call","Medical Emergency","Hypotension","2026/04/24 03:17:49 PM","Rahim Yar Khan"
"282378","Nida Rahat","DR-1322","EMDS Call","Medical Emergency","Vertigo/ Dizziness","2026/04/24 03:21:29 PM","Sadiqabad"
"282379","Rana M. Usman","DR-200","EMDS Call","Medical Emergency","High Fever","2026/04/24 03:23:41 PM","Rahim Yar Khan"
"78168","Bushra Saleem","MR-5701","Direct Call","Patient Transfer Service","N/A","2026/04/24 03:26:06 PM","Sadiqabad"
"282380","Bushra Saleem","MR-5701","EMDS Call","Medical Emergency","Joints Pain","2026/04/24 03:26:22 PM","Khanpur"
"282381","Rana M. Usman","DR-200","EMDS Call","Medical Emergency","Anxiety / Psychiatric Disorder","2026/04/24 03:28:27 PM","Rahim Yar Khan"
"282382","Mureed Abbas","DR-900","EMDS Call","Medical Emergency","Chest Pain","2026/04/24 03:30:34 PM","Liaqatpur"
"282383","Rana M. Usman","DR-200","EMDS Call","Road Crash","Bleeding","2026/04/24 03:33:43 PM","Sadiqabad"
"282384","Mureed Abbas","DR-900","EMDS Call","Medical Emergency","Anxiety / Psychiatric Disorder","2026/04/24 03:40:34 PM","Sadiqabad"
"282385","Bushra Saleem","MR-5701","EMDS Call","Medical Emergency","Diarrhea","2026/04/24 03:40:47 PM","Rahim Yar Khan"
"282386","Nida Rahat","DR-1322","EMDS Call","Medical Emergency","SOB/ Respiratory Distress","2026/04/24 03:47:58 PM","Rahim Yar Khan"
"282387","Bushra Saleem","MR-5701","EMDS Call","Medical Emergency","Anxiety / Psychiatric Disorder","2026/04/24 03:47:43 PM","Rahim Yar Khan"
"282388","Nida Rahat","DR-1322","EMDS Call","Road Crash","Bleeding","2026/04/24 03:52:07 PM","Rahim Yar Khan"
"282388","Nida Rahat","DR-1322","EMDS Call","Road Crash","Bleeding","2026/04/24 03:52:07 PM","Rahim Yar Khan"
"282392","Bushra Saleem","MR-5701","EMDS Call","Medical Emergency","Anxiety / Psychiatric Disorder","2026/04/24 03:56:54 PM","Rahim Yar Khan"
"282389","Nida Rahat","DR-1322","EMDS Call","Medical Emergency","Anxiety / Psychiatric Disorder","2026/04/24 03:59:27 PM","Rahim Yar Khan"
"282390","Rana M. Usman","DR-200","EMDS Call","Medical Emergency","SOB/ Respiratory Distress","2026/04/24 03:58:15 PM","Liaqatpur"
"282391","Bushra Saleem","MR-5701","EMDS Call","Medical Emergency","Anxiety / Psychiatric Disorder","2026/04/24 04:01:48 PM","Rahim Yar Khan"
"282393","Bushra Saleem","MR-5701","EMDS Call","Medical Emergency","Vertigo/ Dizziness","2026/04/24 04:24:44 PM","Rahim Yar Khan"
"282394","Rana M. Usman","DR-200","EMDS Call","Medical Emergency","High Fever","2026/04/24 04:27:02 PM","Rahim Yar Khan"
"282395","Nida Rahat","DR-1322","EMDS Call","Road Crash","Bleeding","2026/04/24 04:30:53 PM","Sadiqabad"
"282396","Nida Rahat","DR-1322","EMDS Call","Fire","Others","2026/04/24 04:34:34 PM","Rahim Yar Khan"
"282397","Bushra Saleem","MR-5701","EMDS Call","Medical Emergency","Joints Pain","2026/04/24 04:34:13 PM","Khanpur"
"282398","Muhammad Rashid Saleem","DR-187","EMDS Call","Road Crash","Bleeding","2026/04/24 04:37:11 PM","Rahim Yar Khan"
"282399","Bushra Saleem","MR-5701","EMDS Call","Road Crash","Bleeding","2026/04/24 04:48:02 PM","Rahim Yar Khan"
"282400","Nida Rahat","DR-1322","EMDS Call","Medical Emergency","High Fever","2026/04/24 04:49:47 PM","Rahim Yar Khan"
"282401","Muhammad Rashid Saleem","DR-187","EMDS Call","Road Crash","Minor Injuries","2026/04/24 04:50:22 PM","Rahim Yar Khan"
"282402","Nida Rahat","DR-1322","EMDS Call","Road Crash","Bleeding","2026/04/24 04:52:24 PM","Rahim Yar Khan"
"282403","Shahla Nawaz","DR-185","EMDS Call","Road Crash","Minor Injuries","2026/04/24 04:54:54 PM","Sadiqabad"
"282404","Muhammad Rashid Saleem","DR-187","EMDS Call","Medical Emergency","Abdominal Pain","2026/04/24 04:56:30 PM","Sadiqabad"
"282405","Rana M. Usman","DR-200","EMDS Call","Road Crash","Minor Injuries","2026/04/24 05:05:53 PM","Rahim Yar Khan"
"282408","Bushra Saleem","MR-5701","EMDS Call","Medical Emergency","Hypertension","2026/04/24 05:06:57 PM","Rahim Yar Khan"
"282406","Bushra Saleem","MR-5701","EMDS Call","Medical Emergency","Hyperglycemia","2026/04/24 05:10:07 PM","Sadiqabad"
"282407","Muhammad Rashid Saleem","DR-187","EMDS Call","Medical Emergency","Anxiety / Psychiatric Disorder","2026/04/24 05:09:52 PM","Sadiqabad"
"282409","Rana M. Usman","DR-200","EMDS Call","Road Crash","Minor Injuries","2026/04/24 05:14:00 PM","Rahim Yar Khan"
"78169","Bushra Saleem","MR-5701","Direct Call","Patient Transfer Service","N/A","2026/04/24 05:22:44 PM","Sadiqabad"
"282410","Bushra Saleem","MR-5701","EMDS Call","Medical Emergency","Hypotension","2026/04/24 05:25:09 PM","Sadiqabad"
"282411","Rana M. Usman","DR-200","EMDS Call","Medical Emergency","Chronic Illness","2026/04/24 05:29:16 PM","Khanpur"
"282414","Bushra Saleem","MR-5701","EMDS Call","Medical Emergency","Chronic Illness","2026/04/24 05:29:50 PM","Rahim Yar Khan"
"282412","Shahla Nawaz","DR-185","EMDS Call","Medical Emergency","SOB/ Respiratory Distress","2026/04/24 05:34:19 PM","Liaqatpur"
"282413","Rana M. Usman","DR-200","EMDS Call","Road Crash","Severe Trauma","2026/04/24 05:35:21 PM","Khanpur"
"282413","Rana M. Usman","DR-200","EMDS Call","Road Crash","Severe Trauma","2026/04/24 05:35:21 PM","Khanpur"
"282415","Rana M. Usman","DR-200","EMDS Call","Road Crash","Bleeding","2026/04/24 05:41:26 PM","Rahim Yar Khan"
"78170","Nida Rahat","DR-1322","Direct Call","Patient Transfer Service","N/A","2026/04/24 05:43:26 PM","Liaqatpur"
"282416","Muhammad Rashid Saleem","DR-187","EMDS Call","Road Crash","Severe Trauma","2026/04/24 05:44:41 PM","Khanpur"
"282416","Muhammad Rashid Saleem","DR-187","EMDS Call","Road Crash","Severe Trauma","2026/04/24 05:44:41 PM","Khanpur"
"78171","Nida Rahat","DR-1322","Direct Call","Patient Transfer Service","N/A","2026/04/24 05:46:34 PM","Liaqatpur"
"78172","Rana M. Usman","DR-200","Direct Call","Patient Transfer Service","N/A","2026/04/24 05:46:27 PM","Khanpur"
"282417","Rana M. Usman","DR-200","EMDS Call","Medical Emergency","Chest Pain","2026/04/24 05:48:09 PM","Rahim Yar Khan"
"282418","Muhammad Rashid Saleem","DR-187","EMDS Call","Medical Emergency","Hypertension","2026/04/24 05:52:00 PM","Rahim Yar Khan"
"282419","Shahla Nawaz","DR-185","EMDS Call","Medical Emergency","Vomiting","2026/04/24 05:51:12 PM","Rahim Yar Khan"
"78173","Rana M. Usman","DR-200","Direct Call","Patient Transfer Service","N/A","2026/04/24 05:53:02 PM","Khanpur"
"282420","Rana M. Usman","DR-200","EMDS Call","Medical Emergency","Chest Pain","2026/04/24 06:02:30 PM","Rahim Yar Khan"
"282421","Nida Rahat","DR-1322","Direct Call","Rescue Operations","Mass Event Coverage","2026/04/24 06:09:54 PM","Rahim Yar Khan"
"282422","Nida Rahat","DR-1322","EMDS Call","Medical Emergency","High Fever","2026/04/24 06:13:24 PM","Rahim Yar Khan"
"282423","Shahla Nawaz","DR-185","EMDS Call","Fire","Others","2026/04/24 06:16:09 PM","Khanpur"
"282424","Bushra Saleem","MR-5701","EMDS Call","Medical Emergency","Hypertension","2026/04/24 06:20:25 PM","Rahim Yar Khan"
"282425","Nida Rahat","DR-1322","EMDS Call","Medical Emergency","Unconscious","2026/04/24 06:20:28 PM","Sadiqabad"
"282426","Shahla Nawaz","DR-185","EMDS Call","Medical Emergency","High Fever","2026/04/24 06:20:50 PM","Rahim Yar Khan"
"282427","Bushra Saleem","MR-5701","EMDS Call","Medical Emergency","Hypoglycemia","2026/04/24 06:24:30 PM","Liaqatpur"
"282428","Nida Rahat","DR-1322","EMDS Call","Medical Emergency","Hypertension","2026/04/24 06:26:39 PM","Rahim Yar Khan"
"282429","Nida Rahat","DR-1322","EMDS Call","Medical Emergency","Hypertension","2026/04/24 06:35:27 PM","Sadiqabad"
"282430","Nida Rahat","DR-1322","EMDS Call","Medical Emergency","Chest Pain","2026/04/24 06:43:09 PM","Sadiqabad"
"78174","Nida Rahat","DR-1322","Direct Call","Patient Transfer Service","N/A","2026/04/24 06:51:23 PM","Sadiqabad"
"282431","Nida Rahat","DR-1322","EMDS Call","Medical Emergency","Hypertension","2026/04/24 06:57:33 PM","Rahim Yar Khan"
"282432","Rana M. Usman","DR-200","EMDS Call","Medical Emergency","Domestic Injuries","2026/04/24 07:08:24 PM","Rahim Yar Khan"
"282433","Shahla Nawaz","DR-185","EMDS Call","Medical Emergency","Abdominal Pain","2026/04/24 07:14:33 PM","Khanpur"
"282434","Muhammad Rashid Saleem","DR-187","EMDS Call","Medical Emergency","SOB/ Respiratory Distress","2026/04/24 07:20:55 PM","Liaqatpur"
"282435","Shahla Nawaz","DR-185","EMDS Call","Medical Emergency","High Fever","2026/04/24 07:20:38 PM","Sadiqabad"
"282436","Muhammad Rashid Saleem","DR-187","EMDS Call","Road Crash","Bleeding","2026/04/24 07:30:25 PM","Rahim Yar Khan"
"282437","Rana M. Usman","DR-200","EMDS Call","Road Crash","Minor Injuries","2026/04/24 07:31:20 PM","Rahim Yar Khan"
"282438","Rana M. Usman","DR-200","EMDS Call","Medical Emergency","Unconscious","2026/04/24 07:34:07 PM","Liaqatpur"
"282439","Bushra Saleem","MR-5701","EMDS Call","Medical Emergency","Anxiety / Psychiatric Disorder","2026/04/24 07:34:57 PM","Rahim Yar Khan"
"78175","Bushra Saleem","MR-5701","Direct Call","Patient Transfer Service","N/A","2026/04/24 07:38:22 PM","Khanpur"
"78176","Bushra Saleem","MR-5701","Direct Call","Patient Transfer Service","N/A","2026/04/24 07:39:22 PM","Liaqatpur"
"78177","Bushra Saleem","MR-5701","Direct Call","Patient Transfer Service","N/A","2026/04/24 07:44:38 PM","Sadiqabad"
"282440","Muhammad Rashid Saleem","DR-187","EMDS Call","Medical Emergency","SOB/ Respiratory Distress","2026/04/24 07:46:12 PM","Rahim Yar Khan"
"78178","Bushra Saleem","MR-5701","Direct Call","Patient Transfer Service","N/A","2026/04/24 07:48:31 PM","Sadiqabad"
"282441","Rana M. Usman","DR-200","EMDS Call","Medical Emergency","Headache","2026/04/24 07:51:17 PM","Sadiqabad"
"282442","Nida Rahat","DR-1322","EMDS Call","Medical Emergency","Anxiety / Psychiatric Disorder","2026/04/24 07:51:46 PM","Khanpur"
"282443","Bushra Saleem","MR-5701","EMDS Call","Road Crash","Bleeding","2026/04/24 07:52:35 PM","Rahim Yar Khan"
"282444","Nida Rahat","DR-1322","EMDS Call","Road Crash","Multiple Fractures","2026/04/24 07:58:04 PM","Rahim Yar Khan"
"282445","Nida Rahat","DR-1322","EMDS Call","Medical Emergency","Abdominal Pain","2026/04/24 08:01:48 PM","Rahim Yar Khan"
"282446","Rana M. Usman","DR-200","EMDS Call","Medical Emergency","High Fever","2026/04/24 08:03:37 PM","Rahim Yar Khan"
"282447","Bushra Saleem","MR-5701","EMDS Call","Medical Emergency","Vomiting","2026/04/24 08:04:09 PM","Sadiqabad"
"282448","Rana M. Usman","DR-200","EMDS Call","Road Crash","Bleeding","2026/04/24 08:06:29 PM","Rahim Yar Khan"
"282449","Nida Rahat","DR-1322","EMDS Call","Medical Emergency","High Fever","2026/04/24 08:04:57 PM","Liaqatpur"
"282450","Rana M. Usman","DR-200","EMDS Call","Medical Emergency","Vertigo/ Dizziness","2026/04/24 08:10:18 PM","Sadiqabad"
"282451","Rana M. Usman","DR-200","EMDS Call","Medical Emergency","Vomiting","2026/04/24 08:16:08 PM","Rahim Yar Khan"
"282452","Bushra Saleem","MR-5701","EMDS Call","Medical Emergency","Headache","2026/04/24 08:24:42 PM","Rahim Yar Khan"
"282453","Nida Rahat","DR-1322","EMDS Call","Medical Emergency","Abdominal Pain","2026/04/24 08:25:53 PM","Rahim Yar Khan"
"282454","Rana M. Usman","DR-200","EMDS Call","Medical Emergency","SOB/ Respiratory Distress","2026/04/24 08:26:52 PM","Sadiqabad"
"282455","Nida Rahat","DR-1322","EMDS Call","Medical Emergency","High Fever","2026/04/24 08:28:31 PM","Rahim Yar Khan"
"282456","Bushra Saleem","MR-5701","EMDS Call","Medical Emergency","Abdominal Pain","2026/04/24 08:29:11 PM","Sadiqabad"
"282457","Nida Rahat","DR-1322","EMDS Call","Rescue Operations","Snake Emergency","2026/04/24 08:32:02 PM","Khanpur"
"282458","Nida Rahat","DR-1322","EMDS Call","Medical Emergency","CVA/Stroke","2026/04/24 08:38:20 PM","Khanpur"
"282459","Shahla Nawaz","DR-185","EMDS Call","Medical Emergency","Gynae Problem","2026/04/24 08:48:40 PM","Liaqatpur"
"282460","Shahla Nawaz","DR-185","EMDS Call","Medical Emergency","High Fever","2026/04/24 09:15:25 PM","Rahim Yar Khan"
"282461","Shahla Nawaz","DR-185","EMDS Call","Medical Emergency","Vomiting","2026/04/24 09:25:18 PM","Rahim Yar Khan"
"282462","Nida Rahat","DR-1322","EMDS Call","Medical Emergency","Vertigo/ Dizziness","2026/04/24 09:25:41 PM","Rahim Yar Khan"
"282463","Bushra Saleem","MR-5701","EMDS Call","Medical Emergency","Domestic Injuries","2026/04/24 09:25:43 PM","Khanpur"
"282464","Shahla Nawaz","DR-185","EMDS Call","Medical Emergency","Anxiety / Psychiatric Disorder","2026/04/24 09:29:05 PM","Rahim Yar Khan"
"282465","Bushra Saleem","MR-5701","EMDS Call","Fall","Fall From Vehicle","2026/04/24 09:34:53 PM","Rahim Yar Khan"
"282466","Nida Rahat","DR-1322","EMDS Call","Medical Emergency","High Fever","2026/04/24 09:36:28 PM","Liaqatpur"
"282467","Bushra Saleem","MR-5701","EMDS Call","Medical Emergency","Anxiety / Psychiatric Disorder","2026/04/24 09:39:11 PM","Rahim Yar Khan"
"282468","Nida Rahat","DR-1322","EMDS Call","Medical Emergency","Hypotension","2026/04/24 09:48:14 PM","Khanpur"
"282469","Nida Rahat","DR-1322","EMDS Call","Medical Emergency","Abdominal Pain","2026/04/24 09:54:46 PM","Rahim Yar Khan"
"282470","Bushra Saleem","MR-5701","EMDS Call","Medical Emergency","Hypertension","2026/04/24 09:58:28 PM","Rahim Yar Khan"
"282471","Maheen Tahir","MR-6017","EMDS Call","Medical Emergency","Abdominal Pain","2026/04/24 10:03:02 PM","Sadiqabad"
"282472","Maheen Tahir","MR-6017","EMDS Call","Medical Emergency","Backache","2026/04/24 10:05:32 PM","Rahim Yar Khan"
"282473","Muhammad Tariq Hameed","DR-885","EMDS Call","Medical Emergency","Hypertension","2026/04/24 10:08:14 PM","Sadiqabad"
"282474","Saira Bibi","MR-5494","EMDS Call","Road Crash","Minor Injuries","2026/04/24 10:12:12 PM","Rahim Yar Khan"
"282475","Saira Bibi","MR-5494","EMDS Call","Medical Emergency","Chronic Illness","2026/04/24 10:25:11 PM","Liaqatpur"
"282476","Saira Bibi","MR-5494","EMDS Call","Medical Emergency","Anxiety / Psychiatric Disorder","2026/04/24 10:32:19 PM","Rahim Yar Khan"
"282477","Maheen Tahir","MR-6017","EMDS Call","Medical Emergency","Vomiting","2026/04/24 10:47:14 PM","Khanpur"
"78179","Maheen Tahir","MR-6017","Direct Call","Patient Transfer Service","N/A","2026/04/24 11:00:35 PM","Sadiqabad"
"282478","Muhammad Tariq Hameed","DR-885","EMDS Call","Medical Emergency","Vomiting","2026/04/24 11:04:30 PM","Rahim Yar Khan"
"282479","Maheen Tahir","MR-6017","EMDS Call","Medical Emergency","Hypertension","2026/04/24 11:10:06 PM","Rahim Yar Khan"
"282480","Muhammad Tariq Hameed","DR-885","EMDS Call","Medical Emergency","Vomiting","2026/04/24 11:25:29 PM","Rahim Yar Khan"
"282481","Saira Bibi","MR-5494","EMDS Call","Medical Emergency","Domestic Injuries","2026/04/24 11:33:27 PM","Rahim Yar Khan"
"282482","Saira Bibi","MR-5494","EMDS Call","Medical Emergency","Anxiety / Psychiatric Disorder","2026/04/24 11:36:38 PM","Rahim Yar Khan"
"282483","Saira Bibi","MR-5494","EMDS Call","Medical Emergency","SOB/ Respiratory Distress","2026/04/24 11:49:31 PM","Sadiqabad"
"282484","Maheen Tahir","MR-6017","EMDS Call","Medical Emergency","Anxiety / Psychiatric Disorder","2026/04/24 11:51:21 PM","Sadiqabad"
"282485","Maheen Tahir","MR-6017","EMDS Call","Medical Emergency","Hypertension","2026/04/24 11:58:36 PM","Sadiqabad"
"282486","Muhammad Tariq Hameed","DR-885","EMDS Call","Medical Emergency","Headache","2026/04/24 11:57:31 PM","Rahim Yar Khan"
"282487","Saira Bibi","MR-5494","EMDS Call","Medical Emergency","Vomiting","2026/04/24 11:58:43 PM","Khanpur"
"282488","Muhammad Tariq Hameed","DR-885","EMDS Call","Medical Emergency","Vomiting","2026/04/25 12:17:10 AM","Liaqatpur"
"282489","Faiz Muhyy Ul Din","DR-892","EMDS Call","Medical Emergency","High Fever","2026/04/25 12:17:20 AM","Rahim Yar Khan"
"282490","Muhammad Tariq Hameed","DR-885","EMDS Call","Medical Emergency","High Fever","2026/04/25 12:32:24 AM","Sadiqabad"
"282491","Faiz Muhyy Ul Din","DR-892","EMDS Call","Medical Emergency","SOB/ Respiratory Distress","2026/04/25 12:35:14 AM","Sadiqabad"
"282492","Muhammad Tariq Hameed","DR-885","EMDS Call","Medical Emergency","Hypoglycemia","2026/04/25 12:42:00 AM","Rahim Yar Khan"
"78180","Maheen Tahir","MR-6017","Direct Call","Patient Transfer Service","N/A","2026/04/25 12:43:56 AM","Liaqatpur"
"78181","Maheen Tahir","MR-6017","Direct Call","Patient Transfer Service","N/A","2026/04/25 12:49:03 AM","Sadiqabad"
"282493","Maheen Tahir","MR-6017","EMDS Call","Medical Emergency","SOB/ Respiratory Distress","2026/04/25 12:50:05 AM","Khanpur"
"78182","Maheen Tahir","MR-6017","Direct Call","Patient Transfer Service","N/A","2026/04/25 12:52:36 AM","Sadiqabad"
"282494","Maheen Tahir","MR-6017","EMDS Call","Medical Emergency","Abdominal Pain","2026/04/25 01:19:37 AM","Rahim Yar Khan"
"282495","Muhammad Tariq Hameed","DR-885","EMDS Call","Medical Emergency","Vertigo/ Dizziness","2026/04/25 01:22:15 AM","Rahim Yar Khan"
"282496","Muhammad Zahid","DR-888","EMDS Call","Crime","Bullet Injury","2026/04/25 01:26:59 AM","Sadiqabad"
"282497","Maheen Tahir","MR-6017","EMDS Call","Medical Emergency","Headache","2026/04/25 01:32:07 AM","Rahim Yar Khan"
"282498","Muhammad Zahid","DR-888","EMDS Call","Medical Emergency","Vomiting","2026/04/25 01:40:15 AM","Rahim Yar Khan"
"282499","Maheen Tahir","MR-6017","EMDS Call","Medical Emergency","Renal Disorders / Renal Colic ","2026/04/25 01:43:10 AM","Sadiqabad"
"282500","Muhammad Zahid","DR-888","EMDS Call","Fire","Others","2026/04/25 02:12:45 AM","Sadiqabad"
"282501","Muhammad Tariq Hameed","DR-885","EMDS Call","Medical Emergency","Vomiting","2026/04/25 02:24:34 AM","Rahim Yar Khan"
"282502","Muhammad Tariq Hameed","DR-885","EMDS Call","Medical Emergency","Headache","2026/04/25 02:33:59 AM","Sadiqabad"
"282503","Muhammad Zahid","DR-888","EMDS Call","Medical Emergency","Abdominal Pain","2026/04/25 02:47:06 AM","Rahim Yar Khan"
"78183","Muhammad Tariq Hameed","DR-885","Direct Call","Patient Transfer Service","N/A","2026/04/25 02:50:35 AM","Sadiqabad"
"78184","Maheen Tahir","MR-6017","Direct Call","Patient Transfer Service","N/A","2026/04/25 03:01:03 AM","Sadiqabad"
"282504","Shaheen Islam","DR-1171","EMDS Call","Medical Emergency","Diarrhea","2026/04/25 04:05:35 AM","Khanpur"
"78185","Shaheen Islam","DR-1171","Direct Call","Patient Transfer Service","N/A","2026/04/25 04:48:49 AM","Khanpur"
"282505","Muhammad Zubair","DR-894","EMDS Call","Medical Emergency","Urinary Retention","2026/04/25 04:58:01 AM","Rahim Yar Khan"
"282506","Muhammad Zubair","DR-894","EMDS Call","Medical Emergency","Unconscious","2026/04/25 05:10:28 AM","Liaqatpur"
"282507","Shaheen Islam","DR-1171","EMDS Call","Medical Emergency","Gynae Problem","2026/04/25 05:18:47 AM","Sadiqabad"
"282508","Muhammad Zubair","DR-894","EMDS Call","Medical Emergency","Vomiting","2026/04/25 05:34:05 AM","Rahim Yar Khan"
"282509","Muhammad Zubair","DR-894","EMDS Call","Medical Emergency","Diarrhea","2026/04/25 05:39:43 AM","Khanpur"
"282510","Shaheen Islam","DR-1171","EMDS Call","Medical Emergency","Hypotension","2026/04/25 05:43:50 AM","Rahim Yar Khan"
"282511","Muhammad Zubair","DR-894","EMDS Call","Medical Emergency","Gynae Problem","2026/04/25 05:46:21 AM","Rahim Yar Khan"
"282512","Shaheen Islam","DR-1171","EMDS Call","Medical Emergency","Domestic Injuries","2026/04/25 05:46:28 AM","Khanpur"
"282513","Shaheen Islam","DR-1171","EMDS Call","Medical Emergency","Hypoglycemia","2026/04/25 05:51:44 AM","Rahim Yar Khan"
"282514","Muhammad Zubair","DR-894","EMDS Call","Medical Emergency","Unconscious","2026/04/25 06:19:25 AM","Sadiqabad"
"282515","Saira Bibi","MR-5494","EMDS Call","Medical Emergency","Abdominal Pain","2026/04/25 06:26:34 AM","Rahim Yar Khan"
"282516","Saira Bibi","MR-5494","EMDS Call","Medical Emergency","High Fever","2026/04/25 06:39:56 AM","Khanpur"
"282517","Saira Bibi","MR-5494","EMDS Call","Rescue Operations","Work/Occupational Injuries","2026/04/25 06:47:01 AM","Rahim Yar Khan"
"282518","Shaheen Islam","DR-1171","EMDS Call","Medical Emergency","Unconscious","2026/04/25 06:48:06 AM","Rahim Yar Khan"
"282519","Shaheen Islam","DR-1171","EMDS Call","Medical Emergency","SOB/ Respiratory Distress","2026/04/25 06:55:01 AM","Rahim Yar Khan"
"282520","Saira Bibi","MR-5494","EMDS Call","Medical Emergency","Renal Disorders / Renal Colic ","2026/04/25 06:57:36 AM","Rahim Yar Khan"
"78186","Saira Bibi","MR-5494","Direct Call","Patient Transfer Service","N/A","2026/04/25 07:06:30 AM","Sadiqabad"
"78187","Zupasha Zia","MR-5758","Direct Call","Patient Transfer Service","N/A","2026/04/25 07:15:59 AM","Sadiqabad"
"282521","Zupasha Zia","MR-5758","EMDS Call","Medical Emergency","Hypertension","2026/04/25 07:16:53 AM","Rahim Yar Khan"
"282522","Nida Rahat","DR-1322","Direct Call","Medical Emergency","Vomiting","2026/04/25 07:25:57 AM","Liaqatpur"
"282523","Muhammad ALi","DR-818","EMDS Call","Road Crash","Bleeding","2026/04/25 07:27:12 AM","Rahim Yar Khan"
"282523","Muhammad ALi","DR-818","EMDS Call","Road Crash","Bleeding","2026/04/25 07:27:12 AM","Rahim Yar Khan"
"282523","Muhammad ALi","DR-818","EMDS Call","Road Crash","Bleeding","2026/04/25 07:27:12 AM","Rahim Yar Khan"
"282524","Nida Rahat","DR-1322","EMDS Call","Road Crash","Minor Injuries","2026/04/25 07:32:41 AM","Sadiqabad"
"282525","Zupasha Zia","MR-5758","EMDS Call","Rescue Operations","Scalds/Burn Due To Negligence","2026/04/25 07:41:30 AM","Rahim Yar Khan"
"282526","Zupasha Zia","MR-5758","EMDS Call","Medical Emergency","SOB/ Respiratory Distress","2026/04/25 07:46:06 AM","Liaqatpur"
"282527","Muhammad ALi","DR-818","EMDS Call","Medical Emergency","Hypertension","2026/04/25 07:54:42 AM","Rahim Yar Khan"
"282528","Sheeza Barkat","MR-5331","EMDS Call","Road Crash","Severe Trauma","2026/04/25 07:55:47 AM","Khanpur"
"282528","Sheeza Barkat","MR-5331","EMDS Call","Road Crash","Severe Trauma","2026/04/25 07:55:47 AM","Khanpur"
"282529","Zia ul Haq","DR-328","EMDS Call","Medical Emergency","Chronic Illness","2026/04/25 07:57:46 AM","Rahim Yar Khan"
"282530","Muhammad ALi","DR-818","EMDS Call","Medical Emergency","Abdominal Pain","2026/04/25 07:57:39 AM","Rahim Yar Khan"
"282531","Zia ul Haq","DR-328","EMDS Call","Medical Emergency","Anxiety / Psychiatric Disorder","2026/04/25 08:16:15 AM","Sadiqabad"
"282532","Sheeza Barkat","MR-5331","EMDS Call","Medical Emergency","Renal Disorders / Renal Colic ","2026/04/25 08:23:56 AM","Rahim Yar Khan"
"282533","Sheeza Barkat","MR-5331","EMDS Call","Medical Emergency","Diarrhea","2026/04/25 08:27:51 AM","Khanpur"
"282534","Sheeza Barkat","MR-5331","EMDS Call","Medical Emergency","Hypertension","2026/04/25 08:30:58 AM","Sadiqabad"
"282536","Muhammad ALi","DR-818","EMDS Call","Medical Emergency","Anxiety / Psychiatric Disorder","2026/04/25 08:31:36 AM","Sadiqabad"
"282535","Sheeza Barkat","MR-5331","EMDS Call","Medical Emergency","Vomiting","2026/04/25 08:34:18 AM","Rahim Yar Khan"
"282537","Muhammad ALi","DR-818","EMDS Call","Medical Emergency","Urinary Retention","2026/04/25 08:36:52 AM","Rahim Yar Khan"
"282538","Zia ul Haq","DR-328","EMDS Call","Medical Emergency","Vomiting","2026/04/25 08:39:25 AM","Sadiqabad"
"282539","Muhammad ALi","DR-818","EMDS Call","Road Crash","Bleeding","2026/04/25 08:42:56 AM","Khanpur"
"282539","Muhammad ALi","DR-818","EMDS Call","Road Crash","Bleeding","2026/04/25 08:42:56 AM","Khanpur"
"78188","Zia ul Haq","DR-328","Direct Call","Patient Transfer Service","N/A","2026/04/25 08:46:24 AM","Khanpur"
"282540","Sheeza Barkat","MR-5331","EMDS Call","Medical Emergency","High Fever","2026/04/25 08:48:00 AM","Sadiqabad"
"282541","Muhammad ALi","DR-818","EMDS Call","Medical Emergency","High Fever","2026/04/25 08:49:53 AM","Liaqatpur"
"282542","Adnan Shabbir","DR-205","EMDS Call","Medical Emergency","Unconscious","2026/04/25 09:10:05 AM","Rahim Yar Khan"
"282543","Adnan Shabbir","DR-205","EMDS Call","Medical Emergency","Domestic Injuries","2026/04/25 09:17:49 AM","Khanpur"
"282544","Muhammad AAmar","DR-915","EMDS Call","Medical Emergency","Chest Pain","2026/04/25 09:21:51 AM","Khanpur"
"282545","Muhammad Abid","DR-874","EMDS Call","Road Crash","Bleeding","2026/04/25 09:23:33 AM","Sadiqabad"
"78189","Adnan Shabbir","DR-205","Direct Call","Patient Transfer Service","N/A","2026/04/25 09:29:21 AM","Sadiqabad"
"282546","Muhammad Abid","DR-874","EMDS Call","Medical Emergency","Joints Pain","2026/04/25 09:35:30 AM","Liaqatpur"
"282547","Zia ul Haq","DR-328","EMDS Call","Medical Emergency","Unconscious","2026/04/25 09:37:02 AM","Khanpur"
"282549","Adnan Shabbir","DR-205","EMDS Call","Medical Emergency","Unconscious","2026/04/25 09:41:44 AM","Rahim Yar Khan"
"282548","Muhammad Abid","DR-874","EMDS Call","Medical Emergency","Abdominal Pain","2026/04/25 09:40:26 AM","Rahim Yar Khan"
"Not Assigned","Yasir Ilyas","DR-893","EMDS Call","Medical Emergency","High Fever","2026/04/25 09:42:10 AM","Rahim Yar Khan"
"Not Assigned","Zia ul Haq","DR-328","EMDS Call","Medical Emergency","Blood In Vomit","2026/04/25 09:42:53 AM","Sadiqabad"
"282552","Sheeza Barkat","MR-5331","EMDS Call","Road Crash","Multiple Fractures","2026/04/25 09:43:25 AM","Sadiqabad"
"282553","Muhammad Abid","DR-874","EMDS Call","Medical Emergency","Abdominal Pain","2026/04/25 09:44:17 AM","Rahim Yar Khan"
"282554","Adnan Shabbir","DR-205","EMDS Call","Medical Emergency","High Fever","2026/04/25 09:45:18 AM","Rahim Yar Khan"
"282555","Adnan Shabbir","DR-205","EMDS Call","Road Crash","Bleeding","2026/04/25 09:50:19 AM","Khanpur"
"282556","Zia ul Haq","DR-328","EMDS Call","Medical Emergency","CVA/Stroke","2026/04/25 09:51:39 AM","Rahim Yar Khan"
"78190","Adnan Shabbir","DR-205","Direct Call","Patient Transfer Service","N/A","2026/04/25 09:53:02 AM","Khanpur"
"78191","Zia ul Haq","DR-328","Direct Call","Patient Transfer Service","N/A","2026/04/25 09:57:12 AM","Khanpur"
"282557","Yasir Ilyas","DR-893","EMDS Call","Medical Emergency","Joints Pain","2026/04/25 10:04:18 AM","Rahim Yar Khan"
"282558","Nida Rahat","DR-1322","EMDS Call","Road Crash","Severe Trauma","2026/04/25 10:05:02 AM","Rahim Yar Khan"
"282558","Nida Rahat","DR-1322","EMDS Call","Road Crash","Severe Trauma","2026/04/25 10:05:02 AM","Rahim Yar Khan"
"282559","Zia ul Haq","DR-328","EMDS Call","Medical Emergency","Domestic Injuries","2026/04/25 10:06:16 AM","Sadiqabad"
"282560","Nida Rahat","DR-1322","EMDS Call","Medical Emergency","Abdominal Pain","2026/04/25 10:14:52 AM","Rahim Yar Khan"
"282561","Nida Rahat","DR-1322","Direct Call","Mock Exercise","Mock","2026/04/25 10:21:58 AM","Rahim Yar Khan"
"282562","Sheeza Barkat","MR-5331","EMDS Call","Medical Emergency","Hyperglycemia","2026/04/25 10:32:44 AM","Sadiqabad"
"282563","Aasia Batool","MR-5198","EMDS Call","Crime","Physical Assault/Violence","2026/04/25 10:33:46 AM","Rahim Yar Khan"
"282563","Aasia Batool","MR-5198","EMDS Call","Crime","Physical Assault/Violence","2026/04/25 10:33:46 AM","Rahim Yar Khan"
"282563","Aasia Batool","MR-5198","EMDS Call","Crime","Physical Assault/Violence","2026/04/25 10:33:46 AM","Rahim Yar Khan"
"282565","Yasir Ilyas","DR-893","EMDS Call","Medical Emergency","Anxiety / Psychiatric Disorder","2026/04/25 10:37:33 AM","Rahim Yar Khan"
"282564","Muhammad Abid","DR-874","EMDS Call","Medical Emergency","Domestic Injuries","2026/04/25 10:37:47 AM","Rahim Yar Khan"
"282566","Sheeza Barkat","MR-5331","EMDS Call","Medical Emergency","Hypertension","2026/04/25 10:39:30 AM","Liaqatpur"
"282567","Yasir Ilyas","DR-893","EMDS Call","Medical Emergency","Anxiety / Psychiatric Disorder","2026/04/25 10:41:32 AM","Rahim Yar Khan"
"282568","Muhammad Abid","DR-874","EMDS Call","Medical Emergency","Chest Pain","2026/04/25 10:43:27 AM","Sadiqabad"
"282569","Sheeza Barkat","MR-5331","EMDS Call","Medical Emergency","Chest Pain","2026/04/25 10:44:34 AM","Rahim Yar Khan"
"282570","Aasia Batool","MR-5198","EMDS Call","Medical Emergency","Vertigo/ Dizziness","2026/04/25 10:51:47 AM","Rahim Yar Khan"
"Not Assigned","Aasia Batool","MR-5198","Direct Call","Patient Transfer Service","N/A","2026/04/25 11:05:12 AM","Khanpur"
"282571","Imran Anjum","DR-204","EMDS Call","Medical Emergency","Abdominal Pain","2026/04/25 11:04:02 AM","Liaqatpur"
"78193","Aasia Batool","MR-5198","Direct Call","Patient Transfer Service","N/A","2026/04/25 11:11:29 AM","Sadiqabad"
"282572","Aasia Batool","MR-5198","EMDS Call","Medical Emergency","Vomiting","2026/04/25 11:12:19 AM","Rahim Yar Khan"
"78194","Sheeza Barkat","MR-5331","Direct Call","Patient Transfer Service","N/A","2026/04/25 11:15:48 AM","Sadiqabad"
"282574","Imran Anjum","DR-204","EMDS Call","Medical Emergency","Domestic Injuries","2026/04/25 11:15:23 AM","Rahim Yar Khan"
"282573","Sheeza Barkat","MR-5331","EMDS Call","Medical Emergency","High Fever","2026/04/25 11:16:50 AM","Liaqatpur"
"282575","Muhammad Abid","DR-874","EMDS Call","Medical Emergency","Backache","2026/04/25 11:22:26 AM","Liaqatpur"
"282576","Imran Anjum","DR-204","EMDS Call","Medical Emergency","Abdominal Pain","2026/04/25 11:27:34 AM","Sadiqabad"
"282577","Sheeza Barkat","MR-5331","EMDS Call","Medical Emergency","Unconscious","2026/04/25 11:29:24 AM","Rahim Yar Khan"
"282578","Sheeza Barkat","MR-5331","EMDS Call","Road Crash","Severe Trauma","2026/04/25 11:41:05 AM","Sadiqabad"
"282580","Muhammad Abid","DR-874","EMDS Call","Medical Emergency","SOB/ Respiratory Distress","2026/04/25 11:46:38 AM","Rahim Yar Khan"
"282579","Muhammad Abid","DR-874","EMDS Call","Medical Emergency","Vomiting","2026/04/25 11:50:04 AM","Rahim Yar Khan"
"282581","Aasia Batool","MR-5198","EMDS Call","Medical Emergency","Anxiety / Psychiatric Disorder","2026/04/25 12:06:29 PM","Sadiqabad"
"282582","Sheeza Barkat","MR-5331","EMDS Call","Medical Emergency","High Fever","2026/04/25 12:07:04 PM","Sadiqabad"
"282583","Zupasha Zia","MR-5758","EMDS Call","Medical Emergency","Unconscious","2026/04/25 12:08:44 PM","Rahim Yar Khan"
"282584","Zupasha Zia","MR-5758","EMDS Call","Medical Emergency","Backache","2026/04/25 12:11:03 PM","Liaqatpur"
"282585","Sheeza Barkat","MR-5331","EMDS Call","Medical Emergency","Vomiting","2026/04/25 12:11:39 PM","Sadiqabad"
"282586","Sheeza Barkat","MR-5331","EMDS Call","Medical Emergency","Hypertension","2026/04/25 12:18:55 PM","Rahim Yar Khan"
"78195","Zia ul Haq","DR-328","Direct Call","Patient Transfer Service","N/A","2026/04/25 12:20:02 PM","Rahim Yar Khan"
"282587","Aasia Batool","MR-5198","EMDS Call","Medical Emergency","Hyperglycemia","2026/04/25 12:18:30 PM","Rahim Yar Khan"
"282588","Zupasha Zia","MR-5758","EMDS Call","Road Crash","Bleeding","2026/04/25 12:21:34 PM","Rahim Yar Khan"
"78196","Zupasha Zia","MR-5758","Direct Call","Patient Transfer Service","N/A","2026/04/25 12:25:17 PM","Sadiqabad"
"282589","Zia ul Haq","DR-328","EMDS Call","Road Crash","Minor Injuries","2026/04/25 12:30:50 PM","Sadiqabad"
"282590","Imran Anjum","DR-204","EMDS Call","Medical Emergency","Joints Pain","2026/04/25 12:42:53 PM","Rahim Yar Khan"
"282591","Aasia Batool","MR-5198","EMDS Call","Road Crash","Minor Injuries","2026/04/25 12:44:27 PM","Khanpur"
"282592","Sheeza Barkat","MR-5331","EMDS Call","Fire","Others","2026/04/25 12:43:12 PM","Rahim Yar Khan"
"282593","Zupasha Zia","MR-5758","EMDS Call","Medical Emergency","Vertigo/ Dizziness","2026/04/25 12:46:25 PM","Rahim Yar Khan"
"282594","Aasia Batool","MR-5198","EMDS Call","Medical Emergency","Hypotension","2026/04/25 12:48:11 PM","Khanpur"
"282595","Sheeza Barkat","MR-5331","EMDS Call","Medical Emergency","Domestic Injuries","2026/04/25 12:54:02 PM","Sadiqabad"
"282596","Sheeza Barkat","MR-5331","EMDS Call","Road Crash","Bleeding","2026/04/25 12:57:08 PM","Rahim Yar Khan"
"282597","Sheeza Barkat","MR-5331","EMDS Call","Medical Emergency","Headache","2026/04/25 12:59:49 PM","Rahim Yar Khan"
"282598","Zupasha Zia","MR-5758","EMDS Call","Medical Emergency","Vomiting","2026/04/25 01:01:35 PM","Khanpur"
"282600","Zupasha Zia","MR-5758","EMDS Call","Road Crash","Severe Trauma","2026/04/25 01:07:17 PM","Liaqatpur"
"282600","Zupasha Zia","MR-5758","EMDS Call","Road Crash","Severe Trauma","2026/04/25 01:07:17 PM","Liaqatpur"
"282599","Imran Anjum","DR-204","EMDS Call","Medical Emergency","High Fever","2026/04/25 01:08:47 PM","Liaqatpur"
"282601","Imran Anjum","DR-204","EMDS Call","Medical Emergency","High Fever","2026/04/25 01:17:10 PM","Sadiqabad"
"282602","Nida Rahat","DR-1322","EMDS Call","Road Crash","Minor Injuries","2026/04/25 01:17:16 PM","Khanpur"
"282603","Zupasha Zia","MR-5758","EMDS Call","Medical Emergency","High Fever","2026/04/25 01:18:58 PM","Rahim Yar Khan"
"282604","Sheeza Barkat","MR-5331","EMDS Call","Crime","Physical Assault/Violence","2026/04/25 01:24:35 PM","Liaqatpur"
"282605","Nida Rahat","DR-1322","EMDS Call","Medical Emergency","Anxiety / Psychiatric Disorder","2026/04/25 01:27:53 PM","Rahim Yar Khan"
"282606","Imran Anjum","DR-204","EMDS Call","Medical Emergency","Unconscious","2026/04/25 01:31:35 PM","Sadiqabad"
"282607","Imran Anjum","DR-204","EMDS Call","Medical Emergency","Hypotension","2026/04/25 01:33:49 PM","Sadiqabad"
"78197","Nida Rahat","DR-1322","Direct Call","Patient Transfer Service","N/A","2026/04/25 01:35:20 PM","Rahim Yar Khan"
"282608","Imran Anjum","DR-204","EMDS Call","Medical Emergency","Abdominal Pain","2026/04/25 01:36:54 PM","Rahim Yar Khan"
"282609","Sheeza Barkat","MR-5331","EMDS Call","Medical Emergency","SOB/ Respiratory Distress","2026/04/25 01:39:19 PM","Khanpur"
"282610","Imran Anjum","DR-204","EMDS Call","Medical Emergency","SOB/ Respiratory Distress","2026/04/25 01:39:26 PM","Rahim Yar Khan"
"282611","Zupasha Zia","MR-5758","EMDS Call","Medical Emergency","Unconscious","2026/04/25 01:43:41 PM","Rahim Yar Khan"
"282612","Imran Anjum","DR-204","EMDS Call","Crime","Physical Assault/Violence","2026/04/25 01:45:12 PM","Liaqatpur"
"282612","Imran Anjum","DR-204","EMDS Call","Crime","Physical Assault/Violence","2026/04/25 01:45:12 PM","Liaqatpur"
"282613","Sheeza Barkat","MR-5331","EMDS Call","Medical Emergency","High Fever","2026/04/25 01:49:09 PM","Khanpur"
"282614","Imran Anjum","DR-204","EMDS Call","Medical Emergency","Anxiety / Psychiatric Disorder","2026/04/25 01:48:39 PM","Sadiqabad"
"282615","Zupasha Zia","MR-5758","EMDS Call","Medical Emergency","CVA/Stroke","2026/04/25 01:56:43 PM","Rahim Yar Khan"
"282616","Zupasha Zia","MR-5758","EMDS Call","Medical Emergency","Unconscious","2026/04/25 02:00:43 PM","Sadiqabad"
"78198","Zupasha Zia","MR-5758","Direct Call","Patient Transfer Service","N/A","2026/04/25 02:16:34 PM","Liaqatpur"
"282617","Sheeza Barkat","MR-5331","EMDS Call","Medical Emergency","SOB/ Respiratory Distress","2026/04/25 02:14:31 PM","Sadiqabad"
"282618","Nida Rahat","DR-1322","EMDS Call","Crime","Physical Assault/Violence","2026/04/25 02:24:40 PM","Liaqatpur"
"282619","Sheeza Barkat","MR-5331","EMDS Call","Medical Emergency","Anxiety / Psychiatric Disorder","2026/04/25 02:28:03 PM","Liaqatpur"
"282620","Imran Anjum","DR-204","EMDS Call","Medical Emergency","Headache","2026/04/25 02:45:09 PM","Rahim Yar Khan"
"282621","Imran Anjum","DR-204","EMDS Call","Medical Emergency","Hypertension","2026/04/25 02:49:08 PM","Rahim Yar Khan"
"282622","Zupasha Zia","MR-5758","EMDS Call","Medical Emergency","Chronic Illness","2026/04/25 02:53:30 PM","Khanpur"
"282623","Muhammad Rashid Saleem","DR-187","EMDS Call","Medical Emergency","Hypertension","2026/04/25 02:59:18 PM","Rahim Yar Khan"
"282624","Rana M. Usman","DR-200","EMDS Call","Fire","Others","2026/04/25 03:01:21 PM","Khanpur"
"78199","Muhammad Abid","DR-874","Direct Call","Patient Transfer Service","N/A","2026/04/25 03:07:29 PM","Sadiqabad"
"78200","Muhammad Abid","DR-874","Direct Call","Patient Transfer Service","N/A","2026/04/25 03:13:21 PM","Sadiqabad"
"282625","Muhammad Rashid Saleem","DR-187","EMDS Call","Medical Emergency","SOB/ Respiratory Distress","2026/04/25 03:13:35 PM","Sadiqabad"
"282626","Muhammad Rashid Saleem","DR-187","EMDS Call","Medical Emergency","Vomiting","2026/04/25 03:16:47 PM","Rahim Yar Khan"
"78201","Muhammad Abid","DR-874","Direct Call","Patient Transfer Service","N/A","2026/04/25 03:26:47 PM","Sadiqabad"
"282627","Muhammad Rashid Saleem","DR-187","EMDS Call","Medical Emergency","SOB/ Respiratory Distress","2026/04/25 03:30:37 PM","Rahim Yar Khan"
"78202","Muhammad Zubair","DR-894","Direct Call","Patient Transfer Service","N/A","2026/04/25 03:31:40 PM","Sadiqabad"
"282628","Adil Iqbal","DR-782","EMDS Call","Medical Emergency","Anxiety / Psychiatric Disorder","2026/04/25 03:35:09 PM","Rahim Yar Khan"
"282630","Muhammad Abid","DR-874","EMDS Call","Rescue Operations","Delivery Case","2026/04/25 03:37:02 PM","Rahim Yar Khan"
"282629","Adil Iqbal","DR-782","EMDS Call","Medical Emergency","SOB/ Respiratory Distress","2026/04/25 03:37:59 PM","Rahim Yar Khan"
"282631","Muhammad Rashid Saleem","DR-187","EMDS Call","Medical Emergency","Vomiting","2026/04/25 03:39:04 PM","Rahim Yar Khan"
"282632","Adil Iqbal","DR-782","EMDS Call","Medical Emergency","Anxiety / Psychiatric Disorder","2026/04/25 03:53:00 PM","Rahim Yar Khan"
"78203","Bushra Saleem","MR-5701","Direct Call","Patient Transfer Service","N/A","2026/04/25 03:55:42 PM","Khanpur"
"78204","Adil Iqbal","DR-782","Direct Call","Patient Transfer Service","N/A","2026/04/25 03:57:48 PM","Khanpur"
"282633","Bushra Saleem","MR-5701","EMDS Call","Medical Emergency","Chest Pain","2026/04/25 04:02:28 PM","Khanpur"
"282634","Adil Iqbal","DR-782","EMDS Call","Road Crash","Minor Injuries","2026/04/25 04:02:35 PM","Sadiqabad"
"282635","Muhammad Abid","DR-874","EMDS Call","Medical Emergency","Abdominal Pain","2026/04/25 04:03:32 PM","Rahim Yar Khan"
"282636","Bushra Saleem","MR-5701","EMDS Call","Medical Emergency","Chronic Illness","2026/04/25 04:17:54 PM","Rahim Yar Khan"
"282637","Muhammad Abid","DR-874","EMDS Call","Road Crash","Bleeding","2026/04/25 04:23:29 PM","Rahim Yar Khan"
"282638","Adil Iqbal","DR-782","EMDS Call","Medical Emergency","SOB/ Respiratory Distress","2026/04/25 04:34:57 PM","Rahim Yar Khan"
"282639","Bushra Saleem","MR-5701","EMDS Call","Medical Emergency","Hypotension","2026/04/25 04:39:21 PM","Rahim Yar Khan"
"78205","Muhammad Abid","DR-874","Direct Call","Patient Transfer Service","N/A","2026/04/25 04:41:01 PM","Khanpur"
"282640","Adil Iqbal","DR-782","EMDS Call","Road Crash","Bleeding","2026/04/25 04:41:36 PM","Sadiqabad"
"78206","Bushra Saleem","MR-5701","Direct Call","Patient Transfer Service","N/A","2026/04/25 04:43:40 PM","Khanpur"
"282641","Muhammad Abid","DR-874","EMDS Call","Medical Emergency","SOB/ Respiratory Distress","2026/04/25 04:44:26 PM","Khanpur"
"282642","Bushra Saleem","MR-5701","EMDS Call","Medical Emergency","Hypertension","2026/04/25 04:46:35 PM","Liaqatpur"
"282643","Adil Iqbal","DR-782","EMDS Call","Medical Emergency","Abdominal Pain","2026/04/25 04:48:11 PM","Sadiqabad"
"282644","Bushra Saleem","MR-5701","EMDS Call","Road Crash","Bleeding","2026/04/25 04:52:27 PM","Khanpur"
"282645","Bushra Saleem","MR-5701","EMDS Call","Medical Emergency","Anxiety / Psychiatric Disorder","2026/04/25 04:54:15 PM","Rahim Yar Khan"
"282646","Muhammad Abid","DR-874","EMDS Call","Medical Emergency","Hypotension","2026/04/25 04:58:17 PM","Rahim Yar Khan"
"282647","Bushra Saleem","MR-5701","EMDS Call","Road Crash","Bleeding","2026/04/25 05:09:53 PM","Rahim Yar Khan"
"282647","Bushra Saleem","MR-5701","EMDS Call","Road Crash","Bleeding","2026/04/25 05:09:53 PM","Rahim Yar Khan"
"282648","Bushra Saleem","MR-5701","EMDS Call","Rescue Operations","Animal/Bird Rescue","2026/04/25 05:16:27 PM","Rahim Yar Khan"
"78207","Muhammad Abid","DR-874","Direct Call","Patient Transfer Service","N/A","2026/04/25 05:21:54 PM","Sadiqabad"
"282649","Adil Iqbal","DR-782","EMDS Call","Medical Emergency","High Fever","2026/04/25 05:25:53 PM","Rahim Yar Khan"
"282650","Bushra Saleem","MR-5701","EMDS Call","Medical Emergency","Anxiety / Psychiatric Disorder","2026/04/25 05:27:18 PM","Khanpur"
"282651","Shahla Nawaz","DR-185","EMDS Call","Medical Emergency","SOB/ Respiratory Distress","2026/04/25 05:31:14 PM","Sadiqabad"
"282652","Adil Iqbal","DR-782","EMDS Call","Rescue Operations","Delivery Case","2026/04/25 05:32:27 PM","Sadiqabad"
"282653","Bushra Saleem","MR-5701","EMDS Call","Medical Emergency","Unconscious","2026/04/25 05:34:05 PM","Rahim Yar Khan"
"78208","Bushra Saleem","MR-5701","Direct Call","Patient Transfer Service","N/A","2026/04/25 05:36:54 PM","Sadiqabad"
"282654","Adil Iqbal","DR-782","EMDS Call","Medical Emergency","Backache","2026/04/25 05:50:55 PM","Sadiqabad"
"282655","Bushra Saleem","MR-5701","EMDS Call","Medical Emergency","CVA/Stroke","2026/04/25 05:59:01 PM","Liaqatpur"
"78209","Shahla Nawaz","DR-185","Direct Call","Patient Transfer Service","N/A","2026/04/25 06:00:35 PM","Liaqatpur"
"282656","Shahla Nawaz","DR-185","EMDS Call","Medical Emergency","Chest Pain","2026/04/25 06:02:28 PM","Rahim Yar Khan"
"282657","Adil Iqbal","DR-782","EMDS Call","Medical Emergency","SOB/ Respiratory Distress","2026/04/25 06:03:22 PM","Liaqatpur"
"282658","Shahla Nawaz","DR-185","EMDS Call","Medical Emergency","High Fever","2026/04/25 06:10:19 PM","Rahim Yar Khan"
"282659","Bushra Saleem","MR-5701","EMDS Call","Medical Emergency","Vomiting","2026/04/25 06:14:05 PM","Rahim Yar Khan"
"282660","Adil Iqbal","DR-782","EMDS Call","Medical Emergency","High Fever","2026/04/25 06:14:44 PM","Rahim Yar Khan"
"282661","Bushra Saleem","MR-5701","EMDS Call","Road Crash","Minor Injuries","2026/04/25 06:20:04 PM","Sadiqabad"
"282662","Adil Iqbal","DR-782","EMDS Call","Medical Emergency","Chest Pain","2026/04/25 06:29:03 PM","Sadiqabad"
"282663","Adil Iqbal","DR-782","EMDS Call","Road Crash","Minor Injuries","2026/04/25 06:34:13 PM","Rahim Yar Khan"
"282664","Shahla Nawaz","DR-185","EMDS Call","Rescue Operations","Hazmat","2026/04/25 06:36:01 PM","Rahim Yar Khan"
"282665","Adil Iqbal","DR-782","EMDS Call","Road Crash","Bleeding","2026/04/25 06:43:00 PM","Rahim Yar Khan"
"282666","Bushra Saleem","MR-5701","EMDS Call","Medical Emergency","Domestic Injuries","2026/04/25 06:50:18 PM","Sadiqabad"
"282667","Shahla Nawaz","DR-185","EMDS Call","Fire","Others","2026/04/25 07:00:31 PM","Khanpur"
"282668","Adil Iqbal","DR-782","EMDS Call","Medical Emergency","Abdominal Pain","2026/04/25 07:03:13 PM","Khanpur"
"282669","Adil Iqbal","DR-782","EMDS Call","Medical Emergency","Domestic Injuries","2026/04/25 07:05:57 PM","Sadiqabad"
"282670","Muhammad Rashid Saleem","DR-187","EMDS Call","Medical Emergency","CVA/Stroke","2026/04/25 07:12:51 PM","Khanpur"
"282671","Bushra Saleem","MR-5701","EMDS Call","Road Crash","Minor Injuries","2026/04/25 07:14:37 PM","Rahim Yar Khan"
"282672","Muhammad Zubair","DR-894","EMDS Call","Medical Emergency","SOB/ Respiratory Distress","2026/04/25 07:15:12 PM","Sadiqabad"
"282673","Muhammad Zubair","DR-894","EMDS Call","Medical Emergency","Cardiac Arrest","2026/04/25 07:18:58 PM","Rahim Yar Khan"
"282674","Bushra Saleem","MR-5701","EMDS Call","Medical Emergency","Hypertension","2026/04/25 07:17:40 PM","Rahim Yar Khan"
"Not Assigned","Muhammad Zubair","DR-894","Direct Call","High Raised Building Inspection","High Raised Building Inspection","2026/04/25 07:21:02 PM","Rahim Yar Khan"
"282675","Muhammad Zubair","DR-894","EMDS Call","Medical Emergency","Hypertension","2026/04/25 07:23:41 PM","Rahim Yar Khan"
"282676","Muhammad Zubair","DR-894","EMDS Call","Medical Emergency","Hypotension","2026/04/25 07:36:13 PM","Rahim Yar Khan"
"282677","Adil Iqbal","DR-782","EMDS Call","Medical Emergency","Vomiting","2026/04/25 07:53:19 PM","Rahim Yar Khan"
"282678","Shahla Nawaz","DR-185","EMDS Call","Medical Emergency","Anxiety / Psychiatric Disorder","2026/04/25 07:54:20 PM","Rahim Yar Khan"
"282679","Adil Iqbal","DR-782","EMDS Call","Road Crash","Bleeding","2026/04/25 07:57:05 PM","Rahim Yar Khan"
"282680","Shahla Nawaz","DR-185","EMDS Call","Medical Emergency","Abdominal Pain","2026/04/25 08:05:19 PM","Khanpur"
"78210","Muhammad Zubair","DR-894","Direct Call","Patient Transfer Service","N/A","2026/04/25 08:09:23 PM","Sadiqabad"
"282681","Muhammad Zubair","DR-894","EMDS Call","Medical Emergency","Vomiting","2026/04/25 08:14:32 PM","Rahim Yar Khan"
"78211","Muhammad Zubair","DR-894","Direct Call","Patient Transfer Service","N/A","2026/04/25 08:16:02 PM","Sadiqabad"
"282682","Muhammad Zubair","DR-894","EMDS Call","Medical Emergency","Abdominal Pain","2026/04/25 08:16:36 PM","Khanpur"
"282683","Shahla Nawaz","DR-185","Direct Call","Road Crash","Bleeding","2026/04/25 08:18:40 PM","Liaqatpur"
"282684","Shahla Nawaz","DR-185","EMDS Call","Medical Emergency","Anxiety / Psychiatric Disorder","2026/04/25 08:28:30 PM","Rahim Yar Khan"
"282685","Muhammad Rashid Saleem","DR-187","EMDS Call","Medical Emergency","Gynae Problem","2026/04/25 08:31:30 PM","Rahim Yar Khan"
"282686","Muhammad Rashid Saleem","DR-187","EMDS Call","Medical Emergency","High Fever","2026/04/25 08:37:04 PM","Rahim Yar Khan"
"282687","Muhammad Zubair","DR-894","EMDS Call","Rescue Operations","Delivery Case","2026/04/25 08:38:06 PM","Sadiqabad"
"282688","Muhammad Zubair","DR-894","EMDS Call","Medical Emergency","Chest Pain","2026/04/25 08:41:41 PM","Sadiqabad"
"282689","Muhammad Rashid Saleem","DR-187","EMDS Call","Medical Emergency","High Fever","2026/04/25 08:42:50 PM","Rahim Yar Khan"
"282691","Shahla Nawaz","DR-185","EMDS Call","Medical Emergency","Anxiety / Psychiatric Disorder","2026/04/25 08:44:21 PM","Sadiqabad"
"282690","Bushra Saleem","MR-5701","EMDS Call","Medical Emergency","Chronic Illness","2026/04/25 08:44:37 PM","Rahim Yar Khan"
"282692","Bushra Saleem","MR-5701","EMDS Call","Medical Emergency","Abdominal Pain","2026/04/25 08:50:40 PM","Sadiqabad"
"282694","Muhammad Zubair","DR-894","EMDS Call","Medical Emergency","Domestic Injuries","2026/04/25 09:00:16 PM","Sadiqabad"
"282693","Bushra Saleem","MR-5701","EMDS Call","Medical Emergency","Abdominal Pain","2026/04/25 09:06:30 PM","Khanpur"
"282695","Bushra Saleem","MR-5701","EMDS Call","Rescue Operations","Snake Emergency","2026/04/25 09:19:41 PM","Khanpur"
"282696","Muhammad Zubair","DR-894","EMDS Call","Medical Emergency","Abdominal Pain","2026/04/25 09:23:10 PM","Khanpur"
"282697","Shahla Nawaz","DR-185","EMDS Call","Rescue Operations","Pet Dog","2026/04/25 09:27:38 PM","Sadiqabad"
"282698","Bushra Saleem","MR-5701","EMDS Call","Medical Emergency","Gynae Problem","2026/04/25 09:30:50 PM","Liaqatpur"
"282699","Bushra Saleem","MR-5701","EMDS Call","Medical Emergency","Anxiety / Psychiatric Disorder","2026/04/25 09:34:22 PM","Rahim Yar Khan"
"282700","Muhammad Fiaz","DR-206","EMDS Call","Medical Emergency","Vomiting","2026/04/25 09:44:10 PM","Liaqatpur"
"282701","Shahla Nawaz","DR-185","EMDS Call","Medical Emergency","Anxiety / Psychiatric Disorder","2026/04/25 09:49:17 PM","Rahim Yar Khan"
"282702","Bushra Saleem","MR-5701","EMDS Call","Medical Emergency","SOB/ Respiratory Distress","2026/04/25 09:51:30 PM","Rahim Yar Khan"
"282703","Saira Bibi","MR-5494","EMDS Call","Medical Emergency","Anxiety / Psychiatric Disorder","2026/04/25 09:54:31 PM","Rahim Yar Khan"
"282704","Saira Bibi","MR-5494","EMDS Call","Medical Emergency","Vomiting","2026/04/25 09:56:32 PM","Khanpur"
"282705","Muhammad Fiaz","DR-206","EMDS Call","Medical Emergency","Domestic Injuries","2026/04/25 09:56:09 PM","Rahim Yar Khan"
"282706","Muhammad Fiaz","DR-206","EMDS Call","Medical Emergency","Anxiety / Psychiatric Disorder","2026/04/25 09:59:09 PM","Sadiqabad"
"282707","Faiz Muhyy Ul Din","DR-892","EMDS Call","Medical Emergency","Joints Pain","2026/04/25 09:56:59 PM","Rahim Yar Khan"
"282708","Saira Bibi","MR-5494","EMDS Call","Medical Emergency","Joints Pain","2026/04/25 10:00:04 PM","Rahim Yar Khan"
"282709","Saira Bibi","MR-5494","EMDS Call","Medical Emergency","Hypertension","2026/04/25 10:13:58 PM","Rahim Yar Khan"
"282710","Muhammad Fiaz","DR-206","EMDS Call","Medical Emergency","Vertigo/ Dizziness","2026/04/25 10:13:51 PM","Rahim Yar Khan"
"282711","Faiz Muhyy Ul Din","DR-892","EMDS Call","Medical Emergency","Unconscious","2026/04/25 10:15:40 PM","Sadiqabad"
"78212","Saira Bibi","MR-5494","Direct Call","Patient Transfer Service","N/A","2026/04/25 10:22:01 PM","Liaqatpur"
"282712","Muhammad Fiaz","DR-206","EMDS Call","Medical Emergency","Chronic Illness","2026/04/25 10:20:11 PM","Liaqatpur"
"78213","Saira Bibi","MR-5494","Direct Call","Patient Transfer Service","N/A","2026/04/25 10:25:55 PM","Liaqatpur"
"282713","Muhammad Fiaz","DR-206","EMDS Call","Medical Emergency","SOB/ Respiratory Distress","2026/04/25 10:24:50 PM","Rahim Yar Khan"
"282714","Saira Bibi","MR-5494","EMDS Call","Medical Emergency","Abdominal Pain","2026/04/25 10:27:33 PM","Rahim Yar Khan"
"282715","Faiz Muhyy Ul Din","DR-892","EMDS Call","Medical Emergency","Vomiting","2026/04/25 10:27:32 PM","Liaqatpur"
"282716","Faiz Muhyy Ul Din","DR-892","EMDS Call","Medical Emergency","SOB/ Respiratory Distress","2026/04/25 10:32:45 PM","Rahim Yar Khan"
"282717","Faiz Muhyy Ul Din","DR-892","EMDS Call","Medical Emergency","Vomiting","2026/04/25 10:38:50 PM","Rahim Yar Khan"
"282718","Saira Bibi","MR-5494","EMDS Call","Medical Emergency","Abdominal Pain","2026/04/25 10:41:06 PM","Sadiqabad"
"282719","Muhammad Fiaz","DR-206","EMDS Call","Medical Emergency","Hypertension","2026/04/25 10:41:47 PM","Rahim Yar Khan"
"78214","Maheen Tahir","MR-6017","Direct Call","Patient Transfer Service","N/A","2026/04/25 10:47:46 PM","Khanpur"
"282720","Saira Bibi","MR-5494","EMDS Call","Road Crash","Bleeding","2026/04/25 11:05:22 PM","Rahim Yar Khan"
"282721","Maheen Tahir","MR-6017","EMDS Call","Medical Emergency","SOB/ Respiratory Distress","2026/04/25 11:06:36 PM","Sadiqabad"
"282722","Saira Bibi","MR-5494","EMDS Call","Medical Emergency","Abdominal Pain","2026/04/25 11:53:32 PM","Rahim Yar Khan"
"282723","Maheen Tahir","MR-6017","EMDS Call","Medical Emergency","Headache","2026/04/25 11:56:56 PM","Rahim Yar Khan"
"282724","Maheen Tahir","MR-6017","Direct Call","Medical Emergency","Headache","2026/04/26 12:00:39 AM","Khanpur"
"282725","Muhammad Fiaz","DR-206","EMDS Call","Medical Emergency","SOB/ Respiratory Distress","2026/04/26 12:13:40 AM","Rahim Yar Khan"
"282726","Muhammad Fiaz","DR-206","EMDS Call","Medical Emergency","Diarrhea","2026/04/26 12:18:39 AM","Rahim Yar Khan"
"282727","Saira Bibi","MR-5494","EMDS Call","Medical Emergency","Hypertension","2026/04/26 12:19:33 AM","Sadiqabad"
"78215","Maheen Tahir","MR-6017","Direct Call","Patient Transfer Service","N/A","2026/04/26 12:23:03 AM","Liaqatpur"
"282728","Muhammad Fiaz","DR-206","EMDS Call","Medical Emergency","Unconscious","2026/04/26 12:50:17 AM","Liaqatpur"
"282729","Maheen Tahir","MR-6017","EMDS Call","Medical Emergency","Anxiety / Psychiatric Disorder","2026/04/26 12:57:15 AM","Liaqatpur"
"282730","Maheen Tahir","MR-6017","EMDS Call","Medical Emergency","Vertigo/ Dizziness","2026/04/26 01:10:20 AM","Rahim Yar Khan"
"282731","Saira Bibi","MR-5494","EMDS Call","Medical Emergency","Hypertension","2026/04/26 01:13:14 AM","Rahim Yar Khan"
"282732","Muhammad Fiaz","DR-206","EMDS Call","Fire","Short Circuit","2026/04/26 01:22:41 AM","Sadiqabad"
"282733","Saira Bibi","MR-5494","EMDS Call","Medical Emergency","Vertigo/ Dizziness","2026/04/26 01:28:02 AM","Rahim Yar Khan"
"282734","Muhammad Fiaz","DR-206","EMDS Call","Medical Emergency","Hypoglycemia","2026/04/26 01:33:27 AM","Rahim Yar Khan"
"282735","Maheen Tahir","MR-6017","EMDS Call","Medical Emergency","Chest Pain","2026/04/26 01:33:02 AM","Sadiqabad"
"78216","Saira Bibi","MR-5494","Direct Call","Patient Transfer Service","N/A","2026/04/26 01:38:21 AM","Sadiqabad"
"282736","Saira Bibi","MR-5494","EMDS Call","Medical Emergency","High Fever","2026/04/26 02:20:04 AM","Rahim Yar Khan"
"282737","Muhammad Fiaz","DR-206","EMDS Call","Medical Emergency","Vertigo/ Dizziness","2026/04/26 02:37:58 AM","Sadiqabad"
"282738","Maheen Tahir","MR-6017","EMDS Call","Medical Emergency","Urinary Retention","2026/04/26 02:45:03 AM","Rahim Yar Khan"
"282739","Saira Bibi","MR-5494","EMDS Call","Medical Emergency","Vomiting","2026/04/26 03:04:31 AM","Khanpur"
"78217","Maheen Tahir","MR-6017","Direct Call","Patient Transfer Service","N/A","2026/04/26 03:11:34 AM","Sadiqabad"
"78218","Shaheen Islam","DR-1171","Direct Call","Patient Transfer Service","N/A","2026/04/26 03:31:24 AM","Khanpur"
"282740","Zahid Manzoor","DR-887","EMDS Call","Medical Emergency","Vomiting","2026/04/26 03:56:49 AM","Rahim Yar Khan"
"282741","Zahid Manzoor","DR-887","EMDS Call","Medical Emergency","Vertigo/ Dizziness","2026/04/26 04:12:54 AM","Rahim Yar Khan"
"78219","Shaheen Islam","DR-1171","Direct Call","Patient Transfer Service","N/A","2026/04/26 04:29:47 AM","Sadiqabad"
"282742","Faiz Muhyy Ul Din","DR-892","EMDS Call","Road Crash","Minor Injuries","2026/04/26 04:58:25 AM","Rahim Yar Khan"
"Not Assigned","Shaheen Islam","DR-1171","EMDS Call","Medical Emergency","SOB/ Respiratory Distress","2026/04/26 05:05:53 AM","Khanpur"
"282744","Zahid Manzoor","DR-887","EMDS Call","Road Crash","Bleeding","2026/04/26 05:23:17 AM","Khanpur"
"282745","Faiz Muhyy Ul Din","DR-892","EMDS Call","Crime","Drug/Doping/Poisoning","2026/04/26 05:36:46 AM","Sadiqabad"
"282746","Faiz Muhyy Ul Din","DR-892","Direct Call","Road Crash","Severe Trauma","2026/04/26 05:50:29 AM","Rahim Yar Khan"
"282747","Faiz Muhyy Ul Din","DR-892","EMDS Call","Medical Emergency","Abdominal Pain","2026/04/26 06:32:34 AM","Rahim Yar Khan"
"282748","Zahid Manzoor","DR-887","EMDS Call","Medical Emergency","Unconscious","2026/04/26 06:45:57 AM","Khanpur"
"282749","Shaheen Islam","DR-1171","EMDS Call","Medical Emergency","Vomiting","2026/04/26 06:51:22 AM","Khanpur"
"282750","Shaheen Islam","DR-1171","EMDS Call","Medical Emergency","Vomiting","2026/04/26 06:57:27 AM","Rahim Yar Khan"
"282752","Zupasha Zia","MR-5758","EMDS Call","Medical Emergency","SOB/ Respiratory Distress","2026/04/26 07:38:12 AM","Sadiqabad"
"282751","Fahad Hussain","DR-538","EMDS Call","Medical Emergency","Vomiting","2026/04/26 07:41:09 AM","Rahim Yar Khan"
"282753","Sheeza Barkat","MR-5331","EMDS Call","Medical Emergency","Gynae Problem","2026/04/26 07:48:44 AM","Rahim Yar Khan"
"282754","Muhammad ALi","DR-818","EMDS Call","Road Crash","Severe Trauma","2026/04/26 07:55:16 AM","Rahim Yar Khan"
"282755","Muhammad ALi","DR-818","EMDS Call","Medical Emergency","Chest Pain","2026/04/26 08:03:10 AM","Rahim Yar Khan"
"282756","Sheeza Barkat","MR-5331","EMDS Call","Medical Emergency","Unconscious","2026/04/26 08:09:03 AM","Rahim Yar Khan"
"282757","Aasia Batool","MR-5198","EMDS Call","Medical Emergency","SOB/ Respiratory Distress","2026/04/26 08:16:17 AM","Khanpur"
"282758","Aasia Batool","MR-5198","EMDS Call","Medical Emergency","High Fever","2026/04/26 08:19:57 AM","Khanpur"
"282759","Muhammad ALi","DR-818","EMDS Call","Road Crash","Severe Trauma","2026/04/26 08:20:13 AM","Liaqatpur"
"282759","Muhammad ALi","DR-818","EMDS Call","Road Crash","Severe Trauma","2026/04/26 08:20:13 AM","Liaqatpur"
"282760","Fahad Hussain","DR-538","EMDS Call","Medical Emergency","Vertigo/ Dizziness","2026/04/26 08:34:40 AM","Rahim Yar Khan"
"282761","Muhammad ALi","DR-818","EMDS Call","Medical Emergency","Abdominal Pain","2026/04/26 08:37:39 AM","Rahim Yar Khan"
"282762","Fahad Hussain","DR-538","Direct Call","Medical Emergency","SOB/ Respiratory Distress","2026/04/26 08:45:22 AM","Rahim Yar Khan"
"282763","Fahad Hussain","DR-538","EMDS Call","Medical Emergency","Anxiety / Psychiatric Disorder","2026/04/26 08:47:47 AM","Khanpur"
"78220","Fahad Hussain","DR-538","Direct Call","Patient Transfer Service","N/A","2026/04/26 08:54:09 AM","Sadiqabad"
"282764","Fahad Hussain","DR-538","EMDS Call","Road Crash","Minor Injuries","2026/04/26 08:54:59 AM","Rahim Yar Khan"
"282764","Fahad Hussain","DR-538","EMDS Call","Road Crash","Minor Injuries","2026/04/26 08:54:59 AM","Rahim Yar Khan"
"78221","Fahad Hussain","DR-538","Direct Call","Patient Transfer Service","N/A","2026/04/26 08:57:10 AM","Sadiqabad"
"282765","Fahad Hussain","DR-538","EMDS Call","Medical Emergency","Joints Pain","2026/04/26 09:09:22 AM","Rahim Yar Khan"
"282766","Aasia Batool","MR-5198","EMDS Call","Medical Emergency","High Fever","2026/04/26 09:12:34 AM","Rahim Yar Khan"
"282767","Muhammad ALi","DR-818","EMDS Call","Medical Emergency","Joints Pain","2026/04/26 09:28:07 AM","Sadiqabad"
"282768","Zupasha Zia","MR-5758","EMDS Call","Medical Emergency","SOB/ Respiratory Distress","2026/04/26 09:32:17 AM","Rahim Yar Khan"
"282769","Aasia Batool","MR-5198","EMDS Call","Medical Emergency","High Fever","2026/04/26 09:35:13 AM","Rahim Yar Khan"
"282770","Aasia Batool","MR-5198","EMDS Call","Medical Emergency","Joints Pain","2026/04/26 09:42:47 AM","Rahim Yar Khan"
"282771","Muhammad ALi","DR-818","EMDS Call","Road Crash","Bleeding","2026/04/26 09:46:23 AM","Sadiqabad"
"282772","Muhammad ALi","DR-818","EMDS Call","Road Crash","Bleeding","2026/04/26 09:50:53 AM","Sadiqabad"
"282772","Muhammad ALi","DR-818","EMDS Call","Road Crash","Bleeding","2026/04/26 09:50:53 AM","Sadiqabad"
"282772","Muhammad ALi","DR-818","EMDS Call","Road Crash","Bleeding","2026/04/26 09:50:53 AM","Sadiqabad"
"282773","Zupasha Zia","MR-5758","EMDS Call","Road Crash","Minor Injuries","2026/04/26 09:58:04 AM","Rahim Yar Khan"
"282774","Aasia Batool","MR-5198","EMDS Call","Medical Emergency","Unconscious","2026/04/26 10:14:11 AM","Rahim Yar Khan"
"282775","Muhammad ALi","DR-818","EMDS Call","Rescue Operations","Electric Shock","2026/04/26 10:13:54 AM","Rahim Yar Khan"
"282776","Zupasha Zia","MR-5758","EMDS Call","Medical Emergency","Headache","2026/04/26 10:14:30 AM","Rahim Yar Khan"
"282777","Aasia Batool","MR-5198","EMDS Call","Medical Emergency","Unconscious","2026/04/26 10:27:35 AM","Khanpur"
"282778","Aasia Batool","MR-5198","EMDS Call","Medical Emergency","Vomiting","2026/04/26 10:30:45 AM","Rahim Yar Khan"
"282779","Muhammad ALi","DR-818","EMDS Call","Medical Emergency","High Fever","2026/04/26 10:34:49 AM","Liaqatpur"
"282780","Sheeza Barkat","MR-5331","EMDS Call","Medical Emergency","Anxiety / Psychiatric Disorder","2026/04/26 10:39:45 AM","Rahim Yar Khan"
"282781","Muhammad ALi","DR-818","EMDS Call","Medical Emergency","Chronic Illness","2026/04/26 10:40:48 AM","Sadiqabad"
"282782","Sheeza Barkat","MR-5331","EMDS Call","Medical Emergency","SOB/ Respiratory Distress","2026/04/26 10:47:20 AM","Liaqatpur"
"282783","Muhammad ALi","DR-818","EMDS Call","Medical Emergency","Unconscious","2026/04/26 10:47:36 AM","Khanpur"
"282784","Aasia Batool","MR-5198","EMDS Call","Medical Emergency","Anxiety / Psychiatric Disorder","2026/04/26 10:50:10 AM","Sadiqabad"
"78222","Aasia Batool","MR-5198","Direct Call","Patient Transfer Service","N/A","2026/04/26 10:56:36 AM","Sadiqabad"
"282785","Sheeza Barkat","MR-5331","EMDS Call","Medical Emergency","Hyperglycemia","2026/04/26 10:55:38 AM","Rahim Yar Khan"
"282786","Muhammad ALi","DR-818","EMDS Call","Fire","Others","2026/04/26 10:56:40 AM","Sadiqabad"
"282787","Aasia Batool","MR-5198","EMDS Call","Medical Emergency","Abdominal Pain","2026/04/26 10:59:50 AM","Liaqatpur"
"282789","Muhammad ALi","DR-818","EMDS Call","Road Crash","Bleeding","2026/04/26 11:11:57 AM","Rahim Yar Khan"
"282788","Aasia Batool","MR-5198","EMDS Call","Medical Emergency","Joints Pain","2026/04/26 11:12:42 AM","Rahim Yar Khan"
"282790","Zupasha Zia","MR-5758","EMDS Call","Medical Emergency","Domestic Injuries","2026/04/26 11:14:48 AM","Rahim Yar Khan"
"282791","Zupasha Zia","MR-5758","EMDS Call","Road Crash","Bleeding","2026/04/26 11:32:02 AM","Sadiqabad"
"282792","Muhammad ALi","DR-818","EMDS Call","Medical Emergency","Anxiety / Psychiatric Disorder","2026/04/26 11:38:39 AM","Khanpur"
"78223","Zupasha Zia","MR-5758","Direct Call","Patient Transfer Service","N/A","2026/04/26 11:43:30 AM","Liaqatpur"
"282793","Aasia Batool","MR-5198","EMDS Call","Medical Emergency","Vomiting","2026/04/26 11:45:06 AM","Rahim Yar Khan"
"282794","Zupasha Zia","MR-5758","EMDS Call","Medical Emergency","High Fever","2026/04/26 11:45:33 AM","Liaqatpur"
"282795","Muhammad ALi","DR-818","EMDS Call","Road Crash","Bleeding","2026/04/26 11:54:39 AM","Liaqatpur"
"282796","Aasia Batool","MR-5198","EMDS Call","Road Crash","Bleeding","2026/04/26 12:01:55 PM","Liaqatpur"
"282797","Aasia Batool","MR-5198","EMDS Call","Medical Emergency","Chronic Illness","2026/04/26 12:08:35 PM","Khanpur"
"282799","Zupasha Zia","MR-5758","EMDS Call","Medical Emergency","Chronic Illness","2026/04/26 12:10:50 PM","Khanpur"
"282798","Aasia Batool","MR-5198","EMDS Call","Fire","Candle/Heater","2026/04/26 12:11:40 PM","Sadiqabad"
"282800","Muhammad ALi","DR-818","EMDS Call","Road Crash","Severe Trauma","2026/04/26 12:21:57 PM","Rahim Yar Khan"
"282801","Zupasha Zia","MR-5758","EMDS Call","Medical Emergency","Anxiety / Psychiatric Disorder","2026/04/26 12:23:11 PM","Sadiqabad"
"282802","Aasia Batool","MR-5198","EMDS Call","Medical Emergency","Abdominal Pain","2026/04/26 12:30:33 PM","Sadiqabad"
"282803","Zupasha Zia","MR-5758","EMDS Call","Medical Emergency","Unconscious","2026/04/26 12:33:01 PM","Khanpur"
"282805","Muhammad ALi","DR-818","EMDS Call","Medical Emergency","Chronic Illness","2026/04/26 12:33:34 PM","Khanpur"
"282804","Aasia Batool","MR-5198","EMDS Call","Rescue Operations","Electric Shock","2026/04/26 12:34:12 PM","Rahim Yar Khan"
"282806","Muhammad ALi","DR-818","EMDS Call","Road Crash","Bleeding","2026/04/26 12:39:01 PM","Khanpur"
"282807","Zupasha Zia","MR-5758","EMDS Call","Road Crash","Minor Injuries","2026/04/26 12:40:50 PM","Rahim Yar Khan"
"282808","Aasia Batool","MR-5198","EMDS Call","Medical Emergency","Headache","2026/04/26 12:41:44 PM","Rahim Yar Khan"
"282809","Sheeza Barkat","MR-5331","EMDS Call","Road Crash","Bleeding","2026/04/26 12:41:40 PM","Rahim Yar Khan"
"282810","Muhammad ALi","DR-818","EMDS Call","Medical Emergency","SOB/ Respiratory Distress","2026/04/26 12:45:38 PM","Rahim Yar Khan"
"282811","Aasia Batool","MR-5198","EMDS Call","Medical Emergency","High Fever","2026/04/26 12:45:53 PM","Khanpur"
"282812","Zupasha Zia","MR-5758","EMDS Call","Fire","Others","2026/04/26 12:56:12 PM","Liaqatpur"
"282814","Muhammad ALi","DR-818","EMDS Call","Medical Emergency","Hypertension","2026/04/26 12:51:04 PM","Rahim Yar Khan"
"282813","Sheeza Barkat","MR-5331","EMDS Call","Medical Emergency","SOB/ Respiratory Distress","2026/04/26 01:01:57 PM","Sadiqabad"
"282815","Muhammad ALi","DR-818","EMDS Call","Road Crash","Bleeding","2026/04/26 01:09:25 PM","Khanpur"
"282816","Sheeza Barkat","MR-5331","EMDS Call","Medical Emergency","Anxiety / Psychiatric Disorder","2026/04/26 01:14:38 PM","Rahim Yar Khan"
"282817","Aasia Batool","MR-5198","EMDS Call","Rescue Operations","Animal/Bird Rescue","2026/04/26 01:16:17 PM","Khanpur"
"282818","Zupasha Zia","MR-5758","EMDS Call","Medical Emergency","SOB/ Respiratory Distress","2026/04/26 01:17:18 PM","Rahim Yar Khan"
"282819","Muhammad ALi","DR-818","EMDS Call","Medical Emergency","High Fever","2026/04/26 01:18:57 PM","Rahim Yar Khan"
"282821","Muhammad ALi","DR-818","EMDS Call","Road Crash","Bleeding","2026/04/26 01:30:32 PM","Sadiqabad"
"282820","Zupasha Zia","MR-5758","EMDS Call","Medical Emergency","High Fever","2026/04/26 01:32:09 PM","Rahim Yar Khan"
"282822","Zupasha Zia","MR-5758","EMDS Call","Medical Emergency","Domestic Injuries","2026/04/26 01:35:25 PM","Khanpur"
"282823","Sheeza Barkat","MR-5331","EMDS Call","Medical Emergency","Hypotension","2026/04/26 01:37:08 PM","Liaqatpur"
"282824","Muhammad ALi","DR-818","EMDS Call","Medical Emergency","Vomiting","2026/04/26 01:40:11 PM","Rahim Yar Khan"
"282825","Sheeza Barkat","MR-5331","EMDS Call","Medical Emergency","Vomiting","2026/04/26 01:40:56 PM","Sadiqabad"
"78224","Zupasha Zia","MR-5758","Direct Call","Patient Transfer Service","N/A","2026/04/26 01:46:32 PM","Sadiqabad"
"282826","Muhammad ALi","DR-818","EMDS Call","Medical Emergency","Headache","2026/04/26 01:47:08 PM","Rahim Yar Khan"
"78225","Zupasha Zia","MR-5758","Direct Call","Patient Transfer Service","N/A","2026/04/26 01:50:21 PM","Sadiqabad"
"282827","Sheeza Barkat","MR-5331","EMDS Call","Road Crash","Severe Trauma","2026/04/26 01:53:10 PM","Sadiqabad"
"282828","Sheeza Barkat","MR-5331","EMDS Call","Medical Emergency","Abdominal Pain","2026/04/26 01:57:41 PM","Sadiqabad"
"282829","Muhammad ALi","DR-818","EMDS Call","Rescue Operations","Delivery Case","2026/04/26 02:04:17 PM","Rahim Yar Khan"
"282830","Aasia Batool","MR-5198","EMDS Call","Road Crash","Severe Trauma","2026/04/26 02:05:24 PM","Rahim Yar Khan"
"282831","Zupasha Zia","MR-5758","EMDS Call","Medical Emergency","SOB/ Respiratory Distress","2026/04/26 02:06:59 PM","Sadiqabad"
"282832","Aasia Batool","MR-5198","EMDS Call","Road Crash","Bleeding","2026/04/26 02:13:39 PM","Liaqatpur"
"282833","Zupasha Zia","MR-5758","EMDS Call","Medical Emergency","Vertigo/ Dizziness","2026/04/26 02:19:36 PM","Khanpur"
"282834","Aasia Batool","MR-5198","EMDS Call","Medical Emergency","Gynae Problem","2026/04/26 02:22:03 PM","Khanpur"
"282835","Muhammad ALi","DR-818","EMDS Call","Road Crash","Minor Injuries","2026/04/26 02:24:20 PM","Rahim Yar Khan"
"282836","Zupasha Zia","MR-5758","EMDS Call","Road Crash","Minor Injuries","2026/04/26 02:24:24 PM","Sadiqabad"
"282837","Zupasha Zia","MR-5758","EMDS Call","Medical Emergency","SOB/ Respiratory Distress","2026/04/26 02:26:15 PM","Sadiqabad"
"282838","Aasia Batool","MR-5198","EMDS Call","Medical Emergency","Vertigo/ Dizziness","2026/04/26 02:26:39 PM","Sadiqabad"
"282839","Zupasha Zia","MR-5758","EMDS Call","Medical Emergency","High Fever","2026/04/26 02:33:40 PM","Sadiqabad"
"282840","Aasia Batool","MR-5198","EMDS Call","Medical Emergency","Hypertension","2026/04/26 02:33:38 PM","Rahim Yar Khan"
"282841","Muhammad ALi","DR-818","EMDS Call","Medical Emergency","Chronic Illness","2026/04/26 02:38:59 PM","Liaqatpur"
"282842","Zupasha Zia","MR-5758","EMDS Call","Medical Emergency","Anxiety / Psychiatric Disorder","2026/04/26 02:50:34 PM","Rahim Yar Khan"
"282843","Saima Bashir","MR-5819","EMDS Call","Road Crash","Minor Injuries","2026/04/26 03:07:11 PM","Sadiqabad"
"282844","Saima Bashir","MR-5819","EMDS Call","Medical Emergency","Vomiting","2026/04/26 03:09:57 PM","Rahim Yar Khan"
"282845","Rana M. Usman","DR-200","EMDS Call","Medical Emergency","Joints Pain","2026/04/26 03:06:16 PM","Sadiqabad"
"282846","Rana M. Usman","DR-200","EMDS Call","Rescue Operations","Delivery Case","2026/04/26 03:13:50 PM","Rahim Yar Khan"
"78226","Rana M. Usman","DR-200","Direct Call","Patient Transfer Service","N/A","2026/04/26 03:22:26 PM","Sadiqabad"
"282847","Bushra Saleem","MR-5701","EMDS Call","Medical Emergency","Hypoglycemia","2026/04/26 03:23:17 PM","Liaqatpur"
"282848","Saima Bashir","MR-5819","EMDS Call","Medical Emergency","Abdominal Pain","2026/04/26 03:23:35 PM","Rahim Yar Khan"
"282849","Rana M. Usman","DR-200","EMDS Call","Medical Emergency","SOB/ Respiratory Distress","2026/04/26 03:25:07 PM","Rahim Yar Khan"
"282850","Saima Bashir","MR-5819","EMDS Call","Medical Emergency","Vomiting","2026/04/26 03:25:28 PM","Khanpur"
"282851","Saima Bashir","MR-5819","EMDS Call","Medical Emergency","Renal Disorders / Renal Colic ","2026/04/26 03:33:52 PM","Khanpur"
"282852","Bushra Saleem","MR-5701","EMDS Call","Medical Emergency","Vomiting","2026/04/26 03:36:46 PM","Rahim Yar Khan"
"282853","Muhammad Zubair","DR-894","EMDS Call","Medical Emergency","Chemical / Drug Poisoning","2026/04/26 03:40:06 PM","Khanpur"
"282854","Muhammad Zubair","DR-894","EMDS Call","Medical Emergency","SOB/ Respiratory Distress","2026/04/26 03:48:40 PM","Rahim Yar Khan"
"282855","Saima Bashir","MR-5819","EMDS Call","Medical Emergency","Abdominal Pain","2026/04/26 03:57:55 PM","Sadiqabad"
"282856","Saima Bashir","MR-5819","EMDS Call","Medical Emergency","Unconscious","2026/04/26 04:01:19 PM","Rahim Yar Khan"
"282858","Bushra Saleem","MR-5701","EMDS Call","Medical Emergency","Hyperglycemia","2026/04/26 04:02:03 PM","Rahim Yar Khan"
"282857","Muhammad Zubair","DR-894","EMDS Call","Medical Emergency","Domestic Injuries","2026/04/26 04:04:33 PM","Rahim Yar Khan"
"282859","Bushra Saleem","MR-5701","EMDS Call","Rescue Operations","Animal/Bird Rescue","2026/04/26 04:12:41 PM","Sadiqabad"
"282860","Saima Bashir","MR-5819","EMDS Call","Road Crash","Bleeding","2026/04/26 04:14:14 PM","Sadiqabad"
"282861","Bushra Saleem","MR-5701","EMDS Call","Medical Emergency","SOB/ Respiratory Distress","2026/04/26 04:16:04 PM","Sadiqabad"
"282862","Muhammad Zubair","DR-894","EMDS Call","Medical Emergency","Chest Pain","2026/04/26 04:16:48 PM","Rahim Yar Khan"
"282863","Saima Bashir","MR-5819","EMDS Call","Medical Emergency","Unconscious","2026/04/26 04:19:36 PM","Khanpur"
"282864","Bushra Saleem","MR-5701","EMDS Call","Medical Emergency","High Fever","2026/04/26 04:21:09 PM","Liaqatpur"
"282865","Saima Bashir","MR-5819","EMDS Call","Medical Emergency","SOB/ Respiratory Distress","2026/04/26 04:24:12 PM","Sadiqabad"
"282866","Bushra Saleem","MR-5701","EMDS Call","Rescue Operations","Electric Shock","2026/04/26 04:29:26 PM","Rahim Yar Khan"
"282867","Saima Bashir","MR-5819","EMDS Call","Rescue Operations","Delivery Case","2026/04/26 04:35:18 PM","Rahim Yar Khan"
"282868","Muhammad Zubair","DR-894","EMDS Call","Medical Emergency","Chest Pain","2026/04/26 04:36:15 PM","Khanpur"
"78227","Bushra Saleem","MR-5701","Direct Call","Patient Transfer Service","N/A","2026/04/26 04:39:02 PM","Sadiqabad"
"282869","Bushra Saleem","MR-5701","EMDS Call","Road Crash","Bleeding","2026/04/26 04:39:35 PM","Sadiqabad"
"282870","Muhammad Zubair","DR-894","EMDS Call","Medical Emergency","High Fever","2026/04/26 04:40:56 PM","Rahim Yar Khan"
"78228","Bushra Saleem","MR-5701","Direct Call","Patient Transfer Service","N/A","2026/04/26 04:44:09 PM","Sadiqabad"
"78229","Saima Bashir","MR-5819","Direct Call","Patient Transfer Service","N/A","2026/04/26 04:48:28 PM","Liaqatpur"
"282871","Saima Bashir","MR-5819","EMDS Call","Rescue Operations","Snake Emergency","2026/04/26 04:51:00 PM","Khanpur"
"282872","Bushra Saleem","MR-5701","EMDS Call","Medical Emergency","High Fever","2026/04/26 04:53:33 PM","Liaqatpur"
"282873","Bushra Saleem","MR-5701","EMDS Call","Medical Emergency","Abdominal Pain","2026/04/26 04:59:31 PM","Rahim Yar Khan"
"282874","Muhammad Zubair","DR-894","EMDS Call","Rescue Operations","Animal/Bird Rescue","2026/04/26 05:03:45 PM","Rahim Yar Khan"
"282875","Saima Bashir","MR-5819","EMDS Call","Medical Emergency","Hypertension","2026/04/26 05:07:09 PM","Sadiqabad"
"282876","Bushra Saleem","MR-5701","EMDS Call","Medical Emergency","Anxiety / Psychiatric Disorder","2026/04/26 05:08:01 PM","Rahim Yar Khan"
"282877","Saima Bashir","MR-5819","EMDS Call","Medical Emergency","Chest Pain","2026/04/26 05:13:03 PM","Rahim Yar Khan"
"282878","Saima Bashir","MR-5819","EMDS Call","Road Crash","Bleeding","2026/04/26 05:20:51 PM","Khanpur"
"282878","Saima Bashir","MR-5819","EMDS Call","Road Crash","Bleeding","2026/04/26 05:20:51 PM","Khanpur"
"282879","Bushra Saleem","MR-5701","EMDS Call","Medical Emergency","Vertigo/ Dizziness","2026/04/26 05:30:32 PM","Khanpur"
"282880","Bushra Saleem","MR-5701","EMDS Call","Medical Emergency","High Fever","2026/04/26 05:49:15 PM","Liaqatpur"
"282881","Muhammad Zubair","DR-894","EMDS Call","Medical Emergency","High Fever","2026/04/26 05:50:08 PM","Rahim Yar Khan"
"282882","Saima Bashir","MR-5819","EMDS Call","Road Crash","Severe Trauma","2026/04/26 05:52:46 PM","Sadiqabad"
"282882","Saima Bashir","MR-5819","EMDS Call","Road Crash","Severe Trauma","2026/04/26 05:52:46 PM","Sadiqabad"
"282883","Muhammad Zubair","DR-894","EMDS Call","Medical Emergency","Hypoglycemia","2026/04/26 05:53:53 PM","Rahim Yar Khan"
"282885","Rana M. Usman","DR-200","EMDS Call","Medical Emergency","Diarrhea","2026/04/26 05:55:48 PM","Rahim Yar Khan"
"282884","Saima Bashir","MR-5819","EMDS Call","Medical Emergency","Joints Pain","2026/04/26 05:57:22 PM","Sadiqabad"
"282886","Muhammad Zubair","DR-894","EMDS Call","Medical Emergency","Joints Pain","2026/04/26 05:59:55 PM","Liaqatpur"
"282887","Saima Bashir","MR-5819","EMDS Call","Medical Emergency","Unconscious","2026/04/26 06:02:43 PM","Sadiqabad"
"282888","Muhammad Zubair","DR-894","EMDS Call","Medical Emergency","Backache","2026/04/26 06:08:32 PM","Liaqatpur"
"282889","Muhammad Zubair","DR-894","EMDS Call","Road Crash","Minor Injuries","2026/04/26 06:14:08 PM","Khanpur"
"78230","Bushra Saleem","MR-5701","Direct Call","Patient Transfer Service","N/A","2026/04/26 06:20:09 PM","Khanpur"
"282890","Bushra Saleem","MR-5701","EMDS Call","Medical Emergency","SOB/ Respiratory Distress","2026/04/26 06:25:05 PM","Khanpur"
"78231","Bushra Saleem","MR-5701","Direct Call","Patient Transfer Service","N/A","2026/04/26 06:33:01 PM","Sadiqabad"
"78232","Bushra Saleem","MR-5701","Direct Call","Patient Transfer Service","N/A","2026/04/26 06:36:48 PM","Sadiqabad"
"282891","Bushra Saleem","MR-5701","EMDS Call","Medical Emergency","Joints Pain","2026/04/26 06:43:32 PM","Rahim Yar Khan"
"282892","Muhammad Zubair","DR-894","EMDS Call","Medical Emergency","Backache","2026/04/26 06:58:25 PM","Khanpur"
"282895","Muhammad Zubair","DR-894","EMDS Call","Road Crash","Severe Trauma","2026/04/26 07:12:55 PM","Rahim Yar Khan"
"282893","Bushra Saleem","MR-5701","EMDS Call","Medical Emergency","Renal Disorders / Renal Colic ","2026/04/26 07:12:40 PM","Liaqatpur"
"282894","Saima Bashir","MR-5819","EMDS Call","Medical Emergency","Vomiting","2026/04/26 07:15:23 PM","Sadiqabad"
"Not Assigned","Muhammad Zubair","DR-894","Direct Call","High Raised Building Inspection","High Raised Building Inspection","2026/04/26 07:20:00 PM","Rahim Yar Khan"
"282896","Bushra Saleem","MR-5701","EMDS Call","Road Crash","Bleeding","2026/04/26 07:22:39 PM","Khanpur"
"282897","Saima Bashir","MR-5819","EMDS Call","Medical Emergency","Hypertension","2026/04/26 07:23:35 PM","Rahim Yar Khan"
"282898","Saima Bashir","MR-5819","EMDS Call","Medical Emergency","Hyperglycemia","2026/04/26 07:28:18 PM","Rahim Yar Khan"
"282899","Bushra Saleem","MR-5701","EMDS Call","Medical Emergency","High Fever","2026/04/26 07:28:23 PM","Rahim Yar Khan"
"282900","Saima Bashir","MR-5819","EMDS Call","Medical Emergency","SOB/ Respiratory Distress","2026/04/26 07:32:54 PM","Rahim Yar Khan"
"78233","Bushra Saleem","MR-5701","Direct Call","Patient Transfer Service","N/A","2026/04/26 07:35:20 PM","Sadiqabad"
"282901","Bushra Saleem","MR-5701","EMDS Call","Crime","Physical Assault/Violence","2026/04/26 07:39:55 PM","Sadiqabad"
"282902","Muhammad Zubair","DR-894","EMDS Call","Medical Emergency","High Fever","2026/04/26 07:44:35 PM","Rahim Yar Khan"
"282903","Muhammad Zubair","DR-894","EMDS Call","Medical Emergency","Vomiting","2026/04/26 07:50:03 PM","Sadiqabad"
"282904","Bushra Saleem","MR-5701","EMDS Call","Medical Emergency","Headache","2026/04/26 07:55:13 PM","Rahim Yar Khan"
"282905","Muhammad Zubair","DR-894","EMDS Call","Medical Emergency","High Fever","2026/04/26 07:56:55 PM","Rahim Yar Khan"
"282906","Muhammad Zubair","DR-894","EMDS Call","Medical Emergency","SOB/ Respiratory Distress","2026/04/26 08:14:29 PM","Khanpur"
"282907","Bushra Saleem","MR-5701","EMDS Call","Medical Emergency","Vomiting","2026/04/26 08:15:14 PM","Rahim Yar Khan"
"282908","Muhammad Riaz","DR-654","EMDS Call","Medical Emergency","Vertigo/ Dizziness","2026/04/26 08:17:10 PM","Sadiqabad"
"282909","Muhammad Riaz","DR-654","EMDS Call","Medical Emergency","Vomiting","2026/04/26 08:21:04 PM","Sadiqabad"
"282910","Muhammad Zubair","DR-894","EMDS Call","Medical Emergency","CVA/Stroke","2026/04/26 08:22:46 PM","Liaqatpur"
"282911","Bushra Saleem","MR-5701","EMDS Call","Medical Emergency","Vomiting","2026/04/26 08:24:39 PM","Rahim Yar Khan"
"282912","Muhammad Riaz","DR-654","EMDS Call","Medical Emergency","Anxiety / Psychiatric Disorder","2026/04/26 08:30:10 PM","Rahim Yar Khan"
"282913","Bushra Saleem","MR-5701","EMDS Call","Crime","Probable Suicide","2026/04/26 08:29:25 PM","Rahim Yar Khan"
"282914","Muhammad Zubair","DR-894","EMDS Call","Medical Emergency","Hypertension","2026/04/26 08:32:03 PM","Rahim Yar Khan"
"282915","Muhammad Zubair","DR-894","EMDS Call","Medical Emergency","Renal Disorders / Renal Colic ","2026/04/26 08:36:38 PM","Rahim Yar Khan"
"282916","Muhammad Zubair","DR-894","EMDS Call","Medical Emergency","Joints Pain","2026/04/26 08:38:40 PM","Sadiqabad"
"282917","Muhammad Zubair","DR-894","EMDS Call","Medical Emergency","Unconscious","2026/04/26 08:45:09 PM","Rahim Yar Khan"
"282918","Muhammad Zubair","DR-894","EMDS Call","Medical Emergency","High Fever","2026/04/26 08:51:36 PM","Rahim Yar Khan"
"282919","Bushra Saleem","MR-5701","EMDS Call","Medical Emergency","Vomiting","2026/04/26 08:52:55 PM","Rahim Yar Khan"
"282920","Muhammad Zubair","DR-894","EMDS Call","Medical Emergency","Vomiting","2026/04/26 08:56:11 PM","Sadiqabad"
"282921","Muhammad Riaz","DR-654","EMDS Call","Medical Emergency","Anxiety / Psychiatric Disorder","2026/04/26 09:00:11 PM","Rahim Yar Khan"
"282922","Bushra Saleem","MR-5701","EMDS Call","Medical Emergency","Unconscious","2026/04/26 09:11:00 PM","Rahim Yar Khan"
"78234","Bushra Saleem","MR-5701","Direct Call","Patient Transfer Service","N/A","2026/04/26 09:15:13 PM","Khanpur"
"282924","Muhammad Zubair","DR-894","EMDS Call","Medical Emergency","Abdominal Pain","2026/04/26 09:10:38 PM","Sadiqabad"
"282923","Muhammad Zubair","DR-894","EMDS Call","Medical Emergency","Abdominal Pain","2026/04/26 09:15:31 PM","Rahim Yar Khan"
"282925","Muhammad Riaz","DR-654","EMDS Call","Medical Emergency","Vertigo/ Dizziness","2026/04/26 09:20:45 PM","Rahim Yar Khan"
"282926","Saima Bashir","MR-5819","EMDS Call","Medical Emergency","Domestic Injuries","2026/04/26 09:24:44 PM","Sadiqabad"
"78235","Bushra Saleem","MR-5701","Direct Call","Patient Transfer Service","N/A","2026/04/26 09:35:27 PM","Sadiqabad"
"282927","Maheen Tahir","MR-6017","EMDS Call","Medical Emergency","Joints Pain","2026/04/26 09:35:52 PM","Rahim Yar Khan"
"282928","Maheen Tahir","MR-6017","EMDS Call","Rescue Operations","Delivery Case","2026/04/26 09:39:09 PM","Rahim Yar Khan"
"282929","Saima Bashir","MR-5819","EMDS Call","Medical Emergency","SOB/ Respiratory Distress","2026/04/26 09:40:46 PM","Rahim Yar Khan"
"282930","Maheen Tahir","MR-6017","EMDS Call","Rescue Operations","Delivery Case","2026/04/26 09:41:54 PM","Rahim Yar Khan"
"282931","Maheen Tahir","MR-6017","EMDS Call","Fire","Others","2026/04/26 09:45:03 PM","Rahim Yar Khan"
"282932","Maheen Tahir","MR-6017","EMDS Call","Medical Emergency","Drug Addiction","2026/04/26 09:49:49 PM","Sadiqabad"
"282933","Saira Bibi","MR-5494","EMDS Call","Medical Emergency","Joints Pain","2026/04/26 09:51:34 PM","Rahim Yar Khan"
"282934","Muhammad Fiaz","DR-206","EMDS Call","Medical Emergency","SOB/ Respiratory Distress","2026/04/26 09:53:15 PM","Rahim Yar Khan"
"282935","Saira Bibi","MR-5494","EMDS Call","Rescue Operations","Delivery Case","2026/04/26 09:57:01 PM","Sadiqabad"
"78236","Saira Bibi","MR-5494","Direct Call","Patient Transfer Service","N/A","2026/04/26 10:01:47 PM","Khanpur"
"282936","Maheen Tahir","MR-6017","EMDS Call","Rescue Operations","Animal/Bird Rescue","2026/04/26 10:01:14 PM","Rahim Yar Khan"
"282937","Muhammad Fiaz","DR-206","EMDS Call","Medical Emergency","Abdominal Pain","2026/04/26 10:17:11 PM","Sadiqabad"
"282938","Sajid Mehmood","DR-914","EMDS Call","Medical Emergency","Hypertension","2026/04/26 10:19:29 PM","Khanpur"
"282939","Saira Bibi","MR-5494","EMDS Call","Medical Emergency","Joints Pain","2026/04/26 10:20:02 PM","Khanpur"
"282940","Sajid Mehmood","DR-914","EMDS Call","Medical Emergency","Vertigo/ Dizziness","2026/04/26 10:21:45 PM","Rahim Yar Khan"
"282941","Maheen Tahir","MR-6017","EMDS Call","Road Crash","Minor Injuries","2026/04/26 10:25:18 PM","Rahim Yar Khan"
"282942","Muhammad Fiaz","DR-206","EMDS Call","Medical Emergency","Vomiting","2026/04/26 10:29:10 PM","Sadiqabad"
"282943","Sajid Mehmood","DR-914","EMDS Call","Fire","Short Circuit","2026/04/26 10:30:02 PM","Rahim Yar Khan"
"282944","Maheen Tahir","MR-6017","EMDS Call","Medical Emergency","Unconscious","2026/04/26 10:30:21 PM","Rahim Yar Khan"
"282945","Sajid Mehmood","DR-914","EMDS Call","Medical Emergency","Headache","2026/04/26 10:37:26 PM","Sadiqabad"
"282946","Sajid Mehmood","DR-914","EMDS Call","Medical Emergency","Domestic Injuries","2026/04/26 10:50:48 PM","Rahim Yar Khan"
"282947","Muhammad Fiaz","DR-206","EMDS Call","Medical Emergency","Abdominal Pain","2026/04/26 10:53:25 PM","Rahim Yar Khan"
"78237","Muhammad Fiaz","DR-206","Direct Call","Patient Transfer Service","N/A","2026/04/26 10:56:43 PM","Sadiqabad"
"282948","Muhammad Fiaz","DR-206","EMDS Call","Medical Emergency","Anxiety / Psychiatric Disorder","2026/04/26 10:58:48 PM","Rahim Yar Khan"
"78238","Maheen Tahir","MR-6017","Direct Call","Patient Transfer Service","N/A","2026/04/26 11:00:56 PM","Sadiqabad"
"282949","Sajid Mehmood","DR-914","EMDS Call","Medical Emergency","Anxiety / Psychiatric Disorder","2026/04/26 11:09:30 PM","Rahim Yar Khan"
"282950","Muhammad Tariq Hameed","DR-885","EMDS Call","Medical Emergency","Unconscious","2026/04/26 11:42:31 PM","Rahim Yar Khan"
"78239","Muhammad Fiaz","DR-206","Direct Call","Patient Transfer Service","N/A","2026/04/26 11:55:20 PM","Sadiqabad"
"282951","Muhammad Fiaz","DR-206","EMDS Call","Medical Emergency","Unconscious","2026/04/26 11:58:58 PM","Khanpur"
"282952","Sajid Mehmood","DR-914","EMDS Call","Medical Emergency","Diarrhea","2026/04/27 12:00:13 AM","Rahim Yar Khan"
"282953","Muhammad Tariq Hameed","DR-885","EMDS Call","Medical Emergency","Abdominal Pain","2026/04/26 11:58:23 PM","Khanpur"
"282954","Sajid Mehmood","DR-914","EMDS Call","Medical Emergency","Diarrhea","2026/04/27 12:08:57 AM","Rahim Yar Khan"
"282955","Sajid Mehmood","DR-914","EMDS Call","Medical Emergency","Chest Pain","2026/04/27 12:18:20 AM","Khanpur"
"78240","Muhammad Tariq Hameed","DR-885","Direct Call","Patient Transfer Service","N/A","2026/04/27 12:29:27 AM","Liaqatpur"
"282956","Muhammad Fiaz","DR-206","EMDS Call","Medical Emergency","Anxiety / Psychiatric Disorder","2026/04/27 12:30:27 AM","Rahim Yar Khan"
"282957","Sajid Mehmood","DR-914","EMDS Call","Crime","Drug/Doping/Poisoning","2026/04/27 12:50:51 AM","Sadiqabad"
"282958","Muhammad Tariq Hameed","DR-885","EMDS Call","Medical Emergency","Blood In Vomit","2026/04/27 01:03:44 AM","Rahim Yar Khan"
"282959","Muhammad Fiaz","DR-206","EMDS Call","Medical Emergency","Joints Pain","2026/04/27 01:07:38 AM","Rahim Yar Khan"
"282960","Sajid Mehmood","DR-914","EMDS Call","Rescue Operations","Delivery Case","2026/04/27 01:16:45 AM","Rahim Yar Khan"
"282961","Muhammad Fiaz","DR-206","EMDS Call","Medical Emergency","Anxiety / Psychiatric Disorder","2026/04/27 01:34:40 AM","Rahim Yar Khan"
"282962","Muhammad Tariq Hameed","DR-885","EMDS Call","Medical Emergency","Anxiety / Psychiatric Disorder","2026/04/27 01:34:12 AM","Rahim Yar Khan"
"282963","Sajid Mehmood","DR-914","EMDS Call","Rescue Operations","Delivery Case","2026/04/27 01:44:51 AM","Rahim Yar Khan"
"282965","Muhammad Fiaz","DR-206","EMDS Call","Medical Emergency","Anxiety / Psychiatric Disorder","2026/04/27 01:49:25 AM","Rahim Yar Khan"
"282964","Sajid Mehmood","DR-914","EMDS Call","Medical Emergency","Abdominal Pain","2026/04/27 01:49:32 AM","Rahim Yar Khan"
"282966","Muhammad Fiaz","DR-206","EMDS Call","Medical Emergency","Vomiting","2026/04/27 01:57:49 AM","Rahim Yar Khan"
"282967","Sajid Mehmood","DR-914","EMDS Call","Medical Emergency","Vomiting","2026/04/27 02:03:06 AM","Rahim Yar Khan"
"282968","Muhammad Tariq Hameed","DR-885","EMDS Call","Medical Emergency","Vertigo/ Dizziness","2026/04/27 02:15:37 AM","Rahim Yar Khan"
"282969","Sajid Mehmood","DR-914","EMDS Call","Medical Emergency","SOB/ Respiratory Distress","2026/04/27 02:27:06 AM","Sadiqabad"
"282970","Muhammad Fiaz","DR-206","EMDS Call","Medical Emergency","Renal Disorders / Renal Colic ","2026/04/27 02:35:49 AM","Khanpur"
"282971","Sajid Mehmood","DR-914","EMDS Call","Medical Emergency","High Fever","2026/04/27 02:37:11 AM","Rahim Yar Khan"
"282972","Muhammad Tariq Hameed","DR-885","EMDS Call","Medical Emergency","SOB/ Respiratory Distress","2026/04/27 02:41:36 AM","Rahim Yar Khan"
"282973","Muhammad Fiaz","DR-206","EMDS Call","Medical Emergency","Abdominal Pain","2026/04/27 02:44:28 AM","Rahim Yar Khan"
"282975","Sajid Mehmood","DR-914","EMDS Call","Medical Emergency","Eye Pain","2026/04/27 02:45:31 AM","Rahim Yar Khan"
"282974","Muhammad Tariq Hameed","DR-885","EMDS Call","Fire","Short Circuit","2026/04/27 02:46:56 AM","Rahim Yar Khan"
"282976","Muhammad Fiaz","DR-206","EMDS Call","Medical Emergency","Vomiting","2026/04/27 02:48:57 AM","Sadiqabad"
"282977","Muhammad Fiaz","DR-206","EMDS Call","Medical Emergency","Hypertension","2026/04/27 02:52:20 AM","Rahim Yar Khan"
"282978","Muhammad Fiaz","DR-206","EMDS Call","Medical Emergency","SOB/ Respiratory Distress","2026/04/27 02:57:26 AM","Sadiqabad"
"282979","Muhammad Tariq Hameed","DR-885","EMDS Call","Medical Emergency","Abdominal Pain","2026/04/27 02:56:52 AM","Sadiqabad"
"78241","Muhammad Tariq Hameed","DR-885","Direct Call","Patient Transfer Service","N/A","2026/04/27 03:04:59 AM","Sadiqabad"
"282980","Sajid Mehmood","DR-914","EMDS Call","Medical Emergency","SOB/ Respiratory Distress","2026/04/27 03:05:08 AM","Khanpur"
"282981","Muhammad Tariq Hameed","DR-885","EMDS Call","Medical Emergency","Vomiting","2026/04/27 03:07:29 AM","Rahim Yar Khan"
"282982","Maheen Tahir","MR-6017","EMDS Call","Medical Emergency","Anxiety / Psychiatric Disorder","2026/04/27 03:26:31 AM","Khanpur"
"282983","Saira Bibi","MR-5494","EMDS Call","Medical Emergency","Vomiting","2026/04/27 03:31:39 AM","Sadiqabad"
"282984","Shaheen Islam","DR-1171","EMDS Call","Medical Emergency","Anxiety / Psychiatric Disorder","2026/04/27 03:39:02 AM","Rahim Yar Khan"
"282985","Maheen Tahir","MR-6017","EMDS Call","Medical Emergency","Abdominal Pain","2026/04/27 04:02:38 AM","Sadiqabad"
"282986","Saira Bibi","MR-5494","EMDS Call","Medical Emergency","Headache","2026/04/27 04:04:22 AM","Rahim Yar Khan"
"282987","Maheen Tahir","MR-6017","EMDS Call","Medical Emergency","Hypertension","2026/04/27 04:14:30 AM","Sadiqabad"
"282988","Shaheen Islam","DR-1171","EMDS Call","Medical Emergency","Chest Pain","2026/04/27 04:23:25 AM","Rahim Yar Khan"
"282989","Maheen Tahir","MR-6017","EMDS Call","Medical Emergency","High Fever","2026/04/27 04:51:43 AM","Liaqatpur"
"78242","Shaheen Islam","DR-1171","Direct Call","Patient Transfer Service","N/A","2026/04/27 04:54:42 AM","Sadiqabad"
"282990","Saira Bibi","MR-5494","EMDS Call","Medical Emergency","Diarrhea","2026/04/27 04:56:04 AM","Sadiqabad"
"282991","Maheen Tahir","MR-6017","EMDS Call","Medical Emergency","Chronic Illness","2026/04/27 05:23:15 AM","Liaqatpur"
"282992","Saira Bibi","MR-5494","EMDS Call","Medical Emergency","Vomiting","2026/04/27 05:24:42 AM","Sadiqabad"
"282993","Maheen Tahir","MR-6017","EMDS Call","Medical Emergency","Unconscious","2026/04/27 05:26:25 AM","Khanpur"
"Not Assigned","Saira Bibi","MR-5494","EMDS Call","Medical Emergency","Unconscious","2026/04/27 05:29:39 AM","Rahim Yar Khan"
"282995","Shaheen Islam","DR-1171","EMDS Call","Medical Emergency","Abdominal Pain","2026/04/27 06:37:24 AM","Sadiqabad"
"78243","Shaheen Islam","DR-1171","Direct Call","Patient Transfer Service","N/A","2026/04/27 06:59:22 AM","Khanpur"
"282996","Maheen Tahir","MR-6017","EMDS Call","Medical Emergency","Chronic Illness","2026/04/27 07:00:36 AM","Khanpur"
"78244","Maheen Tahir","MR-6017","Direct Call","Patient Transfer Service","N/A","2026/04/27 07:04:20 AM","Liaqatpur"
"282997","Saira Bibi","MR-5494","EMDS Call","Medical Emergency","Joints Pain","2026/04/27 07:07:08 AM","Rahim Yar Khan"
"282998","Sheeza Barkat","MR-5331","EMDS Call","Road Crash","Bleeding","2026/04/27 07:14:36 AM","Rahim Yar Khan"
"282999","Zupasha Zia","MR-5758","EMDS Call","Medical Emergency","SOB/ Respiratory Distress","2026/04/27 07:33:38 AM","Rahim Yar Khan"
"283000","Saira Bibi","MR-5494","EMDS Call","Road Crash","Minor Injuries","2026/04/27 07:36:22 AM","Rahim Yar Khan"
"283001","Sheeza Barkat","MR-5331","EMDS Call","Medical Emergency","Abdominal Pain","2026/04/27 07:39:04 AM","Khanpur"
"283002","Adnan Shabbir","DR-205","EMDS Call","Medical Emergency","Unconscious","2026/04/27 07:44:43 AM","Sadiqabad"
"283003","Sheeza Barkat","MR-5331","EMDS Call","Medical Emergency","Renal Disorders / Renal Colic ","2026/04/27 07:49:02 AM","Sadiqabad"
"283004","Saira Bibi","MR-5494","EMDS Call","Road Crash","Bleeding","2026/04/27 08:12:38 AM","Liaqatpur"
"283005","Zupasha Zia","MR-5758","EMDS Call","Road Crash","Minor Injuries","2026/04/27 08:15:52 AM","Rahim Yar Khan"
"283006","Saira Bibi","MR-5494","EMDS Call","Medical Emergency","High Fever","2026/04/27 08:26:37 AM","Liaqatpur"
"283007","Zupasha Zia","MR-5758","EMDS Call","Medical Emergency","Vomiting","2026/04/27 08:27:52 AM","Rahim Yar Khan"
"283008","Adnan Shabbir","DR-205","EMDS Call","Rescue Operations","Hazmat","2026/04/27 08:28:55 AM","Rahim Yar Khan"
"283009","Muhammad ALi","DR-818","EMDS Call","Medical Emergency","Abdominal Pain","2026/04/27 08:29:58 AM","Rahim Yar Khan"
"283010","Adnan Shabbir","DR-205","EMDS Call","Medical Emergency","SOB/ Respiratory Distress","2026/04/27 08:33:26 AM","Liaqatpur"
"283011","Muhammad Rashid Saleem","DR-187","EMDS Call","Medical Emergency","Vomiting","2026/04/27 08:34:08 AM","Rahim Yar Khan"
"283012","Muhammad Rashid Saleem","DR-187","EMDS Call","Road Crash","Minor Injuries","2026/04/27 08:41:15 AM","Rahim Yar Khan"
"283013","Muhammad ALi","DR-818","EMDS Call","Medical Emergency","Vertigo/ Dizziness","2026/04/27 08:41:04 AM","Rahim Yar Khan"
"283014","Adnan Shabbir","DR-205","EMDS Call","Medical Emergency","Abdominal Pain","2026/04/27 08:44:02 AM","Khanpur"
"283015","Muhammad ALi","DR-818","EMDS Call","Medical Emergency","Epilepsy","2026/04/27 08:46:53 AM","Rahim Yar Khan"
"283017","Muhammad Rashid Saleem","DR-187","EMDS Call","Medical Emergency","Hypertension","2026/04/27 08:58:48 AM","Sadiqabad"
"283016","Zupasha Zia","MR-5758","EMDS Call","Medical Emergency","Unconscious","2026/04/27 08:59:06 AM","Khanpur"
"283018","Zupasha Zia","MR-5758","EMDS Call","Medical Emergency","Unconscious","2026/04/27 09:00:52 AM","Khanpur"
"283019","Adnan Shabbir","DR-205","EMDS Call","Medical Emergency","Vomiting","2026/04/27 09:08:10 AM","Rahim Yar Khan"
"283020","Muhammad ALi","DR-818","EMDS Call","Medical Emergency","Abdominal Pain","2026/04/27 09:08:46 AM","Sadiqabad"
"283021","Adnan Shabbir","DR-205","EMDS Call","Medical Emergency","Anxiety / Psychiatric Disorder","2026/04/27 09:17:01 AM","Khanpur"
"283022","Muhammad Rashid Saleem","DR-187","EMDS Call","Medical Emergency","Joints Pain","2026/04/27 09:21:37 AM","Rahim Yar Khan"
"283023","Adnan Shabbir","DR-205","EMDS Call","Medical Emergency","Abdominal Pain","2026/04/27 09:22:31 AM","Rahim Yar Khan"
"78245","Muhammad ALi","DR-818","Direct Call","Patient Transfer Service","N/A","2026/04/27 09:27:02 AM","Sadiqabad"
"78246","Muhammad ALi","DR-818","Direct Call","Patient Transfer Service","N/A","2026/04/27 09:30:26 AM","Sadiqabad"
"283024","Muhammad Rashid Saleem","DR-187","EMDS Call","Road Crash","Minor Injuries","2026/04/27 09:32:30 AM","Sadiqabad"
"283025","Yasir Ilyas","DR-893","EMDS Call","Rescue Operations","Delivery Case","2026/04/27 09:32:38 AM","Rahim Yar Khan"
"283026","Muhammad ALi","DR-818","EMDS Call","Medical Emergency","Vomiting","2026/04/27 09:42:36 AM","Rahim Yar Khan"
"283027","Adnan Shabbir","DR-205","EMDS Call","Road Crash","Bleeding","2026/04/27 09:43:51 AM","Liaqatpur"
"283028","Muhammad Rashid Saleem","DR-187","EMDS Call","Medical Emergency","Chest Pain","2026/04/27 09:43:47 AM","Rahim Yar Khan"
"283029","Yasir Ilyas","DR-893","EMDS Call","Medical Emergency","High Fever","2026/04/27 09:45:04 AM","Khanpur"
"283030","Muhammad Rashid Saleem","DR-187","EMDS Call","Crime","Physical Assault/Violence","2026/04/27 09:48:19 AM","Rahim Yar Khan"
"283030","Muhammad Rashid Saleem","DR-187","EMDS Call","Crime","Physical Assault/Violence","2026/04/27 09:48:19 AM","Rahim Yar Khan"
"283031","Muhammad Rashid Saleem","DR-187","EMDS Call","Medical Emergency","Anxiety / Psychiatric Disorder","2026/04/27 09:53:08 AM","Rahim Yar Khan"
"283032","Muhammad ALi","DR-818","EMDS Call","Medical Emergency","Abdominal Pain","2026/04/27 09:57:46 AM","Liaqatpur"
"283033","Muhammad Rashid Saleem","DR-187","EMDS Call","Road Crash","Severe Trauma","2026/04/27 10:02:41 AM","Sadiqabad"
"78247","Yasir Ilyas","DR-893","Direct Call","Patient Transfer Service","N/A","2026/04/27 10:05:43 AM","Khanpur"
"283034","Adnan Shabbir","DR-205","EMDS Call","Medical Emergency","High Fever","2026/04/27 10:11:54 AM","Rahim Yar Khan"
"283035","Yasir Ilyas","DR-893","EMDS Call","Medical Emergency","Chest Pain","2026/04/27 10:11:34 AM","Liaqatpur"
"78248","Muhammad ALi","DR-818","Direct Call","Patient Transfer Service","N/A","2026/04/27 10:14:10 AM","Sadiqabad"
"283036","Muhammad ALi","DR-818","EMDS Call","Road Crash","Bleeding","2026/04/27 10:14:26 AM","Rahim Yar Khan"
"78249","Muhammad ALi","DR-818","Direct Call","Patient Transfer Service","N/A","2026/04/27 10:18:02 AM","Khanpur"
"78250","Muhammad Rashid Saleem","DR-187","Direct Call","Patient Transfer Service","N/A","2026/04/27 10:19:43 AM","Rahim Yar Khan"
"283037","Adnan Shabbir","DR-205","EMDS Call","Medical Emergency","Hypertension","2026/04/27 10:20:22 AM","Rahim Yar Khan"
"283038","Muhammad Rashid Saleem","DR-187","EMDS Call","Medical Emergency","Vomiting","2026/04/27 10:22:37 AM","Rahim Yar Khan"
"283039","Muhammad Rashid Saleem","DR-187","EMDS Call","Road Crash","Minor Injuries","2026/04/27 10:25:59 AM","Liaqatpur"
"283040","Yasir Ilyas","DR-893","EMDS Call","Road Crash","Severe Trauma","2026/04/27 10:31:47 AM","Rahim Yar Khan"
"283041","Muhammad ALi","DR-818","EMDS Call","Medical Emergency","Renal Disorders / Renal Colic ","2026/04/27 10:33:38 AM","Rahim Yar Khan"
"283042","Yasir Ilyas","DR-893","EMDS Call","Medical Emergency","SOB/ Respiratory Distress","2026/04/27 10:36:09 AM","Khanpur"
"283043","Muhammad ALi","DR-818","EMDS Call","Crime","Physical Assault/Violence","2026/04/27 10:43:31 AM","Rahim Yar Khan"
"283044","Muhammad Rashid Saleem","DR-187","EMDS Call","Medical Emergency","SOB/ Respiratory Distress","2026/04/27 10:44:48 AM","Sadiqabad"
"283045","Muhammad ALi","DR-818","EMDS Call","Road Crash","Bleeding","2026/04/27 10:47:53 AM","Rahim Yar Khan"
"283046","Muhammad Rashid Saleem","DR-187","EMDS Call","Rescue Operations","Delivery Case","2026/04/27 10:55:01 AM","Rahim Yar Khan"
"283047","Muhammad ALi","DR-818","EMDS Call","Medical Emergency","High Fever","2026/04/27 10:59:38 AM","Sadiqabad"
"283048","Yasir Ilyas","DR-893","EMDS Call","Road Crash","Severe Trauma","2026/04/27 11:00:46 AM","Khanpur"
"283049","Muhammad Rashid Saleem","DR-187","EMDS Call","Medical Emergency","Vomiting","2026/04/27 11:03:16 AM","Rahim Yar Khan"
"283050","Muhammad ALi","DR-818","EMDS Call","Medical Emergency","Domestic Injuries","2026/04/27 11:06:25 AM","Liaqatpur"
"283051","Muhammad ALi","DR-818","EMDS Call","Medical Emergency","Anxiety / Psychiatric Disorder","2026/04/27 11:11:45 AM","Liaqatpur"
"283052","Yasir Ilyas","DR-893","EMDS Call","Medical Emergency","CVA/Stroke","2026/04/27 11:18:33 AM","Khanpur"
"283053","Muhammad Rashid Saleem","DR-187","EMDS Call","Medical Emergency","Domestic Injuries","2026/04/27 11:18:13 AM","Khanpur"
"283054","Muhammad Rashid Saleem","DR-187","EMDS Call","Medical Emergency","SOB/ Respiratory Distress","2026/04/27 11:25:29 AM","Rahim Yar Khan"
"283055","Muhammad Rashid Saleem","DR-187","EMDS Call","Medical Emergency","Unconscious","2026/04/27 11:30:12 AM","Sadiqabad"
"283056","Muhammad ALi","DR-818","EMDS Call","Medical Emergency","SOB/ Respiratory Distress","2026/04/27 11:31:03 AM","Khanpur"
"283057","Muhammad ALi","DR-818","EMDS Call","Medical Emergency","Unconscious","2026/04/27 11:35:40 AM","Sadiqabad"
"Not Assigned","Muhammad Rashid Saleem","DR-187","Direct Call","High Raised Building Inspection","High Raised Building Inspection","2026/04/27 11:39:52 AM","Rahim Yar Khan"
"283058","Muhammad ALi","DR-818","EMDS Call","Medical Emergency","Hypertension","2026/04/27 11:43:01 AM","Khanpur"
"283059","Yasir Ilyas","DR-893","EMDS Call","Road Crash","Multiple Fractures","2026/04/27 11:47:33 AM","Rahim Yar Khan"
"283060","Muhammad ALi","DR-818","EMDS Call","Medical Emergency","Headache","2026/04/27 11:48:14 AM","Sadiqabad"
"283061","Yasir Ilyas","DR-893","EMDS Call","Medical Emergency","High Fever","2026/04/27 11:51:56 AM","Liaqatpur"
"78251","Muhammad ALi","DR-818","Direct Call","Patient Transfer Service","N/A","2026/04/27 11:55:44 AM","Khanpur"
"283062","Muhammad Rashid Saleem","DR-187","EMDS Call","Medical Emergency","Unconscious","2026/04/27 11:55:49 AM","Rahim Yar Khan"
"283063","Muhammad Rashid Saleem","DR-187","EMDS Call","Medical Emergency","Renal Disorders / Renal Colic ","2026/04/27 12:01:25 PM","Rahim Yar Khan"
"283064","Sheeza Barkat","MR-5331","EMDS Call","Rescue Operations","Snake Emergency","2026/04/27 12:06:19 PM","Liaqatpur"
"283065","Muhammad Rashid Saleem","DR-187","EMDS Call","Medical Emergency","SOB/ Respiratory Distress","2026/04/27 12:11:35 PM","Rahim Yar Khan"
"283066","Sheeza Barkat","MR-5331","EMDS Call","Fire","Others","2026/04/27 12:10:17 PM","Rahim Yar Khan"
"283067","Muhammad Rashid Saleem","DR-187","EMDS Call","Medical Emergency","Domestic Injuries","2026/04/27 12:18:42 PM","Rahim Yar Khan"
"283068","Muhammad ALi","DR-818","EMDS Call","Medical Emergency","Abdominal Pain","2026/04/27 12:19:34 PM","Sadiqabad"
"283069","Muhammad ALi","DR-818","EMDS Call","Medical Emergency","Vomiting","2026/04/27 12:23:17 PM","Liaqatpur"
"283070","Muhammad Rashid Saleem","DR-187","EMDS Call","Medical Emergency","Vomiting","2026/04/27 12:23:47 PM","Liaqatpur"
"283071","Sheeza Barkat","MR-5331","EMDS Call","Medical Emergency","Anxiety / Psychiatric Disorder","2026/04/27 12:26:40 PM","Rahim Yar Khan"
"283072","Muhammad Rashid Saleem","DR-187","EMDS Call","Medical Emergency","Anxiety / Psychiatric Disorder","2026/04/27 12:32:01 PM","Sadiqabad"
"283073","Muhammad ALi","DR-818","EMDS Call","Medical Emergency","Vertigo/ Dizziness","2026/04/27 12:36:33 PM","Sadiqabad"
"283074","Sheeza Barkat","MR-5331","EMDS Call","Medical Emergency","Hypertension","2026/04/27 12:45:18 PM","Khanpur"
"283075","Zupasha Zia","MR-5758","EMDS Call","Medical Emergency","Abdominal Pain","2026/04/27 12:58:55 PM","Khanpur"
"283076","Zupasha Zia","MR-5758","EMDS Call","Medical Emergency","High Fever","2026/04/27 01:25:08 PM","Khanpur"
"78252","Saira Bibi","MR-5494","Direct Call","Patient Transfer Service","N/A","2026/04/27 01:33:43 PM","Khanpur"
"283077","Sheeza Barkat","MR-5331","EMDS Call","Medical Emergency","Abdominal Pain","2026/04/27 01:32:35 PM","Rahim Yar Khan"
"78253","Sheeza Barkat","MR-5331","Direct Call","Patient Transfer Service","N/A","2026/04/27 01:37:30 PM","Sadiqabad"
"283078","Zupasha Zia","MR-5758","Direct Call","Medical Emergency","Vomiting","2026/04/27 01:39:19 PM","Rahim Yar Khan"
"283079","Saira Bibi","MR-5494","EMDS Call","Road Crash","Bleeding","2026/04/27 01:39:32 PM","Rahim Yar Khan"
"283080","Zupasha Zia","MR-5758","EMDS Call","Road Crash","Severe Trauma","2026/04/27 01:41:58 PM","Khanpur"
"283081","Saira Bibi","MR-5494","EMDS Call","Medical Emergency","Chronic Illness","2026/04/27 01:53:39 PM","Rahim Yar Khan"
"283083","Sheeza Barkat","MR-5331","EMDS Call","Medical Emergency","Anxiety / Psychiatric Disorder","2026/04/27 01:55:50 PM","Rahim Yar Khan"
"283082","Saira Bibi","MR-5494","EMDS Call","Medical Emergency","CVA/Stroke","2026/04/27 02:01:54 PM","Sadiqabad"
"283084","Saira Bibi","MR-5494","EMDS Call","Medical Emergency","Unconscious","2026/04/27 02:04:16 PM","Sadiqabad"
"283085","Zupasha Zia","MR-5758","EMDS Call","Medical Emergency","Vomiting","2026/04/27 02:05:54 PM","Rahim Yar Khan"
"283086","Zupasha Zia","MR-5758","EMDS Call","Medical Emergency","Anxiety / Psychiatric Disorder","2026/04/27 02:09:20 PM","Sadiqabad"
"283087","Sheeza Barkat","MR-5331","EMDS Call","Medical Emergency","Hypertension","2026/04/27 02:08:42 PM","Liaqatpur"
"283088","Zupasha Zia","MR-5758","EMDS Call","Medical Emergency","Vertigo/ Dizziness","2026/04/27 02:14:10 PM","Rahim Yar Khan"
"283089","Zupasha Zia","MR-5758","EMDS Call","Medical Emergency","CVA/Stroke","2026/04/27 02:24:43 PM","Rahim Yar Khan"
"283090","Saira Bibi","MR-5494","EMDS Call","Medical Emergency","Joints Pain","2026/04/27 02:28:23 PM","Rahim Yar Khan"
"283091","Saira Bibi","MR-5494","EMDS Call","Rescue Operations","Animal/Bird Rescue","2026/04/27 02:31:49 PM","Rahim Yar Khan"
"78254","Zupasha Zia","MR-5758","Direct Call","Patient Transfer Service","N/A","2026/04/27 02:33:47 PM","Liaqatpur"
"283092","Zupasha Zia","MR-5758","EMDS Call","Crime","Physical Assault/Violence","2026/04/27 02:36:36 PM","Khanpur"
"283092","Zupasha Zia","MR-5758","EMDS Call","Crime","Physical Assault/Violence","2026/04/27 02:36:36 PM","Khanpur"
"78255","Sheeza Barkat","MR-5331","Direct Call","Patient Transfer Service","N/A","2026/04/27 02:38:37 PM","Khanpur"
"78256","Sheeza Barkat","MR-5331","Direct Call","Patient Transfer Service","N/A","2026/04/27 02:40:30 PM","Khanpur"
"78257","Saira Bibi","MR-5494","Direct Call","Patient Transfer Service","N/A","2026/04/27 02:42:09 PM","Liaqatpur"
"283093","Sheeza Barkat","MR-5331","EMDS Call","Medical Emergency","Anxiety / Psychiatric Disorder","2026/04/27 02:42:33 PM","Rahim Yar Khan"
"283094","Saira Bibi","MR-5494","EMDS Call","Medical Emergency","Anxiety / Psychiatric Disorder","2026/04/27 02:46:45 PM","Rahim Yar Khan"
"283095","Zupasha Zia","MR-5758","EMDS Call","Medical Emergency","Vertigo/ Dizziness","2026/04/27 02:48:20 PM","Rahim Yar Khan"
"283096","Saira Bibi","MR-5494","EMDS Call","Medical Emergency","Unconscious","2026/04/27 02:50:13 PM","Rahim Yar Khan"
"283097","Saira Bibi","MR-5494","EMDS Call","Medical Emergency","Domestic Injuries","2026/04/27 02:51:56 PM","Rahim Yar Khan"
"78258","Bushra Saleem","MR-5701","Direct Call","Patient Transfer Service","N/A","2026/04/27 03:02:49 PM","Sadiqabad"
"78259","Saira Bibi","MR-5494","Direct Call","Patient Transfer Service","N/A","2026/04/27 03:04:50 PM","Sadiqabad"
"283098","Bushra Saleem","MR-5701","EMDS Call","Medical Emergency","Hypertension","2026/04/27 03:04:00 PM","Rahim Yar Khan"
"283099","Bushra Saleem","MR-5701","EMDS Call","Medical Emergency","Abdominal Pain","2026/04/27 03:09:29 PM","Liaqatpur"
"283100","Saima Bashir","MR-5819","EMDS Call","Medical Emergency","Vertigo/ Dizziness","2026/04/27 03:12:38 PM","Sadiqabad"
"283101","Saima Bashir","MR-5819","EMDS Call","Medical Emergency","SOB/ Respiratory Distress","2026/04/27 03:22:34 PM","Rahim Yar Khan"
"283102","Shahla Nawaz","DR-185","EMDS Call","Medical Emergency","Vertigo/ Dizziness","2026/04/27 03:27:07 PM","Rahim Yar Khan"
"78260","Saima Bashir","MR-5819","Direct Call","Patient Transfer Service","N/A","2026/04/27 03:34:50 PM","Rahim Yar Khan"
"283103","Bushra Saleem","MR-5701","EMDS Call","Road Crash","Bleeding","2026/04/27 03:34:28 PM","Rahim Yar Khan"
"78261","Bushra Saleem","MR-5701","Direct Call","Patient Transfer Service","N/A","2026/04/27 03:39:01 PM","Sadiqabad"
"78262","Saima Bashir","MR-5819","Direct Call","Patient Transfer Service","N/A","2026/04/27 03:42:31 PM","Sadiqabad"
"283104","Saima Bashir","MR-5819","EMDS Call","Medical Emergency","Renal Disorders / Renal Colic ","2026/04/27 03:47:34 PM","Sadiqabad"
"283105","Saima Bashir","MR-5819","EMDS Call","Medical Emergency","Hypoglycemia","2026/04/27 03:53:43 PM","Rahim Yar Khan"
"283106","Adil Iqbal","DR-782","EMDS Call","Medical Emergency","SOB/ Respiratory Distress","2026/04/27 04:03:35 PM","Rahim Yar Khan"
"283107","Bushra Saleem","MR-5701","EMDS Call","Road Crash","Bleeding","2026/04/27 04:04:31 PM","Rahim Yar Khan"
"283108","Saima Bashir","MR-5819","EMDS Call","Medical Emergency","SOB/ Respiratory Distress","2026/04/27 04:14:20 PM","Rahim Yar Khan"
"283109","Bushra Saleem","MR-5701","EMDS Call","Medical Emergency","Chronic Illness","2026/04/27 04:13:23 PM","Khanpur"
"283110","Bushra Saleem","MR-5701","EMDS Call","Medical Emergency","Joints Pain","2026/04/27 04:18:54 PM","Rahim Yar Khan"
"283111","Muhammad Zubair","DR-894","EMDS Call","Medical Emergency","Urinary Retention","2026/04/27 04:19:22 PM","Rahim Yar Khan"
"283112","Saima Bashir","MR-5819","EMDS Call","Road Crash","Bleeding","2026/04/27 04:23:27 PM","Rahim Yar Khan"
"283113","Muhammad Zubair","DR-894","EMDS Call","Medical Emergency","Anxiety / Psychiatric Disorder","2026/04/27 04:24:19 PM","Rahim Yar Khan"
"283114","Bushra Saleem","MR-5701","EMDS Call","Medical Emergency","Unconscious","2026/04/27 04:27:06 PM","Rahim Yar Khan"
"283116","Muhammad Zubair","DR-894","EMDS Call","Medical Emergency","Gynae Problem","2026/04/27 04:40:02 PM","Rahim Yar Khan"
"283115","Saima Bashir","MR-5819","EMDS Call","Medical Emergency","Vomiting","2026/04/27 04:41:39 PM","Sadiqabad"
"283117","Muhammad Zubair","DR-894","EMDS Call","Medical Emergency","High Fever","2026/04/27 04:54:15 PM","Rahim Yar Khan"
"78263","Saima Bashir","MR-5819","Direct Call","Patient Transfer Service","N/A","2026/04/27 04:58:01 PM","Liaqatpur"
"78264","Saima Bashir","MR-5819","Direct Call","Patient Transfer Service","N/A","2026/04/27 05:07:49 PM","Khanpur"
"78265","Bushra Saleem","MR-5701","Direct Call","Patient Transfer Service","N/A","2026/04/27 05:14:46 PM","Khanpur"
"283118","Muhammad Zubair","DR-894","Direct Call","Medical Emergency","Unconscious","2026/04/27 05:13:37 PM","Liaqatpur"
"283119","Bushra Saleem","MR-5701","EMDS Call","Medical Emergency","Unconscious","2026/04/27 05:23:35 PM","Rahim Yar Khan"
"283120","Shahla Nawaz","DR-185","EMDS Call","Medical Emergency","Hypertension","2026/04/27 05:25:11 PM","Khanpur"
"78266","Bushra Saleem","MR-5701","Direct Call","Patient Transfer Service","N/A","2026/04/27 05:37:53 PM","Sadiqabad"
"283121","Shahla Nawaz","DR-185","EMDS Call","Medical Emergency","Unconscious","2026/04/27 05:37:54 PM","Rahim Yar Khan"
"283122","Bushra Saleem","MR-5701","EMDS Call","Medical Emergency","Vomiting","2026/04/27 05:40:05 PM","Rahim Yar Khan"
"78267","Bushra Saleem","MR-5701","Direct Call","Patient Transfer Service","N/A","2026/04/27 05:41:16 PM","Sadiqabad"
"283123","Bushra Saleem","MR-5701","EMDS Call","Road Crash","Bleeding","2026/04/27 05:42:21 PM","Sadiqabad"
"283123","Bushra Saleem","MR-5701","EMDS Call","Road Crash","Bleeding","2026/04/27 05:42:21 PM","Sadiqabad"
"283124","Shahla Nawaz","DR-185","EMDS Call","Medical Emergency","Vomiting","2026/04/27 05:41:36 PM","Rahim Yar Khan"
"283125","Saima Bashir","MR-5819","EMDS Call","Medical Emergency","Epilepsy","2026/04/27 05:43:54 PM","Liaqatpur"
"283126","Bushra Saleem","MR-5701","EMDS Call","Medical Emergency","Unconscious","2026/04/27 05:45:03 PM","Rahim Yar Khan"
"283127","Bushra Saleem","MR-5701","EMDS Call","Fire","Others","2026/04/27 05:57:01 PM","Sadiqabad"
"283128","Bushra Saleem","MR-5701","EMDS Call","Medical Emergency","High Fever","2026/04/27 06:09:23 PM","Rahim Yar Khan"
"283129","Saima Bashir","MR-5819","EMDS Call","Medical Emergency","Abdominal Pain","2026/04/27 06:11:58 PM","Rahim Yar Khan"
"283130","Shahla Nawaz","DR-185","EMDS Call","Medical Emergency","Headache","2026/04/27 06:12:33 PM","Rahim Yar Khan"
"283131","Shahla Nawaz","DR-185","EMDS Call","Medical Emergency","High Fever","2026/04/27 06:18:57 PM","Rahim Yar Khan"
"283132","Bushra Saleem","MR-5701","EMDS Call","Medical Emergency","SOB/ Respiratory Distress","2026/04/27 06:23:38 PM","Rahim Yar Khan"
"283133","Saima Bashir","MR-5819","EMDS Call","Medical Emergency","SOB/ Respiratory Distress","2026/04/27 06:25:54 PM","Rahim Yar Khan"
"283134","Saima Bashir","MR-5819","EMDS Call","Road Crash","Minor Injuries","2026/04/27 06:29:25 PM","Khanpur"
"283135","Shahla Nawaz","DR-185","EMDS Call","Medical Emergency","Hypertension","2026/04/27 06:32:20 PM","Khanpur"
"283136","Saima Bashir","MR-5819","EMDS Call","Medical Emergency","Vertigo/ Dizziness","2026/04/27 06:34:41 PM","Rahim Yar Khan"
"283137","Shahla Nawaz","DR-185","EMDS Call","Medical Emergency","Abdominal Pain","2026/04/27 06:35:53 PM","Sadiqabad"
"283138","Saima Bashir","MR-5819","EMDS Call","Medical Emergency","High Fever","2026/04/27 06:40:46 PM","Sadiqabad"
"78268","Bushra Saleem","MR-5701","Direct Call","Patient Transfer Service","N/A","2026/04/27 06:45:24 PM","Sadiqabad"
"283139","Bushra Saleem","MR-5701","EMDS Call","Medical Emergency","Hypertension","2026/04/27 06:46:18 PM","Rahim Yar Khan"
"283140","Saima Bashir","MR-5819","EMDS Call","Medical Emergency","Domestic Injuries","2026/04/27 06:48:09 PM","Rahim Yar Khan"
"283141","Bushra Saleem","MR-5701","EMDS Call","Road Crash","Minor Injuries","2026/04/27 06:50:56 PM","Rahim Yar Khan"
"283142","Bushra Saleem","MR-5701","EMDS Call","Road Crash","Bleeding","2026/04/27 06:53:46 PM","Rahim Yar Khan"
"283143","Adil Iqbal","DR-782","EMDS Call","Medical Emergency","Domestic Injuries","2026/04/27 07:02:07 PM","Rahim Yar Khan"
"283144","Adil Iqbal","DR-782","EMDS Call","Road Crash","Bleeding","2026/04/27 07:05:59 PM","Sadiqabad"
"283145","Adil Iqbal","DR-782","EMDS Call","Rescue Operations","Animal/Bird Rescue","2026/04/27 07:14:32 PM","Khanpur"
"283146","Adil Iqbal","DR-782","EMDS Call","Medical Emergency","Unconscious","2026/04/27 07:20:35 PM","Rahim Yar Khan"
"283147","Fahad Hussain","DR-538","EMDS Call","Road Crash","Minor Injuries","2026/04/27 07:20:48 PM","Rahim Yar Khan"
"78269","Bushra Saleem","MR-5701","Direct Call","Patient Transfer Service","N/A","2026/04/27 07:26:04 PM","Sadiqabad"
"283148","Adil Iqbal","DR-782","EMDS Call","Road Crash","Severe Trauma","2026/04/27 07:24:31 PM","Rahim Yar Khan"
"283149","Bushra Saleem","MR-5701","EMDS Call","Medical Emergency","Hypoglycemia","2026/04/27 07:27:16 PM","Rahim Yar Khan"
"283150","Adil Iqbal","DR-782","EMDS Call","Road Crash","Severe Trauma","2026/04/27 07:28:49 PM","Liaqatpur"
"283151","Bushra Saleem","MR-5701","EMDS Call","Medical Emergency","Unconscious","2026/04/27 07:30:40 PM","Sadiqabad"
"78270","Bushra Saleem","MR-5701","Direct Call","Patient Transfer Service","N/A","2026/04/27 07:32:52 PM","Sadiqabad"
"283152","Fahad Hussain","DR-538","EMDS Call","Road Crash","Minor Injuries","2026/04/27 07:31:47 PM","Rahim Yar Khan"
"283153","Muhammad Zubair","DR-894","EMDS Call","Rescue Operations","Delivery Case","2026/04/27 07:33:13 PM","Liaqatpur"
"283154","Bushra Saleem","MR-5701","EMDS Call","Medical Emergency","High Fever","2026/04/27 07:38:38 PM","Sadiqabad"
"283155","Muhammad Zubair","DR-894","EMDS Call","Medical Emergency","Backache","2026/04/27 07:41:43 PM","Rahim Yar Khan"
"283156","Muhammad Zubair","DR-894","EMDS Call","Medical Emergency","Hypertension","2026/04/27 07:46:12 PM","Sadiqabad"
"283157","Saima Bashir","MR-5819","EMDS Call","Medical Emergency","SOB/ Respiratory Distress","2026/04/27 07:48:52 PM","Sadiqabad"
"283160","Bushra Saleem","MR-5701","EMDS Call","Road Crash","Bleeding","2026/04/27 07:50:32 PM","Rahim Yar Khan"
"283158","Muhammad Zubair","DR-894","EMDS Call","Road Crash","Minor Injuries","2026/04/27 07:51:21 PM","Khanpur"
"283159","Muhammad Zubair","DR-894","EMDS Call","Medical Emergency","Headache","2026/04/27 07:54:52 PM","Rahim Yar Khan"
"283161","Bushra Saleem","MR-5701","EMDS Call","Medical Emergency","Hypertension","2026/04/27 08:11:03 PM","Rahim Yar Khan"
"283162","Saima Bashir","MR-5819","EMDS Call","Medical Emergency","Anxiety / Psychiatric Disorder","2026/04/27 08:10:39 PM","Sadiqabad"
"283163","Muhammad Zubair","DR-894","EMDS Call","Medical Emergency","Domestic Injuries","2026/04/27 08:16:09 PM","Rahim Yar Khan"
"283164","Saima Bashir","MR-5819","EMDS Call","Medical Emergency","Vertigo/ Dizziness","2026/04/27 08:17:33 PM","Rahim Yar Khan"
"283166","Muhammad Zubair","DR-894","EMDS Call","Medical Emergency","Joints Pain","2026/04/27 08:20:52 PM","Rahim Yar Khan"
"283165","Saima Bashir","MR-5819","EMDS Call","Medical Emergency","Anxiety / Psychiatric Disorder","2026/04/27 08:21:27 PM","Sadiqabad"
"283167","Muhammad Zubair","DR-894","EMDS Call","Medical Emergency","Headache","2026/04/27 08:24:14 PM","Rahim Yar Khan"
"283169","Muhammad Zubair","DR-894","EMDS Call","Road Crash","Severe Trauma","2026/04/27 08:27:44 PM","Khanpur"
"283168","Bushra Saleem","MR-5701","EMDS Call","Medical Emergency","Vomiting","2026/04/27 08:27:29 PM","Rahim Yar Khan"
"283170","Bushra Saleem","MR-5701","EMDS Call","Medical Emergency","Hypertension","2026/04/27 08:30:12 PM","Sadiqabad"
"283171","Saima Bashir","MR-5819","EMDS Call","Medical Emergency","Headache","2026/04/27 08:28:20 PM","Khanpur"
"283172","Saima Bashir","MR-5819","EMDS Call","Road Crash","Bleeding","2026/04/27 08:33:37 PM","Khanpur"
"283173","Saima Bashir","MR-5819","EMDS Call","Medical Emergency","Chest Pain","2026/04/27 08:42:04 PM","Rahim Yar Khan"
"283174","Bushra Saleem","MR-5701","EMDS Call","Rescue Operations","Delivery Case","2026/04/27 08:43:29 PM","Rahim Yar Khan"
"283175","Bushra Saleem","MR-5701","EMDS Call","Medical Emergency","Hyperglycemia","2026/04/27 08:46:10 PM","Sadiqabad"
"283176","Bushra Saleem","MR-5701","EMDS Call","Medical Emergency","CVA/Stroke","2026/04/27 09:00:11 PM","Sadiqabad"
"283177","Saima Bashir","MR-5819","EMDS Call","Medical Emergency","High Fever","2026/04/27 09:06:46 PM","Rahim Yar Khan"
"283178","Shahla Nawaz","DR-185","EMDS Call","Medical Emergency","Vertigo/ Dizziness","2026/04/27 09:08:06 PM","Rahim Yar Khan"
"283179","Saima Bashir","MR-5819","EMDS Call","Medical Emergency","Anxiety / Psychiatric Disorder","2026/04/27 09:09:53 PM","Rahim Yar Khan"
"283180","Saima Bashir","MR-5819","EMDS Call","Medical Emergency","Anxiety / Psychiatric Disorder","2026/04/27 09:17:11 PM","Khanpur"
"283181","Shahla Nawaz","DR-185","EMDS Call","Medical Emergency","Abdominal Pain","2026/04/27 09:17:05 PM","Khanpur"
"283182","Shahla Nawaz","DR-185","EMDS Call","Medical Emergency","Chest Pain","2026/04/27 09:25:39 PM","Liaqatpur"
"283183","Bushra Saleem","MR-5701","EMDS Call","Medical Emergency","Chest Pain","2026/04/27 09:28:46 PM","Sadiqabad"
"283184","Shahla Nawaz","DR-185","EMDS Call","Medical Emergency","Abdominal Pain","2026/04/27 09:31:38 PM","Sadiqabad"
"283185","Shahla Nawaz","DR-185","EMDS Call","Medical Emergency","Anxiety / Psychiatric Disorder","2026/04/27 09:37:59 PM","Sadiqabad"
"283186","Sajid Mehmood","DR-914","EMDS Call","Road Crash","Minor Injuries","2026/04/27 09:41:20 PM","Rahim Yar Khan"
"78271","Sajid Mehmood","DR-914","Direct Call","Patient Transfer Service","N/A","2026/04/27 09:55:58 PM","Sadiqabad"
"78272","Bushra Saleem","MR-5701","Direct Call","Patient Transfer Service","N/A","2026/04/27 10:03:37 PM","Sadiqabad"
"283187","Shahla Nawaz","DR-185","EMDS Call","Road Crash","Minor Injuries","2026/04/27 09:59:35 PM","Sadiqabad"
"283188","Sajid Mehmood","DR-914","EMDS Call","Medical Emergency","Vomiting","2026/04/27 10:04:58 PM","Liaqatpur"
"78273","Farah Sadaqat","MR-5930","Direct Call","Patient Transfer Service","N/A","2026/04/27 10:14:35 PM","Khanpur"
"283189","Muhammad Abid","DR-874","EMDS Call","Medical Emergency","Abdominal Pain","2026/04/27 10:13:06 PM","Rahim Yar Khan"
"283189","Muhammad Abid","DR-874","EMDS Call","Medical Emergency","Abdominal Pain","2026/04/27 10:13:06 PM","Rahim Yar Khan"
"283190","Farah Sadaqat","MR-5930","EMDS Call","Medical Emergency","Abdominal Pain","2026/04/27 10:23:36 PM","Khanpur"
"283191","Muhammad Fiaz","DR-206","EMDS Call","Medical Emergency","Joints Pain","2026/04/27 10:31:01 PM","Rahim Yar Khan"
"283192","Muhammad Abid","DR-874","EMDS Call","Medical Emergency","Unconscious","2026/04/27 10:39:59 PM","Sadiqabad"
"283193","Farah Sadaqat","MR-5930","EMDS Call","Medical Emergency","Diarrhea","2026/04/27 10:54:17 PM","Sadiqabad"
"283194","Muhammad Fiaz","DR-206","EMDS Call","Medical Emergency","Headache","2026/04/27 10:57:01 PM","Rahim Yar Khan"
"283195","Muhammad Abid","DR-874","EMDS Call","Medical Emergency","Vomiting","2026/04/27 10:58:28 PM","Khanpur"
"283196","Muhammad Fiaz","DR-206","EMDS Call","Medical Emergency","Chest Pain","2026/04/27 10:59:58 PM","Sadiqabad"
"283198","Farah Sadaqat","MR-5930","EMDS Call","Medical Emergency","Renal Disorders / Renal Colic ","2026/04/27 10:59:20 PM","Rahim Yar Khan"
"283197","Muhammad Fiaz","DR-206","EMDS Call","Medical Emergency","High Fever","2026/04/27 11:03:27 PM","Khanpur"
"283199","Muhammad Abid","DR-874","EMDS Call","Medical Emergency","Domestic Injuries","2026/04/27 11:04:20 PM","Khanpur"
"283200","Muhammad Fiaz","DR-206","EMDS Call","Medical Emergency","Vertigo/ Dizziness","2026/04/27 11:10:06 PM","Rahim Yar Khan"
"283201","Muhammad Abid","DR-874","EMDS Call","Medical Emergency","Vomiting","2026/04/27 11:13:46 PM","Rahim Yar Khan"
"Not Assigned","Faiz Muhyy Ul Din","DR-892","EMDS Call","Medical Emergency","Vomiting","2026/04/27 11:13:52 PM","Rahim Yar Khan"
"283202","Muhammad Fiaz","DR-206","EMDS Call","Medical Emergency","Hypertension","2026/04/27 11:14:20 PM","Sadiqabad"
"283203","Muhammad Abid","DR-874","EMDS Call","Medical Emergency","Abdominal Pain","2026/04/27 11:15:39 PM","Rahim Yar Khan"
"283204","Muhammad Fiaz","DR-206","EMDS Call","Medical Emergency","Joints Pain","2026/04/27 11:23:20 PM","Sadiqabad"
"283207","Muhammad Fiaz","DR-206","EMDS Call","Medical Emergency","Abdominal Pain","2026/04/27 11:32:44 PM","Rahim Yar Khan"
"283205","Faiz Muhyy Ul Din","DR-892","EMDS Call","Fire","Others","2026/04/27 11:32:40 PM","Khanpur"
"78274","Muhammad Fiaz","DR-206","Direct Call","Patient Transfer Service","N/A","2026/04/27 11:38:26 PM","Rahim Yar Khan"
"283206","Faiz Muhyy Ul Din","DR-892","EMDS Call","Rescue Operations","Delivery Case","2026/04/27 11:36:38 PM","Khanpur"
"283208","Muhammad Fiaz","DR-206","EMDS Call","Medical Emergency","Anxiety / Psychiatric Disorder","2026/04/27 11:47:53 PM","Rahim Yar Khan"
"283209","Muhammad Abid","DR-874","EMDS Call","Medical Emergency","Abdominal Pain","2026/04/27 11:49:14 PM","Sadiqabad"
"283210","Muhammad Abid","DR-874","EMDS Call","Fire","Others","2026/04/27 11:58:41 PM","Liaqatpur"
"283211","Faiz Muhyy Ul Din","DR-892","EMDS Call","Medical Emergency","Diarrhea","2026/04/28 12:02:50 AM","Rahim Yar Khan"
"283212","Muhammad Abid","DR-874","EMDS Call","Medical Emergency","Renal Disorders / Renal Colic ","2026/04/28 12:04:20 AM","Sadiqabad"
"283213","Muhammad Fiaz","DR-206","EMDS Call","Medical Emergency","Joints Pain","2026/04/28 12:07:53 AM","Rahim Yar Khan"
"78275","Muhammad Zahid","DR-888","Direct Call","Patient Transfer Service","N/A","2026/04/28 12:23:32 AM","Khanpur"
"283214","Muhammad Zahid","DR-888","EMDS Call","Medical Emergency","Anxiety / Psychiatric Disorder","2026/04/28 12:35:00 AM","Rahim Yar Khan"
"283215","Muhammad Abid","DR-874","EMDS Call","Medical Emergency","Chest Pain","2026/04/28 12:47:31 AM","Khanpur"
"283216","Muhammad Zahid","DR-888","EMDS Call","Medical Emergency","Unconscious","2026/04/28 12:59:10 AM","Sadiqabad"
"78276","Muhammad Zahid","DR-888","Direct Call","Patient Transfer Service","N/A","2026/04/28 01:03:50 AM","Sadiqabad"
"283217","Muhammad Fiaz","DR-206","EMDS Call","Road Crash","Bleeding","2026/04/28 01:05:34 AM","Sadiqabad"
"283217","Muhammad Fiaz","DR-206","EMDS Call","Road Crash","Bleeding","2026/04/28 01:05:34 AM","Sadiqabad"
"283218","Muhammad Abid","DR-874","EMDS Call","Medical Emergency","Unconscious","2026/04/28 01:07:42 AM","Khanpur"
"283219","Muhammad Zahid","DR-888","EMDS Call","Medical Emergency","Abdominal Pain","2026/04/28 01:17:59 AM","Sadiqabad"
"283220","Muhammad Abid","DR-874","EMDS Call","Medical Emergency","Hypertension","2026/04/28 01:36:36 AM","Rahim Yar Khan"
"283221","Muhammad Fiaz","DR-206","EMDS Call","Medical Emergency","Vomiting","2026/04/28 01:38:21 AM","Liaqatpur"
"283223","Muhammad Abid","DR-874","EMDS Call","Medical Emergency","Cardiac Arrest","2026/04/28 01:43:48 AM","Rahim Yar Khan"
"283224","Muhammad Abid","DR-874","EMDS Call","Rescue Operations","Delivery Case","2026/04/28 01:47:32 AM","Rahim Yar Khan"
"283225","Muhammad Abid","DR-874","EMDS Call","Medical Emergency","Abdominal Pain","2026/04/28 01:55:56 AM","Khanpur"
"283226","Muhammad Zahid","DR-888","EMDS Call","Medical Emergency","High Fever","2026/04/28 02:05:44 AM","Rahim Yar Khan"
"283227","Muhammad Fiaz","DR-206","EMDS Call","Medical Emergency","Hypertension","2026/04/28 02:12:21 AM","Rahim Yar Khan"
"283228","Muhammad Abid","DR-874","EMDS Call","Medical Emergency","Hyperglycemia","2026/04/28 02:13:19 AM","Rahim Yar Khan"
"283229","Muhammad Zahid","DR-888","EMDS Call","Medical Emergency","Backache","2026/04/28 02:27:48 AM","Khanpur"
"283230","Muhammad Fiaz","DR-206","EMDS Call","Medical Emergency","SOB/ Respiratory Distress","2026/04/28 02:44:38 AM","Liaqatpur"
"283231","Muhammad Abid","DR-874","EMDS Call","Medical Emergency","Vertigo/ Dizziness","2026/04/28 02:51:31 AM","Rahim Yar Khan"
"283232","Muhammad Zahid","DR-888","EMDS Call","Fire","Short Circuit","2026/04/28 03:02:45 AM","Sadiqabad"
"283233","Muhammad Zahid","DR-888","EMDS Call","Medical Emergency","Abdominal Pain","2026/04/28 03:22:24 AM","Sadiqabad"
"283234","Nida Rahat","DR-1322","EMDS Call","Medical Emergency","Hypoglycemia","2026/04/28 03:23:44 AM","Rahim Yar Khan"
"283235","Nida Rahat","DR-1322","EMDS Call","Medical Emergency","Chest Pain","2026/04/28 03:41:58 AM","Rahim Yar Khan"
"283236","Muhammad Zahid","DR-888","EMDS Call","Medical Emergency","Abdominal Pain","2026/04/28 04:06:44 AM","Rahim Yar Khan"
"283237","Nida Rahat","DR-1322","EMDS Call","Medical Emergency","Anxiety / Psychiatric Disorder","2026/04/28 04:13:11 AM","Rahim Yar Khan"
"78277","Muhammad Zahid","DR-888","Direct Call","Patient Transfer Service","N/A","2026/04/28 04:17:12 AM","Sadiqabad"
"283238","Nida Rahat","DR-1322","EMDS Call","Medical Emergency","Abdominal Pain","2026/04/28 04:55:11 AM","Rahim Yar Khan"
"283239","Farah Sadaqat","MR-5930","EMDS Call","Medical Emergency","Chest Pain","2026/04/28 05:08:00 AM","Khanpur"
"283240","Muhammad Zahid","DR-888","EMDS Call","Medical Emergency","High Fever","2026/04/28 05:15:46 AM","Rahim Yar Khan"
"283241","Nida Rahat","DR-1322","EMDS Call","Rescue Operations","Delivery Case","2026/04/28 05:19:31 AM","Sadiqabad"
"283242","Nida Rahat","DR-1322","EMDS Call","Medical Emergency","Renal Disorders / Renal Colic ","2026/04/28 05:54:15 AM","Rahim Yar Khan"
"283243","Nida Rahat","DR-1322","EMDS Call","Medical Emergency","Unconscious","2026/04/28 06:04:32 AM","Rahim Yar Khan"
"283245","Muhammad Zahid","DR-888","EMDS Call","Medical Emergency","Epilepsy","2026/04/28 06:06:23 AM","Khanpur"
"283244","Nida Rahat","DR-1322","EMDS Call","Medical Emergency","Chest Pain","2026/04/28 06:07:50 AM","Khanpur"
"283246","Nida Rahat","DR-1322","EMDS Call","Medical Emergency","Chronic Illness","2026/04/28 06:34:56 AM","Liaqatpur"
"78278","Nida Rahat","DR-1322","Direct Call","Patient Transfer Service","N/A","2026/04/28 06:57:58 AM","Liaqatpur"
"283247","Muhammad Zahid","DR-888","EMDS Call","Medical Emergency","Vomiting","2026/04/28 07:04:02 AM","Rahim Yar Khan"
"283248","Nida Rahat","DR-1322","EMDS Call","Medical Emergency","Chronic Illness","2026/04/28 07:14:42 AM","Rahim Yar Khan"
"78279","Sheeza Barkat","MR-5331","Direct Call","Patient Transfer Service","N/A","2026/04/28 07:16:44 AM","Khanpur"
"283249","Sheeza Barkat","MR-5331","EMDS Call","Medical Emergency","Abdominal Pain","2026/04/28 07:17:42 AM","Liaqatpur"
"283250","Nida Rahat","DR-1322","Direct Call","Medical Emergency","High Fever","2026/04/28 07:33:02 AM","Liaqatpur"
"283251","Sheeza Barkat","MR-5331","EMDS Call","Road Crash","Minor Injuries","2026/04/28 07:38:54 AM","Rahim Yar Khan"
"283252","Muhammad Rashid Saleem","DR-187","EMDS Call","Road Crash","Minor Injuries","2026/04/28 08:15:01 AM","Rahim Yar Khan"
"283253","Adnan Shabbir","DR-205","EMDS Call","Medical Emergency","Abdominal Pain","2026/04/28 08:27:11 AM","Khanpur"
"283254","Muhammad Rashid Saleem","DR-187","EMDS Call","Medical Emergency","Abdominal Pain","2026/04/28 08:29:24 AM","Liaqatpur"
"283255","Aasia Batool","MR-5198","EMDS Call","Medical Emergency","Hypertension","2026/04/28 08:31:05 AM","Sadiqabad"
"283256","Muhammad ALi","DR-818","EMDS Call","Medical Emergency","Anxiety / Psychiatric Disorder","2026/04/28 08:32:36 AM","Rahim Yar Khan"
"283257","Adnan Shabbir","DR-205","EMDS Call","Road Crash","Severe Trauma","2026/04/28 08:32:54 AM","Khanpur"
"283258","Muhammad ALi","DR-818","EMDS Call","Medical Emergency","Vomiting","2026/04/28 08:35:36 AM","Khanpur"
"283259","Muhammad Rashid Saleem","DR-187","EMDS Call","Medical Emergency","SOB/ Respiratory Distress","2026/04/28 08:33:51 AM","Liaqatpur"
"283260","Aasia Batool","MR-5198","EMDS Call","Medical Emergency","Abdominal Pain","2026/04/28 08:45:18 AM","Khanpur"
"283261","Adnan Shabbir","DR-205","EMDS Call","Road Crash","Minor Injuries","2026/04/28 08:55:43 AM","Rahim Yar Khan"
"283263","Adnan Shabbir","DR-205","EMDS Call","Medical Emergency","Chronic Illness","2026/04/28 09:07:57 AM","Rahim Yar Khan"
"283262","Muhammad ALi","DR-818","EMDS Call","Medical Emergency","Hypoglycemia","2026/04/28 09:07:19 AM","Sadiqabad"
"283264","Muhammad Rashid Saleem","DR-187","EMDS Call","Medical Emergency","Vomiting","2026/04/28 09:10:17 AM","Khanpur"
"283265","Adnan Shabbir","DR-205","EMDS Call","Medical Emergency","SOB/ Respiratory Distress","2026/04/28 09:12:05 AM","Khanpur"
"283266","Yasir Ilyas","DR-893","EMDS Call","Medical Emergency","Domestic Injuries","2026/04/28 09:14:42 AM","Rahim Yar Khan"
"283267","Muhammad ALi","DR-818","EMDS Call","Medical Emergency","Epilepsy","2026/04/28 09:19:03 AM","Sadiqabad"
"283268","Adnan Shabbir","DR-205","EMDS Call","Rescue Operations","Delivery Case","2026/04/28 09:20:40 AM","Rahim Yar Khan"
"283269","Muhammad Rashid Saleem","DR-187","EMDS Call","Medical Emergency","Joints Pain","2026/04/28 09:26:00 AM","Rahim Yar Khan"
"283271","Yasir Ilyas","DR-893","EMDS Call","Rescue Operations","Animal/Bird Rescue","2026/04/28 09:35:09 AM","Rahim Yar Khan"
"283270","Muhammad Rashid Saleem","DR-187","EMDS Call","Medical Emergency","Joints Pain","2026/04/28 09:38:24 AM","Liaqatpur"
"283272","Nida Rahat","DR-1322","EMDS Call","Road Crash","Bleeding","2026/04/28 09:49:05 AM","Rahim Yar Khan"
"283273","Mureed Abbas","DR-900","EMDS Call","Medical Emergency","Domestic Injuries","2026/04/28 09:49:01 AM","Sadiqabad"
"283274","Nida Rahat","DR-1322","EMDS Call","Medical Emergency","SOB/ Respiratory Distress","2026/04/28 09:50:27 AM","Khanpur"
"283276","Nida Rahat","DR-1322","EMDS Call","Medical Emergency","Headache","2026/04/28 09:55:49 AM","Rahim Yar Khan"
"283275","Mureed Abbas","DR-900","EMDS Call","Medical Emergency","Vertigo/ Dizziness","2026/04/28 09:55:14 AM","Rahim Yar Khan"
"283277","Yasir Ilyas","DR-893","EMDS Call","Medical Emergency","Abdominal Pain","2026/04/28 09:56:51 AM","Sadiqabad"
"283278","Yasir Ilyas","DR-893","EMDS Call","Medical Emergency","Chronic Illness","2026/04/28 10:03:49 AM","Liaqatpur"
"283279","Muhammad ALi","DR-818","EMDS Call","Medical Emergency","Vomiting","2026/04/28 10:06:27 AM","Sadiqabad"
"283280","Mureed Abbas","DR-900","EMDS Call","Medical Emergency","High Fever","2026/04/28 10:05:14 AM","Liaqatpur"
"283281","Yasir Ilyas","DR-893","Direct Call","Medical Emergency","Gynae Problem","2026/04/28 10:07:23 AM","Sadiqabad"
"283282","Muhammad ALi","DR-818","EMDS Call","Medical Emergency","Hypertension","2026/04/28 10:10:01 AM","Rahim Yar Khan"
"283283","Mureed Abbas","DR-900","EMDS Call","Medical Emergency","Vertigo/ Dizziness","2026/04/28 10:19:05 AM","Rahim Yar Khan"
"283284","Muhammad ALi","DR-818","EMDS Call","Medical Emergency","Domestic Injuries","2026/04/28 10:19:21 AM","Khanpur"
"283285","Mureed Abbas","DR-900","EMDS Call","Medical Emergency","Hypertension","2026/04/28 10:21:11 AM","Rahim Yar Khan"
"78280","Mureed Abbas","DR-900","Direct Call","Patient Transfer Service","N/A","2026/04/28 10:31:39 AM","Khanpur"
"283286","Mureed Abbas","DR-900","EMDS Call","Medical Emergency","Unconscious","2026/04/28 10:34:19 AM","Rahim Yar Khan"
"283287","Aasia Batool","MR-5198","EMDS Call","Medical Emergency","Anxiety / Psychiatric Disorder","2026/04/28 10:40:24 AM","Rahim Yar Khan"
"283288","Muhammad ALi","DR-818","EMDS Call","Medical Emergency","High Fever","2026/04/28 10:40:02 AM","Khanpur"
"283289","Muhammad ALi","DR-818","EMDS Call","Medical Emergency","CVA/Stroke","2026/04/28 10:53:44 AM","Rahim Yar Khan"
"283290","Muhammad ALi","DR-818","EMDS Call","Rescue Operations","Electric Shock","2026/04/28 10:56:49 AM","Khanpur"
"78281","Muhammad ALi","DR-818","Direct Call","Patient Transfer Service","N/A","2026/04/28 11:12:44 AM","Sadiqabad"
"283291","Sheeza Barkat","MR-5331","EMDS Call","Medical Emergency","Domestic Injuries","2026/04/28 11:13:20 AM","Rahim Yar Khan"
"283292","Imran Anjum","DR-204","EMDS Call","Medical Emergency","SOB/ Respiratory Distress","2026/04/28 11:14:55 AM","Rahim Yar Khan"
"283293","Muhammad ALi","DR-818","EMDS Call","Medical Emergency","Hypertension","2026/04/28 11:14:40 AM","Khanpur"
"283294","Mureed Abbas","DR-900","EMDS Call","Medical Emergency","Anxiety / Psychiatric Disorder","2026/04/28 11:19:51 AM","Rahim Yar Khan"
"283295","Imran Anjum","DR-204","EMDS Call","Rescue Operations","Hazmat","2026/04/28 11:26:10 AM","Sadiqabad"
"283296","Muhammad ALi","DR-818","EMDS Call","Medical Emergency","Chest Pain","2026/04/28 11:40:56 AM","Sadiqabad"
"283297","Mureed Abbas","DR-900","EMDS Call","Rescue Operations","Scorpion Bite/Other Animal/Insect Bite","2026/04/28 11:40:32 AM","Liaqatpur"
"283297","Mureed Abbas","DR-900","EMDS Call","Rescue Operations","Scorpion Bite/Other Animal/Insect Bite","2026/04/28 11:40:32 AM","Liaqatpur"
"78282","Muhammad ALi","DR-818","Direct Call","Patient Transfer Service","N/A","2026/04/28 11:48:09 AM","Sadiqabad"
"283298","Muhammad ALi","DR-818","EMDS Call","Medical Emergency","Joints Pain","2026/04/28 11:51:51 AM","Rahim Yar Khan"
"283299","Imran Anjum","DR-204","EMDS Call","Medical Emergency","Abdominal Pain","2026/04/28 11:52:32 AM","Rahim Yar Khan"
"283300","Sheeza Barkat","MR-5331","EMDS Call","Medical Emergency","Abdominal Pain","2026/04/28 11:52:46 AM","Rahim Yar Khan"
"78283","Muhammad ALi","DR-818","Direct Call","Patient Transfer Service","N/A","2026/04/28 12:00:38 PM","Liaqatpur"
"283301","Imran Anjum","DR-204","EMDS Call","Medical Emergency","Domestic Injuries","2026/04/28 12:15:53 PM","Sadiqabad"
"78284","Mureed Abbas","DR-900","Direct Call","Patient Transfer Service","N/A","2026/04/28 12:30:23 PM","Khanpur"
"283302","Imran Anjum","DR-204","EMDS Call","Medical Emergency","Anxiety / Psychiatric Disorder","2026/04/28 12:35:10 PM","Rahim Yar Khan"
"283303","Sheeza Barkat","MR-5331","EMDS Call","Medical Emergency","High Fever","2026/04/28 12:46:40 PM","Liaqatpur"
"283304","Muhammad ALi","DR-818","EMDS Call","Medical Emergency","Chronic Illness","2026/04/28 12:54:58 PM","Rahim Yar Khan"
"283305","Mureed Abbas","DR-900","EMDS Call","Medical Emergency","Domestic Injuries","2026/04/28 01:01:13 PM","Khanpur"
"283306","Muhammad ALi","DR-818","EMDS Call","Medical Emergency","SOB/ Respiratory Distress","2026/04/28 01:01:32 PM","Rahim Yar Khan"
"283308","Mureed Abbas","DR-900","EMDS Call","Road Crash","Severe Trauma","2026/04/28 01:07:54 PM","Khanpur"
"283307","Sheeza Barkat","MR-5331","EMDS Call","Road Crash","Minor Injuries","2026/04/28 01:07:51 PM","Rahim Yar Khan"
"283309","Muhammad ALi","DR-818","EMDS Call","Road Crash","Minor Injuries","2026/04/28 01:10:14 PM","Rahim Yar Khan"
"283310","Mureed Abbas","DR-900","EMDS Call","Road Crash","Bleeding","2026/04/28 01:15:34 PM","Rahim Yar Khan"
"283310","Mureed Abbas","DR-900","EMDS Call","Road Crash","Bleeding","2026/04/28 01:15:34 PM","Rahim Yar Khan"
"283310","Mureed Abbas","DR-900","EMDS Call","Road Crash","Bleeding","2026/04/28 01:15:34 PM","Rahim Yar Khan"
"283311","Nida Rahat","DR-1322","EMDS Call","Road Crash","Bleeding","2026/04/28 01:20:37 PM","Rahim Yar Khan"
"283312","Mureed Abbas","DR-900","EMDS Call","Medical Emergency","Chronic Illness","2026/04/28 01:29:15 PM","Sadiqabad"
"283313","Mureed Abbas","DR-900","EMDS Call","Medical Emergency","Joints Pain","2026/04/28 01:38:07 PM","Rahim Yar Khan"
"283314","Nida Rahat","DR-1322","EMDS Call","Medical Emergency","Epilepsy","2026/04/28 01:39:59 PM","Liaqatpur"
"78285","Mureed Abbas","DR-900","Direct Call","Patient Transfer Service","N/A","2026/04/28 01:41:06 PM","Sadiqabad"
"283315","Aasia Batool","MR-5198","EMDS Call","Medical Emergency","Vomiting","2026/04/28 01:41:43 PM","Sadiqabad"
"283316","Aasia Batool","MR-5198","EMDS Call","Road Crash","Bleeding","2026/04/28 01:49:09 PM","Sadiqabad"
"283316","Aasia Batool","MR-5198","EMDS Call","Road Crash","Bleeding","2026/04/28 01:49:09 PM","Sadiqabad"
"283317","Aasia Batool","MR-5198","EMDS Call","Medical Emergency","Abdominal Pain","2026/04/28 01:52:54 PM","Rahim Yar Khan"
"283318","Mureed Abbas","DR-900","EMDS Call","Medical Emergency","Anxiety / Psychiatric Disorder","2026/04/28 01:59:23 PM","Khanpur"
"283319","Mureed Abbas","DR-900","EMDS Call","Medical Emergency","SOB/ Respiratory Distress","2026/04/28 02:01:45 PM","Liaqatpur"
"283320","Aasia Batool","MR-5198","EMDS Call","Medical Emergency","High Fever","2026/04/28 02:03:19 PM","Rahim Yar Khan"
"283321","Aasia Batool","MR-5198","EMDS Call","Road Crash","Bleeding","2026/04/28 02:13:17 PM","Sadiqabad"
"283322","Aasia Batool","MR-5198","EMDS Call","Medical Emergency","Vomiting","2026/04/28 02:22:30 PM","Rahim Yar Khan"
"283323","Mureed Abbas","DR-900","EMDS Call","Medical Emergency","SOB/ Respiratory Distress","2026/04/28 02:24:38 PM","Sadiqabad"
"283324","Mureed Abbas","DR-900","EMDS Call","Medical Emergency","Joints Pain","2026/04/28 02:27:25 PM","Rahim Yar Khan"
"283325","Aasia Batool","MR-5198","EMDS Call","Medical Emergency","Headache","2026/04/28 02:47:34 PM","Rahim Yar Khan"
"283326","Muhammad Rashid Saleem","DR-187","EMDS Call","Medical Emergency","Epilepsy","2026/04/28 02:50:17 PM","Rahim Yar Khan"
"283327","Muhammad Rashid Saleem","DR-187","EMDS Call","Road Crash","Bleeding","2026/04/28 02:55:44 PM","Rahim Yar Khan"
"283328","Mureed Abbas","DR-900","EMDS Call","Medical Emergency","Unconscious","2026/04/28 02:59:38 PM","Rahim Yar Khan"
"283329","Muhammad Rashid Saleem","DR-187","EMDS Call","Fire","Others","2026/04/28 03:01:31 PM","Sadiqabad"
"283330","Mureed Abbas","DR-900","EMDS Call","Medical Emergency","Unconscious","2026/04/28 03:06:11 PM","Rahim Yar Khan"
"283331","Rana M. Usman","DR-200","EMDS Call","Medical Emergency","Joints Pain","2026/04/28 03:06:29 PM","Rahim Yar Khan"
"283332","Adil Iqbal","DR-782","EMDS Call","Medical Emergency","Abdominal Pain","2026/04/28 03:10:46 PM","Khanpur"
"283333","Rana M. Usman","DR-200","EMDS Call","Medical Emergency","Abdominal Pain","2026/04/28 03:10:56 PM","Liaqatpur"
"283335","Rana M. Usman","DR-200","EMDS Call","Medical Emergency","High Fever","2026/04/28 03:21:20 PM","Liaqatpur"
"283334","Adil Iqbal","DR-782","EMDS Call","Road Crash","Minor Injuries","2026/04/28 03:22:54 PM","Rahim Yar Khan"
"283336","Adil Iqbal","DR-782","EMDS Call","Medical Emergency","Anxiety / Psychiatric Disorder","2026/04/28 03:29:02 PM","Rahim Yar Khan"
"283337","Saima Bashir","MR-5819","EMDS Call","Road Crash","Bleeding","2026/04/28 03:34:52 PM","Rahim Yar Khan"
"283338","Adil Iqbal","DR-782","EMDS Call","Medical Emergency","SOB/ Respiratory Distress","2026/04/28 03:37:14 PM","Liaqatpur"
"78286","Saima Bashir","MR-5819","Direct Call","Patient Transfer Service","N/A","2026/04/28 03:41:27 PM","Khanpur"
"283339","Adil Iqbal","DR-782","EMDS Call","Medical Emergency","Abdominal Pain","2026/04/28 03:40:25 PM","Rahim Yar Khan"
"78287","Saira Bibi","MR-5494","Direct Call","Patient Transfer Service","N/A","2026/04/28 03:45:17 PM","Khanpur"
"78288","Saima Bashir","MR-5819","Direct Call","Patient Transfer Service","N/A","2026/04/28 03:49:41 PM","Sadiqabad"
"78289","Saira Bibi","MR-5494","Direct Call","Patient Transfer Service","N/A","2026/04/28 03:52:24 PM","Sadiqabad"
"283340","Adil Iqbal","DR-782","EMDS Call","Medical Emergency","CVA/Stroke","2026/04/28 03:50:34 PM","Rahim Yar Khan"
"283341","Saima Bashir","MR-5819","EMDS Call","Medical Emergency","Abdominal Pain","2026/04/28 03:51:40 PM","Khanpur"
"283342","Saira Bibi","MR-5494","EMDS Call","Medical Emergency","Vertigo/ Dizziness","2026/04/28 03:57:01 PM","Rahim Yar Khan"
"283343","Saima Bashir","MR-5819","EMDS Call","Road Crash","Severe Trauma","2026/04/28 04:08:31 PM","Liaqatpur"
"283344","Adil Iqbal","DR-782","EMDS Call","Medical Emergency","Backache","2026/04/28 04:09:23 PM","Sadiqabad"
"283345","Saima Bashir","MR-5819","EMDS Call","Medical Emergency","Vomiting","2026/04/28 04:24:59 PM","Rahim Yar Khan"
"78290","Saira Bibi","MR-5494","Direct Call","Patient Transfer Service","N/A","2026/04/28 04:27:22 PM","Liaqatpur"
"283346","Adil Iqbal","DR-782","EMDS Call","Rescue Operations","Animal/Bird Rescue","2026/04/28 04:29:04 PM","Khanpur"
"283347","Adil Iqbal","DR-782","EMDS Call","Fire","Short Circuit","2026/04/28 04:34:05 PM","Rahim Yar Khan"
"283348","Adil Iqbal","DR-782","EMDS Call","Medical Emergency","Hypoglycemia","2026/04/28 04:36:09 PM","Sadiqabad"
"78291","Saima Bashir","MR-5819","Direct Call","Patient Transfer Service","N/A","2026/04/28 04:38:19 PM","Liaqatpur"
"283349","Saira Bibi","MR-5494","EMDS Call","Medical Emergency","SOB/ Respiratory Distress","2026/04/28 04:38:12 PM","Rahim Yar Khan"
"283350","Adil Iqbal","DR-782","EMDS Call","Medical Emergency","Hypertension","2026/04/28 04:48:52 PM","Rahim Yar Khan"
"283351","Adil Iqbal","DR-782","EMDS Call","Medical Emergency","Abdominal Pain","2026/04/28 04:53:17 PM","Rahim Yar Khan"
"283352","Saima Bashir","MR-5819","EMDS Call","Medical Emergency","Urinary Retention","2026/04/28 04:52:47 PM","Rahim Yar Khan"
"78292","Saira Bibi","MR-5494","Direct Call","Patient Transfer Service","N/A","2026/04/28 04:56:21 PM","Khanpur"
"283354","Saima Bashir","MR-5819","EMDS Call","Medical Emergency","High Fever","2026/04/28 04:55:42 PM","Liaqatpur"
"283353","Adil Iqbal","DR-782","EMDS Call","Medical Emergency","SOB/ Respiratory Distress","2026/04/28 04:56:51 PM","Rahim Yar Khan"
"283355","Adil Iqbal","DR-782","EMDS Call","Rescue Operations","Animal/Bird Rescue","2026/04/28 04:59:53 PM","Sadiqabad"
"78293","Saira Bibi","MR-5494","Direct Call","Patient Transfer Service","N/A","2026/04/28 05:02:13 PM","Sadiqabad"
"283356","Muhammad Riaz","DR-654","EMDS Call","Medical Emergency","Abdominal Pain","2026/04/28 05:10:01 PM","Rahim Yar Khan"
"283357","Saima Bashir","MR-5819","EMDS Call","Rescue Operations","Delivery Case","2026/04/28 05:11:14 PM","Rahim Yar Khan"
"283358","Saira Bibi","MR-5494","EMDS Call","Road Crash","Bleeding","2026/04/28 05:19:32 PM","Rahim Yar Khan"
"283359","Muhammad Riaz","DR-654","EMDS Call","Road Crash","Minor Injuries","2026/04/28 05:24:39 PM","Rahim Yar Khan"
"283360","Saira Bibi","MR-5494","Direct Call","Rescue Operations","Mass Event Coverage","2026/04/28 05:29:05 PM","Khanpur"
"283361","Saima Bashir","MR-5819","EMDS Call","Medical Emergency","Abdominal Pain","2026/04/28 05:33:27 PM","Khanpur"
"283362","Muhammad Riaz","DR-654","EMDS Call","Road Crash","Bleeding","2026/04/28 05:41:56 PM","Rahim Yar Khan"
"283363","Saima Bashir","MR-5819","EMDS Call","Medical Emergency","CVA/Stroke","2026/04/28 05:41:00 PM","Khanpur"
"283364","Adil Iqbal","DR-782","EMDS Call","Medical Emergency","High Fever","2026/04/28 05:45:17 PM","Rahim Yar Khan"
"283365","Adil Iqbal","DR-782","EMDS Call","Medical Emergency","Vertigo/ Dizziness","2026/04/28 05:54:02 PM","Rahim Yar Khan"
"283366","Adil Iqbal","DR-782","EMDS Call","Medical Emergency","Hyperglycemia","2026/04/28 05:56:32 PM","Sadiqabad"
"283367","Adil Iqbal","DR-782","EMDS Call","Medical Emergency","High Fever","2026/04/28 06:15:17 PM","Rahim Yar Khan"
"283368","Adil Iqbal","DR-782","EMDS Call","Medical Emergency","Hypertension","2026/04/28 06:19:56 PM","Sadiqabad"
"78294","Saira Bibi","MR-5494","Direct Call","Patient Transfer Service","N/A","2026/04/28 06:26:03 PM","Sadiqabad"
"78295","Shahla Nawaz","DR-185","Direct Call","Patient Transfer Service","N/A","2026/04/28 06:31:48 PM","Sadiqabad"
"283369","Adil Iqbal","DR-782","EMDS Call","Medical Emergency","Vertigo/ Dizziness","2026/04/28 06:42:05 PM","Rahim Yar Khan"
"283371","Muhammad Riaz","DR-654","EMDS Call","Medical Emergency","Gynae Problem","2026/04/28 06:47:36 PM","Rahim Yar Khan"
"283370","Shahla Nawaz","DR-185","EMDS Call","Medical Emergency","Domestic Injuries","2026/04/28 06:43:55 PM","Rahim Yar Khan"
"283374","Adil Iqbal","DR-782","EMDS Call","Road Crash","Bleeding","2026/04/28 06:46:42 PM","Rahim Yar Khan"
"283374","Adil Iqbal","DR-782","EMDS Call","Road Crash","Bleeding","2026/04/28 06:46:42 PM","Rahim Yar Khan"
"283374","Adil Iqbal","DR-782","EMDS Call","Road Crash","Bleeding","2026/04/28 06:46:42 PM","Rahim Yar Khan"
"283372","Adil Iqbal","DR-782","EMDS Call","Road Crash","Minor Injuries","2026/04/28 06:49:20 PM","Khanpur"
"283373","Adil Iqbal","DR-782","EMDS Call","Medical Emergency","Abdominal Pain","2026/04/28 06:54:54 PM","Rahim Yar Khan"
"283375","Muhammad Riaz","DR-654","EMDS Call","Medical Emergency","SOB/ Respiratory Distress","2026/04/28 07:00:17 PM","Rahim Yar Khan"
"283376","Shahla Nawaz","DR-185","EMDS Call","Medical Emergency","Vomiting","2026/04/28 07:04:37 PM","Rahim Yar Khan"
"283377","Saima Bashir","MR-5819","EMDS Call","Medical Emergency","Anxiety / Psychiatric Disorder","2026/04/28 07:08:54 PM","Rahim Yar Khan"
"283378","Shahla Nawaz","DR-185","EMDS Call","Medical Emergency","Vomiting","2026/04/28 07:09:38 PM","Sadiqabad"
"283379","Saima Bashir","MR-5819","EMDS Call","Road Crash","Multiple Fractures","2026/04/28 07:12:06 PM","Rahim Yar Khan"
"283380","Shahla Nawaz","DR-185","EMDS Call","Crime","Probable Suicide","2026/04/28 07:13:38 PM","Rahim Yar Khan"
"283381","Shahla Nawaz","DR-185","EMDS Call","Rescue Operations","Delivery Case","2026/04/28 07:23:03 PM","Rahim Yar Khan"
"283382","Shahla Nawaz","DR-185","EMDS Call","Medical Emergency","Domestic Injuries","2026/04/28 07:27:57 PM","Rahim Yar Khan"
"283383","Saira Bibi","MR-5494","EMDS Call","Medical Emergency","Vertigo/ Dizziness","2026/04/28 07:33:13 PM","Rahim Yar Khan"
"283384","Saima Bashir","MR-5819","EMDS Call","Medical Emergency","Headache","2026/04/28 07:34:37 PM","Sadiqabad"
"78296","Saira Bibi","MR-5494","Direct Call","Patient Transfer Service","N/A","2026/04/28 07:40:52 PM","Sadiqabad"
"283385","Saima Bashir","MR-5819","EMDS Call","Medical Emergency","Vertigo/ Dizziness","2026/04/28 07:43:33 PM","Sadiqabad"
"283386","Shahla Nawaz","DR-185","EMDS Call","Medical Emergency","High Fever","2026/04/28 07:45:00 PM","Rahim Yar Khan"
"283387","Saira Bibi","MR-5494","EMDS Call","Medical Emergency","SOB/ Respiratory Distress","2026/04/28 07:46:20 PM","Rahim Yar Khan"
"283388","Saima Bashir","MR-5819","EMDS Call","Medical Emergency","Anxiety / Psychiatric Disorder","2026/04/28 07:46:43 PM","Rahim Yar Khan"
"283389","Saima Bashir","MR-5819","EMDS Call","Road Crash","Bleeding","2026/04/28 07:56:27 PM","Rahim Yar Khan"
"283390","Saira Bibi","MR-5494","EMDS Call","Rescue Operations","Animal/Bird Rescue","2026/04/28 07:58:29 PM","Rahim Yar Khan"
"283391","Saima Bashir","MR-5819","EMDS Call","Medical Emergency","Hypertension","2026/04/28 08:00:12 PM","Liaqatpur"
"283393","Saima Bashir","MR-5819","EMDS Call","Medical Emergency","Abdominal Pain","2026/04/28 08:07:04 PM","Rahim Yar Khan"
"283392","Shahla Nawaz","DR-185","EMDS Call","Medical Emergency","Hyperglycemia","2026/04/28 08:08:45 PM","Rahim Yar Khan"
"283395","Saira Bibi","MR-5494","EMDS Call","Medical Emergency","Epilepsy","2026/04/28 08:07:39 PM","Liaqatpur"
"283394","Shahla Nawaz","DR-185","EMDS Call","Medical Emergency","Vomiting","2026/04/28 08:13:30 PM","Rahim Yar Khan"
"78297","Saima Bashir","MR-5819","Direct Call","Patient Transfer Service","N/A","2026/04/28 08:15:34 PM","Khanpur"
"283396","Shahla Nawaz","DR-185","EMDS Call","Road Crash","Minor Injuries","2026/04/28 08:16:41 PM","Sadiqabad"
"283397","Saima Bashir","MR-5819","EMDS Call","Medical Emergency","Vomiting","2026/04/28 08:16:56 PM","Rahim Yar Khan"
"283398","Saima Bashir","MR-5819","EMDS Call","Medical Emergency","Vertigo/ Dizziness","2026/04/28 08:28:44 PM","Rahim Yar Khan"
"283399","Shahla Nawaz","DR-185","EMDS Call","Medical Emergency","SOB/ Respiratory Distress","2026/04/28 08:30:33 PM","Rahim Yar Khan"
"283400","Saira Bibi","MR-5494","EMDS Call","Medical Emergency","SOB/ Respiratory Distress","2026/04/28 08:32:00 PM","Rahim Yar Khan"
"283401","Saira Bibi","MR-5494","EMDS Call","Medical Emergency","Hypertension","2026/04/28 08:35:22 PM","Rahim Yar Khan"
"283402","Shahla Nawaz","DR-185","EMDS Call","Rescue Operations","Electric Shock","2026/04/28 08:37:48 PM","Rahim Yar Khan"
"283403","Saima Bashir","MR-5819","EMDS Call","Medical Emergency","Chest Pain","2026/04/28 08:37:51 PM","Rahim Yar Khan"
"283404","Saira Bibi","MR-5494","EMDS Call","Medical Emergency","High Fever","2026/04/28 08:41:37 PM","Liaqatpur"
"283405","Saima Bashir","MR-5819","EMDS Call","Medical Emergency","Hypertension","2026/04/28 08:49:19 PM","Rahim Yar Khan"
"283406","Shahla Nawaz","DR-185","EMDS Call","Road Crash","Minor Injuries","2026/04/28 08:49:18 PM","Khanpur"
"283407","Saira Bibi","MR-5494","EMDS Call","Medical Emergency","Domestic Injuries","2026/04/28 08:51:19 PM","Khanpur"
"283408","Shahla Nawaz","DR-185","EMDS Call","Medical Emergency","Hypertension","2026/04/28 08:52:47 PM","Rahim Yar Khan"
"283409","Saima Bashir","MR-5819","EMDS Call","Medical Emergency","Hypertension","2026/04/28 08:56:20 PM","Rahim Yar Khan"
"283410","Shahla Nawaz","DR-185","EMDS Call","Medical Emergency","Anxiety / Psychiatric Disorder","2026/04/28 08:59:06 PM","Rahim Yar Khan"
"283411","Saima Bashir","MR-5819","EMDS Call","Medical Emergency","Anxiety / Psychiatric Disorder","2026/04/28 09:12:35 PM","Sadiqabad"
"283413","Saira Bibi","MR-5494","EMDS Call","Medical Emergency","Hypertension","2026/04/28 09:12:39 PM","Rahim Yar Khan"
"283412","Shahla Nawaz","DR-185","EMDS Call","Medical Emergency","Vertigo/ Dizziness","2026/04/28 09:12:27 PM","Sadiqabad"
"78298","Saira Bibi","MR-5494","Direct Call","Patient Transfer Service","N/A","2026/04/28 09:17:14 PM","Khanpur"
"283414","Shahla Nawaz","DR-185","EMDS Call","Medical Emergency","Unconscious","2026/04/28 09:16:00 PM","Liaqatpur"
"283415","Shahla Nawaz","DR-185","EMDS Call","Medical Emergency","High Fever","2026/04/28 09:20:28 PM","Sadiqabad"
"283416","Saira Bibi","MR-5494","EMDS Call","Medical Emergency","Hypoglycemia","2026/04/28 09:22:16 PM","Rahim Yar Khan"
"283417","Saira Bibi","MR-5494","EMDS Call","Medical Emergency","Chest Pain","2026/04/28 09:43:32 PM","Rahim Yar Khan"
"283418","Shahla Nawaz","DR-185","EMDS Call","Medical Emergency","Abdominal Pain","2026/04/28 09:49:46 PM","Sadiqabad"
"283421","Adil Iqbal","DR-782","EMDS Call","Medical Emergency","Hypotension","2026/04/28 09:49:45 PM","Liaqatpur"
"283419","Adil Iqbal","DR-782","EMDS Call","Medical Emergency","SOB/ Respiratory Distress","2026/04/28 09:57:05 PM","Khanpur"
"283420","Shahla Nawaz","DR-185","EMDS Call","Medical Emergency","Vomiting","2026/04/28 09:58:34 PM","Rahim Yar Khan"
"283423","Adil Iqbal","DR-782","EMDS Call","Medical Emergency","Joints Pain","2026/04/28 10:04:07 PM","Rahim Yar Khan"
"283422","Muhammad Fiaz","DR-206","Direct Call","Medical Emergency","Chest Pain","2026/04/28 10:07:15 PM","Rahim Yar Khan"
"283424","Rana M. Usman","DR-200","EMDS Call","Medical Emergency","SOB/ Respiratory Distress","2026/04/28 10:20:11 PM","Khanpur"
"283425","Rana M. Usman","DR-200","EMDS Call","Road Crash","Minor Injuries","2026/04/28 10:27:32 PM","Khanpur"
"283426","Muhammad Fiaz","DR-206","EMDS Call","Medical Emergency","Vomiting","2026/04/28 10:38:56 PM","Sadiqabad"
"283427","Rana M. Usman","DR-200","EMDS Call","Fire","Others","2026/04/28 10:41:09 PM","Khanpur"
"283428","Rana M. Usman","DR-200","EMDS Call","Medical Emergency","Abdominal Pain","2026/04/28 10:51:40 PM","Liaqatpur"
"283429","Rana M. Usman","DR-200","EMDS Call","Medical Emergency","Abdominal Pain","2026/04/28 10:57:47 PM","Khanpur"
"283430","Rana M. Usman","DR-200","EMDS Call","Medical Emergency","Hypertension","2026/04/28 11:02:32 PM","Sadiqabad"
"283431","Rana M. Usman","DR-200","EMDS Call","Medical Emergency","Headache","2026/04/28 11:12:45 PM","Rahim Yar Khan"
"283432","Muhammad Fiaz","DR-206","EMDS Call","Medical Emergency","SOB/ Respiratory Distress","2026/04/28 11:13:50 PM","Rahim Yar Khan"
"283434","Sajid Mehmood","DR-914","EMDS Call","Medical Emergency","Earache/ Toothache","2026/04/28 11:23:09 PM","Rahim Yar Khan"
"283433","Rana M. Usman","DR-200","EMDS Call","Medical Emergency","Hypotension","2026/04/28 11:24:07 PM","Khanpur"
"283435","Rana M. Usman","DR-200","EMDS Call","Medical Emergency","Hypertension","2026/04/28 11:29:39 PM","Rahim Yar Khan"
"78299","Sajid Mehmood","DR-914","Direct Call","Patient Transfer Service","N/A","2026/04/28 11:39:28 PM","Khanpur"
"283436","Sajid Mehmood","DR-914","EMDS Call","Medical Emergency","Hypertension","2026/04/28 11:42:19 PM","Rahim Yar Khan"
"283437","Rana M. Usman","DR-200","EMDS Call","Medical Emergency","Abdominal Pain","2026/04/28 11:45:36 PM","Rahim Yar Khan"
"283438","Rana M. Usman","DR-200","EMDS Call","Rescue Operations","Vehicle Extrication","2026/04/28 11:48:46 PM","Khanpur"
"283439","Rana M. Usman","DR-200","EMDS Call","Medical Emergency","Anxiety / Psychiatric Disorder","2026/04/29 12:14:19 AM","Rahim Yar Khan"
"283440","Muhammad Fiaz","DR-206","EMDS Call","Medical Emergency","Anxiety / Psychiatric Disorder","2026/04/29 12:14:42 AM","Khanpur"
"283441","Sajid Mehmood","DR-914","EMDS Call","Medical Emergency","SOB/ Respiratory Distress","2026/04/29 12:17:43 AM","Rahim Yar Khan"
"283442","Muhammad Fiaz","DR-206","EMDS Call","Medical Emergency","Hypertension","2026/04/29 12:26:41 AM","Rahim Yar Khan"
"78300","Sajid Mehmood","DR-914","Direct Call","Patient Transfer Service","N/A","2026/04/29 12:36:08 AM","Liaqatpur"
"283443","Sajid Mehmood","DR-914","EMDS Call","Medical Emergency","SOB/ Respiratory Distress","2026/04/29 12:36:38 AM","Rahim Yar Khan"
"283444","Rana M. Usman","DR-200","EMDS Call","Medical Emergency","Anxiety / Psychiatric Disorder","2026/04/29 12:37:30 AM","Rahim Yar Khan"
"283445","Muhammad Fiaz","DR-206","EMDS Call","Medical Emergency","Joints Pain","2026/04/29 12:38:52 AM","Sadiqabad"
"283446","Sajid Mehmood","DR-914","EMDS Call","Medical Emergency","Renal Disorders / Renal Colic ","2026/04/29 12:39:18 AM","Khanpur"
"283447","Rana M. Usman","DR-200","EMDS Call","Medical Emergency","High Fever","2026/04/29 12:41:50 AM","Rahim Yar Khan"
"283448","Muhammad Fiaz","DR-206","EMDS Call","Medical Emergency","SOB/ Respiratory Distress","2026/04/29 12:46:11 AM","Khanpur"
"283449","Sajid Mehmood","DR-914","EMDS Call","Rescue Operations","Delivery Case","2026/04/29 12:50:20 AM","Rahim Yar Khan"
"283450","Muhammad Fiaz","DR-206","EMDS Call","Medical Emergency","Vomiting","2026/04/29 12:54:33 AM","Rahim Yar Khan"
"78301","Muhammad Fiaz","DR-206","Direct Call","Patient Transfer Service","N/A","2026/04/29 12:57:37 AM","Khanpur"
"283451","Rana M. Usman","DR-200","EMDS Call","Medical Emergency","SOB/ Respiratory Distress","2026/04/29 01:13:39 AM","Rahim Yar Khan"
"283452","Muhammad Fiaz","DR-206","EMDS Call","Medical Emergency","Vomiting","2026/04/29 01:19:08 AM","Khanpur"
"283453","Rana M. Usman","DR-200","EMDS Call","Medical Emergency","Anxiety / Psychiatric Disorder","2026/04/29 01:32:55 AM","Rahim Yar Khan"
"283454","Muhammad Fiaz","DR-206","EMDS Call","Medical Emergency","Abdominal Pain","2026/04/29 01:35:30 AM","Rahim Yar Khan"
"283455","Sajid Mehmood","DR-914","EMDS Call","Rescue Operations","Delivery Case","2026/04/29 01:41:48 AM","Rahim Yar Khan"
"283457","Sajid Mehmood","DR-914","EMDS Call","Medical Emergency","High Fever","2026/04/29 01:54:37 AM","Rahim Yar Khan"
"283456","Muhammad Fiaz","DR-206","EMDS Call","Medical Emergency","Unconscious","2026/04/29 01:54:39 AM","Sadiqabad"
"78302","Sajid Mehmood","DR-914","Direct Call","Patient Transfer Service","N/A","2026/04/29 02:26:59 AM","Sadiqabad"
"283458","Muhammad Fiaz","DR-206","EMDS Call","Crime","Bullet Injury","2026/04/29 02:29:26 AM","Rahim Yar Khan"
"283459","Sajid Mehmood","DR-914","EMDS Call","Medical Emergency","Hypertension","2026/04/29 02:31:12 AM","Rahim Yar Khan"
"283460","Rana M. Usman","DR-200","EMDS Call","Medical Emergency","Renal Disorders / Renal Colic ","2026/04/29 02:39:18 AM","Rahim Yar Khan"
"283461","Sajid Mehmood","DR-914","EMDS Call","Crime","Physical Assault/Violence","2026/04/29 02:42:35 AM","Rahim Yar Khan"
"283462","Rana M. Usman","DR-200","EMDS Call","Medical Emergency","Abdominal Pain","2026/04/29 02:44:07 AM","Khanpur"
"283463","Muhammad Fiaz","DR-206","EMDS Call","Medical Emergency","SOB/ Respiratory Distress","2026/04/29 02:49:22 AM","Rahim Yar Khan"
"283464","Rana M. Usman","DR-200","EMDS Call","Medical Emergency","Hypertension","2026/04/29 02:55:00 AM","Rahim Yar Khan"
"283465","Sajid Mehmood","DR-914","EMDS Call","Fire","Short Circuit","2026/04/29 03:07:36 AM","Rahim Yar Khan"
"283466","Farah Sadaqat","MR-5930","EMDS Call","Medical Emergency","Unconscious","2026/04/29 03:30:35 AM","Liaqatpur"
"283467","Zahid Manzoor","DR-887","EMDS Call","Medical Emergency","SOB/ Respiratory Distress","2026/04/29 03:46:55 AM","Rahim Yar Khan"
"78303","Zahid Manzoor","DR-887","Direct Call","Patient Transfer Service","N/A","2026/04/29 03:57:44 AM","Khanpur"
"283468","Maheen Tahir","MR-6017","EMDS Call","Medical Emergency","Chronic Illness","2026/04/29 04:15:36 AM","Khanpur"
"283469","Farah Sadaqat","MR-5930","EMDS Call","Medical Emergency","High Fever","2026/04/29 04:24:18 AM","Sadiqabad"
"283470","Zahid Manzoor","DR-887","EMDS Call","Medical Emergency","SOB/ Respiratory Distress","2026/04/29 04:25:51 AM","Rahim Yar Khan"
"283471","Maheen Tahir","MR-6017","EMDS Call","Medical Emergency","Unconscious","2026/04/29 04:33:25 AM","Rahim Yar Khan"
"283472","Zahid Manzoor","DR-887","EMDS Call","Medical Emergency","Abdominal Pain","2026/04/29 04:39:27 AM","Khanpur"
"283473","Farah Sadaqat","MR-5930","EMDS Call","Medical Emergency","Abdominal Pain","2026/04/29 04:38:52 AM","Khanpur"
"283474","Maheen Tahir","MR-6017","EMDS Call","Medical Emergency","Renal Disorders / Renal Colic ","2026/04/29 04:46:00 AM","Rahim Yar Khan"
"283475","Farah Sadaqat","MR-5930","EMDS Call","Medical Emergency","Diarrhea","2026/04/29 04:57:06 AM","Rahim Yar Khan"
"283476","Zahid Manzoor","DR-887","EMDS Call","Medical Emergency","Unconscious","2026/04/29 05:19:38 AM","Sadiqabad"
"283477","Maheen Tahir","MR-6017","EMDS Call","Road Crash","Minor Injuries","2026/04/29 05:21:11 AM","Khanpur"
"283478","Zahid Manzoor","DR-887","EMDS Call","Medical Emergency","Joints Pain","2026/04/29 05:23:06 AM","Rahim Yar Khan"
"283479","Zahid Manzoor","DR-887","EMDS Call","Medical Emergency","Backache","2026/04/29 05:36:40 AM","Sadiqabad"
"283480","Zahid Manzoor","DR-887","EMDS Call","Medical Emergency","Abdominal Pain","2026/04/29 06:00:07 AM","Rahim Yar Khan"
"78304","Zahid Manzoor","DR-887","Direct Call","Patient Transfer Service","N/A","2026/04/29 06:14:55 AM","Sadiqabad"
"283481","Zahid Manzoor","DR-887","EMDS Call","Medical Emergency","Unconscious","2026/04/29 06:53:34 AM","Liaqatpur"
"Not Assigned","Zahid Manzoor","DR-887","EMDS Call","Road Crash","Minor Injuries","2026/04/29 07:04:00 AM","Rahim Yar Khan"
"283482","Zupasha Zia","MR-5758","EMDS Call","Medical Emergency","Domestic Injuries","2026/04/29 07:16:40 AM","Rahim Yar Khan"
"283483","Aasia Batool","MR-5198","EMDS Call","Medical Emergency","Chest Pain","2026/04/29 07:18:19 AM","Sadiqabad"
"283484","Nida Rahat","DR-1322","EMDS Call","Road Crash","Bleeding","2026/04/29 07:22:47 AM","Rahim Yar Khan"
"283485","Zupasha Zia","MR-5758","EMDS Call","Medical Emergency","SOB/ Respiratory Distress","2026/04/29 07:22:43 AM","Sadiqabad"
"283486","Aasia Batool","MR-5198","EMDS Call","Medical Emergency","SOB/ Respiratory Distress","2026/04/29 07:33:05 AM","Liaqatpur"
"283487","Zia ul Haq","DR-328","EMDS Call","Medical Emergency","Backache","2026/04/29 07:33:42 AM","Liaqatpur"
"283488","Muhammad ALi","DR-818","EMDS Call","Medical Emergency","Anxiety / Psychiatric Disorder","2026/04/29 07:43:04 AM","Rahim Yar Khan"
"283489","Adnan Shabbir","DR-205","EMDS Call","Medical Emergency","Domestic Injuries","2026/04/29 07:45:58 AM","Sadiqabad"
"78305","Adnan Shabbir","DR-205","Direct Call","Patient Transfer Service","N/A","2026/04/29 07:52:08 AM","Rahim Yar Khan"
"283490","Muhammad ALi","DR-818","EMDS Call","Medical Emergency","Epilepsy","2026/04/29 07:52:12 AM","Sadiqabad"
"283491","Adil Iqbal","DR-782","EMDS Call","Medical Emergency","Anxiety / Psychiatric Disorder","2026/04/29 07:52:21 AM","Rahim Yar Khan"
"283492","Zia ul Haq","DR-328","EMDS Call","Road Crash","Severe Trauma","2026/04/29 08:02:15 AM","Sadiqabad"
"283493","Adnan Shabbir","DR-205","EMDS Call","Medical Emergency","SOB/ Respiratory Distress","2026/04/29 08:01:36 AM","Rahim Yar Khan"
"283494","Adil Iqbal","DR-782","EMDS Call","Medical Emergency","Hypotension","2026/04/29 08:04:21 AM","Rahim Yar Khan"
"283495","Zia ul Haq","DR-328","EMDS Call","Medical Emergency","Vomiting","2026/04/29 08:21:00 AM","Liaqatpur"
"283496","Adnan Shabbir","DR-205","EMDS Call","Medical Emergency","Vomiting","2026/04/29 08:22:50 AM","Rahim Yar Khan"
"283497","Adnan Shabbir","DR-205","EMDS Call","Medical Emergency","Chest Pain","2026/04/29 08:34:16 AM","Liaqatpur"
"283498","Adnan Shabbir","DR-205","EMDS Call","Road Crash","Multiple Fractures","2026/04/29 08:44:51 AM","Rahim Yar Khan"
"283499","Adil Iqbal","DR-782","EMDS Call","Medical Emergency","Unconscious","2026/04/29 08:51:48 AM","Sadiqabad"
"283500","Adil Iqbal","DR-782","EMDS Call","Medical Emergency","Vomiting","2026/04/29 09:06:08 AM","Liaqatpur"
"283501","Adil Iqbal","DR-782","EMDS Call","Medical Emergency","Anxiety / Psychiatric Disorder","2026/04/29 09:08:52 AM","Rahim Yar Khan"
"283502","Zia ul Haq","DR-328","EMDS Call","Medical Emergency","Hypertension","2026/04/29 09:18:16 AM","Sadiqabad"
"283504","Zupasha Zia","MR-5758","EMDS Call","Medical Emergency","High Fever","2026/04/29 09:20:43 AM","Liaqatpur"
"283503","Zia ul Haq","DR-328","EMDS Call","Road Crash","Bleeding","2026/04/29 09:21:03 AM","Rahim Yar Khan"
"283505","Muhammad ALi","DR-818","EMDS Call","Medical Emergency","Hyperglycemia","2026/04/29 09:22:53 AM","Sadiqabad"
"283506","Zupasha Zia","MR-5758","EMDS Call","Medical Emergency","Hypertension","2026/04/29 09:33:34 AM","Sadiqabad"
"283507","Muhammad ALi","DR-818","EMDS Call","Medical Emergency","Vomiting","2026/04/29 09:35:17 AM","Rahim Yar Khan"
"283508","Muhammad ALi","DR-818","EMDS Call","Medical Emergency","Vomiting","2026/04/29 09:43:22 AM","Rahim Yar Khan"
"283509","Adil Iqbal","DR-782","EMDS Call","Medical Emergency","Hypertension","2026/04/29 09:43:49 AM","Sadiqabad"
"283510","Muhammad Abid","DR-874","EMDS Call","Road Crash","Bleeding","2026/04/29 09:45:23 AM","Khanpur"
"283510","Muhammad Abid","DR-874","EMDS Call","Road Crash","Bleeding","2026/04/29 09:45:23 AM","Khanpur"
"283511","Muhammad ALi","DR-818","EMDS Call","Road Crash","Bleeding","2026/04/29 09:54:53 AM","Rahim Yar Khan"
"283512","Adil Iqbal","DR-782","EMDS Call","Crime","Probable Suicide","2026/04/29 09:58:59 AM","Rahim Yar Khan"
"283513","Muhammad Abid","DR-874","EMDS Call","Medical Emergency","Unconscious","2026/04/29 10:02:25 AM","Rahim Yar Khan"
"283514","Adil Iqbal","DR-782","EMDS Call","Medical Emergency","Chest Pain","2026/04/29 10:05:10 AM","Rahim Yar Khan"
"283515","Mureed Abbas","DR-900","EMDS Call","Crime","Probable Suicide","2026/04/29 10:15:03 AM","Rahim Yar Khan"
"283516","Muhammad ALi","DR-818","EMDS Call","Crime","Probable Suicide","2026/04/29 10:16:14 AM","Sadiqabad"
"283517","Mureed Abbas","DR-900","EMDS Call","Road Crash","Severe Trauma","2026/04/29 10:18:29 AM","Khanpur"
"283518","Mureed Abbas","DR-900","EMDS Call","Medical Emergency","Abdominal Pain","2026/04/29 10:27:49 AM","Khanpur"
"283519","Adil Iqbal","DR-782","EMDS Call","Medical Emergency","Chest Pain","2026/04/29 10:27:38 AM","Sadiqabad"
"Not Assigned","Adil Iqbal","DR-782","Direct Call","High Raised Building Inspection","High Raised Building Inspection","2026/04/29 10:30:50 AM","Rahim Yar Khan"
"283520","Muhammad ALi","DR-818","EMDS Call","Medical Emergency","SOB/ Respiratory Distress","2026/04/29 10:31:01 AM","Rahim Yar Khan"
"78306","Muhammad ALi","DR-818","Direct Call","Patient Transfer Service","N/A","2026/04/29 10:35:10 AM","Khanpur"
"283521","Mureed Abbas","DR-900","EMDS Call","Medical Emergency","Hypertension","2026/04/29 10:41:51 AM","Rahim Yar Khan"
"283522","Aasia Batool","MR-5198","EMDS Call","Medical Emergency","Unconscious","2026/04/29 10:49:40 AM","Rahim Yar Khan"
"283523","Aasia Batool","MR-5198","EMDS Call","Medical Emergency","Abdominal Pain","2026/04/29 10:55:40 AM","Sadiqabad"
"283524","Muhammad ALi","DR-818","EMDS Call","Medical Emergency","Vomiting","2026/04/29 10:59:02 AM","Khanpur"
"283525","Mureed Abbas","DR-900","EMDS Call","Road Crash","Minor Injuries","2026/04/29 11:01:16 AM","Rahim Yar Khan"
"283526","Aasia Batool","MR-5198","EMDS Call","Medical Emergency","Chronic Illness","2026/04/29 11:01:37 AM","Rahim Yar Khan"
"283527","Mureed Abbas","DR-900","EMDS Call","Medical Emergency","Hypertension","2026/04/29 11:04:38 AM","Sadiqabad"
"283528","Muhammad ALi","DR-818","EMDS Call","Medical Emergency","Unconscious","2026/04/29 11:06:30 AM","Sadiqabad"
"283530","Aasia Batool","MR-5198","EMDS Call","Medical Emergency","Epilepsy","2026/04/29 11:09:19 AM","Liaqatpur"
"283529","Nida Rahat","DR-1322","EMDS Call","Road Crash","Minor Injuries","2026/04/29 11:10:05 AM","Rahim Yar Khan"
"283532","Muhammad ALi","DR-818","EMDS Call","Medical Emergency","High Fever","2026/04/29 11:11:29 AM","Rahim Yar Khan"
"283531","Nida Rahat","DR-1322","EMDS Call","Medical Emergency","Vomiting","2026/04/29 11:14:14 AM","Khanpur"
"283533","Muhammad ALi","DR-818","EMDS Call","Medical Emergency","Joints Pain","2026/04/29 11:15:28 AM","Sadiqabad"
"78307","Aasia Batool","MR-5198","Direct Call","Patient Transfer Service","N/A","2026/04/29 11:20:38 AM","Sadiqabad"
"283534","Muhammad ALi","DR-818","EMDS Call","Medical Emergency","Abdominal Pain","2026/04/29 11:19:43 AM","Sadiqabad"
"283535","Aasia Batool","MR-5198","Direct Call","Medical Emergency","Headache","2026/04/29 11:21:42 AM","Rahim Yar Khan"
"78308","Nida Rahat","DR-1322","Direct Call","Patient Transfer Service","N/A","2026/04/29 11:23:40 AM","Liaqatpur"
"283536","Aasia Batool","MR-5198","EMDS Call","Medical Emergency","Anxiety / Psychiatric Disorder","2026/04/29 11:30:10 AM","Rahim Yar Khan"
"283537","Muhammad ALi","DR-818","EMDS Call","Medical Emergency","Chronic Illness","2026/04/29 11:30:35 AM","Sadiqabad"
"283538","Adil Iqbal","DR-782","EMDS Call","Medical Emergency","Chest Pain","2026/04/29 11:41:56 AM","Khanpur"
"283539","Muhammad ALi","DR-818","EMDS Call","Medical Emergency","Chronic Illness","2026/04/29 11:42:23 AM","Rahim Yar Khan"
"283540","Adil Iqbal","DR-782","EMDS Call","Medical Emergency","Abdominal Pain","2026/04/29 11:44:25 AM","Sadiqabad"
"283541","Muhammad ALi","DR-818","EMDS Call","Medical Emergency","Anxiety / Psychiatric Disorder","2026/04/29 11:48:05 AM","Rahim Yar Khan"
"283542","Muhammad ALi","DR-818","EMDS Call","Road Crash","Bleeding","2026/04/29 11:56:45 AM","Sadiqabad"
"283543","Muhammad ALi","DR-818","EMDS Call","Medical Emergency","Diarrhea","2026/04/29 12:06:29 PM","Rahim Yar Khan"
"283544","Mureed Abbas","DR-900","EMDS Call","Medical Emergency","Chest Pain","2026/04/29 12:07:19 PM","Khanpur"
"283545","Muhammad ALi","DR-818","EMDS Call","Road Crash","Bleeding","2026/04/29 12:09:37 PM","Rahim Yar Khan"
"283546","Imran Anjum","DR-204","EMDS Call","Medical Emergency","CVA/Stroke","2026/04/29 12:21:33 PM","Liaqatpur"
"78309","Mureed Abbas","DR-900","Direct Call","Patient Transfer Service","N/A","2026/04/29 12:26:20 PM","Khanpur"
"283547","Muhammad ALi","DR-818","EMDS Call","Medical Emergency","Vomiting","2026/04/29 12:25:18 PM","Sadiqabad"
"283548","Mureed Abbas","DR-900","EMDS Call","Road Crash","Bleeding","2026/04/29 12:28:59 PM","Rahim Yar Khan"
"283549","Muhammad ALi","DR-818","EMDS Call","Medical Emergency","Anxiety / Psychiatric Disorder","2026/04/29 12:35:45 PM","Rahim Yar Khan"
"283550","Mureed Abbas","DR-900","EMDS Call","Road Crash","Bleeding","2026/04/29 12:38:50 PM","Khanpur"
"283551","Imran Anjum","DR-204","EMDS Call","Medical Emergency","Abdominal Pain","2026/04/29 12:39:22 PM","Sadiqabad"
"78310","Zupasha Zia","MR-5758","Direct Call","Patient Transfer Service","N/A","2026/04/29 12:46:44 PM","Sadiqabad"
"283552","Muhammad ALi","DR-818","EMDS Call","Road Crash","Minor Injuries","2026/04/29 12:55:03 PM","Rahim Yar Khan"
"283553","Nida Rahat","DR-1322","EMDS Call","Rescue Operations","Scalds/Burn Due To Negligence","2026/04/29 01:02:35 PM","Rahim Yar Khan"
"283555","Muhammad ALi","DR-818","EMDS Call","Road Crash","Bleeding","2026/04/29 01:03:30 PM","Sadiqabad"
"283554","Mureed Abbas","DR-900","EMDS Call","Medical Emergency","Hyperglycemia","2026/04/29 01:04:54 PM","Rahim Yar Khan"
"283556","Nida Rahat","DR-1322","EMDS Call","Road Crash","Severe Trauma","2026/04/29 01:05:50 PM","Liaqatpur"
"283557","Mureed Abbas","DR-900","EMDS Call","Rescue Operations","Delivery Case","2026/04/29 01:08:04 PM","Khanpur"
"283559","Nida Rahat","DR-1322","EMDS Call","Medical Emergency","SOB/ Respiratory Distress","2026/04/29 01:21:39 PM","Liaqatpur"
"283558","Muhammad ALi","DR-818","EMDS Call","Road Crash","Minor Injuries","2026/04/29 01:23:11 PM","Rahim Yar Khan"
"283560","Imran Anjum","DR-204","EMDS Call","Road Crash","Severe Trauma","2026/04/29 01:28:58 PM","Khanpur"
"283561","Nida Rahat","DR-1322","EMDS Call","Fire","Short Circuit","2026/04/29 01:35:56 PM","Khanpur"
"283562","Mureed Abbas","DR-900","EMDS Call","Rescue Operations","Animal/Bird Rescue","2026/04/29 01:35:40 PM","Rahim Yar Khan"
"283563","Zupasha Zia","MR-5758","EMDS Call","Medical Emergency","Joints Pain","2026/04/29 01:41:22 PM","Rahim Yar Khan"
"283564","Zupasha Zia","MR-5758","EMDS Call","Medical Emergency","SOB/ Respiratory Distress","2026/04/29 01:53:03 PM","Rahim Yar Khan"
"283565","Zupasha Zia","MR-5758","EMDS Call","Road Crash","Bleeding","2026/04/29 02:03:31 PM","Rahim Yar Khan"
"283566","Imran Anjum","DR-204","EMDS Call","Road Crash","Severe Trauma","2026/04/29 02:04:20 PM","Liaqatpur"
"78311","Nida Rahat","DR-1322","Direct Call","Patient Transfer Service","N/A","2026/04/29 02:06:34 PM","Rahim Yar Khan"
"283567","Imran Anjum","DR-204","EMDS Call","Medical Emergency","Abdominal Pain","2026/04/29 02:12:04 PM","Rahim Yar Khan"
"283568","Aasia Batool","MR-5198","EMDS Call","Road Crash","Minor Injuries","2026/04/29 02:16:32 PM","Sadiqabad"
"283570","Zupasha Zia","MR-5758","EMDS Call","Medical Emergency","Headache","2026/04/29 02:19:19 PM","Rahim Yar Khan"
"283569","Imran Anjum","DR-204","EMDS Call","Medical Emergency","Chest Pain","2026/04/29 02:20:19 PM","Liaqatpur"
"283571","Nida Rahat","DR-1322","EMDS Call","Medical Emergency","Abdominal Pain","2026/04/29 02:20:31 PM","Rahim Yar Khan"
"78312","Zupasha Zia","MR-5758","Direct Call","Patient Transfer Service","N/A","2026/04/29 02:29:55 PM","Khanpur"
"78313","Nida Rahat","DR-1322","Direct Call","Patient Transfer Service","N/A","2026/04/29 02:30:47 PM","Khanpur"
"283572","Aasia Batool","MR-5198","EMDS Call","Medical Emergency","Backache","2026/04/29 02:31:05 PM","Rahim Yar Khan"
"283573","Imran Anjum","DR-204","EMDS Call","Medical Emergency","Vomiting","2026/04/29 02:40:57 PM","Rahim Yar Khan"
"283574","Nida Rahat","DR-1322","EMDS Call","Road Crash","Minor Injuries","2026/04/29 02:44:22 PM","Sadiqabad"
"283575","Aasia Batool","MR-5198","EMDS Call","Medical Emergency","SOB/ Respiratory Distress","2026/04/29 02:49:09 PM","Sadiqabad"
"283577","Nida Rahat","DR-1322","EMDS Call","Medical Emergency","Chest Pain","2026/04/29 02:52:38 PM","Khanpur"
"283576","Muhammad ALi","DR-818","EMDS Call","Medical Emergency","Vertigo/ Dizziness","2026/04/29 02:52:35 PM","Rahim Yar Khan"
"283578","Muhammad Zubair","DR-894","EMDS Call","Medical Emergency","Abdominal Pain","2026/04/29 03:09:54 PM","Rahim Yar Khan"
"283579","Muhammad Zubair","DR-894","EMDS Call","Medical Emergency","Hypotension","2026/04/29 03:16:48 PM","Khanpur"
"283580","Rana M. Usman","DR-200","EMDS Call","Medical Emergency","Vomiting","2026/04/29 03:19:09 PM","Rahim Yar Khan"
"283581","Rana M. Usman","DR-200","EMDS Call","Medical Emergency","High Fever","2026/04/29 03:25:06 PM","Sadiqabad"
"283582","Muhammad ALi","DR-818","EMDS Call","Crime","Physical Assault/Violence","2026/04/29 03:24:12 PM","Liaqatpur"
"283583","Muhammad Zubair","DR-894","EMDS Call","Road Crash","Minor Injuries","2026/04/29 03:26:20 PM","Rahim Yar Khan"
"283583","Muhammad Zubair","DR-894","EMDS Call","Road Crash","Minor Injuries","2026/04/29 03:26:20 PM","Rahim Yar Khan"
"78314","Muhammad Zubair","DR-894","Direct Call","Patient Transfer Service","N/A","2026/04/29 03:30:45 PM","Khanpur"
"283584","Muhammad ALi","DR-818","EMDS Call","Medical Emergency","Blood In Vomit","2026/04/29 03:30:13 PM","Rahim Yar Khan"
"283585","Rana M. Usman","DR-200","EMDS Call","Road Crash","Severe Trauma","2026/04/29 03:38:25 PM","Liaqatpur"
"283586","Muhammad Zubair","DR-894","EMDS Call","Medical Emergency","High Fever","2026/04/29 03:41:51 PM","Liaqatpur"
"283587","Rana M. Usman","DR-200","EMDS Call","Medical Emergency","Vomiting","2026/04/29 03:44:54 PM","Rahim Yar Khan"
"283588","Muhammad ALi","DR-818","EMDS Call","Road Crash","Minor Injuries","2026/04/29 03:48:06 PM","Rahim Yar Khan"
"283589","Muhammad Zubair","DR-894","EMDS Call","Medical Emergency","Hypertension","2026/04/29 03:50:29 PM","Sadiqabad"
"283591","Rana M. Usman","DR-200","EMDS Call","Medical Emergency","Hypertension","2026/04/29 03:52:08 PM","Rahim Yar Khan"
"283590","Muhammad ALi","DR-818","EMDS Call","Medical Emergency","Vomiting","2026/04/29 03:52:47 PM","Khanpur"
"283593","Muhammad ALi","DR-818","EMDS Call","Road Crash","Minor Injuries","2026/04/29 03:55:08 PM","Rahim Yar Khan"
"283592","Rana M. Usman","DR-200","EMDS Call","Medical Emergency","Hypertension","2026/04/29 03:55:48 PM","Rahim Yar Khan"
"283594","Rana M. Usman","DR-200","Direct Call","Medical Emergency","Hypertension","2026/04/29 04:23:45 PM","Rahim Yar Khan"
"283596","Muhammad Zubair","DR-894","EMDS Call","Road Crash","Minor Injuries","2026/04/29 04:30:35 PM","Rahim Yar Khan"
"283595","Muhammad ALi","DR-818","EMDS Call","Medical Emergency","Hypotension","2026/04/29 04:31:16 PM","Rahim Yar Khan"
"78315","Rana M. Usman","DR-200","Direct Call","Patient Transfer Service","N/A","2026/04/29 04:38:02 PM","Sadiqabad"
"283597","Muhammad ALi","DR-818","EMDS Call","Medical Emergency","Anxiety / Psychiatric Disorder","2026/04/29 04:43:52 PM","Rahim Yar Khan"
"78316","Rana M. Usman","DR-200","Direct Call","Patient Transfer Service","N/A","2026/04/29 04:48:09 PM","Sadiqabad"
"283598","Muhammad Zubair","DR-894","EMDS Call","Medical Emergency","Abdominal Pain","2026/04/29 04:49:56 PM","Sadiqabad"
"78317","Rana M. Usman","DR-200","Direct Call","Patient Transfer Service","N/A","2026/04/29 04:53:22 PM","Sadiqabad"
"283599","Muhammad Zubair","DR-894","EMDS Call","Medical Emergency","Headache","2026/04/29 04:58:09 PM","Sadiqabad"
"283600","Rana M. Usman","DR-200","EMDS Call","Road Crash","Minor Injuries","2026/04/29 04:59:38 PM","Sadiqabad"
"283601","Muhammad ALi","DR-818","EMDS Call","Medical Emergency","Chronic Illness","2026/04/29 04:59:23 PM","Rahim Yar Khan"
"283602","Muhammad ALi","DR-818","EMDS Call","Medical Emergency","Vomiting","2026/04/29 05:04:46 PM","Rahim Yar Khan"
"283603","Muhammad Zubair","DR-894","EMDS Call","Road Crash","Minor Injuries","2026/04/29 05:07:47 PM","Rahim Yar Khan"
"283604","Muhammad Zubair","DR-894","EMDS Call","Medical Emergency","High Fever","2026/04/29 05:10:25 PM","Rahim Yar Khan"
"283605","Muhammad Zubair","DR-894","EMDS Call","Medical Emergency","Chest Pain","2026/04/29 05:14:27 PM","Khanpur"
"283606","Muhammad ALi","DR-818","EMDS Call","Medical Emergency","Abdominal Pain","2026/04/29 05:15:16 PM","Khanpur"
"78318","Muhammad Zubair","DR-894","Direct Call","Patient Transfer Service","N/A","2026/04/29 05:26:12 PM","Liaqatpur"
"283607","Muhammad ALi","DR-818","EMDS Call","Road Crash","Bleeding","2026/04/29 05:42:29 PM","Rahim Yar Khan"
"283608","Muhammad Zubair","DR-894","EMDS Call","Medical Emergency","Chronic Illness","2026/04/29 05:43:10 PM","Liaqatpur"
"283610","Bushra Saleem","MR-5701","EMDS Call","Medical Emergency","Cardiac Arrest","2026/04/29 05:45:13 PM","Sadiqabad"
"283609","Muhammad ALi","DR-818","EMDS Call","Medical Emergency","High Fever","2026/04/29 05:45:19 PM","Sadiqabad"
"283612","Bushra Saleem","MR-5701","EMDS Call","Medical Emergency","Vomiting","2026/04/29 05:49:46 PM","Rahim Yar Khan"
"283611","Rana M. Usman","DR-200","EMDS Call","Crime","Probable Suicide","2026/04/29 05:50:37 PM","Sadiqabad"
"283613","Shahla Nawaz","DR-185","EMDS Call","Medical Emergency","Unconscious","2026/04/29 05:56:10 PM","Rahim Yar Khan"
"283614","Muhammad Zubair","DR-894","EMDS Call","Medical Emergency","SOB/ Respiratory Distress","2026/04/29 05:59:30 PM","Rahim Yar Khan"
"283615","Shahla Nawaz","DR-185","EMDS Call","Medical Emergency","Hypotension","2026/04/29 06:01:13 PM","Khanpur"
"283616","Muhammad Zubair","DR-894","EMDS Call","Rescue Operations","Delivery Case","2026/04/29 06:06:38 PM","Rahim Yar Khan"
"283617","Shahla Nawaz","DR-185","EMDS Call","Medical Emergency","SOB/ Respiratory Distress","2026/04/29 06:08:28 PM","Sadiqabad"
"283618","Muhammad Zubair","DR-894","EMDS Call","Medical Emergency","High Fever","2026/04/29 06:16:13 PM","Rahim Yar Khan"
"283619","Bushra Saleem","MR-5701","EMDS Call","Medical Emergency","Hypertension","2026/04/29 06:20:58 PM","Rahim Yar Khan"
"283621","Muhammad Zubair","DR-894","EMDS Call","Medical Emergency","High Fever","2026/04/29 06:26:06 PM","Khanpur"
"283620","Bushra Saleem","MR-5701","EMDS Call","Medical Emergency","Hypertension","2026/04/29 06:25:58 PM","Sadiqabad"
"283622","Shahla Nawaz","DR-185","EMDS Call","Medical Emergency","Vomiting","2026/04/29 06:26:23 PM","Khanpur"
"283623","Muhammad Zubair","DR-894","EMDS Call","Medical Emergency","Headache","2026/04/29 06:28:45 PM","Rahim Yar Khan"
"283625","Muhammad Zubair","DR-894","EMDS Call","Medical Emergency","CVA/Stroke","2026/04/29 06:36:46 PM","Rahim Yar Khan"
"283624","Bushra Saleem","MR-5701","EMDS Call","Medical Emergency","Anxiety / Psychiatric Disorder","2026/04/29 06:35:42 PM","Rahim Yar Khan"
"283626","Bushra Saleem","MR-5701","EMDS Call","Medical Emergency","Abdominal Pain","2026/04/29 06:45:03 PM","Rahim Yar Khan"
"283629","Shahla Nawaz","DR-185","EMDS Call","Fire","Others","2026/04/29 06:47:38 PM","Sadiqabad"
"283627","Bushra Saleem","MR-5701","EMDS Call","Medical Emergency","High Fever","2026/04/29 06:48:00 PM","Rahim Yar Khan"
"283628","Muhammad Zubair","DR-894","EMDS Call","Road Crash","Bleeding","2026/04/29 06:47:17 PM","Rahim Yar Khan"
"Not Assigned","Muhammad Zubair","DR-894","Direct Call","High Raised Building Inspection","High Raised Building Inspection","2026/04/29 06:51:17 PM","Rahim Yar Khan"
"283630","Bushra Saleem","MR-5701","EMDS Call","Medical Emergency","Vomiting","2026/04/29 06:54:03 PM","Rahim Yar Khan"
"283631","Muhammad Zubair","DR-894","EMDS Call","Medical Emergency","Anxiety / Psychiatric Disorder","2026/04/29 06:54:28 PM","Rahim Yar Khan"
"283632","Muhammad Zubair","DR-894","EMDS Call","Crime","Probable Suicide","2026/04/29 06:57:57 PM","Rahim Yar Khan"
"283633","Shahla Nawaz","DR-185","EMDS Call","Road Crash","Minor Injuries","2026/04/29 07:02:20 PM","Rahim Yar Khan"
"283634","Muhammad Zubair","DR-894","EMDS Call","Medical Emergency","Vomiting","2026/04/29 07:04:59 PM","Sadiqabad"
"78319","Bushra Saleem","MR-5701","Direct Call","Patient Transfer Service","N/A","2026/04/29 07:09:32 PM","Sadiqabad"
"283635","Shahla Nawaz","DR-185","EMDS Call","Medical Emergency","Hypertension","2026/04/29 07:20:11 PM","Rahim Yar Khan"
"283636","Bushra Saleem","MR-5701","EMDS Call","Medical Emergency","Hypertension","2026/04/29 07:25:57 PM","Rahim Yar Khan"
"283637","Bushra Saleem","MR-5701","EMDS Call","Road Crash","Multiple Fractures","2026/04/29 07:38:16 PM","Sadiqabad"
"283638","Rana M. Usman","DR-200","EMDS Call","Medical Emergency","Hyperglycemia","2026/04/29 07:43:09 PM","Rahim Yar Khan"
"283639","Muhammad Zubair","DR-894","EMDS Call","Road Crash","Bleeding","2026/04/29 07:52:34 PM","Liaqatpur"
"283639","Muhammad Zubair","DR-894","EMDS Call","Road Crash","Bleeding","2026/04/29 07:52:34 PM","Liaqatpur"
"283640","Shahla Nawaz","DR-185","EMDS Call","Medical Emergency","Anxiety / Psychiatric Disorder","2026/04/29 07:55:44 PM","Rahim Yar Khan"
"283641","Muhammad Zubair","DR-894","EMDS Call","Medical Emergency","Anxiety / Psychiatric Disorder","2026/04/29 08:03:57 PM","Sadiqabad"
"283642","Muhammad Zubair","DR-894","EMDS Call","Medical Emergency","Hypertension","2026/04/29 08:06:33 PM","Rahim Yar Khan"
"283643","Shahla Nawaz","DR-185","EMDS Call","Medical Emergency","Anxiety / Psychiatric Disorder","2026/04/29 08:08:38 PM","Sadiqabad"
"283644","Bushra Saleem","MR-5701","EMDS Call","Medical Emergency","Vomiting","2026/04/29 08:11:28 PM","Rahim Yar Khan"
"78320","Bushra Saleem","MR-5701","Direct Call","Patient Transfer Service","N/A","2026/04/29 08:32:36 PM","Sadiqabad"
"283645","Shahla Nawaz","DR-185","EMDS Call","Medical Emergency","High Fever","2026/04/29 08:31:59 PM","Liaqatpur"
"283646","Muhammad Zubair","DR-894","EMDS Call","Road Crash","Minor Injuries","2026/04/29 08:35:49 PM","Khanpur"
"283647","Bushra Saleem","MR-5701","EMDS Call","Medical Emergency","Abdominal Pain","2026/04/29 08:40:35 PM","Sadiqabad"
"283648","Muhammad Zubair","DR-894","EMDS Call","Road Crash","Severe Trauma","2026/04/29 08:48:12 PM","Khanpur"
"283649","Shahla Nawaz","DR-185","EMDS Call","Medical Emergency","Domestic Injuries","2026/04/29 08:49:54 PM","Khanpur"
"283650","Shahla Nawaz","DR-185","EMDS Call","Medical Emergency","Vertigo/ Dizziness","2026/04/29 08:52:34 PM","Khanpur"
"283651","Muhammad Zubair","DR-894","EMDS Call","Medical Emergency","Abdominal Pain","2026/04/29 08:57:54 PM","Sadiqabad"
"283652","Muhammad Zubair","DR-894","EMDS Call","Medical Emergency","SOB/ Respiratory Distress","2026/04/29 09:05:05 PM","Sadiqabad"
"78321","Bushra Saleem","MR-5701","Direct Call","Patient Transfer Service","N/A","2026/04/29 09:08:08 PM","Khanpur"
"283653","Bushra Saleem","MR-5701","EMDS Call","Medical Emergency","Hypertension","2026/04/29 09:11:29 PM","Rahim Yar Khan"
"283654","Shahla Nawaz","DR-185","EMDS Call","Medical Emergency","Vomiting","2026/04/29 09:11:32 PM","Rahim Yar Khan"
"283655","Bushra Saleem","MR-5701","EMDS Call","Road Crash","Minor Injuries","2026/04/29 09:20:18 PM","Rahim Yar Khan"
"283656","Muhammad Zubair","DR-894","EMDS Call","Medical Emergency","Joints Pain","2026/04/29 09:26:09 PM","Sadiqabad"
"78322","Muhammad Fiaz","DR-206","Direct Call","Patient Transfer Service","N/A","2026/04/29 09:34:34 PM","Rahim Yar Khan"
"283657","Muhammad Zubair","DR-894","EMDS Call","Medical Emergency","Hypertension","2026/04/29 09:37:41 PM","Rahim Yar Khan"
"283658","Muhammad Fiaz","DR-206","EMDS Call","Medical Emergency","High Fever","2026/04/29 09:43:15 PM","Rahim Yar Khan"
"283659","Faiz Muhyy Ul Din","DR-892","EMDS Call","Medical Emergency","Joints Pain","2026/04/29 09:50:23 PM","Rahim Yar Khan"
"283660","Muhammad Fiaz","DR-206","EMDS Call","Medical Emergency","Joints Pain","2026/04/29 09:50:11 PM","Sadiqabad"
"283661","Muhammad Zubair","DR-894","EMDS Call","Medical Emergency","High Fever","2026/04/29 09:54:52 PM","Rahim Yar Khan"
"283662","Maheen Tahir","MR-6017","EMDS Call","Medical Emergency","SOB/ Respiratory Distress","2026/04/29 10:02:11 PM","Rahim Yar Khan"
"283663","Shaheen Islam","DR-1171","EMDS Call","Medical Emergency","Vertigo/ Dizziness","2026/04/29 10:02:45 PM","Sadiqabad"
"78323","Maheen Tahir","MR-6017","Direct Call","Patient Transfer Service","N/A","2026/04/29 10:09:26 PM","Khanpur"
"283664","Maheen Tahir","MR-6017","EMDS Call","Medical Emergency","Renal Disorders / Renal Colic ","2026/04/29 10:11:13 PM","Rahim Yar Khan"
"283665","Saira Bibi","MR-5494","EMDS Call","Medical Emergency","Vomiting","2026/04/29 10:13:06 PM","Khanpur"
"283666","Shaheen Islam","DR-1171","EMDS Call","Medical Emergency","Hypertension","2026/04/29 10:26:03 PM","Rahim Yar Khan"
"283667","Saira Bibi","MR-5494","EMDS Call","Medical Emergency","SOB/ Respiratory Distress","2026/04/29 10:26:49 PM","Liaqatpur"
"283668","Maheen Tahir","MR-6017","EMDS Call","Medical Emergency","Joints Pain","2026/04/29 10:32:31 PM","Sadiqabad"
"283669","Saira Bibi","MR-5494","EMDS Call","Medical Emergency","Unconscious","2026/04/29 10:39:03 PM","Rahim Yar Khan"
"283670","Saira Bibi","MR-5494","EMDS Call","Medical Emergency","Anxiety / Psychiatric Disorder","2026/04/29 10:44:54 PM","Rahim Yar Khan"
"283671","Muhammad Fiaz","DR-206","EMDS Call","Medical Emergency","Abdominal Pain","2026/04/29 10:50:12 PM","Liaqatpur"
"283672","Muhammad Fiaz","DR-206","EMDS Call","Medical Emergency","High Fever","2026/04/29 11:12:34 PM","Rahim Yar Khan"
"Not Assigned","Shaheen Islam","DR-1171","EMDS Call","Medical Emergency","Hypertension","2026/04/29 11:11:02 PM","Rahim Yar Khan"
"283674","Shaheen Islam","DR-1171","EMDS Call","Medical Emergency","Hypertension","2026/04/29 11:15:35 PM","Rahim Yar Khan"
"283675","Maheen Tahir","MR-6017","EMDS Call","Rescue Operations","Delivery Case","2026/04/29 11:20:14 PM","Sadiqabad"
"283676","Muhammad Fiaz","DR-206","EMDS Call","Medical Emergency","Vomiting","2026/04/29 11:49:57 PM","Khanpur"
"283677","Maheen Tahir","MR-6017","EMDS Call","Road Crash","Bleeding","2026/04/30 12:13:17 AM","Rahim Yar Khan"
"283678","Muhammad Fiaz","DR-206","EMDS Call","Crime","Probable Suicide","2026/04/30 12:17:01 AM","Rahim Yar Khan"
"283679","Faiz Muhyy Ul Din","DR-892","EMDS Call","Medical Emergency","SOB/ Respiratory Distress","2026/04/30 12:27:25 AM","Rahim Yar Khan"
"78324","Muhammad Fiaz","DR-206","Direct Call","Patient Transfer Service","N/A","2026/04/30 12:47:42 AM","Sadiqabad"
"283680","Faiz Muhyy Ul Din","DR-892","EMDS Call","Medical Emergency","Renal Disorders / Renal Colic ","2026/04/30 12:50:44 AM","Sadiqabad"
"78325","Muhammad Fiaz","DR-206","Direct Call","Patient Transfer Service","N/A","2026/04/30 01:02:41 AM","Sadiqabad"
"78326","Faiz Muhyy Ul Din","DR-892","Direct Call","Patient Transfer Service","N/A","2026/04/30 01:02:56 AM","Khanpur"
"283681","Muhammad Fiaz","DR-206","EMDS Call","Medical Emergency","SOB/ Respiratory Distress","2026/04/30 01:02:35 AM","Sadiqabad"
"78327","Faiz Muhyy Ul Din","DR-892","Direct Call","Patient Transfer Service","N/A","2026/04/30 01:09:13 AM","Sadiqabad"
"283682","Faiz Muhyy Ul Din","DR-892","EMDS Call","Medical Emergency","Anxiety / Psychiatric Disorder","2026/04/30 01:13:14 AM","Rahim Yar Khan"
"283683","Muhammad Fiaz","DR-206","EMDS Call","Medical Emergency","Unconscious","2026/04/30 01:33:01 AM","Khanpur"
"78328","Muhammad Fiaz","DR-206","EMDS Call","Patient Transfer Service","N/A","2026/04/30 01:40:14 AM","Sadiqabad"
"283684","Faiz Muhyy Ul Din","DR-892","EMDS Call","Medical Emergency","Anxiety / Psychiatric Disorder","2026/04/30 01:50:24 AM","Rahim Yar Khan"
"78329","Maheen Tahir","MR-6017","Direct Call","Patient Transfer Service","N/A","2026/04/30 01:57:54 AM","Liaqatpur"
"78330","Maheen Tahir","MR-6017","Direct Call","Patient Transfer Service","N/A","2026/04/30 02:04:45 AM","Liaqatpur"
"283685","Muhammad Fiaz","DR-206","EMDS Call","Medical Emergency","High Fever","2026/04/30 02:04:52 AM","Rahim Yar Khan"
"283686","Muhammad Fiaz","DR-206","EMDS Call","Medical Emergency","Anxiety / Psychiatric Disorder","2026/04/30 02:16:06 AM","Rahim Yar Khan"
"78331","Maheen Tahir","MR-6017","Direct Call","Patient Transfer Service","N/A","2026/04/30 02:50:20 AM","Sadiqabad"
"283687","Faiz Muhyy Ul Din","DR-892","EMDS Call","Medical Emergency","Epilepsy","2026/04/30 03:04:57 AM","Sadiqabad"
"283688","Maheen Tahir","MR-6017","EMDS Call","Medical Emergency","Hypertension","2026/04/30 03:11:34 AM","Rahim Yar Khan"
"78332","Farah Sadaqat","MR-5930","Direct Call","Patient Transfer Service","N/A","2026/04/30 03:13:20 AM","Khanpur"
"283689","Farah Sadaqat","MR-5930","EMDS Call","Medical Emergency","Abdominal Pain","2026/04/30 03:23:54 AM","Sadiqabad"
"283690","Shaheen Islam","DR-1171","EMDS Call","Medical Emergency","Unconscious","2026/04/30 03:27:32 AM","Sadiqabad"
"283691","Saira Bibi","MR-5494","EMDS Call","Medical Emergency","Hypertension","2026/04/30 03:30:06 AM","Rahim Yar Khan"
"283692","Farah Sadaqat","MR-5930","EMDS Call","Medical Emergency","High Fever","2026/04/30 03:31:13 AM","Rahim Yar Khan"
"283693","Shaheen Islam","DR-1171","EMDS Call","Medical Emergency","Abdominal Pain","2026/04/30 03:37:07 AM","Rahim Yar Khan"
"283694","Saira Bibi","MR-5494","EMDS Call","Medical Emergency","Renal Disorders / Renal Colic ","2026/04/30 03:40:01 AM","Rahim Yar Khan"
"283695","Shaheen Islam","DR-1171","EMDS Call","Medical Emergency","Renal Disorders / Renal Colic ","2026/04/30 04:35:41 AM","Rahim Yar Khan"
"283696","Saira Bibi","MR-5494","EMDS Call","Medical Emergency","Abdominal Pain","2026/04/30 04:35:52 AM","Rahim Yar Khan"
"283697","Saira Bibi","MR-5494","EMDS Call","Medical Emergency","Chest Pain","2026/04/30 05:10:35 AM","Rahim Yar Khan"
"283698","Shaheen Islam","DR-1171","EMDS Call","Medical Emergency","High Fever","2026/04/30 05:13:30 AM","Rahim Yar Khan"
"283699","Farah Sadaqat","MR-5930","EMDS Call","Medical Emergency","Joints Pain","2026/04/30 05:46:35 AM","Sadiqabad"
"283700","Saira Bibi","MR-5494","EMDS Call","Medical Emergency","High Fever","2026/04/30 05:46:11 AM","Rahim Yar Khan"
"283701","Farah Sadaqat","MR-5930","EMDS Call","Rescue Operations","Electric Shock","2026/04/30 05:50:05 AM","Khanpur"
"283702","Farah Sadaqat","MR-5930","EMDS Call","Medical Emergency","Backache","2026/04/30 06:18:52 AM","Rahim Yar Khan"
"283703","Shaheen Islam","DR-1171","EMDS Call","Rescue Operations","Snake Emergency","2026/04/30 06:20:46 AM","Khanpur"
"283704","Shaheen Islam","DR-1171","EMDS Call","Medical Emergency","Domestic Injuries","2026/04/30 06:27:05 AM","Sadiqabad"
"283705","Farah Sadaqat","MR-5930","EMDS Call","Crime","Bullet Injury","2026/04/30 06:33:18 AM","Sadiqabad"
"283706","Saira Bibi","MR-5494","EMDS Call","Medical Emergency","Domestic Injuries","2026/04/30 06:36:19 AM","Rahim Yar Khan"
"283707","Shaheen Islam","DR-1171","EMDS Call","Medical Emergency","Renal Disorders / Renal Colic ","2026/04/30 06:40:32 AM","Rahim Yar Khan"
"283708","Saira Bibi","MR-5494","EMDS Call","Medical Emergency","Earache/ Toothache","2026/04/30 06:55:50 AM","Rahim Yar Khan"
"283709","Zupasha Zia","MR-5758","EMDS Call","Medical Emergency","Hypertension","2026/04/30 07:06:13 AM","Rahim Yar Khan"
"283710","Saira Bibi","MR-5494","EMDS Call","Rescue Operations","Delivery Case","2026/04/30 07:09:28 AM","Rahim Yar Khan"
"283711","Nida Rahat","DR-1322","EMDS Call","Medical Emergency","Unconscious","2026/04/30 07:11:46 AM","Rahim Yar Khan"
"283712","Nida Rahat","DR-1322","EMDS Call","Medical Emergency","SOB/ Respiratory Distress","2026/04/30 07:16:55 AM","Liaqatpur"
"283713","Zupasha Zia","MR-5758","EMDS Call","Medical Emergency","Hypertension","2026/04/30 07:17:39 AM","Khanpur"
"283714","Sheeza Barkat","MR-5331","EMDS Call","Medical Emergency","CVA/Stroke","2026/04/30 07:18:21 AM","Liaqatpur"
"283715","Zupasha Zia","MR-5758","EMDS Call","Fire","Others","2026/04/30 07:20:52 AM","Khanpur"
"283716","Zupasha Zia","MR-5758","EMDS Call","Road Crash","Bleeding","2026/04/30 07:23:22 AM","Rahim Yar Khan"
"283717","Zupasha Zia","MR-5758","EMDS Call","Road Crash","Bleeding","2026/04/30 07:33:24 AM","Liaqatpur"
"283718","Nida Rahat","DR-1322","EMDS Call","Medical Emergency","SOB/ Respiratory Distress","2026/04/30 07:33:40 AM","Sadiqabad"
"283719","Sheeza Barkat","MR-5331","EMDS Call","Road Crash","Bleeding","2026/04/30 07:36:03 AM","Rahim Yar Khan"
"283720","Nida Rahat","DR-1322","EMDS Call","Road Crash","Minor Injuries","2026/04/30 07:39:13 AM","Rahim Yar Khan"
"283720","Nida Rahat","DR-1322","EMDS Call","Road Crash","Minor Injuries","2026/04/30 07:39:13 AM","Rahim Yar Khan"
"283720","Nida Rahat","DR-1322","EMDS Call","Road Crash","Minor Injuries","2026/04/30 07:39:13 AM","Rahim Yar Khan"
"283722","Nida Rahat","DR-1322","EMDS Call","Road Crash","Severe Trauma","2026/04/30 07:44:28 AM","Liaqatpur"
"283721","Zupasha Zia","MR-5758","EMDS Call","Medical Emergency","Diarrhea","2026/04/30 07:48:01 AM","Khanpur"
"283723","Nida Rahat","DR-1322","EMDS Call","Medical Emergency","High Fever","2026/04/30 07:53:26 AM","Liaqatpur"
"283724","Nida Rahat","DR-1322","EMDS Call","Road Crash","Minor Injuries","2026/04/30 08:00:36 AM","Rahim Yar Khan"
"283725","Sheeza Barkat","MR-5331","EMDS Call","Crime","Probable Suicide","2026/04/30 08:00:36 AM","Khanpur"
"283726","Nida Rahat","DR-1322","EMDS Call","Medical Emergency","Vomiting","2026/04/30 08:15:19 AM","Rahim Yar Khan"
"283727","Zupasha Zia","MR-5758","EMDS Call","Rescue Operations","Snake Emergency","2026/04/30 08:15:21 AM","Khanpur"
"283729","Sheeza Barkat","MR-5331","EMDS Call","Medical Emergency","Joints Pain","2026/04/30 08:19:11 AM","Sadiqabad"
"283728","Nida Rahat","DR-1322","EMDS Call","Medical Emergency","Anxiety / Psychiatric Disorder","2026/04/30 08:20:38 AM","Rahim Yar Khan"
"283730","Muhammad Rashid Saleem","DR-187","EMDS Call","Medical Emergency","Abdominal Pain","2026/04/30 08:32:39 AM","Sadiqabad"
"283731","Fahad Hussain","DR-538","Direct Call","Medical Emergency","Headache","2026/04/30 08:38:11 AM","Rahim Yar Khan"
"283732","Muhammad Rashid Saleem","DR-187","EMDS Call","Rescue Operations","Electric Shock","2026/04/30 08:38:37 AM","Sadiqabad"
"283733","Sheeza Barkat","MR-5331","EMDS Call","Medical Emergency","SOB/ Respiratory Distress","2026/04/30 08:41:09 AM","Khanpur"
"283734","Sheeza Barkat","MR-5331","EMDS Call","Medical Emergency","Domestic Injuries","2026/04/30 08:50:27 AM","Sadiqabad"
"283735","Muhammad Rashid Saleem","DR-187","EMDS Call","Medical Emergency","Vertigo/ Dizziness","2026/04/30 08:58:37 AM","Rahim Yar Khan"
"283736","Fahad Hussain","DR-538","EMDS Call","Road Crash","Minor Injuries","2026/04/30 09:02:39 AM","Rahim Yar Khan"
"283737","Muhammad Rashid Saleem","DR-187","EMDS Call","Medical Emergency","High Fever","2026/04/30 09:08:59 AM","Liaqatpur"
"283738","Muhammad Rashid Saleem","DR-187","EMDS Call","Medical Emergency","Unconscious","2026/04/30 09:14:00 AM","Rahim Yar Khan"
"283739","Zia ul Haq","DR-328","EMDS Call","Medical Emergency","High Fever","2026/04/30 09:19:58 AM","Khanpur"
"78333","Muhammad Rashid Saleem","DR-187","Direct Call","Patient Transfer Service","N/A","2026/04/30 09:21:49 AM","Liaqatpur"
"78334","Fahad Hussain","DR-538","Direct Call","Patient Transfer Service","N/A","2026/04/30 09:22:59 AM","Khanpur"
"283740","Aasia Batool","MR-5198","EMDS Call","Medical Emergency","Vomiting","2026/04/30 09:28:23 AM","Liaqatpur"
"78335","Nida Rahat","DR-1322","Direct Call","Patient Transfer Service","N/A","2026/04/30 09:29:52 AM","Liaqatpur"
"283741","Aasia Batool","MR-5198","EMDS Call","Medical Emergency","Headache","2026/04/30 09:40:44 AM","Khanpur"
"283742","Aasia Batool","MR-5198","EMDS Call","Medical Emergency","SOB/ Respiratory Distress","2026/04/30 09:46:16 AM","Sadiqabad"
"78336","Nida Rahat","DR-1322","Direct Call","Patient Transfer Service","N/A","2026/04/30 09:49:01 AM","Liaqatpur"
"283743","Zia ul Haq","DR-328","EMDS Call","Crime","Physical Assault/Violence","2026/04/30 09:47:36 AM","Khanpur"
"283744","Imran Anjum","DR-204","EMDS Call","Medical Emergency","Domestic Injuries","2026/04/30 09:50:33 AM","Rahim Yar Khan"
"283745","Aasia Batool","MR-5198","EMDS Call","Medical Emergency","SOB/ Respiratory Distress","2026/04/30 09:59:12 AM","Rahim Yar Khan"
"283746","Fahad Hussain","DR-538","EMDS Call","Medical Emergency","Vertigo/ Dizziness","2026/04/30 10:01:57 AM","Rahim Yar Khan"
"283747","Fahad Hussain","DR-538","EMDS Call","Medical Emergency","Chronic Illness","2026/04/30 10:06:03 AM","Rahim Yar Khan"
"283748","Zia ul Haq","DR-328","EMDS Call","Medical Emergency","Abdominal Pain","2026/04/30 10:07:52 AM","Sadiqabad"
"78337","Fahad Hussain","DR-538","Direct Call","Patient Transfer Service","N/A","2026/04/30 10:09:14 AM","Sadiqabad"
"283749","Zia ul Haq","DR-328","EMDS Call","Medical Emergency","Diarrhea","2026/04/30 10:11:05 AM","Rahim Yar Khan"
"78338","Fahad Hussain","DR-538","Direct Call","Patient Transfer Service","N/A","2026/04/30 10:12:57 AM","Sadiqabad"
"283750","Aasia Batool","MR-5198","EMDS Call","Road Crash","Severe Trauma","2026/04/30 10:11:58 AM","Khanpur"
"283751","Aasia Batool","MR-5198","EMDS Call","Medical Emergency","Domestic Injuries","2026/04/30 10:14:56 AM","Rahim Yar Khan"
"283752","Imran Anjum","DR-204","EMDS Call","Medical Emergency","Vertigo/ Dizziness","2026/04/30 10:19:39 AM","Rahim Yar Khan"
"283753","Zia ul Haq","DR-328","EMDS Call","Medical Emergency","Abdominal Pain","2026/04/30 10:20:56 AM","Rahim Yar Khan"
"78339","Zia ul Haq","DR-328","Direct Call","Patient Transfer Service","N/A","2026/04/30 10:26:36 AM","Rahim Yar Khan"
"283755","Aasia Batool","MR-5198","EMDS Call","Medical Emergency","SOB/ Respiratory Distress","2026/04/30 10:27:30 AM","Khanpur"
"283754","Zia ul Haq","DR-328","EMDS Call","Medical Emergency","Hypertension","2026/04/30 10:27:25 AM","Sadiqabad"
"283756","Zia ul Haq","DR-328","EMDS Call","Medical Emergency","SOB/ Respiratory Distress","2026/04/30 10:30:26 AM","Sadiqabad"
"283757","Aasia Batool","MR-5198","EMDS Call","Medical Emergency","Anxiety / Psychiatric Disorder","2026/04/30 10:52:18 AM","Sadiqabad"
"283758","Zia ul Haq","DR-328","EMDS Call","Medical Emergency","Vomiting","2026/04/30 10:52:42 AM","Sadiqabad"
"283759","Aasia Batool","MR-5198","EMDS Call","Medical Emergency","Domestic Injuries","2026/04/30 10:57:14 AM","Sadiqabad"
"283760","Zia ul Haq","DR-328","EMDS Call","Medical Emergency","Urinary Retention","2026/04/30 10:57:37 AM","Rahim Yar Khan"
"283761","Fahad Hussain","DR-538","EMDS Call","Medical Emergency","Hypertension","2026/04/30 10:58:18 AM","Khanpur"
"78340","Aasia Batool","MR-5198","Direct Call","Patient Transfer Service","N/A","2026/04/30 11:01:05 AM","Sadiqabad"
"283762","Aasia Batool","MR-5198","EMDS Call","Medical Emergency","Abdominal Pain","2026/04/30 11:03:20 AM","Liaqatpur"
"78341","Zupasha Zia","MR-5758","Direct Call","Patient Transfer Service","N/A","2026/04/30 11:15:36 AM","Khanpur"
"283763","Aasia Batool","MR-5198","EMDS Call","Medical Emergency","Diarrhea","2026/04/30 11:14:58 AM","Rahim Yar Khan"
"283764","Fahad Hussain","DR-538","EMDS Call","Road Crash","Minor Injuries","2026/04/30 11:18:11 AM","Liaqatpur"
"283765","Zupasha Zia","MR-5758","EMDS Call","Crime","Physical Assault/Violence","2026/04/30 11:22:34 AM","Rahim Yar Khan"
"78342","Aasia Batool","MR-5198","Direct Call","Patient Transfer Service","N/A","2026/04/30 11:25:42 AM","Sadiqabad"
"283766","Aasia Batool","MR-5198","EMDS Call","Fire","Others","2026/04/30 11:27:14 AM","Khanpur"
"283767","Zupasha Zia","MR-5758","EMDS Call","Medical Emergency","Anxiety / Psychiatric Disorder","2026/04/30 11:26:21 AM","Sadiqabad"
"283768","Nida Rahat","DR-1322","Direct Call","Rescue Operations","Mass Event Coverage","2026/04/30 11:29:41 AM","Khanpur"
"283769","Aasia Batool","MR-5198","EMDS Call","Medical Emergency","Diarrhea","2026/04/30 11:32:56 AM","Sadiqabad"
"283770","Nida Rahat","DR-1322","EMDS Call","Medical Emergency","Domestic Injuries","2026/04/30 11:38:51 AM","Sadiqabad"
"283771","Aasia Batool","MR-5198","EMDS Call","Medical Emergency","SOB/ Respiratory Distress","2026/04/30 11:40:15 AM","Liaqatpur"
"283772","Nida Rahat","DR-1322","EMDS Call","Medical Emergency","SOB/ Respiratory Distress","2026/04/30 11:51:40 AM","Rahim Yar Khan"
"283773","Aasia Batool","MR-5198","EMDS Call","Road Crash","Minor Injuries","2026/04/30 11:52:42 AM","Khanpur"
"283774","Aasia Batool","MR-5198","EMDS Call","Fire","Others","2026/04/30 11:57:16 AM","Khanpur"
"283775","Zupasha Zia","MR-5758","EMDS Call","Road Crash","Bleeding","2026/04/30 12:09:32 PM","Khanpur"
"283776","Nida Rahat","DR-1322","EMDS Call","Medical Emergency","Vertigo/ Dizziness","2026/04/30 12:13:21 PM","Rahim Yar Khan"
"Not Assigned","Aasia Batool","MR-5198","Direct Call","High Raised Building Inspection","High Raised Building Inspection","2026/04/30 12:12:03 PM","Liaqatpur"
"283778","Aasia Batool","MR-5198","EMDS Call","Rescue Operations","Delivery Case","2026/04/30 12:20:36 PM","Rahim Yar Khan"
"283777","Zupasha Zia","MR-5758","EMDS Call","Medical Emergency","Hyperglycemia","2026/04/30 12:21:16 PM","Sadiqabad"
"283779","Aasia Batool","MR-5198","EMDS Call","Medical Emergency","Urinary Retention","2026/04/30 12:23:36 PM","Liaqatpur"
"283780","Nida Rahat","DR-1322","EMDS Call","Medical Emergency","Headache","2026/04/30 12:29:03 PM","Sadiqabad"
"283781","Aasia Batool","MR-5198","EMDS Call","Rescue Operations","Delivery Case","2026/04/30 12:32:24 PM","Rahim Yar Khan"
"283782","Aasia Batool","MR-5198","EMDS Call","Rescue Operations","Snake Emergency","2026/04/30 12:37:37 PM","Khanpur"
"283783","Sheeza Barkat","MR-5331","EMDS Call","Medical Emergency","Vertigo/ Dizziness","2026/04/30 12:45:27 PM","Sadiqabad"
"283784","Nida Rahat","DR-1322","EMDS Call","Road Crash","Minor Injuries","2026/04/30 12:51:39 PM","Rahim Yar Khan"
"283786","Zupasha Zia","MR-5758","EMDS Call","Medical Emergency","Vomiting","2026/04/30 12:59:12 PM","Rahim Yar Khan"
"283785","Sheeza Barkat","MR-5331","EMDS Call","Medical Emergency","Anxiety / Psychiatric Disorder","2026/04/30 01:00:27 PM","Rahim Yar Khan"
"283787","Nida Rahat","DR-1322","EMDS Call","Medical Emergency","Anxiety / Psychiatric Disorder","2026/04/30 01:02:10 PM","Rahim Yar Khan"
"283788","Zupasha Zia","MR-5758","EMDS Call","Rescue Operations","Delivery Case","2026/04/30 01:09:39 PM","Khanpur"
"78343","Nida Rahat","DR-1322","Direct Call","Patient Transfer Service","N/A","2026/04/30 01:16:21 PM","Sadiqabad"
"78344","Nida Rahat","DR-1322","Direct Call","Patient Transfer Service","N/A","2026/04/30 01:20:19 PM","Sadiqabad"
"283789","Zupasha Zia","MR-5758","EMDS Call","Rescue Operations","Snake Emergency","2026/04/30 01:21:45 PM","Sadiqabad"
"283790","Sheeza Barkat","MR-5331","EMDS Call","Medical Emergency","Hypertension","2026/04/30 01:24:03 PM","Rahim Yar Khan"
"283791","Sheeza Barkat","MR-5331","EMDS Call","Medical Emergency","Abdominal Pain","2026/04/30 01:28:19 PM","Rahim Yar Khan"
"283792","Fahad Hussain","DR-538","EMDS Call","Road Crash","Minor Injuries","2026/04/30 01:38:29 PM","Rahim Yar Khan"
"283793","Fahad Hussain","DR-538","EMDS Call","Road Crash","Severe Trauma","2026/04/30 01:41:19 PM","Rahim Yar Khan"
"283794","Nida Rahat","DR-1322","EMDS Call","Medical Emergency","Backache","2026/04/30 01:42:35 PM","Rahim Yar Khan"
"283795","Zupasha Zia","MR-5758","EMDS Call","Crime","Probable Suicide","2026/04/30 01:42:13 PM","Sadiqabad"
"283796","Nida Rahat","DR-1322","EMDS Call","Road Crash","Multiple Fractures","2026/04/30 01:44:42 PM","Rahim Yar Khan"
"283798","Sheeza Barkat","MR-5331","EMDS Call","Medical Emergency","Unconscious","2026/04/30 01:44:10 PM","Sadiqabad"
"283797","Zupasha Zia","MR-5758","EMDS Call","Medical Emergency","Anxiety / Psychiatric Disorder","2026/04/30 01:45:11 PM","Sadiqabad"
"283799","Nida Rahat","DR-1322","EMDS Call","Medical Emergency","Chest Pain","2026/04/30 01:47:29 PM","Sadiqabad"
"283800","Sheeza Barkat","MR-5331","EMDS Call","Medical Emergency","Domestic Injuries","2026/04/30 01:48:37 PM","Sadiqabad"
"283801","Nida Rahat","DR-1322","EMDS Call","Medical Emergency","Renal Disorders / Renal Colic ","2026/04/30 01:54:00 PM","Rahim Yar Khan"
"283802","Aasia Batool","MR-5198","EMDS Call","Medical Emergency","Renal Disorders / Renal Colic ","2026/04/30 02:11:25 PM","Rahim Yar Khan"
"283803","Nida Rahat","DR-1322","EMDS Call","Medical Emergency","Anxiety / Psychiatric Disorder","2026/04/30 02:14:17 PM","Rahim Yar Khan"
"78345","Zupasha Zia","MR-5758","Direct Call","Patient Transfer Service","N/A","2026/04/30 02:30:44 PM","Khanpur"
"283805","Sheeza Barkat","MR-5331","EMDS Call","Rescue Operations","Delivery Case","2026/04/30 02:29:11 PM","Liaqatpur"
"283804","Zupasha Zia","MR-5758","EMDS Call","Medical Emergency","SOB/ Respiratory Distress","2026/04/30 02:33:22 PM","Sadiqabad"
"283806","Nida Rahat","DR-1322","EMDS Call","Rescue Operations","Electric Shock","2026/04/30 02:36:16 PM","Liaqatpur"
"283806","Nida Rahat","DR-1322","EMDS Call","Rescue Operations","Electric Shock","2026/04/30 02:36:16 PM","Liaqatpur"
"283807","Aasia Batool","MR-5198","EMDS Call","Road Crash","Bleeding","2026/04/30 02:35:02 PM","Liaqatpur"
"283807","Aasia Batool","MR-5198","EMDS Call","Road Crash","Bleeding","2026/04/30 02:35:02 PM","Liaqatpur"
"283807","Aasia Batool","MR-5198","EMDS Call","Road Crash","Bleeding","2026/04/30 02:35:02 PM","Liaqatpur"
"283808","Zupasha Zia","MR-5758","EMDS Call","Rescue Operations","Delivery Case","2026/04/30 02:46:22 PM","Sadiqabad"
"283809","Aasia Batool","MR-5198","EMDS Call","Medical Emergency","Vertigo/ Dizziness","2026/04/30 02:49:15 PM","Rahim Yar Khan"
"283810","Zupasha Zia","MR-5758","EMDS Call","Medical Emergency","Abdominal Pain","2026/04/30 02:59:55 PM","Rahim Yar Khan"
"283811","Zupasha Zia","MR-5758","EMDS Call","Medical Emergency","Domestic Injuries","2026/04/30 03:05:22 PM","Sadiqabad"
"283812","Saima Bashir","MR-5819","EMDS Call","Road Crash","Minor Injuries","2026/04/30 03:08:09 PM","Rahim Yar Khan"
"283813","Saima Bashir","MR-5819","EMDS Call","Medical Emergency","Joints Pain","2026/04/30 03:12:47 PM","Rahim Yar Khan"
"283814","Bushra Saleem","MR-5701","EMDS Call","Medical Emergency","Anxiety / Psychiatric Disorder","2026/04/30 03:17:16 PM","Rahim Yar Khan"
"283815","Saima Bashir","MR-5819","EMDS Call","Road Crash","Minor Injuries","2026/04/30 03:21:45 PM","Rahim Yar Khan"
"283816","Adil Iqbal","DR-782","EMDS Call","Road Crash","Minor Injuries","2026/04/30 03:24:12 PM","Rahim Yar Khan"
"283817","Saima Bashir","MR-5819","EMDS Call","Medical Emergency","Domestic Injuries","2026/04/30 03:26:11 PM","Sadiqabad"
"283818","Bushra Saleem","MR-5701","EMDS Call","Medical Emergency","Vomiting","2026/04/30 03:26:06 PM","Rahim Yar Khan"
"283819","Bushra Saleem","MR-5701","EMDS Call","Medical Emergency","Gynae Problem","2026/04/30 03:30:40 PM","Rahim Yar Khan"
"283820","Bushra Saleem","MR-5701","EMDS Call","Medical Emergency","Domestic Injuries","2026/04/30 03:37:26 PM","Khanpur"
"283822","Saima Bashir","MR-5819","EMDS Call","Medical Emergency","Abdominal Pain","2026/04/30 03:38:06 PM","Sadiqabad"
"283821","Adil Iqbal","DR-782","EMDS Call","Medical Emergency","SOB/ Respiratory Distress","2026/04/30 03:38:59 PM","Liaqatpur"
"283823","Bushra Saleem","MR-5701","EMDS Call","Medical Emergency","Chronic Illness","2026/04/30 03:39:50 PM","Rahim Yar Khan"
"283824","Saima Bashir","MR-5819","EMDS Call","Medical Emergency","Abdominal Pain","2026/04/30 03:42:20 PM","Khanpur"
"283825","Bushra Saleem","MR-5701","EMDS Call","Road Crash","Bleeding","2026/04/30 03:43:01 PM","Khanpur"
"283826","Adil Iqbal","DR-782","EMDS Call","Road Crash","Minor Injuries","2026/04/30 03:44:53 PM","Rahim Yar Khan"
"283827","Saima Bashir","MR-5819","EMDS Call","Medical Emergency","Anxiety / Psychiatric Disorder","2026/04/30 03:47:02 PM","Rahim Yar Khan"
"78346","Adil Iqbal","DR-782","Direct Call","Patient Transfer Service","N/A","2026/04/30 03:50:55 PM","Sadiqabad"
"78347","Bushra Saleem","MR-5701","Direct Call","Patient Transfer Service","N/A","2026/04/30 03:55:33 PM","Sadiqabad"
"78348","Bushra Saleem","MR-5701","Direct Call","Patient Transfer Service","N/A","2026/04/30 03:58:17 PM","Sadiqabad"
"283828","Adil Iqbal","DR-782","EMDS Call","Medical Emergency","Vomiting","2026/04/30 04:18:18 PM","Rahim Yar Khan"
"283829","Saima Bashir","MR-5819","EMDS Call","Medical Emergency","High Fever","2026/04/30 04:21:37 PM","Rahim Yar Khan"
"283830","Bushra Saleem","MR-5701","EMDS Call","Medical Emergency","Hypoglycemia","2026/04/30 04:26:03 PM","Liaqatpur"
"283831","Saima Bashir","MR-5819","EMDS Call","Medical Emergency","Headache","2026/04/30 04:32:06 PM","Liaqatpur"
"283832","Bushra Saleem","MR-5701","EMDS Call","Rescue Operations","Electric Shock","2026/04/30 04:33:44 PM","Rahim Yar Khan"
"283833","Saima Bashir","MR-5819","EMDS Call","Medical Emergency","Backache","2026/04/30 04:35:56 PM","Rahim Yar Khan"
"283834","Adil Iqbal","DR-782","EMDS Call","Medical Emergency","SOB/ Respiratory Distress","2026/04/30 04:41:18 PM","Rahim Yar Khan"
"78349","Bushra Saleem","MR-5701","Direct Call","Patient Transfer Service","N/A","2026/04/30 04:50:52 PM","Sadiqabad"
"283835","Saima Bashir","MR-5819","EMDS Call","Medical Emergency","Hypertension","2026/04/30 04:52:37 PM","Liaqatpur"
"283836","Saima Bashir","MR-5819","EMDS Call","Medical Emergency","SOB/ Respiratory Distress","2026/04/30 05:00:15 PM","Sadiqabad"
"283837","Bushra Saleem","MR-5701","EMDS Call","Medical Emergency","Vomiting","2026/04/30 05:08:00 PM","Rahim Yar Khan"
"283838","Adil Iqbal","DR-782","EMDS Call","Medical Emergency","Unconscious","2026/04/30 05:07:39 PM","Sadiqabad"
"283839","Saima Bashir","MR-5819","EMDS Call","Medical Emergency","Hypoglycemia","2026/04/30 05:08:00 PM","Rahim Yar Khan"
"283840","Bushra Saleem","MR-5701","EMDS Call","Medical Emergency","Vomiting","2026/04/30 05:11:44 PM","Sadiqabad"
"78350","Adil Iqbal","DR-782","Direct Call","Patient Transfer Service","N/A","2026/04/30 05:22:32 PM","Liaqatpur"
"283841","Shahla Nawaz","DR-185","EMDS Call","Road Crash","Bleeding","2026/04/30 05:32:13 PM","Rahim Yar Khan"
"283842","Adil Iqbal","DR-782","EMDS Call","Road Crash","Minor Injuries","2026/04/30 05:33:40 PM","Sadiqabad"
"283842","Adil Iqbal","DR-782","EMDS Call","Road Crash","Minor Injuries","2026/04/30 05:33:40 PM","Sadiqabad"
"283843","Shahla Nawaz","DR-185","EMDS Call","Medical Emergency","Backache","2026/04/30 05:38:20 PM","Rahim Yar Khan"
"283844","Adil Iqbal","DR-782","EMDS Call","Road Crash","Minor Injuries","2026/04/30 05:39:45 PM","Khanpur"
"283845","Muhammad Riaz","DR-654","EMDS Call","Crime","Probable Suicide","2026/04/30 05:45:24 PM","Khanpur"
"283846","Adil Iqbal","DR-782","EMDS Call","Medical Emergency","Abdominal Pain","2026/04/30 05:45:51 PM","Sadiqabad"
"283847","Shahla Nawaz","DR-185","EMDS Call","Medical Emergency","Chest Pain","2026/04/30 05:47:24 PM","Khanpur"
"78351","Adil Iqbal","DR-782","Direct Call","Patient Transfer Service","N/A","2026/04/30 05:50:44 PM","Khanpur"
"283848","Muhammad Riaz","DR-654","EMDS Call","Medical Emergency","FBAO","2026/04/30 05:52:53 PM","Rahim Yar Khan"
"283849","Shahla Nawaz","DR-185","EMDS Call","Medical Emergency","Hypertension","2026/04/30 05:51:00 PM","Sadiqabad"
"283850","Muhammad Riaz","DR-654","EMDS Call","Medical Emergency","Diarrhea","2026/04/30 05:57:14 PM","Rahim Yar Khan"
"78352","Muhammad Riaz","DR-654","Direct Call","Patient Transfer Service","N/A","2026/04/30 05:59:29 PM","Khanpur"
"283851","Adil Iqbal","DR-782","EMDS Call","Rescue Operations","Snake Emergency","2026/04/30 05:56:15 PM","Khanpur"
"283852","Shahla Nawaz","DR-185","EMDS Call","Medical Emergency","SOB/ Respiratory Distress","2026/04/30 06:12:43 PM","Rahim Yar Khan"
"283853","Rana M. Usman","DR-200","EMDS Call","Road Crash","Bleeding","2026/04/30 06:27:05 PM","Khanpur"
"283854","Rana M. Usman","DR-200","EMDS Call","Medical Emergency","Vomiting","2026/04/30 06:31:51 PM","Sadiqabad"
"283855","Adil Iqbal","DR-782","EMDS Call","Medical Emergency","Chest Pain","2026/04/30 06:33:23 PM","Khanpur"
"283856","Shahla Nawaz","DR-185","EMDS Call","Medical Emergency","Anxiety / Psychiatric Disorder","2026/04/30 06:33:54 PM","Rahim Yar Khan"
"283857","Shahla Nawaz","DR-185","EMDS Call","Medical Emergency","Headache","2026/04/30 06:37:28 PM","Rahim Yar Khan"
"283858","Saima Bashir","MR-5819","EMDS Call","Road Crash","Minor Injuries","2026/04/30 06:40:01 PM","Rahim Yar Khan"
"283859","Saima Bashir","MR-5819","EMDS Call","Medical Emergency","Anxiety / Psychiatric Disorder","2026/04/30 06:46:58 PM","Rahim Yar Khan"
"283860","Shahla Nawaz","DR-185","EMDS Call","Medical Emergency","Renal Disorders / Renal Colic ","2026/04/30 06:47:17 PM","Rahim Yar Khan"
"78353","Saima Bashir","MR-5819","Direct Call","Patient Transfer Service","N/A","2026/04/30 06:57:05 PM","Liaqatpur"
"283861","Saima Bashir","MR-5819","EMDS Call","Rescue Operations","Delivery Case","2026/04/30 07:07:37 PM","Khanpur"
"283862","Bushra Saleem","MR-5701","EMDS Call","Rescue Operations","Snake Emergency","2026/04/30 07:10:11 PM","Sadiqabad"
"283863","Adil Iqbal","DR-782","EMDS Call","Road Crash","Minor Injuries","2026/04/30 07:18:22 PM","Khanpur"
"283864","Adil Iqbal","DR-782","EMDS Call","Medical Emergency","Unconscious","2026/04/30 07:22:39 PM","Sadiqabad"
"283865","Bushra Saleem","MR-5701","EMDS Call","Fire","Others","2026/04/30 07:24:31 PM","Sadiqabad"
"283866","Adil Iqbal","DR-782","EMDS Call","Medical Emergency","Hypertension","2026/04/30 07:26:14 PM","Sadiqabad"
"283867","Saima Bashir","MR-5819","EMDS Call","Rescue Operations","Delivery Case","2026/04/30 07:27:38 PM","Sadiqabad"
"283868","Bushra Saleem","MR-5701","EMDS Call","Medical Emergency","Vomiting","2026/04/30 07:27:59 PM","Liaqatpur"
"283869","Saima Bashir","MR-5819","EMDS Call","Rescue Operations","Snake Emergency","2026/04/30 07:32:46 PM","Liaqatpur"
"283870","Saima Bashir","MR-5819","EMDS Call","Road Crash","Bleeding","2026/04/30 07:37:09 PM","Sadiqabad"
"283870","Saima Bashir","MR-5819","EMDS Call","Road Crash","Bleeding","2026/04/30 07:37:09 PM","Sadiqabad"
"283871","Saima Bashir","MR-5819","EMDS Call","Medical Emergency","Anxiety / Psychiatric Disorder","2026/04/30 07:39:32 PM","Rahim Yar Khan"
"283872","Shahla Nawaz","DR-185","EMDS Call","Medical Emergency","Unconscious","2026/04/30 07:43:07 PM","Rahim Yar Khan"
"283873","Bushra Saleem","MR-5701","EMDS Call","Medical Emergency","Headache","2026/04/30 07:43:01 PM","Rahim Yar Khan"
"283874","Saima Bashir","MR-5819","EMDS Call","Medical Emergency","Chest Pain","2026/04/30 07:51:20 PM","Sadiqabad"
"283875","Bushra Saleem","MR-5701","EMDS Call","Medical Emergency","Abdominal Pain","2026/04/30 07:54:52 PM","Liaqatpur"
"283876","Saima Bashir","MR-5819","EMDS Call","Medical Emergency","Abdominal Pain","2026/04/30 07:58:54 PM","Liaqatpur"
"283877","Saima Bashir","MR-5819","EMDS Call","Medical Emergency","High Fever","2026/04/30 08:01:40 PM","Rahim Yar Khan"
"283878","Shahla Nawaz","DR-185","EMDS Call","Medical Emergency","Headache","2026/04/30 08:00:10 PM","Rahim Yar Khan"
"283879","Shahla Nawaz","DR-185","EMDS Call","Road Crash","Minor Injuries","2026/04/30 08:02:33 PM","Rahim Yar Khan"
"283880","Shahla Nawaz","DR-185","EMDS Call","Medical Emergency","Hypertension","2026/04/30 08:09:17 PM","Sadiqabad"
"283882","Shahla Nawaz","DR-185","EMDS Call","Medical Emergency","Urinary Retention","2026/04/30 08:14:09 PM","Sadiqabad"
"283881","Saima Bashir","MR-5819","EMDS Call","Road Crash","Severe Trauma","2026/04/30 08:16:33 PM","Rahim Yar Khan"
"283883","Bushra Saleem","MR-5701","EMDS Call","Medical Emergency","Anxiety / Psychiatric Disorder","2026/04/30 08:18:14 PM","Khanpur"
"283884","Saima Bashir","MR-5819","EMDS Call","Medical Emergency","Vomiting","2026/04/30 08:21:23 PM","Khanpur"
"283886","Shahla Nawaz","DR-185","EMDS Call","Medical Emergency","Anxiety / Psychiatric Disorder","2026/04/30 08:22:22 PM","Sadiqabad"
"283885","Bushra Saleem","MR-5701","EMDS Call","Road Crash","Severe Trauma","2026/04/30 08:24:05 PM","Rahim Yar Khan"
"283887","Shahla Nawaz","DR-185","EMDS Call","Road Crash","Minor Injuries","2026/04/30 08:29:48 PM","Rahim Yar Khan"
"283888","Shahla Nawaz","DR-185","EMDS Call","Rescue Operations","Delivery Case","2026/04/30 08:33:49 PM","Rahim Yar Khan"
"283889","Saima Bashir","MR-5819","EMDS Call","Medical Emergency","Vomiting","2026/04/30 08:35:02 PM","Rahim Yar Khan"
"283890","Bushra Saleem","MR-5701","EMDS Call","Road Crash","Severe Trauma","2026/04/30 08:37:22 PM","Rahim Yar Khan"
"283894","Saima Bashir","MR-5819","EMDS Call","Medical Emergency","Vomiting","2026/04/30 08:38:19 PM","Rahim Yar Khan"
"283891","Shahla Nawaz","DR-185","EMDS Call","Medical Emergency","Vomiting","2026/04/30 08:39:41 PM","Khanpur"
"283892","Saima Bashir","MR-5819","EMDS Call","Medical Emergency","Backache","2026/04/30 08:41:48 PM","Rahim Yar Khan"
"283893","Bushra Saleem","MR-5701","EMDS Call","Medical Emergency","Vertigo/ Dizziness","2026/04/30 08:42:40 PM","Sadiqabad"
"283895","Saima Bashir","MR-5819","EMDS Call","Road Crash","Minor Injuries","2026/04/30 08:54:32 PM","Rahim Yar Khan"
"283896","Shahla Nawaz","DR-185","EMDS Call","Road Crash","Bleeding","2026/04/30 09:04:20 PM","Rahim Yar Khan"
"283897","Saima Bashir","MR-5819","Direct Call","Rescue Operations","Snake Emergency","2026/04/30 09:03:51 PM","Rahim Yar Khan"
"283898","Saima Bashir","MR-5819","EMDS Call","Medical Emergency","Epilepsy","2026/04/30 09:16:06 PM","Rahim Yar Khan"
"283899","Adil Iqbal","DR-782","EMDS Call","Medical Emergency","CVA/Stroke","2026/04/30 09:17:07 PM","Khanpur"
"78354","Adil Iqbal","DR-782","Direct Call","Patient Transfer Service","N/A","2026/04/30 09:20:31 PM","Khanpur"
"283900","Saima Bashir","MR-5819","EMDS Call","Rescue Operations","Delivery Case","2026/04/30 09:21:23 PM","Sadiqabad"
"283901","Adil Iqbal","DR-782","EMDS Call","Road Crash","Minor Injuries","2026/04/30 09:24:51 PM","Rahim Yar Khan"
"283902","Bushra Saleem","MR-5701","EMDS Call","Medical Emergency","Anxiety / Psychiatric Disorder","2026/04/30 09:30:11 PM","Rahim Yar Khan"
"283903","Adil Iqbal","DR-782","EMDS Call","Medical Emergency","Hypertension","2026/04/30 09:32:16 PM","Rahim Yar Khan"
"283904","Bushra Saleem","MR-5701","EMDS Call","Fire","Others","2026/04/30 09:33:06 PM","Rahim Yar Khan"
"283905","Bushra Saleem","MR-5701","EMDS Call","Medical Emergency","Anxiety / Psychiatric Disorder","2026/04/30 09:39:16 PM","Sadiqabad"
"283906","Saima Bashir","MR-5819","EMDS Call","Road Crash","Bleeding","2026/04/30 09:40:49 PM","Liaqatpur"
"283907","Adil Iqbal","DR-782","EMDS Call","Medical Emergency","SOB/ Respiratory Distress","2026/04/30 09:47:52 PM","Rahim Yar Khan"
"283908","Bushra Saleem","MR-5701","EMDS Call","Medical Emergency","Hypertension","2026/04/30 09:49:02 PM","Rahim Yar Khan"
"283909","Muhammad Zahid","DR-888","EMDS Call","Medical Emergency","Hypertension","2026/04/30 09:56:26 PM","Rahim Yar Khan"
"78355","Faiz Muhyy Ul Din","DR-892","Direct Call","Patient Transfer Service","N/A","2026/04/30 09:59:30 PM","Rahim Yar Khan"
"283910","Faiz Muhyy Ul Din","DR-892","EMDS Call","Medical Emergency","SOB/ Respiratory Distress","2026/04/30 09:59:26 PM","Rahim Yar Khan"
"283911","Farhad Iftikhar","DR-913","EMDS Call","Medical Emergency","Unconscious","2026/04/30 10:05:25 PM","Rahim Yar Khan"
"283912","Faiz Muhyy Ul Din","DR-892","EMDS Call","Medical Emergency","Renal Disorders / Renal Colic ","2026/04/30 10:06:09 PM","Sadiqabad"
"283913","Farah Sadaqat","MR-5930","EMDS Call","Medical Emergency","Domestic Injuries","2026/04/30 10:07:50 PM","Sadiqabad"
"283914","Farhad Iftikhar","DR-913","EMDS Call","Medical Emergency","Abdominal Pain","2026/04/30 10:17:32 PM","Rahim Yar Khan"
"78356","Maheen Tahir","MR-6017","Direct Call","Patient Transfer Service","N/A","2026/04/30 10:23:52 PM","Sadiqabad"
"283915","Farah Sadaqat","MR-5930","EMDS Call","Medical Emergency","Joints Pain","2026/04/30 10:25:56 PM","Sadiqabad"
"283916","Maheen Tahir","MR-6017","EMDS Call","Rescue Operations","Hazmat","2026/04/30 10:31:05 PM","Khanpur"
"78357","Farah Sadaqat","MR-5930","Direct Call","Patient Transfer Service","N/A","2026/04/30 10:35:22 PM","Sadiqabad"
"283917","Farhad Iftikhar","DR-913","EMDS Call","Medical Emergency","SOB/ Respiratory Distress","2026/04/30 10:34:28 PM","Rahim Yar Khan"
"78358","Maheen Tahir","MR-6017","Direct Call","Patient Transfer Service","N/A","2026/04/30 10:36:28 PM","Khanpur"
"283918","Maheen Tahir","MR-6017","EMDS Call","Medical Emergency","Diarrhea","2026/04/30 10:41:12 PM","Khanpur"
"283919","Farhad Iftikhar","DR-913","EMDS Call","Road Crash","Severe Trauma","2026/04/30 10:42:59 PM","Rahim Yar Khan"
"283920","Maheen Tahir","MR-6017","EMDS Call","Medical Emergency","Hypertension","2026/04/30 10:45:09 PM","Rahim Yar Khan"
"283921","Farah Sadaqat","MR-5930","EMDS Call","Medical Emergency","Epilepsy","2026/04/30 10:48:03 PM","Rahim Yar Khan"
"283922","Maheen Tahir","MR-6017","EMDS Call","Medical Emergency","Abdominal Pain","2026/04/30 10:55:42 PM","Rahim Yar Khan"
"78359","Maheen Tahir","MR-6017","Direct Call","Patient Transfer Service","N/A","2026/04/30 11:05:46 PM","Sadiqabad"
"283923","Maheen Tahir","MR-6017","EMDS Call","Medical Emergency","Abdominal Pain","2026/04/30 11:07:39 PM","Khanpur"
"283924","Farah Sadaqat","MR-5930","EMDS Call","Medical Emergency","Urinary Retention","2026/04/30 11:09:20 PM","Rahim Yar Khan"
"283925","Maheen Tahir","MR-6017","EMDS Call","Medical Emergency","Joints Pain","2026/04/30 11:14:29 PM","Rahim Yar Khan"
"283926","Farah Sadaqat","MR-5930","EMDS Call","Medical Emergency","Cardiac Arrest","2026/04/30 11:20:30 PM","Khanpur"
"283927","Faiz Muhyy Ul Din","DR-892","EMDS Call","Rescue Operations","Vehicle Extrication","2026/04/30 11:38:55 PM","Rahim Yar Khan"
"283929","Farhad Iftikhar","DR-913","EMDS Call","Medical Emergency","High Fever","2026/04/30 11:40:50 PM","Rahim Yar Khan"
"283928","Farah Sadaqat","MR-5930","EMDS Call","Medical Emergency","Anxiety / Psychiatric Disorder","2026/04/30 11:40:46 PM","Rahim Yar Khan"
"283930","Faiz Muhyy Ul Din","DR-892","EMDS Call","Medical Emergency","Hypertension","2026/04/30 11:49:02 PM","Rahim Yar Khan"
"283931","Faiz Muhyy Ul Din","DR-892","EMDS Call","Medical Emergency","Anxiety / Psychiatric Disorder","2026/04/30 11:58:06 PM","Rahim Yar Khan"