"EC No","Agent Name","Agent Id","Call Type","Emergency Type","Emergency Subtype","Call Received at","Tehsil Name"
"75906","Shaheen Islam","DR-1171","Direct Call","Patient Transfer Service","N/A","2026/02/01 12:22:47 AM","Liaqatpur"
"264725","Zahid Manzoor","DR-887","Direct Call","Medical Emergency","Diabetic","2026/02/01 12:44:28 AM","Rahim Yar Khan"
"264726","Shaheen Islam","DR-1171","EMDS Call","Medical Emergency","Hypertension","2026/02/01 12:54:39 AM","Rahim Yar Khan"
"264727","Saqib Nasim","DR-197","EMDS Call","Medical Emergency","SOB/ Respiratory Distress","2026/02/01 12:54:18 AM","Rahim Yar Khan"
"264728","Zahid Manzoor","DR-887","EMDS Call","Road Crash","Bleeding","2026/02/01 01:02:28 AM","Rahim Yar Khan"
"264729","Saqib Nasim","DR-197","EMDS Call","Medical Emergency","Abdominal Pain","2026/02/01 01:02:30 AM","Liaqatpur"
"75907","Shaheen Islam","DR-1171","Direct Call","Patient Transfer Service","N/A","2026/02/01 01:07:09 AM","Sadiqabad"
"264730","Zahid Manzoor","DR-887","EMDS Call","Medical Emergency","SOB/ Respiratory Distress","2026/02/01 01:19:24 AM","Sadiqabad"
"264731","Saqib Nasim","DR-197","EMDS Call","Medical Emergency","Others","2026/02/01 01:21:42 AM","Rahim Yar Khan"
"264732","Zahid Manzoor","DR-887","EMDS Call","Medical Emergency","Hypertension","2026/02/01 01:37:52 AM","Sadiqabad"
"264733","Saqib Nasim","DR-197","EMDS Call","Rescue Operations","Delivery Case","2026/02/01 01:39:09 AM","Khanpur"
"264734","Zahid Manzoor","DR-887","EMDS Call","Medical Emergency","Others","2026/02/01 01:46:59 AM","Khanpur"
"264736","Saqib Nasim","DR-197","EMDS Call","Medical Emergency","Others","2026/02/01 01:48:35 AM","Rahim Yar Khan"
"264735","Saqib Nasim","DR-197","EMDS Call","Medical Emergency","SOB/ Respiratory Distress","2026/02/01 01:51:36 AM","Sadiqabad"
"264737","Shaheen Islam","DR-1171","EMDS Call","Medical Emergency","Vomiting","2026/02/01 02:13:31 AM","Khanpur"
"264738","Zahid Manzoor","DR-887","EMDS Call","Medical Emergency","Others","2026/02/01 02:21:31 AM","Sadiqabad"
"264739","Saqib Nasim","DR-197","EMDS Call","Medical Emergency","Vomiting","2026/02/01 02:51:36 AM","Sadiqabad"
"264740","Shaheen Islam","DR-1171","EMDS Call","Medical Emergency","Abdominal Pain","2026/02/01 02:56:41 AM","Khanpur"
"264741","Zahid Manzoor","DR-887","EMDS Call","Rescue Operations","Delivery Case","2026/02/01 03:09:23 AM","Rahim Yar Khan"
"264742","Saqib Nasim","DR-197","EMDS Call","Medical Emergency","High Fever","2026/02/01 03:11:30 AM","Rahim Yar Khan"
"264743","Shaheen Islam","DR-1171","EMDS Call","Medical Emergency","Abdominal Pain","2026/02/01 03:25:21 AM","Rahim Yar Khan"
"75908","Zahid Manzoor","DR-887","Direct Call","Patient Transfer Service","N/A","2026/02/01 03:32:22 AM","Khanpur"
"75909","Zahid Manzoor","DR-887","Direct Call","Patient Transfer Service","N/A","2026/02/01 03:35:30 AM","Khanpur"
"264744","Farah Sadaqat","MR-5930","EMDS Call","Rescue Operations","Delivery Case","2026/02/01 04:03:16 AM","Rahim Yar Khan"
"264745","Saira Bibi","MR-5494","EMDS Call","Rescue Operations","Delivery Case","2026/02/01 04:27:11 AM","Khanpur"
"264746","Farah Sadaqat","MR-5930","EMDS Call","Medical Emergency","Vomiting","2026/02/01 04:39:42 AM","Rahim Yar Khan"
"264747","Muhammad Zubair","DR-894","EMDS Call","Medical Emergency","Hypertension","2026/02/01 04:51:03 AM","Rahim Yar Khan"
"264748","Saira Bibi","MR-5494","EMDS Call","Medical Emergency","Diabetic","2026/02/01 04:53:54 AM","Rahim Yar Khan"
"75910","Saira Bibi","MR-5494","Direct Call","Patient Transfer Service","N/A","2026/02/01 04:58:52 AM","Sadiqabad"
"75911","Farah Sadaqat","MR-5930","Direct Call","Patient Transfer Service","N/A","2026/02/01 05:05:36 AM","Sadiqabad"
"75912","Farah Sadaqat","MR-5930","Direct Call","Patient Transfer Service","N/A","2026/02/01 05:13:17 AM","Sadiqabad"
"75913","Farah Sadaqat","MR-5930","Direct Call","Patient Transfer Service","N/A","2026/02/01 05:28:36 AM","Sadiqabad"
"264749","Saira Bibi","MR-5494","EMDS Call","Rescue Operations","Delivery Case","2026/02/01 05:31:13 AM","Rahim Yar Khan"
"264750","Farah Sadaqat","MR-5930","EMDS Call","Medical Emergency","Vomiting","2026/02/01 05:37:48 AM","Rahim Yar Khan"
"264751","Muhammad Zubair","DR-894","EMDS Call","Medical Emergency","High Fever","2026/02/01 05:46:47 AM","Rahim Yar Khan"
"264752","Saira Bibi","MR-5494","EMDS Call","Medical Emergency","SOB/ Respiratory Distress","2026/02/01 05:54:12 AM","Rahim Yar Khan"
"264753","Farah Sadaqat","MR-5930","EMDS Call","Medical Emergency","SOB/ Respiratory Distress","2026/02/01 06:03:25 AM","Rahim Yar Khan"
"264754","Farah Sadaqat","MR-5930","EMDS Call","Medical Emergency","Unconscious","2026/02/01 06:30:16 AM","Sadiqabad"
"264755","Muhammad Zubair","DR-894","EMDS Call","Medical Emergency","Diabetic","2026/02/01 06:37:39 AM","Rahim Yar Khan"
"264756","Farah Sadaqat","MR-5930","EMDS Call","Medical Emergency","Others","2026/02/01 06:45:27 AM","Sadiqabad"
"264757","Farah Sadaqat","MR-5930","EMDS Call","Medical Emergency","Vomiting","2026/02/01 07:28:17 AM","Rahim Yar Khan"
"264758","Farah Sadaqat","MR-5930","EMDS Call","Rescue Operations","Delivery Case","2026/02/01 07:51:59 AM","Sadiqabad"
"264759","Muhammad Fiaz","DR-206","EMDS Call","Medical Emergency","SOB/ Respiratory Distress","2026/02/01 07:52:27 AM","Liaqatpur"
"264760","Muhammad Fiaz","DR-206","EMDS Call","Medical Emergency","Others","2026/02/01 07:56:46 AM","Rahim Yar Khan"
"75914","Muhammad Fiaz","DR-206","Direct Call","Patient Transfer Service","N/A","2026/02/01 08:09:16 AM","Khanpur"
"264761","Rana M. Usman","DR-200","EMDS Call","Medical Emergency","Chest Pain","2026/02/01 08:09:17 AM","Sadiqabad"
"264762","Aasia Batool","MR-5198","EMDS Call","Medical Emergency","Others","2026/02/01 08:16:14 AM","Rahim Yar Khan"
"264763","Rana M. Usman","DR-200","EMDS Call","Medical Emergency","Others","2026/02/01 08:18:28 AM","Rahim Yar Khan"
"264764","Aasia Batool","MR-5198","EMDS Call","Road Crash","Bleeding","2026/02/01 08:22:34 AM","Rahim Yar Khan"
"264765","Rana M. Usman","DR-200","Direct Call","Rescue Operations","Mass Event Coverage","2026/02/01 08:28:17 AM","Sadiqabad"
"264766","Aasia Batool","MR-5198","EMDS Call","Medical Emergency","Vomiting","2026/02/01 08:34:13 AM","Sadiqabad"
"264767","Rana M. Usman","DR-200","Direct Call","Rescue Operations","Mass Event Coverage","2026/02/01 08:39:11 AM","Sadiqabad"
"75915","Muhammad Fiaz","DR-206","Direct Call","Patient Transfer Service","N/A","2026/02/01 08:45:36 AM","Sadiqabad"
"264768","Rana M. Usman","DR-200","EMDS Call","Medical Emergency","Others","2026/02/01 08:52:43 AM","Khanpur"
"264769","Aasia Batool","MR-5198","EMDS Call","Road Crash","Multiple Fractures","2026/02/01 08:54:04 AM","Rahim Yar Khan"
"264770","Muhammad Fiaz","DR-206","EMDS Call","Medical Emergency","Hypertension","2026/02/01 08:54:37 AM","Rahim Yar Khan"
"264771","Rana M. Usman","DR-200","EMDS Call","Medical Emergency","Hypertension","2026/02/01 08:56:26 AM","Sadiqabad"
"75916","Rana M. Usman","DR-200","Direct Call","Patient Transfer Service","N/A","2026/02/01 09:20:40 AM","Khanpur"
"264772","Rana M. Usman","DR-200","EMDS Call","Road Crash","Minor Injuries","2026/02/01 09:29:04 AM","Rahim Yar Khan"
"264773","Muhammad Fiaz","DR-206","EMDS Call","Road Crash","Bleeding","2026/02/01 09:32:11 AM","Liaqatpur"
"264774","Rana M. Usman","DR-200","EMDS Call","Medical Emergency","Diabetic","2026/02/01 09:34:20 AM","Rahim Yar Khan"
"264775","Muhammad Fiaz","DR-206","EMDS Call","Fall","Fall From Roof","2026/02/01 09:41:28 AM","Rahim Yar Khan"
"75917","Rana M. Usman","DR-200","Direct Call","Patient Transfer Service","N/A","2026/02/01 09:50:07 AM","Sadiqabad"
"75918","Muhammad Fiaz","DR-206","Direct Call","Patient Transfer Service","N/A","2026/02/01 09:58:58 AM","Sadiqabad"
"264776","Aasia Batool","MR-5198","EMDS Call","Road Crash","Bleeding","2026/02/01 09:57:46 AM","Sadiqabad"
"264777","Aasia Batool","MR-5198","EMDS Call","Rescue Operations","Animal/Bird Rescue","2026/02/01 10:05:12 AM","Khanpur"
"264778","Muhammad Fiaz","DR-206","EMDS Call","Rescue Operations","Delivery Case","2026/02/01 10:18:11 AM","Khanpur"
"75919","Muhammad Fiaz","DR-206","Direct Call","Patient Transfer Service","N/A","2026/02/01 10:20:12 AM","Sadiqabad"
"264779","Bushra Saleem","MR-5701","EMDS Call","Rescue Operations","Delivery Case","2026/02/01 10:25:01 AM","Rahim Yar Khan"
"264780","Muhammad Fiaz","DR-206","EMDS Call","Medical Emergency","Diabetic","2026/02/01 10:26:53 AM","Rahim Yar Khan"
"264781","Bushra Saleem","MR-5701","EMDS Call","Medical Emergency","Hypertension","2026/02/01 10:29:05 AM","Sadiqabad"
"264782","Bushra Saleem","MR-5701","EMDS Call","Medical Emergency","SOB/ Respiratory Distress","2026/02/01 10:33:06 AM","Rahim Yar Khan"
"264783","Muhammad Fiaz","DR-206","EMDS Call","Medical Emergency","Abdominal Pain","2026/02/01 10:43:38 AM","Rahim Yar Khan"
"264784","Muhammad Fiaz","DR-206","EMDS Call","Fall","Fall From Stairs","2026/02/01 10:50:08 AM","Rahim Yar Khan"
"264785","Bushra Saleem","MR-5701","EMDS Call","Road Crash","Bleeding","2026/02/01 10:48:32 AM","Sadiqabad"
"264786","Muhammad Fiaz","DR-206","EMDS Call","Medical Emergency","Others","2026/02/01 10:53:39 AM","Khanpur"
"264787","Bushra Saleem","MR-5701","EMDS Call","Medical Emergency","SOB/ Respiratory Distress","2026/02/01 11:04:43 AM","Sadiqabad"
"264788","Muhammad Fiaz","DR-206","EMDS Call","Medical Emergency","Epilepsy","2026/02/01 11:08:22 AM","Sadiqabad"
"264789","Muhammad Fiaz","DR-206","EMDS Call","Medical Emergency","Others","2026/02/01 11:13:15 AM","Rahim Yar Khan"
"75920","Bushra Saleem","MR-5701","Direct Call","Patient Transfer Service","N/A","2026/02/01 11:15:17 AM","Khanpur"
"264790","Muhammad Fiaz","DR-206","EMDS Call","Road Crash","Severe Trauma","2026/02/01 11:24:28 AM","Khanpur"
"264791","Aasia Batool","MR-5198","EMDS Call","Medical Emergency","Hypertension","2026/02/01 11:24:18 AM","Rahim Yar Khan"
"264792","Muhammad Zahid","DR-888","EMDS Call","Medical Emergency","SOB/ Respiratory Distress","2026/02/01 11:39:11 AM","Rahim Yar Khan"
"264794","Bushra Saleem","MR-5701","EMDS Call","Rescue Operations","Pet Dog","2026/02/01 11:43:01 AM","Rahim Yar Khan"
"264794","Bushra Saleem","MR-5701","EMDS Call","Rescue Operations","Pet Dog","2026/02/01 11:43:01 AM","Rahim Yar Khan"
"264798","Muhammad Zahid","DR-888","EMDS Call","Medical Emergency","Joints Pain","2026/02/01 11:44:16 AM","Sadiqabad"
"264793","Bushra Saleem","MR-5701","EMDS Call","Road Crash","Severe Trauma","2026/02/01 11:47:04 AM","Rahim Yar Khan"
"264795","Bushra Saleem","MR-5701","EMDS Call","Medical Emergency","Hypertension","2026/02/01 11:51:41 AM","Rahim Yar Khan"
"264796","Muhammad Zahid","DR-888","EMDS Call","Medical Emergency","SOB/ Respiratory Distress","2026/02/01 11:51:56 AM","Rahim Yar Khan"
"264797","Aasia Batool","MR-5198","EMDS Call","Medical Emergency","Renal Disorders / Renal Colic ","2026/02/01 11:53:11 AM","Khanpur"
"264799","Bushra Saleem","MR-5701","EMDS Call","Crime","Physical Assault/Violence","2026/02/01 12:07:46 PM","Rahim Yar Khan"
"264800","Muhammad Zahid","DR-888","EMDS Call","Road Crash","Bleeding","2026/02/01 12:11:57 PM","Khanpur"
"Not Assigned","Bushra Saleem","MR-5701","EMDS Call","Road Crash","Bleeding","2026/02/01 12:16:33 PM","Rahim Yar Khan"
"264802","Aasia Batool","MR-5198","EMDS Call","Road Crash","Severe Trauma","2026/02/01 12:32:54 PM","Rahim Yar Khan"
"264802","Aasia Batool","MR-5198","EMDS Call","Road Crash","Severe Trauma","2026/02/01 12:32:54 PM","Rahim Yar Khan"
"264803","Aasia Batool","MR-5198","EMDS Call","Medical Emergency","Others","2026/02/01 12:34:39 PM","Sadiqabad"
"264804","Bushra Saleem","MR-5701","EMDS Call","Medical Emergency","Abdominal Pain","2026/02/01 12:35:41 PM","Sadiqabad"
"264805","Muhammad Zahid","DR-888","EMDS Call","Medical Emergency","SOB/ Respiratory Distress","2026/02/01 12:37:16 PM","Rahim Yar Khan"
"264806","Bushra Saleem","MR-5701","EMDS Call","Medical Emergency","Others","2026/02/01 12:39:57 PM","Sadiqabad"
"264807","Aasia Batool","MR-5198","EMDS Call","Medical Emergency","Abdominal Pain","2026/02/01 12:53:10 PM","Liaqatpur"
"264808","Bushra Saleem","MR-5701","EMDS Call","Medical Emergency","Hypertension","2026/02/01 12:53:23 PM","Sadiqabad"
"Not Assigned","Muhammad Fiaz","DR-206","Direct Call","Rescue Operations","Mass Event Coverage","2026/02/01 12:56:55 PM","Sadiqabad"
"264809","Muhammad Fiaz","DR-206","EMDS Call","Medical Emergency","Chronic Illness","2026/02/01 01:05:35 PM","Rahim Yar Khan"
"264810","Bushra Saleem","MR-5701","EMDS Call","Road Crash","Bleeding","2026/02/01 01:10:43 PM","Khanpur"
"264811","Muhammad Fiaz","DR-206","EMDS Call","Road Crash","Bleeding","2026/02/01 01:12:26 PM","Rahim Yar Khan"
"264812","Aasia Batool","MR-5198","EMDS Call","Rescue Operations","Animal/Bird Rescue","2026/02/01 01:12:50 PM","Khanpur"
"264813","Bushra Saleem","MR-5701","EMDS Call","Medical Emergency","Hypertension","2026/02/01 01:16:07 PM","Rahim Yar Khan"
"264814","Aasia Batool","MR-5198","EMDS Call","Medical Emergency","Unconscious","2026/02/01 01:31:09 PM","Khanpur"
"264815","Bushra Saleem","MR-5701","EMDS Call","Medical Emergency","Others","2026/02/01 01:33:02 PM","Rahim Yar Khan"
"264816","Muhammad Fiaz","DR-206","EMDS Call","Fire","Others","2026/02/01 01:36:13 PM","Rahim Yar Khan"
"264817","Aasia Batool","MR-5198","EMDS Call","Medical Emergency","High Fever","2026/02/01 01:44:17 PM","Rahim Yar Khan"
"264818","Muhammad Fiaz","DR-206","EMDS Call","Road Crash","Minor Injuries","2026/02/01 01:48:05 PM","Rahim Yar Khan"
"264819","Bushra Saleem","MR-5701","EMDS Call","Road Crash","Severe Trauma","2026/02/01 01:48:47 PM","Rahim Yar Khan"
"264820","Aasia Batool","MR-5198","EMDS Call","Road Crash","Severe Trauma","2026/02/01 01:53:34 PM","Sadiqabad"
"264821","Bushra Saleem","MR-5701","EMDS Call","Medical Emergency","Others","2026/02/01 02:03:33 PM","Rahim Yar Khan"
"264822","Muhammad Zubair","DR-894","EMDS Call","Medical Emergency","Others","2026/02/01 02:14:22 PM","Rahim Yar Khan"
"264823","Bushra Saleem","MR-5701","EMDS Call","Medical Emergency","Others","2026/02/01 02:14:41 PM","Rahim Yar Khan"
"264824","Aasia Batool","MR-5198","EMDS Call","Medical Emergency","SOB/ Respiratory Distress","2026/02/01 02:14:31 PM","Sadiqabad"
"264825","Bushra Saleem","MR-5701","EMDS Call","Road Crash","Severe Trauma","2026/02/01 02:17:45 PM","Rahim Yar Khan"
"264826","Muhammad Zubair","DR-894","Direct Call","Fire","Others","2026/02/01 02:28:07 PM","Liaqatpur"
"264827","Farah Sadaqat","MR-5930","EMDS Call","Road Crash","Bleeding","2026/02/01 02:23:36 PM","Sadiqabad"
"75921","Muhammad Zubair","DR-894","Direct Call","Patient Transfer Service","N/A","2026/02/01 02:32:31 PM","Sadiqabad"
"75922","Muhammad Zubair","DR-894","Direct Call","Patient Transfer Service","N/A","2026/02/01 02:34:51 PM","Liaqatpur"
"264828","Saira Bibi","MR-5494","Direct Call","Medical Emergency","Others","2026/02/01 02:36:56 PM","Rahim Yar Khan"
"264829","Farah Sadaqat","MR-5930","EMDS Call","Medical Emergency","Unconscious","2026/02/01 02:38:35 PM","Sadiqabad"
"264830","Saira Bibi","MR-5494","EMDS Call","Medical Emergency","Unconscious","2026/02/01 02:40:06 PM","Sadiqabad"
"264831","Saira Bibi","MR-5494","EMDS Call","Road Crash","Bleeding","2026/02/01 02:42:51 PM","Rahim Yar Khan"
"264832","Muhammad Zubair","DR-894","EMDS Call","Road Crash","Minor Injuries","2026/02/01 02:56:03 PM","Sadiqabad"
"264833","Muhammad Zubair","DR-894","EMDS Call","Medical Emergency","SOB/ Respiratory Distress","2026/02/01 03:00:08 PM","Sadiqabad"
"264834","Farah Sadaqat","MR-5930","EMDS Call","Medical Emergency","Chronic Illness","2026/02/01 03:02:28 PM","Liaqatpur"
"264835","Muhammad Zubair","DR-894","EMDS Call","Road Crash","Bleeding","2026/02/01 03:05:23 PM","Liaqatpur"
"264836","Muhammad Zubair","DR-894","EMDS Call","Medical Emergency","Others","2026/02/01 03:12:38 PM","Rahim Yar Khan"
"264837","Farah Sadaqat","MR-5930","EMDS Call","Medical Emergency","Others","2026/02/01 03:17:07 PM","Rahim Yar Khan"
"264838","Farah Sadaqat","MR-5930","EMDS Call","Medical Emergency","Vomiting","2026/02/01 03:22:40 PM","Rahim Yar Khan"
"264840","Saira Bibi","MR-5494","EMDS Call","Medical Emergency","Others","2026/02/01 03:30:58 PM","Rahim Yar Khan"
"264839","Farah Sadaqat","MR-5930","EMDS Call","Medical Emergency","Hypertension","2026/02/01 03:31:49 PM","Rahim Yar Khan"
"75923","Saira Bibi","MR-5494","Direct Call","Patient Transfer Service","N/A","2026/02/01 03:38:59 PM","Khanpur"
"264841","Saira Bibi","MR-5494","EMDS Call","Road Crash","Bleeding","2026/02/01 03:45:25 PM","Rahim Yar Khan"
"264842","Farah Sadaqat","MR-5930","EMDS Call","Medical Emergency","Epilepsy","2026/02/01 03:45:55 PM","Khanpur"
"264843","Saira Bibi","MR-5494","EMDS Call","Medical Emergency","Hypertension","2026/02/01 03:47:52 PM","Liaqatpur"
"264844","Saira Bibi","MR-5494","EMDS Call","Medical Emergency","Others","2026/02/01 03:50:53 PM","Sadiqabad"
"264845","Farah Sadaqat","MR-5930","EMDS Call","Medical Emergency","Others","2026/02/01 03:50:41 PM","Rahim Yar Khan"
"264846","Farah Sadaqat","MR-5930","EMDS Call","Road Crash","Minor Injuries","2026/02/01 04:02:37 PM","Khanpur"
"264847","Muhammad Riaz","DR-654","EMDS Call","Medical Emergency","Hypertension","2026/02/01 04:08:19 PM","Rahim Yar Khan"
"264848","Farah Sadaqat","MR-5930","EMDS Call","Medical Emergency","SOB/ Respiratory Distress","2026/02/01 04:14:23 PM","Liaqatpur"
"75924","Saira Bibi","MR-5494","Direct Call","Patient Transfer Service","N/A","2026/02/01 04:18:44 PM","Liaqatpur"
"264849","Muhammad Riaz","DR-654","EMDS Call","Medical Emergency","SOB/ Respiratory Distress","2026/02/01 04:19:09 PM","Rahim Yar Khan"
"75925","Farah Sadaqat","MR-5930","Direct Call","Patient Transfer Service","N/A","2026/02/01 04:22:38 PM","Khanpur"
"75926","Saira Bibi","MR-5494","Direct Call","Patient Transfer Service","N/A","2026/02/01 04:28:05 PM","Liaqatpur"
"264850","Muhammad Riaz","DR-654","EMDS Call","Medical Emergency","Hypotension","2026/02/01 04:28:42 PM","Rahim Yar Khan"
"75927","Farah Sadaqat","MR-5930","Direct Call","Patient Transfer Service","N/A","2026/02/01 04:31:04 PM","Khanpur"
"264851","Farah Sadaqat","MR-5930","EMDS Call","Road Crash","Minor Injuries","2026/02/01 04:33:38 PM","Rahim Yar Khan"
"264852","Muhammad Riaz","DR-654","EMDS Call","Medical Emergency","SOB/ Respiratory Distress","2026/02/01 04:38:48 PM","Khanpur"
"264853","Saira Bibi","MR-5494","EMDS Call","Road Crash","Severe Trauma","2026/02/01 04:40:53 PM","Rahim Yar Khan"
"264854","Farah Sadaqat","MR-5930","EMDS Call","Rescue Operations","Delivery Case","2026/02/01 04:47:00 PM","Rahim Yar Khan"
"264855","Muhammad Riaz","DR-654","EMDS Call","Road Crash","Bleeding","2026/02/01 04:50:28 PM","Rahim Yar Khan"
"75928","Saira Bibi","MR-5494","Direct Call","Patient Transfer Service","N/A","2026/02/01 04:49:22 PM","Sadiqabad"
"Not Assigned","Saira Bibi","MR-5494","EMDS Call","Rescue Operations","Delivery Case","2026/02/01 04:51:10 PM","Rahim Yar Khan"
"264856","Farah Sadaqat","MR-5930","EMDS Call","Road Crash","Bleeding","2026/02/01 04:57:30 PM","Sadiqabad"
"264856","Farah Sadaqat","MR-5930","EMDS Call","Road Crash","Bleeding","2026/02/01 04:57:30 PM","Sadiqabad"
"75929","Saira Bibi","MR-5494","Direct Call","Patient Transfer Service","N/A","2026/02/01 05:06:50 PM","Sadiqabad"
"264857","Muhammad Riaz","DR-654","EMDS Call","Road Crash","Bleeding","2026/02/01 05:07:45 PM","Liaqatpur"
"264858","Muhammad Riaz","DR-654","EMDS Call","Road Crash","Bleeding","2026/02/01 05:10:20 PM","Rahim Yar Khan"
"264858","Muhammad Riaz","DR-654","EMDS Call","Road Crash","Bleeding","2026/02/01 05:10:20 PM","Rahim Yar Khan"
"264859","Farah Sadaqat","MR-5930","EMDS Call","Fire","Others","2026/02/01 05:11:45 PM","Rahim Yar Khan"
"264860","Muhammad Riaz","DR-654","EMDS Call","Medical Emergency","Diabetic","2026/02/01 05:28:13 PM","Sadiqabad"
"264861","Farah Sadaqat","MR-5930","EMDS Call","Medical Emergency","Abdominal Pain","2026/02/01 05:29:22 PM","Sadiqabad"
"264862","Farah Sadaqat","MR-5930","Direct Call","Medical Emergency","Chest Pain","2026/02/01 05:34:44 PM","Liaqatpur"
"264863","Farah Sadaqat","MR-5930","EMDS Call","Medical Emergency","Vomiting","2026/02/01 05:40:26 PM","Sadiqabad"
"75930","Saira Bibi","MR-5494","Direct Call","Patient Transfer Service","N/A","2026/02/01 05:44:06 PM","Sadiqabad"
"264864","Saira Bibi","MR-5494","EMDS Call","Rescue Operations","Delivery Case","2026/02/01 05:44:25 PM","Rahim Yar Khan"
"264865","Muhammad Riaz","DR-654","EMDS Call","Medical Emergency","Chest Pain","2026/02/01 05:49:09 PM","Khanpur"
"264866","Saira Bibi","MR-5494","EMDS Call","Rescue Operations","Electric Shock","2026/02/01 06:06:04 PM","Rahim Yar Khan"
"264867","Muhammad Zubair","DR-894","EMDS Call","Medical Emergency","SOB/ Respiratory Distress","2026/02/01 06:16:04 PM","Khanpur"
"264868","Muhammad Riaz","DR-654","EMDS Call","Medical Emergency","Others","2026/02/01 06:18:24 PM","Rahim Yar Khan"
"264869","Muhammad Zubair","DR-894","EMDS Call","Medical Emergency","High Fever","2026/02/01 06:21:12 PM","Rahim Yar Khan"
"264870","Muhammad Zubair","DR-894","Direct Call","Medical Emergency","Others","2026/02/01 06:27:06 PM","Rahim Yar Khan"
"75931","Muhammad Zubair","DR-894","Direct Call","Patient Transfer Service","N/A","2026/02/01 06:31:58 PM","Khanpur"
"264871","Saira Bibi","MR-5494","EMDS Call","Rescue Operations","Electric Shock","2026/02/01 06:38:35 PM","Rahim Yar Khan"
"264872","Muhammad Riaz","DR-654","EMDS Call","Medical Emergency","Others","2026/02/01 06:37:24 PM","Khanpur"
"Not Assigned","Muhammad Zubair","DR-894","EMDS Call","Road Crash","Bleeding","2026/02/01 06:44:26 PM","Khanpur"
"264873","Muhammad Riaz","DR-654","EMDS Call","Road Crash","Minor Injuries","2026/02/01 06:52:20 PM","Rahim Yar Khan"
"264874","Farah Sadaqat","MR-5930","EMDS Call","Road Crash","Bleeding","2026/02/01 06:54:03 PM","Rahim Yar Khan"
"264875","Muhammad Zubair","DR-894","EMDS Call","Medical Emergency","Chronic Illness","2026/02/01 07:05:40 PM","Sadiqabad"
"Not Assigned","Muhammad Riaz","DR-654","EMDS Call","Medical Emergency","Abdominal Pain","2026/02/01 07:06:17 PM","Rahim Yar Khan"
"264877","Muhammad Riaz","DR-654","EMDS Call","Medical Emergency","Abdominal Pain","2026/02/01 07:06:27 PM","Rahim Yar Khan"
"264878","Muhammad Zubair","DR-894","EMDS Call","Medical Emergency","Vomiting","2026/02/01 07:14:27 PM","Rahim Yar Khan"
"264879","Farah Sadaqat","MR-5930","EMDS Call","Medical Emergency","Vomiting","2026/02/01 07:14:50 PM","Rahim Yar Khan"
"75932","Farah Sadaqat","MR-5930","Direct Call","Patient Transfer Service","N/A","2026/02/01 07:21:29 PM","Sadiqabad"
"264880","Muhammad Zubair","DR-894","EMDS Call","Road Crash","Minor Injuries","2026/02/01 07:23:38 PM","Khanpur"
"264881","Muhammad Riaz","DR-654","EMDS Call","Medical Emergency","Unconscious","2026/02/01 07:32:15 PM","Khanpur"
"264882","Farah Sadaqat","MR-5930","EMDS Call","Medical Emergency","Epilepsy","2026/02/01 07:32:36 PM","Sadiqabad"
"264883","Muhammad Zubair","DR-894","EMDS Call","Medical Emergency","Vomiting","2026/02/01 07:40:49 PM","Liaqatpur"
"264884","Muhammad Zubair","DR-894","EMDS Call","Medical Emergency","Epilepsy","2026/02/01 07:49:45 PM","Rahim Yar Khan"
"264885","Muhammad Riaz","DR-654","EMDS Call","Medical Emergency","Abdominal Pain","2026/02/01 07:51:04 PM","Khanpur"
"264886","Farah Sadaqat","MR-5930","EMDS Call","Medical Emergency","Others","2026/02/01 07:51:44 PM","Liaqatpur"
"264887","Farah Sadaqat","MR-5930","EMDS Call","Medical Emergency","Domestic Injuries","2026/02/01 07:56:04 PM","Rahim Yar Khan"
"264888","Muhammad Riaz","DR-654","EMDS Call","Road Crash","Multiple Fractures","2026/02/01 08:08:48 PM","Rahim Yar Khan"
"264889","Muhammad Riaz","DR-654","EMDS Call","Road Crash","Severe Trauma","2026/02/01 08:17:27 PM","Rahim Yar Khan"
"264890","Muhammad Zubair","DR-894","EMDS Call","Medical Emergency","SOB/ Respiratory Distress","2026/02/01 08:20:24 PM","Rahim Yar Khan"
"264891","Sheeza Barkat","MR-5331","EMDS Call","Medical Emergency","SOB/ Respiratory Distress","2026/02/01 08:45:12 PM","Liaqatpur"
"264892","Muhammad ALi","DR-818","EMDS Call","Medical Emergency","Joints Pain","2026/02/01 08:45:50 PM","Rahim Yar Khan"
"264894","Sheeza Barkat","MR-5331","EMDS Call","Medical Emergency","Joints Pain","2026/02/01 08:57:02 PM","Khanpur"
"264893","Saima Bashir","MR-5819","EMDS Call","Medical Emergency","High Fever","2026/02/01 08:55:27 PM","Sadiqabad"
"75933","Muhammad ALi","DR-818","Direct Call","Patient Transfer Service","N/A","2026/02/01 09:19:01 PM","Khanpur"
"264895","Muhammad ALi","DR-818","EMDS Call","Medical Emergency","Renal Disorders / Renal Colic ","2026/02/01 09:22:38 PM","Liaqatpur"
"264896","Sheeza Barkat","MR-5331","EMDS Call","Medical Emergency","Vomiting","2026/02/01 09:24:01 PM","Sadiqabad"
"264897","Muhammad ALi","DR-818","EMDS Call","Medical Emergency","Chronic Illness","2026/02/01 09:27:57 PM","Sadiqabad"
"264898","Sheeza Barkat","MR-5331","EMDS Call","Crime","Bullet Injury","2026/02/01 09:28:39 PM","Khanpur"
"264899","Muhammad ALi","DR-818","EMDS Call","Medical Emergency","Hypertension","2026/02/01 09:32:21 PM","Rahim Yar Khan"
"264900","Sheeza Barkat","MR-5331","EMDS Call","Medical Emergency","Others","2026/02/01 09:32:56 PM","Khanpur"
"75934","Saima Bashir","MR-5819","Direct Call","Patient Transfer Service","N/A","2026/02/01 09:47:56 PM","Sadiqabad"
"264901","Muhammad ALi","DR-818","EMDS Call","Medical Emergency","SOB/ Respiratory Distress","2026/02/01 09:48:12 PM","Rahim Yar Khan"
"264902","Sheeza Barkat","MR-5331","EMDS Call","Rescue Operations","Delivery Case","2026/02/01 09:48:39 PM","Rahim Yar Khan"
"264903","Sheeza Barkat","MR-5331","EMDS Call","Road Crash","Minor Injuries","2026/02/01 09:54:36 PM","Rahim Yar Khan"
"75935","Muhammad ALi","DR-818","Direct Call","Patient Transfer Service","N/A","2026/02/01 09:59:00 PM","Sadiqabad"
"264904","Muhammad ALi","DR-818","EMDS Call","Medical Emergency","Abdominal Pain","2026/02/01 10:03:38 PM","Sadiqabad"
"264905","Muhammad ALi","DR-818","EMDS Call","Road Crash","Minor Injuries","2026/02/01 10:07:30 PM","Sadiqabad"
"264906","Zupasha Zia","MR-5758","EMDS Call","Medical Emergency","Others","2026/02/01 10:10:18 PM","Rahim Yar Khan"
"Not Assigned","Saima Bashir","MR-5819","EMDS Call","Medical Emergency","Others","2026/02/01 10:10:00 PM","Rahim Yar Khan"
"264907","Muhammad ALi","DR-818","EMDS Call","Medical Emergency","Renal Disorders / Renal Colic ","2026/02/01 10:12:26 PM","Liaqatpur"
"264908","Zupasha Zia","MR-5758","EMDS Call","Medical Emergency","High Fever","2026/02/01 10:53:39 PM","Rahim Yar Khan"
"264909","Muhammad Tariq Hameed","DR-885","EMDS Call","Medical Emergency","Others","2026/02/01 10:55:24 PM","Rahim Yar Khan"
"Not Assigned","Zupasha Zia","MR-5758","EMDS Call","Medical Emergency","Chronic Illness","2026/02/01 10:59:34 PM","Rahim Yar Khan"
"264910","Muhammad Tariq Hameed","DR-885","EMDS Call","Medical Emergency","SOB/ Respiratory Distress","2026/02/01 11:06:37 PM","Rahim Yar Khan"
"264911","Muhammad Tariq Hameed","DR-885","EMDS Call","Medical Emergency","Abdominal Pain","2026/02/01 11:12:02 PM","Sadiqabad"
"264912","Zupasha Zia","MR-5758","EMDS Call","Medical Emergency","Others","2026/02/01 11:22:14 PM","Rahim Yar Khan"
"264913","Zupasha Zia","MR-5758","Direct Call","Medical Emergency","Chronic Illness","2026/02/01 11:25:04 PM","Rahim Yar Khan"
"264914","Muhammad Tariq Hameed","DR-885","EMDS Call","Medical Emergency","Others","2026/02/01 11:25:42 PM","Rahim Yar Khan"
"264915","Muhammad Tariq Hameed","DR-885","EMDS Call","Medical Emergency","Others","2026/02/01 11:38:14 PM","Sadiqabad"
"264916","Muhammad Tariq Hameed","DR-885","EMDS Call","Medical Emergency","SOB/ Respiratory Distress","2026/02/01 11:48:48 PM","Khanpur"
"264917","Saima Bashir","MR-5819","EMDS Call","Medical Emergency","SOB/ Respiratory Distress","2026/02/02 12:05:07 AM","Sadiqabad"
"264918","Muhammad Tariq Hameed","DR-885","EMDS Call","Road Crash","Severe Trauma","2026/02/02 12:06:00 AM","Rahim Yar Khan"
"75936","Zupasha Zia","MR-5758","Direct Call","Patient Transfer Service","N/A","2026/02/02 12:16:10 AM","Sadiqabad"
"264919","Saima Bashir","MR-5819","EMDS Call","Medical Emergency","Renal Disorders / Renal Colic ","2026/02/02 12:22:24 AM","Sadiqabad"
"264920","Zupasha Zia","MR-5758","EMDS Call","Road Crash","Minor Injuries","2026/02/02 12:31:05 AM","Rahim Yar Khan"
"264921","Saima Bashir","MR-5819","EMDS Call","Medical Emergency","Others","2026/02/02 12:31:25 AM","Rahim Yar Khan"
"264922","Zupasha Zia","MR-5758","EMDS Call","Road Crash","Minor Injuries","2026/02/02 12:57:06 AM","Rahim Yar Khan"
"75937","Zupasha Zia","MR-5758","Direct Call","Patient Transfer Service","N/A","2026/02/02 01:02:25 AM","Sadiqabad"
"264923","Saima Bashir","MR-5819","EMDS Call","Medical Emergency","Others","2026/02/02 01:11:51 AM","Rahim Yar Khan"
"264924","Zupasha Zia","MR-5758","EMDS Call","Medical Emergency","Vomiting","2026/02/02 01:18:01 AM","Rahim Yar Khan"
"264925","Muhammad Tariq Hameed","DR-885","EMDS Call","Medical Emergency","Unconscious","2026/02/02 01:33:26 AM","Khanpur"
"264926","Saima Bashir","MR-5819","EMDS Call","Medical Emergency","SOB/ Respiratory Distress","2026/02/02 01:41:59 AM","Rahim Yar Khan"
"264927","Muhammad Tariq Hameed","DR-885","EMDS Call","Medical Emergency","Others","2026/02/02 01:45:55 AM","Rahim Yar Khan"
"264928","Muhammad Tariq Hameed","DR-885","EMDS Call","Medical Emergency","Others","2026/02/02 02:03:12 AM","Rahim Yar Khan"
"264929","Zupasha Zia","MR-5758","EMDS Call","Road Crash","Minor Injuries","2026/02/02 02:07:01 AM","Liaqatpur"
"264930","Zupasha Zia","MR-5758","EMDS Call","Medical Emergency","Others","2026/02/02 02:24:38 AM","Rahim Yar Khan"
"264931","Muhammad Tariq Hameed","DR-885","EMDS Call","Medical Emergency","Backache","2026/02/02 02:50:09 AM","Rahim Yar Khan"
"264932","Zupasha Zia","MR-5758","EMDS Call","Medical Emergency","Hypertension","2026/02/02 02:56:36 AM","Rahim Yar Khan"
"264933","Muhammad Tariq Hameed","DR-885","EMDS Call","Medical Emergency","Hypertension","2026/02/02 03:06:19 AM","Liaqatpur"
"264934","Saima Bashir","MR-5819","EMDS Call","Rescue Operations","Delivery Case","2026/02/02 03:15:12 AM","Rahim Yar Khan"
"264935","Muhammad Tariq Hameed","DR-885","EMDS Call","Medical Emergency","SOB/ Respiratory Distress","2026/02/02 03:20:24 AM","Khanpur"
"264936","Zupasha Zia","MR-5758","EMDS Call","Medical Emergency","Chest Pain","2026/02/02 03:21:37 AM","Khanpur"
"264937","Muhammad Tariq Hameed","DR-885","EMDS Call","Medical Emergency","Others","2026/02/02 03:25:04 AM","Rahim Yar Khan"
"264938","Zupasha Zia","MR-5758","EMDS Call","Medical Emergency","Hypertension","2026/02/02 03:25:24 AM","Rahim Yar Khan"
"264939","Sheeza Barkat","MR-5331","EMDS Call","Medical Emergency","Others","2026/02/02 03:59:21 AM","Sadiqabad"
"75938","Muhammad ALi","DR-818","Direct Call","Patient Transfer Service","N/A","2026/02/02 04:04:18 AM","Sadiqabad"
"Not Assigned","Sajid Mehmood","DR-914","EMDS Call","Medical Emergency","Others","2026/02/02 04:09:03 AM","Rahim Yar Khan"
"264941","Muhammad ALi","DR-818","EMDS Call","Medical Emergency","Others","2026/02/02 04:18:32 AM","Rahim Yar Khan"
"264942","Sajid Mehmood","DR-914","EMDS Call","Medical Emergency","Unconscious","2026/02/02 04:25:39 AM","Rahim Yar Khan"
"264943","Muhammad ALi","DR-818","EMDS Call","Medical Emergency","Vomiting","2026/02/02 05:08:03 AM","Khanpur"
"264944","Sheeza Barkat","MR-5331","EMDS Call","Medical Emergency","Vomiting","2026/02/02 05:10:38 AM","Rahim Yar Khan"
"264945","Sajid Mehmood","DR-914","EMDS Call","Medical Emergency","Others","2026/02/02 05:12:18 AM","Rahim Yar Khan"
"264946","Sheeza Barkat","MR-5331","EMDS Call","Medical Emergency","Abdominal Pain","2026/02/02 05:18:14 AM","Rahim Yar Khan"
"264947","Sheeza Barkat","MR-5331","EMDS Call","Medical Emergency","SOB/ Respiratory Distress","2026/02/02 05:56:05 AM","Rahim Yar Khan"
"264948","Muhammad ALi","DR-818","EMDS Call","Medical Emergency","Others","2026/02/02 06:05:17 AM","Rahim Yar Khan"
"264949","Sheeza Barkat","MR-5331","EMDS Call","Medical Emergency","Unconscious","2026/02/02 06:08:31 AM","Rahim Yar Khan"
"264950","Sajid Mehmood","DR-914","EMDS Call","Medical Emergency","Chronic Illness","2026/02/02 06:10:38 AM","Rahim Yar Khan"
"264951","Muhammad ALi","DR-818","EMDS Call","Medical Emergency","SOB/ Respiratory Distress","2026/02/02 06:15:11 AM","Sadiqabad"
"264952","Sheeza Barkat","MR-5331","EMDS Call","Medical Emergency","Chronic Illness","2026/02/02 06:19:55 AM","Rahim Yar Khan"
"264953","Muhammad ALi","DR-818","EMDS Call","Medical Emergency","Others","2026/02/02 06:45:20 AM","Rahim Yar Khan"
"264954","Sajid Mehmood","DR-914","EMDS Call","Medical Emergency","Others","2026/02/02 06:47:18 AM","Rahim Yar Khan"
"264955","Muhammad ALi","DR-818","EMDS Call","Medical Emergency","SOB/ Respiratory Distress","2026/02/02 07:33:03 AM","Khanpur"
"264956","Sheeza Barkat","MR-5331","EMDS Call","Medical Emergency","Others","2026/02/02 07:33:53 AM","Rahim Yar Khan"
"264957","Muhammad ALi","DR-818","EMDS Call","Medical Emergency","Diabetic","2026/02/02 07:39:56 AM","Rahim Yar Khan"
"264958","Aasia Batool","MR-5198","EMDS Call","Medical Emergency","Unconscious","2026/02/02 08:13:26 AM","Rahim Yar Khan"
"264959","Farah Sadaqat","MR-5930","Direct Call","Rescue Operations","Mass Event Coverage","2026/02/02 08:27:05 AM","Sadiqabad"
"264960","Muhammad Fiaz","DR-206","EMDS Call","Road Crash","Bleeding","2026/02/02 08:30:33 AM","Sadiqabad"
"264961","Aasia Batool","MR-5198","EMDS Call","Medical Emergency","Others","2026/02/02 08:32:04 AM","Rahim Yar Khan"
"264962","Muhammad Fiaz","DR-206","EMDS Call","Medical Emergency","Others","2026/02/02 08:35:18 AM","Rahim Yar Khan"
"264963","Muhammad Rashid Saleem","DR-187","EMDS Call","Medical Emergency","Others","2026/02/02 08:36:04 AM","Rahim Yar Khan"
"264964","Farah Sadaqat","MR-5930","EMDS Call","Medical Emergency","SOB/ Respiratory Distress","2026/02/02 08:37:48 AM","Liaqatpur"
"264965","Muhammad Rashid Saleem","DR-187","EMDS Call","Medical Emergency","SOB/ Respiratory Distress","2026/02/02 08:54:18 AM","Sadiqabad"
"264966","Farah Sadaqat","MR-5930","EMDS Call","Road Crash","Bleeding","2026/02/02 09:00:47 AM","Sadiqabad"
"264966","Farah Sadaqat","MR-5930","EMDS Call","Road Crash","Bleeding","2026/02/02 09:00:47 AM","Sadiqabad"
"264967","Aasia Batool","MR-5198","EMDS Call","Medical Emergency","Hypertension","2026/02/02 09:01:38 AM","Khanpur"
"264968","Muhammad Rashid Saleem","DR-187","Direct Call","Rescue Operations","Mass Event Coverage","2026/02/02 09:02:29 AM","Rahim Yar Khan"
"264969","Muhammad Fiaz","DR-206","EMDS Call","Medical Emergency","Chronic Illness","2026/02/02 09:05:43 AM","Khanpur"
"264970","Muhammad Fiaz","DR-206","EMDS Call","Medical Emergency","Vomiting","2026/02/02 09:10:48 AM","Khanpur"
"264971","Farah Sadaqat","MR-5930","Direct Call","Medical Emergency","Others","2026/02/02 09:14:23 AM","Rahim Yar Khan"
"264972","Aasia Batool","MR-5198","EMDS Call","Medical Emergency","Vomiting","2026/02/02 09:21:24 AM","Rahim Yar Khan"
"264973","Shahid Jamil","DR-184","Direct Call","Rescue Operations","Mass Event Coverage","2026/02/02 09:25:39 AM","Sadiqabad"
"264974","Farah Sadaqat","MR-5930","EMDS Call","Road Crash","Minor Injuries","2026/02/02 09:31:33 AM","Sadiqabad"
"264975","Aasia Batool","MR-5198","EMDS Call","Medical Emergency","Hypertension","2026/02/02 09:32:23 AM","Khanpur"
"264976","Shahid Jamil","DR-184","EMDS Call","Medical Emergency","Abdominal Pain","2026/02/02 09:39:30 AM","Khanpur"
"264977","Farah Sadaqat","MR-5930","EMDS Call","Medical Emergency","High Fever","2026/02/02 09:45:05 AM","Rahim Yar Khan"
"264978","Shahid Jamil","DR-184","EMDS Call","Road Crash","Bleeding","2026/02/02 09:54:18 AM","Sadiqabad"
"264980","Shahid Jamil","DR-184","EMDS Call","Medical Emergency","Renal Disorders / Renal Colic ","2026/02/02 10:00:36 AM","Rahim Yar Khan"
"264979","Farah Sadaqat","MR-5930","EMDS Call","Road Crash","Minor Injuries","2026/02/02 10:01:27 AM","Rahim Yar Khan"
"264982","Aasia Batool","MR-5198","EMDS Call","Medical Emergency","Chronic Illness","2026/02/02 10:07:07 AM","Rahim Yar Khan"
"264981","Shahid Jamil","DR-184","EMDS Call","Medical Emergency","Backache","2026/02/02 10:08:07 AM","Rahim Yar Khan"
"75939","Farah Sadaqat","MR-5930","Direct Call","Patient Transfer Service","N/A","2026/02/02 10:11:30 AM","Khanpur"
"264983","Farah Sadaqat","MR-5930","EMDS Call","Medical Emergency","SOB/ Respiratory Distress","2026/02/02 10:12:37 AM","Sadiqabad"
"75940","Farah Sadaqat","MR-5930","Direct Call","Patient Transfer Service","N/A","2026/02/02 10:16:04 AM","Khanpur"
"264984","Farah Sadaqat","MR-5930","EMDS Call","Medical Emergency","Abdominal Pain","2026/02/02 10:19:41 AM","Rahim Yar Khan"
"264985","Farah Sadaqat","MR-5930","EMDS Call","Medical Emergency","Others","2026/02/02 10:31:16 AM","Rahim Yar Khan"
"264986","Aasia Batool","MR-5198","EMDS Call","Medical Emergency","Renal Disorders / Renal Colic ","2026/02/02 10:32:50 AM","Liaqatpur"
"75941","Farah Sadaqat","MR-5930","Direct Call","Patient Transfer Service","N/A","2026/02/02 10:57:55 AM","Khanpur"
"264987","Muhammad Fiaz","DR-206","EMDS Call","Medical Emergency","Vomiting","2026/02/02 11:04:01 AM","Rahim Yar Khan"
"264988","Farah Sadaqat","MR-5930","EMDS Call","Medical Emergency","SOB/ Respiratory Distress","2026/02/02 11:06:44 AM","Rahim Yar Khan"
"264989","Shahla Nawaz","DR-185","EMDS Call","Medical Emergency","Chronic Illness","2026/02/02 11:13:26 AM","Rahim Yar Khan"
"264990","Muhammad Fiaz","DR-206","EMDS Call","Medical Emergency","Diabetic","2026/02/02 11:17:08 AM","Khanpur"
"264991","Muhammad Rashid Saleem","DR-187","EMDS Call","Medical Emergency","Others","2026/02/02 11:22:47 AM","Rahim Yar Khan"
"264992","Muhammad Rashid Saleem","DR-187","EMDS Call","Medical Emergency","Chronic Illness","2026/02/02 11:25:41 AM","Rahim Yar Khan"
"264993","Muhammad Fiaz","DR-206","EMDS Call","Rescue Operations","Delivery Case","2026/02/02 11:27:08 AM","Liaqatpur"
"264994","Farah Sadaqat","MR-5930","EMDS Call","Medical Emergency","Hypertension","2026/02/02 11:25:15 AM","Sadiqabad"
"264995","Farah Sadaqat","MR-5930","EMDS Call","Medical Emergency","Chest Pain","2026/02/02 11:35:32 AM","Khanpur"
"264996","Farah Sadaqat","MR-5930","EMDS Call","Rescue Operations","Animal/Bird Rescue","2026/02/02 11:41:23 AM","Rahim Yar Khan"
"264998","Shahla Nawaz","DR-185","EMDS Call","Medical Emergency","Vomiting","2026/02/02 11:47:07 AM","Rahim Yar Khan"
"264997","Muhammad Fiaz","DR-206","EMDS Call","Medical Emergency","SOB/ Respiratory Distress","2026/02/02 11:53:24 AM","Sadiqabad"
"75942","Muhammad Fiaz","DR-206","Direct Call","Patient Transfer Service","N/A","2026/02/02 11:57:22 AM","Sadiqabad"
"264999","Aasia Batool","MR-5198","EMDS Call","Medical Emergency","SOB/ Respiratory Distress","2026/02/02 11:56:15 AM","Rahim Yar Khan"
"265000","Shahla Nawaz","DR-185","EMDS Call","Rescue Operations","Snake Emergency","2026/02/02 12:03:28 PM","Khanpur"
"265001","Muhammad Fiaz","DR-206","EMDS Call","Medical Emergency","Unconscious","2026/02/02 12:07:42 PM","Liaqatpur"
"265002","Aasia Batool","MR-5198","EMDS Call","Medical Emergency","Vomiting","2026/02/02 12:09:50 PM","Khanpur"
"265003","Aasia Batool","MR-5198","EMDS Call","Medical Emergency","Unconscious","2026/02/02 12:13:31 PM","Rahim Yar Khan"
"75943","Muhammad Fiaz","DR-206","Direct Call","Patient Transfer Service","N/A","2026/02/02 12:18:37 PM","Sadiqabad"
"265004","Muhammad Fiaz","DR-206","EMDS Call","Medical Emergency","SOB/ Respiratory Distress","2026/02/02 12:26:20 PM","Khanpur"
"265005","Shahla Nawaz","DR-185","EMDS Call","Medical Emergency","SOB/ Respiratory Distress","2026/02/02 12:27:47 PM","Liaqatpur"
"75944","Shahla Nawaz","DR-185","Direct Call","Patient Transfer Service","N/A","2026/02/02 12:41:10 PM","Sadiqabad"
"265006","Shahla Nawaz","DR-185","EMDS Call","Road Crash","Minor Injuries","2026/02/02 12:44:23 PM","Rahim Yar Khan"
"265008","Aasia Batool","MR-5198","EMDS Call","Medical Emergency","SOB/ Respiratory Distress","2026/02/02 12:45:50 PM","Khanpur"
"265007","Shahla Nawaz","DR-185","Direct Call","Medical Emergency","Chronic Illness","2026/02/02 12:47:37 PM","Rahim Yar Khan"
"265009","Aasia Batool","MR-5198","EMDS Call","Medical Emergency","Hypertension","2026/02/02 12:54:25 PM","Rahim Yar Khan"
"265010","Muhammad Fiaz","DR-206","EMDS Call","Medical Emergency","Unconscious","2026/02/02 12:56:35 PM","Rahim Yar Khan"
"265011","Muhammad Fiaz","DR-206","EMDS Call","Medical Emergency","Hypertension","2026/02/02 12:59:36 PM","Liaqatpur"
"265012","Aasia Batool","MR-5198","EMDS Call","Road Crash","Bleeding","2026/02/02 01:00:12 PM","Sadiqabad"
"265013","Shahla Nawaz","DR-185","EMDS Call","Rescue Operations","Delivery Case","2026/02/02 01:17:49 PM","Sadiqabad"
"265014","Muhammad Fiaz","DR-206","EMDS Call","Medical Emergency","Others","2026/02/02 01:21:12 PM","Rahim Yar Khan"
"265015","Muhammad Fiaz","DR-206","EMDS Call","Road Crash","Minor Injuries","2026/02/02 01:24:24 PM","Rahim Yar Khan"
"265016","Shahla Nawaz","DR-185","EMDS Call","Medical Emergency","SOB/ Respiratory Distress","2026/02/02 01:30:50 PM","Sadiqabad"
"265017","Aasia Batool","MR-5198","EMDS Call","Medical Emergency","Vomiting","2026/02/02 01:32:33 PM","Rahim Yar Khan"
"265019","Shahla Nawaz","DR-185","EMDS Call","Medical Emergency","Others","2026/02/02 01:34:09 PM","Rahim Yar Khan"
"265018","Muhammad Fiaz","DR-206","EMDS Call","Medical Emergency","Abdominal Pain","2026/02/02 01:35:28 PM","Liaqatpur"
"265020","Aasia Batool","MR-5198","Direct Call","Medical Emergency","Chronic Illness","2026/02/02 01:44:53 PM","Rahim Yar Khan"
"265021","Muhammad Fiaz","DR-206","Direct Call","Medical Emergency","SOB/ Respiratory Distress","2026/02/02 01:44:54 PM","Sadiqabad"
"265022","Muhammad Fiaz","DR-206","EMDS Call","Road Crash","Bleeding","2026/02/02 01:50:38 PM","Rahim Yar Khan"
"265023","Shahla Nawaz","DR-185","EMDS Call","Road Crash","Bleeding","2026/02/02 01:50:41 PM","Liaqatpur"
"265025","Shahla Nawaz","DR-185","EMDS Call","Road Crash","Bleeding","2026/02/02 01:56:33 PM","Rahim Yar Khan"
"265024","Muhammad Fiaz","DR-206","EMDS Call","Fire","Others","2026/02/02 01:57:58 PM","Liaqatpur"
"265026","Aasia Batool","MR-5198","EMDS Call","Medical Emergency","Renal Disorders / Renal Colic ","2026/02/02 02:04:43 PM","Rahim Yar Khan"
"265027","Muhammad Fiaz","DR-206","EMDS Call","Medical Emergency","Vomiting","2026/02/02 02:12:14 PM","Sadiqabad"
"75945","Muhammad Fiaz","DR-206","Direct Call","Patient Transfer Service","N/A","2026/02/02 02:14:27 PM","Liaqatpur"
"265028","Bushra Saleem","MR-5701","EMDS Call","Medical Emergency","Abdominal Pain","2026/02/02 02:24:03 PM","Rahim Yar Khan"
"265029","Bushra Saleem","MR-5701","EMDS Call","Medical Emergency","Chest Pain","2026/02/02 02:39:58 PM","Sadiqabad"
"265030","Faiz Muhyy Ul Din","DR-892","EMDS Call","Road Crash","Minor Injuries","2026/02/02 02:44:29 PM","Sadiqabad"
"265031","Faiz Muhyy Ul Din","DR-892","EMDS Call","Medical Emergency","Chronic Illness","2026/02/02 02:46:50 PM","Rahim Yar Khan"
"265032","Shaheen Islam","DR-1171","EMDS Call","Rescue Operations","Others","2026/02/02 02:50:41 PM","Khanpur"
"75946","Bushra Saleem","MR-5701","Direct Call","Patient Transfer Service","N/A","2026/02/02 02:57:08 PM","Sadiqabad"
"265034","Shaheen Islam","DR-1171","EMDS Call","Road Crash","Minor Injuries","2026/02/02 02:58:48 PM","Sadiqabad"
"265033","Bushra Saleem","MR-5701","EMDS Call","Medical Emergency","Diabetic","2026/02/02 02:59:59 PM","Rahim Yar Khan"
"75947","Faiz Muhyy Ul Din","DR-892","Direct Call","Patient Transfer Service","N/A","2026/02/02 03:03:07 PM","Khanpur"
"265035","Shaheen Islam","DR-1171","EMDS Call","Medical Emergency","Others","2026/02/02 03:04:04 PM","Rahim Yar Khan"
"75948","Saira Bibi","MR-5494","Direct Call","Patient Transfer Service","N/A","2026/02/02 03:12:16 PM","Sadiqabad"
"265036","Shaheen Islam","DR-1171","EMDS Call","Medical Emergency","Chronic Illness","2026/02/02 03:15:02 PM","Rahim Yar Khan"
"265037","Faiz Muhyy Ul Din","DR-892","EMDS Call","Road Crash","Minor Injuries","2026/02/02 03:20:30 PM","Rahim Yar Khan"
"265038","Saira Bibi","MR-5494","Direct Call","Rescue Operations","Work/Occupational Injuries","2026/02/02 03:31:38 PM","Rahim Yar Khan"
"265039","Bushra Saleem","MR-5701","EMDS Call","Medical Emergency","Others","2026/02/02 03:42:49 PM","Rahim Yar Khan"
"265040","Faiz Muhyy Ul Din","DR-892","EMDS Call","Medical Emergency","Vomiting","2026/02/02 03:45:59 PM","Rahim Yar Khan"
"75949","Saira Bibi","MR-5494","Direct Call","Patient Transfer Service","N/A","2026/02/02 03:51:03 PM","Sadiqabad"
"265041","Faiz Muhyy Ul Din","DR-892","Direct Call","Medical Emergency","Others","2026/02/02 03:51:02 PM","Rahim Yar Khan"
"265042","Faiz Muhyy Ul Din","DR-892","EMDS Call","Road Crash","Minor Injuries","2026/02/02 03:56:42 PM","Rahim Yar Khan"
"265043","Saira Bibi","MR-5494","EMDS Call","Medical Emergency","Chronic Illness","2026/02/02 03:57:20 PM","Khanpur"
"265045","Shaheen Islam","DR-1171","EMDS Call","Medical Emergency","Others","2026/02/02 03:57:03 PM","Sadiqabad"
"265044","Saira Bibi","MR-5494","EMDS Call","Medical Emergency","SOB/ Respiratory Distress","2026/02/02 04:03:14 PM","Khanpur"
"265046","Bushra Saleem","MR-5701","EMDS Call","Medical Emergency","Abdominal Pain","2026/02/02 04:10:46 PM","Khanpur"
"265047","Faiz Muhyy Ul Din","DR-892","EMDS Call","Medical Emergency","SOB/ Respiratory Distress","2026/02/02 04:16:11 PM","Rahim Yar Khan"
"265048","Shaheen Islam","DR-1171","EMDS Call","Road Crash","Severe Trauma","2026/02/02 04:20:26 PM","Khanpur"
"265048","Shaheen Islam","DR-1171","EMDS Call","Road Crash","Severe Trauma","2026/02/02 04:20:26 PM","Khanpur"
"265048","Shaheen Islam","DR-1171","EMDS Call","Road Crash","Severe Trauma","2026/02/02 04:20:26 PM","Khanpur"
"265048","Shaheen Islam","DR-1171","EMDS Call","Road Crash","Severe Trauma","2026/02/02 04:20:26 PM","Khanpur"
"265048","Shaheen Islam","DR-1171","EMDS Call","Road Crash","Severe Trauma","2026/02/02 04:20:26 PM","Khanpur"
"265049","Saira Bibi","MR-5494","EMDS Call","Medical Emergency","Domestic Injuries","2026/02/02 04:21:39 PM","Rahim Yar Khan"
"265050","Saira Bibi","MR-5494","EMDS Call","Medical Emergency","Others","2026/02/02 04:29:36 PM","Rahim Yar Khan"
"265051","Bushra Saleem","MR-5701","EMDS Call","Medical Emergency","Unconscious","2026/02/02 04:28:45 PM","Rahim Yar Khan"
"265052","Faiz Muhyy Ul Din","DR-892","EMDS Call","Road Crash","Minor Injuries","2026/02/02 04:42:13 PM","Sadiqabad"
"265053","Saira Bibi","MR-5494","EMDS Call","Medical Emergency","Chronic Illness","2026/02/02 04:44:52 PM","Khanpur"
"265054","Faiz Muhyy Ul Din","DR-892","EMDS Call","Medical Emergency","Others","2026/02/02 04:47:59 PM","Rahim Yar Khan"
"265056","Saira Bibi","MR-5494","EMDS Call","Medical Emergency","SOB/ Respiratory Distress","2026/02/02 04:59:57 PM","Rahim Yar Khan"
"265055","Bushra Saleem","MR-5701","EMDS Call","Medical Emergency","Abdominal Pain","2026/02/02 04:58:39 PM","Sadiqabad"
"265057","Faiz Muhyy Ul Din","DR-892","EMDS Call","Medical Emergency","High Fever","2026/02/02 05:01:17 PM","Sadiqabad"
"265058","Bushra Saleem","MR-5701","EMDS Call","Crime","Physical Assault/Violence","2026/02/02 05:04:42 PM","Khanpur"
"265059","Saira Bibi","MR-5494","EMDS Call","Medical Emergency","Hypertension","2026/02/02 05:17:18 PM","Sadiqabad"
"265061","Saira Bibi","MR-5494","EMDS Call","Medical Emergency","CVA/Stroke","2026/02/02 05:29:34 PM","Rahim Yar Khan"
"75950","Saira Bibi","MR-5494","Direct Call","Patient Transfer Service","N/A","2026/02/02 05:36:42 PM","Khanpur"
"265060","Bushra Saleem","MR-5701","EMDS Call","Medical Emergency","Vomiting","2026/02/02 05:34:14 PM","Sadiqabad"
"265062","Saira Bibi","MR-5494","EMDS Call","Rescue Operations","Scalds/Burn Due To Negligence","2026/02/02 05:36:54 PM","Khanpur"
"265063","Saira Bibi","MR-5494","EMDS Call","Medical Emergency","Vomiting","2026/02/02 05:39:05 PM","Rahim Yar Khan"
"265064","Bushra Saleem","MR-5701","EMDS Call","Medical Emergency","High Fever","2026/02/02 05:38:32 PM","Sadiqabad"
"265065","Bushra Saleem","MR-5701","EMDS Call","Medical Emergency","Diarrhea","2026/02/02 05:42:23 PM","Rahim Yar Khan"
"265066","Faiz Muhyy Ul Din","DR-892","EMDS Call","Medical Emergency","Domestic Injuries","2026/02/02 05:46:49 PM","Rahim Yar Khan"
"265067","Bushra Saleem","MR-5701","EMDS Call","Medical Emergency","High Fever","2026/02/02 05:55:51 PM","Rahim Yar Khan"
"265068","Faiz Muhyy Ul Din","DR-892","EMDS Call","Medical Emergency","Hypertension","2026/02/02 05:57:49 PM","Khanpur"
"265069","Bushra Saleem","MR-5701","EMDS Call","Road Crash","Severe Trauma","2026/02/02 06:00:40 PM","Khanpur"
"75951","Faiz Muhyy Ul Din","DR-892","Direct Call","Patient Transfer Service","N/A","2026/02/02 06:08:35 PM","Sadiqabad"
"265070","Faiz Muhyy Ul Din","DR-892","EMDS Call","Medical Emergency","Others","2026/02/02 06:17:50 PM","Rahim Yar Khan"
"265071","Bushra Saleem","MR-5701","EMDS Call","Medical Emergency","Vomiting","2026/02/02 06:18:39 PM","Rahim Yar Khan"
"265072","Faiz Muhyy Ul Din","DR-892","EMDS Call","Road Crash","Minor Injuries","2026/02/02 06:20:44 PM","Rahim Yar Khan"
"265073","Bushra Saleem","MR-5701","EMDS Call","Medical Emergency","High Fever","2026/02/02 06:23:06 PM","Liaqatpur"
"265074","Saira Bibi","MR-5494","EMDS Call","Medical Emergency","Others","2026/02/02 06:24:42 PM","Liaqatpur"
"265075","Saira Bibi","MR-5494","EMDS Call","Medical Emergency","Domestic Injuries","2026/02/02 06:27:14 PM","Khanpur"
"265076","Faiz Muhyy Ul Din","DR-892","EMDS Call","Medical Emergency","Others","2026/02/02 06:31:14 PM","Rahim Yar Khan"
"265077","Faiz Muhyy Ul Din","DR-892","EMDS Call","Fire","Others","2026/02/02 06:40:28 PM","Khanpur"
"265078","Saira Bibi","MR-5494","EMDS Call","Medical Emergency","Others","2026/02/02 06:42:45 PM","Sadiqabad"
"265079","Saira Bibi","MR-5494","EMDS Call","Medical Emergency","Others","2026/02/02 06:46:52 PM","Liaqatpur"
"265080","Faiz Muhyy Ul Din","DR-892","EMDS Call","Road Crash","Bleeding","2026/02/02 06:50:17 PM","Khanpur"
"75952","Saira Bibi","MR-5494","Direct Call","Patient Transfer Service","N/A","2026/02/02 06:54:16 PM","Khanpur"
"265082","Faiz Muhyy Ul Din","DR-892","EMDS Call","Road Crash","Bleeding","2026/02/02 06:51:59 PM","Liaqatpur"
"265081","Saira Bibi","MR-5494","EMDS Call","Road Crash","Multiple Fractures","2026/02/02 06:55:37 PM","Rahim Yar Khan"
"75953","Saira Bibi","MR-5494","Direct Call","Patient Transfer Service","N/A","2026/02/02 06:58:28 PM","Khanpur"
"75954","Faiz Muhyy Ul Din","DR-892","Direct Call","Patient Transfer Service","N/A","2026/02/02 07:10:05 PM","Sadiqabad"
"265083","Faiz Muhyy Ul Din","DR-892","EMDS Call","Medical Emergency","Hypertension","2026/02/02 07:15:53 PM","Sadiqabad"
"265084","Bushra Saleem","MR-5701","EMDS Call","Medical Emergency","Others","2026/02/02 07:16:00 PM","Rahim Yar Khan"
"265085","Faiz Muhyy Ul Din","DR-892","EMDS Call","Medical Emergency","SOB/ Respiratory Distress","2026/02/02 07:24:41 PM","Sadiqabad"
"265087","Saira Bibi","MR-5494","EMDS Call","Medical Emergency","Chest Pain","2026/02/02 07:29:50 PM","Khanpur"
"265086","Bushra Saleem","MR-5701","EMDS Call","Medical Emergency","Chest Pain","2026/02/02 07:32:34 PM","Rahim Yar Khan"
"265088","Faiz Muhyy Ul Din","DR-892","EMDS Call","Road Crash","Severe Trauma","2026/02/02 07:34:34 PM","Liaqatpur"
"265089","Bushra Saleem","MR-5701","EMDS Call","Road Crash","Minor Injuries","2026/02/02 07:37:58 PM","Rahim Yar Khan"
"Not Assigned","Faiz Muhyy Ul Din","DR-892","EMDS Call","Road Crash","Bleeding","2026/02/02 07:38:37 PM","Khanpur"
"265091","Faiz Muhyy Ul Din","DR-892","EMDS Call","Medical Emergency","Others","2026/02/02 07:48:01 PM","Rahim Yar Khan"
"265092","Saira Bibi","MR-5494","EMDS Call","Medical Emergency","Hypertension","2026/02/02 07:58:33 PM","Rahim Yar Khan"
"265093","Bushra Saleem","MR-5701","EMDS Call","Medical Emergency","Others","2026/02/02 08:01:53 PM","Rahim Yar Khan"
"265094","Saira Bibi","MR-5494","EMDS Call","Road Crash","Bleeding","2026/02/02 08:03:00 PM","Rahim Yar Khan"
"265095","Bushra Saleem","MR-5701","EMDS Call","Road Crash","Minor Injuries","2026/02/02 08:12:25 PM","Rahim Yar Khan"
"265095","Bushra Saleem","MR-5701","EMDS Call","Road Crash","Minor Injuries","2026/02/02 08:12:25 PM","Rahim Yar Khan"
"265096","Bushra Saleem","MR-5701","EMDS Call","Medical Emergency","Others","2026/02/02 08:21:19 PM","Rahim Yar Khan"
"75955","Faiz Muhyy Ul Din","DR-892","Direct Call","Patient Transfer Service","N/A","2026/02/02 08:25:11 PM","Sadiqabad"
"75956","Faiz Muhyy Ul Din","DR-892","Direct Call","Patient Transfer Service","N/A","2026/02/02 08:32:28 PM","Sadiqabad"
"265097","Faiz Muhyy Ul Din","DR-892","EMDS Call","Road Crash","Minor Injuries","2026/02/02 08:39:10 PM","Rahim Yar Khan"
"265098","Bushra Saleem","MR-5701","EMDS Call","Medical Emergency","Abdominal Pain","2026/02/02 08:40:09 PM","Khanpur"
"265099","Muhammad ALi","DR-818","EMDS Call","Road Crash","Severe Trauma","2026/02/02 08:42:51 PM","Rahim Yar Khan"
"265100","Sheeza Barkat","MR-5331","EMDS Call","Medical Emergency","Vomiting","2026/02/02 08:47:49 PM","Rahim Yar Khan"
"75957","Sheeza Barkat","MR-5331","Direct Call","Patient Transfer Service","N/A","2026/02/02 08:51:34 PM","Liaqatpur"
"265102","Sheeza Barkat","MR-5331","EMDS Call","Rescue Operations","Work/Occupational Injuries","2026/02/02 08:54:45 PM","Liaqatpur"
"265101","Nida Rahat","DR-1322","EMDS Call","Medical Emergency","Others","2026/02/02 08:54:45 PM","Rahim Yar Khan"
"75958","Sheeza Barkat","MR-5331","Direct Call","Patient Transfer Service","N/A","2026/02/02 09:01:15 PM","Sadiqabad"
"265103","Fahad Hussain","DR-538","EMDS Call","Medical Emergency","Others","2026/02/02 09:06:46 PM","Rahim Yar Khan"
"265104","Muhammad ALi","DR-818","EMDS Call","Medical Emergency","Diarrhea","2026/02/02 09:07:02 PM","Rahim Yar Khan"
"75959","Sheeza Barkat","MR-5331","Direct Call","Patient Transfer Service","N/A","2026/02/02 09:10:07 PM","Sadiqabad"
"75960","Farhad Iftikhar","DR-913","Direct Call","Patient Transfer Service","N/A","2026/02/02 09:14:50 PM","Liaqatpur"
"265105","Fahad Hussain","DR-538","EMDS Call","Medical Emergency","Others","2026/02/02 09:20:35 PM","Sadiqabad"
"265106","Sheeza Barkat","MR-5331","EMDS Call","Road Crash","Bleeding","2026/02/02 09:31:06 PM","Sadiqabad"
"265107","Sheeza Barkat","MR-5331","EMDS Call","Medical Emergency","CVA/Stroke","2026/02/02 09:34:57 PM","Khanpur"
"265108","Fahad Hussain","DR-538","EMDS Call","Fall","Slipped On Floor","2026/02/02 09:38:04 PM","Rahim Yar Khan"
"75961","Farhad Iftikhar","DR-913","Direct Call","Patient Transfer Service","N/A","2026/02/02 09:46:57 PM","Khanpur"
"265109","Nida Rahat","DR-1322","EMDS Call","Medical Emergency","Chest Pain","2026/02/02 09:52:45 PM","Rahim Yar Khan"
"265110","Fahad Hussain","DR-538","EMDS Call","Medical Emergency","Vomiting","2026/02/02 09:55:59 PM","Rahim Yar Khan"
"265112","Sheeza Barkat","MR-5331","EMDS Call","Medical Emergency","Others","2026/02/02 10:00:52 PM","Rahim Yar Khan"
"265111","Nida Rahat","DR-1322","EMDS Call","Medical Emergency","SOB/ Respiratory Distress","2026/02/02 10:01:12 PM","Rahim Yar Khan"
"265113","Farhad Iftikhar","DR-913","EMDS Call","Medical Emergency","Hypertension","2026/02/02 10:06:08 PM","Rahim Yar Khan"
"265114","Nida Rahat","DR-1322","Direct Call","Medical Emergency","Others","2026/02/02 10:08:02 PM","Rahim Yar Khan"
"265115","Sheeza Barkat","MR-5331","EMDS Call","Medical Emergency","SOB/ Respiratory Distress","2026/02/02 10:08:07 PM","Rahim Yar Khan"
"265116","Farhad Iftikhar","DR-913","EMDS Call","Medical Emergency","SOB/ Respiratory Distress","2026/02/02 10:30:33 PM","Liaqatpur"
"265117","Sheeza Barkat","MR-5331","EMDS Call","Road Crash","Severe Trauma","2026/02/02 10:32:06 PM","Khanpur"
"265118","Nida Rahat","DR-1322","EMDS Call","Medical Emergency","Others","2026/02/02 10:34:28 PM","Rahim Yar Khan"
"75962","Farhad Iftikhar","DR-913","Direct Call","Patient Transfer Service","N/A","2026/02/02 10:38:34 PM","Sadiqabad"
"265119","Farhad Iftikhar","DR-913","Direct Call","Medical Emergency","Others","2026/02/02 10:40:26 PM","Rahim Yar Khan"
"265120","Saima Bashir","MR-5819","EMDS Call","Medical Emergency","Others","2026/02/02 10:53:25 PM","Rahim Yar Khan"
"75963","Nida Rahat","DR-1322","Direct Call","Patient Transfer Service","N/A","2026/02/02 11:06:43 PM","Liaqatpur"
"265121","Saima Bashir","MR-5819","EMDS Call","Medical Emergency","SOB/ Respiratory Distress","2026/02/02 11:18:06 PM","Rahim Yar Khan"
"265122","Nida Rahat","DR-1322","EMDS Call","Rescue Operations","Delivery Case","2026/02/02 11:19:45 PM","Khanpur"
"265123","Nida Rahat","DR-1322","EMDS Call","Medical Emergency","CVA/Stroke","2026/02/02 11:41:29 PM","Rahim Yar Khan"
"265124","Saima Bashir","MR-5819","EMDS Call","Medical Emergency","Joints Pain","2026/02/02 11:59:03 PM","Rahim Yar Khan"
"75964","Farhad Iftikhar","DR-913","Direct Call","Patient Transfer Service","N/A","2026/02/03 12:01:16 AM","Sadiqabad"
"75965","Farhad Iftikhar","DR-913","Direct Call","Patient Transfer Service","N/A","2026/02/03 12:05:50 AM","Khanpur"
"265125","Saima Bashir","MR-5819","EMDS Call","Medical Emergency","Abdominal Pain","2026/02/03 12:04:37 AM","Khanpur"
"75966","Farhad Iftikhar","DR-913","Direct Call","Patient Transfer Service","N/A","2026/02/03 12:07:59 AM","Khanpur"
"75967","Farhad Iftikhar","DR-913","Direct Call","Patient Transfer Service","N/A","2026/02/03 12:10:59 AM","Sadiqabad"
"265126","Nida Rahat","DR-1322","EMDS Call","Medical Emergency","Others","2026/02/03 12:28:18 AM","Rahim Yar Khan"
"265127","Saima Bashir","MR-5819","EMDS Call","Medical Emergency","Abdominal Pain","2026/02/03 12:33:29 AM","Khanpur"
"265128","Nida Rahat","DR-1322","EMDS Call","Medical Emergency","Renal Disorders / Renal Colic ","2026/02/03 12:48:28 AM","Liaqatpur"
"265129","Farhad Iftikhar","DR-913","EMDS Call","Medical Emergency","Hypertension","2026/02/03 12:54:57 AM","Rahim Yar Khan"
"265131","Farhad Iftikhar","DR-913","EMDS Call","Medical Emergency","Abdominal Pain","2026/02/03 01:01:55 AM","Sadiqabad"
"265130","Nida Rahat","DR-1322","EMDS Call","Fall","Slipped On Floor","2026/02/03 01:00:43 AM","Rahim Yar Khan"
"75968","Saima Bashir","MR-5819","Direct Call","Patient Transfer Service","N/A","2026/02/03 01:02:50 AM","Rahim Yar Khan"
"265132","Farhad Iftikhar","DR-913","EMDS Call","Medical Emergency","Unconscious","2026/02/03 01:06:06 AM","Rahim Yar Khan"
"265133","Nida Rahat","DR-1322","EMDS Call","Medical Emergency","Hypertension","2026/02/03 01:09:56 AM","Rahim Yar Khan"
"265134","Saima Bashir","MR-5819","EMDS Call","Medical Emergency","Backache","2026/02/03 01:13:43 AM","Sadiqabad"
"75969","Nida Rahat","DR-1322","Direct Call","Patient Transfer Service","N/A","2026/02/03 01:23:47 AM","Sadiqabad"
"265135","Saima Bashir","MR-5819","EMDS Call","Medical Emergency","Hypertension","2026/02/03 01:38:25 AM","Rahim Yar Khan"
"265136","Nida Rahat","DR-1322","EMDS Call","Medical Emergency","Others","2026/02/03 01:52:03 AM","Rahim Yar Khan"
"265137","Saima Bashir","MR-5819","EMDS Call","Medical Emergency","Abdominal Pain","2026/02/03 01:56:18 AM","Rahim Yar Khan"
"265138","Saima Bashir","MR-5819","EMDS Call","Medical Emergency","Chronic Illness","2026/02/03 02:13:36 AM","Rahim Yar Khan"
"265139","Nida Rahat","DR-1322","EMDS Call","Medical Emergency","SOB/ Respiratory Distress","2026/02/03 02:24:46 AM","Rahim Yar Khan"
"265140","Saima Bashir","MR-5819","EMDS Call","Medical Emergency","Abdominal Pain","2026/02/03 02:36:54 AM","Sadiqabad"
"265141","Nida Rahat","DR-1322","EMDS Call","Rescue Operations","Delivery Case","2026/02/03 02:46:44 AM","Khanpur"
"265142","Fahad Hussain","DR-538","EMDS Call","Medical Emergency","Others","2026/02/03 03:26:21 AM","Sadiqabad"
"265143","Sheeza Barkat","MR-5331","EMDS Call","Medical Emergency","Chronic Illness","2026/02/03 03:29:10 AM","Sadiqabad"
"265144","Sheeza Barkat","MR-5331","EMDS Call","Medical Emergency","Abdominal Pain","2026/02/03 03:49:48 AM","Khanpur"
"265145","Muhammad ALi","DR-818","EMDS Call","Medical Emergency","Joints Pain","2026/02/03 04:04:09 AM","Sadiqabad"
"265146","Sheeza Barkat","MR-5331","EMDS Call","Rescue Operations","Delivery Case","2026/02/03 04:10:13 AM","Rahim Yar Khan"
"265147","Zia ul Haq","DR-328","EMDS Call","Road Crash","Minor Injuries","2026/02/03 04:09:18 AM","Liaqatpur"
"265148","Muhammad ALi","DR-818","EMDS Call","Medical Emergency","Abdominal Pain","2026/02/03 04:11:10 AM","Liaqatpur"
"265149","Sheeza Barkat","MR-5331","EMDS Call","Medical Emergency","SOB/ Respiratory Distress","2026/02/03 04:53:20 AM","Liaqatpur"
"265150","Muhammad ALi","DR-818","EMDS Call","Medical Emergency","Diarrhea","2026/02/03 05:15:56 AM","Rahim Yar Khan"
"265151","Sheeza Barkat","MR-5331","EMDS Call","Medical Emergency","Chest Pain","2026/02/03 05:47:46 AM","Sadiqabad"
"265152","Muhammad ALi","DR-818","EMDS Call","Medical Emergency","Others","2026/02/03 06:02:01 AM","Rahim Yar Khan"
"265153","Zia ul Haq","DR-328","EMDS Call","Medical Emergency","Chronic Illness","2026/02/03 06:02:34 AM","Sadiqabad"
"265154","Zia ul Haq","DR-328","EMDS Call","Medical Emergency","Abdominal Pain","2026/02/03 06:40:22 AM","Sadiqabad"
"265155","Sheeza Barkat","MR-5331","EMDS Call","Medical Emergency","Vomiting","2026/02/03 06:43:05 AM","Khanpur"
"265156","Muhammad ALi","DR-818","EMDS Call","Medical Emergency","Renal Disorders / Renal Colic ","2026/02/03 06:51:18 AM","Liaqatpur"
"265157","Sheeza Barkat","MR-5331","EMDS Call","Medical Emergency","Diabetic","2026/02/03 06:59:36 AM","Rahim Yar Khan"
"265158","Zia ul Haq","DR-328","EMDS Call","Medical Emergency","Others","2026/02/03 07:07:51 AM","Rahim Yar Khan"
"265159","Sheeza Barkat","MR-5331","EMDS Call","Medical Emergency","Vomiting","2026/02/03 07:08:26 AM","Rahim Yar Khan"
"265160","Zia ul Haq","DR-328","EMDS Call","Medical Emergency","Diabetic","2026/02/03 07:13:31 AM","Khanpur"
"265161","Sheeza Barkat","MR-5331","EMDS Call","Medical Emergency","Others","2026/02/03 07:16:14 AM","Rahim Yar Khan"
"265162","Muhammad ALi","DR-818","EMDS Call","Medical Emergency","Unconscious","2026/02/03 07:18:49 AM","Rahim Yar Khan"
"265163","Zia ul Haq","DR-328","EMDS Call","Medical Emergency","Vomiting","2026/02/03 07:20:24 AM","Rahim Yar Khan"
"265164","Zia ul Haq","DR-328","EMDS Call","Medical Emergency","SOB/ Respiratory Distress","2026/02/03 07:40:36 AM","Khanpur"
"265165","Zia ul Haq","DR-328","EMDS Call","Medical Emergency","SOB/ Respiratory Distress","2026/02/03 07:52:00 AM","Rahim Yar Khan"
"75970","Rana M. Usman","DR-200","Direct Call","Patient Transfer Service","N/A","2026/02/03 07:56:05 AM","Sadiqabad"
"265166","Rana M. Usman","DR-200","Direct Call","Rescue Operations","Mass Event Coverage","2026/02/03 07:57:23 AM","Sadiqabad"
"265167","Muhammad Fiaz","DR-206","EMDS Call","Rescue Operations","Delivery Case","2026/02/03 08:06:42 AM","Rahim Yar Khan"
"265168","Rana M. Usman","DR-200","EMDS Call","Medical Emergency","Unconscious","2026/02/03 08:08:50 AM","Sadiqabad"
"265169","Aasia Batool","MR-5198","EMDS Call","Medical Emergency","Epilepsy","2026/02/03 08:14:18 AM","Rahim Yar Khan"
"265170","Rana M. Usman","DR-200","Direct Call","Rescue Operations","Mass Event Coverage","2026/02/03 08:16:43 AM","Rahim Yar Khan"
"265171","Muhammad Fiaz","DR-206","EMDS Call","Road Crash","Minor Injuries","2026/02/03 08:17:42 AM","Rahim Yar Khan"
"265172","Rana M. Usman","DR-200","EMDS Call","Medical Emergency","CVA/Stroke","2026/02/03 08:26:49 AM","Khanpur"
"265173","Aasia Batool","MR-5198","EMDS Call","Medical Emergency","Unconscious","2026/02/03 08:29:02 AM","Rahim Yar Khan"
"265175","Muhammad Fiaz","DR-206","Direct Call","Rescue Operations","Mass Event Coverage","2026/02/03 08:33:31 AM","Sadiqabad"
"265174","Aasia Batool","MR-5198","EMDS Call","Road Crash","Minor Injuries","2026/02/03 08:33:28 AM","Rahim Yar Khan"
"265176","Muhammad Fiaz","DR-206","EMDS Call","Road Crash","Bleeding","2026/02/03 08:36:10 AM","Rahim Yar Khan"
"265177","Rana M. Usman","DR-200","EMDS Call","Road Crash","Severe Trauma","2026/02/03 08:38:31 AM","Rahim Yar Khan"
"265178","Aasia Batool","MR-5198","EMDS Call","Medical Emergency","Renal Disorders / Renal Colic ","2026/02/03 08:47:49 AM","Khanpur"
"75971","Rana M. Usman","DR-200","Direct Call","Patient Transfer Service","N/A","2026/02/03 08:58:32 AM","Liaqatpur"
"265179","Rana M. Usman","DR-200","EMDS Call","Road Crash","Minor Injuries","2026/02/03 09:02:34 AM","Sadiqabad"
"265180","Muhammad Fiaz","DR-206","EMDS Call","Medical Emergency","Abdominal Pain","2026/02/03 09:04:09 AM","Khanpur"
"265182","Muhammad Rashid Saleem","DR-187","EMDS Call","Road Crash","Bleeding","2026/02/03 09:08:36 AM","Liaqatpur"
"265183","Rana M. Usman","DR-200","EMDS Call","Medical Emergency","Joints Pain","2026/02/03 09:09:21 AM","Khanpur"
"265181","Muhammad Fiaz","DR-206","Direct Call","Medical Emergency","Vomiting","2026/02/03 09:09:55 AM","Sadiqabad"
"265184","Muhammad Rashid Saleem","DR-187","EMDS Call","Medical Emergency","SOB/ Respiratory Distress","2026/02/03 09:12:19 AM","Rahim Yar Khan"
"Not Assigned","Muhammad Fiaz","DR-206","Direct Call","Community","Community Training","2026/02/03 09:13:51 AM","Rahim Yar Khan"
"265185","Muhammad AAmar","DR-915","EMDS Call","Road Crash","Minor Injuries","2026/02/03 09:33:54 AM","Rahim Yar Khan"
"265186","Muhammad Rashid Saleem","DR-187","EMDS Call","Medical Emergency","Others","2026/02/03 09:45:07 AM","Sadiqabad"
"75972","Muhammad Arshad","DR-198","Direct Call","Patient Transfer Service","N/A","2026/02/03 09:49:04 AM","Khanpur"
"265187","Muhammad AAmar","DR-915","EMDS Call","Medical Emergency","SOB/ Respiratory Distress","2026/02/03 09:57:54 AM","Rahim Yar Khan"
"265188","Muhammad Arshad","DR-198","EMDS Call","Medical Emergency","Others","2026/02/03 09:58:56 AM","Rahim Yar Khan"
"265189","Muhammad Rashid Saleem","DR-187","EMDS Call","Medical Emergency","Unconscious","2026/02/03 10:05:59 AM","Sadiqabad"
"265190","Muhammad Arshad","DR-198","EMDS Call","Medical Emergency","Hypertension","2026/02/03 10:12:30 AM","Rahim Yar Khan"
"265191","Muhammad Rashid Saleem","DR-187","EMDS Call","Medical Emergency","Others","2026/02/03 10:19:05 AM","Rahim Yar Khan"
"265192","Muhammad Rashid Saleem","DR-187","Direct Call","Rescue Operations","Mass Event Coverage","2026/02/03 10:21:21 AM","Rahim Yar Khan"
"265193","Muhammad Arshad","DR-198","EMDS Call","Medical Emergency","Chronic Illness","2026/02/03 10:21:12 AM","Rahim Yar Khan"
"265194","Muhammad Fiaz","DR-206","EMDS Call","Medical Emergency","Chest Pain","2026/02/03 10:29:18 AM","Khanpur"
"75973","Muhammad Fiaz","DR-206","Direct Call","Patient Transfer Service","N/A","2026/02/03 10:35:14 AM","Khanpur"
"265195","Muhammad Rashid Saleem","DR-187","EMDS Call","Medical Emergency","Chronic Illness","2026/02/03 10:45:16 AM","Liaqatpur"
"265196","Muhammad Fiaz","DR-206","EMDS Call","Fire","Others","2026/02/03 10:47:46 AM","Khanpur"
"265198","Muhammad AAmar","DR-915","EMDS Call","Road Crash","Bleeding","2026/02/03 10:55:08 AM","Liaqatpur"
"75974","Muhammad Fiaz","DR-206","Direct Call","Patient Transfer Service","N/A","2026/02/03 10:59:35 AM","Khanpur"
"265197","Muhammad AAmar","DR-915","EMDS Call","Medical Emergency","Backache","2026/02/03 10:58:01 AM","Sadiqabad"
"265199","Muhammad AAmar","DR-915","EMDS Call","Road Crash","Minor Injuries","2026/02/03 11:09:15 AM","Sadiqabad"
"265200","Muhammad Fiaz","DR-206","EMDS Call","Medical Emergency","Joints Pain","2026/02/03 11:10:45 AM","Khanpur"
"265201","Muhammad Rashid Saleem","DR-187","EMDS Call","Road Crash","Minor Injuries","2026/02/03 11:14:16 AM","Rahim Yar Khan"
"265202","Muhammad Arshad","DR-198","Direct Call","Rescue Operations","Mass Event Coverage","2026/02/03 11:15:20 AM","Liaqatpur"
"265203","Muhammad AAmar","DR-915","EMDS Call","Medical Emergency","Others","2026/02/03 11:15:24 AM","Rahim Yar Khan"
"265204","Muhammad Arshad","DR-198","EMDS Call","Road Crash","Minor Injuries","2026/02/03 11:16:28 AM","Khanpur"
"265205","Muhammad Fiaz","DR-206","EMDS Call","Road Crash","Multiple Fractures","2026/02/03 11:16:37 AM","Rahim Yar Khan"
"265207","Muhammad Arshad","DR-198","EMDS Call","Medical Emergency","Joints Pain","2026/02/03 11:20:37 AM","Rahim Yar Khan"
"265206","Muhammad Fiaz","DR-206","EMDS Call","Medical Emergency","SOB/ Respiratory Distress","2026/02/03 11:20:06 AM","Sadiqabad"
"265208","Muhammad Arshad","DR-198","Direct Call","Rescue Operations","Mass Event Coverage","2026/02/03 11:33:22 AM","Sadiqabad"
"265209","Shahla Nawaz","DR-185","EMDS Call","Medical Emergency","Joints Pain","2026/02/03 11:34:22 AM","Rahim Yar Khan"
"265210","Muhammad AAmar","DR-915","EMDS Call","Road Crash","Minor Injuries","2026/02/03 11:36:36 AM","Khanpur"
"265211","Muhammad Fiaz","DR-206","EMDS Call","Medical Emergency","Others","2026/02/03 11:38:32 AM","Rahim Yar Khan"
"265212","Muhammad Fiaz","DR-206","Direct Call","Medical Emergency","Joints Pain","2026/02/03 11:41:18 AM","Sadiqabad"
"265214","Shahla Nawaz","DR-185","EMDS Call","Crime","Probable Suicide","2026/02/03 11:39:24 AM","Khanpur"
"265213","Muhammad AAmar","DR-915","EMDS Call","Medical Emergency","SOB/ Respiratory Distress","2026/02/03 11:46:04 AM","Sadiqabad"
"265215","Rana M. Usman","DR-200","EMDS Call","Medical Emergency","SOB/ Respiratory Distress","2026/02/03 11:46:04 AM","Sadiqabad"
"265216","Muhammad AAmar","DR-915","EMDS Call","Medical Emergency","Vomiting","2026/02/03 11:58:48 AM","Rahim Yar Khan"
"265217","Aasia Batool","MR-5198","EMDS Call","Medical Emergency","Vomiting","2026/02/03 12:00:24 PM","Rahim Yar Khan"
"265218","Shahla Nawaz","DR-185","EMDS Call","Medical Emergency","Abdominal Pain","2026/02/03 12:00:42 PM","Rahim Yar Khan"
"75975","Aasia Batool","MR-5198","Direct Call","Patient Transfer Service","N/A","2026/02/03 12:03:52 PM","Sadiqabad"
"265219","Muhammad AAmar","DR-915","EMDS Call","Medical Emergency","SOB/ Respiratory Distress","2026/02/03 12:08:43 PM","Khanpur"
"265220","Muhammad AAmar","DR-915","EMDS Call","Medical Emergency","Unconscious","2026/02/03 12:21:19 PM","Rahim Yar Khan"
"265221","Rana M. Usman","DR-200","EMDS Call","Medical Emergency","Hypertension","2026/02/03 12:24:37 PM","Rahim Yar Khan"
"265222","Muhammad Arshad","DR-198","EMDS Call","Medical Emergency","Diabetic","2026/02/03 12:25:54 PM","Sadiqabad"
"265223","Rana M. Usman","DR-200","Direct Call","Medical Emergency","Hypertension","2026/02/03 12:30:04 PM","Rahim Yar Khan"
"265224","Muhammad AAmar","DR-915","EMDS Call","Medical Emergency","Others","2026/02/03 12:29:39 PM","Rahim Yar Khan"
"75976","Muhammad Rashid Saleem","DR-187","EMDS Call","Patient Transfer Service","N/A","2026/02/03 12:29:21 PM","Rahim Yar Khan"
"265225","Muhammad Arshad","DR-198","EMDS Call","Fall","Fall From Stairs","2026/02/03 12:31:47 PM","Khanpur"
"265226","Rana M. Usman","DR-200","EMDS Call","Medical Emergency","Backache","2026/02/03 12:39:40 PM","Khanpur"
"75977","Muhammad Arshad","DR-198","Direct Call","Patient Transfer Service","N/A","2026/02/03 12:51:42 PM","Sadiqabad"
"265227","Muhammad Rashid Saleem","DR-187","Direct Call","Rescue Operations","Mass Event Coverage","2026/02/03 01:01:23 PM","Rahim Yar Khan"
"265228","Muhammad Fiaz","DR-206","EMDS Call","Medical Emergency","Hypertension","2026/02/03 01:02:57 PM","Rahim Yar Khan"
"265229","Muhammad Fiaz","DR-206","Direct Call","Medical Emergency","High Fever","2026/02/03 01:13:41 PM","Rahim Yar Khan"
"265230","Shahla Nawaz","DR-185","EMDS Call","Fire","Wheat Fire","2026/02/03 01:18:51 PM","Sadiqabad"
"265231","Muhammad Fiaz","DR-206","EMDS Call","Medical Emergency","Unconscious","2026/02/03 01:24:05 PM","Rahim Yar Khan"
"265235","Shahla Nawaz","DR-185","EMDS Call","Medical Emergency","Vomiting","2026/02/03 01:25:20 PM","Rahim Yar Khan"
"265233","Aasia Batool","MR-5198","EMDS Call","Medical Emergency","Unconscious","2026/02/03 01:27:57 PM","Khanpur"
"265232","Muhammad Fiaz","DR-206","EMDS Call","Medical Emergency","Others","2026/02/03 01:28:24 PM","Rahim Yar Khan"
"265234","Shahla Nawaz","DR-185","EMDS Call","Medical Emergency","Chronic Illness","2026/02/03 01:28:00 PM","Rahim Yar Khan"
"265236","Muhammad Fiaz","DR-206","EMDS Call","Road Crash","Bleeding","2026/02/03 01:32:34 PM","Sadiqabad"
"265237","Aasia Batool","MR-5198","EMDS Call","Road Crash","Bleeding","2026/02/03 01:33:01 PM","Rahim Yar Khan"
"265238","Aasia Batool","MR-5198","EMDS Call","Road Crash","Bleeding","2026/02/03 01:41:27 PM","Khanpur"
"265239","Aasia Batool","MR-5198","EMDS Call","Road Crash","Minor Injuries","2026/02/03 01:50:15 PM","Rahim Yar Khan"
"265240","Muhammad Rashid Saleem","DR-187","EMDS Call","Rescue Operations","Delivery Case","2026/02/03 02:00:19 PM","Rahim Yar Khan"
"265241","Aasia Batool","MR-5198","EMDS Call","Road Crash","Minor Injuries","2026/02/03 02:01:47 PM","Rahim Yar Khan"
"265242","Shahla Nawaz","DR-185","EMDS Call","Medical Emergency","Diabetic","2026/02/03 02:04:53 PM","Liaqatpur"
"265243","Shahla Nawaz","DR-185","EMDS Call","Fall","Fall From Stairs","2026/02/03 02:08:00 PM","Rahim Yar Khan"
"265244","Aasia Batool","MR-5198","EMDS Call","Medical Emergency","SOB/ Respiratory Distress","2026/02/03 02:10:01 PM","Khanpur"
"265245","Shahla Nawaz","DR-185","EMDS Call","Medical Emergency","Unconscious","2026/02/03 02:12:40 PM","Sadiqabad"
"265246","Muhammad Zubair","DR-894","EMDS Call","Road Crash","Minor Injuries","2026/02/03 02:34:53 PM","Liaqatpur"
"265246","Muhammad Zubair","DR-894","EMDS Call","Road Crash","Minor Injuries","2026/02/03 02:34:53 PM","Liaqatpur"
"265247","Faiz Muhyy Ul Din","DR-892","EMDS Call","Medical Emergency","Others","2026/02/03 02:37:09 PM","Rahim Yar Khan"
"265248","Muhammad Zubair","DR-894","Direct Call","Rescue Operations","Mass Event Coverage","2026/02/03 02:51:38 PM","Rahim Yar Khan"
"265249","Maheen Tahir","MR-6017","EMDS Call","Road Crash","Minor Injuries","2026/02/03 02:52:53 PM","Rahim Yar Khan"
"265250","Maheen Tahir","MR-6017","EMDS Call","Medical Emergency","High Fever","2026/02/03 03:00:48 PM","Rahim Yar Khan"
"265251","Faiz Muhyy Ul Din","DR-892","EMDS Call","Medical Emergency","Others","2026/02/03 03:01:15 PM","Sadiqabad"
"265252","Saira Bibi","MR-5494","EMDS Call","Road Crash","Bleeding","2026/02/03 03:03:17 PM","Liaqatpur"
"265253","Faiz Muhyy Ul Din","DR-892","EMDS Call","Road Crash","Minor Injuries","2026/02/03 03:06:17 PM","Khanpur"
"265254","Saira Bibi","MR-5494","Direct Call","Rescue Operations","Mass Event Coverage","2026/02/03 03:14:32 PM","Sadiqabad"
"265255","Maheen Tahir","MR-6017","EMDS Call","Road Crash","Bleeding","2026/02/03 03:14:46 PM","Khanpur"
"265256","Saira Bibi","MR-5494","EMDS Call","Medical Emergency","High Fever","2026/02/03 03:19:36 PM","Rahim Yar Khan"
"75978","Maheen Tahir","MR-6017","Direct Call","Patient Transfer Service","N/A","2026/02/03 03:23:56 PM","Liaqatpur"
"75979","Saira Bibi","MR-5494","Direct Call","Patient Transfer Service","N/A","2026/02/03 03:29:39 PM","Sadiqabad"
"75980","Saira Bibi","MR-5494","Direct Call","Patient Transfer Service","N/A","2026/02/03 03:31:19 PM","Rahim Yar Khan"
"265257","Maheen Tahir","MR-6017","EMDS Call","Fire","Others","2026/02/03 03:38:54 PM","Khanpur"
"265258","Saira Bibi","MR-5494","Direct Call","Medical Emergency","Renal Disorders / Renal Colic ","2026/02/03 03:42:31 PM","Rahim Yar Khan"
"265259","Faiz Muhyy Ul Din","DR-892","EMDS Call","Medical Emergency","Others","2026/02/03 03:42:39 PM","Rahim Yar Khan"
"265260","Saira Bibi","MR-5494","EMDS Call","Medical Emergency","Epilepsy","2026/02/03 03:56:03 PM","Rahim Yar Khan"
"265261","Faiz Muhyy Ul Din","DR-892","EMDS Call","Medical Emergency","SOB/ Respiratory Distress","2026/02/03 03:59:33 PM","Sadiqabad"
"265262","Saira Bibi","MR-5494","EMDS Call","Road Crash","Bleeding","2026/02/03 04:03:41 PM","Khanpur"
"265263","Faiz Muhyy Ul Din","DR-892","EMDS Call","Medical Emergency","Chest Pain","2026/02/03 04:07:30 PM","Liaqatpur"
"265265","Maheen Tahir","MR-6017","EMDS Call","Medical Emergency","Diabetic","2026/02/03 04:09:32 PM","Rahim Yar Khan"
"265264","Faiz Muhyy Ul Din","DR-892","EMDS Call","Road Crash","Severe Trauma","2026/02/03 04:10:50 PM","Rahim Yar Khan"
"265266","Maheen Tahir","MR-6017","EMDS Call","Medical Emergency","Joints Pain","2026/02/03 04:15:12 PM","Rahim Yar Khan"
"265267","Saira Bibi","MR-5494","EMDS Call","Medical Emergency","Chronic Illness","2026/02/03 04:17:12 PM","Liaqatpur"
"265269","Saira Bibi","MR-5494","EMDS Call","Medical Emergency","High Fever","2026/02/03 04:23:06 PM","Rahim Yar Khan"
"265268","Maheen Tahir","MR-6017","EMDS Call","Medical Emergency","Abdominal Pain","2026/02/03 04:22:13 PM","Sadiqabad"
"265270","Faiz Muhyy Ul Din","DR-892","EMDS Call","Road Crash","Severe Trauma","2026/02/03 04:24:20 PM","Liaqatpur"
"265270","Faiz Muhyy Ul Din","DR-892","EMDS Call","Road Crash","Severe Trauma","2026/02/03 04:24:20 PM","Liaqatpur"
"265272","Maheen Tahir","MR-6017","EMDS Call","Medical Emergency","Others","2026/02/03 04:26:16 PM","Rahim Yar Khan"
"265271","Saira Bibi","MR-5494","EMDS Call","Road Crash","Minor Injuries","2026/02/03 04:27:43 PM","Rahim Yar Khan"
"265273","Shaheen Islam","DR-1171","EMDS Call","Road Crash","Bleeding","2026/02/03 04:34:45 PM","Rahim Yar Khan"
"265275","Faiz Muhyy Ul Din","DR-892","EMDS Call","Road Crash","Minor Injuries","2026/02/03 04:37:00 PM","Rahim Yar Khan"
"265274","Maheen Tahir","MR-6017","EMDS Call","Medical Emergency","Chronic Illness","2026/02/03 04:37:45 PM","Liaqatpur"
"265278","Faiz Muhyy Ul Din","DR-892","EMDS Call","Medical Emergency","Joints Pain","2026/02/03 04:43:34 PM","Rahim Yar Khan"
"265276","Maheen Tahir","MR-6017","EMDS Call","Medical Emergency","SOB/ Respiratory Distress","2026/02/03 04:47:42 PM","Sadiqabad"
"265277","Saira Bibi","MR-5494","EMDS Call","Medical Emergency","Others","2026/02/03 04:52:05 PM","Sadiqabad"
"265279","Maheen Tahir","MR-6017","EMDS Call","Medical Emergency","Abdominal Pain","2026/02/03 04:57:35 PM","Khanpur"
"265280","Shaheen Islam","DR-1171","EMDS Call","Medical Emergency","Renal Disorders / Renal Colic ","2026/02/03 05:10:21 PM","Rahim Yar Khan"
"265281","Faiz Muhyy Ul Din","DR-892","EMDS Call","Medical Emergency","High Fever","2026/02/03 05:11:23 PM","Rahim Yar Khan"
"265282","Maheen Tahir","MR-6017","EMDS Call","Medical Emergency","Abdominal Pain","2026/02/03 05:12:00 PM","Khanpur"
"265283","Saira Bibi","MR-5494","EMDS Call","Road Crash","Minor Injuries","2026/02/03 05:16:27 PM","Rahim Yar Khan"
"265286","Shaheen Islam","DR-1171","EMDS Call","Medical Emergency","Others","2026/02/03 05:32:23 PM","Rahim Yar Khan"
"265284","Maheen Tahir","MR-6017","EMDS Call","Medical Emergency","Chest Pain","2026/02/03 05:34:06 PM","Sadiqabad"
"265287","Shaheen Islam","DR-1171","EMDS Call","Road Crash","Minor Injuries","2026/02/03 05:36:23 PM","Rahim Yar Khan"
"Not Assigned","Saira Bibi","MR-5494","EMDS Call","Medical Emergency","Hypotension","2026/02/03 05:39:28 PM","Sadiqabad"
"265288","Faiz Muhyy Ul Din","DR-892","EMDS Call","Medical Emergency","Hypertension","2026/02/03 05:42:46 PM","Rahim Yar Khan"
"265289","Shaheen Islam","DR-1171","EMDS Call","Medical Emergency","SOB/ Respiratory Distress","2026/02/03 05:48:18 PM","Sadiqabad"
"265290","Saira Bibi","MR-5494","EMDS Call","Medical Emergency","Hypertension","2026/02/03 05:53:29 PM","Rahim Yar Khan"
"265291","Saira Bibi","MR-5494","EMDS Call","Medical Emergency","SOB/ Respiratory Distress","2026/02/03 05:59:33 PM","Sadiqabad"
"265292","Faiz Muhyy Ul Din","DR-892","EMDS Call","Road Crash","Bleeding","2026/02/03 05:58:28 PM","Khanpur"
"265293","Shaheen Islam","DR-1171","EMDS Call","Medical Emergency","Diabetic","2026/02/03 05:59:58 PM","Sadiqabad"
"265294","Faiz Muhyy Ul Din","DR-892","EMDS Call","Fire","Others","2026/02/03 06:02:22 PM","Sadiqabad"
"75981","Saira Bibi","MR-5494","Direct Call","Patient Transfer Service","N/A","2026/02/03 06:04:56 PM","Khanpur"
"265295","Shaheen Islam","DR-1171","EMDS Call","Road Crash","Severe Trauma","2026/02/03 06:05:01 PM","Rahim Yar Khan"
"265296","Saira Bibi","MR-5494","EMDS Call","Medical Emergency","High Fever","2026/02/03 06:19:35 PM","Rahim Yar Khan"
"265297","Shaheen Islam","DR-1171","EMDS Call","Medical Emergency","SOB/ Respiratory Distress","2026/02/03 06:22:17 PM","Khanpur"
"265298","Faiz Muhyy Ul Din","DR-892","EMDS Call","Medical Emergency","Domestic Injuries","2026/02/03 06:32:58 PM","Khanpur"
"265299","Maheen Tahir","MR-6017","EMDS Call","Medical Emergency","Others","2026/02/03 06:39:05 PM","Rahim Yar Khan"
"265300","Faiz Muhyy Ul Din","DR-892","EMDS Call","Road Crash","Bleeding","2026/02/03 06:43:06 PM","Sadiqabad"
"265301","Maheen Tahir","MR-6017","EMDS Call","Road Crash","Bleeding","2026/02/03 06:44:46 PM","Rahim Yar Khan"
"265302","Saira Bibi","MR-5494","EMDS Call","Medical Emergency","SOB/ Respiratory Distress","2026/02/03 06:50:57 PM","Khanpur"
"265303","Faiz Muhyy Ul Din","DR-892","EMDS Call","Road Crash","Bleeding","2026/02/03 06:55:18 PM","Rahim Yar Khan"
"265305","Saira Bibi","MR-5494","EMDS Call","Medical Emergency","Others","2026/02/03 07:00:53 PM","Rahim Yar Khan"
"265304","Shaheen Islam","DR-1171","Direct Call","Medical Emergency","High Fever","2026/02/03 07:01:27 PM","Rahim Yar Khan"
"265306","Maheen Tahir","MR-6017","EMDS Call","Rescue Operations","Others","2026/02/03 07:02:51 PM","Khanpur"
"265307","Saira Bibi","MR-5494","EMDS Call","Medical Emergency","Others","2026/02/03 07:12:07 PM","Rahim Yar Khan"
"265309","Maheen Tahir","MR-6017","EMDS Call","Road Crash","Minor Injuries","2026/02/03 07:21:43 PM","Rahim Yar Khan"
"265308","Shaheen Islam","DR-1171","Direct Call","Medical Emergency","Others","2026/02/03 07:26:30 PM","Rahim Yar Khan"
"265310","Maheen Tahir","MR-6017","Direct Call","Medical Emergency","Joints Pain","2026/02/03 07:38:47 PM","Sadiqabad"
"265311","Maheen Tahir","MR-6017","EMDS Call","Fire","Others","2026/02/03 07:41:07 PM","Rahim Yar Khan"
"265312","Muhammad Zahid","DR-888","EMDS Call","Medical Emergency","Abdominal Pain","2026/02/03 07:41:19 PM","Sadiqabad"
"265313","Maheen Tahir","MR-6017","EMDS Call","Medical Emergency","Hypertension","2026/02/03 07:43:36 PM","Rahim Yar Khan"
"75982","Muhammad Zahid","DR-888","Direct Call","Patient Transfer Service","N/A","2026/02/03 07:46:19 PM","Sadiqabad"
"265318","Maheen Tahir","MR-6017","EMDS Call","Medical Emergency","Hypertension","2026/02/03 07:47:16 PM","Rahim Yar Khan"
"265315","Muhammad Zahid","DR-888","EMDS Call","Medical Emergency","Others","2026/02/03 07:47:35 PM","Sadiqabad"
"75983","Muhammad Zahid","DR-888","Direct Call","Patient Transfer Service","N/A","2026/02/03 07:51:47 PM","Sadiqabad"
"265316","Muhammad Zahid","DR-888","EMDS Call","Medical Emergency","SOB/ Respiratory Distress","2026/02/03 07:52:50 PM","Liaqatpur"
"265317","Maheen Tahir","MR-6017","Direct Call","Medical Emergency","Chronic Illness","2026/02/03 07:55:16 PM","Rahim Yar Khan"
"265319","Shaheen Islam","DR-1171","EMDS Call","Medical Emergency","SOB/ Respiratory Distress","2026/02/03 07:59:00 PM","Sadiqabad"
"Not Assigned","Muhammad Zahid","DR-888","EMDS Call","Road Crash","Severe Trauma","2026/02/03 08:00:14 PM","Rahim Yar Khan"
"265321","Shaheen Islam","DR-1171","EMDS Call","Road Crash","Severe Trauma","2026/02/03 08:02:53 PM","Khanpur"
"265322","Muhammad Zahid","DR-888","EMDS Call","Medical Emergency","Others","2026/02/03 08:14:15 PM","Sadiqabad"
"265323","Muhammad Zahid","DR-888","EMDS Call","Medical Emergency","High Fever","2026/02/03 08:20:58 PM","Rahim Yar Khan"
"265324","Maheen Tahir","MR-6017","EMDS Call","Medical Emergency","Domestic Injuries","2026/02/03 08:30:16 PM","Rahim Yar Khan"
"265325","Sheeza Barkat","MR-5331","EMDS Call","Medical Emergency","High Fever","2026/02/03 08:45:39 PM","Rahim Yar Khan"
"265326","Fahad Hussain","DR-538","EMDS Call","Medical Emergency","Others","2026/02/03 08:53:25 PM","Rahim Yar Khan"
"265327","Sheeza Barkat","MR-5331","EMDS Call","Medical Emergency","Chronic Illness","2026/02/03 08:55:11 PM","Rahim Yar Khan"
"265328","Sheeza Barkat","MR-5331","EMDS Call","Medical Emergency","Renal Disorders / Renal Colic ","2026/02/03 09:00:32 PM","Khanpur"
"75984","Fahad Hussain","DR-538","Direct Call","Patient Transfer Service","N/A","2026/02/03 09:05:07 PM","Khanpur"
"265329","Zupasha Zia","MR-5758","EMDS Call","Road Crash","Severe Trauma","2026/02/03 09:09:25 PM","Khanpur"
"265330","Sheeza Barkat","MR-5331","EMDS Call","Medical Emergency","Others","2026/02/03 09:10:31 PM","Rahim Yar Khan"
"265331","Sheeza Barkat","MR-5331","EMDS Call","Medical Emergency","SOB/ Respiratory Distress","2026/02/03 09:19:04 PM","Sadiqabad"
"265332","Fahad Hussain","DR-538","EMDS Call","Medical Emergency","Hypertension","2026/02/03 09:19:33 PM","Rahim Yar Khan"
"265333","Sheeza Barkat","MR-5331","EMDS Call","Medical Emergency","SOB/ Respiratory Distress","2026/02/03 09:23:07 PM","Khanpur"
"265334","Zupasha Zia","MR-5758","EMDS Call","Road Crash","Bleeding","2026/02/03 09:27:58 PM","Rahim Yar Khan"
"265336","Sheeza Barkat","MR-5331","EMDS Call","Medical Emergency","Unconscious","2026/02/03 09:28:03 PM","Khanpur"
"265335","Fahad Hussain","DR-538","EMDS Call","Medical Emergency","Hypertension","2026/02/03 09:28:11 PM","Rahim Yar Khan"
"75985","Nida Rahat","DR-1322","Direct Call","Patient Transfer Service","N/A","2026/02/03 09:35:09 PM","Sadiqabad"
"265337","Zupasha Zia","MR-5758","EMDS Call","Medical Emergency","Others","2026/02/03 09:34:21 PM","Rahim Yar Khan"
"265338","Fahad Hussain","DR-538","EMDS Call","Rescue Operations","Snake Emergency","2026/02/03 09:43:35 PM","Rahim Yar Khan"
"265339","Nida Rahat","DR-1322","EMDS Call","Crime","Probable Suicide","2026/02/03 09:44:41 PM","Rahim Yar Khan"
"265340","Fahad Hussain","DR-538","EMDS Call","Medical Emergency","Others","2026/02/03 09:47:00 PM","Sadiqabad"
"75987","Fahad Hussain","DR-538","Direct Call","Patient Transfer Service","N/A","2026/02/03 09:50:03 PM","Sadiqabad"
"75986","Fahad Hussain","DR-538","Direct Call","Patient Transfer Service","N/A","2026/02/03 09:50:48 PM","Sadiqabad"
"265341","Sheeza Barkat","MR-5331","EMDS Call","Medical Emergency","Chronic Illness","2026/02/03 09:53:44 PM","Rahim Yar Khan"
"75988","Nida Rahat","DR-1322","Direct Call","Patient Transfer Service","N/A","2026/02/03 09:59:01 PM","Sadiqabad"
"265342","Sheeza Barkat","MR-5331","EMDS Call","Medical Emergency","Others","2026/02/03 10:08:16 PM","Rahim Yar Khan"
"265343","Nida Rahat","DR-1322","EMDS Call","Rescue Operations","Delivery Case","2026/02/03 10:08:43 PM","Khanpur"
"265344","Fahad Hussain","DR-538","EMDS Call","Rescue Operations","Delivery Case","2026/02/03 10:08:48 PM","Sadiqabad"
"265345","Zupasha Zia","MR-5758","EMDS Call","Medical Emergency","Unconscious","2026/02/03 10:42:11 PM","Khanpur"
"265346","Fahad Hussain","DR-538","Direct Call","Medical Emergency","Joints Pain","2026/02/03 10:43:10 PM","Sadiqabad"
"75989","Fahad Hussain","DR-538","Direct Call","Patient Transfer Service","N/A","2026/02/03 10:49:04 PM","Khanpur"
"75990","Fahad Hussain","DR-538","Direct Call","Patient Transfer Service","N/A","2026/02/03 10:51:49 PM","Khanpur"
"265347","Fahad Hussain","DR-538","EMDS Call","Medical Emergency","Vomiting","2026/02/03 11:01:05 PM","Rahim Yar Khan"
"265348","Zupasha Zia","MR-5758","EMDS Call","Rescue Operations","Delivery Case","2026/02/03 11:01:51 PM","Rahim Yar Khan"
"265349","Fahad Hussain","DR-538","EMDS Call","Medical Emergency","Joints Pain","2026/02/03 11:03:16 PM","Khanpur"
"265350","Zupasha Zia","MR-5758","EMDS Call","Medical Emergency","Unconscious","2026/02/03 11:16:17 PM","Liaqatpur"
"265351","Fahad Hussain","DR-538","EMDS Call","Medical Emergency","Abdominal Pain","2026/02/03 11:18:12 PM","Khanpur"
"265352","Saima Bashir","MR-5819","EMDS Call","Medical Emergency","Hypertension","2026/02/03 11:32:45 PM","Rahim Yar Khan"
"265353","Saima Bashir","MR-5819","EMDS Call","Medical Emergency","Abdominal Pain","2026/02/03 11:48:39 PM","Khanpur"
"265354","Saima Bashir","MR-5819","EMDS Call","Medical Emergency","Renal Disorders / Renal Colic ","2026/02/03 11:53:36 PM","Rahim Yar Khan"
"265355","Zupasha Zia","MR-5758","EMDS Call","Medical Emergency","SOB/ Respiratory Distress","2026/02/03 11:59:35 PM","Sadiqabad"
"265358","Saima Bashir","MR-5819","EMDS Call","Medical Emergency","SOB/ Respiratory Distress","2026/02/04 12:11:01 AM","Khanpur"
"265357","Fahad Hussain","DR-538","EMDS Call","Medical Emergency","Unconscious","2026/02/04 12:11:29 AM","Khanpur"
"265356","Zupasha Zia","MR-5758","EMDS Call","Medical Emergency","Joints Pain","2026/02/04 12:11:21 AM","Khanpur"
"265359","Saima Bashir","MR-5819","EMDS Call","Medical Emergency","Renal Disorders / Renal Colic ","2026/02/04 12:16:22 AM","Liaqatpur"
"265360","Zupasha Zia","MR-5758","EMDS Call","Medical Emergency","Renal Disorders / Renal Colic ","2026/02/04 12:47:50 AM","Rahim Yar Khan"
"265361","Zupasha Zia","MR-5758","EMDS Call","Rescue Operations","Delivery Case","2026/02/04 12:51:28 AM","Sadiqabad"
"75991","Fahad Hussain","DR-538","Direct Call","Patient Transfer Service","N/A","2026/02/04 01:05:38 AM","Liaqatpur"
"265363","Fahad Hussain","DR-538","EMDS Call","Medical Emergency","Others","2026/02/04 01:06:49 AM","Rahim Yar Khan"
"265362","Zupasha Zia","MR-5758","EMDS Call","Medical Emergency","Abdominal Pain","2026/02/04 01:06:40 AM","Rahim Yar Khan"
"265364","Zupasha Zia","MR-5758","EMDS Call","Medical Emergency","Joints Pain","2026/02/04 01:09:06 AM","Rahim Yar Khan"
"265365","Saima Bashir","MR-5819","EMDS Call","Medical Emergency","Unconscious","2026/02/04 01:40:02 AM","Rahim Yar Khan"
"265366","Saima Bashir","MR-5819","EMDS Call","Medical Emergency","Chest Pain","2026/02/04 01:49:43 AM","Khanpur"
"265367","Zupasha Zia","MR-5758","EMDS Call","Medical Emergency","Others","2026/02/04 02:13:24 AM","Rahim Yar Khan"
"265368","Fahad Hussain","DR-538","EMDS Call","Rescue Operations","Delivery Case","2026/02/04 02:34:52 AM","Rahim Yar Khan"
"265369","Zupasha Zia","MR-5758","EMDS Call","Medical Emergency","High Fever","2026/02/04 02:45:06 AM","Rahim Yar Khan"
"265370","Fahad Hussain","DR-538","EMDS Call","Medical Emergency","High Fever","2026/02/04 02:46:04 AM","Liaqatpur"
"265371","Saima Bashir","MR-5819","EMDS Call","Medical Emergency","Vomiting","2026/02/04 02:49:09 AM","Rahim Yar Khan"
"265372","Zupasha Zia","MR-5758","EMDS Call","Medical Emergency","Epilepsy","2026/02/04 02:49:49 AM","Sadiqabad"
"265373","Fahad Hussain","DR-538","EMDS Call","Medical Emergency","Chest Pain","2026/02/04 02:56:02 AM","Rahim Yar Khan"
"265374","Saima Bashir","MR-5819","EMDS Call","Medical Emergency","Abdominal Pain","2026/02/04 03:35:35 AM","Liaqatpur"
"265375","Sheeza Barkat","MR-5331","EMDS Call","Medical Emergency","Abdominal Pain","2026/02/04 03:47:56 AM","Khanpur"
"75992","Sheeza Barkat","MR-5331","Direct Call","Patient Transfer Service","N/A","2026/02/04 04:05:12 AM","Khanpur"
"75992","Sheeza Barkat","MR-5331","Direct Call","Patient Transfer Service","N/A","2026/02/04 04:05:12 AM","Khanpur"
"75993","Sheeza Barkat","MR-5331","Direct Call","Patient Transfer Service","N/A","2026/02/04 04:09:18 AM","Khanpur"
"265376","Sheeza Barkat","MR-5331","EMDS Call","Medical Emergency","Others","2026/02/04 04:10:42 AM","Rahim Yar Khan"
"265377","Sajid Mehmood","DR-914","EMDS Call","Medical Emergency","Abdominal Pain","2026/02/04 04:16:52 AM","Liaqatpur"
"265378","Sheeza Barkat","MR-5331","EMDS Call","Medical Emergency","Others","2026/02/04 04:43:13 AM","Sadiqabad"
"265379","Sajid Mehmood","DR-914","EMDS Call","Road Crash","Minor Injuries","2026/02/04 04:53:29 AM","Rahim Yar Khan"
"265380","Nida Rahat","DR-1322","EMDS Call","Medical Emergency","Others","2026/02/04 05:01:28 AM","Rahim Yar Khan"
"265381","Sajid Mehmood","DR-914","EMDS Call","Medical Emergency","SOB/ Respiratory Distress","2026/02/04 05:10:58 AM","Rahim Yar Khan"
"265383","Nida Rahat","DR-1322","EMDS Call","Medical Emergency","Renal Disorders / Renal Colic ","2026/02/04 05:16:18 AM","Khanpur"
"265382","Sheeza Barkat","MR-5331","EMDS Call","Medical Emergency","Hypertension","2026/02/04 05:16:32 AM","Rahim Yar Khan"
"75994","Sajid Mehmood","DR-914","Direct Call","Patient Transfer Service","N/A","2026/02/04 05:28:58 AM","Sadiqabad"
"75995","Sheeza Barkat","MR-5331","Direct Call","Patient Transfer Service","N/A","2026/02/04 05:46:57 AM","Khanpur"
"265384","Sajid Mehmood","DR-914","EMDS Call","Rescue Operations","Others","2026/02/04 06:00:29 AM","Rahim Yar Khan"
"265385","Nida Rahat","DR-1322","EMDS Call","Medical Emergency","Chest Pain","2026/02/04 06:08:25 AM","Rahim Yar Khan"
"75996","Sajid Mehmood","DR-914","Direct Call","Patient Transfer Service","N/A","2026/02/04 06:21:46 AM","Sadiqabad"
"265386","Sheeza Barkat","MR-5331","EMDS Call","Medical Emergency","Joints Pain","2026/02/04 06:50:33 AM","Rahim Yar Khan"
"265387","Sajid Mehmood","DR-914","EMDS Call","Medical Emergency","Others","2026/02/04 06:56:14 AM","Sadiqabad"
"265388","Sajid Mehmood","DR-914","EMDS Call","Medical Emergency","Renal Disorders / Renal Colic ","2026/02/04 07:15:02 AM","Rahim Yar Khan"
"265389","Sheeza Barkat","MR-5331","EMDS Call","Medical Emergency","Chronic Illness","2026/02/04 07:20:29 AM","Liaqatpur"
"265390","Nida Rahat","DR-1322","EMDS Call","Medical Emergency","Diabetic","2026/02/04 07:34:04 AM","Rahim Yar Khan"
"265391","Sajid Mehmood","DR-914","EMDS Call","Road Crash","Severe Trauma","2026/02/04 07:57:03 AM","Sadiqabad"
"265392","Zupasha Zia","MR-5758","EMDS Call","Medical Emergency","Unconscious","2026/02/04 07:59:00 AM","Rahim Yar Khan"
"265395","Bushra Saleem","MR-5701","Direct Call","Rescue Operations","Mass Event Coverage","2026/02/04 08:04:24 AM","Sadiqabad"
"265394","Rana M. Usman","DR-200","EMDS Call","Road Crash","Minor Injuries","2026/02/04 08:01:50 AM","Sadiqabad"
"265393","Muhammad Fiaz","DR-206","EMDS Call","Medical Emergency","High Fever","2026/02/04 08:05:56 AM","Rahim Yar Khan"
"265397","Bushra Saleem","MR-5701","EMDS Call","Road Crash","Bleeding","2026/02/04 08:06:45 AM","Rahim Yar Khan"
"265396","Rana M. Usman","DR-200","EMDS Call","Medical Emergency","Others","2026/02/04 08:08:22 AM","Sadiqabad"
"265400","Rana M. Usman","DR-200","Direct Call","Medical Emergency","SOB/ Respiratory Distress","2026/02/04 08:11:48 AM","Sadiqabad"
"265398","Bushra Saleem","MR-5701","Direct Call","Rescue Operations","Mass Event Coverage","2026/02/04 08:12:45 AM","Rahim Yar Khan"
"265399","Bushra Saleem","MR-5701","EMDS Call","Medical Emergency","Vomiting","2026/02/04 08:13:34 AM","Liaqatpur"
"265401","Muhammad Fiaz","DR-206","EMDS Call","Road Crash","Severe Trauma","2026/02/04 08:32:07 AM","Khanpur"
"265402","Rana M. Usman","DR-200","EMDS Call","Road Crash","Severe Trauma","2026/02/04 08:37:40 AM","Liaqatpur"
"265403","Muhammad Fiaz","DR-206","EMDS Call","Road Crash","Severe Trauma","2026/02/04 08:42:59 AM","Rahim Yar Khan"
"75997","Rana M. Usman","DR-200","Direct Call","Patient Transfer Service","N/A","2026/02/04 08:44:01 AM","Sadiqabad"
"265404","Bushra Saleem","MR-5701","EMDS Call","Medical Emergency","Chronic Illness","2026/02/04 08:43:19 AM","Khanpur"
"265405","Bushra Saleem","MR-5701","Direct Call","Medical Emergency","Chronic Illness","2026/02/04 08:49:50 AM","Khanpur"
"265406","Muhammad Fiaz","DR-206","EMDS Call","Medical Emergency","Vomiting","2026/02/04 08:53:49 AM","Rahim Yar Khan"
"265407","Muhammad Rashid Saleem","DR-187","Direct Call","Rescue Operations","Mass Event Coverage","2026/02/04 09:01:55 AM","Sadiqabad"
"265408","Muhammad Arshad","DR-198","EMDS Call","Crime","Probable Suicide","2026/02/04 09:03:16 AM","Sadiqabad"
"75998","Muhammad Fiaz","DR-206","Direct Call","Patient Transfer Service","N/A","2026/02/04 09:13:56 AM","Khanpur"
"265409","Muhammad Fiaz","DR-206","EMDS Call","Medical Emergency","Abdominal Pain","2026/02/04 09:14:10 AM","Rahim Yar Khan"
"265410","Muhammad Rashid Saleem","DR-187","EMDS Call","Road Crash","Bleeding","2026/02/04 09:16:32 AM","Liaqatpur"
"75999","Muhammad Rashid Saleem","DR-187","Direct Call","Patient Transfer Service","N/A","2026/02/04 09:21:28 AM","Khanpur"
"265411","Muhammad Fiaz","DR-206","EMDS Call","Rescue Operations","Delivery Case","2026/02/04 09:20:25 AM","Rahim Yar Khan"
"265412","Muhammad Fiaz","DR-206","EMDS Call","Road Crash","Minor Injuries","2026/02/04 09:24:36 AM","Sadiqabad"
"265413","Muhammad Rashid Saleem","DR-187","EMDS Call","Medical Emergency","Others","2026/02/04 09:27:01 AM","Rahim Yar Khan"
"265414","Muhammad Fiaz","DR-206","EMDS Call","Medical Emergency","Diabetic","2026/02/04 09:36:04 AM","Rahim Yar Khan"
"265415","Muhammad Arshad","DR-198","EMDS Call","Medical Emergency","Joints Pain","2026/02/04 09:38:58 AM","Rahim Yar Khan"
"265416","Muhammad Arshad","DR-198","EMDS Call","Road Crash","Bleeding","2026/02/04 09:45:09 AM","Rahim Yar Khan"
"265417","Muhammad Rashid Saleem","DR-187","EMDS Call","Medical Emergency","Renal Disorders / Renal Colic ","2026/02/04 09:52:29 AM","Sadiqabad"
"265418","Muhammad Arshad","DR-198","EMDS Call","Medical Emergency","Vomiting","2026/02/04 09:53:37 AM","Rahim Yar Khan"
"265419","Muhammad AAmar","DR-915","EMDS Call","Medical Emergency","Others","2026/02/04 09:54:29 AM","Rahim Yar Khan"
"265420","Muhammad Fiaz","DR-206","EMDS Call","Rescue Operations","Others","2026/02/04 09:57:08 AM","Sadiqabad"
"265421","Muhammad Rashid Saleem","DR-187","EMDS Call","Medical Emergency","Diabetic","2026/02/04 10:01:36 AM","Sadiqabad"
"265422","Muhammad Fiaz","DR-206","Direct Call","Medical Emergency","High Fever","2026/02/04 10:02:43 AM","Rahim Yar Khan"
"265423","Muhammad AAmar","DR-915","EMDS Call","Medical Emergency","SOB/ Respiratory Distress","2026/02/04 10:04:12 AM","Khanpur"
"265424","Muhammad Arshad","DR-198","EMDS Call","Medical Emergency","Abdominal Pain","2026/02/04 10:05:56 AM","Sadiqabad"
"265425","Muhammad Rashid Saleem","DR-187","EMDS Call","Fall","Fall From Stairs","2026/02/04 10:08:40 AM","Khanpur"
"265426","Muhammad Rashid Saleem","DR-187","EMDS Call","Rescue Operations","Animal/Bird Rescue","2026/02/04 10:23:36 AM","Rahim Yar Khan"
"265427","Muhammad Arshad","DR-198","EMDS Call","Medical Emergency","Hypertension","2026/02/04 10:25:15 AM","Rahim Yar Khan"
"265428","Muhammad Rashid Saleem","DR-187","EMDS Call","Medical Emergency","High Fever","2026/02/04 10:35:53 AM","Rahim Yar Khan"
"265429","Muhammad Rashid Saleem","DR-187","Direct Call","Rescue Operations","Mass Event Coverage","2026/02/04 10:42:28 AM","Rahim Yar Khan"
"265430","Rana M. Usman","DR-200","EMDS Call","Medical Emergency","Chronic Illness","2026/02/04 10:41:42 AM","Khanpur"
"265431","Muhammad Arshad","DR-198","EMDS Call","Road Crash","Severe Trauma","2026/02/04 10:43:12 AM","Khanpur"
"265432","Muhammad Arshad","DR-198","EMDS Call","Road Crash","Minor Injuries","2026/02/04 10:51:23 AM","Rahim Yar Khan"
"265433","Rana M. Usman","DR-200","EMDS Call","Medical Emergency","SOB/ Respiratory Distress","2026/02/04 10:51:40 AM","Sadiqabad"
"76000","Muhammad Rashid Saleem","DR-187","Direct Call","Patient Transfer Service","N/A","2026/02/04 10:53:37 AM","Sadiqabad"
"76001","Muhammad Rashid Saleem","DR-187","Direct Call","Patient Transfer Service","N/A","2026/02/04 10:57:01 AM","Sadiqabad"
"265434","Rana M. Usman","DR-200","EMDS Call","Road Crash","Minor Injuries","2026/02/04 10:59:59 AM","Sadiqabad"
"265435","Muhammad Rashid Saleem","DR-187","EMDS Call","Medical Emergency","High Fever","2026/02/04 11:06:59 AM","Rahim Yar Khan"
"76002","Muhammad Rashid Saleem","DR-187","Direct Call","Patient Transfer Service","N/A","2026/02/04 11:12:06 AM","Khanpur"
"265436","Rana M. Usman","DR-200","EMDS Call","Medical Emergency","Unconscious","2026/02/04 11:11:44 AM","Rahim Yar Khan"
"265437","Muhammad Arshad","DR-198","Direct Call","Medical Emergency","Chest Pain","2026/02/04 11:11:57 AM","Sadiqabad"
"265438","Muhammad Rashid Saleem","DR-187","EMDS Call","Medical Emergency","SOB/ Respiratory Distress","2026/02/04 11:17:46 AM","Rahim Yar Khan"
"265439","Muhammad Arshad","DR-198","EMDS Call","Medical Emergency","Unconscious","2026/02/04 11:19:47 AM","Rahim Yar Khan"
"265440","Muhammad AAmar","DR-915","EMDS Call","Road Crash","Bleeding","2026/02/04 11:29:25 AM","Sadiqabad"
"265442","Rana M. Usman","DR-200","EMDS Call","Medical Emergency","High Fever","2026/02/04 11:29:08 AM","Rahim Yar Khan"
"265441","Muhammad Arshad","DR-198","EMDS Call","Medical Emergency","Others","2026/02/04 11:33:16 AM","Rahim Yar Khan"
"265443","Muhammad Arshad","DR-198","EMDS Call","Medical Emergency","Chronic Illness","2026/02/04 11:40:00 AM","Rahim Yar Khan"
"265445","Rana M. Usman","DR-200","EMDS Call","Medical Emergency","Others","2026/02/04 11:49:58 AM","Rahim Yar Khan"
"265444","Muhammad Arshad","DR-198","EMDS Call","Medical Emergency","Others","2026/02/04 11:51:45 AM","Rahim Yar Khan"
"265446","Muhammad Arshad","DR-198","EMDS Call","Medical Emergency","Unconscious","2026/02/04 11:59:55 AM","Liaqatpur"
"265447","Muhammad Rashid Saleem","DR-187","EMDS Call","Medical Emergency","Vomiting","2026/02/04 12:03:47 PM","Rahim Yar Khan"
"265448","Muhammad Rashid Saleem","DR-187","EMDS Call","Road Crash","Minor Injuries","2026/02/04 12:07:36 PM","Rahim Yar Khan"
"265449","Muhammad Rashid Saleem","DR-187","EMDS Call","Fire","Others","2026/02/04 12:15:03 PM","Sadiqabad"
"265450","Rana M. Usman","DR-200","EMDS Call","Medical Emergency","Diabetic","2026/02/04 12:15:27 PM","Rahim Yar Khan"
"265452","Muhammad Arshad","DR-198","EMDS Call","Medical Emergency","Unconscious","2026/02/04 12:15:40 PM","Liaqatpur"
"265451","Muhammad Rashid Saleem","DR-187","EMDS Call","Medical Emergency","Others","2026/02/04 12:19:59 PM","Khanpur"
"265454","Muhammad Arshad","DR-198","EMDS Call","Medical Emergency","Renal Disorders / Renal Colic ","2026/02/04 12:25:18 PM","Rahim Yar Khan"
"265453","Rana M. Usman","DR-200","EMDS Call","Medical Emergency","Joints Pain","2026/02/04 12:26:49 PM","Liaqatpur"
"265455","Muhammad Arshad","DR-198","EMDS Call","Medical Emergency","Joints Pain","2026/02/04 12:28:46 PM","Rahim Yar Khan"
"265456","Muhammad Arshad","DR-198","EMDS Call","Road Crash","Severe Trauma","2026/02/04 12:34:38 PM","Rahim Yar Khan"
"265457","Muhammad AAmar","DR-915","EMDS Call","Road Crash","Bleeding","2026/02/04 12:44:19 PM","Rahim Yar Khan"
"265459","Muhammad AAmar","DR-915","EMDS Call","Road Crash","Minor Injuries","2026/02/04 12:48:29 PM","Khanpur"
"265458","Muhammad Arshad","DR-198","EMDS Call","Rescue Operations","Delivery Case","2026/02/04 12:49:06 PM","Rahim Yar Khan"
"265460","Shahla Nawaz","DR-185","EMDS Call","Medical Emergency","Abdominal Pain","2026/02/04 12:59:29 PM","Sadiqabad"
"265461","Muhammad Rashid Saleem","DR-187","EMDS Call","Medical Emergency","Drug Addiction","2026/02/04 01:00:38 PM","Liaqatpur"
"265462","Shahla Nawaz","DR-185","EMDS Call","Road Crash","Multiple Fractures","2026/02/04 01:06:55 PM","Khanpur"
"265463","Shahla Nawaz","DR-185","EMDS Call","Medical Emergency","Joints Pain","2026/02/04 01:11:44 PM","Rahim Yar Khan"
"76003","Muhammad Arshad","DR-198","Direct Call","Patient Transfer Service","N/A","2026/02/04 01:14:21 PM","Sadiqabad"
"265464","Muhammad Rashid Saleem","DR-187","EMDS Call","Medical Emergency","Unconscious","2026/02/04 01:13:29 PM","Sadiqabad"
"265466","Shahla Nawaz","DR-185","EMDS Call","Road Crash","Severe Trauma","2026/02/04 01:22:24 PM","Khanpur"
"265465","Muhammad Rashid Saleem","DR-187","EMDS Call","Medical Emergency","Diarrhea","2026/02/04 01:23:40 PM","Rahim Yar Khan"
"265467","Muhammad Rashid Saleem","DR-187","EMDS Call","Medical Emergency","Chronic Illness","2026/02/04 01:28:26 PM","Rahim Yar Khan"
"265468","Shahla Nawaz","DR-185","EMDS Call","Medical Emergency","Chronic Illness","2026/02/04 01:27:58 PM","Khanpur"
"265469","Muhammad Rashid Saleem","DR-187","EMDS Call","Road Crash","Minor Injuries","2026/02/04 01:40:27 PM","Sadiqabad"
"265470","Muhammad Arshad","DR-198","EMDS Call","Medical Emergency","Chronic Illness","2026/02/04 01:44:59 PM","Rahim Yar Khan"
"265471","Muhammad AAmar","DR-915","EMDS Call","Medical Emergency","Joints Pain","2026/02/04 01:46:30 PM","Sadiqabad"
"265472","Muhammad Rashid Saleem","DR-187","EMDS Call","Medical Emergency","Diarrhea","2026/02/04 01:48:14 PM","Rahim Yar Khan"
"265473","Muhammad Arshad","DR-198","EMDS Call","Medical Emergency","Chronic Illness","2026/02/04 01:50:00 PM","Sadiqabad"
"265474","Muhammad Rashid Saleem","DR-187","EMDS Call","Medical Emergency","Others","2026/02/04 01:56:13 PM","Sadiqabad"
"265475","Shahla Nawaz","DR-185","EMDS Call","Road Crash","Bleeding","2026/02/04 02:05:43 PM","Rahim Yar Khan"
"265476","Muhammad AAmar","DR-915","EMDS Call","Medical Emergency","Others","2026/02/04 02:07:01 PM","Liaqatpur"
"265477","Muhammad AAmar","DR-915","EMDS Call","Medical Emergency","Hypertension","2026/02/04 02:11:39 PM","Rahim Yar Khan"
"265478","Muhammad AAmar","DR-915","EMDS Call","Medical Emergency","Abdominal Pain","2026/02/04 02:23:53 PM","Rahim Yar Khan"
"265479","Saira Bibi","MR-5494","EMDS Call","Medical Emergency","Backache","2026/02/04 02:26:12 PM","Liaqatpur"
"265480","Faiz Muhyy Ul Din","DR-892","EMDS Call","Medical Emergency","Chronic Illness","2026/02/04 02:25:43 PM","Rahim Yar Khan"
"265481","Maheen Tahir","MR-6017","EMDS Call","Medical Emergency","Others","2026/02/04 02:26:47 PM","Rahim Yar Khan"
"76004","Faiz Muhyy Ul Din","DR-892","Direct Call","Patient Transfer Service","N/A","2026/02/04 02:32:42 PM","Liaqatpur"
"265482","Faiz Muhyy Ul Din","DR-892","EMDS Call","Medical Emergency","Epilepsy","2026/02/04 02:34:01 PM","Rahim Yar Khan"
"265485","Muhammad AAmar","DR-915","EMDS Call","Medical Emergency","Others","2026/02/04 02:34:02 PM","Sadiqabad"
"265485","Muhammad AAmar","DR-915","EMDS Call","Medical Emergency","Others","2026/02/04 02:34:02 PM","Sadiqabad"
"265483","Maheen Tahir","MR-6017","EMDS Call","Road Crash","Minor Injuries","2026/02/04 02:34:29 PM","Rahim Yar Khan"
"265484","Muhammad AAmar","DR-915","EMDS Call","Medical Emergency","Unconscious","2026/02/04 02:36:04 PM","Rahim Yar Khan"
"265486","Saira Bibi","MR-5494","EMDS Call","Medical Emergency","Unconscious","2026/02/04 02:37:32 PM","Sadiqabad"
"265487","Maheen Tahir","MR-6017","EMDS Call","Road Crash","Bleeding","2026/02/04 02:39:08 PM","Liaqatpur"
"265488","Faiz Muhyy Ul Din","DR-892","EMDS Call","Medical Emergency","Domestic Injuries","2026/02/04 02:38:10 PM","Khanpur"
"76005","Faiz Muhyy Ul Din","DR-892","Direct Call","Patient Transfer Service","N/A","2026/02/04 02:41:37 PM","Liaqatpur"
"265489","Muhammad AAmar","DR-915","EMDS Call","Medical Emergency","Diabetic","2026/02/04 02:39:41 PM","Rahim Yar Khan"
"265490","Faiz Muhyy Ul Din","DR-892","EMDS Call","Rescue Operations","Electric Shock","2026/02/04 02:48:54 PM","Sadiqabad"
"265491","Maheen Tahir","MR-6017","EMDS Call","Road Crash","Bleeding","2026/02/04 02:49:48 PM","Rahim Yar Khan"
"265493","Faiz Muhyy Ul Din","DR-892","EMDS Call","Medical Emergency","SOB/ Respiratory Distress","2026/02/04 02:50:39 PM","Liaqatpur"
"265492","Maheen Tahir","MR-6017","EMDS Call","Road Crash","Minor Injuries","2026/02/04 02:54:36 PM","Rahim Yar Khan"
"265494","Saira Bibi","MR-5494","EMDS Call","Medical Emergency","Others","2026/02/04 02:54:39 PM","Rahim Yar Khan"
"265496","Faiz Muhyy Ul Din","DR-892","EMDS Call","Medical Emergency","Hypertension","2026/02/04 03:05:08 PM","Sadiqabad"
"265495","Saira Bibi","MR-5494","EMDS Call","Fire","Others","2026/02/04 03:05:12 PM","Sadiqabad"
"265497","Maheen Tahir","MR-6017","EMDS Call","Road Crash","Bleeding","2026/02/04 03:16:17 PM","Rahim Yar Khan"
"76006","Saira Bibi","MR-5494","Direct Call","Patient Transfer Service","N/A","2026/02/04 03:18:30 PM","Sadiqabad"
"76007","Maheen Tahir","MR-6017","Direct Call","Patient Transfer Service","N/A","2026/02/04 03:26:06 PM","Khanpur"
"265498","Saira Bibi","MR-5494","EMDS Call","Road Crash","Minor Injuries","2026/02/04 03:28:45 PM","Rahim Yar Khan"
"265499","Maheen Tahir","MR-6017","EMDS Call","Medical Emergency","Others","2026/02/04 03:29:18 PM","Rahim Yar Khan"
"265500","Faiz Muhyy Ul Din","DR-892","EMDS Call","Rescue Operations","Animal/Bird Rescue","2026/02/04 03:39:52 PM","Khanpur"
"265501","Shaheen Islam","DR-1171","EMDS Call","Road Crash","Bleeding","2026/02/04 03:41:41 PM","Sadiqabad"
"265502","Maheen Tahir","MR-6017","EMDS Call","Road Crash","Minor Injuries","2026/02/04 03:46:26 PM","Rahim Yar Khan"
"265503","Faiz Muhyy Ul Din","DR-892","EMDS Call","Road Crash","Minor Injuries","2026/02/04 03:49:50 PM","Rahim Yar Khan"
"265504","Faiz Muhyy Ul Din","DR-892","EMDS Call","Medical Emergency","Vomiting","2026/02/04 03:51:48 PM","Rahim Yar Khan"
"265505","Shaheen Islam","DR-1171","EMDS Call","Medical Emergency","Vomiting","2026/02/04 03:53:58 PM","Liaqatpur"
"265506","Maheen Tahir","MR-6017","EMDS Call","Medical Emergency","Joints Pain","2026/02/04 03:55:28 PM","Khanpur"
"Not Assigned","Shaheen Islam","DR-1171","EMDS Call","Medical Emergency","SOB/ Respiratory Distress","2026/02/04 03:57:12 PM","Sadiqabad"
"265509","Shaheen Islam","DR-1171","EMDS Call","Medical Emergency","Domestic Injuries","2026/02/04 04:02:49 PM","Rahim Yar Khan"
"265508","Maheen Tahir","MR-6017","Direct Call","Rescue Operations","Mass Event Coverage","2026/02/04 04:03:36 PM","Liaqatpur"
"76008","Maheen Tahir","MR-6017","Direct Call","Patient Transfer Service","N/A","2026/02/04 04:06:20 PM","Khanpur"
"265510","Shaheen Islam","DR-1171","EMDS Call","Road Crash","Bleeding","2026/02/04 04:12:42 PM","Sadiqabad"
"265511","Saira Bibi","MR-5494","EMDS Call","Medical Emergency","SOB/ Respiratory Distress","2026/02/04 04:16:03 PM","Rahim Yar Khan"
"265512","Maheen Tahir","MR-6017","EMDS Call","Rescue Operations","Delivery Case","2026/02/04 04:17:46 PM","Rahim Yar Khan"
"265513","Shaheen Islam","DR-1171","EMDS Call","Medical Emergency","Others","2026/02/04 04:18:25 PM","Rahim Yar Khan"
"265514","Saira Bibi","MR-5494","EMDS Call","Medical Emergency","Chest Pain","2026/02/04 04:20:11 PM","Khanpur"
"265515","Faiz Muhyy Ul Din","DR-892","EMDS Call","Medical Emergency","Unconscious","2026/02/04 04:25:34 PM","Rahim Yar Khan"
"265516","Maheen Tahir","MR-6017","EMDS Call","Medical Emergency","Joints Pain","2026/02/04 04:30:48 PM","Sadiqabad"
"265517","Shaheen Islam","DR-1171","EMDS Call","Road Crash","Minor Injuries","2026/02/04 04:30:19 PM","Khanpur"
"265518","Faiz Muhyy Ul Din","DR-892","EMDS Call","Fall","Fall From Roof","2026/02/04 04:33:26 PM","Rahim Yar Khan"
"265519","Maheen Tahir","MR-6017","EMDS Call","Medical Emergency","Joints Pain","2026/02/04 04:34:03 PM","Khanpur"
"265520","Shaheen Islam","DR-1171","EMDS Call","Road Crash","Minor Injuries","2026/02/04 04:41:49 PM","Sadiqabad"
"265521","Faiz Muhyy Ul Din","DR-892","EMDS Call","Medical Emergency","Renal Disorders / Renal Colic ","2026/02/04 04:42:09 PM","Liaqatpur"
"265522","Saira Bibi","MR-5494","EMDS Call","Medical Emergency","Abdominal Pain","2026/02/04 04:49:29 PM","Rahim Yar Khan"
"265523","Faiz Muhyy Ul Din","DR-892","EMDS Call","Medical Emergency","Chronic Illness","2026/02/04 04:56:35 PM","Sadiqabad"
"76009","Faiz Muhyy Ul Din","DR-892","Direct Call","Patient Transfer Service","N/A","2026/02/04 05:04:32 PM","Sadiqabad"
"76010","Saira Bibi","MR-5494","Direct Call","Patient Transfer Service","N/A","2026/02/04 05:08:53 PM","Rahim Yar Khan"
"76011","Maheen Tahir","MR-6017","Direct Call","Patient Transfer Service","N/A","2026/02/04 05:19:23 PM","Sadiqabad"
"265524","Saira Bibi","MR-5494","EMDS Call","Road Crash","Minor Injuries","2026/02/04 05:32:00 PM","Rahim Yar Khan"
"265525","Maheen Tahir","MR-6017","EMDS Call","Medical Emergency","Others","2026/02/04 05:42:36 PM","Sadiqabad"
"265526","Faiz Muhyy Ul Din","DR-892","EMDS Call","Road Crash","Multiple Fractures","2026/02/04 05:47:44 PM","Rahim Yar Khan"
"265527","Maheen Tahir","MR-6017","EMDS Call","Medical Emergency","Others","2026/02/04 06:00:34 PM","Rahim Yar Khan"
"265528","Faiz Muhyy Ul Din","DR-892","EMDS Call","Medical Emergency","Unconscious","2026/02/04 06:02:33 PM","Rahim Yar Khan"
"Not Assigned","Saira Bibi","MR-5494","EMDS Call","Road Crash","Bleeding","2026/02/04 06:03:47 PM","Rahim Yar Khan"
"265530","Maheen Tahir","MR-6017","EMDS Call","Fire","Others","2026/02/04 06:09:33 PM","Khanpur"
"265531","Faiz Muhyy Ul Din","DR-892","EMDS Call","Medical Emergency","Unconscious","2026/02/04 06:15:44 PM","Sadiqabad"
"Not Assigned","Maheen Tahir","MR-6017","EMDS Call","Medical Emergency","Epilepsy","2026/02/04 06:16:29 PM","Sadiqabad"
"265533","Faiz Muhyy Ul Din","DR-892","EMDS Call","Medical Emergency","SOB/ Respiratory Distress","2026/02/04 06:20:22 PM","Rahim Yar Khan"
"265534","Maheen Tahir","MR-6017","EMDS Call","Medical Emergency","Others","2026/02/04 06:25:15 PM","Rahim Yar Khan"
"265535","Saira Bibi","MR-5494","EMDS Call","Medical Emergency","Others","2026/02/04 06:43:40 PM","Rahim Yar Khan"
"265536","Faiz Muhyy Ul Din","DR-892","EMDS Call","Road Crash","Severe Trauma","2026/02/04 06:49:55 PM","Sadiqabad"
"265537","Faiz Muhyy Ul Din","DR-892","EMDS Call","Road Crash","Minor Injuries","2026/02/04 06:52:11 PM","Sadiqabad"
"265538","Maheen Tahir","MR-6017","EMDS Call","Road Crash","Bleeding","2026/02/04 06:55:50 PM","Rahim Yar Khan"
"76012","Saira Bibi","MR-5494","Direct Call","Patient Transfer Service","N/A","2026/02/04 06:58:34 PM","Khanpur"
"265539","Faiz Muhyy Ul Din","DR-892","Direct Call","Medical Emergency","Abdominal Pain","2026/02/04 07:02:44 PM","Sadiqabad"
"265540","Maheen Tahir","MR-6017","EMDS Call","Road Crash","Minor Injuries","2026/02/04 07:09:52 PM","Khanpur"
"265541","Saira Bibi","MR-5494","EMDS Call","Road Crash","Minor Injuries","2026/02/04 07:10:42 PM","Rahim Yar Khan"
"265543","Faiz Muhyy Ul Din","DR-892","EMDS Call","Medical Emergency","Hypotension","2026/02/04 07:17:32 PM","Khanpur"
"265542","Saira Bibi","MR-5494","EMDS Call","Medical Emergency","High Fever","2026/02/04 07:17:11 PM","Rahim Yar Khan"
"265544","Maheen Tahir","MR-6017","Direct Call","Medical Emergency","Hypertension","2026/02/04 07:20:07 PM","Liaqatpur"
"265545","Faiz Muhyy Ul Din","DR-892","EMDS Call","Medical Emergency","Chronic Illness","2026/02/04 07:22:06 PM","Rahim Yar Khan"
"265546","Saira Bibi","MR-5494","EMDS Call","Road Crash","Multiple Fractures","2026/02/04 07:22:54 PM","Rahim Yar Khan"
"265546","Saira Bibi","MR-5494","EMDS Call","Road Crash","Multiple Fractures","2026/02/04 07:22:54 PM","Rahim Yar Khan"
"76013","Faiz Muhyy Ul Din","DR-892","Direct Call","Patient Transfer Service","N/A","2026/02/04 07:31:19 PM","Sadiqabad"
"265547","Saira Bibi","MR-5494","EMDS Call","Rescue Operations","Delivery Case","2026/02/04 07:30:12 PM","Sadiqabad"
"265549","Saira Bibi","MR-5494","EMDS Call","Medical Emergency","Renal Disorders / Renal Colic ","2026/02/04 07:37:35 PM","Khanpur"
"265548","Faiz Muhyy Ul Din","DR-892","EMDS Call","Medical Emergency","Vomiting","2026/02/04 07:37:32 PM","Liaqatpur"
"265550","Faiz Muhyy Ul Din","DR-892","EMDS Call","Medical Emergency","Hypertension","2026/02/04 07:39:33 PM","Khanpur"
"265551","Maheen Tahir","MR-6017","EMDS Call","Road Crash","Bleeding","2026/02/04 07:48:04 PM","Sadiqabad"
"265552","Faiz Muhyy Ul Din","DR-892","Direct Call","Medical Emergency","SOB/ Respiratory Distress","2026/02/04 08:04:20 PM","Rahim Yar Khan"
"265553","Maheen Tahir","MR-6017","EMDS Call","Medical Emergency","Others","2026/02/04 08:12:57 PM","Liaqatpur"
"265553","Maheen Tahir","MR-6017","EMDS Call","Medical Emergency","Others","2026/02/04 08:12:57 PM","Liaqatpur"
"265554","Faiz Muhyy Ul Din","DR-892","EMDS Call","Medical Emergency","Others","2026/02/04 08:19:45 PM","Khanpur"
"265555","Faiz Muhyy Ul Din","DR-892","EMDS Call","Medical Emergency","Others","2026/02/04 08:25:14 PM","Rahim Yar Khan"
"265556","Faiz Muhyy Ul Din","DR-892","EMDS Call","Medical Emergency","Others","2026/02/04 08:28:18 PM","Rahim Yar Khan"
"265557","Saira Bibi","MR-5494","EMDS Call","Medical Emergency","Epilepsy","2026/02/04 08:32:25 PM","Liaqatpur"
"265559","Faiz Muhyy Ul Din","DR-892","EMDS Call","Rescue Operations","Delivery Case","2026/02/04 08:35:10 PM","Rahim Yar Khan"
"265558","Saira Bibi","MR-5494","EMDS Call","Medical Emergency","Hypertension","2026/02/04 08:36:21 PM","Rahim Yar Khan"
"265560","Saima Bashir","MR-5819","EMDS Call","Medical Emergency","Hypertension","2026/02/04 08:55:43 PM","Rahim Yar Khan"
"265561","Nida Rahat","DR-1322","EMDS Call","Medical Emergency","Hypertension","2026/02/04 08:58:11 PM","Rahim Yar Khan"
"76014","Fahad Hussain","DR-538","Direct Call","Patient Transfer Service","N/A","2026/02/04 09:12:11 PM","Khanpur"
"265562","Fahad Hussain","DR-538","EMDS Call","Medical Emergency","Others","2026/02/04 09:14:39 PM","Rahim Yar Khan"
"265563","Saima Bashir","MR-5819","EMDS Call","Road Crash","Minor Injuries","2026/02/04 09:23:21 PM","Rahim Yar Khan"
"265564","Nida Rahat","DR-1322","EMDS Call","Medical Emergency","Others","2026/02/04 09:23:45 PM","Liaqatpur"
"76015","Nida Rahat","DR-1322","Direct Call","Patient Transfer Service","N/A","2026/02/04 09:28:32 PM","Liaqatpur"
"265565","Saima Bashir","MR-5819","EMDS Call","Medical Emergency","Others","2026/02/04 09:40:02 PM","Rahim Yar Khan"
"265569","Nida Rahat","DR-1322","EMDS Call","Medical Emergency","Others","2026/02/04 09:50:10 PM","Sadiqabad"
"265566","Fahad Hussain","DR-538","EMDS Call","Medical Emergency","Hypertension","2026/02/04 09:50:32 PM","Sadiqabad"
"265567","Saima Bashir","MR-5819","EMDS Call","Medical Emergency","Others","2026/02/04 09:48:41 PM","Rahim Yar Khan"
"265568","Nida Rahat","DR-1322","EMDS Call","Medical Emergency","Others","2026/02/04 09:53:23 PM","Khanpur"
"265570","Fahad Hussain","DR-538","EMDS Call","Medical Emergency","Others","2026/02/04 10:14:42 PM","Rahim Yar Khan"
"265571","Nida Rahat","DR-1322","Direct Call","Medical Emergency","SOB/ Respiratory Distress","2026/02/04 10:21:41 PM","Rahim Yar Khan"
"76016","Nida Rahat","DR-1322","Direct Call","Patient Transfer Service","N/A","2026/02/04 10:28:51 PM","Liaqatpur"
"265572","Saima Bashir","MR-5819","EMDS Call","Medical Emergency","Others","2026/02/04 10:25:56 PM","Rahim Yar Khan"
"76017","Nida Rahat","DR-1322","Direct Call","Patient Transfer Service","N/A","2026/02/04 10:35:06 PM","Liaqatpur"
"265573","Saima Bashir","MR-5819","EMDS Call","Road Crash","Minor Injuries","2026/02/04 10:34:57 PM","Liaqatpur"
"265574","Nida Rahat","DR-1322","EMDS Call","Medical Emergency","Others","2026/02/04 10:39:18 PM","Rahim Yar Khan"
"265575","Nida Rahat","DR-1322","EMDS Call","Medical Emergency","High Fever","2026/02/04 10:46:58 PM","Rahim Yar Khan"
"76018","Fahad Hussain","DR-538","Direct Call","Patient Transfer Service","N/A","2026/02/04 10:57:54 PM","Sadiqabad"
"265576","Fahad Hussain","DR-538","EMDS Call","Medical Emergency","SOB/ Respiratory Distress","2026/02/04 10:59:54 PM","Khanpur"
"265577","Nida Rahat","DR-1322","Direct Call","Medical Emergency","Others","2026/02/04 11:05:03 PM","Rahim Yar Khan"
"265578","Fahad Hussain","DR-538","EMDS Call","Medical Emergency","Others","2026/02/04 11:06:09 PM","Rahim Yar Khan"
"76019","Fahad Hussain","DR-538","Direct Call","Patient Transfer Service","N/A","2026/02/04 11:10:23 PM","Sadiqabad"
"265579","Fahad Hussain","DR-538","EMDS Call","Medical Emergency","Others","2026/02/04 11:19:58 PM","Rahim Yar Khan"
"265580","Nida Rahat","DR-1322","EMDS Call","Medical Emergency","Abdominal Pain","2026/02/04 11:19:51 PM","Rahim Yar Khan"
"265581","Fahad Hussain","DR-538","EMDS Call","Medical Emergency","SOB/ Respiratory Distress","2026/02/04 11:28:34 PM","Sadiqabad"
"265582","Nida Rahat","DR-1322","EMDS Call","Medical Emergency","Others","2026/02/04 11:38:28 PM","Rahim Yar Khan"
"265583","Nida Rahat","DR-1322","EMDS Call","Medical Emergency","Hypertension","2026/02/04 11:42:46 PM","Rahim Yar Khan"
"265584","Nida Rahat","DR-1322","Direct Call","Medical Emergency","Vomiting","2026/02/04 11:52:02 PM","Rahim Yar Khan"
"265585","Nida Rahat","DR-1322","EMDS Call","Medical Emergency","Others","2026/02/05 12:10:07 AM","Rahim Yar Khan"
"265586","Fahad Hussain","DR-538","EMDS Call","Medical Emergency","Vomiting","2026/02/05 12:12:21 AM","Rahim Yar Khan"
"265587","Saima Bashir","MR-5819","EMDS Call","Medical Emergency","Joints Pain","2026/02/05 12:13:32 AM","Rahim Yar Khan"
"265588","Fahad Hussain","DR-538","EMDS Call","Medical Emergency","Diabetic","2026/02/05 12:35:42 AM","Khanpur"
"265589","Saima Bashir","MR-5819","EMDS Call","Medical Emergency","Abdominal Pain","2026/02/05 12:44:36 AM","Rahim Yar Khan"
"265590","Nida Rahat","DR-1322","EMDS Call","Medical Emergency","Renal Disorders / Renal Colic ","2026/02/05 12:46:57 AM","Liaqatpur"
"265591","Fahad Hussain","DR-538","EMDS Call","Medical Emergency","Others","2026/02/05 12:49:41 AM","Sadiqabad"
"265592","Nida Rahat","DR-1322","EMDS Call","Medical Emergency","High Fever","2026/02/05 01:21:55 AM","Rahim Yar Khan"
"265593","Fahad Hussain","DR-538","EMDS Call","Medical Emergency","Abdominal Pain","2026/02/05 01:35:52 AM","Rahim Yar Khan"
"265594","Nida Rahat","DR-1322","EMDS Call","Medical Emergency","Diabetic","2026/02/05 01:45:42 AM","Khanpur"
"265595","Fahad Hussain","DR-538","EMDS Call","Medical Emergency","Others","2026/02/05 02:31:17 AM","Rahim Yar Khan"
"265596","Nida Rahat","DR-1322","EMDS Call","Medical Emergency","Others","2026/02/05 03:21:59 AM","Khanpur"
"265597","Zahid Manzoor","DR-887","EMDS Call","Medical Emergency","Abdominal Pain","2026/02/05 03:31:22 AM","Rahim Yar Khan"
"265598","Zahid Manzoor","DR-887","EMDS Call","Rescue Operations","Delivery Case","2026/02/05 03:49:04 AM","Khanpur"
"Not Assigned","Adil Iqbal","DR-782","EMDS Call","Medical Emergency","Others","2026/02/05 03:56:10 AM","Rahim Yar Khan"
"265600","Zahid Manzoor","DR-887","EMDS Call","Medical Emergency","Unconscious","2026/02/05 04:31:27 AM","Rahim Yar Khan"
"265599","Muhammad ALi","DR-818","EMDS Call","Medical Emergency","Hypertension","2026/02/05 04:32:25 AM","Rahim Yar Khan"
"265601","Adil Iqbal","DR-782","EMDS Call","Medical Emergency","SOB/ Respiratory Distress","2026/02/05 04:52:06 AM","Khanpur"
"265602","Adil Iqbal","DR-782","EMDS Call","Medical Emergency","Others","2026/02/05 05:46:51 AM","Rahim Yar Khan"
"265603","Zahid Manzoor","DR-887","EMDS Call","Medical Emergency","Joints Pain","2026/02/05 06:31:59 AM","Rahim Yar Khan"
"265604","Adil Iqbal","DR-782","EMDS Call","Medical Emergency","Abdominal Pain","2026/02/05 06:47:59 AM","Rahim Yar Khan"
"265605","Zahid Manzoor","DR-887","EMDS Call","Medical Emergency","High Fever","2026/02/05 06:55:03 AM","Rahim Yar Khan"
"265606","Adil Iqbal","DR-782","EMDS Call","Medical Emergency","Unconscious","2026/02/05 06:58:10 AM","Rahim Yar Khan"
"265607","Adil Iqbal","DR-782","EMDS Call","Medical Emergency","Renal Disorders / Renal Colic ","2026/02/05 07:11:20 AM","Sadiqabad"
"265608","Adil Iqbal","DR-782","EMDS Call","Medical Emergency","SOB/ Respiratory Distress","2026/02/05 07:18:38 AM","Sadiqabad"
"265609","Adil Iqbal","DR-782","EMDS Call","Medical Emergency","Others","2026/02/05 07:33:02 AM","Rahim Yar Khan"
"265610","Adil Iqbal","DR-782","EMDS Call","Medical Emergency","Others","2026/02/05 07:40:01 AM","Rahim Yar Khan"
"265611","Muhammad ALi","DR-818","EMDS Call","Medical Emergency","Others","2026/02/05 07:38:22 AM","Rahim Yar Khan"
"265612","Muhammad ALi","DR-818","EMDS Call","Medical Emergency","Domestic Injuries","2026/02/05 07:46:32 AM","Liaqatpur"
"265613","Adil Iqbal","DR-782","EMDS Call","Medical Emergency","Hypertension","2026/02/05 07:48:58 AM","Rahim Yar Khan"
"265615","Muhammad Rashid Saleem","DR-187","EMDS Call","Medical Emergency","Unconscious","2026/02/05 07:55:18 AM","Khanpur"
"265614","Shahla Nawaz","DR-185","EMDS Call","Medical Emergency","Others","2026/02/05 07:56:18 AM","Rahim Yar Khan"
"265616","Shahla Nawaz","DR-185","Direct Call","Medical Emergency","Joints Pain","2026/02/05 07:58:19 AM","Rahim Yar Khan"
"265617","Muhammad Rashid Saleem","DR-187","EMDS Call","Medical Emergency","Diabetic","2026/02/05 07:58:40 AM","Liaqatpur"
"265618","Muhammad Rashid Saleem","DR-187","Direct Call","Rescue Operations","Mass Event Coverage","2026/02/05 08:01:14 AM","Rahim Yar Khan"
"265619","Zupasha Zia","MR-5758","EMDS Call","Medical Emergency","Others","2026/02/05 08:06:18 AM","Sadiqabad"
"265620","Muhammad Rashid Saleem","DR-187","Direct Call","Rescue Operations","Mass Event Coverage","2026/02/05 08:13:21 AM","Sadiqabad"
"265621","Muhammad Rashid Saleem","DR-187","EMDS Call","Road Crash","Bleeding","2026/02/05 08:25:44 AM","Khanpur"
"265622","Shahla Nawaz","DR-185","EMDS Call","Medical Emergency","Backache","2026/02/05 08:27:09 AM","Rahim Yar Khan"
"76020","Rana M. Usman","DR-200","Direct Call","Patient Transfer Service","N/A","2026/02/05 08:33:21 AM","Sadiqabad"
"265623","Rana M. Usman","DR-200","EMDS Call","Medical Emergency","High Fever","2026/02/05 08:36:00 AM","Liaqatpur"
"265624","Shahla Nawaz","DR-185","EMDS Call","Medical Emergency","Others","2026/02/05 08:37:17 AM","Sadiqabad"
"265625","Muhammad Rashid Saleem","DR-187","Direct Call","Rescue Operations","Mass Event Coverage","2026/02/05 08:43:08 AM","Rahim Yar Khan"
"265626","Rana M. Usman","DR-200","EMDS Call","Medical Emergency","Others","2026/02/05 08:42:57 AM","Liaqatpur"
"265627","Shahla Nawaz","DR-185","EMDS Call","Medical Emergency","Vomiting","2026/02/05 09:07:22 AM","Rahim Yar Khan"
"76021","Muhammad Rashid Saleem","DR-187","Direct Call","Patient Transfer Service","N/A","2026/02/05 09:11:57 AM","Sadiqabad"
"265628","Muhammad Rashid Saleem","DR-187","EMDS Call","Road Crash","Bleeding","2026/02/05 09:13:08 AM","Rahim Yar Khan"
"265629","Shahla Nawaz","DR-185","EMDS Call","Medical Emergency","Others","2026/02/05 09:12:57 AM","Khanpur"
"265630","Shahla Nawaz","DR-185","EMDS Call","Medical Emergency","Chest Pain","2026/02/05 09:18:58 AM","Rahim Yar Khan"
"265631","Muhammad Rashid Saleem","DR-187","EMDS Call","Medical Emergency","Hypertension","2026/02/05 09:21:05 AM","Rahim Yar Khan"
"76022","Zupasha Zia","MR-5758","Direct Call","Patient Transfer Service","N/A","2026/02/05 09:30:37 AM","Khanpur"
"265632","Zupasha Zia","MR-5758","Direct Call","Rescue Operations","Mass Event Coverage","2026/02/05 09:32:51 AM","Khanpur"
"265633","Zupasha Zia","MR-5758","Direct Call","Rescue Operations","Mass Event Coverage","2026/02/05 09:36:38 AM","Liaqatpur"
"76023","Rana M. Usman","DR-200","Direct Call","Patient Transfer Service","N/A","2026/02/05 09:49:34 AM","Khanpur"
"265634","Zupasha Zia","MR-5758","EMDS Call","Road Crash","Bleeding","2026/02/05 09:51:51 AM","Rahim Yar Khan"
"265635","Shahla Nawaz","DR-185","EMDS Call","Medical Emergency","Diabetic","2026/02/05 09:56:37 AM","Rahim Yar Khan"
"265636","Zupasha Zia","MR-5758","EMDS Call","Medical Emergency","Others","2026/02/05 10:06:51 AM","Sadiqabad"
"265637","Rana M. Usman","DR-200","EMDS Call","Medical Emergency","Others","2026/02/05 10:14:17 AM","Rahim Yar Khan"
"265638","Muhammad Rashid Saleem","DR-187","EMDS Call","Medical Emergency","Others","2026/02/05 10:15:22 AM","Khanpur"
"76024","Muhammad Rashid Saleem","DR-187","Direct Call","Patient Transfer Service","N/A","2026/02/05 10:17:32 AM","Liaqatpur"
"265639","Zupasha Zia","MR-5758","EMDS Call","Medical Emergency","Hypertension","2026/02/05 10:16:10 AM","Rahim Yar Khan"
"265640","Zupasha Zia","MR-5758","EMDS Call","Crime","Probable Suicide","2026/02/05 10:31:26 AM","Rahim Yar Khan"
"265641","Muhammad Rashid Saleem","DR-187","EMDS Call","Road Crash","Severe Trauma","2026/02/05 10:32:06 AM","Rahim Yar Khan"
"265642","Muhammad Rashid Saleem","DR-187","EMDS Call","Medical Emergency","Chest Pain","2026/02/05 10:33:36 AM","Sadiqabad"
"265643","Muhammad Rashid Saleem","DR-187","EMDS Call","Road Crash","Bleeding","2026/02/05 10:38:38 AM","Khanpur"
"265644","Muhammad Rashid Saleem","DR-187","EMDS Call","Medical Emergency","Abdominal Pain","2026/02/05 10:57:58 AM","Khanpur"
"265645","Rana M. Usman","DR-200","EMDS Call","Medical Emergency","Vomiting","2026/02/05 11:11:00 AM","Rahim Yar Khan"
"265646","Rana M. Usman","DR-200","EMDS Call","Fall","Fall From Roof","2026/02/05 11:14:58 AM","Liaqatpur"
"Not Assigned","Rana M. Usman","DR-200","EMDS Call","Medical Emergency","Vomiting","2026/02/05 11:17:35 AM","Rahim Yar Khan"
"265648","Zupasha Zia","MR-5758","EMDS Call","Medical Emergency","Others","2026/02/05 11:23:40 AM","Rahim Yar Khan"
"265649","Rana M. Usman","DR-200","EMDS Call","Medical Emergency","Others","2026/02/05 11:28:02 AM","Rahim Yar Khan"
"265650","Zupasha Zia","MR-5758","EMDS Call","Road Crash","Minor Injuries","2026/02/05 11:27:38 AM","Khanpur"
"265653","Muhammad Rashid Saleem","DR-187","EMDS Call","Medical Emergency","Chronic Illness","2026/02/05 11:30:34 AM","Rahim Yar Khan"
"265651","Rana M. Usman","DR-200","EMDS Call","Road Crash","Severe Trauma","2026/02/05 11:32:31 AM","Sadiqabad"
"265652","Zupasha Zia","MR-5758","EMDS Call","Medical Emergency","Hypertension","2026/02/05 11:32:17 AM","Rahim Yar Khan"
"265654","Zupasha Zia","MR-5758","EMDS Call","Medical Emergency","Others","2026/02/05 11:35:06 AM","Sadiqabad"
"265655","Muhammad Rashid Saleem","DR-187","EMDS Call","Medical Emergency","Chest Pain","2026/02/05 11:36:34 AM","Rahim Yar Khan"
"265656","Rana M. Usman","DR-200","EMDS Call","Road Crash","Bleeding","2026/02/05 11:41:30 AM","Sadiqabad"
"265657","Zupasha Zia","MR-5758","EMDS Call","Road Crash","Minor Injuries","2026/02/05 11:44:44 AM","Rahim Yar Khan"
"265658","Rana M. Usman","DR-200","EMDS Call","Medical Emergency","Others","2026/02/05 11:48:06 AM","Sadiqabad"
"265659","Zupasha Zia","MR-5758","EMDS Call","Medical Emergency","Diabetic","2026/02/05 11:48:33 AM","Rahim Yar Khan"
"265660","Rana M. Usman","DR-200","EMDS Call","Road Crash","Bleeding","2026/02/05 11:51:19 AM","Sadiqabad"
"Not Assigned","Zupasha Zia","MR-5758","EMDS Call","Medical Emergency","Unconscious","2026/02/05 11:56:56 AM","Rahim Yar Khan"
"265661","Zupasha Zia","MR-5758","EMDS Call","Medical Emergency","Hypertension","2026/02/05 12:05:42 PM","Rahim Yar Khan"
"265662","Shahla Nawaz","DR-185","EMDS Call","Medical Emergency","High Fever","2026/02/05 12:07:20 PM","Liaqatpur"
"76025","Rana M. Usman","DR-200","Direct Call","Patient Transfer Service","N/A","2026/02/05 12:09:31 PM","Sadiqabad"
"76026","Bushra Saleem","MR-5701","Direct Call","Patient Transfer Service","N/A","2026/02/05 12:20:01 PM","Khanpur"
"265664","Rana M. Usman","DR-200","EMDS Call","Road Crash","Severe Trauma","2026/02/05 12:20:30 PM","Sadiqabad"
"265664","Rana M. Usman","DR-200","EMDS Call","Road Crash","Severe Trauma","2026/02/05 12:20:30 PM","Sadiqabad"
"265664","Rana M. Usman","DR-200","EMDS Call","Road Crash","Severe Trauma","2026/02/05 12:20:30 PM","Sadiqabad"
"265664","Rana M. Usman","DR-200","EMDS Call","Road Crash","Severe Trauma","2026/02/05 12:20:30 PM","Sadiqabad"
"76027","Muhammad Fiaz","DR-206","Direct Call","Patient Transfer Service","N/A","2026/02/05 12:28:11 PM","Khanpur"
"265665","Rana M. Usman","DR-200","EMDS Call","Medical Emergency","Others","2026/02/05 12:27:36 PM","Rahim Yar Khan"
"265666","Bushra Saleem","MR-5701","EMDS Call","Fire","Others","2026/02/05 12:37:42 PM","Khanpur"
"265667","Bushra Saleem","MR-5701","EMDS Call","Medical Emergency","Diabetic","2026/02/05 12:43:46 PM","Rahim Yar Khan"
"265668","Zupasha Zia","MR-5758","EMDS Call","Road Crash","Minor Injuries","2026/02/05 12:46:24 PM","Rahim Yar Khan"
"265669","Muhammad Rashid Saleem","DR-187","EMDS Call","Medical Emergency","Others","2026/02/05 12:51:05 PM","Rahim Yar Khan"
"265670","Zupasha Zia","MR-5758","EMDS Call","Medical Emergency","Others","2026/02/05 12:53:55 PM","Rahim Yar Khan"
"265671","Zupasha Zia","MR-5758","EMDS Call","Fall","Slipped On Floor","2026/02/05 12:59:39 PM","Sadiqabad"
"265672","Shahla Nawaz","DR-185","EMDS Call","Medical Emergency","Hypertension","2026/02/05 01:07:13 PM","Rahim Yar Khan"
"265673","Shahla Nawaz","DR-185","EMDS Call","Road Crash","Bleeding","2026/02/05 01:11:49 PM","Liaqatpur"
"265674","Shahla Nawaz","DR-185","EMDS Call","Road Crash","Minor Injuries","2026/02/05 01:17:33 PM","Sadiqabad"
"265675","Zupasha Zia","MR-5758","EMDS Call","Medical Emergency","High Fever","2026/02/05 01:19:42 PM","Rahim Yar Khan"
"265676","Zupasha Zia","MR-5758","EMDS Call","Medical Emergency","High Fever","2026/02/05 01:25:47 PM","Rahim Yar Khan"
"265677","Zupasha Zia","MR-5758","EMDS Call","Road Crash","Severe Trauma","2026/02/05 01:27:21 PM","Sadiqabad"
"265678","Shahla Nawaz","DR-185","EMDS Call","Road Crash","Bleeding","2026/02/05 01:25:39 PM","Rahim Yar Khan"
"265679","Zupasha Zia","MR-5758","EMDS Call","Medical Emergency","Others","2026/02/05 01:44:13 PM","Sadiqabad"
"265680","Shahla Nawaz","DR-185","EMDS Call","Medical Emergency","Joints Pain","2026/02/05 01:47:19 PM","Sadiqabad"
"265681","Shahla Nawaz","DR-185","EMDS Call","Medical Emergency","Hypertension","2026/02/05 01:51:44 PM","Liaqatpur"
"265682","Bushra Saleem","MR-5701","EMDS Call","Medical Emergency","Others","2026/02/05 01:53:10 PM","Rahim Yar Khan"
"265683","Zupasha Zia","MR-5758","EMDS Call","Road Crash","Minor Injuries","2026/02/05 02:00:20 PM","Khanpur"
"265684","Shahla Nawaz","DR-185","EMDS Call","Rescue Operations","Scorpion Bite/Other Animal/Insect Bite","2026/02/05 02:09:39 PM","Rahim Yar Khan"
"76028","Zupasha Zia","MR-5758","Direct Call","Patient Transfer Service","N/A","2026/02/05 02:15:54 PM","Khanpur"
"265685","Bushra Saleem","MR-5701","EMDS Call","Rescue Operations","Delivery Case","2026/02/05 02:17:58 PM","Khanpur"
"265686","Maheen Tahir","MR-6017","EMDS Call","Medical Emergency","SOB/ Respiratory Distress","2026/02/05 02:19:09 PM","Sadiqabad"
"265687","Bushra Saleem","MR-5701","EMDS Call","Medical Emergency","Others","2026/02/05 02:21:00 PM","Rahim Yar Khan"
"265688","Muhammad Zahid","DR-888","EMDS Call","Medical Emergency","Renal Disorders / Renal Colic ","2026/02/05 02:41:41 PM","Sadiqabad"
"265689","Muhammad Zahid","DR-888","EMDS Call","Road Crash","Minor Injuries","2026/02/05 02:47:33 PM","Rahim Yar Khan"
"265690","Maheen Tahir","MR-6017","EMDS Call","Medical Emergency","Others","2026/02/05 02:51:54 PM","Sadiqabad"
"265691","Faiz Muhyy Ul Din","DR-892","EMDS Call","Medical Emergency","Abdominal Pain","2026/02/05 02:54:32 PM","Rahim Yar Khan"
"265692","Muhammad Zahid","DR-888","EMDS Call","Medical Emergency","Others","2026/02/05 02:56:59 PM","Rahim Yar Khan"
"265693","Muhammad Zahid","DR-888","EMDS Call","Medical Emergency","Others","2026/02/05 03:04:31 PM","Rahim Yar Khan"
"265694","Muhammad Zahid","DR-888","EMDS Call","Rescue Operations","Delivery Case","2026/02/05 03:15:46 PM","Liaqatpur"
"76029","Maheen Tahir","MR-6017","Direct Call","Patient Transfer Service","N/A","2026/02/05 03:20:08 PM","Sadiqabad"
"265695","Faiz Muhyy Ul Din","DR-892","EMDS Call","Road Crash","Minor Injuries","2026/02/05 03:20:39 PM","Sadiqabad"
"265696","Maheen Tahir","MR-6017","EMDS Call","Medical Emergency","Unconscious","2026/02/05 03:22:14 PM","Rahim Yar Khan"
"265697","Faiz Muhyy Ul Din","DR-892","EMDS Call","Medical Emergency","Others","2026/02/05 03:22:44 PM","Rahim Yar Khan"
"265698","Faiz Muhyy Ul Din","DR-892","EMDS Call","Rescue Operations","Snake Emergency","2026/02/05 03:31:39 PM","Sadiqabad"
"Not Assigned","Muhammad Zahid","DR-888","EMDS Call","Fire","Others","2026/02/05 03:32:55 PM","Sadiqabad"
"265700","Maheen Tahir","MR-6017","EMDS Call","Medical Emergency","Joints Pain","2026/02/05 03:34:40 PM","Rahim Yar Khan"
"76030","Muhammad Zahid","DR-888","Direct Call","Patient Transfer Service","N/A","2026/02/05 03:36:36 PM","Sadiqabad"
"265701","Faiz Muhyy Ul Din","DR-892","EMDS Call","Medical Emergency","Chest Pain","2026/02/05 03:35:44 PM","Rahim Yar Khan"
"265702","Faiz Muhyy Ul Din","DR-892","EMDS Call","Medical Emergency","SOB/ Respiratory Distress","2026/02/05 03:40:44 PM","Rahim Yar Khan"
"265703","Faiz Muhyy Ul Din","DR-892","EMDS Call","Medical Emergency","Vomiting","2026/02/05 03:44:37 PM","Sadiqabad"
"265704","Muhammad Zahid","DR-888","EMDS Call","Road Crash","Minor Injuries","2026/02/05 03:52:00 PM","Rahim Yar Khan"
"265705","Muhammad Zahid","DR-888","EMDS Call","Medical Emergency","Hypertension","2026/02/05 03:55:38 PM","Khanpur"
"265706","Farah Sadaqat","MR-5930","EMDS Call","Medical Emergency","Joints Pain","2026/02/05 04:02:33 PM","Rahim Yar Khan"
"265707","Maheen Tahir","MR-6017","EMDS Call","Medical Emergency","Diabetic","2026/02/05 04:07:57 PM","Sadiqabad"
"265708","Maheen Tahir","MR-6017","EMDS Call","Medical Emergency","SOB/ Respiratory Distress","2026/02/05 04:14:06 PM","Sadiqabad"
"265709","Maheen Tahir","MR-6017","EMDS Call","Medical Emergency","Unconscious","2026/02/05 04:24:33 PM","Rahim Yar Khan"
"265710","Farah Sadaqat","MR-5930","EMDS Call","Medical Emergency","Hypertension","2026/02/05 04:25:45 PM","Sadiqabad"
"265711","Saira Bibi","MR-5494","EMDS Call","Medical Emergency","Vomiting","2026/02/05 04:26:47 PM","Sadiqabad"
"265712","Saira Bibi","MR-5494","EMDS Call","Road Crash","Multiple Fractures","2026/02/05 04:34:29 PM","Rahim Yar Khan"
"265713","Saira Bibi","MR-5494","EMDS Call","Medical Emergency","Diabetic","2026/02/05 04:46:28 PM","Liaqatpur"
"76031","Maheen Tahir","MR-6017","Direct Call","Patient Transfer Service","N/A","2026/02/05 04:56:48 PM","Sadiqabad"
"265714","Farah Sadaqat","MR-5930","EMDS Call","Medical Emergency","Unconscious","2026/02/05 05:00:02 PM","Rahim Yar Khan"
"265715","Maheen Tahir","MR-6017","Direct Call","Medical Emergency","SOB/ Respiratory Distress","2026/02/05 05:02:34 PM","Sadiqabad"
"265716","Maheen Tahir","MR-6017","Direct Call","Rescue Operations","Mass Event Coverage","2026/02/05 05:04:48 PM","Liaqatpur"
"76032","Farah Sadaqat","MR-5930","Direct Call","Patient Transfer Service","N/A","2026/02/05 05:08:14 PM","Rahim Yar Khan"
"76033","Saira Bibi","MR-5494","Direct Call","Patient Transfer Service","N/A","2026/02/05 05:09:13 PM","Sadiqabad"
"265717","Farah Sadaqat","MR-5930","EMDS Call","Medical Emergency","Others","2026/02/05 05:18:42 PM","Rahim Yar Khan"
"265718","Farah Sadaqat","MR-5930","EMDS Call","Medical Emergency","Others","2026/02/05 05:22:33 PM","Rahim Yar Khan"
"265719","Saira Bibi","MR-5494","EMDS Call","Road Crash","Minor Injuries","2026/02/05 05:23:47 PM","Rahim Yar Khan"
"265720","Saira Bibi","MR-5494","EMDS Call","Medical Emergency","Hypertension","2026/02/05 05:36:40 PM","Rahim Yar Khan"
"265721","Farah Sadaqat","MR-5930","EMDS Call","Medical Emergency","Renal Disorders / Renal Colic ","2026/02/05 05:36:28 PM","Rahim Yar Khan"
"265722","Farah Sadaqat","MR-5930","EMDS Call","Medical Emergency","Joints Pain","2026/02/05 05:39:23 PM","Sadiqabad"
"76034","Saira Bibi","MR-5494","Direct Call","Patient Transfer Service","N/A","2026/02/05 05:41:17 PM","Khanpur"
"265723","Faiz Muhyy Ul Din","DR-892","EMDS Call","Medical Emergency","Hypertension","2026/02/05 05:41:02 PM","Rahim Yar Khan"
"265724","Saira Bibi","MR-5494","EMDS Call","Fire","Others","2026/02/05 05:41:12 PM","Sadiqabad"
"265725","Faiz Muhyy Ul Din","DR-892","EMDS Call","Medical Emergency","Chronic Illness","2026/02/05 05:51:00 PM","Liaqatpur"
"Not Assigned","Faiz Muhyy Ul Din","DR-892","EMDS Call","Road Crash","Bleeding","2026/02/05 06:21:09 PM","Sadiqabad"
"265726","Farah Sadaqat","MR-5930","EMDS Call","Crime","Probable Suicide","2026/02/05 06:26:46 PM","Rahim Yar Khan"
"76035","Faiz Muhyy Ul Din","DR-892","Direct Call","Patient Transfer Service","N/A","2026/02/05 06:37:40 PM","Sadiqabad"
"265727","Faiz Muhyy Ul Din","DR-892","EMDS Call","Road Crash","Bleeding","2026/02/05 06:44:03 PM","Rahim Yar Khan"
"265728","Saira Bibi","MR-5494","EMDS Call","Medical Emergency","Joints Pain","2026/02/05 06:44:14 PM","Rahim Yar Khan"
"76036","Faiz Muhyy Ul Din","DR-892","Direct Call","Patient Transfer Service","N/A","2026/02/05 06:51:15 PM","Sadiqabad"
"265729","Faiz Muhyy Ul Din","DR-892","EMDS Call","Medical Emergency","Hypertension","2026/02/05 06:56:44 PM","Liaqatpur"
"265730","Saira Bibi","MR-5494","EMDS Call","Medical Emergency","Joints Pain","2026/02/05 06:58:46 PM","Rahim Yar Khan"
"265731","Farah Sadaqat","MR-5930","EMDS Call","Road Crash","Minor Injuries","2026/02/05 07:00:59 PM","Rahim Yar Khan"
"76037","Faiz Muhyy Ul Din","DR-892","Direct Call","Patient Transfer Service","N/A","2026/02/05 07:05:45 PM","Sadiqabad"
"76038","Faiz Muhyy Ul Din","DR-892","Direct Call","Patient Transfer Service","N/A","2026/02/05 07:08:37 PM","Sadiqabad"
"265732","Farah Sadaqat","MR-5930","EMDS Call","Medical Emergency","Hypertension","2026/02/05 07:10:14 PM","Sadiqabad"
"265733","Faiz Muhyy Ul Din","DR-892","EMDS Call","Medical Emergency","Abdominal Pain","2026/02/05 07:10:05 PM","Rahim Yar Khan"
"265734","Saira Bibi","MR-5494","EMDS Call","Medical Emergency","Unconscious","2026/02/05 07:12:33 PM","Rahim Yar Khan"
"265735","Faiz Muhyy Ul Din","DR-892","EMDS Call","Rescue Operations","Animal/Bird Rescue","2026/02/05 07:15:15 PM","Khanpur"
"265736","Faiz Muhyy Ul Din","DR-892","EMDS Call","Medical Emergency","Vomiting","2026/02/05 07:18:33 PM","Khanpur"
"265737","Farah Sadaqat","MR-5930","EMDS Call","Medical Emergency","Others","2026/02/05 07:21:30 PM","Sadiqabad"
"265738","Faiz Muhyy Ul Din","DR-892","EMDS Call","Medical Emergency","Others","2026/02/05 07:25:38 PM","Rahim Yar Khan"
"265740","Saira Bibi","MR-5494","EMDS Call","Medical Emergency","Hypertension","2026/02/05 07:26:33 PM","Rahim Yar Khan"
"265739","Saira Bibi","MR-5494","EMDS Call","Medical Emergency","SOB/ Respiratory Distress","2026/02/05 07:30:13 PM","Liaqatpur"
"265741","Saira Bibi","MR-5494","EMDS Call","Medical Emergency","Unconscious","2026/02/05 07:32:57 PM","Liaqatpur"
"265743","Maheen Tahir","MR-6017","EMDS Call","Road Crash","Bleeding","2026/02/05 07:40:08 PM","Sadiqabad"
"265742","Faiz Muhyy Ul Din","DR-892","EMDS Call","Medical Emergency","Renal Disorders / Renal Colic ","2026/02/05 07:41:53 PM","Rahim Yar Khan"
"265744","Faiz Muhyy Ul Din","DR-892","EMDS Call","Medical Emergency","Chest Pain","2026/02/05 07:54:54 PM","Rahim Yar Khan"
"265745","Muhammad Zahid","DR-888","EMDS Call","Road Crash","Bleeding","2026/02/05 08:04:52 PM","Sadiqabad"
"265746","Muhammad Zahid","DR-888","EMDS Call","Medical Emergency","Others","2026/02/05 08:08:14 PM","Rahim Yar Khan"
"265747","Muhammad Zahid","DR-888","EMDS Call","Road Crash","Bleeding","2026/02/05 08:18:28 PM","Liaqatpur"
"265748","Saira Bibi","MR-5494","EMDS Call","Medical Emergency","Backache","2026/02/05 08:20:36 PM","Rahim Yar Khan"
"265749","Maheen Tahir","MR-6017","EMDS Call","Medical Emergency","Vomiting","2026/02/05 08:23:52 PM","Khanpur"
"265750","Saira Bibi","MR-5494","EMDS Call","Medical Emergency","Epilepsy","2026/02/05 08:25:56 PM","Liaqatpur"
"265751","Maheen Tahir","MR-6017","EMDS Call","Medical Emergency","Others","2026/02/05 08:27:07 PM","Rahim Yar Khan"
"265752","Saira Bibi","MR-5494","EMDS Call","Rescue Operations","Delivery Case","2026/02/05 08:27:31 PM","Liaqatpur"
"265753","Muhammad Zahid","DR-888","EMDS Call","Medical Emergency","Joints Pain","2026/02/05 08:30:31 PM","Rahim Yar Khan"
"265755","Maheen Tahir","MR-6017","EMDS Call","Medical Emergency","Unconscious","2026/02/05 08:32:45 PM","Rahim Yar Khan"
"265754","Muhammad Zahid","DR-888","EMDS Call","Medical Emergency","Others","2026/02/05 08:34:24 PM","Rahim Yar Khan"
"265756","Muhammad Zahid","DR-888","EMDS Call","Medical Emergency","Hypertension","2026/02/05 08:36:19 PM","Rahim Yar Khan"
"265757","Maheen Tahir","MR-6017","EMDS Call","Medical Emergency","Others","2026/02/05 08:38:50 PM","Rahim Yar Khan"
"265758","Muhammad Zahid","DR-888","EMDS Call","Road Crash","Bleeding","2026/02/05 08:40:28 PM","Liaqatpur"
"265759","Muhammad Zahid","DR-888","EMDS Call","Medical Emergency","Others","2026/02/05 08:43:30 PM","Rahim Yar Khan"
"265760","Sheeza Barkat","MR-5331","EMDS Call","Medical Emergency","Chronic Illness","2026/02/05 08:46:14 PM","Rahim Yar Khan"
"265761","Muhammad Zahid","DR-888","EMDS Call","Medical Emergency","SOB/ Respiratory Distress","2026/02/05 08:46:55 PM","Rahim Yar Khan"
"265762","Nida Rahat","DR-1322","EMDS Call","Medical Emergency","Others","2026/02/05 08:49:40 PM","Rahim Yar Khan"
"265763","Sheeza Barkat","MR-5331","EMDS Call","Medical Emergency","Joints Pain","2026/02/05 08:54:39 PM","Rahim Yar Khan"
"265764","Sheeza Barkat","MR-5331","EMDS Call","Medical Emergency","Hypertension","2026/02/05 09:00:38 PM","Rahim Yar Khan"
"265765","Nida Rahat","DR-1322","Direct Call","Medical Emergency","Chest Pain","2026/02/05 09:04:09 PM","Sadiqabad"
"265766","Fahad Hussain","DR-538","EMDS Call","Medical Emergency","SOB/ Respiratory Distress","2026/02/05 09:04:27 PM","Khanpur"
"265767","Nida Rahat","DR-1322","EMDS Call","Medical Emergency","Unconscious","2026/02/05 09:07:32 PM","Liaqatpur"
"265768","Sheeza Barkat","MR-5331","EMDS Call","Medical Emergency","Others","2026/02/05 09:12:39 PM","Liaqatpur"
"265769","Nida Rahat","DR-1322","EMDS Call","Rescue Operations","Delivery Case","2026/02/05 09:16:09 PM","Khanpur"
"265770","Fahad Hussain","DR-538","EMDS Call","Medical Emergency","SOB/ Respiratory Distress","2026/02/05 09:15:39 PM","Khanpur"
"265771","Sheeza Barkat","MR-5331","EMDS Call","Medical Emergency","Others","2026/02/05 09:19:31 PM","Rahim Yar Khan"
"265772","Fahad Hussain","DR-538","EMDS Call","Medical Emergency","Others","2026/02/05 09:23:46 PM","Rahim Yar Khan"
"76039","Nida Rahat","DR-1322","Direct Call","Patient Transfer Service","N/A","2026/02/05 09:28:24 PM","Khanpur"
"76040","Fahad Hussain","DR-538","Direct Call","Patient Transfer Service","N/A","2026/02/05 09:28:34 PM","Sadiqabad"
"265773","Sheeza Barkat","MR-5331","EMDS Call","Medical Emergency","Vomiting","2026/02/05 09:31:29 PM","Rahim Yar Khan"
"76041","Fahad Hussain","DR-538","Direct Call","Patient Transfer Service","N/A","2026/02/05 09:35:02 PM","Liaqatpur"
"265774","Nida Rahat","DR-1322","EMDS Call","Medical Emergency","Hypertension","2026/02/05 09:34:36 PM","Rahim Yar Khan"
"265775","Sheeza Barkat","MR-5331","Direct Call","Medical Emergency","SOB/ Respiratory Distress","2026/02/05 09:39:58 PM","Khanpur"
"265776","Sheeza Barkat","MR-5331","EMDS Call","Medical Emergency","Abdominal Pain","2026/02/05 09:43:01 PM","Rahim Yar Khan"
"265777","Nida Rahat","DR-1322","EMDS Call","Rescue Operations","Delivery Case","2026/02/05 09:43:55 PM","Rahim Yar Khan"
"76042","Fahad Hussain","DR-538","Direct Call","Patient Transfer Service","N/A","2026/02/05 09:45:19 PM","Khanpur"
"76043","Fahad Hussain","DR-538","Direct Call","Patient Transfer Service","N/A","2026/02/05 09:47:06 PM","Sadiqabad"
"265778","Sheeza Barkat","MR-5331","EMDS Call","Medical Emergency","Abdominal Pain","2026/02/05 09:46:32 PM","Rahim Yar Khan"
"265779","Nida Rahat","DR-1322","EMDS Call","Rescue Operations","Delivery Case","2026/02/05 09:52:32 PM","Rahim Yar Khan"
"76044","Farhad Iftikhar","DR-913","Direct Call","Patient Transfer Service","N/A","2026/02/05 09:58:37 PM","Sadiqabad"
"265780","Nida Rahat","DR-1322","EMDS Call","Medical Emergency","Vomiting","2026/02/05 10:10:06 PM","Rahim Yar Khan"
"265781","Nida Rahat","DR-1322","EMDS Call","Medical Emergency","High Fever","2026/02/05 10:20:43 PM","Khanpur"
"265782","Nida Rahat","DR-1322","EMDS Call","Medical Emergency","SOB/ Respiratory Distress","2026/02/05 10:30:59 PM","Rahim Yar Khan"
"76045","Farhad Iftikhar","DR-913","Direct Call","Patient Transfer Service","N/A","2026/02/05 10:32:06 PM","Khanpur"
"265783","Aasia Batool","MR-5198","EMDS Call","Medical Emergency","Others","2026/02/05 10:31:47 PM","Sadiqabad"
"265784","Aasia Batool","MR-5198","EMDS Call","Medical Emergency","Abdominal Pain","2026/02/05 10:49:30 PM","Khanpur"
"265785","Nida Rahat","DR-1322","EMDS Call","Medical Emergency","SOB/ Respiratory Distress","2026/02/05 11:03:02 PM","Khanpur"
"76046","Aasia Batool","MR-5198","Direct Call","Patient Transfer Service","N/A","2026/02/05 11:11:26 PM","Liaqatpur"
"265786","Aasia Batool","MR-5198","EMDS Call","Medical Emergency","Chest Pain","2026/02/05 11:17:29 PM","Sadiqabad"
"265787","Aasia Batool","MR-5198","EMDS Call","Medical Emergency","Others","2026/02/05 11:23:09 PM","Rahim Yar Khan"
"265788","Aasia Batool","MR-5198","EMDS Call","Medical Emergency","Others","2026/02/05 11:31:06 PM","Rahim Yar Khan"
"76047","Farhad Iftikhar","DR-913","Direct Call","Patient Transfer Service","N/A","2026/02/05 11:40:51 PM","Sadiqabad"
"265789","Aasia Batool","MR-5198","EMDS Call","Medical Emergency","Vomiting","2026/02/05 11:41:59 PM","Rahim Yar Khan"
"265790","Nida Rahat","DR-1322","EMDS Call","Medical Emergency","Chest Pain","2026/02/05 11:45:49 PM","Rahim Yar Khan"
"265791","Aasia Batool","MR-5198","EMDS Call","Road Crash","Minor Injuries","2026/02/05 11:58:04 PM","Sadiqabad"
"265792","Nida Rahat","DR-1322","EMDS Call","Medical Emergency","SOB/ Respiratory Distress","2026/02/06 12:07:14 AM","Rahim Yar Khan"
"265793","Nida Rahat","DR-1322","EMDS Call","Road Crash","Bleeding","2026/02/06 12:13:20 AM","Liaqatpur"
"265795","Aasia Batool","MR-5198","EMDS Call","Rescue Operations","Vehicle Extrication","2026/02/06 12:12:49 AM","Rahim Yar Khan"
"265794","Aasia Batool","MR-5198","EMDS Call","Medical Emergency","SOB/ Respiratory Distress","2026/02/06 12:17:31 AM","Khanpur"
"265796","Farhad Iftikhar","DR-913","EMDS Call","Medical Emergency","High Fever","2026/02/06 12:30:55 AM","Rahim Yar Khan"
"265797","Aasia Batool","MR-5198","EMDS Call","Medical Emergency","Abdominal Pain","2026/02/06 12:36:42 AM","Rahim Yar Khan"
"265798","Farhad Iftikhar","DR-913","EMDS Call","Medical Emergency","Chest Pain","2026/02/06 12:43:44 AM","Rahim Yar Khan"
"265799","Aasia Batool","MR-5198","EMDS Call","Medical Emergency","Epilepsy","2026/02/06 12:45:46 AM","Rahim Yar Khan"
"265800","Nida Rahat","DR-1322","EMDS Call","Medical Emergency","High Fever","2026/02/06 12:46:41 AM","Rahim Yar Khan"
"265801","Nida Rahat","DR-1322","EMDS Call","Rescue Operations","Delivery Case","2026/02/06 01:01:31 AM","Rahim Yar Khan"
"265802","Aasia Batool","MR-5198","EMDS Call","Medical Emergency","Chest Pain","2026/02/06 01:08:46 AM","Rahim Yar Khan"
"265803","Nida Rahat","DR-1322","EMDS Call","Medical Emergency","Vomiting","2026/02/06 01:16:57 AM","Rahim Yar Khan"
"265804","Aasia Batool","MR-5198","EMDS Call","Medical Emergency","Backache","2026/02/06 01:34:42 AM","Rahim Yar Khan"
"76048","Aasia Batool","MR-5198","Direct Call","Patient Transfer Service","N/A","2026/02/06 01:50:25 AM","Khanpur"
"265805","Aasia Batool","MR-5198","EMDS Call","Medical Emergency","Chronic Illness","2026/02/06 01:52:47 AM","Rahim Yar Khan"
"265806","Aasia Batool","MR-5198","EMDS Call","Medical Emergency","Abdominal Pain","2026/02/06 01:58:28 AM","Rahim Yar Khan"
"265807","Nida Rahat","DR-1322","EMDS Call","Medical Emergency","Abdominal Pain","2026/02/06 02:03:58 AM","Khanpur"
"265808","Aasia Batool","MR-5198","EMDS Call","Rescue Operations","Delivery Case","2026/02/06 02:05:30 AM","Rahim Yar Khan"
"265809","Nida Rahat","DR-1322","EMDS Call","Medical Emergency","Others","2026/02/06 02:09:59 AM","Rahim Yar Khan"
"265810","Farhad Iftikhar","DR-913","EMDS Call","Medical Emergency","Hypertension","2026/02/06 02:11:00 AM","Rahim Yar Khan"
"265811","Aasia Batool","MR-5198","EMDS Call","Medical Emergency","Others","2026/02/06 02:22:00 AM","Khanpur"
"265812","Farhad Iftikhar","DR-913","EMDS Call","Medical Emergency","Hypertension","2026/02/06 02:59:35 AM","Rahim Yar Khan"
"265813","Sheeza Barkat","MR-5331","EMDS Call","Medical Emergency","SOB/ Respiratory Distress","2026/02/06 03:48:47 AM","Rahim Yar Khan"
"265814","Sheeza Barkat","MR-5331","EMDS Call","Medical Emergency","Others","2026/02/06 04:27:42 AM","Rahim Yar Khan"
"265815","Adil Iqbal","DR-782","EMDS Call","Medical Emergency","Epilepsy","2026/02/06 04:28:50 AM","Rahim Yar Khan"
"265816","Adil Iqbal","DR-782","EMDS Call","Medical Emergency","Others","2026/02/06 04:48:08 AM","Rahim Yar Khan"
"265817","Saima Bashir","MR-5819","EMDS Call","Medical Emergency","Hypertension","2026/02/06 04:55:55 AM","Rahim Yar Khan"
"265818","Sheeza Barkat","MR-5331","EMDS Call","Medical Emergency","Hypertension","2026/02/06 05:15:47 AM","Sadiqabad"
"76049","Sheeza Barkat","MR-5331","Direct Call","Patient Transfer Service","N/A","2026/02/06 05:34:32 AM","Sadiqabad"
"265819","Sheeza Barkat","MR-5331","EMDS Call","Medical Emergency","High Fever","2026/02/06 05:57:55 AM","Sadiqabad"
"265820","Adil Iqbal","DR-782","EMDS Call","Medical Emergency","SOB/ Respiratory Distress","2026/02/06 06:07:31 AM","Sadiqabad"
"265821","Saima Bashir","MR-5819","EMDS Call","Medical Emergency","Backache","2026/02/06 06:14:17 AM","Rahim Yar Khan"
"76050","Saima Bashir","MR-5819","Direct Call","Patient Transfer Service","N/A","2026/02/06 06:17:48 AM","Khanpur"
"265822","Adil Iqbal","DR-782","EMDS Call","Medical Emergency","SOB/ Respiratory Distress","2026/02/06 06:18:18 AM","Rahim Yar Khan"
"265823","Sheeza Barkat","MR-5331","EMDS Call","Medical Emergency","SOB/ Respiratory Distress","2026/02/06 06:25:28 AM","Sadiqabad"
"265824","Adil Iqbal","DR-782","EMDS Call","Medical Emergency","Chest Pain","2026/02/06 06:56:19 AM","Rahim Yar Khan"
"265825","Sheeza Barkat","MR-5331","EMDS Call","Medical Emergency","SOB/ Respiratory Distress","2026/02/06 07:22:40 AM","Khanpur"
"265826","Adil Iqbal","DR-782","EMDS Call","Medical Emergency","Chest Pain","2026/02/06 07:37:26 AM","Rahim Yar Khan"
"265827","Adil Iqbal","DR-782","EMDS Call","Medical Emergency","Chest Pain","2026/02/06 07:41:48 AM","Sadiqabad"
"265828","Shahla Nawaz","DR-185","EMDS Call","Road Crash","Minor Injuries","2026/02/06 07:56:14 AM","Rahim Yar Khan"
"265829","Zupasha Zia","MR-5758","EMDS Call","Medical Emergency","Joints Pain","2026/02/06 07:56:31 AM","Rahim Yar Khan"
"265830","Muhammad Rashid Saleem","DR-187","Direct Call","Rescue Operations","Mass Event Coverage","2026/02/06 07:58:00 AM","Rahim Yar Khan"
"265831","Zupasha Zia","MR-5758","EMDS Call","Medical Emergency","Chronic Illness","2026/02/06 08:06:26 AM","Liaqatpur"
"265832","Zupasha Zia","MR-5758","EMDS Call","Medical Emergency","Others","2026/02/06 08:09:21 AM","Rahim Yar Khan"
"265833","Shahla Nawaz","DR-185","EMDS Call","Medical Emergency","Others","2026/02/06 08:10:26 AM","Khanpur"
"265834","Zupasha Zia","MR-5758","EMDS Call","Medical Emergency","Unconscious","2026/02/06 08:12:35 AM","Khanpur"
"265835","Muhammad Rashid Saleem","DR-187","EMDS Call","Medical Emergency","SOB/ Respiratory Distress","2026/02/06 08:14:33 AM","Rahim Yar Khan"
"265836","Shahla Nawaz","DR-185","EMDS Call","Medical Emergency","Vomiting","2026/02/06 08:16:16 AM","Rahim Yar Khan"
"265837","Muhammad Rashid Saleem","DR-187","EMDS Call","Road Crash","Bleeding","2026/02/06 08:24:05 AM","Liaqatpur"
"265838","Rana M. Usman","DR-200","Direct Call","Rescue Operations","Mass Event Coverage","2026/02/06 08:26:49 AM","Sadiqabad"
"265839","Rana M. Usman","DR-200","Direct Call","Medical Emergency","Abdominal Pain","2026/02/06 08:28:20 AM","Khanpur"
"265840","Bushra Saleem","MR-5701","EMDS Call","Rescue Operations","Scalds/Burn Due To Negligence","2026/02/06 08:31:02 AM","Rahim Yar Khan"
"265841","Shahla Nawaz","DR-185","EMDS Call","Medical Emergency","Vomiting","2026/02/06 08:31:58 AM","Rahim Yar Khan"
"265842","Shahla Nawaz","DR-185","EMDS Call","Medical Emergency","Diabetic","2026/02/06 08:37:00 AM","Sadiqabad"
"265843","Muhammad Rashid Saleem","DR-187","EMDS Call","Road Crash","Minor Injuries","2026/02/06 08:48:55 AM","Rahim Yar Khan"
"265844","Shahla Nawaz","DR-185","EMDS Call","Medical Emergency","Diabetic","2026/02/06 08:54:00 AM","Sadiqabad"
"265845","Zupasha Zia","MR-5758","EMDS Call","Road Crash","Bleeding","2026/02/06 08:55:42 AM","Liaqatpur"
"265845","Zupasha Zia","MR-5758","EMDS Call","Road Crash","Bleeding","2026/02/06 08:55:42 AM","Liaqatpur"
"76051","Rana M. Usman","DR-200","Direct Call","Patient Transfer Service","N/A","2026/02/06 09:05:25 AM","Liaqatpur"
"265846","Bushra Saleem","MR-5701","EMDS Call","Medical Emergency","SOB/ Respiratory Distress","2026/02/06 09:10:27 AM","Sadiqabad"
"76052","Rana M. Usman","DR-200","Direct Call","Patient Transfer Service","N/A","2026/02/06 09:12:23 AM","Khanpur"
"265847","Zupasha Zia","MR-5758","EMDS Call","Road Crash","Minor Injuries","2026/02/06 09:13:38 AM","Rahim Yar Khan"
"265848","Zupasha Zia","MR-5758","EMDS Call","Medical Emergency","Vomiting","2026/02/06 09:28:19 AM","Rahim Yar Khan"
"265852","Rana M. Usman","DR-200","EMDS Call","Medical Emergency","SOB/ Respiratory Distress","2026/02/06 09:29:49 AM","Liaqatpur"
"265849","Bushra Saleem","MR-5701","EMDS Call","Medical Emergency","SOB/ Respiratory Distress","2026/02/06 09:29:24 AM","Rahim Yar Khan"
"265850","Bushra Saleem","MR-5701","EMDS Call","Medical Emergency","Abdominal Pain","2026/02/06 09:33:21 AM","Rahim Yar Khan"
"265851","Zupasha Zia","MR-5758","EMDS Call","Road Crash","Severe Trauma","2026/02/06 09:33:59 AM","Khanpur"
"265853","Bushra Saleem","MR-5701","EMDS Call","Medical Emergency","Chronic Illness","2026/02/06 09:37:17 AM","Khanpur"
"265854","Bushra Saleem","MR-5701","EMDS Call","Medical Emergency","Renal Disorders / Renal Colic ","2026/02/06 09:45:06 AM","Sadiqabad"
"265855","Bushra Saleem","MR-5701","EMDS Call","Rescue Operations","Others","2026/02/06 09:54:51 AM","Liaqatpur"
"76053","Bushra Saleem","MR-5701","Direct Call","Patient Transfer Service","N/A","2026/02/06 10:01:37 AM","Sadiqabad"
"265856","Bushra Saleem","MR-5701","Direct Call","Medical Emergency","Joints Pain","2026/02/06 10:02:22 AM","Rahim Yar Khan"
"76054","Zupasha Zia","MR-5758","Direct Call","Patient Transfer Service","N/A","2026/02/06 10:02:46 AM","Liaqatpur"
"265857","Rana M. Usman","DR-200","EMDS Call","Medical Emergency","Others","2026/02/06 10:01:54 AM","Rahim Yar Khan"
"265858","Bushra Saleem","MR-5701","EMDS Call","Medical Emergency","Vomiting","2026/02/06 10:07:55 AM","Liaqatpur"
"265859","Zupasha Zia","MR-5758","EMDS Call","Rescue Operations","Delivery Case","2026/02/06 10:10:06 AM","Rahim Yar Khan"
"76055","Bushra Saleem","MR-5701","Direct Call","Patient Transfer Service","N/A","2026/02/06 10:15:55 AM","Sadiqabad"
"265860","Rana M. Usman","DR-200","Direct Call","Road Crash","Severe Trauma","2026/02/06 10:17:12 AM","Rahim Yar Khan"
"265861","Rana M. Usman","DR-200","EMDS Call","Medical Emergency","Others","2026/02/06 10:20:01 AM","Sadiqabad"
"265862","Zupasha Zia","MR-5758","EMDS Call","Road Crash","Minor Injuries","2026/02/06 10:23:28 AM","Sadiqabad"
"265863","Rana M. Usman","DR-200","EMDS Call","Road Crash","Minor Injuries","2026/02/06 10:25:44 AM","Rahim Yar Khan"
"265864","Bushra Saleem","MR-5701","EMDS Call","Road Crash","Severe Trauma","2026/02/06 10:41:32 AM","Rahim Yar Khan"
"265865","Rana M. Usman","DR-200","EMDS Call","Road Crash","Minor Injuries","2026/02/06 10:56:10 AM","Rahim Yar Khan"
"265866","Zupasha Zia","MR-5758","EMDS Call","Road Crash","Severe Trauma","2026/02/06 10:59:52 AM","Khanpur"
"265866","Zupasha Zia","MR-5758","EMDS Call","Road Crash","Severe Trauma","2026/02/06 10:59:52 AM","Khanpur"
"265867","Zupasha Zia","MR-5758","EMDS Call","Medical Emergency","Renal Disorders / Renal Colic ","2026/02/06 11:07:24 AM","Liaqatpur"
"265868","Bushra Saleem","MR-5701","EMDS Call","Medical Emergency","SOB/ Respiratory Distress","2026/02/06 11:18:02 AM","Rahim Yar Khan"
"265869","Muhammad Rashid Saleem","DR-187","EMDS Call","Road Crash","Bleeding","2026/02/06 11:19:32 AM","Rahim Yar Khan"
"265870","Zupasha Zia","MR-5758","EMDS Call","Medical Emergency","Others","2026/02/06 11:24:07 AM","Khanpur"
"265871","Zupasha Zia","MR-5758","EMDS Call","Fire","Others","2026/02/06 11:27:23 AM","Khanpur"
"265872","Bushra Saleem","MR-5701","EMDS Call","Fire","Others","2026/02/06 11:29:15 AM","Sadiqabad"
"265873","Shahla Nawaz","DR-185","EMDS Call","Road Crash","Minor Injuries","2026/02/06 11:43:20 AM","Sadiqabad"
"265874","Zupasha Zia","MR-5758","EMDS Call","Medical Emergency","Others","2026/02/06 11:43:57 AM","Sadiqabad"
"265875","Shahla Nawaz","DR-185","EMDS Call","Medical Emergency","SOB/ Respiratory Distress","2026/02/06 11:46:41 AM","Rahim Yar Khan"
"265876","Rana M. Usman","DR-200","Direct Call","Medical Emergency","Joints Pain","2026/02/06 11:51:53 AM","Liaqatpur"
"265877","Shahla Nawaz","DR-185","EMDS Call","Rescue Operations","Animal/Bird Rescue","2026/02/06 11:49:50 AM","Rahim Yar Khan"
"76056","Zupasha Zia","MR-5758","Direct Call","Patient Transfer Service","N/A","2026/02/06 11:54:37 AM","Rahim Yar Khan"
"265878","Rana M. Usman","DR-200","Direct Call","Medical Emergency","Joints Pain","2026/02/06 11:57:15 AM","Rahim Yar Khan"
"265879","Shahla Nawaz","DR-185","EMDS Call","Medical Emergency","Renal Disorders / Renal Colic ","2026/02/06 11:57:44 AM","Rahim Yar Khan"
"265880","Zupasha Zia","MR-5758","EMDS Call","Fire","Others","2026/02/06 12:07:13 PM","Liaqatpur"
"265881","Zupasha Zia","MR-5758","EMDS Call","Rescue Operations","Delivery Case","2026/02/06 12:11:19 PM","Sadiqabad"
"265882","Rana M. Usman","DR-200","EMDS Call","Medical Emergency","Chest Pain","2026/02/06 12:13:22 PM","Rahim Yar Khan"
"265883","Rana M. Usman","DR-200","EMDS Call","Medical Emergency","Chronic Illness","2026/02/06 12:18:15 PM","Liaqatpur"
"265884","Zupasha Zia","MR-5758","EMDS Call","Road Crash","Severe Trauma","2026/02/06 12:19:12 PM","Liaqatpur"
"265884","Zupasha Zia","MR-5758","EMDS Call","Road Crash","Severe Trauma","2026/02/06 12:19:12 PM","Liaqatpur"
"265884","Zupasha Zia","MR-5758","EMDS Call","Road Crash","Severe Trauma","2026/02/06 12:19:12 PM","Liaqatpur"
"265885","Shahla Nawaz","DR-185","EMDS Call","Medical Emergency","SOB/ Respiratory Distress","2026/02/06 12:21:06 PM","Khanpur"
"265886","Shahla Nawaz","DR-185","EMDS Call","Fire","Others","2026/02/06 12:26:32 PM","Rahim Yar Khan"
"76057","Bushra Saleem","MR-5701","Direct Call","Patient Transfer Service","N/A","2026/02/06 12:33:37 PM","Khanpur"
"265887","Shahla Nawaz","DR-185","EMDS Call","Medical Emergency","Epilepsy","2026/02/06 12:33:37 PM","Rahim Yar Khan"
"265888","Bushra Saleem","MR-5701","EMDS Call","Medical Emergency","CVA/Stroke","2026/02/06 12:39:53 PM","Sadiqabad"
"265889","Bushra Saleem","MR-5701","EMDS Call","Medical Emergency","Others","2026/02/06 12:46:34 PM","Rahim Yar Khan"
"265890","Bushra Saleem","MR-5701","EMDS Call","Medical Emergency","Joints Pain","2026/02/06 12:49:30 PM","Khanpur"
"76058","Muhammad Rashid Saleem","DR-187","Direct Call","Patient Transfer Service","N/A","2026/02/06 12:50:42 PM","Sadiqabad"
"265891","Shahla Nawaz","DR-185","EMDS Call","Medical Emergency","Chronic Illness","2026/02/06 12:55:52 PM","Rahim Yar Khan"
"265892","Shahla Nawaz","DR-185","EMDS Call","Medical Emergency","Others","2026/02/06 01:02:06 PM","Rahim Yar Khan"
"76059","Shahla Nawaz","DR-185","Direct Call","Patient Transfer Service","N/A","2026/02/06 01:07:27 PM","Sadiqabad"
"265893","Bushra Saleem","MR-5701","EMDS Call","Medical Emergency","Vomiting","2026/02/06 01:05:40 PM","Khanpur"
"265894","Bushra Saleem","MR-5701","EMDS Call","Medical Emergency","Unconscious","2026/02/06 01:17:13 PM","Sadiqabad"
"265895","Bushra Saleem","MR-5701","EMDS Call","Medical Emergency","Hypertension","2026/02/06 01:23:45 PM","Rahim Yar Khan"
"265896","Shahla Nawaz","DR-185","EMDS Call","Medical Emergency","Others","2026/02/06 01:27:34 PM","Sadiqabad"
"265897","Zupasha Zia","MR-5758","EMDS Call","Medical Emergency","Hypertension","2026/02/06 01:33:38 PM","Rahim Yar Khan"
"265898","Shahla Nawaz","DR-185","EMDS Call","Medical Emergency","Diabetic","2026/02/06 01:35:24 PM","Sadiqabad"
"265899","Bushra Saleem","MR-5701","EMDS Call","Medical Emergency","Others","2026/02/06 01:42:05 PM","Rahim Yar Khan"
"265900","Shahla Nawaz","DR-185","EMDS Call","Medical Emergency","Hypertension","2026/02/06 01:45:33 PM","Sadiqabad"
"Not Assigned","Bushra Saleem","MR-5701","EMDS Call","Road Crash","Bleeding","2026/02/06 01:50:56 PM","Rahim Yar Khan"
"265902","Shahla Nawaz","DR-185","EMDS Call","Road Crash","Bleeding","2026/02/06 01:56:46 PM","Sadiqabad"
"265903","Bushra Saleem","MR-5701","EMDS Call","Medical Emergency","Abdominal Pain","2026/02/06 01:57:57 PM","Rahim Yar Khan"
"76060","Zupasha Zia","MR-5758","Direct Call","Patient Transfer Service","N/A","2026/02/06 02:00:49 PM","Liaqatpur"
"76061","Zupasha Zia","MR-5758","Direct Call","Patient Transfer Service","N/A","2026/02/06 02:04:06 PM","Liaqatpur"
"265904","Shahla Nawaz","DR-185","EMDS Call","Medical Emergency","Diabetic","2026/02/06 02:02:12 PM","Rahim Yar Khan"
"265905","Bushra Saleem","MR-5701","EMDS Call","Road Crash","Bleeding","2026/02/06 02:13:32 PM","Rahim Yar Khan"
"265906","Muhammad Zubair","DR-894","EMDS Call","Medical Emergency","Joints Pain","2026/02/06 02:20:28 PM","Rahim Yar Khan"
"265907","Maheen Tahir","MR-6017","EMDS Call","Medical Emergency","Abdominal Pain","2026/02/06 02:21:23 PM","Sadiqabad"
"265908","Maheen Tahir","MR-6017","EMDS Call","Road Crash","Minor Injuries","2026/02/06 02:25:33 PM","Liaqatpur"
"265909","Farah Sadaqat","MR-5930","EMDS Call","Road Crash","Bleeding","2026/02/06 02:27:03 PM","Sadiqabad"
"265910","Maheen Tahir","MR-6017","EMDS Call","Fire","Others","2026/02/06 02:31:05 PM","Khanpur"
"265912","Saira Bibi","MR-5494","EMDS Call","Medical Emergency","Hypertension","2026/02/06 02:37:52 PM","Rahim Yar Khan"
"265911","Farah Sadaqat","MR-5930","EMDS Call","Medical Emergency","Others","2026/02/06 02:40:03 PM","Sadiqabad"
"265913","Maheen Tahir","MR-6017","EMDS Call","Road Crash","Bleeding","2026/02/06 02:39:57 PM","Sadiqabad"
"265914","Farah Sadaqat","MR-5930","EMDS Call","Medical Emergency","Others","2026/02/06 02:43:19 PM","Rahim Yar Khan"
"265915","Maheen Tahir","MR-6017","EMDS Call","Medical Emergency","Chest Pain","2026/02/06 02:54:03 PM","Rahim Yar Khan"
"265916","Saira Bibi","MR-5494","EMDS Call","Fire","Others","2026/02/06 02:55:21 PM","Sadiqabad"
"265917","Maheen Tahir","MR-6017","EMDS Call","Road Crash","Bleeding","2026/02/06 03:05:54 PM","Sadiqabad"
"265918","Farah Sadaqat","MR-5930","EMDS Call","Medical Emergency","High Fever","2026/02/06 03:09:05 PM","Rahim Yar Khan"
"265919","Saira Bibi","MR-5494","EMDS Call","Fall","Slipped On Floor","2026/02/06 03:10:10 PM","Rahim Yar Khan"
"76062","Maheen Tahir","MR-6017","Direct Call","Patient Transfer Service","N/A","2026/02/06 03:16:16 PM","Liaqatpur"
"265920","Farah Sadaqat","MR-5930","EMDS Call","Medical Emergency","Diarrhea","2026/02/06 03:20:17 PM","Rahim Yar Khan"
"265921","Farah Sadaqat","MR-5930","EMDS Call","Medical Emergency","Hypertension","2026/02/06 03:23:32 PM","Rahim Yar Khan"
"265922","Maheen Tahir","MR-6017","EMDS Call","Medical Emergency","Domestic Injuries","2026/02/06 03:24:32 PM","Sadiqabad"
"265923","Saira Bibi","MR-5494","EMDS Call","Rescue Operations","Work/Occupational Injuries","2026/02/06 03:24:42 PM","Rahim Yar Khan"
"265924","Farah Sadaqat","MR-5930","EMDS Call","Medical Emergency","Domestic Injuries","2026/02/06 03:25:24 PM","Sadiqabad"
"265925","Maheen Tahir","MR-6017","EMDS Call","Medical Emergency","Domestic Injuries","2026/02/06 03:29:55 PM","Rahim Yar Khan"
"76063","Maheen Tahir","MR-6017","Direct Call","Patient Transfer Service","N/A","2026/02/06 03:36:55 PM","Sadiqabad"
"265926","Maheen Tahir","MR-6017","EMDS Call","Medical Emergency","Others","2026/02/06 03:40:25 PM","Rahim Yar Khan"
"265927","Farah Sadaqat","MR-5930","EMDS Call","Medical Emergency","Hypertension","2026/02/06 03:38:36 PM","Rahim Yar Khan"
"265928","Farah Sadaqat","MR-5930","EMDS Call","Fire","Short Circuit","2026/02/06 03:45:34 PM","Rahim Yar Khan"
"265929","Maheen Tahir","MR-6017","EMDS Call","Medical Emergency","Others","2026/02/06 03:51:12 PM","Khanpur"
"265930","Maheen Tahir","MR-6017","EMDS Call","Medical Emergency","Joints Pain","2026/02/06 03:56:57 PM","Rahim Yar Khan"
"76064","Maheen Tahir","MR-6017","Direct Call","Patient Transfer Service","N/A","2026/02/06 04:04:44 PM","Khanpur"
"76065","Maheen Tahir","MR-6017","Direct Call","Patient Transfer Service","N/A","2026/02/06 04:06:09 PM","Sadiqabad"
"76066","Maheen Tahir","MR-6017","Direct Call","Patient Transfer Service","N/A","2026/02/06 04:09:15 PM","Sadiqabad"
"76067","Farah Sadaqat","MR-5930","Direct Call","Patient Transfer Service","N/A","2026/02/06 04:12:45 PM","Khanpur"
"265931","Farah Sadaqat","MR-5930","EMDS Call","Road Crash","Bleeding","2026/02/06 04:22:20 PM","Sadiqabad"
"Not Assigned","Farah Sadaqat","MR-5930","EMDS Call","Medical Emergency","Domestic Injuries","2026/02/06 04:26:28 PM","Khanpur"
"76068","Maheen Tahir","MR-6017","Direct Call","Patient Transfer Service","N/A","2026/02/06 04:31:20 PM","Sadiqabad"
"265933","Farah Sadaqat","MR-5930","EMDS Call","Medical Emergency","Others","2026/02/06 04:52:30 PM","Rahim Yar Khan"
"265934","Maheen Tahir","MR-6017","EMDS Call","Medical Emergency","Chest Pain","2026/02/06 04:55:04 PM","Rahim Yar Khan"
"265935","Farah Sadaqat","MR-5930","EMDS Call","Medical Emergency","Epilepsy","2026/02/06 04:58:18 PM","Khanpur"
"265936","Maheen Tahir","MR-6017","EMDS Call","Road Crash","Bleeding","2026/02/06 05:01:13 PM","Liaqatpur"
"265936","Maheen Tahir","MR-6017","EMDS Call","Road Crash","Bleeding","2026/02/06 05:01:13 PM","Liaqatpur"
"265937","Farah Sadaqat","MR-5930","EMDS Call","Road Crash","Bleeding","2026/02/06 05:02:25 PM","Rahim Yar Khan"
"265938","Maheen Tahir","MR-6017","EMDS Call","Fire","Others","2026/02/06 05:12:26 PM","Rahim Yar Khan"
"265939","Maheen Tahir","MR-6017","EMDS Call","Rescue Operations","Delivery Case","2026/02/06 05:17:37 PM","Sadiqabad"
"265940","Farah Sadaqat","MR-5930","EMDS Call","Medical Emergency","SOB/ Respiratory Distress","2026/02/06 05:19:12 PM","Sadiqabad"
"265941","Farah Sadaqat","MR-5930","Direct Call","Road Crash","Minor Injuries","2026/02/06 05:24:10 PM","Rahim Yar Khan"
"265942","Maheen Tahir","MR-6017","EMDS Call","Fire","Others","2026/02/06 05:33:09 PM","Khanpur"
"265943","Maheen Tahir","MR-6017","EMDS Call","Road Crash","Bleeding","2026/02/06 05:38:39 PM","Sadiqabad"
"265944","Maheen Tahir","MR-6017","Direct Call","Rescue Operations","Delivery Case","2026/02/06 05:45:03 PM","Rahim Yar Khan"
"265945","Farah Sadaqat","MR-5930","EMDS Call","Medical Emergency","Others","2026/02/06 05:45:56 PM","Rahim Yar Khan"
"265946","Maheen Tahir","MR-6017","EMDS Call","Road Crash","Multiple Fractures","2026/02/06 05:55:33 PM","Sadiqabad"
"265947","Farah Sadaqat","MR-5930","EMDS Call","Medical Emergency","Vomiting","2026/02/06 05:59:22 PM","Sadiqabad"
"265948","Farah Sadaqat","MR-5930","EMDS Call","Medical Emergency","Others","2026/02/06 06:01:37 PM","Rahim Yar Khan"
"265949","Maheen Tahir","MR-6017","EMDS Call","Medical Emergency","Hypertension","2026/02/06 06:05:06 PM","Rahim Yar Khan"
"265950","Faiz Muhyy Ul Din","DR-892","EMDS Call","Fire","Others","2026/02/06 06:07:27 PM","Rahim Yar Khan"
"265951","Farah Sadaqat","MR-5930","EMDS Call","Road Crash","Bleeding","2026/02/06 06:09:16 PM","Sadiqabad"
"265952","Farah Sadaqat","MR-5930","EMDS Call","Medical Emergency","Others","2026/02/06 06:13:14 PM","Sadiqabad"
"265953","Maheen Tahir","MR-6017","EMDS Call","Medical Emergency","Hypertension","2026/02/06 06:18:23 PM","Rahim Yar Khan"
"265954","Farah Sadaqat","MR-5930","EMDS Call","Medical Emergency","SOB/ Respiratory Distress","2026/02/06 06:28:47 PM","Rahim Yar Khan"
"265955","Farah Sadaqat","MR-5930","EMDS Call","Medical Emergency","Others","2026/02/06 06:40:03 PM","Rahim Yar Khan"
"265956","Farah Sadaqat","MR-5930","EMDS Call","Road Crash","Severe Trauma","2026/02/06 06:41:56 PM","Rahim Yar Khan"
"265956","Farah Sadaqat","MR-5930","EMDS Call","Road Crash","Severe Trauma","2026/02/06 06:41:56 PM","Rahim Yar Khan"
"265957","Faiz Muhyy Ul Din","DR-892","Direct Call","Medical Emergency","SOB/ Respiratory Distress","2026/02/06 06:49:38 PM","Rahim Yar Khan"
"265958","Saira Bibi","MR-5494","EMDS Call","Road Crash","Bleeding","2026/02/06 06:50:46 PM","Khanpur"
"265959","Faiz Muhyy Ul Din","DR-892","EMDS Call","Medical Emergency","Diarrhea","2026/02/06 06:55:44 PM","Liaqatpur"
"265960","Farah Sadaqat","MR-5930","EMDS Call","Medical Emergency","Others","2026/02/06 06:55:17 PM","Rahim Yar Khan"
"265962","Faiz Muhyy Ul Din","DR-892","EMDS Call","Road Crash","Bleeding","2026/02/06 06:59:01 PM","Rahim Yar Khan"
"265961","Maheen Tahir","MR-6017","EMDS Call","Medical Emergency","Others","2026/02/06 07:00:01 PM","Rahim Yar Khan"
"265963","Maheen Tahir","MR-6017","EMDS Call","Crime","Physical Assault/Violence","2026/02/06 07:02:58 PM","Rahim Yar Khan"
"265964","Maheen Tahir","MR-6017","EMDS Call","Road Crash","Minor Injuries","2026/02/06 07:07:14 PM","Khanpur"
"265964","Maheen Tahir","MR-6017","EMDS Call","Road Crash","Minor Injuries","2026/02/06 07:07:14 PM","Khanpur"
"265964","Maheen Tahir","MR-6017","EMDS Call","Road Crash","Minor Injuries","2026/02/06 07:07:14 PM","Khanpur"
"265965","Farah Sadaqat","MR-5930","EMDS Call","Medical Emergency","SOB/ Respiratory Distress","2026/02/06 07:09:11 PM","Sadiqabad"
"265966","Saira Bibi","MR-5494","EMDS Call","Road Crash","Bleeding","2026/02/06 07:09:44 PM","Sadiqabad"
"265968","Maheen Tahir","MR-6017","EMDS Call","Medical Emergency","Others","2026/02/06 07:11:07 PM","Rahim Yar Khan"
"265967","Saira Bibi","MR-5494","EMDS Call","Road Crash","Bleeding","2026/02/06 07:11:37 PM","Liaqatpur"
"265969","Saira Bibi","MR-5494","EMDS Call","Medical Emergency","Backache","2026/02/06 07:14:50 PM","Khanpur"
"265970","Saira Bibi","MR-5494","EMDS Call","Medical Emergency","Renal Disorders / Renal Colic ","2026/02/06 07:19:11 PM","Rahim Yar Khan"
"265971","Maheen Tahir","MR-6017","EMDS Call","Rescue Operations","Delivery Case","2026/02/06 07:20:27 PM","Rahim Yar Khan"
"265972","Maheen Tahir","MR-6017","Direct Call","Medical Emergency","Abdominal Pain","2026/02/06 07:22:43 PM","Khanpur"
"265973","Maheen Tahir","MR-6017","EMDS Call","Medical Emergency","SOB/ Respiratory Distress","2026/02/06 07:25:12 PM","Sadiqabad"
"265974","Saira Bibi","MR-5494","EMDS Call","Medical Emergency","Vomiting","2026/02/06 07:25:28 PM","Rahim Yar Khan"
"265975","Farah Sadaqat","MR-5930","EMDS Call","Medical Emergency","SOB/ Respiratory Distress","2026/02/06 07:28:34 PM","Rahim Yar Khan"
"265976","Maheen Tahir","MR-6017","EMDS Call","Medical Emergency","SOB/ Respiratory Distress","2026/02/06 07:29:08 PM","Rahim Yar Khan"
"265977","Saira Bibi","MR-5494","EMDS Call","Medical Emergency","Vomiting","2026/02/06 07:34:23 PM","Sadiqabad"
"265978","Maheen Tahir","MR-6017","EMDS Call","Medical Emergency","SOB/ Respiratory Distress","2026/02/06 07:42:31 PM","Khanpur"
"265979","Farah Sadaqat","MR-5930","EMDS Call","Road Crash","Bleeding","2026/02/06 07:46:09 PM","Rahim Yar Khan"
"265982","Saira Bibi","MR-5494","EMDS Call","Medical Emergency","High Fever","2026/02/06 07:47:24 PM","Liaqatpur"
"265980","Maheen Tahir","MR-6017","EMDS Call","Medical Emergency","High Fever","2026/02/06 07:46:19 PM","Liaqatpur"
"265981","Maheen Tahir","MR-6017","EMDS Call","Medical Emergency","Abdominal Pain","2026/02/06 07:49:48 PM","Rahim Yar Khan"
"265983","Maheen Tahir","MR-6017","EMDS Call","Medical Emergency","Diarrhea","2026/02/06 07:52:14 PM","Rahim Yar Khan"
"265984","Farah Sadaqat","MR-5930","EMDS Call","Road Crash","Bleeding","2026/02/06 07:56:27 PM","Rahim Yar Khan"
"265987","Saira Bibi","MR-5494","EMDS Call","Road Crash","Bleeding","2026/02/06 08:02:12 PM","Sadiqabad"
"265985","Farah Sadaqat","MR-5930","EMDS Call","Road Crash","Bleeding","2026/02/06 08:03:18 PM","Rahim Yar Khan"
"265985","Farah Sadaqat","MR-5930","EMDS Call","Road Crash","Bleeding","2026/02/06 08:03:18 PM","Rahim Yar Khan"
"265986","Saira Bibi","MR-5494","EMDS Call","Medical Emergency","Chest Pain","2026/02/06 08:05:25 PM","Rahim Yar Khan"
"265988","Saira Bibi","MR-5494","EMDS Call","Road Crash","Minor Injuries","2026/02/06 08:08:51 PM","Khanpur"
"76069","Saira Bibi","MR-5494","Direct Call","Patient Transfer Service","N/A","2026/02/06 08:12:06 PM","Sadiqabad"
"265989","Maheen Tahir","MR-6017","EMDS Call","Medical Emergency","Hypertension","2026/02/06 08:15:10 PM","Liaqatpur"
"265990","Farah Sadaqat","MR-5930","EMDS Call","Medical Emergency","Hypertension","2026/02/06 08:18:04 PM","Rahim Yar Khan"
"76070","Saira Bibi","MR-5494","Direct Call","Patient Transfer Service","N/A","2026/02/06 08:24:34 PM","Khanpur"
"265991","Saira Bibi","MR-5494","EMDS Call","Medical Emergency","Others","2026/02/06 08:25:10 PM","Sadiqabad"
"76071","Sheeza Barkat","MR-5331","Direct Call","Patient Transfer Service","N/A","2026/02/06 08:35:40 PM","Khanpur"
"265992","Sheeza Barkat","MR-5331","EMDS Call","Road Crash","Severe Trauma","2026/02/06 08:38:26 PM","Sadiqabad"
"265993","Zia ul Haq","DR-328","EMDS Call","Medical Emergency","SOB/ Respiratory Distress","2026/02/06 08:40:57 PM","Rahim Yar Khan"
"265994","Sheeza Barkat","MR-5331","EMDS Call","Medical Emergency","Abdominal Pain","2026/02/06 08:43:29 PM","Rahim Yar Khan"
"265995","Zia ul Haq","DR-328","EMDS Call","Medical Emergency","SOB/ Respiratory Distress","2026/02/06 08:45:23 PM","Rahim Yar Khan"
"265996","Fahad Hussain","DR-538","Direct Call","Medical Emergency","Others","2026/02/06 08:47:31 PM","Rahim Yar Khan"
"265997","Zia ul Haq","DR-328","EMDS Call","Medical Emergency","Others","2026/02/06 08:49:30 PM","Rahim Yar Khan"
"265998","Zia ul Haq","DR-328","EMDS Call","Rescue Operations","Delivery Case","2026/02/06 08:57:38 PM","Rahim Yar Khan"
"265999","Zia ul Haq","DR-328","EMDS Call","Medical Emergency","Others","2026/02/06 09:02:04 PM","Khanpur"
"266000","Sheeza Barkat","MR-5331","EMDS Call","Medical Emergency","High Fever","2026/02/06 09:03:48 PM","Rahim Yar Khan"
"266001","Sheeza Barkat","MR-5331","EMDS Call","Medical Emergency","Vomiting","2026/02/06 09:10:25 PM","Rahim Yar Khan"
"Not Assigned","Zia ul Haq","DR-328","EMDS Call","Road Crash","Bleeding","2026/02/06 09:12:14 PM","Liaqatpur"
"266002","Zia ul Haq","DR-328","Direct Call","Medical Emergency","Abdominal Pain","2026/02/06 09:19:28 PM","Sadiqabad"
"266003","Aasia Batool","MR-5198","EMDS Call","Medical Emergency","SOB/ Respiratory Distress","2026/02/06 09:28:40 PM","Rahim Yar Khan"
"266004","Sheeza Barkat","MR-5331","EMDS Call","Medical Emergency","Chest Pain","2026/02/06 09:29:58 PM","Liaqatpur"
"266006","Aasia Batool","MR-5198","EMDS Call","Medical Emergency","SOB/ Respiratory Distress","2026/02/06 09:34:29 PM","Liaqatpur"
"266005","Muhammad Tariq Hameed","DR-885","EMDS Call","Medical Emergency","Chest Pain","2026/02/06 09:33:26 PM","Liaqatpur"
"266007","Sheeza Barkat","MR-5331","EMDS Call","Crime","Physical Assault/Violence","2026/02/06 09:37:21 PM","Rahim Yar Khan"
"266008","Sheeza Barkat","MR-5331","EMDS Call","Medical Emergency","Chest Pain","2026/02/06 09:40:41 PM","Rahim Yar Khan"
"266009","Aasia Batool","MR-5198","EMDS Call","Medical Emergency","Vomiting","2026/02/06 09:42:10 PM","Liaqatpur"
"266011","Sheeza Barkat","MR-5331","EMDS Call","Medical Emergency","Others","2026/02/06 09:43:48 PM","Sadiqabad"
"266010","Muhammad Tariq Hameed","DR-885","EMDS Call","Medical Emergency","Others","2026/02/06 09:42:35 PM","Rahim Yar Khan"
"266012","Sheeza Barkat","MR-5331","EMDS Call","Medical Emergency","Others","2026/02/06 09:47:52 PM","Sadiqabad"
"266013","Sheeza Barkat","MR-5331","EMDS Call","Medical Emergency","Hypertension","2026/02/06 09:52:11 PM","Liaqatpur"
"76072","Muhammad Tariq Hameed","DR-885","Direct Call","Patient Transfer Service","N/A","2026/02/06 09:58:51 PM","Sadiqabad"
"266014","Aasia Batool","MR-5198","EMDS Call","Medical Emergency","Hypertension","2026/02/06 10:07:58 PM","Sadiqabad"
"266015","Muhammad Tariq Hameed","DR-885","EMDS Call","Medical Emergency","Others","2026/02/06 10:18:06 PM","Rahim Yar Khan"
"266016","Aasia Batool","MR-5198","EMDS Call","Medical Emergency","Chest Pain","2026/02/06 10:27:25 PM","Rahim Yar Khan"
"266017","Sheeza Barkat","MR-5331","EMDS Call","Medical Emergency","Chest Pain","2026/02/06 10:29:16 PM","Sadiqabad"
"266018","Sheeza Barkat","MR-5331","EMDS Call","Medical Emergency","Others","2026/02/06 10:32:41 PM","Rahim Yar Khan"
"76073","Muhammad Tariq Hameed","DR-885","Direct Call","Patient Transfer Service","N/A","2026/02/06 10:37:12 PM","Khanpur"
"266019","Fahad Hussain","DR-538","EMDS Call","Medical Emergency","Hypertension","2026/02/06 10:45:12 PM","Rahim Yar Khan"
"266020","Muhammad Tariq Hameed","DR-885","EMDS Call","Medical Emergency","Epilepsy","2026/02/06 10:52:39 PM","Sadiqabad"
"266021","Muhammad Tariq Hameed","DR-885","EMDS Call","Medical Emergency","Others","2026/02/06 11:12:48 PM","Rahim Yar Khan"
"266022","Aasia Batool","MR-5198","EMDS Call","Medical Emergency","Others","2026/02/06 11:13:48 PM","Rahim Yar Khan"
"266023","Muhammad Tariq Hameed","DR-885","EMDS Call","Medical Emergency","Hypertension","2026/02/06 11:25:41 PM","Khanpur"
"266024","Aasia Batool","MR-5198","EMDS Call","Medical Emergency","Domestic Injuries","2026/02/06 11:30:38 PM","Khanpur"
"266025","Aasia Batool","MR-5198","EMDS Call","Medical Emergency","High Fever","2026/02/06 11:51:50 PM","Rahim Yar Khan"
"266026","Muhammad Tariq Hameed","DR-885","EMDS Call","Medical Emergency","Abdominal Pain","2026/02/07 12:06:09 AM","Rahim Yar Khan"
"266027","Aasia Batool","MR-5198","EMDS Call","Medical Emergency","Vomiting","2026/02/07 12:11:27 AM","Sadiqabad"
"266028","Muhammad Tariq Hameed","DR-885","EMDS Call","Rescue Operations","Others","2026/02/07 12:24:35 AM","Rahim Yar Khan"
"266029","Aasia Batool","MR-5198","EMDS Call","Medical Emergency","Renal Disorders / Renal Colic ","2026/02/07 12:29:18 AM","Rahim Yar Khan"
"76074","Aasia Batool","MR-5198","Direct Call","Patient Transfer Service","N/A","2026/02/07 12:37:25 AM","Liaqatpur"
"266030","Muhammad Tariq Hameed","DR-885","EMDS Call","Medical Emergency","Vomiting","2026/02/07 12:46:54 AM","Rahim Yar Khan"
"266031","Aasia Batool","MR-5198","EMDS Call","Medical Emergency","Renal Disorders / Renal Colic ","2026/02/07 12:54:59 AM","Sadiqabad"
"266032","Fahad Hussain","DR-538","EMDS Call","Rescue Operations","Delivery Case","2026/02/07 12:57:43 AM","Rahim Yar Khan"
"266033","Aasia Batool","MR-5198","EMDS Call","Medical Emergency","SOB/ Respiratory Distress","2026/02/07 01:15:24 AM","Rahim Yar Khan"
"266034","Fahad Hussain","DR-538","EMDS Call","Medical Emergency","Hypertension","2026/02/07 01:27:26 AM","Sadiqabad"
"266035","Fahad Hussain","DR-538","EMDS Call","Medical Emergency","Vomiting","2026/02/07 01:30:44 AM","Rahim Yar Khan"
"266036","Aasia Batool","MR-5198","EMDS Call","Medical Emergency","Joints Pain","2026/02/07 01:31:47 AM","Rahim Yar Khan"
"76075","Aasia Batool","MR-5198","Direct Call","Patient Transfer Service","N/A","2026/02/07 01:37:22 AM","Sadiqabad"
"266037","Muhammad Tariq Hameed","DR-885","EMDS Call","Medical Emergency","SOB/ Respiratory Distress","2026/02/07 01:35:21 AM","Sadiqabad"
"266038","Fahad Hussain","DR-538","EMDS Call","Medical Emergency","Chest Pain","2026/02/07 01:38:51 AM","Rahim Yar Khan"
"266039","Muhammad Tariq Hameed","DR-885","EMDS Call","Medical Emergency","Others","2026/02/07 01:39:12 AM","Rahim Yar Khan"
"266040","Muhammad Tariq Hameed","DR-885","EMDS Call","Medical Emergency","Chest Pain","2026/02/07 02:00:03 AM","Khanpur"
"266041","Aasia Batool","MR-5198","EMDS Call","Medical Emergency","Others","2026/02/07 02:02:07 AM","Rahim Yar Khan"
"266042","Fahad Hussain","DR-538","EMDS Call","Road Crash","Severe Trauma","2026/02/07 02:08:48 AM","Rahim Yar Khan"
"266043","Muhammad Tariq Hameed","DR-885","EMDS Call","Medical Emergency","SOB/ Respiratory Distress","2026/02/07 02:14:32 AM","Sadiqabad"
"266044","Aasia Batool","MR-5198","EMDS Call","Medical Emergency","High Fever","2026/02/07 02:26:22 AM","Rahim Yar Khan"
"266045","Fahad Hussain","DR-538","EMDS Call","Medical Emergency","Diabetic","2026/02/07 02:28:14 AM","Sadiqabad"
"266046","Muhammad Tariq Hameed","DR-885","EMDS Call","Medical Emergency","Chest Pain","2026/02/07 02:50:48 AM","Rahim Yar Khan"
"266047","Fahad Hussain","DR-538","EMDS Call","Medical Emergency","Chest Pain","2026/02/07 02:56:22 AM","Rahim Yar Khan"
"266048","Muhammad Tariq Hameed","DR-885","EMDS Call","Medical Emergency","Chest Pain","2026/02/07 03:12:12 AM","Khanpur"
"266049","Aasia Batool","MR-5198","EMDS Call","Medical Emergency","SOB/ Respiratory Distress","2026/02/07 03:14:45 AM","Rahim Yar Khan"
"266050","Adil Iqbal","DR-782","EMDS Call","Medical Emergency","SOB/ Respiratory Distress","2026/02/07 03:34:05 AM","Khanpur"
"266051","Sheeza Barkat","MR-5331","EMDS Call","Medical Emergency","Chronic Illness","2026/02/07 03:36:16 AM","Rahim Yar Khan"
"76076","Sheeza Barkat","MR-5331","Direct Call","Patient Transfer Service","N/A","2026/02/07 03:40:45 AM","Sadiqabad"
"266052","Sheeza Barkat","MR-5331","EMDS Call","Medical Emergency","Others","2026/02/07 03:55:40 AM","Sadiqabad"
"266053","Adil Iqbal","DR-782","EMDS Call","Medical Emergency","Others","2026/02/07 04:07:43 AM","Rahim Yar Khan"
"266054","Muhammad ALi","DR-818","EMDS Call","Medical Emergency","Unconscious","2026/02/07 04:09:56 AM","Liaqatpur"
"76077","Muhammad ALi","DR-818","Direct Call","Patient Transfer Service","N/A","2026/02/07 04:19:11 AM","Khanpur"
"Not Assigned","Sheeza Barkat","MR-5331","EMDS Call","Medical Emergency","Others","2026/02/07 04:19:14 AM","Liaqatpur"
"266056","Adil Iqbal","DR-782","EMDS Call","Medical Emergency","Hypertension","2026/02/07 04:19:34 AM","Khanpur"
"266057","Sheeza Barkat","MR-5331","EMDS Call","Medical Emergency","Others","2026/02/07 04:34:33 AM","Sadiqabad"
"266058","Adil Iqbal","DR-782","EMDS Call","Medical Emergency","SOB/ Respiratory Distress","2026/02/07 05:15:21 AM","Rahim Yar Khan"
"266059","Sheeza Barkat","MR-5331","EMDS Call","Medical Emergency","Diabetic","2026/02/07 05:43:05 AM","Rahim Yar Khan"
"76078","Sheeza Barkat","MR-5331","Direct Call","Patient Transfer Service","N/A","2026/02/07 06:07:57 AM","Khanpur"
"266060","Muhammad ALi","DR-818","EMDS Call","Rescue Operations","Delivery Case","2026/02/07 06:06:28 AM","Rahim Yar Khan"
"76079","Adil Iqbal","DR-782","Direct Call","Patient Transfer Service","N/A","2026/02/07 06:16:33 AM","Sadiqabad"
"266061","Sheeza Barkat","MR-5331","EMDS Call","Medical Emergency","SOB/ Respiratory Distress","2026/02/07 06:37:37 AM","Khanpur"
"266062","Aasia Batool","MR-5198","EMDS Call","Medical Emergency","Joints Pain","2026/02/07 07:29:48 AM","Rahim Yar Khan"
"266063","Muhammad ALi","DR-818","EMDS Call","Road Crash","Severe Trauma","2026/02/07 07:35:41 AM","Sadiqabad"
"266063","Muhammad ALi","DR-818","EMDS Call","Road Crash","Severe Trauma","2026/02/07 07:35:41 AM","Sadiqabad"
"266064","Muhammad ALi","DR-818","Direct Call","Medical Emergency","Abdominal Pain","2026/02/07 07:51:46 AM","Rahim Yar Khan"
"266065","Muhammad ALi","DR-818","EMDS Call","Rescue Operations","Delivery Case","2026/02/07 07:53:44 AM","Liaqatpur"
"266066","Muhammad Rashid Saleem","DR-187","EMDS Call","Medical Emergency","Diabetic","2026/02/07 08:03:40 AM","Rahim Yar Khan"
"266067","Zupasha Zia","MR-5758","EMDS Call","Road Crash","Bleeding","2026/02/07 08:15:43 AM","Sadiqabad"
"266068","Zupasha Zia","MR-5758","Direct Call","Rescue Operations","Mass Event Coverage","2026/02/07 08:18:54 AM","Sadiqabad"
"266069","Bushra Saleem","MR-5701","Direct Call","Rescue Operations","Mass Event Coverage","2026/02/07 08:20:36 AM","Rahim Yar Khan"
"266070","Muhammad Rashid Saleem","DR-187","EMDS Call","Medical Emergency","Unconscious","2026/02/07 08:36:17 AM","Rahim Yar Khan"
"266071","Shahla Nawaz","DR-185","EMDS Call","Medical Emergency","Vomiting","2026/02/07 08:44:27 AM","Liaqatpur"
"266072","Zupasha Zia","MR-5758","EMDS Call","Medical Emergency","Diabetic","2026/02/07 08:46:35 AM","Rahim Yar Khan"
"266073","Bushra Saleem","MR-5701","EMDS Call","Medical Emergency","Abdominal Pain","2026/02/07 08:48:13 AM","Khanpur"
"266076","Bushra Saleem","MR-5701","EMDS Call","Medical Emergency","Others","2026/02/07 08:54:38 AM","Sadiqabad"
"266074","Zupasha Zia","MR-5758","EMDS Call","Medical Emergency","High Fever","2026/02/07 08:56:14 AM","Rahim Yar Khan"
"266075","Bushra Saleem","MR-5701","EMDS Call","Medical Emergency","Chest Pain","2026/02/07 08:58:52 AM","Sadiqabad"
"266077","Zupasha Zia","MR-5758","EMDS Call","Medical Emergency","Abdominal Pain","2026/02/07 08:58:35 AM","Sadiqabad"
"266078","Muhammad Rashid Saleem","DR-187","EMDS Call","Medical Emergency","Chronic Illness","2026/02/07 08:59:45 AM","Rahim Yar Khan"
"266079","Bushra Saleem","MR-5701","EMDS Call","Medical Emergency","Chronic Illness","2026/02/07 09:03:28 AM","Liaqatpur"
"266080","Zupasha Zia","MR-5758","EMDS Call","Medical Emergency","SOB/ Respiratory Distress","2026/02/07 09:15:10 AM","Rahim Yar Khan"
"266081","Zupasha Zia","MR-5758","EMDS Call","Medical Emergency","CVA/Stroke","2026/02/07 09:18:26 AM","Liaqatpur"
"266082","Zupasha Zia","MR-5758","EMDS Call","Medical Emergency","Hypertension","2026/02/07 09:33:20 AM","Sadiqabad"
"266083","Muhammad Rashid Saleem","DR-187","EMDS Call","Medical Emergency","Abdominal Pain","2026/02/07 09:37:25 AM","Khanpur"
"266084","Zupasha Zia","MR-5758","EMDS Call","Medical Emergency","Unconscious","2026/02/07 09:41:56 AM","Sadiqabad"
"266085","Zupasha Zia","MR-5758","EMDS Call","Rescue Operations","Animal/Bird Rescue","2026/02/07 09:49:44 AM","Khanpur"
"266087","Zupasha Zia","MR-5758","EMDS Call","Road Crash","Bleeding","2026/02/07 09:58:27 AM","Rahim Yar Khan"
"266086","Muhammad Rashid Saleem","DR-187","Direct Call","Medical Emergency","SOB/ Respiratory Distress","2026/02/07 09:59:47 AM","Rahim Yar Khan"
"266088","Bushra Saleem","MR-5701","EMDS Call","Road Crash","Bleeding","2026/02/07 09:58:47 AM","Rahim Yar Khan"
"266088","Bushra Saleem","MR-5701","EMDS Call","Road Crash","Bleeding","2026/02/07 09:58:47 AM","Rahim Yar Khan"
"266089","Muhammad Rashid Saleem","DR-187","EMDS Call","Road Crash","Minor Injuries","2026/02/07 10:02:25 AM","Rahim Yar Khan"
"266090","Zupasha Zia","MR-5758","EMDS Call","Medical Emergency","Hypertension","2026/02/07 10:02:40 AM","Rahim Yar Khan"
"266091","Bushra Saleem","MR-5701","EMDS Call","Fall","Slipped On Floor","2026/02/07 10:09:14 AM","Khanpur"
"266092","Muhammad Rashid Saleem","DR-187","EMDS Call","Medical Emergency","SOB/ Respiratory Distress","2026/02/07 10:13:57 AM","Liaqatpur"
"266093","Muhammad Rashid Saleem","DR-187","EMDS Call","Medical Emergency","SOB/ Respiratory Distress","2026/02/07 10:17:34 AM","Sadiqabad"
"266094","Muhammad Rashid Saleem","DR-187","EMDS Call","Medical Emergency","SOB/ Respiratory Distress","2026/02/07 10:21:16 AM","Rahim Yar Khan"
"266095","Zupasha Zia","MR-5758","EMDS Call","Medical Emergency","Hypertension","2026/02/07 10:18:26 AM","Liaqatpur"
"266096","Muhammad Rashid Saleem","DR-187","EMDS Call","Medical Emergency","SOB/ Respiratory Distress","2026/02/07 10:30:04 AM","Khanpur"
"266097","Zupasha Zia","MR-5758","EMDS Call","Road Crash","Bleeding","2026/02/07 10:35:30 AM","Khanpur"
"266098","Zupasha Zia","MR-5758","EMDS Call","Medical Emergency","SOB/ Respiratory Distress","2026/02/07 10:45:28 AM","Rahim Yar Khan"
"266099","Zupasha Zia","MR-5758","EMDS Call","Medical Emergency","Hypotension","2026/02/07 10:49:09 AM","Rahim Yar Khan"
"266100","Muhammad Rashid Saleem","DR-187","Direct Call","Medical Emergency","Others","2026/02/07 10:49:36 AM","Rahim Yar Khan"
"76080","Bushra Saleem","MR-5701","Direct Call","Patient Transfer Service","N/A","2026/02/07 10:52:36 AM","Khanpur"
"266101","Bushra Saleem","MR-5701","EMDS Call","Medical Emergency","SOB/ Respiratory Distress","2026/02/07 10:52:46 AM","Khanpur"
"76081","Bushra Saleem","MR-5701","Direct Call","Patient Transfer Service","N/A","2026/02/07 11:03:15 AM","Khanpur"
"266102","Zupasha Zia","MR-5758","EMDS Call","Medical Emergency","Epilepsy","2026/02/07 11:02:01 AM","Sadiqabad"
"266103","Bushra Saleem","MR-5701","EMDS Call","Road Crash","Bleeding","2026/02/07 11:22:31 AM","Khanpur"
"266104","Zupasha Zia","MR-5758","EMDS Call","Medical Emergency","Chronic Illness","2026/02/07 11:23:28 AM","Rahim Yar Khan"
"266105","Muhammad Rashid Saleem","DR-187","EMDS Call","Road Crash","Bleeding","2026/02/07 11:25:16 AM","Sadiqabad"
"266105","Muhammad Rashid Saleem","DR-187","EMDS Call","Road Crash","Bleeding","2026/02/07 11:25:16 AM","Sadiqabad"
"266106","Muhammad Rashid Saleem","DR-187","EMDS Call","Rescue Operations","Snake Emergency","2026/02/07 11:30:02 AM","Khanpur"
"266107","Zupasha Zia","MR-5758","EMDS Call","Medical Emergency","Chest Pain","2026/02/07 11:36:37 AM","Liaqatpur"
"266109","Zupasha Zia","MR-5758","EMDS Call","Medical Emergency","Chronic Illness","2026/02/07 11:51:03 AM","Khanpur"
"266108","Bushra Saleem","MR-5701","EMDS Call","Medical Emergency","SOB/ Respiratory Distress","2026/02/07 11:51:22 AM","Rahim Yar Khan"
"76082","Zupasha Zia","MR-5758","Direct Call","Patient Transfer Service","N/A","2026/02/07 12:02:36 PM","Sadiqabad"
"266111","Bushra Saleem","MR-5701","EMDS Call","Medical Emergency","Others","2026/02/07 12:03:58 PM","Khanpur"
"266110","Zupasha Zia","MR-5758","EMDS Call","Medical Emergency","Unconscious","2026/02/07 12:05:20 PM","Liaqatpur"
"266112","Bushra Saleem","MR-5701","EMDS Call","Road Crash","Multiple Fractures","2026/02/07 12:18:10 PM","Rahim Yar Khan"
"266113","Bushra Saleem","MR-5701","EMDS Call","Medical Emergency","SOB/ Respiratory Distress","2026/02/07 12:32:29 PM","Rahim Yar Khan"
"266114","Bushra Saleem","MR-5701","EMDS Call","Medical Emergency","High Fever","2026/02/07 12:36:37 PM","Rahim Yar Khan"
"266115","Zupasha Zia","MR-5758","EMDS Call","Road Crash","Minor Injuries","2026/02/07 12:39:21 PM","Khanpur"
"266116","Zupasha Zia","MR-5758","EMDS Call","Medical Emergency","Others","2026/02/07 12:46:05 PM","Rahim Yar Khan"
"266117","Adil Iqbal","DR-782","EMDS Call","Medical Emergency","Diabetic","2026/02/07 12:47:34 PM","Sadiqabad"
"266118","Bushra Saleem","MR-5701","EMDS Call","Medical Emergency","Domestic Injuries","2026/02/07 12:50:51 PM","Rahim Yar Khan"
"266119","Bushra Saleem","MR-5701","EMDS Call","Road Crash","Bleeding","2026/02/07 12:56:00 PM","Liaqatpur"
"266120","Adil Iqbal","DR-782","EMDS Call","Road Crash","Severe Trauma","2026/02/07 12:57:29 PM","Sadiqabad"
"266122","Adil Iqbal","DR-782","EMDS Call","Medical Emergency","SOB/ Respiratory Distress","2026/02/07 01:10:01 PM","Rahim Yar Khan"
"266121","Bushra Saleem","MR-5701","EMDS Call","Medical Emergency","Chronic Illness","2026/02/07 01:11:20 PM","Rahim Yar Khan"
"266123","Zupasha Zia","MR-5758","EMDS Call","Medical Emergency","SOB/ Respiratory Distress","2026/02/07 01:11:33 PM","Rahim Yar Khan"
"266124","Adil Iqbal","DR-782","EMDS Call","Medical Emergency","Abdominal Pain","2026/02/07 01:15:53 PM","Sadiqabad"
"266125","Adil Iqbal","DR-782","EMDS Call","Medical Emergency","SOB/ Respiratory Distress","2026/02/07 01:26:04 PM","Rahim Yar Khan"
"76083","Zupasha Zia","MR-5758","Direct Call","Patient Transfer Service","N/A","2026/02/07 01:28:26 PM","Sadiqabad"
"76084","Bushra Saleem","MR-5701","Direct Call","Patient Transfer Service","N/A","2026/02/07 01:45:25 PM","Sadiqabad"
"266126","Zupasha Zia","MR-5758","EMDS Call","Fall","Fall From Wall","2026/02/07 01:44:42 PM","Rahim Yar Khan"
"266127","Zupasha Zia","MR-5758","EMDS Call","Medical Emergency","Others","2026/02/07 01:52:44 PM","Rahim Yar Khan"
"266128","Zupasha Zia","MR-5758","EMDS Call","Medical Emergency","Chest Pain","2026/02/07 02:00:30 PM","Sadiqabad"
"266129","Bushra Saleem","MR-5701","EMDS Call","Medical Emergency","Others","2026/02/07 02:02:43 PM","Rahim Yar Khan"
"266130","Zupasha Zia","MR-5758","EMDS Call","Rescue Operations","Delivery Case","2026/02/07 02:06:35 PM","Liaqatpur"
"266131","Muhammad Zahid","DR-888","EMDS Call","Medical Emergency","Chronic Illness","2026/02/07 02:09:16 PM","Khanpur"
"266132","Zupasha Zia","MR-5758","EMDS Call","Medical Emergency","Others","2026/02/07 02:12:46 PM","Rahim Yar Khan"
"266133","Muhammad Zahid","DR-888","EMDS Call","Medical Emergency","Others","2026/02/07 02:13:52 PM","Rahim Yar Khan"
"266134","Muhammad Zahid","DR-888","EMDS Call","Medical Emergency","Diabetic","2026/02/07 02:17:28 PM","Rahim Yar Khan"
"266135","Muhammad Zubair","DR-894","EMDS Call","Rescue Operations","Electric Shock","2026/02/07 02:17:51 PM","Sadiqabad"
"266136","Muhammad Zubair","DR-894","EMDS Call","Medical Emergency","Hypertension","2026/02/07 02:28:16 PM","Sadiqabad"
"266137","Muhammad Zahid","DR-888","EMDS Call","Medical Emergency","Chest Pain","2026/02/07 02:26:24 PM","Khanpur"
"266138","Maheen Tahir","MR-6017","EMDS Call","Medical Emergency","Vomiting","2026/02/07 02:29:48 PM","Rahim Yar Khan"
"266139","Farah Sadaqat","MR-5930","EMDS Call","Road Crash","Bleeding","2026/02/07 02:35:43 PM","Sadiqabad"
"266140","Farah Sadaqat","MR-5930","EMDS Call","Medical Emergency","Others","2026/02/07 02:37:49 PM","Liaqatpur"
"266141","Maheen Tahir","MR-6017","EMDS Call","Medical Emergency","Others","2026/02/07 02:40:25 PM","Rahim Yar Khan"
"76085","Maheen Tahir","MR-6017","Direct Call","Patient Transfer Service","N/A","2026/02/07 02:47:52 PM","Liaqatpur"
"76086","Maheen Tahir","MR-6017","Direct Call","Patient Transfer Service","N/A","2026/02/07 02:58:04 PM","Liaqatpur"
"266142","Muhammad Zubair","DR-894","EMDS Call","Medical Emergency","SOB/ Respiratory Distress","2026/02/07 03:00:44 PM","Khanpur"
"266143","Maheen Tahir","MR-6017","Direct Call","Road Crash","Bleeding","2026/02/07 03:20:42 PM","Khanpur"
"266144","Maheen Tahir","MR-6017","EMDS Call","Medical Emergency","Others","2026/02/07 03:24:16 PM","Sadiqabad"
"76087","Maheen Tahir","MR-6017","Direct Call","Patient Transfer Service","N/A","2026/02/07 03:41:13 PM","Khanpur"
"266145","Muhammad Zubair","DR-894","EMDS Call","Medical Emergency","Joints Pain","2026/02/07 03:44:45 PM","Rahim Yar Khan"
"76088","Maheen Tahir","MR-6017","Direct Call","Patient Transfer Service","N/A","2026/02/07 03:48:25 PM","Khanpur"
"266146","Farah Sadaqat","MR-5930","EMDS Call","Medical Emergency","Chest Pain","2026/02/07 03:52:38 PM","Sadiqabad"
"266147","Farah Sadaqat","MR-5930","EMDS Call","Medical Emergency","Others","2026/02/07 03:56:17 PM","Liaqatpur"
"266148","Farah Sadaqat","MR-5930","EMDS Call","Road Crash","Bleeding","2026/02/07 04:07:55 PM","Khanpur"
"266149","Farah Sadaqat","MR-5930","EMDS Call","Road Crash","Bleeding","2026/02/07 04:14:35 PM","Rahim Yar Khan"
"76089","Maheen Tahir","MR-6017","Direct Call","Patient Transfer Service","N/A","2026/02/07 04:15:12 PM","Khanpur"
"76090","Maheen Tahir","MR-6017","Direct Call","Patient Transfer Service","N/A","2026/02/07 04:18:00 PM","Sadiqabad"
"76091","Farah Sadaqat","MR-5930","Direct Call","Patient Transfer Service","N/A","2026/02/07 04:19:33 PM","Khanpur"
"266151","Saira Bibi","MR-5494","EMDS Call","Medical Emergency","Abdominal Pain","2026/02/07 04:21:49 PM","Sadiqabad"
"266150","Maheen Tahir","MR-6017","EMDS Call","Medical Emergency","Others","2026/02/07 04:20:39 PM","Sadiqabad"
"266152","Farah Sadaqat","MR-5930","EMDS Call","Medical Emergency","Others","2026/02/07 04:25:06 PM","Sadiqabad"
"266153","Farah Sadaqat","MR-5930","EMDS Call","Road Crash","Minor Injuries","2026/02/07 04:32:15 PM","Liaqatpur"
"266154","Saira Bibi","MR-5494","EMDS Call","Road Crash","Bleeding","2026/02/07 04:33:17 PM","Sadiqabad"
"266155","Maheen Tahir","MR-6017","EMDS Call","Medical Emergency","Diabetic","2026/02/07 04:37:23 PM","Sadiqabad"
"266156","Saira Bibi","MR-5494","EMDS Call","Road Crash","Bleeding","2026/02/07 04:41:09 PM","Rahim Yar Khan"
"266157","Maheen Tahir","MR-6017","EMDS Call","Fire","Others","2026/02/07 04:43:17 PM","Liaqatpur"
"266158","Shaheen Islam","DR-1171","EMDS Call","Road Crash","Severe Trauma","2026/02/07 04:46:10 PM","Rahim Yar Khan"
"266159","Shaheen Islam","DR-1171","EMDS Call","Medical Emergency","Chronic Illness","2026/02/07 04:54:27 PM","Rahim Yar Khan"
"266160","Shaheen Islam","DR-1171","EMDS Call","Medical Emergency","Hypertension","2026/02/07 05:00:31 PM","Rahim Yar Khan"
"266161","Shaheen Islam","DR-1171","EMDS Call","Rescue Operations","Others","2026/02/07 05:19:53 PM","Liaqatpur"
"266162","Maheen Tahir","MR-6017","EMDS Call","Medical Emergency","Others","2026/02/07 05:29:22 PM","Rahim Yar Khan"
"76092","Maheen Tahir","MR-6017","Direct Call","Patient Transfer Service","N/A","2026/02/07 05:32:38 PM","Sadiqabad"
"266164","Shaheen Islam","DR-1171","EMDS Call","Medical Emergency","SOB/ Respiratory Distress","2026/02/07 05:46:51 PM","Rahim Yar Khan"
"266163","Muhammad Zubair","DR-894","EMDS Call","Medical Emergency","SOB/ Respiratory Distress","2026/02/07 05:49:31 PM","Sadiqabad"
"76093","Maheen Tahir","MR-6017","Direct Call","Patient Transfer Service","N/A","2026/02/07 05:50:41 PM","Sadiqabad"
"266165","Maheen Tahir","MR-6017","Direct Call","Medical Emergency","Chronic Illness","2026/02/07 05:51:22 PM","Rahim Yar Khan"
"76094","Maheen Tahir","MR-6017","Direct Call","Patient Transfer Service","N/A","2026/02/07 05:57:50 PM","Liaqatpur"
"266166","Muhammad Zubair","DR-894","EMDS Call","Rescue Operations","Delivery Case","2026/02/07 06:05:09 PM","Sadiqabad"
"266167","Farah Sadaqat","MR-5930","EMDS Call","Medical Emergency","SOB/ Respiratory Distress","2026/02/07 06:03:40 PM","Rahim Yar Khan"
"266168","Farah Sadaqat","MR-5930","EMDS Call","Medical Emergency","Chest Pain","2026/02/07 06:10:50 PM","Rahim Yar Khan"
"266169","Maheen Tahir","MR-6017","EMDS Call","Road Crash","Bleeding","2026/02/07 06:19:11 PM","Sadiqabad"
"266170","Muhammad Zubair","DR-894","EMDS Call","Medical Emergency","Abdominal Pain","2026/02/07 06:19:37 PM","Sadiqabad"
"266171","Maheen Tahir","MR-6017","EMDS Call","Road Crash","Bleeding","2026/02/07 06:28:15 PM","Rahim Yar Khan"
"266171","Maheen Tahir","MR-6017","EMDS Call","Road Crash","Bleeding","2026/02/07 06:28:15 PM","Rahim Yar Khan"
"266172","Farah Sadaqat","MR-5930","EMDS Call","Medical Emergency","Diabetic","2026/02/07 06:30:40 PM","Khanpur"
"266173","Maheen Tahir","MR-6017","EMDS Call","Rescue Operations","Animal/Bird Rescue","2026/02/07 06:30:55 PM","Khanpur"
"266174","Muhammad Zubair","DR-894","EMDS Call","Medical Emergency","SOB/ Respiratory Distress","2026/02/07 06:35:49 PM","Rahim Yar Khan"
"266175","Maheen Tahir","MR-6017","EMDS Call","Medical Emergency","Others","2026/02/07 06:37:09 PM","Rahim Yar Khan"
"266176","Muhammad Zubair","DR-894","EMDS Call","Medical Emergency","Epilepsy","2026/02/07 06:42:20 PM","Liaqatpur"
"266177","Shaheen Islam","DR-1171","EMDS Call","Road Crash","Severe Trauma","2026/02/07 06:43:59 PM","Rahim Yar Khan"
"266178","Maheen Tahir","MR-6017","EMDS Call","Medical Emergency","Others","2026/02/07 06:44:34 PM","Rahim Yar Khan"
"266179","Shaheen Islam","DR-1171","EMDS Call","Medical Emergency","Abdominal Pain","2026/02/07 06:46:06 PM","Liaqatpur"
"266180","Shaheen Islam","DR-1171","EMDS Call","Medical Emergency","Chronic Illness","2026/02/07 06:48:40 PM","Rahim Yar Khan"
"266181","Shaheen Islam","DR-1171","EMDS Call","Road Crash","Bleeding","2026/02/07 06:52:00 PM","Rahim Yar Khan"
"266182","Muhammad Zubair","DR-894","EMDS Call","Medical Emergency","Others","2026/02/07 06:52:28 PM","Rahim Yar Khan"
"266183","Shaheen Islam","DR-1171","EMDS Call","Road Crash","Bleeding","2026/02/07 06:54:11 PM","Sadiqabad"
"76095","Shaheen Islam","DR-1171","Direct Call","Patient Transfer Service","N/A","2026/02/07 06:58:51 PM","Rahim Yar Khan"
"266184","Muhammad Zubair","DR-894","EMDS Call","Road Crash","Minor Injuries","2026/02/07 07:01:12 PM","Rahim Yar Khan"
"266185","Shaheen Islam","DR-1171","EMDS Call","Medical Emergency","Abdominal Pain","2026/02/07 07:03:08 PM","Liaqatpur"
"266186","Maheen Tahir","MR-6017","EMDS Call","Medical Emergency","Hypertension","2026/02/07 07:09:52 PM","Rahim Yar Khan"
"266187","Muhammad Zubair","DR-894","EMDS Call","Medical Emergency","Others","2026/02/07 07:12:17 PM","Rahim Yar Khan"
"266188","Shaheen Islam","DR-1171","EMDS Call","Medical Emergency","Joints Pain","2026/02/07 07:11:58 PM","Sadiqabad"
"266189","Shaheen Islam","DR-1171","Direct Call","Road Crash","Minor Injuries","2026/02/07 07:19:30 PM","Rahim Yar Khan"
"266190","Muhammad Zubair","DR-894","EMDS Call","Medical Emergency","Abdominal Pain","2026/02/07 07:20:25 PM","Sadiqabad"
"266191","Maheen Tahir","MR-6017","EMDS Call","Medical Emergency","Unconscious","2026/02/07 07:19:54 PM","Rahim Yar Khan"
"266192","Shaheen Islam","DR-1171","EMDS Call","Medical Emergency","Chronic Illness","2026/02/07 07:20:36 PM","Rahim Yar Khan"
"266193","Muhammad Zubair","DR-894","Direct Call","Medical Emergency","SOB/ Respiratory Distress","2026/02/07 07:32:14 PM","Rahim Yar Khan"
"266194","Farah Sadaqat","MR-5930","EMDS Call","Medical Emergency","SOB/ Respiratory Distress","2026/02/07 07:31:18 PM","Khanpur"
"266195","Muhammad Zubair","DR-894","EMDS Call","Medical Emergency","Chronic Illness","2026/02/07 07:37:28 PM","Sadiqabad"
"266196","Muhammad Zubair","DR-894","EMDS Call","Medical Emergency","Hypertension","2026/02/07 07:42:30 PM","Rahim Yar Khan"
"266197","Muhammad Zubair","DR-894","EMDS Call","Medical Emergency","Abdominal Pain","2026/02/07 07:45:09 PM","Khanpur"
"266198","Farah Sadaqat","MR-5930","EMDS Call","Rescue Operations","Delivery Case","2026/02/07 07:48:49 PM","Rahim Yar Khan"
"76096","Maheen Tahir","MR-6017","Direct Call","Patient Transfer Service","N/A","2026/02/07 07:50:35 PM","Khanpur"
"266199","Muhammad Zubair","DR-894","EMDS Call","Road Crash","Bleeding","2026/02/07 07:54:19 PM","Rahim Yar Khan"
"76097","Farah Sadaqat","MR-5930","Direct Call","Patient Transfer Service","N/A","2026/02/07 07:56:04 PM","Khanpur"
"266200","Maheen Tahir","MR-6017","EMDS Call","Medical Emergency","Others","2026/02/07 07:59:40 PM","Khanpur"
"76098","Farah Sadaqat","MR-5930","Direct Call","Patient Transfer Service","N/A","2026/02/07 08:04:08 PM","Liaqatpur"
"266201","Muhammad Zubair","DR-894","EMDS Call","Medical Emergency","Abdominal Pain","2026/02/07 08:10:50 PM","Khanpur"
"266204","Maheen Tahir","MR-6017","EMDS Call","Medical Emergency","Unconscious","2026/02/07 08:17:12 PM","Khanpur"
"266202","Muhammad Zubair","DR-894","EMDS Call","Medical Emergency","Epilepsy","2026/02/07 08:19:47 PM","Sadiqabad"
"266203","Farah Sadaqat","MR-5930","EMDS Call","Crime","Probable Suicide","2026/02/07 08:24:39 PM","Sadiqabad"
"266205","Muhammad Fiaz","DR-206","EMDS Call","Medical Emergency","Joints Pain","2026/02/07 08:42:37 PM","Sadiqabad"
"266206","Sheeza Barkat","MR-5331","EMDS Call","Medical Emergency","Others","2026/02/07 08:43:28 PM","Sadiqabad"
"76099","Muhammad Zubair","DR-894","Direct Call","Patient Transfer Service","N/A","2026/02/07 08:43:42 PM","Rahim Yar Khan"
"266207","Muhammad Fiaz","DR-206","EMDS Call","Medical Emergency","Others","2026/02/07 08:44:16 PM","Rahim Yar Khan"
"76100","Muhammad Zubair","DR-894","Direct Call","Patient Transfer Service","N/A","2026/02/07 08:45:45 PM","Sadiqabad"
"266208","Sheeza Barkat","MR-5331","EMDS Call","Medical Emergency","Vomiting","2026/02/07 08:44:32 PM","Liaqatpur"
"266209","Muhammad Fiaz","DR-206","EMDS Call","Medical Emergency","Chronic Illness","2026/02/07 08:47:52 PM","Rahim Yar Khan"
"266210","Zia ul Haq","DR-328","EMDS Call","Medical Emergency","High Fever","2026/02/07 08:51:29 PM","Liaqatpur"
"266211","Muhammad Fiaz","DR-206","EMDS Call","Medical Emergency","Chest Pain","2026/02/07 08:51:47 PM","Rahim Yar Khan"
"266212","Sheeza Barkat","MR-5331","EMDS Call","Medical Emergency","Abdominal Pain","2026/02/07 08:59:53 PM","Khanpur"
"266213","Zia ul Haq","DR-328","EMDS Call","Road Crash","Bleeding","2026/02/07 09:05:31 PM","Rahim Yar Khan"
"266214","Sheeza Barkat","MR-5331","EMDS Call","Medical Emergency","Others","2026/02/07 09:13:13 PM","Rahim Yar Khan"
"266215","Muhammad Fiaz","DR-206","EMDS Call","Medical Emergency","Others","2026/02/07 09:12:34 PM","Khanpur"
"76101","Muhammad Fiaz","DR-206","Direct Call","Patient Transfer Service","N/A","2026/02/07 09:16:52 PM","Khanpur"
"266216","Zia ul Haq","DR-328","EMDS Call","Medical Emergency","Chronic Illness","2026/02/07 09:15:49 PM","Rahim Yar Khan"
"76102","Muhammad Fiaz","DR-206","Direct Call","Patient Transfer Service","N/A","2026/02/07 09:24:47 PM","Khanpur"
"266217","Zia ul Haq","DR-328","EMDS Call","Medical Emergency","Unconscious","2026/02/07 09:26:07 PM","Rahim Yar Khan"
"266218","Sheeza Barkat","MR-5331","EMDS Call","Medical Emergency","Chronic Illness","2026/02/07 09:30:03 PM","Liaqatpur"
"266219","Muhammad Fiaz","DR-206","EMDS Call","Medical Emergency","Others","2026/02/07 09:34:08 PM","Sadiqabad"
"76103","Saima Bashir","MR-5819","Direct Call","Patient Transfer Service","N/A","2026/02/07 09:56:58 PM","Sadiqabad"
"266220","Saima Bashir","MR-5819","EMDS Call","Medical Emergency","SOB/ Respiratory Distress","2026/02/07 10:01:14 PM","Rahim Yar Khan"
"266221","Muhammad Fiaz","DR-206","EMDS Call","Medical Emergency","SOB/ Respiratory Distress","2026/02/07 10:03:12 PM","Sadiqabad"
"266222","Saima Bashir","MR-5819","EMDS Call","Medical Emergency","SOB/ Respiratory Distress","2026/02/07 10:20:52 PM","Sadiqabad"
"76104","Saima Bashir","MR-5819","Direct Call","Patient Transfer Service","N/A","2026/02/07 10:43:44 PM","Sadiqabad"
"266223","Muhammad Fiaz","DR-206","EMDS Call","Medical Emergency","Epilepsy","2026/02/07 10:43:25 PM","Rahim Yar Khan"
"266224","Muhammad Fiaz","DR-206","EMDS Call","Medical Emergency","Unconscious","2026/02/07 10:46:24 PM","Rahim Yar Khan"
"266225","Muhammad Fiaz","DR-206","EMDS Call","Medical Emergency","Others","2026/02/07 11:01:19 PM","Sadiqabad"
"266226","Muhammad ALi","DR-818","EMDS Call","Medical Emergency","High Fever","2026/02/07 11:05:15 PM","Rahim Yar Khan"
"266227","Muhammad Fiaz","DR-206","EMDS Call","Medical Emergency","Hypertension","2026/02/07 11:11:10 PM","Sadiqabad"
"266228","Muhammad ALi","DR-818","EMDS Call","Rescue Operations","Delivery Case","2026/02/07 11:15:29 PM","Rahim Yar Khan"
"266229","Muhammad Fiaz","DR-206","EMDS Call","Rescue Operations","Delivery Case","2026/02/07 11:22:14 PM","Rahim Yar Khan"
"266230","Saima Bashir","MR-5819","EMDS Call","Road Crash","Bleeding","2026/02/07 11:29:29 PM","Sadiqabad"
"266231","Muhammad Fiaz","DR-206","EMDS Call","Medical Emergency","Diarrhea","2026/02/07 11:30:14 PM","Khanpur"
"266232","Muhammad ALi","DR-818","EMDS Call","Medical Emergency","Diabetic","2026/02/07 11:33:37 PM","Liaqatpur"
"266233","Muhammad Fiaz","DR-206","Direct Call","Medical Emergency","Hypertension","2026/02/07 11:35:47 PM","Rahim Yar Khan"
"266234","Saima Bashir","MR-5819","EMDS Call","Medical Emergency","Others","2026/02/07 11:37:06 PM","Rahim Yar Khan"
"266235","Muhammad ALi","DR-818","EMDS Call","Medical Emergency","Others","2026/02/07 11:51:23 PM","Rahim Yar Khan"
"266236","Muhammad Fiaz","DR-206","EMDS Call","Medical Emergency","Vomiting","2026/02/08 12:05:12 AM","Rahim Yar Khan"
"266237","Muhammad ALi","DR-818","EMDS Call","Medical Emergency","Hypertension","2026/02/08 12:05:30 AM","Rahim Yar Khan"
"266238","Saima Bashir","MR-5819","Direct Call","Medical Emergency","Abdominal Pain","2026/02/08 12:12:55 AM","Liaqatpur"
"76105","Saima Bashir","MR-5819","Direct Call","Patient Transfer Service","N/A","2026/02/08 12:18:03 AM","Liaqatpur"
"266239","Muhammad Fiaz","DR-206","EMDS Call","Medical Emergency","Chest Pain","2026/02/08 12:18:42 AM","Sadiqabad"
"76106","Muhammad ALi","DR-818","Direct Call","Patient Transfer Service","N/A","2026/02/08 12:19:36 AM","Sadiqabad"
"266240","Muhammad ALi","DR-818","EMDS Call","Medical Emergency","High Fever","2026/02/08 12:25:34 AM","Rahim Yar Khan"
"76107","Saima Bashir","MR-5819","Direct Call","Patient Transfer Service","N/A","2026/02/08 12:27:40 AM","Liaqatpur"
"266241","Muhammad Fiaz","DR-206","EMDS Call","Medical Emergency","Abdominal Pain","2026/02/08 12:46:25 AM","Rahim Yar Khan"
"266242","Muhammad ALi","DR-818","EMDS Call","Medical Emergency","Vomiting","2026/02/08 12:51:31 AM","Sadiqabad"
"266243","Muhammad Fiaz","DR-206","EMDS Call","Medical Emergency","Vomiting","2026/02/08 12:55:12 AM","Khanpur"
"266244","Muhammad ALi","DR-818","EMDS Call","Medical Emergency","Renal Disorders / Renal Colic ","2026/02/08 01:05:56 AM","Rahim Yar Khan"
"266245","Saima Bashir","MR-5819","EMDS Call","Medical Emergency","Abdominal Pain","2026/02/08 01:13:09 AM","Rahim Yar Khan"
"76108","Saima Bashir","MR-5819","Direct Call","Patient Transfer Service","N/A","2026/02/08 01:39:46 AM","Sadiqabad"
"76109","Saima Bashir","MR-5819","Direct Call","Patient Transfer Service","N/A","2026/02/08 01:47:42 AM","Sadiqabad"
"266246","Muhammad Fiaz","DR-206","EMDS Call","Medical Emergency","Hypertension","2026/02/08 01:50:26 AM","Sadiqabad"
"266247","Muhammad Fiaz","DR-206","EMDS Call","Medical Emergency","SOB/ Respiratory Distress","2026/02/08 02:08:57 AM","Rahim Yar Khan"
"266248","Muhammad ALi","DR-818","EMDS Call","Medical Emergency","Others","2026/02/08 02:24:32 AM","Rahim Yar Khan"
"266249","Saima Bashir","MR-5819","EMDS Call","Medical Emergency","Diarrhea","2026/02/08 02:27:15 AM","Rahim Yar Khan"
"266250","Muhammad Fiaz","DR-206","EMDS Call","Medical Emergency","Vomiting","2026/02/08 02:31:21 AM","Rahim Yar Khan"
"266251","Muhammad ALi","DR-818","EMDS Call","Medical Emergency","SOB/ Respiratory Distress","2026/02/08 02:32:50 AM","Khanpur"
"266252","Muhammad Fiaz","DR-206","EMDS Call","Medical Emergency","Others","2026/02/08 02:39:23 AM","Rahim Yar Khan"
"266253","Muhammad ALi","DR-818","EMDS Call","Medical Emergency","Renal Disorders / Renal Colic ","2026/02/08 02:47:43 AM","Sadiqabad"
"266254","Muhammad ALi","DR-818","EMDS Call","Medical Emergency","Chest Pain","2026/02/08 02:51:47 AM","Sadiqabad"
"266255","Muhammad ALi","DR-818","EMDS Call","Medical Emergency","SOB/ Respiratory Distress","2026/02/08 03:00:47 AM","Rahim Yar Khan"
"Not Assigned","Saima Bashir","MR-5819","EMDS Call","Medical Emergency","Chest Pain","2026/02/08 03:03:30 AM","Sadiqabad"
"266256","Muhammad ALi","DR-818","EMDS Call","Medical Emergency","Diabetic","2026/02/08 03:09:01 AM","Sadiqabad"
"266257","Saima Bashir","MR-5819","EMDS Call","Medical Emergency","Chest Pain","2026/02/08 03:15:32 AM","Sadiqabad"
"266258","Muhammad Fiaz","DR-206","EMDS Call","Medical Emergency","Abdominal Pain","2026/02/08 03:27:17 AM","Sadiqabad"
"266259","Aasia Batool","MR-5198","EMDS Call","Medical Emergency","CVA/Stroke","2026/02/08 03:41:01 AM","Rahim Yar Khan"
"266260","Zahid Manzoor","DR-887","EMDS Call","Medical Emergency","Abdominal Pain","2026/02/08 03:43:58 AM","Sadiqabad"
"266261","Aasia Batool","MR-5198","EMDS Call","Rescue Operations","Delivery Case","2026/02/08 04:39:25 AM","Sadiqabad"
"266262","Sheeza Barkat","MR-5331","EMDS Call","Medical Emergency","High Fever","2026/02/08 04:38:28 AM","Rahim Yar Khan"
"266263","Zahid Manzoor","DR-887","EMDS Call","Rescue Operations","Delivery Case","2026/02/08 04:45:00 AM","Rahim Yar Khan"
"76110","Aasia Batool","MR-5198","Direct Call","Patient Transfer Service","N/A","2026/02/08 04:45:49 AM","Khanpur"
"266264","Sheeza Barkat","MR-5331","EMDS Call","Medical Emergency","Others","2026/02/08 04:51:03 AM","Sadiqabad"
"76111","Zahid Manzoor","DR-887","Direct Call","Patient Transfer Service","N/A","2026/02/08 04:56:34 AM","Khanpur"
"266265","Zahid Manzoor","DR-887","EMDS Call","Medical Emergency","Joints Pain","2026/02/08 05:25:29 AM","Sadiqabad"
"266266","Sheeza Barkat","MR-5331","EMDS Call","Medical Emergency","Vomiting","2026/02/08 05:48:49 AM","Rahim Yar Khan"
"266267","Sheeza Barkat","MR-5331","EMDS Call","Medical Emergency","Others","2026/02/08 06:03:34 AM","Rahim Yar Khan"
"266268","Aasia Batool","MR-5198","EMDS Call","Medical Emergency","Epilepsy","2026/02/08 06:06:39 AM","Sadiqabad"
"266269","Zahid Manzoor","DR-887","EMDS Call","Medical Emergency","Hypertension","2026/02/08 06:19:46 AM","Khanpur"
"266270","Aasia Batool","MR-5198","EMDS Call","Medical Emergency","High Fever","2026/02/08 06:29:31 AM","Rahim Yar Khan"
"266271","Zahid Manzoor","DR-887","EMDS Call","Medical Emergency","Others","2026/02/08 06:41:36 AM","Rahim Yar Khan"
"266272","Zahid Manzoor","DR-887","EMDS Call","Medical Emergency","Hypertension","2026/02/08 06:45:39 AM","Rahim Yar Khan"
"266273","Zahid Manzoor","DR-887","EMDS Call","Medical Emergency","High Fever","2026/02/08 06:55:27 AM","Khanpur"
"76112","Zahid Manzoor","DR-887","Direct Call","Patient Transfer Service","N/A","2026/02/08 07:02:02 AM","Khanpur"
"266274","Sheeza Barkat","MR-5331","Direct Call","Medical Emergency","Others","2026/02/08 07:01:35 AM","Sadiqabad"
"266275","Aasia Batool","MR-5198","EMDS Call","Medical Emergency","Abdominal Pain","2026/02/08 07:04:54 AM","Sadiqabad"
"266276","Zahid Manzoor","DR-887","EMDS Call","Medical Emergency","Unconscious","2026/02/08 07:10:04 AM","Rahim Yar Khan"
"266277","Sheeza Barkat","MR-5331","EMDS Call","Medical Emergency","Diabetic","2026/02/08 07:37:37 AM","Rahim Yar Khan"
"266278","Muhammad Fiaz","DR-206","EMDS Call","Medical Emergency","Abdominal Pain","2026/02/08 07:45:19 AM","Rahim Yar Khan"
"266280","Sheeza Barkat","MR-5331","EMDS Call","Road Crash","Bleeding","2026/02/08 07:48:39 AM","Khanpur"
"266280","Sheeza Barkat","MR-5331","EMDS Call","Road Crash","Bleeding","2026/02/08 07:48:39 AM","Khanpur"
"266280","Sheeza Barkat","MR-5331","EMDS Call","Road Crash","Bleeding","2026/02/08 07:48:39 AM","Khanpur"
"266279","Aasia Batool","MR-5198","EMDS Call","Medical Emergency","Abdominal Pain","2026/02/08 07:47:24 AM","Liaqatpur"
"76113","Muhammad Fiaz","DR-206","Direct Call","Patient Transfer Service","N/A","2026/02/08 07:53:29 AM","Sadiqabad"
"266281","Fahad Hussain","DR-538","Direct Call","Medical Emergency","Others","2026/02/08 07:54:58 AM","Rahim Yar Khan"
"266282","Bushra Saleem","MR-5701","EMDS Call","Road Crash","Minor Injuries","2026/02/08 08:10:35 AM","Rahim Yar Khan"
"266283","Muhammad Fiaz","DR-206","Direct Call","Rescue Operations","Mass Event Coverage","2026/02/08 08:17:01 AM","Sadiqabad"
"266284","Muhammad Fiaz","DR-206","EMDS Call","Rescue Operations","Electric Shock","2026/02/08 08:18:54 AM","Rahim Yar Khan"
"266285","Muhammad Fiaz","DR-206","EMDS Call","Medical Emergency","SOB/ Respiratory Distress","2026/02/08 08:29:48 AM","Rahim Yar Khan"
"266287","Muhammad Fiaz","DR-206","EMDS Call","Medical Emergency","Others","2026/02/08 08:35:17 AM","Sadiqabad"
"266286","Zupasha Zia","MR-5758","EMDS Call","Medical Emergency","Domestic Injuries","2026/02/08 08:36:28 AM","Rahim Yar Khan"
"266288","Muhammad Riaz","DR-654","EMDS Call","Rescue Operations","Pet Dog","2026/02/08 08:39:07 AM","Liaqatpur"
"266289","Bushra Saleem","MR-5701","EMDS Call","Medical Emergency","Unconscious","2026/02/08 08:41:30 AM","Rahim Yar Khan"
"266290","Bushra Saleem","MR-5701","EMDS Call","Road Crash","Minor Injuries","2026/02/08 08:45:23 AM","Sadiqabad"
"266291","Muhammad Riaz","DR-654","EMDS Call","Medical Emergency","Others","2026/02/08 08:51:48 AM","Rahim Yar Khan"
"266292","Muhammad Fiaz","DR-206","EMDS Call","Medical Emergency","Diabetic","2026/02/08 08:52:18 AM","Liaqatpur"
"266293","Bushra Saleem","MR-5701","EMDS Call","Medical Emergency","Others","2026/02/08 09:05:34 AM","Sadiqabad"
"266294","Zupasha Zia","MR-5758","EMDS Call","Medical Emergency","Domestic Injuries","2026/02/08 09:05:37 AM","Sadiqabad"
"76114","Zupasha Zia","MR-5758","Direct Call","Patient Transfer Service","N/A","2026/02/08 09:08:43 AM","Khanpur"
"266295","Muhammad Riaz","DR-654","EMDS Call","Medical Emergency","Abdominal Pain","2026/02/08 09:14:43 AM","Rahim Yar Khan"
"266296","Bushra Saleem","MR-5701","EMDS Call","Medical Emergency","Hypertension","2026/02/08 09:21:11 AM","Khanpur"
"266297","Muhammad Riaz","DR-654","EMDS Call","Medical Emergency","Chest Pain","2026/02/08 09:25:18 AM","Liaqatpur"
"266298","Bushra Saleem","MR-5701","EMDS Call","Medical Emergency","High Fever","2026/02/08 09:26:23 AM","Rahim Yar Khan"
"266299","Muhammad Riaz","DR-654","EMDS Call","Medical Emergency","Others","2026/02/08 09:29:32 AM","Rahim Yar Khan"
"266300","Bushra Saleem","MR-5701","EMDS Call","Medical Emergency","Hypertension","2026/02/08 09:31:21 AM","Khanpur"
"266301","Muhammad Riaz","DR-654","EMDS Call","Medical Emergency","Vomiting","2026/02/08 09:50:03 AM","Rahim Yar Khan"
"266302","Bushra Saleem","MR-5701","EMDS Call","Medical Emergency","SOB/ Respiratory Distress","2026/02/08 09:52:34 AM","Rahim Yar Khan"
"266303","Zupasha Zia","MR-5758","EMDS Call","Medical Emergency","Vomiting","2026/02/08 10:01:40 AM","Rahim Yar Khan"
"266304","Zupasha Zia","MR-5758","EMDS Call","Medical Emergency","Unconscious","2026/02/08 10:11:16 AM","Sadiqabad"
"266305","Bushra Saleem","MR-5701","EMDS Call","Medical Emergency","Others","2026/02/08 10:11:03 AM","Rahim Yar Khan"
"266306","Muhammad Fiaz","DR-206","EMDS Call","Rescue Operations","Others","2026/02/08 10:22:46 AM","Sadiqabad"
"266307","Zupasha Zia","MR-5758","EMDS Call","Medical Emergency","Others","2026/02/08 10:25:14 AM","Rahim Yar Khan"
"76115","Bushra Saleem","MR-5701","Direct Call","Patient Transfer Service","N/A","2026/02/08 10:26:50 AM","Sadiqabad"
"266308","Muhammad Riaz","DR-654","EMDS Call","Medical Emergency","SOB/ Respiratory Distress","2026/02/08 10:27:49 AM","Rahim Yar Khan"
"76116","Zupasha Zia","MR-5758","Direct Call","Patient Transfer Service","N/A","2026/02/08 10:31:45 AM","Liaqatpur"
"266309","Bushra Saleem","MR-5701","EMDS Call","Medical Emergency","Others","2026/02/08 10:33:20 AM","Rahim Yar Khan"
"76117","Zupasha Zia","MR-5758","Direct Call","Patient Transfer Service","N/A","2026/02/08 10:37:36 AM","Liaqatpur"
"266310","Zupasha Zia","MR-5758","EMDS Call","Medical Emergency","SOB/ Respiratory Distress","2026/02/08 10:37:46 AM","Rahim Yar Khan"
"266311","Muhammad Fiaz","DR-206","Direct Call","Medical Emergency","Hypertension","2026/02/08 10:42:04 AM","Rahim Yar Khan"
"266312","Zupasha Zia","MR-5758","EMDS Call","Medical Emergency","SOB/ Respiratory Distress","2026/02/08 10:43:13 AM","Sadiqabad"
"266313","Muhammad Riaz","DR-654","EMDS Call","Medical Emergency","SOB/ Respiratory Distress","2026/02/08 10:44:41 AM","Rahim Yar Khan"
"266314","Bushra Saleem","MR-5701","EMDS Call","Medical Emergency","Others","2026/02/08 10:47:30 AM","Rahim Yar Khan"
"266315","Muhammad Fiaz","DR-206","EMDS Call","Road Crash","Bleeding","2026/02/08 11:04:50 AM","Rahim Yar Khan"
"266316","Muhammad Riaz","DR-654","EMDS Call","Medical Emergency","Unconscious","2026/02/08 11:04:29 AM","Rahim Yar Khan"
"76118","Muhammad Fiaz","DR-206","Direct Call","Patient Transfer Service","N/A","2026/02/08 11:07:29 AM","Khanpur"
"266317","Bushra Saleem","MR-5701","EMDS Call","Rescue Operations","Others","2026/02/08 11:05:47 AM","Sadiqabad"
"266318","Bushra Saleem","MR-5701","EMDS Call","Fall","Slipped On Floor","2026/02/08 11:11:43 AM","Sadiqabad"
"266319","Muhammad Fiaz","DR-206","EMDS Call","Road Crash","Bleeding","2026/02/08 11:13:23 AM","Khanpur"
"266319","Muhammad Fiaz","DR-206","EMDS Call","Road Crash","Bleeding","2026/02/08 11:13:23 AM","Khanpur"
"266320","Bushra Saleem","MR-5701","EMDS Call","Road Crash","Bleeding","2026/02/08 11:16:51 AM","Sadiqabad"
"266321","Zupasha Zia","MR-5758","EMDS Call","Medical Emergency","Others","2026/02/08 11:22:52 AM","Khanpur"
"76119","Zupasha Zia","MR-5758","Direct Call","Patient Transfer Service","N/A","2026/02/08 11:27:58 AM","Khanpur"
"266322","Zupasha Zia","MR-5758","EMDS Call","Medical Emergency","Abdominal Pain","2026/02/08 11:28:10 AM","Rahim Yar Khan"
"266323","Muhammad Riaz","DR-654","EMDS Call","Medical Emergency","SOB/ Respiratory Distress","2026/02/08 11:29:30 AM","Khanpur"
"266324","Muhammad Fiaz","DR-206","EMDS Call","Road Crash","Bleeding","2026/02/08 11:33:09 AM","Sadiqabad"
"266325","Zupasha Zia","MR-5758","EMDS Call","Medical Emergency","Others","2026/02/08 11:39:07 AM","Rahim Yar Khan"
"266326","Bushra Saleem","MR-5701","EMDS Call","Road Crash","Bleeding","2026/02/08 11:39:39 AM","Rahim Yar Khan"
"266327","Muhammad Riaz","DR-654","EMDS Call","Road Crash","Bleeding","2026/02/08 11:41:45 AM","Rahim Yar Khan"
"266328","Muhammad Riaz","DR-654","EMDS Call","Road Crash","Severe Trauma","2026/02/08 11:48:24 AM","Rahim Yar Khan"
"266329","Muhammad Fiaz","DR-206","EMDS Call","Medical Emergency","Others","2026/02/08 11:48:31 AM","Khanpur"
"76120","Muhammad Fiaz","DR-206","Direct Call","Patient Transfer Service","N/A","2026/02/08 11:54:29 AM","Sadiqabad"
"266330","Muhammad Fiaz","DR-206","EMDS Call","Road Crash","Minor Injuries","2026/02/08 11:57:44 AM","Rahim Yar Khan"
"266331","Bushra Saleem","MR-5701","EMDS Call","Medical Emergency","Domestic Injuries","2026/02/08 11:58:14 AM","Sadiqabad"
"266332","Muhammad Riaz","DR-654","EMDS Call","Road Crash","Bleeding","2026/02/08 11:59:40 AM","Liaqatpur"
"266333","Muhammad Fiaz","DR-206","EMDS Call","Road Crash","Minor Injuries","2026/02/08 12:03:12 PM","Rahim Yar Khan"
"266333","Muhammad Fiaz","DR-206","EMDS Call","Road Crash","Minor Injuries","2026/02/08 12:03:12 PM","Rahim Yar Khan"
"76121","Muhammad Fiaz","DR-206","Direct Call","Patient Transfer Service","N/A","2026/02/08 12:30:41 PM","Sadiqabad"
"266334","Muhammad Fiaz","DR-206","EMDS Call","Medical Emergency","Abdominal Pain","2026/02/08 12:33:12 PM","Khanpur"
"76122","Muhammad Fiaz","DR-206","Direct Call","Patient Transfer Service","N/A","2026/02/08 12:38:09 PM","Sadiqabad"
"266335","Zupasha Zia","MR-5758","EMDS Call","Road Crash","Minor Injuries","2026/02/08 12:36:58 PM","Rahim Yar Khan"
"266336","Bushra Saleem","MR-5701","EMDS Call","Medical Emergency","Chest Pain","2026/02/08 12:40:43 PM","Rahim Yar Khan"
"266337","Zupasha Zia","MR-5758","EMDS Call","Medical Emergency","Unconscious","2026/02/08 12:43:04 PM","Rahim Yar Khan"
"266338","Muhammad Fiaz","DR-206","Direct Call","Medical Emergency","Others","2026/02/08 12:46:47 PM","Rahim Yar Khan"
"76123","Zupasha Zia","MR-5758","Direct Call","Patient Transfer Service","N/A","2026/02/08 12:47:20 PM","Khanpur"
"266339","Bushra Saleem","MR-5701","EMDS Call","Medical Emergency","Hypertension","2026/02/08 12:55:46 PM","Rahim Yar Khan"
"266340","Zupasha Zia","MR-5758","EMDS Call","Medical Emergency","Others","2026/02/08 12:56:37 PM","Rahim Yar Khan"
"266341","Bushra Saleem","MR-5701","EMDS Call","Medical Emergency","SOB/ Respiratory Distress","2026/02/08 12:59:31 PM","Rahim Yar Khan"
"266342","Muhammad Riaz","DR-654","EMDS Call","Medical Emergency","Others","2026/02/08 01:01:58 PM","Rahim Yar Khan"
"76124","Zupasha Zia","MR-5758","Direct Call","Patient Transfer Service","N/A","2026/02/08 01:09:09 PM","Khanpur"
"266343","Bushra Saleem","MR-5701","Direct Call","Medical Emergency","High Fever","2026/02/08 01:17:03 PM","Rahim Yar Khan"
"266344","Muhammad Fiaz","DR-206","EMDS Call","Road Crash","Minor Injuries","2026/02/08 01:19:50 PM","Rahim Yar Khan"
"266345","Bushra Saleem","MR-5701","Direct Call","Road Crash","Multiple Fractures","2026/02/08 01:29:29 PM","Rahim Yar Khan"
"266346","Muhammad Fiaz","DR-206","EMDS Call","Medical Emergency","SOB/ Respiratory Distress","2026/02/08 01:35:15 PM","Rahim Yar Khan"
"76125","Muhammad Fiaz","DR-206","Direct Call","Patient Transfer Service","N/A","2026/02/08 01:38:04 PM","Sadiqabad"
"266347","Muhammad Riaz","DR-654","EMDS Call","Medical Emergency","Chronic Illness","2026/02/08 01:39:29 PM","Khanpur"
"266348","Bushra Saleem","MR-5701","EMDS Call","Road Crash","Bleeding","2026/02/08 01:50:08 PM","Khanpur"
"266349","Muhammad Fiaz","DR-206","EMDS Call","Fire","Others","2026/02/08 01:58:19 PM","Khanpur"
"266350","Muhammad Riaz","DR-654","EMDS Call","Medical Emergency","Vomiting","2026/02/08 02:08:15 PM","Sadiqabad"
"266351","Muhammad Fiaz","DR-206","Direct Call","Medical Emergency","SOB/ Respiratory Distress","2026/02/08 02:10:49 PM","Rahim Yar Khan"
"266352","Bushra Saleem","MR-5701","EMDS Call","Medical Emergency","Others","2026/02/08 02:10:13 PM","Rahim Yar Khan"
"266353","Muhammad Riaz","DR-654","EMDS Call","Medical Emergency","Others","2026/02/08 02:11:00 PM","Khanpur"
"266354","Bushra Saleem","MR-5701","EMDS Call","Road Crash","Bleeding","2026/02/08 02:17:52 PM","Rahim Yar Khan"
"266355","Muhammad Riaz","DR-654","EMDS Call","Medical Emergency","SOB/ Respiratory Distress","2026/02/08 02:21:22 PM","Sadiqabad"
"266357","Farah Sadaqat","MR-5930","EMDS Call","Road Crash","Bleeding","2026/02/08 02:24:12 PM","Liaqatpur"
"266356","Maheen Tahir","MR-6017","EMDS Call","Medical Emergency","Others","2026/02/08 02:25:24 PM","Rahim Yar Khan"
"266359","Muhammad Riaz","DR-654","EMDS Call","Fire","Others","2026/02/08 02:33:10 PM","Liaqatpur"
"266358","Maheen Tahir","MR-6017","EMDS Call","Medical Emergency","Others","2026/02/08 02:33:30 PM","Rahim Yar Khan"
"266360","Maheen Tahir","MR-6017","EMDS Call","Medical Emergency","Diarrhea","2026/02/08 02:47:48 PM","Liaqatpur"
"266361","Farah Sadaqat","MR-5930","EMDS Call","Fire","Others","2026/02/08 02:49:13 PM","Rahim Yar Khan"
"266362","Saira Bibi","MR-5494","EMDS Call","Rescue Operations","Delivery Case","2026/02/08 02:51:02 PM","Sadiqabad"
"266363","Farah Sadaqat","MR-5930","EMDS Call","Fire","Others","2026/02/08 02:57:57 PM","Sadiqabad"
"266364","Saira Bibi","MR-5494","Direct Call","Medical Emergency","Abdominal Pain","2026/02/08 02:59:54 PM","Rahim Yar Khan"
"266365","Maheen Tahir","MR-6017","EMDS Call","Medical Emergency","Others","2026/02/08 02:58:48 PM","Rahim Yar Khan"
"266366","Farah Sadaqat","MR-5930","EMDS Call","Medical Emergency","Others","2026/02/08 03:06:47 PM","Rahim Yar Khan"
"266367","Maheen Tahir","MR-6017","EMDS Call","Medical Emergency","Epilepsy","2026/02/08 03:17:02 PM","Liaqatpur"
"266368","Saira Bibi","MR-5494","EMDS Call","Road Crash","Minor Injuries","2026/02/08 03:21:33 PM","Rahim Yar Khan"
"266370","Maheen Tahir","MR-6017","EMDS Call","Medical Emergency","Others","2026/02/08 03:21:43 PM","Rahim Yar Khan"
"266369","Farah Sadaqat","MR-5930","EMDS Call","Medical Emergency","Diabetic","2026/02/08 03:22:48 PM","Rahim Yar Khan"
"Not Assigned","Saira Bibi","MR-5494","EMDS Call","Medical Emergency","Others","2026/02/08 03:25:59 PM","Rahim Yar Khan"
"266372","Farah Sadaqat","MR-5930","EMDS Call","Medical Emergency","Others","2026/02/08 03:25:27 PM","Rahim Yar Khan"
"266373","Farah Sadaqat","MR-5930","EMDS Call","Road Crash","Minor Injuries","2026/02/08 03:30:09 PM","Rahim Yar Khan"
"266374","Maheen Tahir","MR-6017","EMDS Call","Medical Emergency","Domestic Injuries","2026/02/08 03:35:01 PM","Rahim Yar Khan"
"266375","Farah Sadaqat","MR-5930","EMDS Call","Road Crash","Bleeding","2026/02/08 03:38:34 PM","Sadiqabad"
"266376","Saira Bibi","MR-5494","EMDS Call","Medical Emergency","Hypertension","2026/02/08 03:39:29 PM","Sadiqabad"
"266377","Saira Bibi","MR-5494","EMDS Call","Medical Emergency","Others","2026/02/08 03:47:39 PM","Rahim Yar Khan"
"266378","Farah Sadaqat","MR-5930","EMDS Call","Fire","Others","2026/02/08 03:43:13 PM","Sadiqabad"
"266379","Maheen Tahir","MR-6017","EMDS Call","Medical Emergency","Domestic Injuries","2026/02/08 03:54:31 PM","Sadiqabad"
"266381","Farah Sadaqat","MR-5930","EMDS Call","Medical Emergency","SOB/ Respiratory Distress","2026/02/08 04:01:45 PM","Rahim Yar Khan"
"266380","Maheen Tahir","MR-6017","EMDS Call","Rescue Operations","Delivery Case","2026/02/08 04:04:49 PM","Liaqatpur"
"266382","Farah Sadaqat","MR-5930","EMDS Call","Medical Emergency","High Fever","2026/02/08 04:09:46 PM","Rahim Yar Khan"
"266384","Maheen Tahir","MR-6017","EMDS Call","Road Crash","Bleeding","2026/02/08 04:09:30 PM","Liaqatpur"
"266383","Shaheen Islam","DR-1171","EMDS Call","Medical Emergency","Vomiting","2026/02/08 04:10:17 PM","Rahim Yar Khan"
"266385","Farah Sadaqat","MR-5930","EMDS Call","Medical Emergency","Vomiting","2026/02/08 04:15:52 PM","Rahim Yar Khan"
"76126","Maheen Tahir","MR-6017","Direct Call","Patient Transfer Service","N/A","2026/02/08 04:30:34 PM","Sadiqabad"
"76127","Saira Bibi","MR-5494","Direct Call","Patient Transfer Service","N/A","2026/02/08 04:32:14 PM","Khanpur"
"76128","Maheen Tahir","MR-6017","Direct Call","Patient Transfer Service","N/A","2026/02/08 04:37:43 PM","Liaqatpur"
"266386","Shaheen Islam","DR-1171","EMDS Call","Medical Emergency","Unconscious","2026/02/08 04:38:44 PM","Khanpur"
"76129","Maheen Tahir","MR-6017","Direct Call","Patient Transfer Service","N/A","2026/02/08 04:43:27 PM","Sadiqabad"
"266387","Maheen Tahir","MR-6017","EMDS Call","Medical Emergency","Others","2026/02/08 04:46:24 PM","Rahim Yar Khan"
"266388","Shaheen Islam","DR-1171","EMDS Call","Medical Emergency","Renal Disorders / Renal Colic ","2026/02/08 04:48:40 PM","Sadiqabad"
"Not Assigned","Maheen Tahir","MR-6017","EMDS Call","Fire","Others","2026/02/08 04:50:55 PM","Khanpur"
"266390","Shaheen Islam","DR-1171","EMDS Call","Fire","Others","2026/02/08 05:00:08 PM","Khanpur"
"266391","Saira Bibi","MR-5494","EMDS Call","Medical Emergency","Others","2026/02/08 05:02:12 PM","Rahim Yar Khan"
"266392","Shaheen Islam","DR-1171","EMDS Call","Medical Emergency","Others","2026/02/08 05:04:50 PM","Rahim Yar Khan"
"266393","Farah Sadaqat","MR-5930","EMDS Call","Medical Emergency","Others","2026/02/08 05:04:55 PM","Sadiqabad"
"266394","Farah Sadaqat","MR-5930","EMDS Call","Medical Emergency","CVA/Stroke","2026/02/08 05:20:34 PM","Khanpur"
"266395","Maheen Tahir","MR-6017","EMDS Call","Medical Emergency","Unconscious","2026/02/08 05:20:05 PM","Sadiqabad"
"266397","Saira Bibi","MR-5494","EMDS Call","Road Crash","Bleeding","2026/02/08 05:22:17 PM","Rahim Yar Khan"
"266396","Maheen Tahir","MR-6017","EMDS Call","Road Crash","Minor Injuries","2026/02/08 05:22:52 PM","Khanpur"
"76130","Farah Sadaqat","MR-5930","Direct Call","Patient Transfer Service","N/A","2026/02/08 05:27:56 PM","Khanpur"
"76131","Farah Sadaqat","MR-5930","Direct Call","Patient Transfer Service","N/A","2026/02/08 05:34:24 PM","Khanpur"
"266398","Shaheen Islam","DR-1171","EMDS Call","Fall","Fall From Stairs","2026/02/08 05:35:29 PM","Sadiqabad"
"266399","Faiz Muhyy Ul Din","DR-892","EMDS Call","Medical Emergency","Hypertension","2026/02/08 05:37:40 PM","Rahim Yar Khan"
"266400","Farah Sadaqat","MR-5930","EMDS Call","Fire","Others","2026/02/08 05:37:38 PM","Rahim Yar Khan"
"Not Assigned","Saira Bibi","MR-5494","EMDS Call","Road Crash","Bleeding","2026/02/08 05:37:49 PM","Sadiqabad"
"266401","Faiz Muhyy Ul Din","DR-892","EMDS Call","Medical Emergency","Others","2026/02/08 05:40:54 PM","Sadiqabad"
"266403","Faiz Muhyy Ul Din","DR-892","EMDS Call","Medical Emergency","Chronic Illness","2026/02/08 05:58:26 PM","Khanpur"
"266404","Farah Sadaqat","MR-5930","EMDS Call","Medical Emergency","Others","2026/02/08 06:00:28 PM","Rahim Yar Khan"
"266405","Saira Bibi","MR-5494","EMDS Call","Medical Emergency","Hypertension","2026/02/08 06:09:26 PM","Rahim Yar Khan"
"266406","Faiz Muhyy Ul Din","DR-892","EMDS Call","Medical Emergency","SOB/ Respiratory Distress","2026/02/08 06:14:01 PM","Liaqatpur"
"266407","Faiz Muhyy Ul Din","DR-892","EMDS Call","Medical Emergency","Abdominal Pain","2026/02/08 06:19:30 PM","Liaqatpur"
"266408","Shaheen Islam","DR-1171","EMDS Call","Medical Emergency","Others","2026/02/08 06:18:24 PM","Liaqatpur"
"266409","Farah Sadaqat","MR-5930","EMDS Call","Road Crash","Minor Injuries","2026/02/08 06:19:31 PM","Rahim Yar Khan"
"266411","Faiz Muhyy Ul Din","DR-892","EMDS Call","Crime","Physical Assault/Violence","2026/02/08 06:23:52 PM","Sadiqabad"
"266410","Farah Sadaqat","MR-5930","EMDS Call","Medical Emergency","SOB/ Respiratory Distress","2026/02/08 06:24:51 PM","Sadiqabad"
"76132","Faiz Muhyy Ul Din","DR-892","Direct Call","Patient Transfer Service","N/A","2026/02/08 06:28:43 PM","Sadiqabad"
"266412","Maheen Tahir","MR-6017","EMDS Call","Medical Emergency","Others","2026/02/08 06:32:04 PM","Rahim Yar Khan"
"76133","Faiz Muhyy Ul Din","DR-892","Direct Call","Patient Transfer Service","N/A","2026/02/08 06:47:21 PM","Sadiqabad"
"76134","Faiz Muhyy Ul Din","DR-892","Direct Call","Patient Transfer Service","N/A","2026/02/08 06:49:16 PM","Liaqatpur"
"266413","Maheen Tahir","MR-6017","EMDS Call","Medical Emergency","Others","2026/02/08 06:53:09 PM","Rahim Yar Khan"
"266414","Shaheen Islam","DR-1171","EMDS Call","Medical Emergency","SOB/ Respiratory Distress","2026/02/08 07:19:21 PM","Rahim Yar Khan"
"266415","Faiz Muhyy Ul Din","DR-892","EMDS Call","Medical Emergency","Others","2026/02/08 07:21:35 PM","Rahim Yar Khan"
"266416","Faiz Muhyy Ul Din","DR-892","EMDS Call","Medical Emergency","Abdominal Pain","2026/02/08 07:25:30 PM","Sadiqabad"
"266417","Faiz Muhyy Ul Din","DR-892","EMDS Call","Medical Emergency","Others","2026/02/08 07:36:17 PM","Sadiqabad"
"266418","Saira Bibi","MR-5494","EMDS Call","Road Crash","Bleeding","2026/02/08 07:38:53 PM","Rahim Yar Khan"
"266418","Saira Bibi","MR-5494","EMDS Call","Road Crash","Bleeding","2026/02/08 07:38:53 PM","Rahim Yar Khan"
"266419","Faiz Muhyy Ul Din","DR-892","EMDS Call","Road Crash","Minor Injuries","2026/02/08 07:40:00 PM","Rahim Yar Khan"
"266420","Maheen Tahir","MR-6017","EMDS Call","Road Crash","Bleeding","2026/02/08 07:40:12 PM","Rahim Yar Khan"
"266421","Faiz Muhyy Ul Din","DR-892","Direct Call","Medical Emergency","Abdominal Pain","2026/02/08 07:45:11 PM","Khanpur"
"76135","Saira Bibi","MR-5494","Direct Call","Patient Transfer Service","N/A","2026/02/08 07:53:00 PM","Sadiqabad"
"266423","Saira Bibi","MR-5494","EMDS Call","Crime","Physical Assault/Violence","2026/02/08 08:00:39 PM","Liaqatpur"
"266422","Farah Sadaqat","MR-5930","EMDS Call","Road Crash","Minor Injuries","2026/02/08 08:01:31 PM","Khanpur"
"76136","Saira Bibi","MR-5494","Direct Call","Patient Transfer Service","N/A","2026/02/08 08:13:35 PM","Khanpur"
"266424","Saira Bibi","MR-5494","EMDS Call","Medical Emergency","Others","2026/02/08 08:15:06 PM","Sadiqabad"
"266425","Maheen Tahir","MR-6017","EMDS Call","Rescue Operations","Delivery Case","2026/02/08 08:18:06 PM","Sadiqabad"
"266426","Farah Sadaqat","MR-5930","EMDS Call","Medical Emergency","Others","2026/02/08 08:22:20 PM","Rahim Yar Khan"
"266428","Aasia Batool","MR-5198","EMDS Call","Medical Emergency","SOB/ Respiratory Distress","2026/02/08 08:52:15 PM","Rahim Yar Khan"
"266427","Sheeza Barkat","MR-5331","EMDS Call","Road Crash","Minor Injuries","2026/02/08 08:51:08 PM","Rahim Yar Khan"
"266429","Sheeza Barkat","MR-5331","EMDS Call","Rescue Operations","Snake Emergency","2026/02/08 09:00:06 PM","Sadiqabad"
"266430","Muhammad Tariq Hameed","DR-885","EMDS Call","Medical Emergency","Others","2026/02/08 09:01:17 PM","Rahim Yar Khan"
"266431","Sheeza Barkat","MR-5331","EMDS Call","Rescue Operations","Electric Shock","2026/02/08 09:03:33 PM","Sadiqabad"
"76137","Saima Bashir","MR-5819","Direct Call","Patient Transfer Service","N/A","2026/02/08 09:10:22 PM","Sadiqabad"
"266432","Sajid Mehmood","DR-914","EMDS Call","Medical Emergency","High Fever","2026/02/08 09:15:25 PM","Rahim Yar Khan"
"266433","Sajid Mehmood","DR-914","EMDS Call","Road Crash","Bleeding","2026/02/08 09:20:19 PM","Rahim Yar Khan"
"266434","Muhammad Tariq Hameed","DR-885","EMDS Call","Medical Emergency","Hypertension","2026/02/08 09:22:31 PM","Rahim Yar Khan"
"266435","Sajid Mehmood","DR-914","EMDS Call","Medical Emergency","Others","2026/02/08 09:26:48 PM","Rahim Yar Khan"
"266436","Saima Bashir","MR-5819","EMDS Call","Medical Emergency","Chronic Illness","2026/02/08 09:29:30 PM","Khanpur"
"266437","Sajid Mehmood","DR-914","EMDS Call","Road Crash","Minor Injuries","2026/02/08 09:39:31 PM","Sadiqabad"
"266438","Saima Bashir","MR-5819","Direct Call","Rescue Operations","Delivery Case","2026/02/08 09:42:25 PM","Rahim Yar Khan"
"266439","Muhammad Tariq Hameed","DR-885","EMDS Call","Medical Emergency","Abdominal Pain","2026/02/08 09:42:02 PM","Khanpur"
"266440","Sajid Mehmood","DR-914","EMDS Call","Medical Emergency","Others","2026/02/08 09:50:39 PM","Rahim Yar Khan"
"266441","Muhammad Tariq Hameed","DR-885","EMDS Call","Medical Emergency","Hypotension","2026/02/08 09:52:07 PM","Sadiqabad"
"266442","Muhammad Tariq Hameed","DR-885","EMDS Call","Medical Emergency","Hypertension","2026/02/08 10:01:04 PM","Rahim Yar Khan"
"266443","Sheeza Barkat","MR-5331","EMDS Call","Medical Emergency","SOB/ Respiratory Distress","2026/02/08 10:13:35 PM","Rahim Yar Khan"
"266444","Saima Bashir","MR-5819","EMDS Call","Medical Emergency","SOB/ Respiratory Distress","2026/02/08 10:13:42 PM","Khanpur"
"266445","Sheeza Barkat","MR-5331","EMDS Call","Medical Emergency","Diabetic","2026/02/08 10:20:24 PM","Rahim Yar Khan"
"266446","Sheeza Barkat","MR-5331","EMDS Call","Medical Emergency","SOB/ Respiratory Distress","2026/02/08 10:21:53 PM","Sadiqabad"
"266447","Saima Bashir","MR-5819","EMDS Call","Medical Emergency","Unconscious","2026/02/08 10:26:59 PM","Rahim Yar Khan"
"266448","Adil Iqbal","DR-782","EMDS Call","Medical Emergency","Unconscious","2026/02/08 11:05:48 PM","Liaqatpur"
"266449","Saima Bashir","MR-5819","EMDS Call","Medical Emergency","Chest Pain","2026/02/08 11:14:39 PM","Rahim Yar Khan"
"266450","Sajid Mehmood","DR-914","EMDS Call","Medical Emergency","Renal Disorders / Renal Colic ","2026/02/08 11:28:39 PM","Rahim Yar Khan"
"266451","Saima Bashir","MR-5819","EMDS Call","Medical Emergency","Vomiting","2026/02/08 11:30:17 PM","Rahim Yar Khan"
"266452","Sajid Mehmood","DR-914","EMDS Call","Rescue Operations","Delivery Case","2026/02/08 11:34:45 PM","Rahim Yar Khan"
"266453","Adil Iqbal","DR-782","EMDS Call","Medical Emergency","Others","2026/02/08 11:35:15 PM","Rahim Yar Khan"
"266454","Sajid Mehmood","DR-914","EMDS Call","Medical Emergency","SOB/ Respiratory Distress","2026/02/09 12:00:23 AM","Rahim Yar Khan"
"266455","Adil Iqbal","DR-782","EMDS Call","Fire","Others","2026/02/09 12:06:16 AM","Liaqatpur"
"266456","Adil Iqbal","DR-782","EMDS Call","Rescue Operations","Delivery Case","2026/02/09 12:26:59 AM","Khanpur"
"266457","Saima Bashir","MR-5819","EMDS Call","Medical Emergency","Chronic Illness","2026/02/09 12:28:24 AM","Rahim Yar Khan"
"266458","Adil Iqbal","DR-782","EMDS Call","Medical Emergency","Vomiting","2026/02/09 12:30:15 AM","Rahim Yar Khan"
"266459","Saima Bashir","MR-5819","EMDS Call","Medical Emergency","Abdominal Pain","2026/02/09 12:34:52 AM","Rahim Yar Khan"
"266460","Adil Iqbal","DR-782","EMDS Call","Medical Emergency","Abdominal Pain","2026/02/09 12:45:17 AM","Sadiqabad"
"266461","Adil Iqbal","DR-782","EMDS Call","Rescue Operations","Delivery Case","2026/02/09 01:03:54 AM","Rahim Yar Khan"
"266463","Saima Bashir","MR-5819","EMDS Call","Medical Emergency","Domestic Injuries","2026/02/09 01:17:21 AM","Rahim Yar Khan"
"266462","Sajid Mehmood","DR-914","EMDS Call","Medical Emergency","Others","2026/02/09 01:22:43 AM","Sadiqabad"
"266464","Sajid Mehmood","DR-914","EMDS Call","Medical Emergency","Hypertension","2026/02/09 01:34:01 AM","Rahim Yar Khan"
"266465","Adil Iqbal","DR-782","EMDS Call","Medical Emergency","Vomiting","2026/02/09 01:48:13 AM","Rahim Yar Khan"
"266466","Sajid Mehmood","DR-914","EMDS Call","Medical Emergency","Others","2026/02/09 01:55:24 AM","Rahim Yar Khan"
"266467","Sajid Mehmood","DR-914","EMDS Call","Rescue Operations","Delivery Case","2026/02/09 02:15:00 AM","Rahim Yar Khan"
"266468","Saima Bashir","MR-5819","EMDS Call","Medical Emergency","Hypotension","2026/02/09 02:13:45 AM","Rahim Yar Khan"
"266469","Adil Iqbal","DR-782","EMDS Call","Medical Emergency","Abdominal Pain","2026/02/09 02:21:23 AM","Khanpur"
"266470","Sajid Mehmood","DR-914","EMDS Call","Medical Emergency","Abdominal Pain","2026/02/09 02:33:13 AM","Rahim Yar Khan"
"266471","Adil Iqbal","DR-782","EMDS Call","Medical Emergency","Vomiting","2026/02/09 02:35:46 AM","Rahim Yar Khan"
"266472","Saima Bashir","MR-5819","EMDS Call","Medical Emergency","Chronic Illness","2026/02/09 02:36:40 AM","Rahim Yar Khan"
"266473","Adil Iqbal","DR-782","EMDS Call","Medical Emergency","High Fever","2026/02/09 02:44:11 AM","Rahim Yar Khan"
"266474","Muhammad Tariq Hameed","DR-885","EMDS Call","Medical Emergency","Abdominal Pain","2026/02/09 03:35:40 AM","Khanpur"
"76138","Muhammad Tariq Hameed","DR-885","Direct Call","Patient Transfer Service","N/A","2026/02/09 04:11:00 AM","Sadiqabad"
"266475","Aasia Batool","MR-5198","EMDS Call","Rescue Operations","Delivery Case","2026/02/09 04:11:07 AM","Liaqatpur"
"76139","Aasia Batool","MR-5198","Direct Call","Patient Transfer Service","N/A","2026/02/09 04:19:22 AM","Khanpur"
"76140","Muhammad Tariq Hameed","DR-885","Direct Call","Patient Transfer Service","N/A","2026/02/09 04:20:06 AM","Liaqatpur"
"266476","Sheeza Barkat","MR-5331","EMDS Call","Medical Emergency","Hypotension","2026/02/09 04:37:17 AM","Liaqatpur"
"266477","Aasia Batool","MR-5198","EMDS Call","Medical Emergency","Chronic Illness","2026/02/09 04:43:06 AM","Rahim Yar Khan"
"266478","Aasia Batool","MR-5198","EMDS Call","Fall","Slipped On Floor","2026/02/09 04:46:28 AM","Rahim Yar Khan"
"266479","Sheeza Barkat","MR-5331","EMDS Call","Medical Emergency","CVA/Stroke","2026/02/09 05:08:33 AM","Sadiqabad"
"266480","Muhammad Tariq Hameed","DR-885","EMDS Call","Medical Emergency","Hypertension","2026/02/09 05:27:53 AM","Rahim Yar Khan"
"266481","Sheeza Barkat","MR-5331","EMDS Call","Medical Emergency","Hypertension","2026/02/09 05:36:12 AM","Rahim Yar Khan"
"266482","Sheeza Barkat","MR-5331","EMDS Call","Medical Emergency","SOB/ Respiratory Distress","2026/02/09 05:45:00 AM","Rahim Yar Khan"
"266483","Aasia Batool","MR-5198","EMDS Call","Medical Emergency","Others","2026/02/09 06:11:44 AM","Rahim Yar Khan"
"266484","Aasia Batool","MR-5198","EMDS Call","Medical Emergency","Others","2026/02/09 06:44:15 AM","Rahim Yar Khan"
"266485","Sheeza Barkat","MR-5331","Direct Call","Medical Emergency","Abdominal Pain","2026/02/09 06:46:53 AM","Rahim Yar Khan"
"266486","Sheeza Barkat","MR-5331","EMDS Call","Medical Emergency","Chest Pain","2026/02/09 06:51:10 AM","Rahim Yar Khan"
"266487","Aasia Batool","MR-5198","EMDS Call","Medical Emergency","SOB/ Respiratory Distress","2026/02/09 06:52:27 AM","Sadiqabad"
"266488","Muhammad Tariq Hameed","DR-885","Direct Call","Medical Emergency","Others","2026/02/09 06:58:28 AM","Rahim Yar Khan"
"266489","Aasia Batool","MR-5198","EMDS Call","Medical Emergency","Chest Pain","2026/02/09 07:30:01 AM","Rahim Yar Khan"
"266490","Sheeza Barkat","MR-5331","EMDS Call","Medical Emergency","High Fever","2026/02/09 07:32:40 AM","Rahim Yar Khan"
"266491","Sheeza Barkat","MR-5331","EMDS Call","Medical Emergency","Others","2026/02/09 07:39:50 AM","Rahim Yar Khan"
"266492","Rana M. Usman","DR-200","Direct Call","Medical Emergency","Abdominal Pain","2026/02/09 08:00:36 AM","Rahim Yar Khan"
"266493","Rana M. Usman","DR-200","Direct Call","Rescue Operations","Mass Event Coverage","2026/02/09 08:10:07 AM","Sadiqabad"
"266494","Muhammad Fiaz","DR-206","Direct Call","Rescue Operations","Mass Event Coverage","2026/02/09 08:12:48 AM","Rahim Yar Khan"
"266495","Zupasha Zia","MR-5758","EMDS Call","Medical Emergency","Diabetic","2026/02/09 08:15:59 AM","Rahim Yar Khan"
"266496","Zupasha Zia","MR-5758","EMDS Call","Medical Emergency","Epilepsy","2026/02/09 08:20:33 AM","Rahim Yar Khan"
"266497","Muhammad Riaz","DR-654","EMDS Call","Medical Emergency","Vomiting","2026/02/09 08:22:57 AM","Sadiqabad"
"266498","Muhammad Rashid Saleem","DR-187","EMDS Call","Road Crash","Minor Injuries","2026/02/09 08:32:26 AM","Sadiqabad"
"266499","Zupasha Zia","MR-5758","EMDS Call","Road Crash","Minor Injuries","2026/02/09 08:35:05 AM","Liaqatpur"
"266500","Rana M. Usman","DR-200","EMDS Call","Medical Emergency","SOB/ Respiratory Distress","2026/02/09 08:36:09 AM","Rahim Yar Khan"
"266501","Zupasha Zia","MR-5758","EMDS Call","Medical Emergency","Epilepsy","2026/02/09 08:45:50 AM","Sadiqabad"
"266502","Muhammad Riaz","DR-654","EMDS Call","Medical Emergency","Others","2026/02/09 08:49:14 AM","Rahim Yar Khan"
"266503","Zupasha Zia","MR-5758","EMDS Call","Medical Emergency","Chronic Illness","2026/02/09 08:50:12 AM","Liaqatpur"
"266504","Muhammad Riaz","DR-654","EMDS Call","Road Crash","Minor Injuries","2026/02/09 09:00:05 AM","Khanpur"
"266505","Zupasha Zia","MR-5758","EMDS Call","Medical Emergency","Chest Pain","2026/02/09 09:03:40 AM","Rahim Yar Khan"
"266506","Rana M. Usman","DR-200","EMDS Call","Medical Emergency","Renal Disorders / Renal Colic ","2026/02/09 09:08:29 AM","Rahim Yar Khan"
"266507","Muhammad AAmar","DR-915","EMDS Call","Medical Emergency","Others","2026/02/09 09:13:42 AM","Rahim Yar Khan"
"266508","Rana M. Usman","DR-200","EMDS Call","Road Crash","Minor Injuries","2026/02/09 09:15:23 AM","Khanpur"
"266509","Muhammad Arshad","DR-198","EMDS Call","Medical Emergency","CVA/Stroke","2026/02/09 09:20:23 AM","Rahim Yar Khan"
"266510","Muhammad AAmar","DR-915","EMDS Call","Road Crash","Minor Injuries","2026/02/09 09:22:40 AM","Liaqatpur"
"76141","Rana M. Usman","DR-200","Direct Call","Patient Transfer Service","N/A","2026/02/09 09:23:40 AM","Khanpur"
"266511","Muhammad Rashid Saleem","DR-187","Direct Call","Rescue Operations","Mass Event Coverage","2026/02/09 09:26:48 AM","Liaqatpur"
"266513","Muhammad Arshad","DR-198","EMDS Call","Medical Emergency","Others","2026/02/09 09:34:28 AM","Liaqatpur"
"266512","Muhammad Rashid Saleem","DR-187","EMDS Call","Medical Emergency","Renal Disorders / Renal Colic ","2026/02/09 09:36:13 AM","Khanpur"
"76142","Rana M. Usman","DR-200","Direct Call","Patient Transfer Service","N/A","2026/02/09 09:45:09 AM","Khanpur"
"76143","Rana M. Usman","DR-200","Direct Call","Patient Transfer Service","N/A","2026/02/09 09:45:44 AM","Sadiqabad"
"266514","Muhammad AAmar","DR-915","EMDS Call","Road Crash","Bleeding","2026/02/09 09:56:35 AM","Khanpur"
"266515","Muhammad Fiaz","DR-206","Direct Call","Medical Emergency","Others","2026/02/09 09:59:08 AM","Rahim Yar Khan"
"266516","Muhammad AAmar","DR-915","Direct Call","Medical Emergency","SOB/ Respiratory Distress","2026/02/09 10:04:44 AM","Rahim Yar Khan"
"266517","Muhammad Rashid Saleem","DR-187","EMDS Call","Medical Emergency","Hypertension","2026/02/09 10:06:19 AM","Rahim Yar Khan"
"266518","Muhammad AAmar","DR-915","EMDS Call","Medical Emergency","Chronic Illness","2026/02/09 10:08:02 AM","Sadiqabad"
"266519","Muhammad Arshad","DR-198","EMDS Call","Medical Emergency","Others","2026/02/09 10:13:01 AM","Rahim Yar Khan"
"266520","Muhammad AAmar","DR-915","EMDS Call","Medical Emergency","Vomiting","2026/02/09 10:14:09 AM","Sadiqabad"
"266521","Muhammad Rashid Saleem","DR-187","EMDS Call","Medical Emergency","SOB/ Respiratory Distress","2026/02/09 10:15:47 AM","Rahim Yar Khan"
"266522","Muhammad Arshad","DR-198","EMDS Call","Medical Emergency","Chronic Illness","2026/02/09 10:21:42 AM","Khanpur"
"266523","Muhammad Fiaz","DR-206","EMDS Call","Medical Emergency","Unconscious","2026/02/09 10:22:16 AM","Liaqatpur"
"266524","Muhammad Rashid Saleem","DR-187","EMDS Call","Road Crash","Minor Injuries","2026/02/09 10:23:22 AM","Khanpur"
"266525","Muhammad Arshad","DR-198","EMDS Call","Fall","Fall From Stairs","2026/02/09 10:25:22 AM","Khanpur"
"266526","Muhammad Fiaz","DR-206","EMDS Call","Medical Emergency","Vomiting","2026/02/09 10:35:42 AM","Rahim Yar Khan"
"266527","Muhammad AAmar","DR-915","EMDS Call","Medical Emergency","Vomiting","2026/02/09 10:39:02 AM","Liaqatpur"
"266528","Muhammad Fiaz","DR-206","EMDS Call","Medical Emergency","Unconscious","2026/02/09 10:41:55 AM","Rahim Yar Khan"
"266529","Muhammad Arshad","DR-198","EMDS Call","Medical Emergency","Others","2026/02/09 10:46:10 AM","Sadiqabad"
"266530","Muhammad AAmar","DR-915","EMDS Call","Road Crash","Minor Injuries","2026/02/09 10:49:50 AM","Rahim Yar Khan"
"266531","Muhammad Arshad","DR-198","EMDS Call","Medical Emergency","High Fever","2026/02/09 10:55:10 AM","Rahim Yar Khan"
"76144","Muhammad Fiaz","DR-206","Direct Call","Patient Transfer Service","N/A","2026/02/09 10:58:01 AM","Sadiqabad"
"266532","Muhammad Arshad","DR-198","EMDS Call","Medical Emergency","SOB/ Respiratory Distress","2026/02/09 11:03:29 AM","Sadiqabad"
"266533","Muhammad Rashid Saleem","DR-187","EMDS Call","Medical Emergency","SOB/ Respiratory Distress","2026/02/09 11:08:18 AM","Rahim Yar Khan"
"266534","Muhammad AAmar","DR-915","EMDS Call","Medical Emergency","Vomiting","2026/02/09 11:08:51 AM","Rahim Yar Khan"
"76145","Muhammad Rashid Saleem","DR-187","Direct Call","Patient Transfer Service","N/A","2026/02/09 11:10:36 AM","Sadiqabad"
"266535","Muhammad Fiaz","DR-206","EMDS Call","Medical Emergency","Chest Pain","2026/02/09 11:12:36 AM","Rahim Yar Khan"
"266536","Muhammad AAmar","DR-915","EMDS Call","Medical Emergency","High Fever","2026/02/09 11:19:04 AM","Rahim Yar Khan"
"266537","Zupasha Zia","MR-5758","EMDS Call","Medical Emergency","Others","2026/02/09 11:22:35 AM","Rahim Yar Khan"
"266538","Muhammad AAmar","DR-915","EMDS Call","Medical Emergency","Others","2026/02/09 11:27:18 AM","Rahim Yar Khan"
"266539","Muhammad Fiaz","DR-206","Direct Call","Medical Emergency","High Fever","2026/02/09 11:29:53 AM","Rahim Yar Khan"
"266540","Zupasha Zia","MR-5758","EMDS Call","Fall","Fall From Vehicle","2026/02/09 11:30:08 AM","Sadiqabad"
"266541","Muhammad Fiaz","DR-206","Direct Call","Medical Emergency","Others","2026/02/09 11:37:02 AM","Rahim Yar Khan"
"266542","Muhammad Arshad","DR-198","EMDS Call","Medical Emergency","Others","2026/02/09 11:38:21 AM","Sadiqabad"
"266543","Zupasha Zia","MR-5758","EMDS Call","Road Crash","Bleeding","2026/02/09 11:38:51 AM","Sadiqabad"
"266546","Zupasha Zia","MR-5758","EMDS Call","Medical Emergency","Epilepsy","2026/02/09 12:00:14 PM","Liaqatpur"
"266544","Muhammad Riaz","DR-654","EMDS Call","Medical Emergency","SOB/ Respiratory Distress","2026/02/09 12:00:42 PM","Sadiqabad"
"266545","Muhammad Fiaz","DR-206","EMDS Call","Medical Emergency","Vomiting","2026/02/09 12:01:25 PM","Rahim Yar Khan"
"266547","Muhammad Riaz","DR-654","EMDS Call","Medical Emergency","Diabetic","2026/02/09 12:09:45 PM","Rahim Yar Khan"
"266548","Muhammad Riaz","DR-654","EMDS Call","Medical Emergency","Abdominal Pain","2026/02/09 12:10:58 PM","Sadiqabad"
"266549","Zupasha Zia","MR-5758","EMDS Call","Road Crash","Bleeding","2026/02/09 12:10:34 PM","Sadiqabad"
"266550","Muhammad Fiaz","DR-206","EMDS Call","Road Crash","Bleeding","2026/02/09 12:15:29 PM","Sadiqabad"
"266551","Zupasha Zia","MR-5758","EMDS Call","Medical Emergency","Others","2026/02/09 12:21:04 PM","Rahim Yar Khan"
"266552","Muhammad Fiaz","DR-206","EMDS Call","Medical Emergency","Chronic Illness","2026/02/09 12:20:29 PM","Rahim Yar Khan"
"266553","Muhammad Fiaz","DR-206","EMDS Call","Medical Emergency","Abdominal Pain","2026/02/09 12:27:36 PM","Sadiqabad"
"266554","Zupasha Zia","MR-5758","EMDS Call","Medical Emergency","Hypertension","2026/02/09 12:29:17 PM","Rahim Yar Khan"
"266555","Muhammad Fiaz","DR-206","EMDS Call","Road Crash","Bleeding","2026/02/09 12:30:32 PM","Rahim Yar Khan"
"266556","Zupasha Zia","MR-5758","EMDS Call","Road Crash","Minor Injuries","2026/02/09 12:32:28 PM","Sadiqabad"
"266556","Zupasha Zia","MR-5758","EMDS Call","Road Crash","Minor Injuries","2026/02/09 12:32:28 PM","Sadiqabad"
"266557","Muhammad Fiaz","DR-206","EMDS Call","Road Crash","Minor Injuries","2026/02/09 12:38:35 PM","Rahim Yar Khan"
"266558","Zupasha Zia","MR-5758","EMDS Call","Road Crash","Minor Injuries","2026/02/09 12:41:27 PM","Rahim Yar Khan"
"266559","Zupasha Zia","MR-5758","EMDS Call","Medical Emergency","Vomiting","2026/02/09 12:45:46 PM","Sadiqabad"
"266560","Muhammad Fiaz","DR-206","EMDS Call","Medical Emergency","Others","2026/02/09 12:43:26 PM","Sadiqabad"
"266561","Muhammad Fiaz","DR-206","EMDS Call","Rescue Operations","Delivery Case","2026/02/09 12:51:48 PM","Khanpur"
"266562","Zupasha Zia","MR-5758","EMDS Call","Medical Emergency","SOB/ Respiratory Distress","2026/02/09 12:54:08 PM","Rahim Yar Khan"
"266563","Muhammad AAmar","DR-915","EMDS Call","Medical Emergency","SOB/ Respiratory Distress","2026/02/09 01:01:12 PM","Khanpur"
"266564","Muhammad Fiaz","DR-206","EMDS Call","Medical Emergency","Chest Pain","2026/02/09 01:05:22 PM","Rahim Yar Khan"
"266565","Muhammad Fiaz","DR-206","Direct Call","Medical Emergency","High Fever","2026/02/09 01:07:51 PM","Rahim Yar Khan"
"266566","Muhammad Fiaz","DR-206","EMDS Call","Medical Emergency","Others","2026/02/09 01:19:06 PM","Khanpur"
"266567","Muhammad Fiaz","DR-206","EMDS Call","Medical Emergency","SOB/ Respiratory Distress","2026/02/09 01:24:39 PM","Sadiqabad"
"266569","Muhammad Fiaz","DR-206","EMDS Call","Medical Emergency","Renal Disorders / Renal Colic ","2026/02/09 01:27:15 PM","Sadiqabad"
"266568","Muhammad Rashid Saleem","DR-187","EMDS Call","Road Crash","Bleeding","2026/02/09 01:28:38 PM","Rahim Yar Khan"
"266570","Zupasha Zia","MR-5758","EMDS Call","Medical Emergency","Others","2026/02/09 01:35:56 PM","Rahim Yar Khan"
"266571","Muhammad Rashid Saleem","DR-187","EMDS Call","Medical Emergency","Others","2026/02/09 01:36:30 PM","Sadiqabad"
"266572","Muhammad Riaz","DR-654","EMDS Call","Medical Emergency","SOB/ Respiratory Distress","2026/02/09 01:45:30 PM","Rahim Yar Khan"
"266573","Zupasha Zia","MR-5758","EMDS Call","Medical Emergency","Hypertension","2026/02/09 01:48:49 PM","Liaqatpur"
"266574","Muhammad Rashid Saleem","DR-187","EMDS Call","Medical Emergency","Others","2026/02/09 01:54:54 PM","Rahim Yar Khan"
"76146","Muhammad Fiaz","DR-206","Direct Call","Patient Transfer Service","N/A","2026/02/09 02:02:07 PM","Khanpur"
"266575","Zupasha Zia","MR-5758","EMDS Call","Road Crash","Bleeding","2026/02/09 02:05:32 PM","Rahim Yar Khan"
"266576","Muhammad Fiaz","DR-206","EMDS Call","Road Crash","Minor Injuries","2026/02/09 02:08:28 PM","Liaqatpur"
"76147","Muhammad Riaz","DR-654","Direct Call","Patient Transfer Service","N/A","2026/02/09 02:09:39 PM","Khanpur"
"266577","Muhammad AAmar","DR-915","EMDS Call","Road Crash","Bleeding","2026/02/09 02:11:18 PM","Rahim Yar Khan"
"266578","Farah Sadaqat","MR-5930","EMDS Call","Medical Emergency","CVA/Stroke","2026/02/09 02:16:19 PM","Liaqatpur"
"266579","Muhammad AAmar","DR-915","EMDS Call","Medical Emergency","High Fever","2026/02/09 02:17:58 PM","Khanpur"
"266580","Muhammad AAmar","DR-915","EMDS Call","Rescue Operations","Electric Shock","2026/02/09 02:21:40 PM","Khanpur"
"266581","Farah Sadaqat","MR-5930","EMDS Call","Road Crash","Bleeding","2026/02/09 02:22:19 PM","Rahim Yar Khan"
"266582","Maheen Tahir","MR-6017","EMDS Call","Medical Emergency","Hypertension","2026/02/09 02:21:47 PM","Liaqatpur"
"266583","Muhammad AAmar","DR-915","EMDS Call","Medical Emergency","SOB/ Respiratory Distress","2026/02/09 02:24:33 PM","Rahim Yar Khan"
"266584","Maheen Tahir","MR-6017","EMDS Call","Medical Emergency","Vomiting","2026/02/09 02:26:01 PM","Rahim Yar Khan"
"76148","Farah Sadaqat","MR-5930","Direct Call","Patient Transfer Service","N/A","2026/02/09 02:30:25 PM","Sadiqabad"
"266585","Faiz Muhyy Ul Din","DR-892","EMDS Call","Medical Emergency","Unconscious","2026/02/09 02:34:06 PM","Khanpur"
"266586","Faiz Muhyy Ul Din","DR-892","EMDS Call","Medical Emergency","SOB/ Respiratory Distress","2026/02/09 02:39:20 PM","Rahim Yar Khan"
"266587","Farah Sadaqat","MR-5930","EMDS Call","Road Crash","Minor Injuries","2026/02/09 02:39:56 PM","Rahim Yar Khan"
"266588","Maheen Tahir","MR-6017","EMDS Call","Medical Emergency","Others","2026/02/09 02:45:42 PM","Rahim Yar Khan"
"266589","Farah Sadaqat","MR-5930","EMDS Call","Road Crash","Multiple Fractures","2026/02/09 02:49:30 PM","Rahim Yar Khan"
"266590","Faiz Muhyy Ul Din","DR-892","EMDS Call","Medical Emergency","Epilepsy","2026/02/09 02:51:12 PM","Liaqatpur"
"266591","Maheen Tahir","MR-6017","EMDS Call","Medical Emergency","Others","2026/02/09 02:50:13 PM","Rahim Yar Khan"
"76149","Faiz Muhyy Ul Din","DR-892","Direct Call","Patient Transfer Service","N/A","2026/02/09 03:01:03 PM","Sadiqabad"
"266592","Maheen Tahir","MR-6017","EMDS Call","Medical Emergency","Others","2026/02/09 03:02:15 PM","Rahim Yar Khan"
"266593","Farah Sadaqat","MR-5930","Direct Call","Medical Emergency","Abdominal Pain","2026/02/09 03:06:22 PM","Rahim Yar Khan"
"266594","Maheen Tahir","MR-6017","EMDS Call","Medical Emergency","Others","2026/02/09 03:13:29 PM","Liaqatpur"
"266595","Farah Sadaqat","MR-5930","EMDS Call","Medical Emergency","Abdominal Pain","2026/02/09 03:16:26 PM","Sadiqabad"
"266596","Faiz Muhyy Ul Din","DR-892","EMDS Call","Medical Emergency","Chest Pain","2026/02/09 03:14:45 PM","Sadiqabad"
"266597","Faiz Muhyy Ul Din","DR-892","EMDS Call","Medical Emergency","Chronic Illness","2026/02/09 03:20:58 PM","Rahim Yar Khan"
"266598","Farah Sadaqat","MR-5930","EMDS Call","Fall","Fall From Roof","2026/02/09 03:21:26 PM","Khanpur"
"266599","Maheen Tahir","MR-6017","EMDS Call","Medical Emergency","Diabetic","2026/02/09 03:29:41 PM","Rahim Yar Khan"
"266600","Farah Sadaqat","MR-5930","EMDS Call","Medical Emergency","Unconscious","2026/02/09 03:33:39 PM","Sadiqabad"
"266601","Farah Sadaqat","MR-5930","EMDS Call","Medical Emergency","Domestic Injuries","2026/02/09 03:38:17 PM","Liaqatpur"
"266602","Saira Bibi","MR-5494","EMDS Call","Medical Emergency","Vomiting","2026/02/09 03:45:12 PM","Liaqatpur"
"266603","Shaheen Islam","DR-1171","EMDS Call","Medical Emergency","Diabetic","2026/02/09 03:46:55 PM","Rahim Yar Khan"
"76150","Maheen Tahir","MR-6017","Direct Call","Patient Transfer Service","N/A","2026/02/09 03:49:16 PM","Khanpur"
"266604","Maheen Tahir","MR-6017","EMDS Call","Medical Emergency","Unconscious","2026/02/09 03:55:20 PM","Rahim Yar Khan"
"266605","Shaheen Islam","DR-1171","EMDS Call","Medical Emergency","SOB/ Respiratory Distress","2026/02/09 04:02:33 PM","Sadiqabad"
"266606","Saira Bibi","MR-5494","EMDS Call","Road Crash","Bleeding","2026/02/09 04:10:48 PM","Sadiqabad"
"266606","Saira Bibi","MR-5494","EMDS Call","Road Crash","Bleeding","2026/02/09 04:10:48 PM","Sadiqabad"
"266607","Shaheen Islam","DR-1171","EMDS Call","Medical Emergency","Domestic Injuries","2026/02/09 04:11:15 PM","Rahim Yar Khan"
"266608","Maheen Tahir","MR-6017","EMDS Call","Medical Emergency","Diabetic","2026/02/09 04:12:28 PM","Rahim Yar Khan"
"266609","Farah Sadaqat","MR-5930","EMDS Call","Road Crash","Minor Injuries","2026/02/09 04:13:26 PM","Rahim Yar Khan"
"266610","Maheen Tahir","MR-6017","EMDS Call","Medical Emergency","Hypertension","2026/02/09 04:18:32 PM","Rahim Yar Khan"
"266611","Saira Bibi","MR-5494","Direct Call","Rescue Operations","Mass Event Coverage","2026/02/09 04:21:00 PM","Sadiqabad"
"76151","Maheen Tahir","MR-6017","Direct Call","Patient Transfer Service","N/A","2026/02/09 04:23:21 PM","Liaqatpur"
"266612","Maheen Tahir","MR-6017","EMDS Call","Medical Emergency","Abdominal Pain","2026/02/09 04:29:26 PM","Rahim Yar Khan"
"266613","Saira Bibi","MR-5494","EMDS Call","Medical Emergency","Domestic Injuries","2026/02/09 04:32:17 PM","Rahim Yar Khan"
"266614","Saira Bibi","MR-5494","EMDS Call","Medical Emergency","Unconscious","2026/02/09 04:35:43 PM","Sadiqabad"
"266615","Maheen Tahir","MR-6017","EMDS Call","Medical Emergency","Chest Pain","2026/02/09 04:41:53 PM","Rahim Yar Khan"
"266616","Maheen Tahir","MR-6017","EMDS Call","Medical Emergency","Hypertension","2026/02/09 04:50:19 PM","Sadiqabad"
"266617","Farah Sadaqat","MR-5930","EMDS Call","Medical Emergency","Unconscious","2026/02/09 04:51:09 PM","Sadiqabad"
"266618","Shaheen Islam","DR-1171","EMDS Call","Medical Emergency","Others","2026/02/09 04:52:55 PM","Sadiqabad"
"266619","Farah Sadaqat","MR-5930","EMDS Call","Medical Emergency","Vomiting","2026/02/09 04:57:42 PM","Sadiqabad"
"266620","Farah Sadaqat","MR-5930","EMDS Call","Medical Emergency","Others","2026/02/09 05:02:19 PM","Rahim Yar Khan"
"266621","Maheen Tahir","MR-6017","EMDS Call","Medical Emergency","Vomiting","2026/02/09 05:05:17 PM","Rahim Yar Khan"
"266622","Maheen Tahir","MR-6017","EMDS Call","Medical Emergency","Joints Pain","2026/02/09 05:10:10 PM","Rahim Yar Khan"
"266623","Saira Bibi","MR-5494","EMDS Call","Medical Emergency","Unconscious","2026/02/09 05:11:10 PM","Rahim Yar Khan"
"76152","Maheen Tahir","MR-6017","Direct Call","Patient Transfer Service","N/A","2026/02/09 05:19:38 PM","Sadiqabad"
"266624","Maheen Tahir","MR-6017","EMDS Call","Medical Emergency","Others","2026/02/09 05:21:09 PM","Rahim Yar Khan"
"266625","Farah Sadaqat","MR-5930","EMDS Call","Road Crash","Bleeding","2026/02/09 05:25:21 PM","Sadiqabad"
"266626","Maheen Tahir","MR-6017","EMDS Call","Medical Emergency","Others","2026/02/09 05:28:53 PM","Rahim Yar Khan"
"266627","Farah Sadaqat","MR-5930","EMDS Call","Medical Emergency","SOB/ Respiratory Distress","2026/02/09 05:29:03 PM","Sadiqabad"
"266628","Maheen Tahir","MR-6017","EMDS Call","Road Crash","Minor Injuries","2026/02/09 05:31:33 PM","Khanpur"
"76153","Saira Bibi","MR-5494","Direct Call","Patient Transfer Service","N/A","2026/02/09 05:35:45 PM","Sadiqabad"
"266629","Farah Sadaqat","MR-5930","EMDS Call","Fire","Others","2026/02/09 05:39:11 PM","Khanpur"
"266630","Farah Sadaqat","MR-5930","EMDS Call","Medical Emergency","Unconscious","2026/02/09 05:43:01 PM","Rahim Yar Khan"
"266631","Farah Sadaqat","MR-5930","EMDS Call","Medical Emergency","Domestic Injuries","2026/02/09 05:45:56 PM","Liaqatpur"
"266632","Maheen Tahir","MR-6017","EMDS Call","Medical Emergency","Domestic Injuries","2026/02/09 05:45:23 PM","Khanpur"
"266633","Saira Bibi","MR-5494","EMDS Call","Medical Emergency","Others","2026/02/09 05:47:51 PM","Rahim Yar Khan"
"266634","Farah Sadaqat","MR-5930","EMDS Call","Medical Emergency","High Fever","2026/02/09 06:02:50 PM","Sadiqabad"
"76154","Saira Bibi","MR-5494","Direct Call","Patient Transfer Service","N/A","2026/02/09 06:04:09 PM","Khanpur"
"266636","Farah Sadaqat","MR-5930","EMDS Call","Road Crash","Bleeding","2026/02/09 06:08:06 PM","Rahim Yar Khan"
"266635","Faiz Muhyy Ul Din","DR-892","Direct Call","Medical Emergency","Others","2026/02/09 06:09:08 PM","Rahim Yar Khan"
"266637","Farah Sadaqat","MR-5930","EMDS Call","Medical Emergency","Others","2026/02/09 06:10:38 PM","Rahim Yar Khan"
"266638","Farah Sadaqat","MR-5930","EMDS Call","Crime","Physical Assault/Violence","2026/02/09 06:16:38 PM","Khanpur"
"266639","Maheen Tahir","MR-6017","EMDS Call","Medical Emergency","Others","2026/02/09 06:27:38 PM","Rahim Yar Khan"
"266640","Maheen Tahir","MR-6017","EMDS Call","Medical Emergency","Hypotension","2026/02/09 06:31:18 PM","Liaqatpur"
"266641","Maheen Tahir","MR-6017","EMDS Call","Medical Emergency","Others","2026/02/09 06:39:11 PM","Rahim Yar Khan"
"266642","Farah Sadaqat","MR-5930","EMDS Call","Medical Emergency","Hypotension","2026/02/09 06:41:23 PM","Rahim Yar Khan"
"266643","Saira Bibi","MR-5494","Direct Call","Rescue Operations","Others","2026/02/09 06:41:13 PM","Rahim Yar Khan"
"266643","Saira Bibi","MR-5494","Direct Call","Rescue Operations","Others","2026/02/09 06:41:13 PM","Rahim Yar Khan"
"266643","Saira Bibi","MR-5494","Direct Call","Rescue Operations","Others","2026/02/09 06:41:13 PM","Rahim Yar Khan"
"266643","Saira Bibi","MR-5494","Direct Call","Rescue Operations","Others","2026/02/09 06:41:13 PM","Rahim Yar Khan"
"76155","Saira Bibi","MR-5494","Direct Call","Patient Transfer Service","N/A","2026/02/09 06:47:54 PM","Sadiqabad"
"266644","Maheen Tahir","MR-6017","EMDS Call","Medical Emergency","Others","2026/02/09 06:48:36 PM","Rahim Yar Khan"
"266646","Farah Sadaqat","MR-5930","EMDS Call","Rescue Operations","Delivery Case","2026/02/09 06:48:43 PM","Khanpur"
"266645","Saira Bibi","MR-5494","EMDS Call","Road Crash","Severe Trauma","2026/02/09 06:50:13 PM","Sadiqabad"
"266647","Farah Sadaqat","MR-5930","EMDS Call","Medical Emergency","Others","2026/02/09 06:52:52 PM","Rahim Yar Khan"
"266649","Saira Bibi","MR-5494","EMDS Call","Rescue Operations","Delivery Case","2026/02/09 06:56:10 PM","Khanpur"
"266650","Maheen Tahir","MR-6017","EMDS Call","Medical Emergency","Hypotension","2026/02/09 07:05:31 PM","Liaqatpur"
"76156","Saira Bibi","MR-5494","Direct Call","Patient Transfer Service","N/A","2026/02/09 07:09:45 PM","Khanpur"
"76157","Muhammad Zubair","DR-894","Direct Call","Patient Transfer Service","N/A","2026/02/09 07:19:16 PM","Sadiqabad"
"266651","Maheen Tahir","MR-6017","EMDS Call","Rescue Operations","Vehicle Extrication","2026/02/09 07:15:12 PM","Rahim Yar Khan"
"266652","Saira Bibi","MR-5494","EMDS Call","Medical Emergency","Others","2026/02/09 07:19:26 PM","Sadiqabad"
"266653","Muhammad Zubair","DR-894","EMDS Call","Fall","Fall From Stairs","2026/02/09 07:22:16 PM","Rahim Yar Khan"
"266654","Maheen Tahir","MR-6017","EMDS Call","Medical Emergency","SOB/ Respiratory Distress","2026/02/09 07:29:48 PM","Rahim Yar Khan"
"266655","Maheen Tahir","MR-6017","EMDS Call","Medical Emergency","Domestic Injuries","2026/02/09 07:36:08 PM","Rahim Yar Khan"
"76158","Maheen Tahir","MR-6017","Direct Call","Patient Transfer Service","N/A","2026/02/09 07:42:11 PM","Sadiqabad"
"266656","Muhammad Zubair","DR-894","EMDS Call","Medical Emergency","SOB/ Respiratory Distress","2026/02/09 07:42:42 PM","Rahim Yar Khan"
"266658","Maheen Tahir","MR-6017","EMDS Call","Road Crash","Bleeding","2026/02/09 07:55:08 PM","Rahim Yar Khan"
"Not Assigned","Muhammad Zubair","DR-894","EMDS Call","Crime","Bullet Injury","2026/02/09 07:54:52 PM","Khanpur"
"266659","Saira Bibi","MR-5494","EMDS Call","Rescue Operations","Delivery Case","2026/02/09 08:00:06 PM","Rahim Yar Khan"
"266660","Muhammad Zubair","DR-894","EMDS Call","Medical Emergency","Others","2026/02/09 07:59:58 PM","Rahim Yar Khan"
"266661","Muhammad Zubair","DR-894","EMDS Call","Medical Emergency","Others","2026/02/09 08:04:42 PM","Rahim Yar Khan"
"266662","Saira Bibi","MR-5494","EMDS Call","Medical Emergency","Others","2026/02/09 08:06:36 PM","Rahim Yar Khan"
"266663","Muhammad Zubair","DR-894","EMDS Call","Medical Emergency","Vomiting","2026/02/09 08:19:58 PM","Liaqatpur"
"266664","Saira Bibi","MR-5494","EMDS Call","Medical Emergency","Others","2026/02/09 08:29:57 PM","Rahim Yar Khan"
"266665","Maheen Tahir","MR-6017","EMDS Call","Medical Emergency","Others","2026/02/09 08:32:23 PM","Sadiqabad"
"266666","Saira Bibi","MR-5494","EMDS Call","Road Crash","Minor Injuries","2026/02/09 08:34:20 PM","Rahim Yar Khan"
"266667","Nida Rahat","DR-1322","Direct Call","Medical Emergency","Others","2026/02/09 08:53:35 PM","Rahim Yar Khan"
"266669","Fahad Hussain","DR-538","EMDS Call","Rescue Operations","Delivery Case","2026/02/09 08:55:10 PM","Rahim Yar Khan"
"266668","Sheeza Barkat","MR-5331","EMDS Call","Medical Emergency","Others","2026/02/09 08:55:35 PM","Rahim Yar Khan"
"266670","Fahad Hussain","DR-538","EMDS Call","Medical Emergency","Hypertension","2026/02/09 09:00:23 PM","Rahim Yar Khan"
"266671","Nida Rahat","DR-1322","EMDS Call","Medical Emergency","Others","2026/02/09 09:01:57 PM","Rahim Yar Khan"
"76159","Nida Rahat","DR-1322","Direct Call","Patient Transfer Service","N/A","2026/02/09 09:05:02 PM","Sadiqabad"
"266672","Nida Rahat","DR-1322","EMDS Call","Road Crash","Minor Injuries","2026/02/09 09:09:01 PM","Sadiqabad"
"266673","Sheeza Barkat","MR-5331","EMDS Call","Medical Emergency","Others","2026/02/09 09:08:49 PM","Liaqatpur"
"76160","Nida Rahat","DR-1322","Direct Call","Patient Transfer Service","N/A","2026/02/09 09:21:18 PM","Liaqatpur"
"266674","Fahad Hussain","DR-538","EMDS Call","Medical Emergency","Hypertension","2026/02/09 09:21:24 PM","Liaqatpur"
"266675","Muhammad Abid","DR-874","EMDS Call","Road Crash","Bleeding","2026/02/09 09:24:43 PM","Khanpur"
"266676","Sheeza Barkat","MR-5331","EMDS Call","Medical Emergency","Others","2026/02/09 09:27:21 PM","Rahim Yar Khan"
"76161","Nida Rahat","DR-1322","Direct Call","Patient Transfer Service","N/A","2026/02/09 10:01:14 PM","Liaqatpur"
"266677","Nida Rahat","DR-1322","EMDS Call","Medical Emergency","Others","2026/02/09 10:02:07 PM","Rahim Yar Khan"
"266678","Fahad Hussain","DR-538","EMDS Call","Medical Emergency","Others","2026/02/09 10:04:02 PM","Sadiqabad"
"266679","Nida Rahat","DR-1322","EMDS Call","Medical Emergency","High Fever","2026/02/09 10:08:54 PM","Rahim Yar Khan"
"266680","Muhammad Abid","DR-874","EMDS Call","Medical Emergency","Vomiting","2026/02/09 10:12:29 PM","Rahim Yar Khan"
"266681","Fahad Hussain","DR-538","EMDS Call","Medical Emergency","Cardiac Arrest","2026/02/09 10:14:31 PM","Khanpur"
"266682","Nida Rahat","DR-1322","EMDS Call","Medical Emergency","High Fever","2026/02/09 10:22:48 PM","Liaqatpur"
"266683","Fahad Hussain","DR-538","EMDS Call","Medical Emergency","Others","2026/02/09 10:26:45 PM","Sadiqabad"
"266684","Nida Rahat","DR-1322","EMDS Call","Medical Emergency","Vomiting","2026/02/09 10:29:07 PM","Rahim Yar Khan"
"266685","Sheeza Barkat","MR-5331","Direct Call","Rescue Operations","Vehicle Extrication","2026/02/09 10:29:19 PM","Rahim Yar Khan"
"266686","Nida Rahat","DR-1322","EMDS Call","Medical Emergency","Others","2026/02/09 10:32:56 PM","Rahim Yar Khan"
"266687","Fahad Hussain","DR-538","EMDS Call","Medical Emergency","SOB/ Respiratory Distress","2026/02/09 10:32:11 PM","Sadiqabad"
"266688","Nida Rahat","DR-1322","EMDS Call","Medical Emergency","Chest Pain","2026/02/09 10:40:50 PM","Rahim Yar Khan"
"266689","Fahad Hussain","DR-538","EMDS Call","Medical Emergency","Backache","2026/02/09 10:48:12 PM","Khanpur"
"266690","Fahad Hussain","DR-538","EMDS Call","Rescue Operations","Delivery Case","2026/02/09 10:55:07 PM","Sadiqabad"
"76162","Fahad Hussain","DR-538","Direct Call","Patient Transfer Service","N/A","2026/02/09 11:02:33 PM","Sadiqabad"
"266691","Nida Rahat","DR-1322","EMDS Call","Medical Emergency","Vomiting","2026/02/09 11:04:07 PM","Liaqatpur"
"Not Assigned","Fahad Hussain","DR-538","EMDS Call","Medical Emergency","High Fever","2026/02/09 11:06:41 PM","Liaqatpur"
"266692","Fahad Hussain","DR-538","EMDS Call","Road Crash","Bleeding","2026/02/09 11:10:04 PM","Sadiqabad"
"76164","Saima Bashir","MR-5819","Direct Call","Patient Transfer Service","N/A","2026/02/09 11:16:47 PM","Khanpur"
"76163","Fahad Hussain","DR-538","Direct Call","Patient Transfer Service","N/A","2026/02/09 11:16:39 PM","Sadiqabad"
"266693","Fahad Hussain","DR-538","EMDS Call","Medical Emergency","Hypertension","2026/02/09 11:36:41 PM","Sadiqabad"
"266694","Saima Bashir","MR-5819","EMDS Call","Medical Emergency","Vomiting","2026/02/09 11:39:47 PM","Liaqatpur"
"266695","Nida Rahat","DR-1322","EMDS Call","Medical Emergency","Others","2026/02/09 11:53:38 PM","Rahim Yar Khan"
"266696","Fahad Hussain","DR-538","EMDS Call","Rescue Operations","Delivery Case","2026/02/10 12:07:29 AM","Sadiqabad"
"266697","Nida Rahat","DR-1322","EMDS Call","Medical Emergency","High Fever","2026/02/10 12:20:09 AM","Rahim Yar Khan"
"76165","Nida Rahat","DR-1322","EMDS Call","Patient Transfer Service","N/A","2026/02/10 12:25:15 AM","Rahim Yar Khan"
"266698","Nida Rahat","DR-1322","EMDS Call","Medical Emergency","Others","2026/02/10 12:29:10 AM","Rahim Yar Khan"
"266699","Nida Rahat","DR-1322","EMDS Call","Medical Emergency","CVA/Stroke","2026/02/10 01:01:56 AM","Rahim Yar Khan"
"266700","Fahad Hussain","DR-538","EMDS Call","Medical Emergency","Abdominal Pain","2026/02/10 01:02:29 AM","Sadiqabad"
"266701","Fahad Hussain","DR-538","EMDS Call","Medical Emergency","Hypertension","2026/02/10 01:14:17 AM","Khanpur"
"266702","Saima Bashir","MR-5819","EMDS Call","Medical Emergency","Abdominal Pain","2026/02/10 01:24:30 AM","Rahim Yar Khan"
"266703","Fahad Hussain","DR-538","EMDS Call","Medical Emergency","Hypertension","2026/02/10 01:36:17 AM","Sadiqabad"
"266704","Fahad Hussain","DR-538","EMDS Call","Medical Emergency","SOB/ Respiratory Distress","2026/02/10 02:02:34 AM","Rahim Yar Khan"
"266705","Saima Bashir","MR-5819","EMDS Call","Medical Emergency","SOB/ Respiratory Distress","2026/02/10 02:10:21 AM","Sadiqabad"
"266706","Nida Rahat","DR-1322","EMDS Call","Medical Emergency","Vomiting","2026/02/10 02:34:13 AM","Rahim Yar Khan"
"266707","Fahad Hussain","DR-538","EMDS Call","Medical Emergency","SOB/ Respiratory Distress","2026/02/10 02:55:01 AM","Sadiqabad"
"266708","Nida Rahat","DR-1322","EMDS Call","Medical Emergency","Unconscious","2026/02/10 03:02:16 AM","Rahim Yar Khan"
"266709","Fahad Hussain","DR-538","EMDS Call","Medical Emergency","Unconscious","2026/02/10 03:19:45 AM","Rahim Yar Khan"
"76166","Farhad Iftikhar","DR-913","Direct Call","Patient Transfer Service","N/A","2026/02/10 03:42:06 AM","Sadiqabad"
"266710","Sheeza Barkat","MR-5331","EMDS Call","Medical Emergency","Abdominal Pain","2026/02/10 03:39:34 AM","Liaqatpur"
"266711","Adil Iqbal","DR-782","EMDS Call","Medical Emergency","Vomiting","2026/02/10 03:43:53 AM","Rahim Yar Khan"
"266712","Sheeza Barkat","MR-5331","EMDS Call","Medical Emergency","Others","2026/02/10 03:47:27 AM","Rahim Yar Khan"
"266713","Farhad Iftikhar","DR-913","EMDS Call","Road Crash","Bleeding","2026/02/10 04:06:18 AM","Liaqatpur"
"266714","Adil Iqbal","DR-782","EMDS Call","Medical Emergency","Cardiac Arrest","2026/02/10 04:07:35 AM","Rahim Yar Khan"
"266715","Sheeza Barkat","MR-5331","EMDS Call","Road Crash","Bleeding","2026/02/10 04:49:46 AM","Rahim Yar Khan"
"266716","Adil Iqbal","DR-782","EMDS Call","Road Crash","Bleeding","2026/02/10 04:51:47 AM","Khanpur"
"266717","Sheeza Barkat","MR-5331","EMDS Call","Medical Emergency","Unconscious","2026/02/10 05:27:23 AM","Khanpur"
"266718","Farhad Iftikhar","DR-913","EMDS Call","Medical Emergency","SOB/ Respiratory Distress","2026/02/10 05:30:21 AM","Rahim Yar Khan"
"266719","Sheeza Barkat","MR-5331","EMDS Call","Medical Emergency","Others","2026/02/10 05:36:44 AM","Rahim Yar Khan"
"76167","Farhad Iftikhar","DR-913","Direct Call","Patient Transfer Service","N/A","2026/02/10 05:39:56 AM","Sadiqabad"
"266720","Farhad Iftikhar","DR-913","EMDS Call","Medical Emergency","High Fever","2026/02/10 05:41:20 AM","Sadiqabad"
"266721","Sheeza Barkat","MR-5331","EMDS Call","Road Crash","Bleeding","2026/02/10 05:47:37 AM","Rahim Yar Khan"
"76168","Adil Iqbal","DR-782","Direct Call","Patient Transfer Service","N/A","2026/02/10 06:04:44 AM","Sadiqabad"
"266722","Farhad Iftikhar","DR-913","EMDS Call","Road Crash","Bleeding","2026/02/10 06:02:24 AM","Khanpur"
"266722","Farhad Iftikhar","DR-913","EMDS Call","Road Crash","Bleeding","2026/02/10 06:02:24 AM","Khanpur"
"76169","Adil Iqbal","DR-782","Direct Call","Patient Transfer Service","N/A","2026/02/10 06:07:50 AM","Khanpur"
"266723","Farhad Iftikhar","DR-913","EMDS Call","Medical Emergency","Unconscious","2026/02/10 06:13:18 AM","Rahim Yar Khan"
"266724","Adil Iqbal","DR-782","EMDS Call","Medical Emergency","Abdominal Pain","2026/02/10 06:15:08 AM","Rahim Yar Khan"
"266725","Sheeza Barkat","MR-5331","EMDS Call","Medical Emergency","SOB/ Respiratory Distress","2026/02/10 06:22:50 AM","Khanpur"
"266726","Adil Iqbal","DR-782","EMDS Call","Medical Emergency","Vomiting","2026/02/10 06:22:29 AM","Rahim Yar Khan"
"266727","Adil Iqbal","DR-782","EMDS Call","Road Crash","Minor Injuries","2026/02/10 06:28:04 AM","Sadiqabad"
"266728","Adil Iqbal","DR-782","EMDS Call","Medical Emergency","Abdominal Pain","2026/02/10 06:54:57 AM","Liaqatpur"
"266729","Adil Iqbal","DR-782","EMDS Call","Medical Emergency","High Fever","2026/02/10 07:11:50 AM","Rahim Yar Khan"
"266730","Sheeza Barkat","MR-5331","EMDS Call","Medical Emergency","Unconscious","2026/02/10 07:15:41 AM","Sadiqabad"
"266731","Farhad Iftikhar","DR-913","EMDS Call","Medical Emergency","Abdominal Pain","2026/02/10 07:18:01 AM","Sadiqabad"
"266732","Sheeza Barkat","MR-5331","EMDS Call","Medical Emergency","High Fever","2026/02/10 07:29:45 AM","Rahim Yar Khan"
"266733","Bushra Saleem","MR-5701","EMDS Call","Medical Emergency","Abdominal Pain","2026/02/10 07:41:44 AM","Rahim Yar Khan"
"266734","Adil Iqbal","DR-782","EMDS Call","Medical Emergency","Unconscious","2026/02/10 07:44:06 AM","Sadiqabad"
"266735","Bushra Saleem","MR-5701","EMDS Call","Road Crash","Multiple Fractures","2026/02/10 07:46:45 AM","Sadiqabad"
"266735","Bushra Saleem","MR-5701","EMDS Call","Road Crash","Multiple Fractures","2026/02/10 07:46:45 AM","Sadiqabad"
"266735","Bushra Saleem","MR-5701","EMDS Call","Road Crash","Multiple Fractures","2026/02/10 07:46:45 AM","Sadiqabad"
"76170","Muhammad Fiaz","DR-206","Direct Call","Patient Transfer Service","N/A","2026/02/10 07:54:21 AM","Sadiqabad"
"266736","Muhammad Fiaz","DR-206","EMDS Call","Medical Emergency","CVA/Stroke","2026/02/10 07:54:27 AM","Liaqatpur"
"266737","Bushra Saleem","MR-5701","EMDS Call","Medical Emergency","CVA/Stroke","2026/02/10 08:02:53 AM","Sadiqabad"
"76171","Zupasha Zia","MR-5758","Direct Call","Patient Transfer Service","N/A","2026/02/10 08:07:15 AM","Sadiqabad"
"266738","Muhammad Fiaz","DR-206","Direct Call","Rescue Operations","Mass Event Coverage","2026/02/10 08:12:12 AM","Rahim Yar Khan"
"266739","Muhammad Rashid Saleem","DR-187","EMDS Call","Medical Emergency","High Fever","2026/02/10 08:20:24 AM","Sadiqabad"
"266740","Bushra Saleem","MR-5701","EMDS Call","Medical Emergency","Renal Disorders / Renal Colic ","2026/02/10 08:20:27 AM","Sadiqabad"
"266741","Muhammad Rashid Saleem","DR-187","Direct Call","Rescue Operations","Mass Event Coverage","2026/02/10 08:25:22 AM","Sadiqabad"
"266742","Bushra Saleem","MR-5701","EMDS Call","Medical Emergency","Abdominal Pain","2026/02/10 08:28:26 AM","Rahim Yar Khan"
"266743","Shahid Jamil","DR-184","EMDS Call","Medical Emergency","Vomiting","2026/02/10 08:38:59 AM","Rahim Yar Khan"
"266744","Muhammad Riaz","DR-654","EMDS Call","Medical Emergency","Others","2026/02/10 08:41:07 AM","Khanpur"
"266745","Shahid Jamil","DR-184","EMDS Call","Medical Emergency","SOB/ Respiratory Distress","2026/02/10 08:44:35 AM","Khanpur"
"266746","Shahid Jamil","DR-184","EMDS Call","Medical Emergency","Chronic Illness","2026/02/10 08:50:21 AM","Khanpur"
"76172","Bushra Saleem","MR-5701","Direct Call","Patient Transfer Service","N/A","2026/02/10 08:54:53 AM","Khanpur"
"266747","Muhammad Riaz","DR-654","EMDS Call","Rescue Operations","Delivery Case","2026/02/10 08:54:58 AM","Rahim Yar Khan"
"76173","Muhammad Rashid Saleem","DR-187","Direct Call","Patient Transfer Service","N/A","2026/02/10 08:59:15 AM","Liaqatpur"
"266748","Bushra Saleem","MR-5701","Direct Call","Medical Emergency","SOB/ Respiratory Distress","2026/02/10 09:16:23 AM","Rahim Yar Khan"
"266749","Bushra Saleem","MR-5701","Direct Call","Rescue Operations","Mass Event Coverage","2026/02/10 09:21:59 AM","Liaqatpur"
"266750","Shahid Jamil","DR-184","EMDS Call","Road Crash","Minor Injuries","2026/02/10 09:26:09 AM","Rahim Yar Khan"
"76174","Bushra Saleem","MR-5701","Direct Call","Patient Transfer Service","N/A","2026/02/10 09:27:11 AM","Sadiqabad"
"266751","Muhammad AAmar","DR-915","EMDS Call","Medical Emergency","High Fever","2026/02/10 09:28:20 AM","Rahim Yar Khan"
"266752","Shahid Jamil","DR-184","EMDS Call","Medical Emergency","SOB/ Respiratory Distress","2026/02/10 09:30:49 AM","Rahim Yar Khan"
"266753","Muhammad Rashid Saleem","DR-187","EMDS Call","Road Crash","Bleeding","2026/02/10 09:33:11 AM","Sadiqabad"
"266754","Muhammad Rashid Saleem","DR-187","EMDS Call","Medical Emergency","Others","2026/02/10 09:38:21 AM","Rahim Yar Khan"
"266755","Bushra Saleem","MR-5701","EMDS Call","Road Crash","Bleeding","2026/02/10 09:39:38 AM","Rahim Yar Khan"
"76175","Muhammad Rashid Saleem","DR-187","Direct Call","Patient Transfer Service","N/A","2026/02/10 09:47:40 AM","Khanpur"
"266757","Muhammad AAmar","DR-915","EMDS Call","Medical Emergency","Unconscious","2026/02/10 09:47:10 AM","Sadiqabad"
"266756","Bushra Saleem","MR-5701","EMDS Call","Medical Emergency","Chest Pain","2026/02/10 09:48:08 AM","Rahim Yar Khan"
"76176","Bushra Saleem","MR-5701","Direct Call","Patient Transfer Service","N/A","2026/02/10 09:52:22 AM","Sadiqabad"
"266758","Shahid Jamil","DR-184","EMDS Call","Medical Emergency","Chronic Illness","2026/02/10 09:51:22 AM","Rahim Yar Khan"
"266759","Bushra Saleem","MR-5701","EMDS Call","Medical Emergency","Renal Disorders / Renal Colic ","2026/02/10 10:09:00 AM","Khanpur"
"76177","Muhammad Rashid Saleem","DR-187","Direct Call","Patient Transfer Service","N/A","2026/02/10 10:21:08 AM","Khanpur"
"266760","Muhammad AAmar","DR-915","EMDS Call","Road Crash","Minor Injuries","2026/02/10 10:25:08 AM","Rahim Yar Khan"
"266761","Muhammad Riaz","DR-654","EMDS Call","Fire","Others","2026/02/10 10:26:33 AM","Rahim Yar Khan"
"266762","Muhammad AAmar","DR-915","EMDS Call","Road Crash","Minor Injuries","2026/02/10 10:32:57 AM","Rahim Yar Khan"
"266763","Muhammad AAmar","DR-915","EMDS Call","Road Crash","Minor Injuries","2026/02/10 10:36:55 AM","Rahim Yar Khan"
"266764","Muhammad Rashid Saleem","DR-187","EMDS Call","Rescue Operations","Work/Occupational Injuries","2026/02/10 10:38:48 AM","Rahim Yar Khan"
"266765","Shahid Jamil","DR-184","EMDS Call","Road Crash","Bleeding","2026/02/10 10:48:32 AM","Khanpur"
"266766","Muhammad Rashid Saleem","DR-187","Direct Call","Rescue Operations","Mass Event Coverage","2026/02/10 10:58:19 AM","Sadiqabad"
"266767","Muhammad Riaz","DR-654","EMDS Call","Road Crash","Multiple Fractures","2026/02/10 11:01:14 AM","Liaqatpur"
"266768","Muhammad Rashid Saleem","DR-187","EMDS Call","Medical Emergency","Epilepsy","2026/02/10 11:12:00 AM","Rahim Yar Khan"
"266769","Muhammad Rashid Saleem","DR-187","EMDS Call","Road Crash","Minor Injuries","2026/02/10 11:22:42 AM","Rahim Yar Khan"
"266770","Muhammad Riaz","DR-654","EMDS Call","Medical Emergency","SOB/ Respiratory Distress","2026/02/10 11:24:39 AM","Rahim Yar Khan"
"266771","Muhammad AAmar","DR-915","EMDS Call","Medical Emergency","SOB/ Respiratory Distress","2026/02/10 11:24:38 AM","Khanpur"
"266772","Muhammad Rashid Saleem","DR-187","EMDS Call","Medical Emergency","Others","2026/02/10 11:27:15 AM","Rahim Yar Khan"
"266773","Shahid Jamil","DR-184","EMDS Call","Medical Emergency","Chronic Illness","2026/02/10 11:33:52 AM","Rahim Yar Khan"
"76178","Muhammad Rashid Saleem","DR-187","Direct Call","Patient Transfer Service","N/A","2026/02/10 11:59:14 AM","Liaqatpur"
"266774","Shahid Jamil","DR-184","Direct Call","Rescue Operations","Mass Event Coverage","2026/02/10 12:13:26 PM","Rahim Yar Khan"
"266775","Bushra Saleem","MR-5701","EMDS Call","Medical Emergency","Others","2026/02/10 12:12:22 PM","Rahim Yar Khan"
"266776","Muhammad Rashid Saleem","DR-187","EMDS Call","Road Crash","Severe Trauma","2026/02/10 12:16:20 PM","Rahim Yar Khan"
"266776","Muhammad Rashid Saleem","DR-187","EMDS Call","Road Crash","Severe Trauma","2026/02/10 12:16:20 PM","Rahim Yar Khan"
"266776","Muhammad Rashid Saleem","DR-187","EMDS Call","Road Crash","Severe Trauma","2026/02/10 12:16:20 PM","Rahim Yar Khan"
"266777","Muhammad AAmar","DR-915","EMDS Call","Fire","Gas Leakage","2026/02/10 12:18:24 PM","Sadiqabad"
"76179","Bushra Saleem","MR-5701","Direct Call","Patient Transfer Service","N/A","2026/02/10 12:22:12 PM","Sadiqabad"
"266778","Muhammad AAmar","DR-915","Direct Call","Rescue Operations","Delivery Case","2026/02/10 12:23:04 PM","Khanpur"
"266779","Bushra Saleem","MR-5701","EMDS Call","Road Crash","Bleeding","2026/02/10 12:25:36 PM","Khanpur"
"266780","Bushra Saleem","MR-5701","EMDS Call","Medical Emergency","Others","2026/02/10 12:40:07 PM","Rahim Yar Khan"
"266781","Muhammad Fiaz","DR-206","EMDS Call","Medical Emergency","Domestic Injuries","2026/02/10 12:48:06 PM","Rahim Yar Khan"
"266782","Muhammad Fiaz","DR-206","EMDS Call","Medical Emergency","SOB/ Respiratory Distress","2026/02/10 12:52:01 PM","Rahim Yar Khan"
"266783","Zupasha Zia","MR-5758","EMDS Call","Road Crash","Severe Trauma","2026/02/10 12:52:44 PM","Sadiqabad"
"266783","Zupasha Zia","MR-5758","EMDS Call","Road Crash","Severe Trauma","2026/02/10 12:52:44 PM","Sadiqabad"
"266784","Muhammad Fiaz","DR-206","EMDS Call","Medical Emergency","Hypotension","2026/02/10 12:55:22 PM","Liaqatpur"
"266785","Zupasha Zia","MR-5758","EMDS Call","Medical Emergency","Abdominal Pain","2026/02/10 12:57:54 PM","Rahim Yar Khan"
"266786","Muhammad Fiaz","DR-206","EMDS Call","Road Crash","Minor Injuries","2026/02/10 01:03:23 PM","Sadiqabad"
"266786","Muhammad Fiaz","DR-206","EMDS Call","Road Crash","Minor Injuries","2026/02/10 01:03:23 PM","Sadiqabad"
"266787","Zupasha Zia","MR-5758","EMDS Call","Road Crash","Minor Injuries","2026/02/10 01:15:29 PM","Sadiqabad"
"266788","Zupasha Zia","MR-5758","EMDS Call","Medical Emergency","Hypertension","2026/02/10 01:18:33 PM","Rahim Yar Khan"
"266789","Zupasha Zia","MR-5758","EMDS Call","Medical Emergency","Chronic Illness","2026/02/10 01:54:22 PM","Khanpur"
"266790","Fahad Hussain","DR-538","Direct Call","Medical Emergency","Others","2026/02/10 01:59:12 PM","Rahim Yar Khan"
"266791","Zupasha Zia","MR-5758","EMDS Call","Road Crash","Minor Injuries","2026/02/10 02:04:15 PM","Sadiqabad"
"266792","Zupasha Zia","MR-5758","EMDS Call","Fire","Others","2026/02/10 02:12:09 PM","Liaqatpur"
"266793","Zupasha Zia","MR-5758","EMDS Call","Fire","Short Circuit","2026/02/10 02:15:27 PM","Sadiqabad"
"76180","Maheen Tahir","MR-6017","Direct Call","Patient Transfer Service","N/A","2026/02/10 02:25:05 PM","Khanpur"
"76181","Faiz Muhyy Ul Din","DR-892","Direct Call","Patient Transfer Service","N/A","2026/02/10 02:36:50 PM","Sadiqabad"
"266794","Maheen Tahir","MR-6017","EMDS Call","Road Crash","Bleeding","2026/02/10 02:38:07 PM","Sadiqabad"
"266795","Saira Bibi","MR-5494","EMDS Call","Medical Emergency","High Fever","2026/02/10 02:40:49 PM","Rahim Yar Khan"
"266796","Farah Sadaqat","MR-5930","EMDS Call","Medical Emergency","Chest Pain","2026/02/10 02:49:41 PM","Liaqatpur"
"266797","Maheen Tahir","MR-6017","EMDS Call","Fire","Short Circuit","2026/02/10 02:53:11 PM","Rahim Yar Khan"
"266798","Saira Bibi","MR-5494","EMDS Call","Medical Emergency","Chronic Illness","2026/02/10 02:56:46 PM","Sadiqabad"
"Not Assigned","Farah Sadaqat","MR-5930","EMDS Call","Rescue Operations","Delivery Case","2026/02/10 02:57:43 PM","Rahim Yar Khan"
"76182","Farah Sadaqat","MR-5930","Direct Call","Patient Transfer Service","N/A","2026/02/10 03:20:07 PM","Liaqatpur"
"266801","Farah Sadaqat","MR-5930","EMDS Call","Medical Emergency","High Fever","2026/02/10 03:21:11 PM","Rahim Yar Khan"
"266800","Maheen Tahir","MR-6017","EMDS Call","Fire","Short Circuit","2026/02/10 03:21:28 PM","Sadiqabad"
"266802","Saira Bibi","MR-5494","EMDS Call","Medical Emergency","SOB/ Respiratory Distress","2026/02/10 03:30:49 PM","Khanpur"
"76183","Faiz Muhyy Ul Din","DR-892","Direct Call","Patient Transfer Service","N/A","2026/02/10 03:37:40 PM","Liaqatpur"
"266803","Faiz Muhyy Ul Din","DR-892","EMDS Call","Medical Emergency","Others","2026/02/10 03:39:24 PM","Sadiqabad"
"266804","Maheen Tahir","MR-6017","EMDS Call","Medical Emergency","Others","2026/02/10 03:38:41 PM","Rahim Yar Khan"
"266808","Farah Sadaqat","MR-5930","EMDS Call","Road Crash","Minor Injuries","2026/02/10 03:41:57 PM","Rahim Yar Khan"
"266805","Saira Bibi","MR-5494","EMDS Call","Medical Emergency","Chest Pain","2026/02/10 03:43:01 PM","Rahim Yar Khan"
"266806","Farah Sadaqat","MR-5930","EMDS Call","Medical Emergency","Renal Disorders / Renal Colic ","2026/02/10 03:46:54 PM","Rahim Yar Khan"
"266807","Maheen Tahir","MR-6017","EMDS Call","Medical Emergency","Hypertension","2026/02/10 03:46:01 PM","Rahim Yar Khan"
"266809","Maheen Tahir","MR-6017","EMDS Call","Medical Emergency","Chest Pain","2026/02/10 03:52:08 PM","Rahim Yar Khan"
"266810","Farah Sadaqat","MR-5930","EMDS Call","Road Crash","Bleeding","2026/02/10 03:52:29 PM","Khanpur"
"266811","Farah Sadaqat","MR-5930","EMDS Call","Medical Emergency","Hypertension","2026/02/10 03:55:36 PM","Sadiqabad"
"76184","Faiz Muhyy Ul Din","DR-892","Direct Call","Patient Transfer Service","N/A","2026/02/10 03:56:52 PM","Sadiqabad"
"76185","Faiz Muhyy Ul Din","DR-892","Direct Call","Patient Transfer Service","N/A","2026/02/10 04:00:59 PM","Sadiqabad"
"266812","Faiz Muhyy Ul Din","DR-892","EMDS Call","Medical Emergency","Vomiting","2026/02/10 04:06:58 PM","Sadiqabad"
"266813","Maheen Tahir","MR-6017","EMDS Call","Rescue Operations","Animal/Bird Rescue","2026/02/10 04:10:37 PM","Liaqatpur"
"76186","Faiz Muhyy Ul Din","DR-892","Direct Call","Patient Transfer Service","N/A","2026/02/10 04:19:25 PM","Sadiqabad"
"266814","Faiz Muhyy Ul Din","DR-892","EMDS Call","Medical Emergency","Chest Pain","2026/02/10 04:30:54 PM","Rahim Yar Khan"
"266815","Farah Sadaqat","MR-5930","EMDS Call","Medical Emergency","Vomiting","2026/02/10 04:35:31 PM","Liaqatpur"
"266816","Saira Bibi","MR-5494","EMDS Call","Medical Emergency","Others","2026/02/10 04:34:52 PM","Sadiqabad"
"266817","Faiz Muhyy Ul Din","DR-892","Direct Call","Medical Emergency","Chest Pain","2026/02/10 04:41:43 PM","Rahim Yar Khan"
"266818","Maheen Tahir","MR-6017","EMDS Call","Road Crash","Bleeding","2026/02/10 04:42:04 PM","Rahim Yar Khan"
"266819","Faiz Muhyy Ul Din","DR-892","EMDS Call","Medical Emergency","Hypertension","2026/02/10 04:43:18 PM","Rahim Yar Khan"
"266820","Maheen Tahir","MR-6017","EMDS Call","Medical Emergency","Hypertension","2026/02/10 04:45:30 PM","Rahim Yar Khan"
"266821","Farah Sadaqat","MR-5930","EMDS Call","Medical Emergency","Others","2026/02/10 04:48:18 PM","Rahim Yar Khan"
"266822","Farah Sadaqat","MR-5930","EMDS Call","Medical Emergency","Vomiting","2026/02/10 04:59:52 PM","Rahim Yar Khan"
"76187","Faiz Muhyy Ul Din","DR-892","Direct Call","Patient Transfer Service","N/A","2026/02/10 05:11:42 PM","Sadiqabad"
"266823","Farah Sadaqat","MR-5930","EMDS Call","Rescue Operations","Delivery Case","2026/02/10 05:19:48 PM","Khanpur"
"266824","Faiz Muhyy Ul Din","DR-892","EMDS Call","Medical Emergency","Others","2026/02/10 05:20:31 PM","Rahim Yar Khan"
"76188","Faiz Muhyy Ul Din","DR-892","Direct Call","Patient Transfer Service","N/A","2026/02/10 05:36:31 PM","Sadiqabad"
"76189","Saira Bibi","MR-5494","Direct Call","Patient Transfer Service","N/A","2026/02/10 05:39:36 PM","Khanpur"
"266825","Saira Bibi","MR-5494","EMDS Call","Road Crash","Multiple Fractures","2026/02/10 06:04:20 PM","Rahim Yar Khan"
"266826","Farah Sadaqat","MR-5930","EMDS Call","Medical Emergency","Others","2026/02/10 06:06:08 PM","Rahim Yar Khan"
"266827","Saira Bibi","MR-5494","EMDS Call","Medical Emergency","Abdominal Pain","2026/02/10 06:10:08 PM","Liaqatpur"
"266828","Maheen Tahir","MR-6017","EMDS Call","Road Crash","Bleeding","2026/02/10 06:13:24 PM","Sadiqabad"
"266829","Shaheen Islam","DR-1171","EMDS Call","Medical Emergency","Chest Pain","2026/02/10 06:13:10 PM","Sadiqabad"
"266830","Maheen Tahir","MR-6017","EMDS Call","Medical Emergency","Epilepsy","2026/02/10 06:16:27 PM","Sadiqabad"
"266831","Maheen Tahir","MR-6017","EMDS Call","Medical Emergency","Unconscious","2026/02/10 06:20:34 PM","Sadiqabad"
"266832","Saira Bibi","MR-5494","EMDS Call","Medical Emergency","Abdominal Pain","2026/02/10 06:31:23 PM","Sadiqabad"
"266833","Maheen Tahir","MR-6017","EMDS Call","Road Crash","Bleeding","2026/02/10 06:34:46 PM","Khanpur"
"266834","Maheen Tahir","MR-6017","EMDS Call","Road Crash","Severe Trauma","2026/02/10 06:37:36 PM","Khanpur"
"266835","Muhammad Zahid","DR-888","EMDS Call","Road Crash","Minor Injuries","2026/02/10 06:47:46 PM","Sadiqabad"
"266836","Faiz Muhyy Ul Din","DR-892","EMDS Call","Medical Emergency","Vomiting","2026/02/10 07:05:34 PM","Rahim Yar Khan"
"266837","Muhammad Zahid","DR-888","EMDS Call","Medical Emergency","Others","2026/02/10 07:08:00 PM","Rahim Yar Khan"
"76190","Maheen Tahir","MR-6017","Direct Call","Patient Transfer Service","N/A","2026/02/10 07:20:20 PM","Sadiqabad"
"266838","Faiz Muhyy Ul Din","DR-892","EMDS Call","Medical Emergency","High Fever","2026/02/10 07:28:00 PM","Liaqatpur"
"266839","Faiz Muhyy Ul Din","DR-892","EMDS Call","Medical Emergency","Hypertension","2026/02/10 07:31:46 PM","Sadiqabad"
"266841","Faiz Muhyy Ul Din","DR-892","EMDS Call","Crime","Probable Suicide","2026/02/10 07:35:38 PM","Rahim Yar Khan"
"266845","Muhammad Zahid","DR-888","EMDS Call","Road Crash","Bleeding","2026/02/10 07:36:09 PM","Rahim Yar Khan"
"266840","Faiz Muhyy Ul Din","DR-892","EMDS Call","Rescue Operations","Animal/Bird Rescue","2026/02/10 07:38:40 PM","Sadiqabad"
"266842","Muhammad Zahid","DR-888","EMDS Call","Medical Emergency","Abdominal Pain","2026/02/10 07:40:29 PM","Khanpur"
"266843","Faiz Muhyy Ul Din","DR-892","EMDS Call","Road Crash","Bleeding","2026/02/10 07:42:01 PM","Sadiqabad"
"266844","Maheen Tahir","MR-6017","EMDS Call","Medical Emergency","Others","2026/02/10 07:42:50 PM","Khanpur"
"266846","Maheen Tahir","MR-6017","EMDS Call","Medical Emergency","Renal Disorders / Renal Colic ","2026/02/10 07:45:50 PM","Sadiqabad"
"266847","Faiz Muhyy Ul Din","DR-892","EMDS Call","Medical Emergency","Others","2026/02/10 07:46:55 PM","Rahim Yar Khan"
"266848","Maheen Tahir","MR-6017","EMDS Call","Road Crash","Bleeding","2026/02/10 07:48:10 PM","Rahim Yar Khan"
"266849","Muhammad Zahid","DR-888","EMDS Call","Rescue Operations","Delivery Case","2026/02/10 07:46:49 PM","Liaqatpur"
"266851","Zia ul Haq","DR-328","EMDS Call","Medical Emergency","Others","2026/02/10 08:34:29 PM","Sadiqabad"
"266850","Maheen Tahir","MR-6017","EMDS Call","Medical Emergency","Hypotension","2026/02/10 08:37:06 PM","Sadiqabad"
"76191","Zia ul Haq","DR-328","Direct Call","Patient Transfer Service","N/A","2026/02/10 08:43:56 PM","Khanpur"
"266852","Saira Bibi","MR-5494","EMDS Call","Medical Emergency","Chest Pain","2026/02/10 08:48:50 PM","Sadiqabad"
"266853","Zia ul Haq","DR-328","EMDS Call","Rescue Operations","Delivery Case","2026/02/10 08:49:42 PM","Rahim Yar Khan"
"266854","Saima Bashir","MR-5819","EMDS Call","Medical Emergency","Joints Pain","2026/02/10 08:58:48 PM","Rahim Yar Khan"
"266855","Fahad Hussain","DR-538","EMDS Call","Medical Emergency","Abdominal Pain","2026/02/10 09:00:01 PM","Sadiqabad"
"266856","Zia ul Haq","DR-328","EMDS Call","Medical Emergency","Unconscious","2026/02/10 09:08:34 PM","Rahim Yar Khan"
"76192","Saima Bashir","MR-5819","Direct Call","Patient Transfer Service","N/A","2026/02/10 09:14:56 PM","Khanpur"
"76193","Saima Bashir","MR-5819","Direct Call","Patient Transfer Service","N/A","2026/02/10 09:20:32 PM","Khanpur"
"266857","Sajid Mehmood","DR-914","EMDS Call","Medical Emergency","SOB/ Respiratory Distress","2026/02/10 09:20:40 PM","Sadiqabad"
"266858","Zia ul Haq","DR-328","EMDS Call","Medical Emergency","Others","2026/02/10 09:23:57 PM","Rahim Yar Khan"
"266859","Sajid Mehmood","DR-914","EMDS Call","Medical Emergency","SOB/ Respiratory Distress","2026/02/10 09:37:07 PM","Rahim Yar Khan"
"266860","Saima Bashir","MR-5819","EMDS Call","Medical Emergency","Epilepsy","2026/02/10 09:46:40 PM","Rahim Yar Khan"
"266861","Sajid Mehmood","DR-914","EMDS Call","Medical Emergency","Others","2026/02/10 09:51:07 PM","Rahim Yar Khan"
"76194","Saima Bashir","MR-5819","Direct Call","Patient Transfer Service","N/A","2026/02/10 10:00:04 PM","Liaqatpur"
"266862","Fahad Hussain","DR-538","EMDS Call","Medical Emergency","Abdominal Pain","2026/02/10 10:04:54 PM","Khanpur"
"266863","Saima Bashir","MR-5819","EMDS Call","Medical Emergency","Others","2026/02/10 10:10:02 PM","Rahim Yar Khan"
"266864","Sajid Mehmood","DR-914","EMDS Call","Fire","Others","2026/02/10 10:10:29 PM","Sadiqabad"
"266865","Fahad Hussain","DR-538","EMDS Call","Medical Emergency","Others","2026/02/10 10:16:20 PM","Rahim Yar Khan"
"266866","Sajid Mehmood","DR-914","EMDS Call","Medical Emergency","Others","2026/02/10 10:17:52 PM","Rahim Yar Khan"
"266867","Nida Rahat","DR-1322","EMDS Call","Medical Emergency","CVA/Stroke","2026/02/10 10:35:49 PM","Khanpur"
"266868","Nida Rahat","DR-1322","EMDS Call","Fall","Slipped On Floor","2026/02/10 10:39:10 PM","Rahim Yar Khan"
"266869","Fahad Hussain","DR-538","EMDS Call","Medical Emergency","SOB/ Respiratory Distress","2026/02/10 10:43:42 PM","Sadiqabad"
"266870","Saima Bashir","MR-5819","EMDS Call","Medical Emergency","Vomiting","2026/02/10 10:50:29 PM","Rahim Yar Khan"
"266871","Fahad Hussain","DR-538","EMDS Call","Road Crash","Minor Injuries","2026/02/10 10:50:41 PM","Sadiqabad"
"266872","Nida Rahat","DR-1322","EMDS Call","Medical Emergency","Others","2026/02/10 10:52:34 PM","Liaqatpur"
"266873","Saima Bashir","MR-5819","EMDS Call","Rescue Operations","Others","2026/02/10 11:14:20 PM","Rahim Yar Khan"
"266874","Fahad Hussain","DR-538","EMDS Call","Medical Emergency","Vomiting","2026/02/10 11:14:42 PM","Sadiqabad"
"266875","Fahad Hussain","DR-538","EMDS Call","Medical Emergency","Chest Pain","2026/02/10 11:20:11 PM","Rahim Yar Khan"
"266876","Nida Rahat","DR-1322","EMDS Call","Medical Emergency","Abdominal Pain","2026/02/10 11:22:31 PM","Rahim Yar Khan"
"266877","Saima Bashir","MR-5819","EMDS Call","Medical Emergency","Hypertension","2026/02/10 11:25:42 PM","Rahim Yar Khan"
"266878","Fahad Hussain","DR-538","EMDS Call","Medical Emergency","Others","2026/02/10 11:27:00 PM","Rahim Yar Khan"
"266879","Nida Rahat","DR-1322","EMDS Call","Medical Emergency","Hypertension","2026/02/10 11:28:39 PM","Sadiqabad"
"266880","Fahad Hussain","DR-538","EMDS Call","Medical Emergency","Abdominal Pain","2026/02/10 11:39:14 PM","Sadiqabad"
"76195","Nida Rahat","DR-1322","Direct Call","Patient Transfer Service","N/A","2026/02/10 11:41:01 PM","Khanpur"
"266881","Nida Rahat","DR-1322","EMDS Call","Crime","Probable Suicide","2026/02/10 11:44:21 PM","Liaqatpur"
"266882","Nida Rahat","DR-1322","EMDS Call","Rescue Operations","Delivery Case","2026/02/10 11:48:19 PM","Rahim Yar Khan"
"266884","Nida Rahat","DR-1322","EMDS Call","Medical Emergency","Unconscious","2026/02/10 11:50:59 PM","Rahim Yar Khan"
"266883","Fahad Hussain","DR-538","EMDS Call","Medical Emergency","Abdominal Pain","2026/02/10 11:50:34 PM","Sadiqabad"
"266885","Nida Rahat","DR-1322","EMDS Call","Rescue Operations","Delivery Case","2026/02/11 12:11:14 AM","Liaqatpur"
"266886","Fahad Hussain","DR-538","EMDS Call","Medical Emergency","Others","2026/02/11 12:12:11 AM","Rahim Yar Khan"
"266887","Nida Rahat","DR-1322","EMDS Call","Medical Emergency","Chest Pain","2026/02/11 12:15:02 AM","Rahim Yar Khan"
"266888","Saima Bashir","MR-5819","EMDS Call","Medical Emergency","Others","2026/02/11 12:25:39 AM","Rahim Yar Khan"
"266889","Fahad Hussain","DR-538","EMDS Call","Medical Emergency","Abdominal Pain","2026/02/11 01:01:28 AM","Khanpur"
"266890","Nida Rahat","DR-1322","EMDS Call","Medical Emergency","Others","2026/02/11 01:03:18 AM","Rahim Yar Khan"
"76196","Fahad Hussain","DR-538","Direct Call","Patient Transfer Service","N/A","2026/02/11 01:14:21 AM","Khanpur"
"266891","Saima Bashir","MR-5819","EMDS Call","Medical Emergency","Others","2026/02/11 01:22:27 AM","Sadiqabad"
"76197","Saima Bashir","MR-5819","Direct Call","Patient Transfer Service","N/A","2026/02/11 01:26:56 AM","Sadiqabad"
"266892","Saima Bashir","MR-5819","EMDS Call","Road Crash","Minor Injuries","2026/02/11 01:33:54 AM","Rahim Yar Khan"
"266893","Fahad Hussain","DR-538","EMDS Call","Medical Emergency","Abdominal Pain","2026/02/11 01:38:27 AM","Rahim Yar Khan"
"76198","Fahad Hussain","DR-538","Direct Call","Patient Transfer Service","N/A","2026/02/11 01:48:57 AM","Sadiqabad"
"76199","Fahad Hussain","DR-538","Direct Call","Patient Transfer Service","N/A","2026/02/11 01:58:45 AM","Sadiqabad"
"266894","Fahad Hussain","DR-538","EMDS Call","Medical Emergency","Others","2026/02/11 02:22:29 AM","Sadiqabad"
"266895","Nida Rahat","DR-1322","EMDS Call","Medical Emergency","Others","2026/02/11 02:45:36 AM","Rahim Yar Khan"
"266896","Sajid Mehmood","DR-914","EMDS Call","Medical Emergency","Abdominal Pain","2026/02/11 04:09:47 AM","Rahim Yar Khan"
"266897","Sajid Mehmood","DR-914","EMDS Call","Medical Emergency","Abdominal Pain","2026/02/11 04:13:24 AM","Liaqatpur"
"266898","Aasia Batool","MR-5198","EMDS Call","Medical Emergency","High Fever","2026/02/11 04:14:05 AM","Sadiqabad"
"266899","Sajid Mehmood","DR-914","EMDS Call","Medical Emergency","Vomiting","2026/02/11 04:43:14 AM","Sadiqabad"
"266900","Aasia Batool","MR-5198","EMDS Call","Medical Emergency","Chest Pain","2026/02/11 04:56:14 AM","Rahim Yar Khan"
"266901","Aasia Batool","MR-5198","EMDS Call","Medical Emergency","Diarrhea","2026/02/11 05:14:14 AM","Rahim Yar Khan"
"266902","Aasia Batool","MR-5198","EMDS Call","Crime","Physical Assault/Violence","2026/02/11 05:26:32 AM","Rahim Yar Khan"
"266903","Sajid Mehmood","DR-914","EMDS Call","Medical Emergency","Unconscious","2026/02/11 05:28:08 AM","Rahim Yar Khan"
"266904","Sheeza Barkat","MR-5331","EMDS Call","Medical Emergency","Others","2026/02/11 05:30:02 AM","Rahim Yar Khan"
"76200","Sajid Mehmood","DR-914","Direct Call","Patient Transfer Service","N/A","2026/02/11 05:39:41 AM","Sadiqabad"
"266905","Sajid Mehmood","DR-914","EMDS Call","Medical Emergency","Hypertension","2026/02/11 05:46:28 AM","Rahim Yar Khan"
"266906","Aasia Batool","MR-5198","EMDS Call","Rescue Operations","Delivery Case","2026/02/11 05:59:32 AM","Rahim Yar Khan"
"266907","Sajid Mehmood","DR-914","EMDS Call","Medical Emergency","Vomiting","2026/02/11 06:04:23 AM","Sadiqabad"
"76201","Sajid Mehmood","DR-914","Direct Call","Patient Transfer Service","N/A","2026/02/11 06:47:11 AM","Khanpur"
"266908","Aasia Batool","MR-5198","EMDS Call","Road Crash","Bleeding","2026/02/11 07:10:53 AM","Liaqatpur"
"266909","Sheeza Barkat","MR-5331","EMDS Call","Medical Emergency","Vomiting","2026/02/11 07:21:19 AM","Khanpur"
"266910","Zia ul Haq","DR-328","Direct Call","Rescue Operations","Mass Event Coverage","2026/02/11 07:28:46 AM","Rahim Yar Khan"
"266911","Sheeza Barkat","MR-5331","EMDS Call","Medical Emergency","SOB/ Respiratory Distress","2026/02/11 07:36:26 AM","Liaqatpur"
"266912","Rana M. Usman","DR-200","EMDS Call","Medical Emergency","Abdominal Pain","2026/02/11 07:50:16 AM","Rahim Yar Khan"
"266913","Bushra Saleem","MR-5701","Direct Call","Rescue Operations","Mass Event Coverage","2026/02/11 08:02:55 AM","Rahim Yar Khan"
"266914","Bushra Saleem","MR-5701","EMDS Call","Rescue Operations","Delivery Case","2026/02/11 08:13:30 AM","Sadiqabad"
"266915","Muhammad Riaz","DR-654","EMDS Call","Medical Emergency","High Fever","2026/02/11 08:19:04 AM","Liaqatpur"
"266917","Rana M. Usman","DR-200","EMDS Call","Road Crash","Bleeding","2026/02/11 08:24:01 AM","Liaqatpur"
"266916","Bushra Saleem","MR-5701","Direct Call","Rescue Operations","Mass Event Coverage","2026/02/11 08:26:29 AM","Sadiqabad"
"266918","Muhammad Riaz","DR-654","EMDS Call","Road Crash","Minor Injuries","2026/02/11 08:40:39 AM","Rahim Yar Khan"
"266919","Muhammad Rashid Saleem","DR-187","EMDS Call","Medical Emergency","Hypertension","2026/02/11 08:50:27 AM","Rahim Yar Khan"
"266920","Bushra Saleem","MR-5701","Direct Call","Medical Emergency","Unconscious","2026/02/11 08:55:54 AM","Rahim Yar Khan"
"266921","Shahla Nawaz","DR-185","EMDS Call","Road Crash","Bleeding","2026/02/11 09:08:49 AM","Rahim Yar Khan"
"266922","Muhammad Rashid Saleem","DR-187","EMDS Call","Road Crash","Bleeding","2026/02/11 09:08:47 AM","Rahim Yar Khan"
"266923","Muhammad Riaz","DR-654","EMDS Call","Medical Emergency","SOB/ Respiratory Distress","2026/02/11 09:14:53 AM","Khanpur"
"266925","Muhammad Rashid Saleem","DR-187","EMDS Call","Fire","Others","2026/02/11 09:20:56 AM","Khanpur"
"266924","Muhammad Riaz","DR-654","EMDS Call","Medical Emergency","Abdominal Pain","2026/02/11 09:20:12 AM","Rahim Yar Khan"
"266926","Muhammad Arshad","DR-198","EMDS Call","Road Crash","Severe Trauma","2026/02/11 09:21:21 AM","Rahim Yar Khan"
"266927","Bushra Saleem","MR-5701","Direct Call","Rescue Operations","Mass Event Coverage","2026/02/11 09:28:13 AM","Liaqatpur"
"266928","Muhammad Rashid Saleem","DR-187","EMDS Call","Medical Emergency","CVA/Stroke","2026/02/11 09:30:02 AM","Khanpur"
"266929","Muhammad AAmar","DR-915","EMDS Call","Medical Emergency","Vomiting","2026/02/11 09:36:25 AM","Sadiqabad"
"76202","Bushra Saleem","MR-5701","Direct Call","Patient Transfer Service","N/A","2026/02/11 09:59:45 AM","Sadiqabad"
"266930","Muhammad AAmar","DR-915","EMDS Call","Medical Emergency","CVA/Stroke","2026/02/11 10:01:52 AM","Khanpur"
"266931","Bushra Saleem","MR-5701","EMDS Call","Medical Emergency","SOB/ Respiratory Distress","2026/02/11 10:02:28 AM","Rahim Yar Khan"
"76203","Muhammad Riaz","DR-654","Direct Call","Patient Transfer Service","N/A","2026/02/11 10:16:34 AM","Khanpur"
"266932","Muhammad Rashid Saleem","DR-187","EMDS Call","Medical Emergency","SOB/ Respiratory Distress","2026/02/11 10:20:58 AM","Sadiqabad"
"266933","Muhammad AAmar","DR-915","EMDS Call","Medical Emergency","SOB/ Respiratory Distress","2026/02/11 10:22:24 AM","Khanpur"
"Not Assigned","Bushra Saleem","MR-5701","Direct Call","Community","Community Training","2026/02/11 10:22:55 AM","Khanpur"
"76204","Muhammad Riaz","DR-654","Direct Call","Patient Transfer Service","N/A","2026/02/11 10:26:53 AM","Khanpur"
"76205","Bushra Saleem","MR-5701","Direct Call","Patient Transfer Service","N/A","2026/02/11 10:32:43 AM","Liaqatpur"
"266934","Muhammad Rashid Saleem","DR-187","EMDS Call","Medical Emergency","Epilepsy","2026/02/11 10:33:47 AM","Sadiqabad"
"266935","Muhammad AAmar","DR-915","EMDS Call","Road Crash","Minor Injuries","2026/02/11 10:35:47 AM","Liaqatpur"
"266936","Muhammad Rashid Saleem","DR-187","EMDS Call","Medical Emergency","Chronic Illness","2026/02/11 10:36:56 AM","Rahim Yar Khan"
"266937","Muhammad AAmar","DR-915","EMDS Call","Road Crash","Severe Trauma","2026/02/11 10:39:20 AM","Rahim Yar Khan"
"266938","Muhammad Rashid Saleem","DR-187","EMDS Call","Medical Emergency","Vomiting","2026/02/11 10:40:40 AM","Sadiqabad"
"266939","Bushra Saleem","MR-5701","EMDS Call","Medical Emergency","Epilepsy","2026/02/11 10:45:44 AM","Liaqatpur"
"266940","Muhammad Rashid Saleem","DR-187","EMDS Call","Road Crash","Severe Trauma","2026/02/11 10:47:42 AM","Sadiqabad"
"266941","Muhammad AAmar","DR-915","EMDS Call","Medical Emergency","Hypertension","2026/02/11 10:50:10 AM","Rahim Yar Khan"
"266942","Muhammad Rashid Saleem","DR-187","EMDS Call","Medical Emergency","Domestic Injuries","2026/02/11 10:56:44 AM","Sadiqabad"
"266943","Muhammad AAmar","DR-915","EMDS Call","Rescue Operations","Work/Occupational Injuries","2026/02/11 10:58:25 AM","Rahim Yar Khan"
"76206","Bushra Saleem","MR-5701","Direct Call","Patient Transfer Service","N/A","2026/02/11 11:06:09 AM","Sadiqabad"
"266944","Muhammad AAmar","DR-915","EMDS Call","Medical Emergency","Vomiting","2026/02/11 11:10:22 AM","Rahim Yar Khan"
"266945","Shahla Nawaz","DR-185","EMDS Call","Medical Emergency","Hypertension","2026/02/11 11:18:10 AM","Rahim Yar Khan"
"266946","Muhammad Rashid Saleem","DR-187","EMDS Call","Medical Emergency","Chronic Illness","2026/02/11 11:20:54 AM","Sadiqabad"
"266947","Shahla Nawaz","DR-185","EMDS Call","Medical Emergency","Epilepsy","2026/02/11 11:25:53 AM","Rahim Yar Khan"
"266948","Muhammad Rashid Saleem","DR-187","EMDS Call","Medical Emergency","Others","2026/02/11 11:29:15 AM","Liaqatpur"
"76207","Muhammad Rashid Saleem","DR-187","Direct Call","Patient Transfer Service","N/A","2026/02/11 11:44:53 AM","Khanpur"
"76208","Shahla Nawaz","DR-185","Direct Call","Patient Transfer Service","N/A","2026/02/11 11:47:34 AM","Rahim Yar Khan"
"266949","Muhammad Fiaz","DR-206","EMDS Call","Medical Emergency","SOB/ Respiratory Distress","2026/02/11 11:51:31 AM","Rahim Yar Khan"
"266950","Muhammad AAmar","DR-915","EMDS Call","Medical Emergency","Hypertension","2026/02/11 11:55:17 AM","Rahim Yar Khan"
"266951","Muhammad Rashid Saleem","DR-187","EMDS Call","Rescue Operations","Delivery Case","2026/02/11 11:54:52 AM","Khanpur"
"266952","Muhammad Rashid Saleem","DR-187","EMDS Call","Medical Emergency","Hypertension","2026/02/11 12:07:06 PM","Khanpur"
"266953","Muhammad Fiaz","DR-206","EMDS Call","Medical Emergency","Abdominal Pain","2026/02/11 12:23:03 PM","Rahim Yar Khan"
"Not Assigned","Muhammad Fiaz","DR-206","Direct Call","Community","Community Training","2026/02/11 12:32:34 PM","Rahim Yar Khan"
"266954","Muhammad Rashid Saleem","DR-187","EMDS Call","Medical Emergency","Abdominal Pain","2026/02/11 12:33:27 PM","Rahim Yar Khan"
"266955","Muhammad Fiaz","DR-206","EMDS Call","Medical Emergency","SOB/ Respiratory Distress","2026/02/11 12:37:55 PM","Sadiqabad"
"266956","Muhammad Fiaz","DR-206","EMDS Call","Medical Emergency","Renal Disorders / Renal Colic ","2026/02/11 12:41:16 PM","Rahim Yar Khan"
"Not Assigned","Muhammad Rashid Saleem","DR-187","EMDS Call","Medical Emergency","CVA/Stroke","2026/02/11 12:41:17 PM","Sadiqabad"
"266957","Muhammad Fiaz","DR-206","EMDS Call","Fall","Fall From Tree","2026/02/11 12:43:16 PM","Liaqatpur"
"266958","Muhammad Riaz","DR-654","EMDS Call","Medical Emergency","Epilepsy","2026/02/11 12:47:48 PM","Sadiqabad"
"266959","Muhammad Riaz","DR-654","EMDS Call","Medical Emergency","Chest Pain","2026/02/11 12:51:05 PM","Rahim Yar Khan"
"266960","Muhammad Riaz","DR-654","EMDS Call","Medical Emergency","Others","2026/02/11 12:54:41 PM","Rahim Yar Khan"
"266961","Muhammad Fiaz","DR-206","EMDS Call","Road Crash","Minor Injuries","2026/02/11 12:54:41 PM","Rahim Yar Khan"
"266963","Muhammad Fiaz","DR-206","EMDS Call","Medical Emergency","SOB/ Respiratory Distress","2026/02/11 01:04:39 PM","Khanpur"
"266962","Muhammad Riaz","DR-654","EMDS Call","Medical Emergency","Epilepsy","2026/02/11 01:05:44 PM","Khanpur"
"266964","Bushra Saleem","MR-5701","EMDS Call","Medical Emergency","Abdominal Pain","2026/02/11 01:10:16 PM","Rahim Yar Khan"
"266965","Muhammad Riaz","DR-654","EMDS Call","Medical Emergency","SOB/ Respiratory Distress","2026/02/11 01:21:17 PM","Sadiqabad"
"266966","Muhammad Fiaz","DR-206","EMDS Call","Medical Emergency","Vomiting","2026/02/11 01:21:51 PM","Rahim Yar Khan"
"266967","Muhammad Fiaz","DR-206","EMDS Call","Medical Emergency","SOB/ Respiratory Distress","2026/02/11 01:24:49 PM","Rahim Yar Khan"
"266968","Muhammad Riaz","DR-654","EMDS Call","Rescue Operations","Delivery Case","2026/02/11 01:31:31 PM","Rahim Yar Khan"
"266969","Muhammad Riaz","DR-654","EMDS Call","Medical Emergency","Chest Pain","2026/02/11 01:34:48 PM","Khanpur"
"266970","Shahla Nawaz","DR-185","EMDS Call","Fire","Others","2026/02/11 01:35:43 PM","Khanpur"
"266973","Muhammad Riaz","DR-654","EMDS Call","Medical Emergency","Others","2026/02/11 01:42:33 PM","Khanpur"
"76209","Bushra Saleem","MR-5701","Direct Call","Patient Transfer Service","N/A","2026/02/11 01:43:30 PM","Sadiqabad"
"266971","Shahla Nawaz","DR-185","EMDS Call","Road Crash","Minor Injuries","2026/02/11 01:40:47 PM","Liaqatpur"
"266972","Muhammad Riaz","DR-654","EMDS Call","Road Crash","Bleeding","2026/02/11 01:44:18 PM","Rahim Yar Khan"
"76210","Bushra Saleem","MR-5701","Direct Call","Patient Transfer Service","N/A","2026/02/11 01:49:58 PM","Sadiqabad"
"266974","Muhammad Riaz","DR-654","EMDS Call","Medical Emergency","Others","2026/02/11 01:49:19 PM","Rahim Yar Khan"
"266975","Shahla Nawaz","DR-185","EMDS Call","Medical Emergency","Hypertension","2026/02/11 01:51:45 PM","Rahim Yar Khan"
"266976","Muhammad Riaz","DR-654","EMDS Call","Road Crash","Minor Injuries","2026/02/11 01:54:40 PM","Rahim Yar Khan"
"266976","Muhammad Riaz","DR-654","EMDS Call","Road Crash","Minor Injuries","2026/02/11 01:54:40 PM","Rahim Yar Khan"
"266977","Bushra Saleem","MR-5701","Direct Call","Medical Emergency","Others","2026/02/11 01:58:23 PM","Sadiqabad"
"266978","Muhammad Riaz","DR-654","EMDS Call","Medical Emergency","Hypertension","2026/02/11 02:08:45 PM","Rahim Yar Khan"
"Not Assigned","Bushra Saleem","MR-5701","Direct Call","Community","Community Training","2026/02/11 02:13:30 PM","Rahim Yar Khan"
"76211","Maheen Tahir","MR-6017","Direct Call","Patient Transfer Service","N/A","2026/02/11 02:19:14 PM","Sadiqabad"
"266979","Maheen Tahir","MR-6017","EMDS Call","Medical Emergency","Others","2026/02/11 02:21:38 PM","Rahim Yar Khan"
"266981","Maheen Tahir","MR-6017","EMDS Call","Medical Emergency","Abdominal Pain","2026/02/11 02:24:25 PM","Khanpur"
"266980","Farah Sadaqat","MR-5930","EMDS Call","Road Crash","Bleeding","2026/02/11 02:24:53 PM","Rahim Yar Khan"
"266982","Maheen Tahir","MR-6017","Direct Call","Road Crash","Bleeding","2026/02/11 02:30:58 PM","Rahim Yar Khan"
"266983","Farah Sadaqat","MR-5930","EMDS Call","Medical Emergency","Others","2026/02/11 02:31:09 PM","Rahim Yar Khan"
"266984","Farah Sadaqat","MR-5930","EMDS Call","Road Crash","Bleeding","2026/02/11 02:34:00 PM","Sadiqabad"
"266985","Farah Sadaqat","MR-5930","EMDS Call","Road Crash","Bleeding","2026/02/11 02:39:18 PM","Liaqatpur"
"266986","Saira Bibi","MR-5494","EMDS Call","Rescue Operations","Stray Dog","2026/02/11 02:43:07 PM","Sadiqabad"
"266986","Saira Bibi","MR-5494","EMDS Call","Rescue Operations","Stray Dog","2026/02/11 02:43:07 PM","Sadiqabad"
"266986","Saira Bibi","MR-5494","EMDS Call","Rescue Operations","Stray Dog","2026/02/11 02:43:07 PM","Sadiqabad"
"76212","Farah Sadaqat","MR-5930","Direct Call","Patient Transfer Service","N/A","2026/02/11 03:10:48 PM","Khanpur"
"76213","Maheen Tahir","MR-6017","Direct Call","Patient Transfer Service","N/A","2026/02/11 03:11:58 PM","Liaqatpur"
"266987","Faiz Muhyy Ul Din","DR-892","EMDS Call","Medical Emergency","Vomiting","2026/02/11 03:13:37 PM","Liaqatpur"
"76214","Maheen Tahir","MR-6017","Direct Call","Patient Transfer Service","N/A","2026/02/11 03:18:37 PM","Liaqatpur"
"266988","Farah Sadaqat","MR-5930","EMDS Call","Rescue Operations","Pet Dog","2026/02/11 03:17:39 PM","Sadiqabad"
"266989","Farah Sadaqat","MR-5930","EMDS Call","Medical Emergency","Unconscious","2026/02/11 03:27:03 PM","Rahim Yar Khan"
"266990","Maheen Tahir","MR-6017","EMDS Call","Road Crash","Multiple Fractures","2026/02/11 03:30:38 PM","Sadiqabad"
"266991","Maheen Tahir","MR-6017","EMDS Call","Medical Emergency","Hypotension","2026/02/11 03:39:45 PM","Rahim Yar Khan"
"Not Assigned","Saira Bibi","MR-5494","EMDS Call","Medical Emergency","Chest Pain","2026/02/11 03:40:28 PM","Rahim Yar Khan"
"266993","Farah Sadaqat","MR-5930","EMDS Call","Road Crash","Bleeding","2026/02/11 03:42:08 PM","Rahim Yar Khan"
"76215","Saira Bibi","MR-5494","Direct Call","Patient Transfer Service","N/A","2026/02/11 03:46:08 PM","Sadiqabad"
"266994","Maheen Tahir","MR-6017","EMDS Call","Medical Emergency","Others","2026/02/11 03:45:38 PM","Rahim Yar Khan"
"266995","Farah Sadaqat","MR-5930","EMDS Call","Medical Emergency","Others","2026/02/11 04:01:12 PM","Rahim Yar Khan"
"266996","Saira Bibi","MR-5494","EMDS Call","Medical Emergency","Hypertension","2026/02/11 04:07:17 PM","Sadiqabad"
"266997","Maheen Tahir","MR-6017","EMDS Call","Medical Emergency","Hypertension","2026/02/11 04:09:05 PM","Khanpur"
"266998","Farah Sadaqat","MR-5930","EMDS Call","Medical Emergency","Others","2026/02/11 04:16:45 PM","Sadiqabad"
"266999","Maheen Tahir","MR-6017","EMDS Call","Medical Emergency","Others","2026/02/11 04:22:35 PM","Sadiqabad"
"267000","Faiz Muhyy Ul Din","DR-892","Direct Call","Medical Emergency","Others","2026/02/11 04:27:44 PM","Rahim Yar Khan"
"267002","Maheen Tahir","MR-6017","EMDS Call","Medical Emergency","Hypotension","2026/02/11 04:35:28 PM","Rahim Yar Khan"
"267001","Saira Bibi","MR-5494","EMDS Call","Road Crash","Minor Injuries","2026/02/11 04:36:22 PM","Rahim Yar Khan"
"267004","Farah Sadaqat","MR-5930","EMDS Call","Road Crash","Bleeding","2026/02/11 04:35:48 PM","Sadiqabad"
"267003","Faiz Muhyy Ul Din","DR-892","EMDS Call","Medical Emergency","Hypotension","2026/02/11 04:37:06 PM","Liaqatpur"
"76216","Saira Bibi","MR-5494","Direct Call","Patient Transfer Service","N/A","2026/02/11 05:01:46 PM","Sadiqabad"
"267005","Faiz Muhyy Ul Din","DR-892","EMDS Call","Medical Emergency","High Fever","2026/02/11 05:03:47 PM","Rahim Yar Khan"
"267006","Faiz Muhyy Ul Din","DR-892","EMDS Call","Medical Emergency","Abdominal Pain","2026/02/11 05:08:57 PM","Sadiqabad"
"267007","Maheen Tahir","MR-6017","EMDS Call","Medical Emergency","Unconscious","2026/02/11 05:14:37 PM","Khanpur"
"267008","Farah Sadaqat","MR-5930","EMDS Call","Road Crash","Bleeding","2026/02/11 05:13:15 PM","Liaqatpur"
"76217","Maheen Tahir","MR-6017","Direct Call","Patient Transfer Service","N/A","2026/02/11 05:20:43 PM","Sadiqabad"
"267009","Faiz Muhyy Ul Din","DR-892","EMDS Call","Medical Emergency","Abdominal Pain","2026/02/11 05:22:47 PM","Sadiqabad"
"267010","Maheen Tahir","MR-6017","EMDS Call","Medical Emergency","Vomiting","2026/02/11 05:29:57 PM","Liaqatpur"
"267011","Saira Bibi","MR-5494","EMDS Call","Road Crash","Multiple Fractures","2026/02/11 05:40:50 PM","Rahim Yar Khan"
"267012","Faiz Muhyy Ul Din","DR-892","EMDS Call","Medical Emergency","Vomiting","2026/02/11 05:42:09 PM","Sadiqabad"
"267013","Saira Bibi","MR-5494","EMDS Call","Medical Emergency","Hypertension","2026/02/11 05:49:21 PM","Rahim Yar Khan"
"267014","Saira Bibi","MR-5494","EMDS Call","Medical Emergency","Chest Pain","2026/02/11 05:55:06 PM","Rahim Yar Khan"
"267015","Farah Sadaqat","MR-5930","EMDS Call","Medical Emergency","Others","2026/02/11 05:59:11 PM","Sadiqabad"
"267016","Saira Bibi","MR-5494","EMDS Call","Medical Emergency","Unconscious","2026/02/11 06:01:25 PM","Sadiqabad"
"267017","Maheen Tahir","MR-6017","EMDS Call","Medical Emergency","Hypertension","2026/02/11 06:01:10 PM","Rahim Yar Khan"
"76218","Muhammad Zahid","DR-888","Direct Call","Patient Transfer Service","N/A","2026/02/11 06:05:31 PM","Liaqatpur"
"267018","Saira Bibi","MR-5494","EMDS Call","Road Crash","Bleeding","2026/02/11 06:20:41 PM","Sadiqabad"
"267019","Saira Bibi","MR-5494","EMDS Call","Medical Emergency","Vomiting","2026/02/11 06:24:11 PM","Rahim Yar Khan"
"267020","Muhammad Zahid","DR-888","EMDS Call","Road Crash","Bleeding","2026/02/11 06:26:27 PM","Rahim Yar Khan"
"76219","Farah Sadaqat","MR-5930","Direct Call","Patient Transfer Service","N/A","2026/02/11 06:28:12 PM","Sadiqabad"
"267021","Farah Sadaqat","MR-5930","EMDS Call","Road Crash","Bleeding","2026/02/11 06:34:57 PM","Rahim Yar Khan"
"267022","Saira Bibi","MR-5494","EMDS Call","Road Crash","Minor Injuries","2026/02/11 06:35:19 PM","Rahim Yar Khan"
"267023","Farah Sadaqat","MR-5930","EMDS Call","Road Crash","Severe Trauma","2026/02/11 06:36:50 PM","Khanpur"
"267024","Saira Bibi","MR-5494","EMDS Call","Medical Emergency","Unconscious","2026/02/11 06:38:18 PM","Khanpur"
"267025","Farah Sadaqat","MR-5930","EMDS Call","Road Crash","Bleeding","2026/02/11 06:41:33 PM","Liaqatpur"
"267026","Saira Bibi","MR-5494","EMDS Call","Medical Emergency","Joints Pain","2026/02/11 06:41:41 PM","Sadiqabad"
"Not Assigned","Farah Sadaqat","MR-5930","EMDS Call","Rescue Operations","Delivery Case","2026/02/11 06:46:04 PM","Khanpur"
"267028","Farah Sadaqat","MR-5930","EMDS Call","Medical Emergency","High Fever","2026/02/11 06:51:23 PM","Liaqatpur"
"76220","Farah Sadaqat","MR-5930","Direct Call","Patient Transfer Service","N/A","2026/02/11 06:53:55 PM","Sadiqabad"
"267029","Shaheen Islam","DR-1171","EMDS Call","Road Crash","Severe Trauma","2026/02/11 06:55:09 PM","Khanpur"
"267029","Shaheen Islam","DR-1171","EMDS Call","Road Crash","Severe Trauma","2026/02/11 06:55:09 PM","Khanpur"
"267029","Shaheen Islam","DR-1171","EMDS Call","Road Crash","Severe Trauma","2026/02/11 06:55:09 PM","Khanpur"
"267030","Farah Sadaqat","MR-5930","EMDS Call","Medical Emergency","Unconscious","2026/02/11 06:56:34 PM","Rahim Yar Khan"
"267031","Farah Sadaqat","MR-5930","EMDS Call","Road Crash","Bleeding","2026/02/11 07:00:51 PM","Sadiqabad"
"267032","Saira Bibi","MR-5494","EMDS Call","Medical Emergency","Hypotension","2026/02/11 07:12:10 PM","Liaqatpur"
"267033","Farah Sadaqat","MR-5930","EMDS Call","Medical Emergency","Others","2026/02/11 07:18:10 PM","Rahim Yar Khan"
"267034","Shaheen Islam","DR-1171","EMDS Call","Medical Emergency","Hypertension","2026/02/11 07:24:44 PM","Rahim Yar Khan"
"267035","Farah Sadaqat","MR-5930","EMDS Call","Medical Emergency","Abdominal Pain","2026/02/11 07:31:04 PM","Rahim Yar Khan"
"267036","Shaheen Islam","DR-1171","EMDS Call","Road Crash","Severe Trauma","2026/02/11 07:31:36 PM","Sadiqabad"
"267037","Maheen Tahir","MR-6017","EMDS Call","Medical Emergency","Others","2026/02/11 07:33:39 PM","Sadiqabad"
"267038","Shaheen Islam","DR-1171","EMDS Call","Medical Emergency","High Fever","2026/02/11 07:38:58 PM","Rahim Yar Khan"
"267039","Maheen Tahir","MR-6017","EMDS Call","Medical Emergency","Abdominal Pain","2026/02/11 07:45:46 PM","Sadiqabad"
"267040","Farah Sadaqat","MR-5930","EMDS Call","Medical Emergency","Others","2026/02/11 07:51:39 PM","Rahim Yar Khan"
"267041","Maheen Tahir","MR-6017","EMDS Call","Medical Emergency","Others","2026/02/11 07:55:01 PM","Sadiqabad"
"267042","Shaheen Islam","DR-1171","EMDS Call","Fire","Kitchen Fire","2026/02/11 08:01:01 PM","Rahim Yar Khan"
"267043","Saira Bibi","MR-5494","EMDS Call","Medical Emergency","Vomiting","2026/02/11 08:02:48 PM","Sadiqabad"
"267044","Shaheen Islam","DR-1171","Direct Call","Medical Emergency","Others","2026/02/11 08:08:34 PM","Rahim Yar Khan"
"76221","Farah Sadaqat","MR-5930","Direct Call","Patient Transfer Service","N/A","2026/02/11 08:15:17 PM","Khanpur"
"267045","Maheen Tahir","MR-6017","EMDS Call","Medical Emergency","CVA/Stroke","2026/02/11 08:16:40 PM","Khanpur"
"267046","Saira Bibi","MR-5494","EMDS Call","Medical Emergency","Backache","2026/02/11 08:19:25 PM","Rahim Yar Khan"
"267047","Shaheen Islam","DR-1171","EMDS Call","Medical Emergency","Vomiting","2026/02/11 08:26:59 PM","Rahim Yar Khan"
"267050","Farah Sadaqat","MR-5930","EMDS Call","Medical Emergency","Abdominal Pain","2026/02/11 08:26:33 PM","Rahim Yar Khan"
"267048","Farah Sadaqat","MR-5930","EMDS Call","Medical Emergency","Abdominal Pain","2026/02/11 08:29:54 PM","Rahim Yar Khan"
"267049","Maheen Tahir","MR-6017","EMDS Call","Medical Emergency","Hypertension","2026/02/11 08:31:07 PM","Khanpur"
"267051","Shaheen Islam","DR-1171","EMDS Call","Crime","Probable Suicide","2026/02/11 08:33:22 PM","Rahim Yar Khan"
"267052","Saira Bibi","MR-5494","EMDS Call","Medical Emergency","Hypertension","2026/02/11 08:45:43 PM","Rahim Yar Khan"
"267053","Saira Bibi","MR-5494","EMDS Call","Medical Emergency","Chronic Illness","2026/02/11 08:48:38 PM","Rahim Yar Khan"
"267054","Nida Rahat","DR-1322","EMDS Call","Medical Emergency","Cardiac Arrest","2026/02/11 08:57:52 PM","Liaqatpur"
"267055","Nida Rahat","DR-1322","EMDS Call","Medical Emergency","Others","2026/02/11 09:01:29 PM","Rahim Yar Khan"
"267056","Saima Bashir","MR-5819","EMDS Call","Medical Emergency","Abdominal Pain","2026/02/11 09:10:15 PM","Sadiqabad"
"267057","Zia ul Haq","DR-328","EMDS Call","Medical Emergency","Chronic Illness","2026/02/11 09:10:36 PM","Rahim Yar Khan"
"267058","Nida Rahat","DR-1322","EMDS Call","Medical Emergency","SOB/ Respiratory Distress","2026/02/11 09:13:00 PM","Khanpur"
"267059","Nida Rahat","DR-1322","EMDS Call","Medical Emergency","Vomiting","2026/02/11 09:16:26 PM","Rahim Yar Khan"
"267060","Zia ul Haq","DR-328","EMDS Call","Medical Emergency","Chronic Illness","2026/02/11 09:16:17 PM","Rahim Yar Khan"
"76222","Saima Bashir","MR-5819","Direct Call","Patient Transfer Service","N/A","2026/02/11 09:22:47 PM","Sadiqabad"
"267061","Saima Bashir","MR-5819","EMDS Call","Fire","Gas Leakage","2026/02/11 09:27:46 PM","Rahim Yar Khan"
"267062","Nida Rahat","DR-1322","EMDS Call","Medical Emergency","SOB/ Respiratory Distress","2026/02/11 09:29:35 PM","Rahim Yar Khan"
"267063","Saima Bashir","MR-5819","EMDS Call","Fire","Others","2026/02/11 09:30:37 PM","Rahim Yar Khan"
"267064","Zia ul Haq","DR-328","EMDS Call","Medical Emergency","Vomiting","2026/02/11 09:31:29 PM","Rahim Yar Khan"
"76223","Saima Bashir","MR-5819","Direct Call","Patient Transfer Service","N/A","2026/02/11 09:35:36 PM","Sadiqabad"
"267065","Zia ul Haq","DR-328","EMDS Call","Medical Emergency","High Fever","2026/02/11 09:35:53 PM","Liaqatpur"
"267066","Nida Rahat","DR-1322","EMDS Call","Medical Emergency","Vomiting","2026/02/11 09:37:08 PM","Khanpur"
"267067","Nida Rahat","DR-1322","EMDS Call","Medical Emergency","Others","2026/02/11 09:43:19 PM","Rahim Yar Khan"
"267068","Saima Bashir","MR-5819","EMDS Call","Medical Emergency","Epilepsy","2026/02/11 09:45:27 PM","Rahim Yar Khan"
"267069","Nida Rahat","DR-1322","EMDS Call","Medical Emergency","SOB/ Respiratory Distress","2026/02/11 09:52:04 PM","Sadiqabad"
"267071","Zia ul Haq","DR-328","EMDS Call","Medical Emergency","Others","2026/02/11 10:00:36 PM","Rahim Yar Khan"
"267070","Nida Rahat","DR-1322","EMDS Call","Medical Emergency","High Fever","2026/02/11 10:00:38 PM","Rahim Yar Khan"
"267072","Zia ul Haq","DR-328","EMDS Call","Medical Emergency","SOB/ Respiratory Distress","2026/02/11 10:11:20 PM","Rahim Yar Khan"
"267073","Nida Rahat","DR-1322","EMDS Call","Medical Emergency","Others","2026/02/11 10:13:19 PM","Sadiqabad"
"267074","Saima Bashir","MR-5819","EMDS Call","Medical Emergency","Vomiting","2026/02/11 10:19:21 PM","Sadiqabad"
"76224","Nida Rahat","DR-1322","Direct Call","Patient Transfer Service","N/A","2026/02/11 10:23:25 PM","Sadiqabad"
"76225","Saima Bashir","MR-5819","Direct Call","Patient Transfer Service","N/A","2026/02/11 10:35:37 PM","Khanpur"
"267075","Nida Rahat","DR-1322","EMDS Call","Medical Emergency","SOB/ Respiratory Distress","2026/02/11 10:41:29 PM","Rahim Yar Khan"
"76226","Saima Bashir","MR-5819","Direct Call","Patient Transfer Service","N/A","2026/02/11 10:48:18 PM","Khanpur"
"267076","Nida Rahat","DR-1322","EMDS Call","Medical Emergency","Others","2026/02/11 11:00:15 PM","Rahim Yar Khan"
"267077","Nida Rahat","DR-1322","EMDS Call","Medical Emergency","CVA/Stroke","2026/02/11 11:04:45 PM","Sadiqabad"
"267078","Nida Rahat","DR-1322","EMDS Call","Medical Emergency","Chest Pain","2026/02/11 11:29:00 PM","Khanpur"
"76227","Saima Bashir","MR-5819","Direct Call","Patient Transfer Service","N/A","2026/02/11 11:32:45 PM","Khanpur"
"267079","Nida Rahat","DR-1322","EMDS Call","Medical Emergency","High Fever","2026/02/11 11:34:04 PM","Sadiqabad"
"76228","Saima Bashir","MR-5819","Direct Call","Patient Transfer Service","N/A","2026/02/11 11:37:19 PM","Khanpur"
"267080","Fahad Hussain","DR-538","EMDS Call","Medical Emergency","Abdominal Pain","2026/02/11 11:38:54 PM","Rahim Yar Khan"
"267081","Nida Rahat","DR-1322","EMDS Call","Medical Emergency","Others","2026/02/12 12:07:08 AM","Rahim Yar Khan"
"267082","Nida Rahat","DR-1322","EMDS Call","Medical Emergency","SOB/ Respiratory Distress","2026/02/12 12:10:26 AM","Rahim Yar Khan"
"267083","Saima Bashir","MR-5819","EMDS Call","Medical Emergency","Others","2026/02/12 12:15:33 AM","Rahim Yar Khan"
"267084","Fahad Hussain","DR-538","EMDS Call","Medical Emergency","Vomiting","2026/02/12 12:20:23 AM","Sadiqabad"
"267085","Nida Rahat","DR-1322","EMDS Call","Medical Emergency","Hypertension","2026/02/12 12:31:30 AM","Sadiqabad"
"76229","Fahad Hussain","DR-538","Direct Call","Patient Transfer Service","N/A","2026/02/12 01:10:50 AM","Sadiqabad"
"267086","Nida Rahat","DR-1322","EMDS Call","Medical Emergency","Others","2026/02/12 01:15:48 AM","Rahim Yar Khan"
"267087","Fahad Hussain","DR-538","EMDS Call","Medical Emergency","Abdominal Pain","2026/02/12 01:18:50 AM","Rahim Yar Khan"
"76230","Fahad Hussain","DR-538","Direct Call","Patient Transfer Service","N/A","2026/02/12 01:28:32 AM","Rahim Yar Khan"
"267088","Nida Rahat","DR-1322","EMDS Call","Medical Emergency","Abdominal Pain","2026/02/12 01:34:04 AM","Khanpur"
"267089","Nida Rahat","DR-1322","EMDS Call","Medical Emergency","Hypertension","2026/02/12 01:38:16 AM","Sadiqabad"
"267090","Fahad Hussain","DR-538","EMDS Call","Medical Emergency","Abdominal Pain","2026/02/12 02:11:15 AM","Rahim Yar Khan"
"267092","Fahad Hussain","DR-538","EMDS Call","Medical Emergency","Renal Disorders / Renal Colic ","2026/02/12 02:49:59 AM","Khanpur"
"267091","Nida Rahat","DR-1322","EMDS Call","Medical Emergency","Unconscious","2026/02/12 02:50:32 AM","Rahim Yar Khan"
"76231","Fahad Hussain","DR-538","Direct Call","Patient Transfer Service","N/A","2026/02/12 03:26:08 AM","Sadiqabad"
"267093","Aasia Batool","MR-5198","EMDS Call","Rescue Operations","Delivery Case","2026/02/12 03:33:15 AM","Khanpur"
"267094","Adil Iqbal","DR-782","EMDS Call","Medical Emergency","Others","2026/02/12 03:35:19 AM","Rahim Yar Khan"
"267095","Aasia Batool","MR-5198","EMDS Call","Medical Emergency","Renal Disorders / Renal Colic ","2026/02/12 03:49:19 AM","Khanpur"
"76232","Zahid Manzoor","DR-887","Direct Call","Patient Transfer Service","N/A","2026/02/12 03:59:03 AM","Khanpur"
"267096","Zahid Manzoor","DR-887","EMDS Call","Medical Emergency","Unconscious","2026/02/12 04:05:16 AM","Sadiqabad"
"267097","Aasia Batool","MR-5198","Direct Call","Medical Emergency","Diabetic","2026/02/12 04:18:32 AM","Sadiqabad"
"267098","Aasia Batool","MR-5198","EMDS Call","Medical Emergency","Others","2026/02/12 04:21:09 AM","Rahim Yar Khan"
"267099","Aasia Batool","MR-5198","EMDS Call","Medical Emergency","Abdominal Pain","2026/02/12 05:04:54 AM","Rahim Yar Khan"
"267100","Adil Iqbal","DR-782","EMDS Call","Road Crash","Severe Trauma","2026/02/12 05:08:29 AM","Sadiqabad"
"267101","Adil Iqbal","DR-782","Direct Call","Rescue Operations","Mass Event Coverage","2026/02/12 05:12:22 AM","Rahim Yar Khan"
"267102","Zahid Manzoor","DR-887","EMDS Call","Medical Emergency","SOB/ Respiratory Distress","2026/02/12 06:06:52 AM","Rahim Yar Khan"
"267103","Adil Iqbal","DR-782","EMDS Call","Medical Emergency","Renal Disorders / Renal Colic ","2026/02/12 06:23:08 AM","Sadiqabad"
"267104","Adil Iqbal","DR-782","EMDS Call","Medical Emergency","Vomiting","2026/02/12 06:32:31 AM","Rahim Yar Khan"
"267105","Zahid Manzoor","DR-887","EMDS Call","Road Crash","Bleeding","2026/02/12 06:35:48 AM","Sadiqabad"
"267105","Zahid Manzoor","DR-887","EMDS Call","Road Crash","Bleeding","2026/02/12 06:35:48 AM","Sadiqabad"
"267107","Aasia Batool","MR-5198","EMDS Call","Medical Emergency","Vomiting","2026/02/12 06:37:32 AM","Rahim Yar Khan"
"267106","Adil Iqbal","DR-782","EMDS Call","Medical Emergency","Unconscious","2026/02/12 06:37:16 AM","Rahim Yar Khan"
"267108","Zahid Manzoor","DR-887","EMDS Call","Medical Emergency","Vomiting","2026/02/12 06:45:03 AM","Sadiqabad"
"267109","Aasia Batool","MR-5198","EMDS Call","Fall","Slipped On Floor","2026/02/12 07:23:37 AM","Khanpur"
"267110","Aasia Batool","MR-5198","EMDS Call","Road Crash","Severe Trauma","2026/02/12 07:28:41 AM","Khanpur"
"267111","Adil Iqbal","DR-782","EMDS Call","Medical Emergency","Others","2026/02/12 07:28:59 AM","Rahim Yar Khan"
"267112","Zahid Manzoor","DR-887","EMDS Call","Medical Emergency","SOB/ Respiratory Distress","2026/02/12 07:28:40 AM","Sadiqabad"
"267113","Aasia Batool","MR-5198","EMDS Call","Medical Emergency","Vomiting","2026/02/12 07:33:59 AM","Rahim Yar Khan"
"267114","Aasia Batool","MR-5198","EMDS Call","Medical Emergency","Unconscious","2026/02/12 07:52:14 AM","Khanpur"
"267115","Rana M. Usman","DR-200","EMDS Call","Medical Emergency","Vomiting","2026/02/12 07:54:45 AM","Rahim Yar Khan"
"267116","Rana M. Usman","DR-200","Direct Call","Rescue Operations","Mass Event Coverage","2026/02/12 08:01:50 AM","Rahim Yar Khan"
"267117","Rana M. Usman","DR-200","Direct Call","Rescue Operations","Mass Event Coverage","2026/02/12 08:09:32 AM","Rahim Yar Khan"
"267118","Muhammad Fiaz","DR-206","Direct Call","Rescue Operations","Mass Event Coverage","2026/02/12 08:10:16 AM","Rahim Yar Khan"
"267119","Rana M. Usman","DR-200","EMDS Call","Road Crash","Minor Injuries","2026/02/12 08:19:15 AM","Rahim Yar Khan"
"267120","Bushra Saleem","MR-5701","EMDS Call","Medical Emergency","Hypotension","2026/02/12 08:21:03 AM","Liaqatpur"
"267121","Rana M. Usman","DR-200","EMDS Call","Road Crash","Multiple Fractures","2026/02/12 08:23:38 AM","Khanpur"
"76233","Bushra Saleem","MR-5701","Direct Call","Patient Transfer Service","N/A","2026/02/12 08:27:53 AM","Sadiqabad"
"267122","Rana M. Usman","DR-200","EMDS Call","Medical Emergency","Unconscious","2026/02/12 08:38:03 AM","Sadiqabad"
"267123","Bushra Saleem","MR-5701","Direct Call","Medical Emergency","Others","2026/02/12 08:40:27 AM","Sadiqabad"
"267124","Zupasha Zia","MR-5758","EMDS Call","Medical Emergency","SOB/ Respiratory Distress","2026/02/12 08:42:50 AM","Rahim Yar Khan"
"267125","Rana M. Usman","DR-200","EMDS Call","Medical Emergency","Others","2026/02/12 08:44:06 AM","Sadiqabad"
"267126","Bushra Saleem","MR-5701","EMDS Call","Medical Emergency","High Fever","2026/02/12 08:46:51 AM","Liaqatpur"
"267127","Muhammad Rashid Saleem","DR-187","EMDS Call","Rescue Operations","Animal/Bird Rescue","2026/02/12 08:59:44 AM","Khanpur"
"267128","Muhammad Riaz","DR-654","EMDS Call","Medical Emergency","Chest Pain","2026/02/12 09:05:51 AM","Rahim Yar Khan"
"267129","Muhammad Rashid Saleem","DR-187","EMDS Call","Medical Emergency","Domestic Injuries","2026/02/12 09:09:48 AM","Rahim Yar Khan"
"267130","Muhammad Riaz","DR-654","EMDS Call","Medical Emergency","Joints Pain","2026/02/12 09:17:14 AM","Sadiqabad"
"267131","Bushra Saleem","MR-5701","EMDS Call","Medical Emergency","Others","2026/02/12 09:24:37 AM","Sadiqabad"
"267132","Muhammad Rashid Saleem","DR-187","EMDS Call","Medical Emergency","Abdominal Pain","2026/02/12 09:24:48 AM","Khanpur"
"267133","Bushra Saleem","MR-5701","Direct Call","Rescue Operations","Mass Event Coverage","2026/02/12 09:29:08 AM","Liaqatpur"
"76234","Muhammad Arshad","DR-198","Direct Call","Patient Transfer Service","N/A","2026/02/12 09:30:29 AM","Khanpur"
"267134","Muhammad Arshad","DR-198","EMDS Call","Medical Emergency","Renal Disorders / Renal Colic ","2026/02/12 09:42:00 AM","Rahim Yar Khan"
"267135","Muhammad AAmar","DR-915","EMDS Call","Medical Emergency","Unconscious","2026/02/12 09:49:18 AM","Rahim Yar Khan"
"267136","Bushra Saleem","MR-5701","EMDS Call","Medical Emergency","Vomiting","2026/02/12 09:51:01 AM","Sadiqabad"
"267137","Muhammad Rashid Saleem","DR-187","EMDS Call","Fall","Slipped On Floor","2026/02/12 09:54:44 AM","Rahim Yar Khan"
"267138","Muhammad Arshad","DR-198","EMDS Call","Road Crash","Bleeding","2026/02/12 09:55:44 AM","Khanpur"
"267139","Muhammad Arshad","DR-198","EMDS Call","Medical Emergency","Abdominal Pain","2026/02/12 10:08:56 AM","Khanpur"
"267140","Bushra Saleem","MR-5701","EMDS Call","Medical Emergency","Abdominal Pain","2026/02/12 10:11:16 AM","Rahim Yar Khan"
"76235","Bushra Saleem","MR-5701","Direct Call","Patient Transfer Service","N/A","2026/02/12 10:13:41 AM","Sadiqabad"
"76236","Bushra Saleem","MR-5701","Direct Call","Patient Transfer Service","N/A","2026/02/12 10:21:33 AM","Sadiqabad"
"267141","Bushra Saleem","MR-5701","EMDS Call","Medical Emergency","Chest Pain","2026/02/12 10:25:55 AM","Sadiqabad"
"76237","Bushra Saleem","MR-5701","Direct Call","Patient Transfer Service","N/A","2026/02/12 10:29:07 AM","Sadiqabad"
"267142","Muhammad Rashid Saleem","DR-187","EMDS Call","Medical Emergency","Others","2026/02/12 10:28:41 AM","Rahim Yar Khan"
"267143","Muhammad Arshad","DR-198","EMDS Call","Medical Emergency","Others","2026/02/12 10:31:27 AM","Rahim Yar Khan"
"267144","Bushra Saleem","MR-5701","EMDS Call","Medical Emergency","SOB/ Respiratory Distress","2026/02/12 10:39:19 AM","Rahim Yar Khan"
"267145","Muhammad Arshad","DR-198","EMDS Call","Medical Emergency","Others","2026/02/12 10:47:32 AM","Sadiqabad"
"76239","Muhammad Riaz","DR-654","Direct Call","Patient Transfer Service","N/A","2026/02/12 10:55:59 AM","Sadiqabad"
"76238","Muhammad Riaz","DR-654","Direct Call","Patient Transfer Service","N/A","2026/02/12 10:58:23 AM","Khanpur"
"267146","Muhammad Arshad","DR-198","EMDS Call","Medical Emergency","Unconscious","2026/02/12 10:59:37 AM","Rahim Yar Khan"
"267147","Muhammad Arshad","DR-198","EMDS Call","Medical Emergency","Others","2026/02/12 11:04:06 AM","Sadiqabad"
"76240","Muhammad Riaz","DR-654","Direct Call","Patient Transfer Service","N/A","2026/02/12 11:06:53 AM","Khanpur"
"76241","Muhammad Riaz","DR-654","Direct Call","Patient Transfer Service","N/A","2026/02/12 11:11:17 AM","Sadiqabad"
"267148","Muhammad Arshad","DR-198","EMDS Call","Medical Emergency","CVA/Stroke","2026/02/12 11:13:27 AM","Liaqatpur"
"267149","Muhammad Arshad","DR-198","EMDS Call","Crime","Probable Suicide","2026/02/12 11:17:34 AM","Sadiqabad"
"267150","Muhammad Rashid Saleem","DR-187","EMDS Call","Road Crash","Minor Injuries","2026/02/12 11:19:18 AM","Rahim Yar Khan"
"267151","Bushra Saleem","MR-5701","EMDS Call","Medical Emergency","Unconscious","2026/02/12 11:29:01 AM","Khanpur"
"267152","Muhammad Rashid Saleem","DR-187","EMDS Call","Medical Emergency","Others","2026/02/12 11:31:45 AM","Khanpur"
"76242","Muhammad Rashid Saleem","DR-187","Direct Call","Patient Transfer Service","N/A","2026/02/12 11:34:29 AM","Liaqatpur"
"267153","Muhammad Rashid Saleem","DR-187","EMDS Call","Medical Emergency","Chronic Illness","2026/02/12 11:41:19 AM","Rahim Yar Khan"
"267154","Bushra Saleem","MR-5701","EMDS Call","Medical Emergency","Backache","2026/02/12 11:43:38 AM","Rahim Yar Khan"
"267155","Muhammad Rashid Saleem","DR-187","EMDS Call","Medical Emergency","Vomiting","2026/02/12 11:54:33 AM","Rahim Yar Khan"
"267156","Bushra Saleem","MR-5701","EMDS Call","Medical Emergency","Chest Pain","2026/02/12 11:55:14 AM","Khanpur"
"267157","Muhammad Arshad","DR-198","EMDS Call","Medical Emergency","High Fever","2026/02/12 11:55:19 AM","Rahim Yar Khan"
"267158","Bushra Saleem","MR-5701","EMDS Call","Rescue Operations","Electric Shock","2026/02/12 12:12:18 PM","Sadiqabad"
"267159","Muhammad Rashid Saleem","DR-187","EMDS Call","Medical Emergency","Renal Disorders / Renal Colic ","2026/02/12 12:12:38 PM","Rahim Yar Khan"
"267160","Muhammad Arshad","DR-198","EMDS Call","Medical Emergency","Abdominal Pain","2026/02/12 12:13:39 PM","Khanpur"
"267161","Bushra Saleem","MR-5701","EMDS Call","Rescue Operations","Others","2026/02/12 12:13:43 PM","Sadiqabad"
"267162","Bushra Saleem","MR-5701","EMDS Call","Road Crash","Bleeding","2026/02/12 12:31:30 PM","Rahim Yar Khan"
"267163","Bushra Saleem","MR-5701","EMDS Call","Medical Emergency","Chest Pain","2026/02/12 12:44:24 PM","Rahim Yar Khan"
"267164","Shahid Jamil","DR-184","EMDS Call","Medical Emergency","SOB/ Respiratory Distress","2026/02/12 12:53:48 PM","Sadiqabad"
"267164","Shahid Jamil","DR-184","EMDS Call","Medical Emergency","SOB/ Respiratory Distress","2026/02/12 12:53:48 PM","Sadiqabad"
"76243","Shahid Jamil","DR-184","Direct Call","Patient Transfer Service","N/A","2026/02/12 12:58:37 PM","Liaqatpur"
"267165","Zupasha Zia","MR-5758","EMDS Call","Medical Emergency","Renal Disorders / Renal Colic ","2026/02/12 12:59:47 PM","Rahim Yar Khan"
"267166","Zupasha Zia","MR-5758","EMDS Call","Rescue Operations","Electric Shock","2026/02/12 01:09:39 PM","Sadiqabad"
"76244","Zupasha Zia","MR-5758","Direct Call","Patient Transfer Service","N/A","2026/02/12 01:18:33 PM","Sadiqabad"
"267167","Bushra Saleem","MR-5701","EMDS Call","Road Crash","Bleeding","2026/02/12 01:17:18 PM","Liaqatpur"
"267168","Shahid Jamil","DR-184","EMDS Call","Medical Emergency","Hypotension","2026/02/12 01:24:36 PM","Liaqatpur"
"267169","Bushra Saleem","MR-5701","EMDS Call","Medical Emergency","Vomiting","2026/02/12 01:27:18 PM","Sadiqabad"
"267170","Shahid Jamil","DR-184","EMDS Call","Medical Emergency","Unconscious","2026/02/12 01:45:01 PM","Rahim Yar Khan"
"267171","Shahid Jamil","DR-184","EMDS Call","Medical Emergency","Joints Pain","2026/02/12 01:58:47 PM","Sadiqabad"
"267173","Shahla Nawaz","DR-185","EMDS Call","Medical Emergency","Abdominal Pain","2026/02/12 01:59:55 PM","Rahim Yar Khan"
"267172","Zupasha Zia","MR-5758","EMDS Call","Medical Emergency","Vomiting","2026/02/12 02:02:34 PM","Rahim Yar Khan"
"76245","Shahla Nawaz","DR-185","Direct Call","Patient Transfer Service","N/A","2026/02/12 02:12:16 PM","Khanpur"
"267174","Bushra Saleem","MR-5701","EMDS Call","Road Crash","Minor Injuries","2026/02/12 02:14:48 PM","Rahim Yar Khan"
"267175","Maheen Tahir","MR-6017","EMDS Call","Medical Emergency","Others","2026/02/12 02:25:54 PM","Sadiqabad"
"76246","Farah Sadaqat","MR-5930","Direct Call","Patient Transfer Service","N/A","2026/02/12 02:27:46 PM","Khanpur"
"267176","Saira Bibi","MR-5494","EMDS Call","Road Crash","Bleeding","2026/02/12 02:29:05 PM","Rahim Yar Khan"
"267177","Maheen Tahir","MR-6017","EMDS Call","Medical Emergency","SOB/ Respiratory Distress","2026/02/12 02:38:09 PM","Khanpur"
"267178","Farah Sadaqat","MR-5930","EMDS Call","Rescue Operations","Delivery Case","2026/02/12 02:55:48 PM","Sadiqabad"
"267179","Maheen Tahir","MR-6017","EMDS Call","Road Crash","Severe Trauma","2026/02/12 03:06:52 PM","Khanpur"
"267180","Maheen Tahir","MR-6017","EMDS Call","Medical Emergency","Domestic Injuries","2026/02/12 03:09:01 PM","Rahim Yar Khan"
"76247","Farah Sadaqat","MR-5930","Direct Call","Patient Transfer Service","N/A","2026/02/12 03:17:07 PM","Sadiqabad"
"267181","Saira Bibi","MR-5494","EMDS Call","Medical Emergency","Domestic Injuries","2026/02/12 03:19:17 PM","Rahim Yar Khan"
"267182","Farah Sadaqat","MR-5930","EMDS Call","Road Crash","Bleeding","2026/02/12 03:20:05 PM","Sadiqabad"
"267183","Saira Bibi","MR-5494","Direct Call","Road Crash","Minor Injuries","2026/02/12 03:23:19 PM","Liaqatpur"
"267184","Farah Sadaqat","MR-5930","EMDS Call","Medical Emergency","Diabetic","2026/02/12 03:26:54 PM","Khanpur"
"76248","Saira Bibi","MR-5494","Direct Call","Patient Transfer Service","N/A","2026/02/12 03:34:16 PM","Sadiqabad"
"267185","Maheen Tahir","MR-6017","EMDS Call","Medical Emergency","Unconscious","2026/02/12 03:46:07 PM","Sadiqabad"
"267186","Saira Bibi","MR-5494","EMDS Call","Road Crash","Multiple Fractures","2026/02/12 03:49:20 PM","Khanpur"
"267187","Saira Bibi","MR-5494","Direct Call","Medical Emergency","Others","2026/02/12 03:55:56 PM","Sadiqabad"
"267188","Maheen Tahir","MR-6017","EMDS Call","Medical Emergency","Abdominal Pain","2026/02/12 03:58:58 PM","Rahim Yar Khan"
"267189","Farah Sadaqat","MR-5930","EMDS Call","Road Crash","Minor Injuries","2026/02/12 03:57:55 PM","Rahim Yar Khan"
"267190","Saira Bibi","MR-5494","EMDS Call","Road Crash","Minor Injuries","2026/02/12 03:59:42 PM","Rahim Yar Khan"
"267192","Maheen Tahir","MR-6017","Direct Call","Rescue Operations","Mass Event Coverage","2026/02/12 04:01:19 PM","Rahim Yar Khan"
"Not Assigned","Maheen Tahir","MR-6017","EMDS Call","Medical Emergency","Renal Disorders / Renal Colic ","2026/02/12 04:04:45 PM","Rahim Yar Khan"
"267193","Saira Bibi","MR-5494","EMDS Call","Road Crash","Bleeding","2026/02/12 04:09:19 PM","Liaqatpur"
"267194","Maheen Tahir","MR-6017","Direct Call","Medical Emergency","High Fever","2026/02/12 04:09:47 PM","Liaqatpur"
"267195","Farah Sadaqat","MR-5930","EMDS Call","Medical Emergency","SOB/ Respiratory Distress","2026/02/12 04:18:18 PM","Rahim Yar Khan"
"267196","Saira Bibi","MR-5494","EMDS Call","Medical Emergency","Hypertension","2026/02/12 04:22:33 PM","Rahim Yar Khan"
"267197","Farah Sadaqat","MR-5930","EMDS Call","Medical Emergency","Backache","2026/02/12 04:28:16 PM","Rahim Yar Khan"
"267198","Farah Sadaqat","MR-5930","EMDS Call","Rescue Operations","Animal/Bird Rescue","2026/02/12 04:45:57 PM","Sadiqabad"
"Not Assigned","Muhammad Zahid","DR-888","EMDS Call","Road Crash","Severe Trauma","2026/02/12 04:51:14 PM","Sadiqabad"
"267200","Farah Sadaqat","MR-5930","EMDS Call","Medical Emergency","Others","2026/02/12 04:58:01 PM","Rahim Yar Khan"
"267201","Maheen Tahir","MR-6017","EMDS Call","Medical Emergency","Renal Disorders / Renal Colic ","2026/02/12 05:06:53 PM","Rahim Yar Khan"
"267202","Muhammad Zahid","DR-888","EMDS Call","Road Crash","Bleeding","2026/02/12 05:08:02 PM","Rahim Yar Khan"
"267203","Muhammad Zahid","DR-888","EMDS Call","Medical Emergency","Diabetic","2026/02/12 05:15:54 PM","Rahim Yar Khan"
"76249","Faiz Muhyy Ul Din","DR-892","Direct Call","Patient Transfer Service","N/A","2026/02/12 05:23:01 PM","Sadiqabad"
"267204","Faiz Muhyy Ul Din","DR-892","EMDS Call","Medical Emergency","Chest Pain","2026/02/12 05:23:56 PM","Rahim Yar Khan"
"267206","Maheen Tahir","MR-6017","EMDS Call","Road Crash","Minor Injuries","2026/02/12 05:24:31 PM","Sadiqabad"
"Not Assigned","Muhammad Zahid","DR-888","EMDS Call","Road Crash","Severe Trauma","2026/02/12 05:24:38 PM","Rahim Yar Khan"
"267207","Muhammad Zahid","DR-888","EMDS Call","Medical Emergency","High Fever","2026/02/12 05:28:22 PM","Liaqatpur"
"267208","Faiz Muhyy Ul Din","DR-892","Direct Call","Medical Emergency","SOB/ Respiratory Distress","2026/02/12 05:34:17 PM","Rahim Yar Khan"
"76250","Saira Bibi","MR-5494","Direct Call","Patient Transfer Service","N/A","2026/02/12 05:34:46 PM","Khanpur"
"267209","Muhammad Zahid","DR-888","EMDS Call","Medical Emergency","Chronic Illness","2026/02/12 05:36:03 PM","Khanpur"
"267210","Saira Bibi","MR-5494","EMDS Call","Medical Emergency","Chronic Illness","2026/02/12 05:37:39 PM","Liaqatpur"
"76251","Maheen Tahir","MR-6017","Direct Call","Patient Transfer Service","N/A","2026/02/12 05:40:03 PM","Khanpur"
"76252","Maheen Tahir","MR-6017","Direct Call","Patient Transfer Service","N/A","2026/02/12 05:41:17 PM","Sadiqabad"
"267211","Faiz Muhyy Ul Din","DR-892","EMDS Call","Road Crash","Minor Injuries","2026/02/12 05:43:53 PM","Khanpur"
"76253","Saira Bibi","MR-5494","Direct Call","Patient Transfer Service","N/A","2026/02/12 05:50:15 PM","Khanpur"
"267212","Faiz Muhyy Ul Din","DR-892","EMDS Call","Medical Emergency","SOB/ Respiratory Distress","2026/02/12 05:54:37 PM","Rahim Yar Khan"
"76254","Maheen Tahir","MR-6017","Direct Call","Patient Transfer Service","N/A","2026/02/12 05:56:42 PM","Khanpur"
"267213","Maheen Tahir","MR-6017","EMDS Call","Road Crash","Minor Injuries","2026/02/12 06:00:29 PM","Khanpur"
"267214","Muhammad Zahid","DR-888","EMDS Call","Crime","Physical Assault/Violence","2026/02/12 06:09:07 PM","Rahim Yar Khan"
"Not Assigned","Muhammad Zahid","DR-888","EMDS Call","Medical Emergency","Others","2026/02/12 06:27:22 PM","Liaqatpur"
"267216","Faiz Muhyy Ul Din","DR-892","EMDS Call","Medical Emergency","Chronic Illness","2026/02/12 06:37:41 PM","Rahim Yar Khan"
"267217","Farah Sadaqat","MR-5930","EMDS Call","Fall","Fall From Stairs","2026/02/12 06:39:00 PM","Rahim Yar Khan"
"267218","Farah Sadaqat","MR-5930","EMDS Call","Medical Emergency","Others","2026/02/12 06:47:57 PM","Liaqatpur"
"267219","Faiz Muhyy Ul Din","DR-892","EMDS Call","Medical Emergency","Hypertension","2026/02/12 06:57:31 PM","Khanpur"
"Not Assigned","Farah Sadaqat","MR-5930","EMDS Call","Medical Emergency","Chest Pain","2026/02/12 06:57:20 PM","Rahim Yar Khan"
"267220","Shaheen Islam","DR-1171","EMDS Call","Road Crash","Severe Trauma","2026/02/12 06:58:41 PM","Khanpur"
"267220","Shaheen Islam","DR-1171","EMDS Call","Road Crash","Severe Trauma","2026/02/12 06:58:41 PM","Khanpur"
"267220","Shaheen Islam","DR-1171","EMDS Call","Road Crash","Severe Trauma","2026/02/12 06:58:41 PM","Khanpur"
"267220","Shaheen Islam","DR-1171","EMDS Call","Road Crash","Severe Trauma","2026/02/12 06:58:41 PM","Khanpur"
"267221","Farah Sadaqat","MR-5930","Direct Call","Medical Emergency","Others","2026/02/12 07:00:35 PM","Rahim Yar Khan"
"267223","Farah Sadaqat","MR-5930","EMDS Call","Fire","Others","2026/02/12 07:12:24 PM","Rahim Yar Khan"
"267224","Shaheen Islam","DR-1171","Direct Call","Medical Emergency","High Fever","2026/02/12 07:12:50 PM","Liaqatpur"
"267226","Farah Sadaqat","MR-5930","EMDS Call","Fire","Others","2026/02/12 07:18:08 PM","Liaqatpur"
"267225","Faiz Muhyy Ul Din","DR-892","EMDS Call","Medical Emergency","Hypertension","2026/02/12 07:19:50 PM","Rahim Yar Khan"
"267227","Saira Bibi","MR-5494","EMDS Call","Road Crash","Minor Injuries","2026/02/12 07:34:01 PM","Rahim Yar Khan"
"267228","Saira Bibi","MR-5494","EMDS Call","Medical Emergency","Hypertension","2026/02/12 07:35:55 PM","Sadiqabad"
"267229","Farah Sadaqat","MR-5930","EMDS Call","Medical Emergency","Unconscious","2026/02/12 07:37:23 PM","Sadiqabad"
"267230","Maheen Tahir","MR-6017","EMDS Call","Medical Emergency","Unconscious","2026/02/12 07:40:09 PM","Rahim Yar Khan"
"76255","Maheen Tahir","MR-6017","Direct Call","Patient Transfer Service","N/A","2026/02/12 07:44:25 PM","Liaqatpur"
"267231","Maheen Tahir","MR-6017","EMDS Call","Road Crash","Bleeding","2026/02/12 07:51:42 PM","Rahim Yar Khan"
"267232","Maheen Tahir","MR-6017","Direct Call","Rescue Operations","Mass Event Coverage","2026/02/12 07:57:33 PM","Rahim Yar Khan"
"267233","Saira Bibi","MR-5494","Direct Call","Road Crash","Bleeding","2026/02/12 07:56:42 PM","Sadiqabad"
"267234","Farah Sadaqat","MR-5930","EMDS Call","Road Crash","Minor Injuries","2026/02/12 07:58:38 PM","Rahim Yar Khan"
"267235","Saira Bibi","MR-5494","EMDS Call","Medical Emergency","SOB/ Respiratory Distress","2026/02/12 07:59:19 PM","Sadiqabad"
"267236","Farah Sadaqat","MR-5930","EMDS Call","Medical Emergency","Domestic Injuries","2026/02/12 08:01:52 PM","Liaqatpur"
"267237","Farah Sadaqat","MR-5930","EMDS Call","Medical Emergency","Vomiting","2026/02/12 08:05:23 PM","Khanpur"
"267238","Maheen Tahir","MR-6017","EMDS Call","Medical Emergency","Others","2026/02/12 08:20:05 PM","Rahim Yar Khan"
"Not Assigned","Saira Bibi","MR-5494","EMDS Call","Medical Emergency","Vomiting","2026/02/12 08:31:45 PM","Rahim Yar Khan"
"267239","Farah Sadaqat","MR-5930","EMDS Call","Road Crash","Bleeding","2026/02/12 08:30:56 PM","Rahim Yar Khan"
"267241","Maheen Tahir","MR-6017","EMDS Call","Medical Emergency","Vomiting","2026/02/12 08:33:03 PM","Rahim Yar Khan"
"267242","Maheen Tahir","MR-6017","EMDS Call","Road Crash","Bleeding","2026/02/12 08:36:42 PM","Rahim Yar Khan"
"267243","Farah Sadaqat","MR-5930","EMDS Call","Road Crash","Severe Trauma","2026/02/12 08:40:45 PM","Rahim Yar Khan"
"267243","Farah Sadaqat","MR-5930","EMDS Call","Road Crash","Severe Trauma","2026/02/12 08:40:45 PM","Rahim Yar Khan"
"267244","Sheeza Barkat","MR-5331","EMDS Call","Medical Emergency","Renal Disorders / Renal Colic ","2026/02/12 08:46:47 PM","Khanpur"
"267245","Fahad Hussain","DR-538","EMDS Call","Medical Emergency","Others","2026/02/12 08:52:43 PM","Khanpur"
"267246","Fahad Hussain","DR-538","EMDS Call","Medical Emergency","Others","2026/02/12 08:55:42 PM","Rahim Yar Khan"
"267247","Zia ul Haq","DR-328","EMDS Call","Medical Emergency","High Fever","2026/02/12 08:55:53 PM","Rahim Yar Khan"
"267249","Fahad Hussain","DR-538","EMDS Call","Medical Emergency","SOB/ Respiratory Distress","2026/02/12 09:01:40 PM","Khanpur"
"267248","Fahad Hussain","DR-538","EMDS Call","Medical Emergency","Epilepsy","2026/02/12 09:05:30 PM","Rahim Yar Khan"
"267250","Fahad Hussain","DR-538","EMDS Call","Crime","Physical Assault/Violence","2026/02/12 09:11:44 PM","Sadiqabad"
"76256","Nida Rahat","DR-1322","Direct Call","Patient Transfer Service","N/A","2026/02/12 09:13:52 PM","Liaqatpur"
"267251","Nida Rahat","DR-1322","EMDS Call","Medical Emergency","Others","2026/02/12 09:18:56 PM","Rahim Yar Khan"
"267252","Fahad Hussain","DR-538","EMDS Call","Road Crash","Minor Injuries","2026/02/12 09:25:48 PM","Rahim Yar Khan"
"267253","Nida Rahat","DR-1322","EMDS Call","Medical Emergency","SOB/ Respiratory Distress","2026/02/12 09:26:08 PM","Sadiqabad"
"267254","Sheeza Barkat","MR-5331","EMDS Call","Medical Emergency","Others","2026/02/12 09:31:17 PM","Rahim Yar Khan"
"267255","Zia ul Haq","DR-328","EMDS Call","Medical Emergency","Chest Pain","2026/02/12 09:33:05 PM","Rahim Yar Khan"
"76257","Nida Rahat","DR-1322","Direct Call","Patient Transfer Service","N/A","2026/02/12 09:41:13 PM","Sadiqabad"
"267256","Fahad Hussain","DR-538","EMDS Call","Medical Emergency","Hypertension","2026/02/12 09:40:19 PM","Khanpur"
"267257","Fahad Hussain","DR-538","EMDS Call","Medical Emergency","SOB/ Respiratory Distress","2026/02/12 09:45:18 PM","Khanpur"
"267258","Sheeza Barkat","MR-5331","EMDS Call","Medical Emergency","Others","2026/02/12 09:48:04 PM","Rahim Yar Khan"
"267259","Nida Rahat","DR-1322","Direct Call","Medical Emergency","Others","2026/02/12 09:53:17 PM","Rahim Yar Khan"
"76258","Nida Rahat","DR-1322","Direct Call","Patient Transfer Service","N/A","2026/02/12 09:55:22 PM","Sadiqabad"
"76259","Fahad Hussain","DR-538","Direct Call","Patient Transfer Service","N/A","2026/02/12 09:56:30 PM","Khanpur"
"76260","Fahad Hussain","DR-538","Direct Call","Patient Transfer Service","N/A","2026/02/12 09:58:05 PM","Khanpur"
"267260","Sheeza Barkat","MR-5331","EMDS Call","Medical Emergency","Hypertension","2026/02/12 09:58:58 PM","Rahim Yar Khan"
"267261","Zia ul Haq","DR-328","EMDS Call","Road Crash","Minor Injuries","2026/02/12 09:58:08 PM","Rahim Yar Khan"
"267262","Nida Rahat","DR-1322","EMDS Call","Medical Emergency","Joints Pain","2026/02/12 10:07:30 PM","Rahim Yar Khan"
"267263","Nida Rahat","DR-1322","EMDS Call","Medical Emergency","Hypertension","2026/02/12 10:34:44 PM","Rahim Yar Khan"
"267264","Aasia Batool","MR-5198","EMDS Call","Medical Emergency","Abdominal Pain","2026/02/12 10:38:53 PM","Liaqatpur"
"267265","Nida Rahat","DR-1322","EMDS Call","Medical Emergency","Chest Pain","2026/02/12 10:56:28 PM","Sadiqabad"
"267266","Aasia Batool","MR-5198","EMDS Call","Medical Emergency","Epilepsy","2026/02/12 11:01:51 PM","Rahim Yar Khan"
"267267","Nida Rahat","DR-1322","EMDS Call","Medical Emergency","Others","2026/02/12 11:15:06 PM","Rahim Yar Khan"
"76261","Nida Rahat","DR-1322","Direct Call","Patient Transfer Service","N/A","2026/02/12 11:20:37 PM","Rahim Yar Khan"
"267268","Aasia Batool","MR-5198","EMDS Call","Medical Emergency","Hypertension","2026/02/12 11:23:55 PM","Sadiqabad"
"267269","Nida Rahat","DR-1322","EMDS Call","Medical Emergency","High Fever","2026/02/12 11:32:21 PM","Rahim Yar Khan"
"267270","Fahad Hussain","DR-538","EMDS Call","Medical Emergency","Chest Pain","2026/02/12 11:54:13 PM","Sadiqabad"
"267271","Nida Rahat","DR-1322","EMDS Call","Medical Emergency","Hypertension","2026/02/13 12:08:26 AM","Sadiqabad"
"76262","Fahad Hussain","DR-538","Direct Call","Patient Transfer Service","N/A","2026/02/13 12:28:42 AM","Khanpur"
"267272","Fahad Hussain","DR-538","EMDS Call","Medical Emergency","SOB/ Respiratory Distress","2026/02/13 12:39:22 AM","Sadiqabad"
"267273","Nida Rahat","DR-1322","EMDS Call","Medical Emergency","Hypertension","2026/02/13 12:42:13 AM","Rahim Yar Khan"
"267274","Aasia Batool","MR-5198","EMDS Call","Medical Emergency","SOB/ Respiratory Distress","2026/02/13 12:50:29 AM","Khanpur"
"76263","Nida Rahat","DR-1322","Direct Call","Patient Transfer Service","N/A","2026/02/13 12:53:34 AM","Sadiqabad"
"76264","Aasia Batool","MR-5198","Direct Call","Patient Transfer Service","N/A","2026/02/13 01:01:09 AM","Sadiqabad"
"267275","Fahad Hussain","DR-538","EMDS Call","Medical Emergency","Vomiting","2026/02/13 01:07:56 AM","Khanpur"
"267276","Nida Rahat","DR-1322","EMDS Call","Medical Emergency","Hypotension","2026/02/13 01:13:22 AM","Rahim Yar Khan"
"267277","Nida Rahat","DR-1322","EMDS Call","Medical Emergency","High Fever","2026/02/13 01:19:31 AM","Rahim Yar Khan"
"Not Assigned","Fahad Hussain","DR-538","EMDS Call","Medical Emergency","Chest Pain","2026/02/13 01:27:12 AM","Sadiqabad"
"267279","Aasia Batool","MR-5198","EMDS Call","Rescue Operations","Delivery Case","2026/02/13 01:30:03 AM","Sadiqabad"
"267280","Nida Rahat","DR-1322","EMDS Call","Rescue Operations","Delivery Case","2026/02/13 01:30:42 AM","Khanpur"
"267281","Fahad Hussain","DR-538","EMDS Call","Medical Emergency","Others","2026/02/13 01:33:12 AM","Rahim Yar Khan"
"267282","Nida Rahat","DR-1322","EMDS Call","Medical Emergency","Epilepsy","2026/02/13 01:34:19 AM","Rahim Yar Khan"
"267283","Aasia Batool","MR-5198","EMDS Call","Medical Emergency","Hypertension","2026/02/13 01:35:56 AM","Rahim Yar Khan"
"267284","Fahad Hussain","DR-538","EMDS Call","Medical Emergency","Others","2026/02/13 01:50:00 AM","Rahim Yar Khan"
"267285","Nida Rahat","DR-1322","EMDS Call","Medical Emergency","Hypertension","2026/02/13 01:52:14 AM","Khanpur"
"Not Assigned","Aasia Batool","MR-5198","EMDS Call","Medical Emergency","Others","2026/02/13 01:57:04 AM","Rahim Yar Khan"
"267286","Fahad Hussain","DR-538","EMDS Call","Medical Emergency","Abdominal Pain","2026/02/13 02:18:00 AM","Rahim Yar Khan"
"267287","Nida Rahat","DR-1322","EMDS Call","Medical Emergency","Abdominal Pain","2026/02/13 02:22:53 AM","Sadiqabad"
"267288","Aasia Batool","MR-5198","EMDS Call","Medical Emergency","SOB/ Respiratory Distress","2026/02/13 02:43:54 AM","Sadiqabad"
"267289","Fahad Hussain","DR-538","EMDS Call","Medical Emergency","Diabetic","2026/02/13 02:47:25 AM","Rahim Yar Khan"
"267290","Adil Iqbal","DR-782","EMDS Call","Medical Emergency","Vomiting","2026/02/13 03:34:32 AM","Sadiqabad"
"267291","Farhad Iftikhar","DR-913","EMDS Call","Medical Emergency","High Fever","2026/02/13 03:37:12 AM","Sadiqabad"
"267292","Adil Iqbal","DR-782","EMDS Call","Medical Emergency","Chest Pain","2026/02/13 03:38:47 AM","Rahim Yar Khan"
"267293","Adil Iqbal","DR-782","EMDS Call","Medical Emergency","Epilepsy","2026/02/13 04:14:04 AM","Khanpur"
"76265","Adil Iqbal","DR-782","Direct Call","Patient Transfer Service","N/A","2026/02/13 04:30:41 AM","Khanpur"
"267294","Farhad Iftikhar","DR-913","EMDS Call","Medical Emergency","Chest Pain","2026/02/13 04:29:56 AM","Khanpur"
"267295","Sheeza Barkat","MR-5331","EMDS Call","Medical Emergency","Others","2026/02/13 04:34:03 AM","Rahim Yar Khan"
"267296","Adil Iqbal","DR-782","EMDS Call","Medical Emergency","Vomiting","2026/02/13 05:29:47 AM","Rahim Yar Khan"
"267297","Farhad Iftikhar","DR-913","EMDS Call","Medical Emergency","Renal Disorders / Renal Colic ","2026/02/13 05:45:07 AM","Liaqatpur"
"267298","Farhad Iftikhar","DR-913","EMDS Call","Rescue Operations","Delivery Case","2026/02/13 05:54:58 AM","Khanpur"
"267299","Adil Iqbal","DR-782","EMDS Call","Rescue Operations","Delivery Case","2026/02/13 06:00:49 AM","Sadiqabad"
"267300","Farhad Iftikhar","DR-913","EMDS Call","Medical Emergency","SOB/ Respiratory Distress","2026/02/13 06:01:11 AM","Rahim Yar Khan"
"267301","Farhad Iftikhar","DR-913","EMDS Call","Medical Emergency","Others","2026/02/13 06:06:47 AM","Sadiqabad"
"267302","Adil Iqbal","DR-782","EMDS Call","Medical Emergency","Chest Pain","2026/02/13 06:06:59 AM","Liaqatpur"
"267303","Farhad Iftikhar","DR-913","EMDS Call","Medical Emergency","Others","2026/02/13 06:10:36 AM","Rahim Yar Khan"
"267304","Farhad Iftikhar","DR-913","EMDS Call","Medical Emergency","Chest Pain","2026/02/13 06:47:30 AM","Rahim Yar Khan"
"267305","Farhad Iftikhar","DR-913","EMDS Call","Medical Emergency","SOB/ Respiratory Distress","2026/02/13 06:50:42 AM","Khanpur"
"267306","Sheeza Barkat","MR-5331","EMDS Call","Medical Emergency","Others","2026/02/13 06:59:18 AM","Khanpur"
"267307","Adil Iqbal","DR-782","EMDS Call","Road Crash","Minor Injuries","2026/02/13 07:01:52 AM","Rahim Yar Khan"
"267308","Farhad Iftikhar","DR-913","EMDS Call","Medical Emergency","SOB/ Respiratory Distress","2026/02/13 07:17:29 AM","Liaqatpur"
"267311","Farhad Iftikhar","DR-913","EMDS Call","Medical Emergency","Renal Disorders / Renal Colic ","2026/02/13 07:34:51 AM","Rahim Yar Khan"
"267309","Aasia Batool","MR-5198","EMDS Call","Medical Emergency","Chronic Illness","2026/02/13 07:35:56 AM","Rahim Yar Khan"
"267310","Farhad Iftikhar","DR-913","EMDS Call","Medical Emergency","Joints Pain","2026/02/13 07:40:45 AM","Sadiqabad"
"267312","Rana M. Usman","DR-200","EMDS Call","Medical Emergency","Chest Pain","2026/02/13 07:54:46 AM","Sadiqabad"
"267313","Rana M. Usman","DR-200","Direct Call","Rescue Operations","Mass Event Coverage","2026/02/13 08:04:10 AM","Rahim Yar Khan"
"267314","Bushra Saleem","MR-5701","EMDS Call","Medical Emergency","Hypertension","2026/02/13 08:07:48 AM","Rahim Yar Khan"
"267315","Bushra Saleem","MR-5701","EMDS Call","Medical Emergency","Others","2026/02/13 08:13:40 AM","Rahim Yar Khan"
"267316","Zupasha Zia","MR-5758","EMDS Call","Road Crash","Multiple Fractures","2026/02/13 08:17:32 AM","Rahim Yar Khan"
"267317","Rana M. Usman","DR-200","EMDS Call","Medical Emergency","Others","2026/02/13 08:29:23 AM","Rahim Yar Khan"
"267318","Bushra Saleem","MR-5701","EMDS Call","Road Crash","Severe Trauma","2026/02/13 08:34:51 AM","Sadiqabad"
"267319","Zupasha Zia","MR-5758","EMDS Call","Road Crash","Bleeding","2026/02/13 08:35:11 AM","Rahim Yar Khan"
"267320","Rana M. Usman","DR-200","Direct Call","Rescue Operations","Mass Event Coverage","2026/02/13 08:37:39 AM","Rahim Yar Khan"
"267321","Rana M. Usman","DR-200","EMDS Call","Medical Emergency","Joints Pain","2026/02/13 08:40:09 AM","Sadiqabad"
"267322","Zupasha Zia","MR-5758","EMDS Call","Medical Emergency","Vomiting","2026/02/13 08:43:52 AM","Rahim Yar Khan"
"267323","Bushra Saleem","MR-5701","EMDS Call","Medical Emergency","Others","2026/02/13 08:42:55 AM","Rahim Yar Khan"
"267324","Rana M. Usman","DR-200","EMDS Call","Medical Emergency","Vomiting","2026/02/13 08:47:29 AM","Liaqatpur"
"76266","Zupasha Zia","MR-5758","Direct Call","Patient Transfer Service","N/A","2026/02/13 09:09:52 AM","Sadiqabad"
"267325","Zupasha Zia","MR-5758","EMDS Call","Medical Emergency","Chest Pain","2026/02/13 09:11:11 AM","Sadiqabad"
"76267","Zupasha Zia","MR-5758","Direct Call","Patient Transfer Service","N/A","2026/02/13 09:18:19 AM","Sadiqabad"
"267326","Rana M. Usman","DR-200","Direct Call","Medical Emergency","Others","2026/02/13 09:21:09 AM","Rahim Yar Khan"
"267327","Zupasha Zia","MR-5758","EMDS Call","Fall","Slipped On Floor","2026/02/13 09:23:34 AM","Rahim Yar Khan"
"76268","Rana M. Usman","DR-200","Direct Call","Patient Transfer Service","N/A","2026/02/13 09:26:30 AM","Sadiqabad"
"267328","Rana M. Usman","DR-200","EMDS Call","Road Crash","Minor Injuries","2026/02/13 09:26:39 AM","Sadiqabad"
"76269","Bushra Saleem","MR-5701","Direct Call","Patient Transfer Service","N/A","2026/02/13 09:40:07 AM","Khanpur"
"267329","Rana M. Usman","DR-200","EMDS Call","Road Crash","Severe Trauma","2026/02/13 09:41:51 AM","Sadiqabad"
"267331","Zupasha Zia","MR-5758","EMDS Call","Fall","Slipped On Floor","2026/02/13 09:46:24 AM","Liaqatpur"
"267330","Rana M. Usman","DR-200","EMDS Call","Medical Emergency","Vomiting","2026/02/13 09:46:23 AM","Sadiqabad"
"267332","Zupasha Zia","MR-5758","EMDS Call","Medical Emergency","Renal Disorders / Renal Colic ","2026/02/13 09:52:08 AM","Rahim Yar Khan"
"267333","Zupasha Zia","MR-5758","EMDS Call","Medical Emergency","SOB/ Respiratory Distress","2026/02/13 09:56:48 AM","Liaqatpur"
"267334","Bushra Saleem","MR-5701","EMDS Call","Medical Emergency","Hypotension","2026/02/13 09:57:30 AM","Liaqatpur"
"267335","Bushra Saleem","MR-5701","Direct Call","Rescue Operations","Delivery Case","2026/02/13 10:03:46 AM","Rahim Yar Khan"
"267336","Zupasha Zia","MR-5758","EMDS Call","Rescue Operations","Delivery Case","2026/02/13 10:06:37 AM","Rahim Yar Khan"
"267337","Rana M. Usman","DR-200","EMDS Call","Medical Emergency","Joints Pain","2026/02/13 10:08:15 AM","Rahim Yar Khan"
"267338","Bushra Saleem","MR-5701","EMDS Call","Medical Emergency","Backache","2026/02/13 10:12:07 AM","Rahim Yar Khan"
"267339","Bushra Saleem","MR-5701","EMDS Call","Medical Emergency","Vomiting","2026/02/13 10:17:15 AM","Rahim Yar Khan"
"267340","Zupasha Zia","MR-5758","EMDS Call","Medical Emergency","CVA/Stroke","2026/02/13 10:19:06 AM","Khanpur"
"267341","Bushra Saleem","MR-5701","Direct Call","Rescue Operations","Mass Event Coverage","2026/02/13 10:23:47 AM","Rahim Yar Khan"
"267342","Bushra Saleem","MR-5701","EMDS Call","Medical Emergency","SOB/ Respiratory Distress","2026/02/13 10:25:23 AM","Sadiqabad"
"267344","Muhammad AAmar","DR-915","EMDS Call","Medical Emergency","SOB/ Respiratory Distress","2026/02/13 10:31:00 AM","Sadiqabad"
"267343","Zupasha Zia","MR-5758","EMDS Call","Rescue Operations","Delivery Case","2026/02/13 10:31:09 AM","Khanpur"
"267345","Muhammad AAmar","DR-915","Direct Call","Medical Emergency","Chest Pain","2026/02/13 10:44:26 AM","Rahim Yar Khan"
"267346","Shahla Nawaz","DR-185","EMDS Call","Medical Emergency","SOB/ Respiratory Distress","2026/02/13 10:47:54 AM","Sadiqabad"
"267347","Shahla Nawaz","DR-185","EMDS Call","Road Crash","Minor Injuries","2026/02/13 10:53:32 AM","Rahim Yar Khan"
"267348","Bushra Saleem","MR-5701","EMDS Call","Road Crash","Severe Trauma","2026/02/13 10:55:39 AM","Rahim Yar Khan"
"267349","Shahla Nawaz","DR-185","EMDS Call","Medical Emergency","SOB/ Respiratory Distress","2026/02/13 10:57:30 AM","Sadiqabad"
"267350","Rana M. Usman","DR-200","EMDS Call","Medical Emergency","Hypertension","2026/02/13 11:04:40 AM","Sadiqabad"
"267351","Shahla Nawaz","DR-185","EMDS Call","Medical Emergency","Unconscious","2026/02/13 11:04:18 AM","Khanpur"
"267353","Bushra Saleem","MR-5701","Direct Call","Medical Emergency","Vomiting","2026/02/13 11:08:08 AM","Rahim Yar Khan"
"267352","Shahla Nawaz","DR-185","EMDS Call","Rescue Operations","Animal/Bird Rescue","2026/02/13 11:06:59 AM","Rahim Yar Khan"
"267354","Muhammad AAmar","DR-915","EMDS Call","Medical Emergency","Domestic Injuries","2026/02/13 11:14:48 AM","Rahim Yar Khan"
"267355","Rana M. Usman","DR-200","EMDS Call","Medical Emergency","CVA/Stroke","2026/02/13 11:15:21 AM","Sadiqabad"
"267356","Rana M. Usman","DR-200","EMDS Call","Road Crash","Minor Injuries","2026/02/13 11:23:01 AM","Rahim Yar Khan"
"76270","Shahla Nawaz","DR-185","Direct Call","Patient Transfer Service","N/A","2026/02/13 11:23:38 AM","Sadiqabad"
"76271","Rana M. Usman","DR-200","Direct Call","Patient Transfer Service","N/A","2026/02/13 11:25:03 AM","Khanpur"
"267357","Muhammad AAmar","DR-915","EMDS Call","Medical Emergency","Others","2026/02/13 11:34:02 AM","Rahim Yar Khan"
"267358","Rana M. Usman","DR-200","EMDS Call","Medical Emergency","Vomiting","2026/02/13 11:43:19 AM","Rahim Yar Khan"
"267359","Bushra Saleem","MR-5701","EMDS Call","Medical Emergency","Others","2026/02/13 11:41:14 AM","Rahim Yar Khan"
"267360","Muhammad AAmar","DR-915","EMDS Call","Road Crash","Minor Injuries","2026/02/13 11:46:28 AM","Sadiqabad"
"267361","Rana M. Usman","DR-200","EMDS Call","Medical Emergency","SOB/ Respiratory Distress","2026/02/13 11:46:43 AM","Sadiqabad"
"267362","Muhammad AAmar","DR-915","EMDS Call","Medical Emergency","Unconscious","2026/02/13 11:49:24 AM","Sadiqabad"
"267363","Shahla Nawaz","DR-185","EMDS Call","Road Crash","Bleeding","2026/02/13 11:56:16 AM","Rahim Yar Khan"
"267364","Bushra Saleem","MR-5701","EMDS Call","Road Crash","Severe Trauma","2026/02/13 12:02:15 PM","Sadiqabad"
"267365","Shahla Nawaz","DR-185","EMDS Call","Road Crash","Bleeding","2026/02/13 12:14:27 PM","Sadiqabad"
"267366","Bushra Saleem","MR-5701","EMDS Call","Medical Emergency","Vomiting","2026/02/13 12:16:47 PM","Rahim Yar Khan"
"267367","Shahla Nawaz","DR-185","EMDS Call","Medical Emergency","Vomiting","2026/02/13 12:25:17 PM","Rahim Yar Khan"
"267368","Muhammad AAmar","DR-915","EMDS Call","Road Crash","Minor Injuries","2026/02/13 12:25:47 PM","Khanpur"
"267369","Bushra Saleem","MR-5701","EMDS Call","Road Crash","Bleeding","2026/02/13 12:29:27 PM","Khanpur"
"267370","Muhammad Rashid Saleem","DR-187","EMDS Call","Road Crash","Minor Injuries","2026/02/13 12:35:13 PM","Sadiqabad"
"267371","Shahla Nawaz","DR-185","EMDS Call","Road Crash","Severe Trauma","2026/02/13 12:37:51 PM","Khanpur"
"267371","Shahla Nawaz","DR-185","EMDS Call","Road Crash","Severe Trauma","2026/02/13 12:37:51 PM","Khanpur"
"267372","Muhammad Rashid Saleem","DR-187","EMDS Call","Medical Emergency","Chest Pain","2026/02/13 12:40:09 PM","Sadiqabad"
"267373","Shahla Nawaz","DR-185","EMDS Call","Medical Emergency","Others","2026/02/13 12:42:23 PM","Rahim Yar Khan"
"267374","Bushra Saleem","MR-5701","EMDS Call","Medical Emergency","Others","2026/02/13 12:44:05 PM","Rahim Yar Khan"
"267375","Bushra Saleem","MR-5701","EMDS Call","Medical Emergency","Vomiting","2026/02/13 12:46:20 PM","Rahim Yar Khan"
"267376","Muhammad Rashid Saleem","DR-187","EMDS Call","Medical Emergency","Hypertension","2026/02/13 12:51:13 PM","Khanpur"
"267377","Bushra Saleem","MR-5701","EMDS Call","Medical Emergency","Others","2026/02/13 12:53:35 PM","Rahim Yar Khan"
"267378","Shahla Nawaz","DR-185","EMDS Call","Road Crash","Minor Injuries","2026/02/13 12:56:49 PM","Rahim Yar Khan"
"267379","Bushra Saleem","MR-5701","EMDS Call","Medical Emergency","SOB/ Respiratory Distress","2026/02/13 12:56:48 PM","Khanpur"
"267380","Muhammad Rashid Saleem","DR-187","EMDS Call","Road Crash","Minor Injuries","2026/02/13 12:57:30 PM","Rahim Yar Khan"
"76272","Shahla Nawaz","DR-185","Direct Call","Patient Transfer Service","N/A","2026/02/13 01:02:29 PM","Sadiqabad"
"267382","Bushra Saleem","MR-5701","EMDS Call","Medical Emergency","Others","2026/02/13 01:08:01 PM","Liaqatpur"
"267381","Bushra Saleem","MR-5701","EMDS Call","Road Crash","Multiple Fractures","2026/02/13 01:11:17 PM","Rahim Yar Khan"
"267383","Shahla Nawaz","DR-185","EMDS Call","Road Crash","Multiple Fractures","2026/02/13 01:13:11 PM","Sadiqabad"
"267384","Bushra Saleem","MR-5701","EMDS Call","Road Crash","Bleeding","2026/02/13 01:29:29 PM","Khanpur"
"267385","Shahla Nawaz","DR-185","EMDS Call","Medical Emergency","Others","2026/02/13 01:38:10 PM","Rahim Yar Khan"
"267386","Zupasha Zia","MR-5758","EMDS Call","Medical Emergency","Chronic Illness","2026/02/13 01:40:21 PM","Khanpur"
"76273","Bushra Saleem","MR-5701","Direct Call","Patient Transfer Service","N/A","2026/02/13 01:48:26 PM","Liaqatpur"
"267387","Shahla Nawaz","DR-185","Direct Call","Rescue Operations","Mass Event Coverage","2026/02/13 01:46:27 PM","Rahim Yar Khan"
"267388","Bushra Saleem","MR-5701","EMDS Call","Road Crash","Bleeding","2026/02/13 01:51:42 PM","Rahim Yar Khan"
"267388","Bushra Saleem","MR-5701","EMDS Call","Road Crash","Bleeding","2026/02/13 01:51:42 PM","Rahim Yar Khan"
"76274","Bushra Saleem","MR-5701","Direct Call","Patient Transfer Service","N/A","2026/02/13 01:55:49 PM","Liaqatpur"
"267389","Bushra Saleem","MR-5701","EMDS Call","Medical Emergency","High Fever","2026/02/13 01:59:15 PM","Rahim Yar Khan"
"267390","Zupasha Zia","MR-5758","EMDS Call","Medical Emergency","Chest Pain","2026/02/13 02:05:03 PM","Rahim Yar Khan"
"267391","Zupasha Zia","MR-5758","EMDS Call","Medical Emergency","SOB/ Respiratory Distress","2026/02/13 02:10:04 PM","Khanpur"
"267392","Muhammad Zubair","DR-894","EMDS Call","Medical Emergency","High Fever","2026/02/13 02:22:54 PM","Rahim Yar Khan"
"267393","Muhammad Zubair","DR-894","EMDS Call","Medical Emergency","Abdominal Pain","2026/02/13 02:34:58 PM","Liaqatpur"
"267394","Maheen Tahir","MR-6017","EMDS Call","Fire","Others","2026/02/13 02:35:13 PM","Liaqatpur"
"Not Assigned","Farah Sadaqat","MR-5930","EMDS Call","Medical Emergency","Others","2026/02/13 02:37:08 PM","Rahim Yar Khan"
"267395","Muhammad Zubair","DR-894","EMDS Call","Medical Emergency","Others","2026/02/13 02:41:16 PM","Sadiqabad"
"267396","Maheen Tahir","MR-6017","EMDS Call","Medical Emergency","Epilepsy","2026/02/13 02:45:01 PM","Liaqatpur"
"267398","Muhammad Zubair","DR-894","EMDS Call","Medical Emergency","Others","2026/02/13 02:46:52 PM","Sadiqabad"
"267397","Farah Sadaqat","MR-5930","EMDS Call","Medical Emergency","Others","2026/02/13 02:47:22 PM","Rahim Yar Khan"
"267399","Farah Sadaqat","MR-5930","EMDS Call","Road Crash","Bleeding","2026/02/13 02:49:37 PM","Sadiqabad"
"267401","Maheen Tahir","MR-6017","EMDS Call","Fire","Others","2026/02/13 02:51:29 PM","Khanpur"
"267402","Muhammad Zubair","DR-894","EMDS Call","Road Crash","Bleeding","2026/02/13 02:51:49 PM","Rahim Yar Khan"
"Not Assigned","Farah Sadaqat","MR-5930","EMDS Call","Medical Emergency","Hypotension","2026/02/13 02:57:03 PM","Rahim Yar Khan"
"267404","Muhammad Zubair","DR-894","EMDS Call","Medical Emergency","Chest Pain","2026/02/13 02:57:09 PM","Rahim Yar Khan"
"267405","Maheen Tahir","MR-6017","Direct Call","Medical Emergency","Diabetic","2026/02/13 03:04:46 PM","Rahim Yar Khan"
"267406","Farah Sadaqat","MR-5930","EMDS Call","Road Crash","Bleeding","2026/02/13 03:06:05 PM","Liaqatpur"
"267407","Saqib Nasim","DR-197","EMDS Call","Road Crash","Minor Injuries","2026/02/13 03:11:49 PM","Rahim Yar Khan"
"267408","Farah Sadaqat","MR-5930","EMDS Call","Road Crash","Minor Injuries","2026/02/13 03:16:09 PM","Rahim Yar Khan"
"76275","Maheen Tahir","MR-6017","Direct Call","Patient Transfer Service","N/A","2026/02/13 03:19:03 PM","Khanpur"
"76276","Saqib Nasim","DR-197","Direct Call","Patient Transfer Service","N/A","2026/02/13 03:19:22 PM","Sadiqabad"
"267409","Saqib Nasim","DR-197","EMDS Call","Medical Emergency","Unconscious","2026/02/13 03:23:10 PM","Rahim Yar Khan"
"76277","Maheen Tahir","MR-6017","Direct Call","Patient Transfer Service","N/A","2026/02/13 03:26:06 PM","Khanpur"
"267410","Saqib Nasim","DR-197","EMDS Call","Medical Emergency","Hypertension","2026/02/13 03:29:12 PM","Rahim Yar Khan"
"267411","Saira Bibi","MR-5494","EMDS Call","Medical Emergency","Abdominal Pain","2026/02/13 03:38:15 PM","Rahim Yar Khan"
"267412","Saira Bibi","MR-5494","EMDS Call","Road Crash","Bleeding","2026/02/13 03:42:08 PM","Khanpur"
"267413","Saira Bibi","MR-5494","EMDS Call","Medical Emergency","Others","2026/02/13 03:46:55 PM","Liaqatpur"
"267414","Maheen Tahir","MR-6017","EMDS Call","Medical Emergency","SOB/ Respiratory Distress","2026/02/13 03:48:12 PM","Khanpur"
"267415","Saira Bibi","MR-5494","EMDS Call","Medical Emergency","Unconscious","2026/02/13 03:51:20 PM","Rahim Yar Khan"
"267416","Saqib Nasim","DR-197","EMDS Call","Medical Emergency","Unconscious","2026/02/13 03:52:57 PM","Rahim Yar Khan"
"267417","Maheen Tahir","MR-6017","EMDS Call","Medical Emergency","Others","2026/02/13 04:12:31 PM","Rahim Yar Khan"
"267418","Saqib Nasim","DR-197","EMDS Call","Medical Emergency","Others","2026/02/13 04:12:34 PM","Liaqatpur"
"267419","Maheen Tahir","MR-6017","EMDS Call","Medical Emergency","Hypertension","2026/02/13 04:28:28 PM","Liaqatpur"
"267421","Saqib Nasim","DR-197","EMDS Call","Medical Emergency","Hypotension","2026/02/13 04:31:01 PM","Rahim Yar Khan"
"267420","Maheen Tahir","MR-6017","EMDS Call","Road Crash","Bleeding","2026/02/13 04:32:50 PM","Rahim Yar Khan"
"76278","Maheen Tahir","MR-6017","Direct Call","Patient Transfer Service","N/A","2026/02/13 04:41:45 PM","Khanpur"
"76279","Maheen Tahir","MR-6017","Direct Call","Patient Transfer Service","N/A","2026/02/13 04:44:49 PM","Khanpur"
"267422","Saqib Nasim","DR-197","EMDS Call","Rescue Operations","Work/Occupational Injuries","2026/02/13 04:45:00 PM","Rahim Yar Khan"
"267423","Maheen Tahir","MR-6017","EMDS Call","Fire","Others","2026/02/13 04:53:54 PM","Sadiqabad"
"267424","Saqib Nasim","DR-197","EMDS Call","Medical Emergency","Hypertension","2026/02/13 04:57:27 PM","Rahim Yar Khan"
"267425","Farah Sadaqat","MR-5930","EMDS Call","Road Crash","Minor Injuries","2026/02/13 04:58:47 PM","Sadiqabad"
"267426","Saqib Nasim","DR-197","EMDS Call","Medical Emergency","Others","2026/02/13 05:03:22 PM","Rahim Yar Khan"
"267427","Farah Sadaqat","MR-5930","EMDS Call","Medical Emergency","Others","2026/02/13 05:04:01 PM","Rahim Yar Khan"
"267428","Muhammad Zahid","DR-888","EMDS Call","Medical Emergency","Others","2026/02/13 05:04:50 PM","Rahim Yar Khan"
"267429","Farah Sadaqat","MR-5930","EMDS Call","Medical Emergency","Others","2026/02/13 05:10:29 PM","Rahim Yar Khan"
"267430","Farah Sadaqat","MR-5930","EMDS Call","Road Crash","Minor Injuries","2026/02/13 05:19:09 PM","Rahim Yar Khan"
"267431","Muhammad Zahid","DR-888","EMDS Call","Rescue Operations","Scalds/Burn Due To Negligence","2026/02/13 05:19:05 PM","Sadiqabad"
"267431","Muhammad Zahid","DR-888","EMDS Call","Rescue Operations","Scalds/Burn Due To Negligence","2026/02/13 05:19:05 PM","Sadiqabad"
"267432","Farah Sadaqat","MR-5930","EMDS Call","Medical Emergency","Others","2026/02/13 05:27:14 PM","Rahim Yar Khan"
"267433","Saqib Nasim","DR-197","EMDS Call","Medical Emergency","CVA/Stroke","2026/02/13 05:27:20 PM","Rahim Yar Khan"
"76280","Saqib Nasim","DR-197","Direct Call","Patient Transfer Service","N/A","2026/02/13 05:41:14 PM","Sadiqabad"
"267434","Farah Sadaqat","MR-5930","EMDS Call","Medical Emergency","Hypertension","2026/02/13 05:47:41 PM","Khanpur"
"267435","Muhammad Zahid","DR-888","EMDS Call","Medical Emergency","Hypotension","2026/02/13 05:48:10 PM","Rahim Yar Khan"
"267436","Saqib Nasim","DR-197","EMDS Call","Medical Emergency","Chest Pain","2026/02/13 05:49:22 PM","Rahim Yar Khan"
"267437","Saqib Nasim","DR-197","EMDS Call","Medical Emergency","Hypertension","2026/02/13 05:53:56 PM","Rahim Yar Khan"
"267438","Farah Sadaqat","MR-5930","EMDS Call","Medical Emergency","Domestic Injuries","2026/02/13 05:57:10 PM","Rahim Yar Khan"
"76281","Saqib Nasim","DR-197","Direct Call","Patient Transfer Service","N/A","2026/02/13 06:18:37 PM","Khanpur"
"267439","Farah Sadaqat","MR-5930","EMDS Call","Medical Emergency","Hypertension","2026/02/13 06:20:17 PM","Rahim Yar Khan"
"267441","Farah Sadaqat","MR-5930","EMDS Call","Medical Emergency","Hypotension","2026/02/13 06:24:38 PM","Sadiqabad"
"267440","Muhammad Zahid","DR-888","EMDS Call","Medical Emergency","Domestic Injuries","2026/02/13 06:24:45 PM","Rahim Yar Khan"
"267442","Saqib Nasim","DR-197","EMDS Call","Medical Emergency","Hypertension","2026/02/13 06:26:11 PM","Liaqatpur"
"267443","Farah Sadaqat","MR-5930","EMDS Call","Medical Emergency","Vomiting","2026/02/13 06:27:51 PM","Khanpur"
"267444","Muhammad Zahid","DR-888","EMDS Call","Road Crash","Severe Trauma","2026/02/13 06:36:24 PM","Khanpur"
"267445","Muhammad Zahid","DR-888","EMDS Call","Road Crash","Bleeding","2026/02/13 06:42:10 PM","Rahim Yar Khan"
"267446","Farah Sadaqat","MR-5930","EMDS Call","Medical Emergency","Abdominal Pain","2026/02/13 06:44:17 PM","Rahim Yar Khan"
"267447","Muhammad Zahid","DR-888","EMDS Call","Crime","Probable Suicide","2026/02/13 06:45:13 PM","Rahim Yar Khan"
"76282","Saqib Nasim","DR-197","Direct Call","Patient Transfer Service","N/A","2026/02/13 06:46:37 PM","Sadiqabad"
"267448","Farah Sadaqat","MR-5930","EMDS Call","Road Crash","Bleeding","2026/02/13 06:48:53 PM","Rahim Yar Khan"
"267449","Muhammad Zahid","DR-888","EMDS Call","Medical Emergency","Others","2026/02/13 06:51:07 PM","Rahim Yar Khan"
"76283","Saqib Nasim","DR-197","Direct Call","Patient Transfer Service","N/A","2026/02/13 06:59:29 PM","Sadiqabad"
"267450","Saira Bibi","MR-5494","EMDS Call","Medical Emergency","Hypertension","2026/02/13 06:57:28 PM","Khanpur"
"267452","Saira Bibi","MR-5494","EMDS Call","Road Crash","Minor Injuries","2026/02/13 07:05:58 PM","Rahim Yar Khan"
"Not Assigned","Saqib Nasim","DR-197","EMDS Call","Road Crash","Bleeding","2026/02/13 07:05:10 PM","Liaqatpur"
"267453","Saira Bibi","MR-5494","EMDS Call","Rescue Operations","Delivery Case","2026/02/13 07:11:23 PM","Sadiqabad"
"76284","Saqib Nasim","DR-197","Direct Call","Patient Transfer Service","N/A","2026/02/13 07:19:47 PM","Liaqatpur"
"267454","Farah Sadaqat","MR-5930","EMDS Call","Medical Emergency","Abdominal Pain","2026/02/13 07:42:22 PM","Liaqatpur"
"267456","Saira Bibi","MR-5494","EMDS Call","Medical Emergency","Abdominal Pain","2026/02/13 07:43:46 PM","Sadiqabad"
"267455","Farah Sadaqat","MR-5930","EMDS Call","Road Crash","Severe Trauma","2026/02/13 07:43:52 PM","Khanpur"
"267455","Farah Sadaqat","MR-5930","EMDS Call","Road Crash","Severe Trauma","2026/02/13 07:43:52 PM","Khanpur"
"267457","Saira Bibi","MR-5494","EMDS Call","Road Crash","Multiple Fractures","2026/02/13 07:48:12 PM","Rahim Yar Khan"
"267458","Farah Sadaqat","MR-5930","EMDS Call","Medical Emergency","Others","2026/02/13 07:53:12 PM","Sadiqabad"
"267459","Farah Sadaqat","MR-5930","EMDS Call","Road Crash","Bleeding","2026/02/13 07:58:37 PM","Sadiqabad"
"267460","Farah Sadaqat","MR-5930","EMDS Call","Medical Emergency","Others","2026/02/13 08:03:24 PM","Rahim Yar Khan"
"267461","Saqib Nasim","DR-197","EMDS Call","Medical Emergency","Others","2026/02/13 08:21:57 PM","Rahim Yar Khan"
"267462","Saira Bibi","MR-5494","EMDS Call","Medical Emergency","Epilepsy","2026/02/13 08:23:00 PM","Rahim Yar Khan"
"267463","Saqib Nasim","DR-197","Direct Call","Medical Emergency","Backache","2026/02/13 08:24:48 PM","Sadiqabad"
"267465","Farah Sadaqat","MR-5930","EMDS Call","Rescue Operations","Delivery Case","2026/02/13 08:23:59 PM","Khanpur"
"267464","Saira Bibi","MR-5494","EMDS Call","Medical Emergency","Chest Pain","2026/02/13 08:25:14 PM","Liaqatpur"
"267466","Saira Bibi","MR-5494","EMDS Call","Road Crash","Minor Injuries","2026/02/13 08:26:41 PM","Rahim Yar Khan"
"267467","Saira Bibi","MR-5494","EMDS Call","Medical Emergency","Others","2026/02/13 08:29:24 PM","Rahim Yar Khan"
"267468","Saqib Nasim","DR-197","EMDS Call","Medical Emergency","Others","2026/02/13 08:36:03 PM","Khanpur"
"267469","Saira Bibi","MR-5494","Direct Call","Road Crash","Severe Trauma","2026/02/13 08:37:48 PM","Rahim Yar Khan"
"267470","Farah Sadaqat","MR-5930","EMDS Call","Medical Emergency","Others","2026/02/13 08:36:44 PM","Rahim Yar Khan"
"267471","Fahad Hussain","DR-538","EMDS Call","Medical Emergency","Vomiting","2026/02/13 08:48:45 PM","Khanpur"
"267472","Fahad Hussain","DR-538","EMDS Call","Road Crash","Bleeding","2026/02/13 08:56:23 PM","Sadiqabad"
"267472","Fahad Hussain","DR-538","EMDS Call","Road Crash","Bleeding","2026/02/13 08:56:23 PM","Sadiqabad"
"267472","Fahad Hussain","DR-538","EMDS Call","Road Crash","Bleeding","2026/02/13 08:56:23 PM","Sadiqabad"
"267472","Fahad Hussain","DR-538","EMDS Call","Road Crash","Bleeding","2026/02/13 08:56:23 PM","Sadiqabad"
"Not Assigned","Nida Rahat","DR-1322","EMDS Call","Road Crash","Severe Trauma","2026/02/13 08:57:11 PM","Sadiqabad"
"267475","Fahad Hussain","DR-538","EMDS Call","Road Crash","Bleeding","2026/02/13 09:00:16 PM","Liaqatpur"
"267474","Sheeza Barkat","MR-5331","EMDS Call","Medical Emergency","Unconscious","2026/02/13 09:03:16 PM","Khanpur"
"267476","Nida Rahat","DR-1322","EMDS Call","Medical Emergency","Epilepsy","2026/02/13 09:04:16 PM","Rahim Yar Khan"
"267477","Muhammad Tariq Hameed","DR-885","Direct Call","Medical Emergency","SOB/ Respiratory Distress","2026/02/13 09:08:09 PM","Sadiqabad"
"76285","Muhammad Tariq Hameed","DR-885","Direct Call","Patient Transfer Service","N/A","2026/02/13 09:12:06 PM","Sadiqabad"
"267478","Fahad Hussain","DR-538","EMDS Call","Medical Emergency","Unconscious","2026/02/13 09:13:13 PM","Sadiqabad"
"267479","Nida Rahat","DR-1322","EMDS Call","Road Crash","Severe Trauma","2026/02/13 09:14:54 PM","Rahim Yar Khan"
"267480","Fahad Hussain","DR-538","EMDS Call","Road Crash","Multiple Fractures","2026/02/13 09:23:44 PM","Rahim Yar Khan"
"267480","Fahad Hussain","DR-538","EMDS Call","Road Crash","Multiple Fractures","2026/02/13 09:23:44 PM","Rahim Yar Khan"
"267480","Fahad Hussain","DR-538","EMDS Call","Road Crash","Multiple Fractures","2026/02/13 09:23:44 PM","Rahim Yar Khan"
"267481","Muhammad Tariq Hameed","DR-885","EMDS Call","Medical Emergency","Chest Pain","2026/02/13 09:20:36 PM","Rahim Yar Khan"
"267482","Muhammad Tariq Hameed","DR-885","EMDS Call","Medical Emergency","Unconscious","2026/02/13 09:35:48 PM","Sadiqabad"
"267483","Nida Rahat","DR-1322","EMDS Call","Medical Emergency","SOB/ Respiratory Distress","2026/02/13 09:46:04 PM","Rahim Yar Khan"
"267484","Fahad Hussain","DR-538","EMDS Call","Medical Emergency","Others","2026/02/13 09:52:30 PM","Rahim Yar Khan"
"267485","Nida Rahat","DR-1322","EMDS Call","Rescue Operations","Delivery Case","2026/02/13 09:53:43 PM","Sadiqabad"
"267486","Fahad Hussain","DR-538","EMDS Call","Road Crash","Minor Injuries","2026/02/13 09:55:39 PM","Rahim Yar Khan"
"267487","Muhammad Tariq Hameed","DR-885","EMDS Call","Medical Emergency","Others","2026/02/13 09:54:56 PM","Rahim Yar Khan"
"267488","Nida Rahat","DR-1322","EMDS Call","Medical Emergency","Hypertension","2026/02/13 09:59:31 PM","Sadiqabad"
"267489","Nida Rahat","DR-1322","EMDS Call","Medical Emergency","Diabetic","2026/02/13 10:03:12 PM","Rahim Yar Khan"
"76286","Fahad Hussain","DR-538","Direct Call","Patient Transfer Service","N/A","2026/02/13 10:04:42 PM","Khanpur"
"267490","Fahad Hussain","DR-538","EMDS Call","Rescue Operations","Vehicle Extrication","2026/02/13 10:05:51 PM","Liaqatpur"
"267491","Fahad Hussain","DR-538","EMDS Call","Medical Emergency","Others","2026/02/13 10:11:52 PM","Rahim Yar Khan"
"267492","Zia ul Haq","DR-328","EMDS Call","Medical Emergency","SOB/ Respiratory Distress","2026/02/13 10:16:24 PM","Rahim Yar Khan"
"76287","Nida Rahat","DR-1322","Direct Call","Patient Transfer Service","N/A","2026/02/13 10:39:50 PM","Khanpur"
"76288","Nida Rahat","DR-1322","Direct Call","Patient Transfer Service","N/A","2026/02/13 10:41:12 PM","Liaqatpur"
"267493","Zia ul Haq","DR-328","EMDS Call","Medical Emergency","Chest Pain","2026/02/13 10:43:21 PM","Rahim Yar Khan"
"267494","Fahad Hussain","DR-538","EMDS Call","Road Crash","Severe Trauma","2026/02/13 10:46:06 PM","Rahim Yar Khan"
"267494","Fahad Hussain","DR-538","EMDS Call","Road Crash","Severe Trauma","2026/02/13 10:46:06 PM","Rahim Yar Khan"
"76289","Nida Rahat","DR-1322","Direct Call","Patient Transfer Service","N/A","2026/02/13 10:48:30 PM","Khanpur"
"267495","Nida Rahat","DR-1322","EMDS Call","Medical Emergency","CVA/Stroke","2026/02/13 10:51:21 PM","Sadiqabad"
"267496","Nida Rahat","DR-1322","EMDS Call","Medical Emergency","Hypertension","2026/02/13 10:56:06 PM","Khanpur"
"267497","Zia ul Haq","DR-328","EMDS Call","Medical Emergency","Others","2026/02/13 10:56:48 PM","Sadiqabad"
"267498","Nida Rahat","DR-1322","EMDS Call","Medical Emergency","High Fever","2026/02/13 10:58:38 PM","Rahim Yar Khan"
"267499","Fahad Hussain","DR-538","EMDS Call","Road Crash","Minor Injuries","2026/02/13 10:57:48 PM","Sadiqabad"
"267500","Nida Rahat","DR-1322","EMDS Call","Medical Emergency","High Fever","2026/02/13 11:06:25 PM","Rahim Yar Khan"
"267502","Zia ul Haq","DR-328","EMDS Call","Medical Emergency","Others","2026/02/13 11:12:15 PM","Rahim Yar Khan"
"267501","Fahad Hussain","DR-538","EMDS Call","Medical Emergency","Others","2026/02/13 11:12:31 PM","Rahim Yar Khan"
"76290","Fahad Hussain","DR-538","Direct Call","Patient Transfer Service","N/A","2026/02/13 11:19:12 PM","Sadiqabad"
"267503","Muhammad ALi","DR-818","EMDS Call","Rescue Operations","Delivery Case","2026/02/13 11:25:50 PM","Sadiqabad"
"267504","Fahad Hussain","DR-538","EMDS Call","Medical Emergency","Hypertension","2026/02/13 11:48:16 PM","Rahim Yar Khan"
"267505","Muhammad ALi","DR-818","EMDS Call","Medical Emergency","Epilepsy","2026/02/14 12:25:12 AM","Rahim Yar Khan"
"267506","Nida Rahat","DR-1322","EMDS Call","Medical Emergency","Hypertension","2026/02/14 12:32:39 AM","Rahim Yar Khan"
"267507","Muhammad ALi","DR-818","EMDS Call","Medical Emergency","Diabetic","2026/02/14 12:33:16 AM","Sadiqabad"
"267508","Nida Rahat","DR-1322","EMDS Call","Medical Emergency","Joints Pain","2026/02/14 12:43:32 AM","Rahim Yar Khan"
"267509","Fahad Hussain","DR-538","EMDS Call","Medical Emergency","Diabetic","2026/02/14 12:45:49 AM","Rahim Yar Khan"
"267510","Nida Rahat","DR-1322","EMDS Call","Medical Emergency","Abdominal Pain","2026/02/14 12:56:08 AM","Rahim Yar Khan"
"267511","Muhammad ALi","DR-818","EMDS Call","Medical Emergency","Vomiting","2026/02/14 01:40:29 AM","Rahim Yar Khan"
"267512","Fahad Hussain","DR-538","EMDS Call","Medical Emergency","Diabetic","2026/02/14 01:50:34 AM","Rahim Yar Khan"
"267513","Nida Rahat","DR-1322","EMDS Call","Medical Emergency","Others","2026/02/14 01:54:02 AM","Rahim Yar Khan"
"267514","Muhammad ALi","DR-818","EMDS Call","Medical Emergency","Others","2026/02/14 01:54:55 AM","Rahim Yar Khan"
"267515","Fahad Hussain","DR-538","EMDS Call","Medical Emergency","SOB/ Respiratory Distress","2026/02/14 01:58:07 AM","Khanpur"
"76291","Muhammad ALi","DR-818","Direct Call","Patient Transfer Service","N/A","2026/02/14 01:58:55 AM","Khanpur"
"76292","Muhammad ALi","DR-818","Direct Call","Patient Transfer Service","N/A","2026/02/14 02:04:12 AM","Khanpur"
"267516","Nida Rahat","DR-1322","EMDS Call","Medical Emergency","Chest Pain","2026/02/14 02:14:28 AM","Sadiqabad"
"267517","Muhammad ALi","DR-818","EMDS Call","Medical Emergency","Unconscious","2026/02/14 02:20:10 AM","Sadiqabad"
"267518","Nida Rahat","DR-1322","EMDS Call","Medical Emergency","Vomiting","2026/02/14 02:30:53 AM","Rahim Yar Khan"
"267519","Muhammad ALi","DR-818","EMDS Call","Medical Emergency","SOB/ Respiratory Distress","2026/02/14 02:34:50 AM","Rahim Yar Khan"
"267520","Fahad Hussain","DR-538","EMDS Call","Medical Emergency","Hypertension","2026/02/14 02:45:21 AM","Rahim Yar Khan"
"267521","Aasia Batool","MR-5198","EMDS Call","Medical Emergency","SOB/ Respiratory Distress","2026/02/14 03:26:21 AM","Sadiqabad"
"76293","Aasia Batool","MR-5198","Direct Call","Patient Transfer Service","N/A","2026/02/14 03:28:32 AM","Sadiqabad"
"267522","Sheeza Barkat","MR-5331","EMDS Call","Medical Emergency","Others","2026/02/14 03:27:43 AM","Khanpur"
"267523","Aasia Batool","MR-5198","EMDS Call","Medical Emergency","Hypotension","2026/02/14 03:30:36 AM","Liaqatpur"
"267524","Muhammad Tariq Hameed","DR-885","EMDS Call","Medical Emergency","SOB/ Respiratory Distress","2026/02/14 03:35:13 AM","Sadiqabad"
"267525","Aasia Batool","MR-5198","EMDS Call","Medical Emergency","Vomiting","2026/02/14 03:59:47 AM","Rahim Yar Khan"
"267526","Sheeza Barkat","MR-5331","EMDS Call","Medical Emergency","SOB/ Respiratory Distress","2026/02/14 04:05:10 AM","Liaqatpur"
"267527","Muhammad Tariq Hameed","DR-885","EMDS Call","Medical Emergency","Unconscious","2026/02/14 04:06:29 AM","Khanpur"
"267528","Sheeza Barkat","MR-5331","EMDS Call","Medical Emergency","SOB/ Respiratory Distress","2026/02/14 04:19:51 AM","Rahim Yar Khan"
"267529","Sheeza Barkat","MR-5331","EMDS Call","Medical Emergency","Chest Pain","2026/02/14 04:23:05 AM","Sadiqabad"
"267530","Muhammad Tariq Hameed","DR-885","EMDS Call","Medical Emergency","High Fever","2026/02/14 04:20:21 AM","Liaqatpur"
"267531","Muhammad Tariq Hameed","DR-885","EMDS Call","Medical Emergency","SOB/ Respiratory Distress","2026/02/14 04:41:18 AM","Rahim Yar Khan"
"267532","Sheeza Barkat","MR-5331","EMDS Call","Medical Emergency","Chronic Illness","2026/02/14 04:55:54 AM","Rahim Yar Khan"
"267534","Muhammad Tariq Hameed","DR-885","EMDS Call","Medical Emergency","Domestic Injuries","2026/02/14 04:57:30 AM","Rahim Yar Khan"
"267533","Sheeza Barkat","MR-5331","EMDS Call","Medical Emergency","Others","2026/02/14 05:04:47 AM","Sadiqabad"
"267535","Aasia Batool","MR-5198","EMDS Call","Medical Emergency","Unconscious","2026/02/14 05:13:40 AM","Liaqatpur"
"267536","Sheeza Barkat","MR-5331","EMDS Call","Medical Emergency","Renal Disorders / Renal Colic ","2026/02/14 05:28:40 AM","Sadiqabad"
"267537","Aasia Batool","MR-5198","EMDS Call","Medical Emergency","Joints Pain","2026/02/14 05:39:26 AM","Rahim Yar Khan"
"267538","Muhammad Tariq Hameed","DR-885","EMDS Call","Medical Emergency","SOB/ Respiratory Distress","2026/02/14 05:53:49 AM","Khanpur"
"76294","Sheeza Barkat","MR-5331","Direct Call","Patient Transfer Service","N/A","2026/02/14 06:06:00 AM","Sadiqabad"
"267539","Aasia Batool","MR-5198","EMDS Call","Medical Emergency","Others","2026/02/14 06:06:17 AM","Rahim Yar Khan"
"267540","Sheeza Barkat","MR-5331","EMDS Call","Medical Emergency","Diabetic","2026/02/14 06:16:37 AM","Sadiqabad"
"267541","Muhammad Tariq Hameed","DR-885","EMDS Call","Medical Emergency","Abdominal Pain","2026/02/14 06:17:12 AM","Sadiqabad"
"76295","Sheeza Barkat","MR-5331","Direct Call","Patient Transfer Service","N/A","2026/02/14 06:21:54 AM","Sadiqabad"
"267542","Muhammad Tariq Hameed","DR-885","Direct Call","Medical Emergency","Diabetic","2026/02/14 06:24:31 AM","Khanpur"
"267544","Aasia Batool","MR-5198","EMDS Call","Road Crash","Bleeding","2026/02/14 06:35:48 AM","Liaqatpur"
"267543","Muhammad Tariq Hameed","DR-885","EMDS Call","Medical Emergency","Abdominal Pain","2026/02/14 06:35:28 AM","Rahim Yar Khan"
"267545","Muhammad Tariq Hameed","DR-885","EMDS Call","Medical Emergency","Unconscious","2026/02/14 06:50:30 AM","Khanpur"
"267546","Sheeza Barkat","MR-5331","EMDS Call","Medical Emergency","Abdominal Pain","2026/02/14 06:51:51 AM","Sadiqabad"
"267547","Nida Rahat","DR-1322","EMDS Call","Medical Emergency","Vomiting","2026/02/14 06:58:00 AM","Sadiqabad"
"267548","Aasia Batool","MR-5198","EMDS Call","Rescue Operations","Delivery Case","2026/02/14 07:18:38 AM","Sadiqabad"
"267549","Nida Rahat","DR-1322","EMDS Call","Medical Emergency","SOB/ Respiratory Distress","2026/02/14 07:41:05 AM","Liaqatpur"
"267550","Aasia Batool","MR-5198","Direct Call","Rescue Operations","Mass Event Coverage","2026/02/14 07:47:38 AM","Rahim Yar Khan"
"267551","Muhammad Rashid Saleem","DR-187","EMDS Call","Medical Emergency","High Fever","2026/02/14 07:49:05 AM","Liaqatpur"
"267552","Nida Rahat","DR-1322","EMDS Call","Medical Emergency","Others","2026/02/14 07:50:26 AM","Rahim Yar Khan"
"267553","Aasia Batool","MR-5198","EMDS Call","Crime","Physical Assault/Violence","2026/02/14 07:52:51 AM","Khanpur"
"267554","Aasia Batool","MR-5198","Direct Call","Rescue Operations","Mass Event Coverage","2026/02/14 08:03:28 AM","Rahim Yar Khan"
"267555","Saira Bibi","MR-5494","EMDS Call","Medical Emergency","Chronic Illness","2026/02/14 08:18:30 AM","Sadiqabad"
"267556","Saira Bibi","MR-5494","Direct Call","Medical Emergency","High Fever","2026/02/14 08:21:06 AM","Rahim Yar Khan"
"267557","Bushra Saleem","MR-5701","EMDS Call","Medical Emergency","Renal Disorders / Renal Colic ","2026/02/14 08:24:08 AM","Sadiqabad"
"267558","Saira Bibi","MR-5494","EMDS Call","Medical Emergency","Unconscious","2026/02/14 08:31:38 AM","Rahim Yar Khan"
"267559","Bushra Saleem","MR-5701","EMDS Call","Road Crash","Minor Injuries","2026/02/14 08:41:23 AM","Rahim Yar Khan"
"267560","Saira Bibi","MR-5494","EMDS Call","Fire","Others","2026/02/14 08:42:54 AM","Sadiqabad"
"76296","Saira Bibi","MR-5494","Direct Call","Patient Transfer Service","N/A","2026/02/14 08:46:17 AM","Khanpur"
"267561","Bushra Saleem","MR-5701","EMDS Call","Medical Emergency","Domestic Injuries","2026/02/14 09:06:46 AM","Rahim Yar Khan"
"267562","Muhammad Rashid Saleem","DR-187","EMDS Call","Rescue Operations","Work/Occupational Injuries","2026/02/14 09:12:25 AM","Liaqatpur"
"76297","Bushra Saleem","MR-5701","Direct Call","Patient Transfer Service","N/A","2026/02/14 09:13:47 AM","Rahim Yar Khan"
"267563","Adil Iqbal","DR-782","EMDS Call","Medical Emergency","Renal Disorders / Renal Colic ","2026/02/14 09:17:50 AM","Rahim Yar Khan"
"267564","Bushra Saleem","MR-5701","EMDS Call","Medical Emergency","Others","2026/02/14 09:20:37 AM","Rahim Yar Khan"
"267565","Adil Iqbal","DR-782","EMDS Call","Road Crash","Bleeding","2026/02/14 09:35:08 AM","Liaqatpur"
"267566","Muhammad Rashid Saleem","DR-187","EMDS Call","Rescue Operations","Electric Shock","2026/02/14 09:37:07 AM","Rahim Yar Khan"
"267567","Bushra Saleem","MR-5701","EMDS Call","Rescue Operations","Animal/Bird Rescue","2026/02/14 09:36:19 AM","Rahim Yar Khan"
"267568","Adil Iqbal","DR-782","EMDS Call","Crime","Physical Assault/Violence","2026/02/14 09:43:08 AM","Khanpur"
"267569","Adil Iqbal","DR-782","EMDS Call","Crime","Physical Assault/Violence","2026/02/14 09:47:29 AM","Khanpur"
"267570","Muhammad Arshad","DR-198","EMDS Call","Medical Emergency","Others","2026/02/14 09:51:50 AM","Rahim Yar Khan"
"267571","Saira Bibi","MR-5494","EMDS Call","Road Crash","Multiple Fractures","2026/02/14 10:04:26 AM","Sadiqabad"
"76298","Muhammad Rashid Saleem","DR-187","Direct Call","Patient Transfer Service","N/A","2026/02/14 10:26:24 AM","Sadiqabad"
"267572","Shahla Nawaz","DR-185","EMDS Call","Medical Emergency","Abdominal Pain","2026/02/14 10:24:38 AM","Sadiqabad"
"76299","Saira Bibi","MR-5494","Direct Call","Patient Transfer Service","N/A","2026/02/14 10:28:00 AM","Liaqatpur"
"267573","Muhammad Rashid Saleem","DR-187","EMDS Call","Medical Emergency","Chest Pain","2026/02/14 10:27:07 AM","Sadiqabad"
"267574","Saira Bibi","MR-5494","EMDS Call","Road Crash","Bleeding","2026/02/14 10:30:32 AM","Khanpur"
"267575","Shahla Nawaz","DR-185","EMDS Call","Medical Emergency","SOB/ Respiratory Distress","2026/02/14 10:30:49 AM","Rahim Yar Khan"
"267576","Muhammad Rashid Saleem","DR-187","EMDS Call","Medical Emergency","Vomiting","2026/02/14 10:31:34 AM","Rahim Yar Khan"
"267577","Shahla Nawaz","DR-185","EMDS Call","Medical Emergency","Abdominal Pain","2026/02/14 10:41:06 AM","Rahim Yar Khan"
"267578","Muhammad Rashid Saleem","DR-187","EMDS Call","Medical Emergency","Hypotension","2026/02/14 10:43:33 AM","Rahim Yar Khan"
"76300","Saira Bibi","MR-5494","Direct Call","Patient Transfer Service","N/A","2026/02/14 10:47:32 AM","Sadiqabad"
"267579","Muhammad Rashid Saleem","DR-187","EMDS Call","Medical Emergency","SOB/ Respiratory Distress","2026/02/14 11:01:55 AM","Rahim Yar Khan"
"267580","Shahla Nawaz","DR-185","EMDS Call","Road Crash","Multiple Fractures","2026/02/14 11:01:01 AM","Rahim Yar Khan"
"267581","Saira Bibi","MR-5494","EMDS Call","Medical Emergency","SOB/ Respiratory Distress","2026/02/14 11:03:21 AM","Sadiqabad"
"76301","Saira Bibi","MR-5494","Direct Call","Patient Transfer Service","N/A","2026/02/14 11:05:43 AM","Khanpur"
"267583","Saira Bibi","MR-5494","EMDS Call","Medical Emergency","Renal Disorders / Renal Colic ","2026/02/14 11:11:45 AM","Rahim Yar Khan"
"267582","Adil Iqbal","DR-782","EMDS Call","Road Crash","Minor Injuries","2026/02/14 11:11:56 AM","Rahim Yar Khan"
"267584","Saira Bibi","MR-5494","EMDS Call","Medical Emergency","Others","2026/02/14 11:21:18 AM","Khanpur"
"267585","Adil Iqbal","DR-782","EMDS Call","Road Crash","Multiple Fractures","2026/02/14 11:25:04 AM","Rahim Yar Khan"
"267586","Bushra Saleem","MR-5701","EMDS Call","Medical Emergency","Hypertension","2026/02/14 11:32:43 AM","Sadiqabad"
"267587","Muhammad Rashid Saleem","DR-187","Direct Call","Rescue Operations","Mass Event Coverage","2026/02/14 11:39:05 AM","Rahim Yar Khan"
"267588","Bushra Saleem","MR-5701","EMDS Call","Medical Emergency","Renal Disorders / Renal Colic ","2026/02/14 11:39:54 AM","Rahim Yar Khan"
"267589","Saira Bibi","MR-5494","EMDS Call","Medical Emergency","Domestic Injuries","2026/02/14 11:44:39 AM","Liaqatpur"
"76302","Bushra Saleem","MR-5701","Direct Call","Patient Transfer Service","N/A","2026/02/14 11:48:40 AM","Khanpur"
"76303","Shahla Nawaz","DR-185","Direct Call","Patient Transfer Service","N/A","2026/02/14 11:54:58 AM","Sadiqabad"
"267590","Shahla Nawaz","DR-185","EMDS Call","Rescue Operations","Delivery Case","2026/02/14 11:57:08 AM","Khanpur"
"267591","Adil Iqbal","DR-782","EMDS Call","Medical Emergency","SOB/ Respiratory Distress","2026/02/14 11:58:35 AM","Rahim Yar Khan"
"267592","Adil Iqbal","DR-782","EMDS Call","Medical Emergency","Abdominal Pain","2026/02/14 12:02:42 PM","Rahim Yar Khan"
"267595","Shahla Nawaz","DR-185","EMDS Call","Medical Emergency","Joints Pain","2026/02/14 12:04:15 PM","Rahim Yar Khan"
"267593","Bushra Saleem","MR-5701","EMDS Call","Medical Emergency","Unconscious","2026/02/14 12:04:26 PM","Sadiqabad"
"267594","Shahla Nawaz","DR-185","EMDS Call","Medical Emergency","Vomiting","2026/02/14 12:07:39 PM","Liaqatpur"
"267596","Muhammad Rashid Saleem","DR-187","EMDS Call","Medical Emergency","SOB/ Respiratory Distress","2026/02/14 12:07:47 PM","Khanpur"
"267597","Muhammad Rashid Saleem","DR-187","EMDS Call","Road Crash","Bleeding","2026/02/14 12:11:30 PM","Khanpur"
"267598","Shahla Nawaz","DR-185","EMDS Call","Medical Emergency","Others","2026/02/14 12:18:05 PM","Sadiqabad"
"267599","Bushra Saleem","MR-5701","EMDS Call","Medical Emergency","Others","2026/02/14 12:23:40 PM","Rahim Yar Khan"
"267600","Muhammad Rashid Saleem","DR-187","EMDS Call","Road Crash","Severe Trauma","2026/02/14 12:26:50 PM","Rahim Yar Khan"
"267601","Shahla Nawaz","DR-185","EMDS Call","Medical Emergency","Renal Disorders / Renal Colic ","2026/02/14 12:26:47 PM","Sadiqabad"
"267602","Shahla Nawaz","DR-185","EMDS Call","Medical Emergency","Others","2026/02/14 12:38:10 PM","Rahim Yar Khan"
"267603","Bushra Saleem","MR-5701","EMDS Call","Medical Emergency","Vomiting","2026/02/14 12:38:21 PM","Liaqatpur"
"267604","Muhammad Rashid Saleem","DR-187","EMDS Call","Road Crash","Bleeding","2026/02/14 12:53:53 PM","Rahim Yar Khan"
"267605","Muhammad Rashid Saleem","DR-187","EMDS Call","Medical Emergency","Abdominal Pain","2026/02/14 12:59:35 PM","Liaqatpur"
"267606","Muhammad Rashid Saleem","DR-187","EMDS Call","Road Crash","Bleeding","2026/02/14 01:05:19 PM","Rahim Yar Khan"
"267607","Shahla Nawaz","DR-185","EMDS Call","Medical Emergency","Epilepsy","2026/02/14 01:11:52 PM","Liaqatpur"
"267608","Bushra Saleem","MR-5701","EMDS Call","Road Crash","Minor Injuries","2026/02/14 01:11:36 PM","Khanpur"
"267609","Bushra Saleem","MR-5701","EMDS Call","Medical Emergency","Domestic Injuries","2026/02/14 01:14:57 PM","Rahim Yar Khan"
"267610","Shahla Nawaz","DR-185","EMDS Call","Rescue Operations","Delivery Case","2026/02/14 01:17:52 PM","Sadiqabad"
"267611","Muhammad Rashid Saleem","DR-187","EMDS Call","Medical Emergency","Abdominal Pain","2026/02/14 01:18:50 PM","Rahim Yar Khan"
"267612","Muhammad Rashid Saleem","DR-187","EMDS Call","Road Crash","Bleeding","2026/02/14 01:21:07 PM","Rahim Yar Khan"
"267613","Bushra Saleem","MR-5701","EMDS Call","Medical Emergency","Others","2026/02/14 01:21:45 PM","Rahim Yar Khan"
"267614","Shahla Nawaz","DR-185","EMDS Call","Medical Emergency","Abdominal Pain","2026/02/14 01:20:27 PM","Liaqatpur"
"267615","Bushra Saleem","MR-5701","EMDS Call","Road Crash","Minor Injuries","2026/02/14 01:24:27 PM","Khanpur"
"267616","Muhammad Rashid Saleem","DR-187","EMDS Call","Medical Emergency","Hypertension","2026/02/14 01:33:06 PM","Rahim Yar Khan"
"76304","Muhammad Rashid Saleem","DR-187","Direct Call","Patient Transfer Service","N/A","2026/02/14 01:42:56 PM","Liaqatpur"
"267617","Bushra Saleem","MR-5701","EMDS Call","Medical Emergency","Abdominal Pain","2026/02/14 01:43:26 PM","Khanpur"
"Not Assigned","Muhammad Rashid Saleem","DR-187","EMDS Call","Medical Emergency","Others","2026/02/14 01:52:00 PM","Rahim Yar Khan"
"267618","Muhammad Rashid Saleem","DR-187","EMDS Call","Road Crash","Bleeding","2026/02/14 01:56:49 PM","Rahim Yar Khan"
"267619","Shahla Nawaz","DR-185","EMDS Call","Medical Emergency","Others","2026/02/14 01:57:17 PM","Rahim Yar Khan"
"267620","Bushra Saleem","MR-5701","EMDS Call","Medical Emergency","Renal Disorders / Renal Colic ","2026/02/14 02:01:56 PM","Rahim Yar Khan"
"267621","Shahla Nawaz","DR-185","EMDS Call","Medical Emergency","SOB/ Respiratory Distress","2026/02/14 02:05:45 PM","Khanpur"
"267622","Muhammad Rashid Saleem","DR-187","EMDS Call","Medical Emergency","Others","2026/02/14 02:13:52 PM","Rahim Yar Khan"
"267623","Bushra Saleem","MR-5701","EMDS Call","Medical Emergency","Hypertension","2026/02/14 02:13:36 PM","Rahim Yar Khan"
"Not Assigned","Zupasha Zia","MR-5758","EMDS Call","Medical Emergency","Others","2026/02/14 02:22:52 PM","Liaqatpur"
"267625","Farah Sadaqat","MR-5930","EMDS Call","Medical Emergency","Others","2026/02/14 02:29:35 PM","Rahim Yar Khan"
"267626","Zupasha Zia","MR-5758","EMDS Call","Medical Emergency","Unconscious","2026/02/14 02:30:44 PM","Khanpur"
"267627","Farah Sadaqat","MR-5930","EMDS Call","Road Crash","Minor Injuries","2026/02/14 02:34:13 PM","Sadiqabad"
"267629","Maheen Tahir","MR-6017","EMDS Call","Road Crash","Multiple Fractures","2026/02/14 02:34:42 PM","Rahim Yar Khan"
"267628","Zupasha Zia","MR-5758","EMDS Call","Road Crash","Multiple Fractures","2026/02/14 02:37:35 PM","Sadiqabad"
"76305","Maheen Tahir","MR-6017","Direct Call","Patient Transfer Service","N/A","2026/02/14 02:42:54 PM","Liaqatpur"
"267630","Farah Sadaqat","MR-5930","EMDS Call","Medical Emergency","CVA/Stroke","2026/02/14 02:42:17 PM","Rahim Yar Khan"
"76306","Zupasha Zia","MR-5758","Direct Call","Patient Transfer Service","N/A","2026/02/14 02:51:30 PM","Sadiqabad"
"267631","Farah Sadaqat","MR-5930","EMDS Call","Road Crash","Bleeding","2026/02/14 02:52:47 PM","Liaqatpur"
"267633","Maheen Tahir","MR-6017","EMDS Call","Medical Emergency","Others","2026/02/14 02:51:00 PM","Rahim Yar Khan"
"267632","Zupasha Zia","MR-5758","EMDS Call","Medical Emergency","Hypertension","2026/02/14 02:51:35 PM","Sadiqabad"
"267634","Maheen Tahir","MR-6017","Direct Call","Medical Emergency","SOB/ Respiratory Distress","2026/02/14 02:56:12 PM","Rahim Yar Khan"
"267635","Zupasha Zia","MR-5758","EMDS Call","Fire","Others","2026/02/14 02:55:36 PM","Khanpur"
"267636","Zupasha Zia","MR-5758","EMDS Call","Medical Emergency","SOB/ Respiratory Distress","2026/02/14 03:09:24 PM","Liaqatpur"
"267637","Maheen Tahir","MR-6017","EMDS Call","Medical Emergency","Vomiting","2026/02/14 03:28:55 PM","Rahim Yar Khan"
"267638","Farah Sadaqat","MR-5930","EMDS Call","Road Crash","Bleeding","2026/02/14 03:36:25 PM","Rahim Yar Khan"
"267640","Maheen Tahir","MR-6017","EMDS Call","Medical Emergency","High Fever","2026/02/14 03:40:26 PM","Sadiqabad"
"267639","Zupasha Zia","MR-5758","EMDS Call","Medical Emergency","CVA/Stroke","2026/02/14 03:41:01 PM","Rahim Yar Khan"
"267641","Farah Sadaqat","MR-5930","EMDS Call","Rescue Operations","Vehicle Extrication","2026/02/14 03:41:26 PM","Rahim Yar Khan"
"76307","Zupasha Zia","MR-5758","Direct Call","Patient Transfer Service","N/A","2026/02/14 03:52:39 PM","Liaqatpur"
"267642","Maheen Tahir","MR-6017","EMDS Call","Road Crash","Bleeding","2026/02/14 03:51:09 PM","Rahim Yar Khan"
"Not Assigned","Zupasha Zia","MR-5758","EMDS Call","Medical Emergency","Unconscious","2026/02/14 04:00:40 PM","Khanpur"
"267645","Farah Sadaqat","MR-5930","EMDS Call","Medical Emergency","SOB/ Respiratory Distress","2026/02/14 04:02:23 PM","Rahim Yar Khan"
"267644","Zupasha Zia","MR-5758","EMDS Call","Medical Emergency","Others","2026/02/14 04:03:06 PM","Sadiqabad"
"267646","Maheen Tahir","MR-6017","EMDS Call","Road Crash","Minor Injuries","2026/02/14 04:07:02 PM","Rahim Yar Khan"
"267647","Farah Sadaqat","MR-5930","EMDS Call","Medical Emergency","Vomiting","2026/02/14 04:07:46 PM","Sadiqabad"
"267648","Zupasha Zia","MR-5758","EMDS Call","Medical Emergency","Unconscious","2026/02/14 04:09:01 PM","Khanpur"
"267650","Farah Sadaqat","MR-5930","EMDS Call","Road Crash","Minor Injuries","2026/02/14 04:10:02 PM","Sadiqabad"
"267649","Maheen Tahir","MR-6017","EMDS Call","Road Crash","Minor Injuries","2026/02/14 04:10:28 PM","Rahim Yar Khan"
"267651","Farah Sadaqat","MR-5930","EMDS Call","Medical Emergency","Others","2026/02/14 04:14:56 PM","Rahim Yar Khan"
"76308","Zupasha Zia","MR-5758","Direct Call","Patient Transfer Service","N/A","2026/02/14 04:21:53 PM","Sadiqabad"
"267652","Zupasha Zia","MR-5758","EMDS Call","Medical Emergency","Hypertension","2026/02/14 04:26:31 PM","Rahim Yar Khan"
"267653","Maheen Tahir","MR-6017","EMDS Call","Medical Emergency","High Fever","2026/02/14 04:27:30 PM","Rahim Yar Khan"
"267655","Farah Sadaqat","MR-5930","EMDS Call","Road Crash","Severe Trauma","2026/02/14 04:28:28 PM","Sadiqabad"
"267654","Maheen Tahir","MR-6017","Direct Call","Medical Emergency","High Fever","2026/02/14 04:30:29 PM","Rahim Yar Khan"
"76309","Zupasha Zia","MR-5758","Direct Call","Patient Transfer Service","N/A","2026/02/14 04:37:42 PM","Sadiqabad"
"267656","Farah Sadaqat","MR-5930","EMDS Call","Road Crash","Multiple Fractures","2026/02/14 04:46:19 PM","Rahim Yar Khan"
"267657","Farah Sadaqat","MR-5930","EMDS Call","Fall","Fall From Vehicle","2026/02/14 04:52:30 PM","Khanpur"
"76310","Zupasha Zia","MR-5758","Direct Call","Patient Transfer Service","N/A","2026/02/14 05:02:42 PM","Khanpur"
"267658","Farah Sadaqat","MR-5930","EMDS Call","Medical Emergency","Hypertension","2026/02/14 05:06:33 PM","Khanpur"
"267659","Zupasha Zia","MR-5758","EMDS Call","Road Crash","Minor Injuries","2026/02/14 05:09:33 PM","Rahim Yar Khan"
"76311","Farah Sadaqat","MR-5930","Direct Call","Patient Transfer Service","N/A","2026/02/14 05:11:19 PM","Khanpur"
"76312","Farah Sadaqat","MR-5930","Direct Call","Patient Transfer Service","N/A","2026/02/14 05:12:00 PM","Liaqatpur"
"267661","Maheen Tahir","MR-6017","EMDS Call","Medical Emergency","Joints Pain","2026/02/14 05:13:27 PM","Rahim Yar Khan"
"267660","Maheen Tahir","MR-6017","Direct Call","Medical Emergency","Others","2026/02/14 05:15:46 PM","Rahim Yar Khan"
"267662","Farah Sadaqat","MR-5930","EMDS Call","Medical Emergency","Others","2026/02/14 05:16:39 PM","Rahim Yar Khan"
"267663","Zupasha Zia","MR-5758","EMDS Call","Rescue Operations","Delivery Case","2026/02/14 05:16:10 PM","Rahim Yar Khan"
"267664","Zupasha Zia","MR-5758","EMDS Call","Crime","Probable Suicide","2026/02/14 05:19:15 PM","Rahim Yar Khan"
"267665","Maheen Tahir","MR-6017","EMDS Call","Road Crash","Bleeding","2026/02/14 05:19:07 PM","Khanpur"
"267666","Farah Sadaqat","MR-5930","EMDS Call","Medical Emergency","SOB/ Respiratory Distress","2026/02/14 05:29:12 PM","Rahim Yar Khan"
"267667","Zupasha Zia","MR-5758","EMDS Call","Medical Emergency","Others","2026/02/14 05:30:57 PM","Rahim Yar Khan"
"267668","Maheen Tahir","MR-6017","EMDS Call","Road Crash","Bleeding","2026/02/14 05:31:26 PM","Sadiqabad"
"267669","Maheen Tahir","MR-6017","EMDS Call","Medical Emergency","Hypertension","2026/02/14 05:35:41 PM","Rahim Yar Khan"
"267670","Zupasha Zia","MR-5758","EMDS Call","Medical Emergency","Domestic Injuries","2026/02/14 05:36:34 PM","Sadiqabad"
"267671","Farah Sadaqat","MR-5930","EMDS Call","Road Crash","Severe Trauma","2026/02/14 05:53:54 PM","Khanpur"
"267672","Zupasha Zia","MR-5758","EMDS Call","Road Crash","Bleeding","2026/02/14 06:01:58 PM","Liaqatpur"
"267673","Maheen Tahir","MR-6017","EMDS Call","Medical Emergency","Abdominal Pain","2026/02/14 06:04:12 PM","Rahim Yar Khan"
"267674","Zupasha Zia","MR-5758","EMDS Call","Medical Emergency","High Fever","2026/02/14 06:06:37 PM","Rahim Yar Khan"
"267675","Maheen Tahir","MR-6017","EMDS Call","Medical Emergency","Domestic Injuries","2026/02/14 06:10:52 PM","Sadiqabad"
"267676","Zupasha Zia","MR-5758","EMDS Call","Medical Emergency","Chronic Illness","2026/02/14 06:21:10 PM","Rahim Yar Khan"
"267677","Farah Sadaqat","MR-5930","EMDS Call","Road Crash","Minor Injuries","2026/02/14 06:37:51 PM","Rahim Yar Khan"
"267678","Maheen Tahir","MR-6017","EMDS Call","Medical Emergency","Hypertension","2026/02/14 06:41:05 PM","Sadiqabad"
"267679","Maheen Tahir","MR-6017","EMDS Call","Road Crash","Minor Injuries","2026/02/14 06:52:17 PM","Rahim Yar Khan"
"267680","Farah Sadaqat","MR-5930","EMDS Call","Road Crash","Bleeding","2026/02/14 06:56:50 PM","Rahim Yar Khan"
"267680","Farah Sadaqat","MR-5930","EMDS Call","Road Crash","Bleeding","2026/02/14 06:56:50 PM","Rahim Yar Khan"
"267680","Farah Sadaqat","MR-5930","EMDS Call","Road Crash","Bleeding","2026/02/14 06:56:50 PM","Rahim Yar Khan"
"267681","Farah Sadaqat","MR-5930","EMDS Call","Road Crash","Bleeding","2026/02/14 06:59:44 PM","Sadiqabad"
"76313","Maheen Tahir","MR-6017","Direct Call","Patient Transfer Service","N/A","2026/02/14 07:02:06 PM","Sadiqabad"
"76314","Farah Sadaqat","MR-5930","Direct Call","Patient Transfer Service","N/A","2026/02/14 07:03:59 PM","Khanpur"
"267682","Farah Sadaqat","MR-5930","EMDS Call","Medical Emergency","High Fever","2026/02/14 07:04:08 PM","Rahim Yar Khan"
"267683","Maheen Tahir","MR-6017","EMDS Call","Medical Emergency","Abdominal Pain","2026/02/14 07:05:06 PM","Khanpur"
"267684","Farah Sadaqat","MR-5930","EMDS Call","Medical Emergency","Chest Pain","2026/02/14 07:23:01 PM","Liaqatpur"
"267685","Farah Sadaqat","MR-5930","EMDS Call","Medical Emergency","Others","2026/02/14 07:26:35 PM","Rahim Yar Khan"
"267686","Farah Sadaqat","MR-5930","EMDS Call","Rescue Operations","Delivery Case","2026/02/14 07:40:44 PM","Rahim Yar Khan"
"267687","Maheen Tahir","MR-6017","EMDS Call","Medical Emergency","Others","2026/02/14 07:44:28 PM","Rahim Yar Khan"
"267688","Farah Sadaqat","MR-5930","EMDS Call","Road Crash","Bleeding","2026/02/14 07:43:26 PM","Rahim Yar Khan"
"267689","Farah Sadaqat","MR-5930","EMDS Call","Crime","Bullet Injury","2026/02/14 07:50:13 PM","Rahim Yar Khan"
"267690","Maheen Tahir","MR-6017","EMDS Call","Medical Emergency","Abdominal Pain","2026/02/14 07:50:45 PM","Sadiqabad"
"267691","Zupasha Zia","MR-5758","EMDS Call","Medical Emergency","Hypertension","2026/02/14 08:07:40 PM","Rahim Yar Khan"
"267692","Maheen Tahir","MR-6017","EMDS Call","Medical Emergency","Vomiting","2026/02/14 08:09:28 PM","Rahim Yar Khan"
"267693","Zupasha Zia","MR-5758","EMDS Call","Medical Emergency","Others","2026/02/14 08:11:17 PM","Rahim Yar Khan"
"267694","Farah Sadaqat","MR-5930","EMDS Call","Road Crash","Bleeding","2026/02/14 08:24:15 PM","Sadiqabad"
"267695","Zupasha Zia","MR-5758","EMDS Call","Medical Emergency","Others","2026/02/14 08:24:21 PM","Sadiqabad"
"267696","Farah Sadaqat","MR-5930","EMDS Call","Medical Emergency","Others","2026/02/14 08:26:49 PM","Rahim Yar Khan"
"267697","Maheen Tahir","MR-6017","EMDS Call","Medical Emergency","SOB/ Respiratory Distress","2026/02/14 08:25:02 PM","Liaqatpur"
"267698","Zupasha Zia","MR-5758","EMDS Call","Medical Emergency","Hypertension","2026/02/14 08:28:12 PM","Rahim Yar Khan"
"267699","Maheen Tahir","MR-6017","EMDS Call","Road Crash","Bleeding","2026/02/14 08:29:43 PM","Sadiqabad"
"267699","Maheen Tahir","MR-6017","EMDS Call","Road Crash","Bleeding","2026/02/14 08:29:43 PM","Sadiqabad"
"267700","Muhammad Fiaz","DR-206","EMDS Call","Fire","Others","2026/02/14 08:40:25 PM","Liaqatpur"
"267701","Muhammad Fiaz","DR-206","EMDS Call","Medical Emergency","SOB/ Respiratory Distress","2026/02/14 08:41:28 PM","Rahim Yar Khan"
"267702","Nida Rahat","DR-1322","EMDS Call","Medical Emergency","Hypertension","2026/02/14 08:41:51 PM","Rahim Yar Khan"
"267703","Muhammad Fiaz","DR-206","EMDS Call","Medical Emergency","Domestic Injuries","2026/02/14 08:51:35 PM","Rahim Yar Khan"
"76315","Saima Bashir","MR-5819","Direct Call","Patient Transfer Service","N/A","2026/02/14 09:08:03 PM","Sadiqabad"
"267704","Nida Rahat","DR-1322","EMDS Call","Medical Emergency","Hypertension","2026/02/14 09:06:07 PM","Liaqatpur"
"267705","Muhammad Fiaz","DR-206","EMDS Call","Medical Emergency","High Fever","2026/02/14 09:08:47 PM","Rahim Yar Khan"
"267706","Muhammad Fiaz","DR-206","EMDS Call","Medical Emergency","SOB/ Respiratory Distress","2026/02/14 09:13:06 PM","Sadiqabad"
"267707","Nida Rahat","DR-1322","EMDS Call","Medical Emergency","Others","2026/02/14 09:17:08 PM","Rahim Yar Khan"
"267708","Muhammad Fiaz","DR-206","EMDS Call","Road Crash","Severe Trauma","2026/02/14 09:32:51 PM","Rahim Yar Khan"
"267708","Muhammad Fiaz","DR-206","EMDS Call","Road Crash","Severe Trauma","2026/02/14 09:32:51 PM","Rahim Yar Khan"
"267709","Zia ul Haq","DR-328","Direct Call","Medical Emergency","Others","2026/02/14 09:39:20 PM","Rahim Yar Khan"
"267710","Nida Rahat","DR-1322","EMDS Call","Road Crash","Minor Injuries","2026/02/14 09:40:32 PM","Rahim Yar Khan"
"76316","Saima Bashir","MR-5819","Direct Call","Patient Transfer Service","N/A","2026/02/14 09:45:39 PM","Sadiqabad"
"267711","Muhammad Fiaz","DR-206","EMDS Call","Medical Emergency","Unconscious","2026/02/14 09:52:35 PM","Rahim Yar Khan"
"267712","Nida Rahat","DR-1322","EMDS Call","Medical Emergency","Renal Disorders / Renal Colic ","2026/02/14 09:57:55 PM","Rahim Yar Khan"
"76317","Saima Bashir","MR-5819","Direct Call","Patient Transfer Service","N/A","2026/02/14 10:00:47 PM","Sadiqabad"
"267713","Muhammad Fiaz","DR-206","EMDS Call","Medical Emergency","Others","2026/02/14 10:01:35 PM","Rahim Yar Khan"
"267714","Nida Rahat","DR-1322","EMDS Call","Medical Emergency","SOB/ Respiratory Distress","2026/02/14 10:02:09 PM","Rahim Yar Khan"
"267715","Nida Rahat","DR-1322","EMDS Call","Medical Emergency","Others","2026/02/14 10:10:23 PM","Rahim Yar Khan"
"267716","Muhammad Fiaz","DR-206","EMDS Call","Medical Emergency","SOB/ Respiratory Distress","2026/02/14 10:16:39 PM","Liaqatpur"
"76318","Muhammad Fiaz","DR-206","Direct Call","Patient Transfer Service","N/A","2026/02/14 10:21:21 PM","Khanpur"
"267717","Muhammad Fiaz","DR-206","EMDS Call","Medical Emergency","Others","2026/02/14 10:22:25 PM","Rahim Yar Khan"
"267718","Muhammad Fiaz","DR-206","EMDS Call","Medical Emergency","High Fever","2026/02/14 10:27:25 PM","Rahim Yar Khan"
"267719","Muhammad Fiaz","DR-206","EMDS Call","Medical Emergency","Hypertension","2026/02/14 10:32:15 PM","Rahim Yar Khan"
"267720","Nida Rahat","DR-1322","EMDS Call","Road Crash","Bleeding","2026/02/14 10:33:42 PM","Khanpur"
"267721","Muhammad Fiaz","DR-206","EMDS Call","Medical Emergency","Others","2026/02/14 10:42:44 PM","Rahim Yar Khan"
"267722","Muhammad Fiaz","DR-206","EMDS Call","Rescue Operations","Snake Emergency","2026/02/14 10:58:50 PM","Khanpur"
"267723","Saima Bashir","MR-5819","EMDS Call","Medical Emergency","Vomiting","2026/02/14 11:02:22 PM","Rahim Yar Khan"
"267724","Muhammad Fiaz","DR-206","EMDS Call","Rescue Operations","Delivery Case","2026/02/14 11:02:48 PM","Rahim Yar Khan"
"267725","Muhammad Fiaz","DR-206","Direct Call","Medical Emergency","Chronic Illness","2026/02/14 11:07:02 PM","Sadiqabad"
"267726","Saima Bashir","MR-5819","EMDS Call","Medical Emergency","SOB/ Respiratory Distress","2026/02/14 11:09:49 PM","Rahim Yar Khan"
"267727","Muhammad Fiaz","DR-206","EMDS Call","Medical Emergency","SOB/ Respiratory Distress","2026/02/14 11:10:23 PM","Rahim Yar Khan"
"267728","Muhammad Fiaz","DR-206","EMDS Call","Medical Emergency","Others","2026/02/14 11:32:20 PM","Sadiqabad"
"267729","Saima Bashir","MR-5819","EMDS Call","Medical Emergency","Others","2026/02/14 11:36:07 PM","Rahim Yar Khan"
"267730","Muhammad Fiaz","DR-206","EMDS Call","Medical Emergency","Others","2026/02/14 11:48:47 PM","Rahim Yar Khan"
"76319","Nida Rahat","DR-1322","Direct Call","Patient Transfer Service","N/A","2026/02/14 11:50:30 PM","Sadiqabad"
"267731","Saima Bashir","MR-5819","EMDS Call","Medical Emergency","Abdominal Pain","2026/02/15 12:04:43 AM","Rahim Yar Khan"
"267731","Saima Bashir","MR-5819","EMDS Call","Medical Emergency","Abdominal Pain","2026/02/15 12:04:43 AM","Rahim Yar Khan"
"267732","Muhammad Fiaz","DR-206","EMDS Call","Medical Emergency","Others","2026/02/15 12:12:41 AM","Sadiqabad"
"267733","Muhammad Fiaz","DR-206","Direct Call","Rescue Operations","Mass Event Coverage","2026/02/15 12:15:18 AM","Sadiqabad"
"267734","Saima Bashir","MR-5819","EMDS Call","Medical Emergency","Others","2026/02/15 12:15:59 AM","Khanpur"
"76320","Muhammad Fiaz","DR-206","Direct Call","Patient Transfer Service","N/A","2026/02/15 12:18:48 AM","Sadiqabad"
"267735","Muhammad Fiaz","DR-206","EMDS Call","Medical Emergency","Renal Disorders / Renal Colic ","2026/02/15 12:24:58 AM","Rahim Yar Khan"
"267736","Muhammad Fiaz","DR-206","EMDS Call","Medical Emergency","SOB/ Respiratory Distress","2026/02/15 12:29:04 AM","Khanpur"
"267738","Saima Bashir","MR-5819","EMDS Call","Medical Emergency","Renal Disorders / Renal Colic ","2026/02/15 12:37:11 AM","Rahim Yar Khan"
"267737","Muhammad Fiaz","DR-206","EMDS Call","Medical Emergency","Others","2026/02/15 12:38:17 AM","Sadiqabad"
"267739","Nida Rahat","DR-1322","EMDS Call","Medical Emergency","SOB/ Respiratory Distress","2026/02/15 12:38:20 AM","Rahim Yar Khan"
"267740","Saima Bashir","MR-5819","EMDS Call","Medical Emergency","Allergy","2026/02/15 12:55:49 AM","Sadiqabad"
"267741","Saima Bashir","MR-5819","EMDS Call","Medical Emergency","Renal Disorders / Renal Colic ","2026/02/15 01:01:59 AM","Rahim Yar Khan"
"267742","Muhammad Fiaz","DR-206","EMDS Call","Medical Emergency","Abdominal Pain","2026/02/15 01:08:55 AM","Rahim Yar Khan"
"267743","Nida Rahat","DR-1322","EMDS Call","Medical Emergency","Hypertension","2026/02/15 01:11:20 AM","Rahim Yar Khan"
"267744","Muhammad Fiaz","DR-206","EMDS Call","Road Crash","Minor Injuries","2026/02/15 01:14:01 AM","Rahim Yar Khan"
"267745","Saima Bashir","MR-5819","EMDS Call","Medical Emergency","Renal Disorders / Renal Colic ","2026/02/15 01:20:10 AM","Sadiqabad"
"267746","Nida Rahat","DR-1322","EMDS Call","Medical Emergency","High Fever","2026/02/15 01:30:22 AM","Khanpur"
"267747","Muhammad Fiaz","DR-206","EMDS Call","Medical Emergency","High Fever","2026/02/15 01:52:06 AM","Khanpur"
"267748","Saima Bashir","MR-5819","EMDS Call","Medical Emergency","SOB/ Respiratory Distress","2026/02/15 02:09:24 AM","Rahim Yar Khan"
"267749","Muhammad Fiaz","DR-206","EMDS Call","Medical Emergency","Others","2026/02/15 02:12:09 AM","Rahim Yar Khan"
"267750","Muhammad Fiaz","DR-206","EMDS Call","Medical Emergency","Abdominal Pain","2026/02/15 02:16:38 AM","Sadiqabad"
"267751","Muhammad Fiaz","DR-206","EMDS Call","Medical Emergency","Renal Disorders / Renal Colic ","2026/02/15 02:20:25 AM","Sadiqabad"
"267752","Nida Rahat","DR-1322","EMDS Call","Medical Emergency","Vomiting","2026/02/15 02:31:57 AM","Rahim Yar Khan"
"267753","Muhammad Fiaz","DR-206","EMDS Call","Rescue Operations","Delivery Case","2026/02/15 02:33:01 AM","Rahim Yar Khan"
"267754","Nida Rahat","DR-1322","EMDS Call","Medical Emergency","SOB/ Respiratory Distress","2026/02/15 02:51:47 AM","Sadiqabad"
"267755","Muhammad Fiaz","DR-206","EMDS Call","Medical Emergency","Diarrhea","2026/02/15 02:58:16 AM","Rahim Yar Khan"
"267756","Saima Bashir","MR-5819","EMDS Call","Medical Emergency","High Fever","2026/02/15 03:02:08 AM","Sadiqabad"
"267757","Muhammad Fiaz","DR-206","EMDS Call","Road Crash","Severe Trauma","2026/02/15 03:07:28 AM","Liaqatpur"
"267758","Muhammad Fiaz","DR-206","EMDS Call","Medical Emergency","Abdominal Pain","2026/02/15 03:25:34 AM","Khanpur"
"267759","Zahid Manzoor","DR-887","EMDS Call","Medical Emergency","Unconscious","2026/02/15 03:30:01 AM","Sadiqabad"
"267760","Zahid Manzoor","DR-887","EMDS Call","Medical Emergency","Domestic Injuries","2026/02/15 03:45:46 AM","Rahim Yar Khan"
"267761","Sheeza Barkat","MR-5331","EMDS Call","Medical Emergency","Others","2026/02/15 03:58:23 AM","Liaqatpur"
"267762","Zahid Manzoor","DR-887","EMDS Call","Medical Emergency","SOB/ Respiratory Distress","2026/02/15 04:00:45 AM","Rahim Yar Khan"
"76321","Sheeza Barkat","MR-5331","Direct Call","Patient Transfer Service","N/A","2026/02/15 04:19:38 AM","Sadiqabad"
"267763","Zahid Manzoor","DR-887","EMDS Call","Medical Emergency","Unconscious","2026/02/15 04:48:21 AM","Khanpur"
"267764","Aasia Batool","MR-5198","EMDS Call","Medical Emergency","Vomiting","2026/02/15 04:58:43 AM","Rahim Yar Khan"
"267765","Sheeza Barkat","MR-5331","EMDS Call","Medical Emergency","Diabetic","2026/02/15 05:15:52 AM","Rahim Yar Khan"
"267766","Zahid Manzoor","DR-887","EMDS Call","Medical Emergency","Chronic Illness","2026/02/15 05:23:29 AM","Sadiqabad"
"267767","Aasia Batool","MR-5198","EMDS Call","Medical Emergency","Vomiting","2026/02/15 05:26:55 AM","Liaqatpur"
"76322","Zahid Manzoor","DR-887","Direct Call","Patient Transfer Service","N/A","2026/02/15 05:33:43 AM","Khanpur"
"267768","Aasia Batool","MR-5198","EMDS Call","Medical Emergency","Unconscious","2026/02/15 06:09:52 AM","Sadiqabad"
"267769","Aasia Batool","MR-5198","EMDS Call","Medical Emergency","Diarrhea","2026/02/15 06:54:58 AM","Rahim Yar Khan"
"267770","Sheeza Barkat","MR-5331","EMDS Call","Medical Emergency","Unconscious","2026/02/15 06:55:33 AM","Sadiqabad"
"267771","Aasia Batool","MR-5198","EMDS Call","Medical Emergency","Chest Pain","2026/02/15 07:08:38 AM","Rahim Yar Khan"
"267773","Zahid Manzoor","DR-887","EMDS Call","Medical Emergency","Abdominal Pain","2026/02/15 07:10:09 AM","Rahim Yar Khan"
"267772","Sheeza Barkat","MR-5331","EMDS Call","Medical Emergency","Chest Pain","2026/02/15 07:11:15 AM","Liaqatpur"
"267774","Zahid Manzoor","DR-887","Direct Call","Rescue Operations","Mass Event Coverage","2026/02/15 07:14:50 AM","Khanpur"
"267776","Zahid Manzoor","DR-887","EMDS Call","Medical Emergency","Abdominal Pain","2026/02/15 07:23:17 AM","Liaqatpur"
"267775","Aasia Batool","MR-5198","EMDS Call","Medical Emergency","Hypertension","2026/02/15 07:23:48 AM","Rahim Yar Khan"
"267777","Sheeza Barkat","MR-5331","EMDS Call","Medical Emergency","Vomiting","2026/02/15 07:24:22 AM","Rahim Yar Khan"
"267778","Zupasha Zia","MR-5758","EMDS Call","Road Crash","Severe Trauma","2026/02/15 07:57:12 AM","Sadiqabad"
"267779","Zupasha Zia","MR-5758","EMDS Call","Medical Emergency","Diabetic","2026/02/15 08:11:42 AM","Khanpur"
"267780","Rana M. Usman","DR-200","Direct Call","Rescue Operations","Mass Event Coverage","2026/02/15 08:16:15 AM","Rahim Yar Khan"
"267781","Muhammad Riaz","DR-654","EMDS Call","Medical Emergency","Hypertension","2026/02/15 08:19:42 AM","Sadiqabad"
"267782","Zupasha Zia","MR-5758","EMDS Call","Fire","Others","2026/02/15 08:22:17 AM","Liaqatpur"
"267783","Zupasha Zia","MR-5758","EMDS Call","Road Crash","Severe Trauma","2026/02/15 08:26:58 AM","Khanpur"
"267784","Muhammad Riaz","DR-654","EMDS Call","Medical Emergency","Unconscious","2026/02/15 08:47:07 AM","Rahim Yar Khan"
"267785","Zupasha Zia","MR-5758","EMDS Call","Road Crash","Minor Injuries","2026/02/15 09:01:32 AM","Sadiqabad"
"267786","Muhammad Riaz","DR-654","EMDS Call","Medical Emergency","Others","2026/02/15 09:11:06 AM","Rahim Yar Khan"
"267787","Zupasha Zia","MR-5758","EMDS Call","Medical Emergency","Chest Pain","2026/02/15 09:10:16 AM","Sadiqabad"
"267788","Rana M. Usman","DR-200","EMDS Call","Road Crash","Bleeding","2026/02/15 09:13:22 AM","Rahim Yar Khan"
"267789","Zupasha Zia","MR-5758","EMDS Call","Road Crash","Multiple Fractures","2026/02/15 09:21:16 AM","Rahim Yar Khan"
"267790","Rana M. Usman","DR-200","EMDS Call","Medical Emergency","Others","2026/02/15 09:22:09 AM","Rahim Yar Khan"
"267791","Zupasha Zia","MR-5758","EMDS Call","Medical Emergency","SOB/ Respiratory Distress","2026/02/15 09:23:49 AM","Khanpur"
"267792","Zupasha Zia","MR-5758","EMDS Call","Medical Emergency","Domestic Injuries","2026/02/15 09:34:40 AM","Rahim Yar Khan"
"Not Assigned","Muhammad Riaz","DR-654","Direct Call","Community","Community Training","2026/02/15 09:41:49 AM","Rahim Yar Khan"
"76323","Rana M. Usman","DR-200","Direct Call","Patient Transfer Service","N/A","2026/02/15 09:43:37 AM","Sadiqabad"
"267793","Muhammad Riaz","DR-654","EMDS Call","Medical Emergency","Hypotension","2026/02/15 09:45:40 AM","Khanpur"
"267794","Rana M. Usman","DR-200","EMDS Call","Medical Emergency","Joints Pain","2026/02/15 09:50:41 AM","Rahim Yar Khan"
"267795","Rana M. Usman","DR-200","EMDS Call","Medical Emergency","High Fever","2026/02/15 09:54:08 AM","Liaqatpur"
"267796","Muhammad Riaz","DR-654","EMDS Call","Medical Emergency","Epilepsy","2026/02/15 09:59:06 AM","Sadiqabad"
"76324","Muhammad Riaz","DR-654","Direct Call","Patient Transfer Service","N/A","2026/02/15 10:02:07 AM","Khanpur"
"267798","Zupasha Zia","MR-5758","EMDS Call","Crime","Probable Suicide","2026/02/15 10:01:17 AM","Khanpur"
"267797","Muhammad Riaz","DR-654","EMDS Call","Rescue Operations","Electric Shock","2026/02/15 10:02:49 AM","Rahim Yar Khan"
"76325","Rana M. Usman","DR-200","Direct Call","Patient Transfer Service","N/A","2026/02/15 10:03:59 AM","Liaqatpur"
"267799","Muhammad Riaz","DR-654","EMDS Call","Medical Emergency","Others","2026/02/15 10:07:44 AM","Rahim Yar Khan"
"267801","Zupasha Zia","MR-5758","EMDS Call","Medical Emergency","Chest Pain","2026/02/15 10:11:14 AM","Khanpur"
"267800","Muhammad Riaz","DR-654","EMDS Call","Rescue Operations","Delivery Case","2026/02/15 10:12:50 AM","Rahim Yar Khan"
"76326","Muhammad Riaz","DR-654","Direct Call","Patient Transfer Service","N/A","2026/02/15 10:19:10 AM","Khanpur"
"267802","Rana M. Usman","DR-200","EMDS Call","Medical Emergency","SOB/ Respiratory Distress","2026/02/15 10:28:50 AM","Rahim Yar Khan"
"267803","Zupasha Zia","MR-5758","EMDS Call","Medical Emergency","Others","2026/02/15 10:29:13 AM","Rahim Yar Khan"
"267804","Muhammad Riaz","DR-654","EMDS Call","Medical Emergency","Others","2026/02/15 10:33:31 AM","Rahim Yar Khan"
"267805","Rana M. Usman","DR-200","EMDS Call","Medical Emergency","Hypertension","2026/02/15 10:33:38 AM","Liaqatpur"
"267806","Muhammad Riaz","DR-654","EMDS Call","Medical Emergency","Others","2026/02/15 10:35:10 AM","Rahim Yar Khan"
"267807","Rana M. Usman","DR-200","EMDS Call","Road Crash","Bleeding","2026/02/15 10:41:50 AM","Rahim Yar Khan"
"267808","Muhammad Riaz","DR-654","EMDS Call","Road Crash","Minor Injuries","2026/02/15 10:45:20 AM","Rahim Yar Khan"
"267809","Muhammad Riaz","DR-654","EMDS Call","Road Crash","Severe Trauma","2026/02/15 10:49:34 AM","Rahim Yar Khan"
"267809","Muhammad Riaz","DR-654","EMDS Call","Road Crash","Severe Trauma","2026/02/15 10:49:34 AM","Rahim Yar Khan"
"267810","Zupasha Zia","MR-5758","EMDS Call","Medical Emergency","Renal Disorders / Renal Colic ","2026/02/15 10:57:57 AM","Sadiqabad"
"267811","Rana M. Usman","DR-200","EMDS Call","Road Crash","Minor Injuries","2026/02/15 10:59:27 AM","Rahim Yar Khan"
"267812","Muhammad Riaz","DR-654","EMDS Call","Medical Emergency","Vomiting","2026/02/15 11:00:39 AM","Khanpur"
"267813","Muhammad Riaz","DR-654","EMDS Call","Medical Emergency","Renal Disorders / Renal Colic ","2026/02/15 11:15:19 AM","Rahim Yar Khan"
"267814","Rana M. Usman","DR-200","EMDS Call","Medical Emergency","Hypotension","2026/02/15 11:16:42 AM","Sadiqabad"
"267815","Muhammad Riaz","DR-654","Direct Call","Rescue Operations","Mass Event Coverage","2026/02/15 11:19:32 AM","Rahim Yar Khan"
"267816","Zupasha Zia","MR-5758","EMDS Call","Road Crash","Minor Injuries","2026/02/15 11:18:24 AM","Khanpur"
"267817","Zupasha Zia","MR-5758","EMDS Call","Medical Emergency","Hypotension","2026/02/15 11:21:43 AM","Khanpur"
"267818","Muhammad Riaz","DR-654","EMDS Call","Road Crash","Bleeding","2026/02/15 11:24:41 AM","Liaqatpur"
"267819","Rana M. Usman","DR-200","EMDS Call","Road Crash","Minor Injuries","2026/02/15 11:28:15 AM","Liaqatpur"
"267820","Muhammad Riaz","DR-654","EMDS Call","Rescue Operations","Delivery Case","2026/02/15 11:28:27 AM","Rahim Yar Khan"
"267821","Zupasha Zia","MR-5758","EMDS Call","Road Crash","Severe Trauma","2026/02/15 11:28:56 AM","Sadiqabad"
"267821","Zupasha Zia","MR-5758","EMDS Call","Road Crash","Severe Trauma","2026/02/15 11:28:56 AM","Sadiqabad"
"267822","Muhammad Riaz","DR-654","EMDS Call","Medical Emergency","Diabetic","2026/02/15 11:31:29 AM","Rahim Yar Khan"
"267823","Muhammad Riaz","DR-654","EMDS Call","Medical Emergency","Abdominal Pain","2026/02/15 11:34:29 AM","Rahim Yar Khan"
"267824","Rana M. Usman","DR-200","EMDS Call","Medical Emergency","Chronic Illness","2026/02/15 11:37:25 AM","Rahim Yar Khan"
"267825","Muhammad Riaz","DR-654","EMDS Call","Medical Emergency","Vomiting","2026/02/15 11:59:26 AM","Sadiqabad"
"267826","Zupasha Zia","MR-5758","EMDS Call","Medical Emergency","High Fever","2026/02/15 12:01:37 PM","Sadiqabad"
"267827","Muhammad Riaz","DR-654","EMDS Call","Medical Emergency","Others","2026/02/15 12:02:21 PM","Rahim Yar Khan"
"267828","Zupasha Zia","MR-5758","EMDS Call","Road Crash","Bleeding","2026/02/15 12:07:47 PM","Rahim Yar Khan"
"267829","Muhammad Riaz","DR-654","EMDS Call","Medical Emergency","Chest Pain","2026/02/15 12:08:00 PM","Khanpur"
"76327","Zupasha Zia","MR-5758","Direct Call","Patient Transfer Service","N/A","2026/02/15 12:12:18 PM","Sadiqabad"
"267830","Muhammad Fiaz","DR-206","EMDS Call","Medical Emergency","Others","2026/02/15 12:13:59 PM","Rahim Yar Khan"
"267831","Muhammad Riaz","DR-654","EMDS Call","Medical Emergency","SOB/ Respiratory Distress","2026/02/15 12:19:02 PM","Rahim Yar Khan"
"267832","Zupasha Zia","MR-5758","EMDS Call","Medical Emergency","Abdominal Pain","2026/02/15 12:20:15 PM","Liaqatpur"
"267833","Muhammad Fiaz","DR-206","EMDS Call","Medical Emergency","Unconscious","2026/02/15 12:25:36 PM","Khanpur"
"267834","Muhammad Riaz","DR-654","EMDS Call","Medical Emergency","Others","2026/02/15 12:27:02 PM","Sadiqabad"
"267835","Muhammad Fiaz","DR-206","EMDS Call","Road Crash","Minor Injuries","2026/02/15 12:29:04 PM","Rahim Yar Khan"
"267837","Muhammad Riaz","DR-654","EMDS Call","Medical Emergency","Others","2026/02/15 12:30:55 PM","Rahim Yar Khan"
"Not Assigned","Muhammad Rashid Saleem","DR-187","EMDS Call","Medical Emergency","Chest Pain","2026/02/15 12:30:58 PM","Liaqatpur"
"267836","Muhammad Fiaz","DR-206","EMDS Call","Medical Emergency","Others","2026/02/15 12:33:05 PM","Rahim Yar Khan"
"267838","Zupasha Zia","MR-5758","EMDS Call","Medical Emergency","Vomiting","2026/02/15 12:39:14 PM","Rahim Yar Khan"
"267839","Muhammad Fiaz","DR-206","EMDS Call","Medical Emergency","Renal Disorders / Renal Colic ","2026/02/15 12:43:54 PM","Liaqatpur"
"267840","Muhammad Rashid Saleem","DR-187","EMDS Call","Medical Emergency","High Fever","2026/02/15 12:45:08 PM","Rahim Yar Khan"
"267841","Muhammad Rashid Saleem","DR-187","EMDS Call","Medical Emergency","SOB/ Respiratory Distress","2026/02/15 12:48:04 PM","Liaqatpur"
"267842","Muhammad Fiaz","DR-206","EMDS Call","Road Crash","Bleeding","2026/02/15 12:52:51 PM","Liaqatpur"
"267842","Muhammad Fiaz","DR-206","EMDS Call","Road Crash","Bleeding","2026/02/15 12:52:51 PM","Liaqatpur"
"267843","Muhammad Fiaz","DR-206","EMDS Call","Medical Emergency","Abdominal Pain","2026/02/15 12:54:19 PM","Sadiqabad"
"267844","Zupasha Zia","MR-5758","EMDS Call","Rescue Operations","Delivery Case","2026/02/15 01:03:19 PM","Rahim Yar Khan"
"267845","Muhammad Riaz","DR-654","EMDS Call","Medical Emergency","Others","2026/02/15 01:12:07 PM","Rahim Yar Khan"
"267846","Zupasha Zia","MR-5758","EMDS Call","Medical Emergency","Domestic Injuries","2026/02/15 01:20:38 PM","Liaqatpur"
"267847","Muhammad Fiaz","DR-206","EMDS Call","Road Crash","Minor Injuries","2026/02/15 01:27:56 PM","Rahim Yar Khan"
"267848","Muhammad Riaz","DR-654","EMDS Call","Road Crash","Minor Injuries","2026/02/15 01:34:18 PM","Sadiqabad"
"267849","Muhammad Riaz","DR-654","EMDS Call","Medical Emergency","Vomiting","2026/02/15 01:59:50 PM","Khanpur"
"267850","Muhammad Riaz","DR-654","EMDS Call","Road Crash","Minor Injuries","2026/02/15 02:03:00 PM","Rahim Yar Khan"
"76328","Muhammad Riaz","DR-654","Direct Call","Patient Transfer Service","N/A","2026/02/15 02:10:42 PM","Sadiqabad"
"267851","Faiz Muhyy Ul Din","DR-892","EMDS Call","Road Crash","Minor Injuries","2026/02/15 02:11:04 PM","Khanpur"
"267852","Farah Sadaqat","MR-5930","EMDS Call","Medical Emergency","Others","2026/02/15 02:21:04 PM","Rahim Yar Khan"
"Not Assigned","Faiz Muhyy Ul Din","DR-892","EMDS Call","Fire","Others","2026/02/15 02:25:44 PM","Sadiqabad"
"267854","Maheen Tahir","MR-6017","EMDS Call","Fire","Short Circuit","2026/02/15 02:25:11 PM","Rahim Yar Khan"
"267855","Faiz Muhyy Ul Din","DR-892","EMDS Call","Road Crash","Bleeding","2026/02/15 02:29:08 PM","Sadiqabad"
"267856","Faiz Muhyy Ul Din","DR-892","EMDS Call","Rescue Operations","Delivery Case","2026/02/15 02:32:17 PM","Khanpur"
"267857","Faiz Muhyy Ul Din","DR-892","EMDS Call","Medical Emergency","Others","2026/02/15 02:35:48 PM","Rahim Yar Khan"
"267858","Shaheen Islam","DR-1171","EMDS Call","Medical Emergency","Unconscious","2026/02/15 02:49:24 PM","Khanpur"
"267859","Maheen Tahir","MR-6017","EMDS Call","Road Crash","Minor Injuries","2026/02/15 02:56:49 PM","Rahim Yar Khan"
"76329","Farah Sadaqat","MR-5930","Direct Call","Patient Transfer Service","N/A","2026/02/15 02:58:27 PM","Liaqatpur"
"267860","Farah Sadaqat","MR-5930","EMDS Call","Road Crash","Multiple Fractures","2026/02/15 03:00:13 PM","Liaqatpur"
"267860","Farah Sadaqat","MR-5930","EMDS Call","Road Crash","Multiple Fractures","2026/02/15 03:00:13 PM","Liaqatpur"
"76330","Farah Sadaqat","MR-5930","Direct Call","Patient Transfer Service","N/A","2026/02/15 03:04:15 PM","Liaqatpur"
"267861","Farah Sadaqat","MR-5930","EMDS Call","Road Crash","Severe Trauma","2026/02/15 03:06:33 PM","Rahim Yar Khan"
"76331","Maheen Tahir","MR-6017","Direct Call","Patient Transfer Service","N/A","2026/02/15 03:07:45 PM","Khanpur"
"267862","Farah Sadaqat","MR-5930","EMDS Call","Medical Emergency","Hypotension","2026/02/15 03:10:11 PM","Sadiqabad"
"267863","Farah Sadaqat","MR-5930","Direct Call","Medical Emergency","SOB/ Respiratory Distress","2026/02/15 03:12:28 PM","Rahim Yar Khan"
"267864","Maheen Tahir","MR-6017","EMDS Call","Medical Emergency","Others","2026/02/15 03:14:32 PM","Sadiqabad"
"267865","Farah Sadaqat","MR-5930","EMDS Call","Medical Emergency","Others","2026/02/15 03:16:51 PM","Rahim Yar Khan"
"267866","Maheen Tahir","MR-6017","EMDS Call","Road Crash","Severe Trauma","2026/02/15 03:27:38 PM","Khanpur"
"267867","Maheen Tahir","MR-6017","EMDS Call","Road Crash","Bleeding","2026/02/15 03:32:20 PM","Rahim Yar Khan"
"267868","Maheen Tahir","MR-6017","Direct Call","Medical Emergency","Others","2026/02/15 03:35:50 PM","Rahim Yar Khan"
"267869","Maheen Tahir","MR-6017","EMDS Call","Road Crash","Bleeding","2026/02/15 03:44:06 PM","Khanpur"
"267873","Shaheen Islam","DR-1171","EMDS Call","Medical Emergency","CVA/Stroke","2026/02/15 03:43:39 PM","Khanpur"
"267870","Maheen Tahir","MR-6017","EMDS Call","Medical Emergency","Others","2026/02/15 03:44:38 PM","Sadiqabad"
"267871","Shaheen Islam","DR-1171","EMDS Call","Road Crash","Multiple Fractures","2026/02/15 03:46:21 PM","Rahim Yar Khan"
"267872","Farah Sadaqat","MR-5930","EMDS Call","Medical Emergency","Others","2026/02/15 03:48:11 PM","Rahim Yar Khan"
"267874","Farah Sadaqat","MR-5930","EMDS Call","Medical Emergency","Others","2026/02/15 03:59:47 PM","Rahim Yar Khan"
"267875","Farah Sadaqat","MR-5930","EMDS Call","Medical Emergency","Hypertension","2026/02/15 04:05:38 PM","Rahim Yar Khan"
"267876","Maheen Tahir","MR-6017","EMDS Call","Fire","Others","2026/02/15 04:10:37 PM","Rahim Yar Khan"
"267877","Farah Sadaqat","MR-5930","EMDS Call","Rescue Operations","Electric Shock","2026/02/15 04:10:07 PM","Liaqatpur"
"267878","Shaheen Islam","DR-1171","EMDS Call","Road Crash","Minor Injuries","2026/02/15 04:08:58 PM","Khanpur"
"267879","Shaheen Islam","DR-1171","EMDS Call","Medical Emergency","Unconscious","2026/02/15 04:29:38 PM","Rahim Yar Khan"
"267880","Farah Sadaqat","MR-5930","EMDS Call","Road Crash","Bleeding","2026/02/15 04:33:15 PM","Sadiqabad"
"267880","Farah Sadaqat","MR-5930","EMDS Call","Road Crash","Bleeding","2026/02/15 04:33:15 PM","Sadiqabad"
"267880","Farah Sadaqat","MR-5930","EMDS Call","Road Crash","Bleeding","2026/02/15 04:33:15 PM","Sadiqabad"
"76332","Farah Sadaqat","MR-5930","Direct Call","Patient Transfer Service","N/A","2026/02/15 04:43:09 PM","Khanpur"
"267881","Shaheen Islam","DR-1171","EMDS Call","Medical Emergency","SOB/ Respiratory Distress","2026/02/15 04:45:20 PM","Rahim Yar Khan"
"267882","Farah Sadaqat","MR-5930","EMDS Call","Road Crash","Minor Injuries","2026/02/15 04:46:15 PM","Sadiqabad"
"76333","Farah Sadaqat","MR-5930","Direct Call","Patient Transfer Service","N/A","2026/02/15 04:48:31 PM","Khanpur"
"267883","Shaheen Islam","DR-1171","EMDS Call","Medical Emergency","Drug Addiction","2026/02/15 04:49:53 PM","Khanpur"
"267884","Maheen Tahir","MR-6017","EMDS Call","Medical Emergency","High Fever","2026/02/15 04:57:45 PM","Rahim Yar Khan"
"267885","Farah Sadaqat","MR-5930","EMDS Call","Medical Emergency","Others","2026/02/15 05:06:41 PM","Rahim Yar Khan"
"267886","Shaheen Islam","DR-1171","EMDS Call","Medical Emergency","Hypertension","2026/02/15 05:10:15 PM","Rahim Yar Khan"
"267887","Maheen Tahir","MR-6017","EMDS Call","Fire","Others","2026/02/15 05:11:36 PM","Sadiqabad"
"267888","Farah Sadaqat","MR-5930","EMDS Call","Medical Emergency","Others","2026/02/15 05:10:41 PM","Sadiqabad"
"267889","Shaheen Islam","DR-1171","EMDS Call","Medical Emergency","Hypertension","2026/02/15 05:13:53 PM","Rahim Yar Khan"
"267890","Maheen Tahir","MR-6017","EMDS Call","Crime","Probable Suicide","2026/02/15 05:27:16 PM","Rahim Yar Khan"
"267891","Maheen Tahir","MR-6017","EMDS Call","Medical Emergency","SOB/ Respiratory Distress","2026/02/15 05:45:38 PM","Rahim Yar Khan"
"267892","Shaheen Islam","DR-1171","Direct Call","Medical Emergency","SOB/ Respiratory Distress","2026/02/15 05:45:48 PM","Rahim Yar Khan"
"267893","Farah Sadaqat","MR-5930","EMDS Call","Medical Emergency","Hypertension","2026/02/15 05:47:50 PM","Sadiqabad"
"267894","Shaheen Islam","DR-1171","EMDS Call","Medical Emergency","Domestic Injuries","2026/02/15 05:49:35 PM","Rahim Yar Khan"
"267895","Shaheen Islam","DR-1171","EMDS Call","Medical Emergency","Hypertension","2026/02/15 05:57:08 PM","Khanpur"
"267896","Maheen Tahir","MR-6017","EMDS Call","Medical Emergency","Hypotension","2026/02/15 05:56:43 PM","Khanpur"
"267897","Farah Sadaqat","MR-5930","EMDS Call","Medical Emergency","Vomiting","2026/02/15 06:02:15 PM","Rahim Yar Khan"
"267898","Maheen Tahir","MR-6017","EMDS Call","Road Crash","Bleeding","2026/02/15 06:04:02 PM","Rahim Yar Khan"
"267899","Shaheen Islam","DR-1171","EMDS Call","Medical Emergency","Others","2026/02/15 06:05:28 PM","Rahim Yar Khan"
"Not Assigned","Farah Sadaqat","MR-5930","EMDS Call","Medical Emergency","Others","2026/02/15 06:07:23 PM","Liaqatpur"
"76334","Farah Sadaqat","MR-5930","Direct Call","Patient Transfer Service","N/A","2026/02/15 06:15:56 PM","Khanpur"
"76335","Farah Sadaqat","MR-5930","Direct Call","Patient Transfer Service","N/A","2026/02/15 06:19:21 PM","Khanpur"
"267901","Farah Sadaqat","MR-5930","EMDS Call","Road Crash","Minor Injuries","2026/02/15 06:21:34 PM","Sadiqabad"
"267902","Maheen Tahir","MR-6017","EMDS Call","Medical Emergency","Renal Disorders / Renal Colic ","2026/02/15 06:26:03 PM","Rahim Yar Khan"
"267903","Maheen Tahir","MR-6017","EMDS Call","Road Crash","Minor Injuries","2026/02/15 06:29:46 PM","Rahim Yar Khan"
"267903","Maheen Tahir","MR-6017","EMDS Call","Road Crash","Minor Injuries","2026/02/15 06:29:46 PM","Rahim Yar Khan"
"267904","Shaheen Islam","DR-1171","EMDS Call","Crime","Physical Assault/Violence","2026/02/15 06:33:29 PM","Rahim Yar Khan"
"267905","Shaheen Islam","DR-1171","EMDS Call","Medical Emergency","High Fever","2026/02/15 06:40:53 PM","Liaqatpur"
"76336","Farah Sadaqat","MR-5930","Direct Call","Patient Transfer Service","N/A","2026/02/15 06:43:22 PM","Sadiqabad"
"76337","Farah Sadaqat","MR-5930","Direct Call","Patient Transfer Service","N/A","2026/02/15 06:47:46 PM","Sadiqabad"
"267906","Farah Sadaqat","MR-5930","EMDS Call","Medical Emergency","Others","2026/02/15 06:52:38 PM","Rahim Yar Khan"
"267907","Farah Sadaqat","MR-5930","EMDS Call","Medical Emergency","Hypertension","2026/02/15 07:03:31 PM","Rahim Yar Khan"
"267910","Shaheen Islam","DR-1171","EMDS Call","Road Crash","Minor Injuries","2026/02/15 07:04:00 PM","Sadiqabad"
"267908","Maheen Tahir","MR-6017","EMDS Call","Medical Emergency","Domestic Injuries","2026/02/15 07:03:58 PM","Rahim Yar Khan"
"267909","Shaheen Islam","DR-1171","EMDS Call","Road Crash","Bleeding","2026/02/15 07:05:30 PM","Sadiqabad"
"Not Assigned","Maheen Tahir","MR-6017","EMDS Call","Road Crash","Bleeding","2026/02/15 07:13:38 PM","Khanpur"
"267912","Farah Sadaqat","MR-5930","EMDS Call","Road Crash","Bleeding","2026/02/15 07:14:10 PM","Khanpur"
"76338","Farah Sadaqat","MR-5930","Direct Call","Patient Transfer Service","N/A","2026/02/15 07:19:44 PM","Sadiqabad"
"267913","Shaheen Islam","DR-1171","EMDS Call","Medical Emergency","Others","2026/02/15 07:17:42 PM","Rahim Yar Khan"
"267914","Shaheen Islam","DR-1171","EMDS Call","Medical Emergency","Abdominal Pain","2026/02/15 07:21:55 PM","Liaqatpur"
"267915","Shaheen Islam","DR-1171","EMDS Call","Road Crash","Bleeding","2026/02/15 07:33:15 PM","Khanpur"
"267916","Maheen Tahir","MR-6017","Direct Call","Medical Emergency","CVA/Stroke","2026/02/15 07:34:33 PM","Khanpur"
"267917","Farah Sadaqat","MR-5930","EMDS Call","Medical Emergency","SOB/ Respiratory Distress","2026/02/15 07:33:54 PM","Liaqatpur"
"267918","Maheen Tahir","MR-6017","EMDS Call","Road Crash","Bleeding","2026/02/15 07:36:01 PM","Rahim Yar Khan"
"267919","Maheen Tahir","MR-6017","EMDS Call","Medical Emergency","SOB/ Respiratory Distress","2026/02/15 07:49:17 PM","Khanpur"
"267920","Shaheen Islam","DR-1171","EMDS Call","Medical Emergency","Others","2026/02/15 07:50:12 PM","Khanpur"
"267921","Shaheen Islam","DR-1171","EMDS Call","Medical Emergency","Others","2026/02/15 07:57:45 PM","Rahim Yar Khan"
"267922","Farah Sadaqat","MR-5930","EMDS Call","Road Crash","Bleeding","2026/02/15 08:01:43 PM","Liaqatpur"
"267923","Maheen Tahir","MR-6017","EMDS Call","Medical Emergency","Others","2026/02/15 08:06:17 PM","Rahim Yar Khan"
"267924","Shaheen Islam","DR-1171","EMDS Call","Medical Emergency","Renal Disorders / Renal Colic ","2026/02/15 08:16:04 PM","Rahim Yar Khan"
"267925","Farah Sadaqat","MR-5930","EMDS Call","Rescue Operations","Animal/Bird Rescue","2026/02/15 08:22:34 PM","Sadiqabad"
"267926","Shaheen Islam","DR-1171","EMDS Call","Medical Emergency","Hypotension","2026/02/15 08:26:39 PM","Liaqatpur"
"267927","Shaheen Islam","DR-1171","EMDS Call","Medical Emergency","Hypertension","2026/02/15 08:29:18 PM","Rahim Yar Khan"
"267928","Maheen Tahir","MR-6017","EMDS Call","Medical Emergency","Abdominal Pain","2026/02/15 08:31:43 PM","Rahim Yar Khan"
"267929","Shaheen Islam","DR-1171","Direct Call","Medical Emergency","Hypertension","2026/02/15 08:42:33 PM","Rahim Yar Khan"
"267930","Shaheen Islam","DR-1171","EMDS Call","Medical Emergency","Chest Pain","2026/02/15 08:46:58 PM","Rahim Yar Khan"
"267931","Sheeza Barkat","MR-5331","EMDS Call","Rescue Operations","Delivery Case","2026/02/15 08:49:46 PM","Sadiqabad"
"267932","Aasia Batool","MR-5198","EMDS Call","Medical Emergency","Abdominal Pain","2026/02/15 09:04:55 PM","Liaqatpur"
"267933","Saima Bashir","MR-5819","EMDS Call","Medical Emergency","Joints Pain","2026/02/15 09:05:09 PM","Rahim Yar Khan"
"267934","Muhammad Tariq Hameed","DR-885","EMDS Call","Medical Emergency","Chest Pain","2026/02/15 09:07:10 PM","Sadiqabad"
"267935","Aasia Batool","MR-5198","EMDS Call","Rescue Operations","Delivery Case","2026/02/15 09:11:51 PM","Khanpur"
"267936","Saima Bashir","MR-5819","EMDS Call","Medical Emergency","Abdominal Pain","2026/02/15 09:13:42 PM","Liaqatpur"
"267937","Sajid Mehmood","DR-914","EMDS Call","Medical Emergency","Abdominal Pain","2026/02/15 09:30:16 PM","Rahim Yar Khan"
"267938","Muhammad Tariq Hameed","DR-885","EMDS Call","Road Crash","Severe Trauma","2026/02/15 09:29:19 PM","Khanpur"
"76339","Aasia Batool","MR-5198","Direct Call","Patient Transfer Service","N/A","2026/02/15 09:33:00 PM","Sadiqabad"
"267939","Sheeza Barkat","MR-5331","EMDS Call","Medical Emergency","Others","2026/02/15 09:39:36 PM","Rahim Yar Khan"
"267940","Sajid Mehmood","DR-914","EMDS Call","Medical Emergency","Hypertension","2026/02/15 09:43:38 PM","Khanpur"
"267941","Aasia Batool","MR-5198","EMDS Call","Road Crash","Severe Trauma","2026/02/15 09:51:35 PM","Khanpur"
"76340","Aasia Batool","MR-5198","Direct Call","Patient Transfer Service","N/A","2026/02/15 09:57:22 PM","Sadiqabad"
"76341","Sajid Mehmood","DR-914","Direct Call","Patient Transfer Service","N/A","2026/02/15 09:57:21 PM","Liaqatpur"
"267942","Aasia Batool","MR-5198","EMDS Call","Medical Emergency","Hypertension","2026/02/15 10:16:17 PM","Rahim Yar Khan"
"267943","Aasia Batool","MR-5198","EMDS Call","Medical Emergency","Others","2026/02/15 10:20:48 PM","Rahim Yar Khan"
"267944","Sajid Mehmood","DR-914","EMDS Call","Medical Emergency","Hypertension","2026/02/15 10:21:56 PM","Sadiqabad"
"267945","Aasia Batool","MR-5198","Direct Call","Road Crash","Severe Trauma","2026/02/15 10:23:42 PM","Rahim Yar Khan"
"267946","Sajid Mehmood","DR-914","EMDS Call","Medical Emergency","Others","2026/02/15 10:30:38 PM","Liaqatpur"
"267947","Muhammad Tariq Hameed","DR-885","EMDS Call","Medical Emergency","Hypertension","2026/02/15 10:41:49 PM","Rahim Yar Khan"
"267948","Aasia Batool","MR-5198","EMDS Call","Medical Emergency","Others","2026/02/15 10:54:04 PM","Rahim Yar Khan"
"267949","Muhammad Tariq Hameed","DR-885","EMDS Call","Fall","Slipped On Floor","2026/02/15 10:59:10 PM","Sadiqabad"
"267950","Muhammad Tariq Hameed","DR-885","EMDS Call","Medical Emergency","Others","2026/02/15 11:06:30 PM","Rahim Yar Khan"
"267951","Zia ul Haq","DR-328","EMDS Call","Medical Emergency","SOB/ Respiratory Distress","2026/02/15 11:09:55 PM","Rahim Yar Khan"
"267952","Saima Bashir","MR-5819","EMDS Call","Rescue Operations","Delivery Case","2026/02/15 11:28:02 PM","Sadiqabad"
"267953","Muhammad Tariq Hameed","DR-885","EMDS Call","Medical Emergency","SOB/ Respiratory Distress","2026/02/15 11:32:10 PM","Sadiqabad"
"267954","Zia ul Haq","DR-328","EMDS Call","Medical Emergency","Vomiting","2026/02/15 11:34:26 PM","Khanpur"
"267955","Saima Bashir","MR-5819","EMDS Call","Road Crash","Bleeding","2026/02/15 11:47:22 PM","Rahim Yar Khan"
"267956","Muhammad Tariq Hameed","DR-885","EMDS Call","Medical Emergency","Others","2026/02/15 11:45:14 PM","Rahim Yar Khan"
"267957","Zia ul Haq","DR-328","EMDS Call","Fall","Fall From Stairs","2026/02/15 11:55:45 PM","Rahim Yar Khan"
"267958","Muhammad Tariq Hameed","DR-885","EMDS Call","Medical Emergency","SOB/ Respiratory Distress","2026/02/16 12:04:40 AM","Rahim Yar Khan"
"267959","Saima Bashir","MR-5819","Direct Call","Rescue Operations","Mass Event Coverage","2026/02/16 12:17:09 AM","Rahim Yar Khan"
"267960","Muhammad Tariq Hameed","DR-885","EMDS Call","Medical Emergency","Chest Pain","2026/02/16 12:24:40 AM","Rahim Yar Khan"
"267961","Zia ul Haq","DR-328","EMDS Call","Medical Emergency","Abdominal Pain","2026/02/16 12:40:18 AM","Rahim Yar Khan"
"267962","Saima Bashir","MR-5819","EMDS Call","Medical Emergency","Others","2026/02/16 12:49:17 AM","Sadiqabad"
"267963","Zia ul Haq","DR-328","EMDS Call","Medical Emergency","Others","2026/02/16 12:51:14 AM","Rahim Yar Khan"
"76342","Muhammad Tariq Hameed","DR-885","Direct Call","Patient Transfer Service","N/A","2026/02/16 01:00:38 AM","Sadiqabad"
"76343","Muhammad Tariq Hameed","DR-885","Direct Call","Patient Transfer Service","N/A","2026/02/16 01:15:57 AM","Sadiqabad"
"267964","Muhammad Tariq Hameed","DR-885","EMDS Call","Medical Emergency","Hypertension","2026/02/16 01:16:20 AM","Rahim Yar Khan"
"267965","Zia ul Haq","DR-328","EMDS Call","Medical Emergency","Diabetic","2026/02/16 01:42:07 AM","Rahim Yar Khan"
"267966","Zia ul Haq","DR-328","EMDS Call","Medical Emergency","SOB/ Respiratory Distress","2026/02/16 01:47:39 AM","Sadiqabad"
"267967","Saima Bashir","MR-5819","EMDS Call","Medical Emergency","Joints Pain","2026/02/16 01:59:26 AM","Rahim Yar Khan"
"267968","Muhammad Tariq Hameed","DR-885","EMDS Call","Medical Emergency","Others","2026/02/16 02:14:46 AM","Rahim Yar Khan"
"267969","Zia ul Haq","DR-328","EMDS Call","Rescue Operations","Delivery Case","2026/02/16 02:16:57 AM","Rahim Yar Khan"
"267970","Muhammad Tariq Hameed","DR-885","EMDS Call","Medical Emergency","Abdominal Pain","2026/02/16 02:20:23 AM","Rahim Yar Khan"
"76344","Saima Bashir","MR-5819","Direct Call","Patient Transfer Service","N/A","2026/02/16 02:33:00 AM","Khanpur"
"267971","Muhammad Tariq Hameed","DR-885","EMDS Call","Medical Emergency","High Fever","2026/02/16 02:33:32 AM","Rahim Yar Khan"
"267972","Zia ul Haq","DR-328","EMDS Call","Medical Emergency","SOB/ Respiratory Distress","2026/02/16 02:34:29 AM","Sadiqabad"
"76345","Muhammad Tariq Hameed","DR-885","Direct Call","Patient Transfer Service","N/A","2026/02/16 03:02:13 AM","Sadiqabad"
"267973","Muhammad Tariq Hameed","DR-885","EMDS Call","Medical Emergency","Others","2026/02/16 03:07:27 AM","Rahim Yar Khan"
"267974","Muhammad Tariq Hameed","DR-885","EMDS Call","Medical Emergency","Chest Pain","2026/02/16 03:17:05 AM","Rahim Yar Khan"
"267975","Aasia Batool","MR-5198","EMDS Call","Medical Emergency","Chronic Illness","2026/02/16 03:42:30 AM","Rahim Yar Khan"
"267976","Sajid Mehmood","DR-914","EMDS Call","Medical Emergency","Renal Disorders / Renal Colic ","2026/02/16 03:44:05 AM","Rahim Yar Khan"
"267977","Aasia Batool","MR-5198","EMDS Call","Medical Emergency","Joints Pain","2026/02/16 04:51:43 AM","Rahim Yar Khan"
"267978","Sajid Mehmood","DR-914","EMDS Call","Medical Emergency","High Fever","2026/02/16 04:57:28 AM","Rahim Yar Khan"
"267979","Sajid Mehmood","DR-914","EMDS Call","Medical Emergency","SOB/ Respiratory Distress","2026/02/16 05:24:42 AM","Rahim Yar Khan"
"76346","Sajid Mehmood","DR-914","Direct Call","Patient Transfer Service","N/A","2026/02/16 05:31:26 AM","Khanpur"
"267980","Sajid Mehmood","DR-914","EMDS Call","Rescue Operations","Vehicle Extrication","2026/02/16 05:43:03 AM","Liaqatpur"
"267981","Sheeza Barkat","MR-5331","EMDS Call","Rescue Operations","Delivery Case","2026/02/16 06:01:49 AM","Rahim Yar Khan"
"267982","Aasia Batool","MR-5198","EMDS Call","Rescue Operations","Delivery Case","2026/02/16 06:31:02 AM","Liaqatpur"
"76347","Aasia Batool","MR-5198","Direct Call","Patient Transfer Service","N/A","2026/02/16 06:47:05 AM","Sadiqabad"
"267984","Sajid Mehmood","DR-914","EMDS Call","Medical Emergency","Unconscious","2026/02/16 06:54:24 AM","Sadiqabad"
"267983","Sheeza Barkat","MR-5331","EMDS Call","Rescue Operations","Delivery Case","2026/02/16 06:54:00 AM","Sadiqabad"
"267985","Aasia Batool","MR-5198","EMDS Call","Medical Emergency","Abdominal Pain","2026/02/16 06:55:26 AM","Rahim Yar Khan"
"267986","Sheeza Barkat","MR-5331","EMDS Call","Medical Emergency","Unconscious","2026/02/16 07:18:00 AM","Khanpur"
"267987","Zia ul Haq","DR-328","Direct Call","Rescue Operations","Mass Event Coverage","2026/02/16 07:38:34 AM","Khanpur"
"267988","Aasia Batool","MR-5198","EMDS Call","Medical Emergency","Others","2026/02/16 07:51:01 AM","Rahim Yar Khan"
"267989","Muhammad Fiaz","DR-206","EMDS Call","Medical Emergency","Others","2026/02/16 07:52:57 AM","Rahim Yar Khan"
"267990","Muhammad Fiaz","DR-206","EMDS Call","Medical Emergency","SOB/ Respiratory Distress","2026/02/16 07:58:02 AM","Rahim Yar Khan"
"267991","Muhammad Fiaz","DR-206","Direct Call","Rescue Operations","Mass Event Coverage","2026/02/16 08:00:43 AM","Rahim Yar Khan"
"267992","Bushra Saleem","MR-5701","Direct Call","Rescue Operations","Mass Event Coverage","2026/02/16 08:13:31 AM","Rahim Yar Khan"
"267993","Muhammad Fiaz","DR-206","EMDS Call","Medical Emergency","SOB/ Respiratory Distress","2026/02/16 08:14:01 AM","Rahim Yar Khan"
"267994","Muhammad Fiaz","DR-206","Direct Call","Rescue Operations","Mass Event Coverage","2026/02/16 08:19:50 AM","Rahim Yar Khan"
"267995","Bushra Saleem","MR-5701","EMDS Call","Medical Emergency","Vomiting","2026/02/16 08:33:48 AM","Rahim Yar Khan"
"267996","Muhammad Fiaz","DR-206","EMDS Call","Road Crash","Bleeding","2026/02/16 08:35:33 AM","Rahim Yar Khan"
"267996","Muhammad Fiaz","DR-206","EMDS Call","Road Crash","Bleeding","2026/02/16 08:35:33 AM","Rahim Yar Khan"
"267997","Bushra Saleem","MR-5701","EMDS Call","Medical Emergency","Unconscious","2026/02/16 08:43:43 AM","Khanpur"
"267998","Muhammad Fiaz","DR-206","EMDS Call","Medical Emergency","Epilepsy","2026/02/16 08:50:33 AM","Khanpur"
"267999","Zupasha Zia","MR-5758","EMDS Call","Medical Emergency","Diabetic","2026/02/16 08:54:18 AM","Liaqatpur"
"268000","Zupasha Zia","MR-5758","EMDS Call","Medical Emergency","Chest Pain","2026/02/16 09:02:40 AM","Liaqatpur"
"268003","Adnan Shabbir","DR-205","EMDS Call","Medical Emergency","Diabetic","2026/02/16 09:07:51 AM","Rahim Yar Khan"
"268001","Zupasha Zia","MR-5758","EMDS Call","Medical Emergency","High Fever","2026/02/16 09:08:04 AM","Rahim Yar Khan"
"268002","Bushra Saleem","MR-5701","EMDS Call","Rescue Operations","Delivery Case","2026/02/16 09:08:53 AM","Khanpur"
"268004","Adnan Shabbir","DR-205","EMDS Call","Medical Emergency","SOB/ Respiratory Distress","2026/02/16 09:10:55 AM","Khanpur"
"268005","Muhammad Abid","DR-874","EMDS Call","Crime","Probable Suicide","2026/02/16 09:21:26 AM","Liaqatpur"
"268006","Muhammad Fiaz","DR-206","EMDS Call","Medical Emergency","High Fever","2026/02/16 09:23:38 AM","Rahim Yar Khan"
"268007","Muhammad Abid","DR-874","EMDS Call","Road Crash","Bleeding","2026/02/16 09:38:14 AM","Sadiqabad"
"268008","Zupasha Zia","MR-5758","EMDS Call","Medical Emergency","Hypertension","2026/02/16 09:41:27 AM","Rahim Yar Khan"
"268009","Muhammad Abid","DR-874","EMDS Call","Medical Emergency","Vomiting","2026/02/16 09:46:05 AM","Rahim Yar Khan"
"Not Assigned","Muhammad Fiaz","DR-206","Direct Call","Community","Community Training","2026/02/16 09:49:19 AM","Liaqatpur"
"268010","Adnan Shabbir","DR-205","EMDS Call","Rescue Operations","Electric Shock","2026/02/16 09:57:29 AM","Khanpur"
"268011","Zupasha Zia","MR-5758","Direct Call","Medical Emergency","SOB/ Respiratory Distress","2026/02/16 10:00:15 AM","Sadiqabad"
"268012","Bushra Saleem","MR-5701","EMDS Call","Medical Emergency","Vomiting","2026/02/16 10:08:55 AM","Rahim Yar Khan"
"268013","Zupasha Zia","MR-5758","EMDS Call","Road Crash","Bleeding","2026/02/16 10:11:53 AM","Liaqatpur"
"268014","Adnan Shabbir","DR-205","Direct Call","Medical Emergency","Others","2026/02/16 10:15:20 AM","Rahim Yar Khan"
"268015","Muhammad Fiaz","DR-206","EMDS Call","Medical Emergency","Diabetic","2026/02/16 10:16:23 AM","Liaqatpur"
"268016","Adnan Shabbir","DR-205","EMDS Call","Medical Emergency","Others","2026/02/16 10:23:27 AM","Rahim Yar Khan"
"268017","Adnan Shabbir","DR-205","EMDS Call","Medical Emergency","Joints Pain","2026/02/16 10:31:46 AM","Khanpur"
"268018","Bushra Saleem","MR-5701","EMDS Call","Medical Emergency","SOB/ Respiratory Distress","2026/02/16 10:33:25 AM","Liaqatpur"
"268019","Adnan Shabbir","DR-205","EMDS Call","Medical Emergency","Unconscious","2026/02/16 10:45:57 AM","Sadiqabad"
"268020","Muhammad Fiaz","DR-206","EMDS Call","Road Crash","Minor Injuries","2026/02/16 10:46:38 AM","Rahim Yar Khan"
"268021","Muhammad AAmar","DR-915","EMDS Call","Medical Emergency","Others","2026/02/16 11:09:08 AM","Rahim Yar Khan"
"76348","Muhammad Fiaz","DR-206","Direct Call","Patient Transfer Service","N/A","2026/02/16 11:14:39 AM","Khanpur"
"76349","Muhammad AAmar","DR-915","Direct Call","Patient Transfer Service","N/A","2026/02/16 11:14:22 AM","Sadiqabad"
"268022","Muhammad AAmar","DR-915","EMDS Call","Medical Emergency","Others","2026/02/16 11:16:35 AM","Rahim Yar Khan"
"268023","Yasir Ilyas","DR-893","EMDS Call","Medical Emergency","High Fever","2026/02/16 11:23:30 AM","Liaqatpur"
"76350","Muhammad AAmar","DR-915","Direct Call","Patient Transfer Service","N/A","2026/02/16 11:29:14 AM","Sadiqabad"
"268026","Shahid Jamil","DR-184","EMDS Call","Road Crash","Severe Trauma","2026/02/16 11:35:07 AM","Rahim Yar Khan"
"268024","Muhammad AAmar","DR-915","EMDS Call","Medical Emergency","Vomiting","2026/02/16 11:38:28 AM","Rahim Yar Khan"
"268025","Yasir Ilyas","DR-893","EMDS Call","Medical Emergency","Diabetic","2026/02/16 11:38:40 AM","Khanpur"
"268027","Yasir Ilyas","DR-893","EMDS Call","Road Crash","Minor Injuries","2026/02/16 11:43:44 AM","Rahim Yar Khan"
"268028","Yasir Ilyas","DR-893","EMDS Call","Medical Emergency","Domestic Injuries","2026/02/16 11:46:37 AM","Rahim Yar Khan"
"268029","Yasir Ilyas","DR-893","EMDS Call","Medical Emergency","Abdominal Pain","2026/02/16 11:59:44 AM","Rahim Yar Khan"
"268030","Muhammad Rashid Saleem","DR-187","EMDS Call","Medical Emergency","Others","2026/02/16 12:02:23 PM","Rahim Yar Khan"
"268031","Yasir Ilyas","DR-893","EMDS Call","Road Crash","Minor Injuries","2026/02/16 12:03:32 PM","Rahim Yar Khan"
"268032","Bushra Saleem","MR-5701","EMDS Call","Medical Emergency","Others","2026/02/16 12:05:56 PM","Sadiqabad"
"268033","Yasir Ilyas","DR-893","EMDS Call","Medical Emergency","Unconscious","2026/02/16 12:08:19 PM","Sadiqabad"
"268034","Shahid Jamil","DR-184","EMDS Call","Medical Emergency","High Fever","2026/02/16 12:13:31 PM","Liaqatpur"
"268035","Shahid Jamil","DR-184","EMDS Call","Medical Emergency","Others","2026/02/16 12:19:25 PM","Rahim Yar Khan"
"268036","Muhammad Rashid Saleem","DR-187","EMDS Call","Medical Emergency","High Fever","2026/02/16 12:22:34 PM","Liaqatpur"
"268037","Muhammad Rashid Saleem","DR-187","EMDS Call","Road Crash","Bleeding","2026/02/16 12:27:32 PM","Rahim Yar Khan"
"268038","Muhammad Rashid Saleem","DR-187","EMDS Call","Medical Emergency","Domestic Injuries","2026/02/16 12:37:42 PM","Rahim Yar Khan"
"268039","Bushra Saleem","MR-5701","EMDS Call","Medical Emergency","Others","2026/02/16 12:36:19 PM","Sadiqabad"
"268040","Bushra Saleem","MR-5701","EMDS Call","Medical Emergency","Hypertension","2026/02/16 12:47:48 PM","Rahim Yar Khan"
"268041","Bushra Saleem","MR-5701","EMDS Call","Fall","Fall From Roof","2026/02/16 12:53:30 PM","Liaqatpur"
"268042","Shahid Jamil","DR-184","EMDS Call","Medical Emergency","Others","2026/02/16 12:54:57 PM","Rahim Yar Khan"
"268043","Muhammad Rashid Saleem","DR-187","EMDS Call","Medical Emergency","Hypertension","2026/02/16 12:58:27 PM","Rahim Yar Khan"
"268044","Bushra Saleem","MR-5701","EMDS Call","Medical Emergency","Epilepsy","2026/02/16 12:59:00 PM","Khanpur"
"268046","Bushra Saleem","MR-5701","EMDS Call","Medical Emergency","Others","2026/02/16 01:04:38 PM","Liaqatpur"
"268045","Shahla Nawaz","DR-185","EMDS Call","Road Crash","Minor Injuries","2026/02/16 01:07:28 PM","Sadiqabad"
"76351","Bushra Saleem","MR-5701","Direct Call","Patient Transfer Service","N/A","2026/02/16 01:20:11 PM","Sadiqabad"
"268047","Muhammad Rashid Saleem","DR-187","EMDS Call","Road Crash","Severe Trauma","2026/02/16 01:23:28 PM","Khanpur"
"268047","Muhammad Rashid Saleem","DR-187","EMDS Call","Road Crash","Severe Trauma","2026/02/16 01:23:28 PM","Khanpur"
"268047","Muhammad Rashid Saleem","DR-187","EMDS Call","Road Crash","Severe Trauma","2026/02/16 01:23:28 PM","Khanpur"
"268048","Shahid Jamil","DR-184","EMDS Call","Medical Emergency","High Fever","2026/02/16 01:23:07 PM","Khanpur"
"268049","Shahla Nawaz","DR-185","EMDS Call","Medical Emergency","High Fever","2026/02/16 01:25:17 PM","Rahim Yar Khan"
"268050","Muhammad Rashid Saleem","DR-187","EMDS Call","Medical Emergency","Hypotension","2026/02/16 01:31:28 PM","Khanpur"
"268051","Bushra Saleem","MR-5701","EMDS Call","Road Crash","Severe Trauma","2026/02/16 01:33:06 PM","Rahim Yar Khan"
"268052","Shahla Nawaz","DR-185","EMDS Call","Medical Emergency","Others","2026/02/16 01:35:20 PM","Rahim Yar Khan"
"268053","Bushra Saleem","MR-5701","EMDS Call","Medical Emergency","CVA/Stroke","2026/02/16 01:41:45 PM","Khanpur"
"268054","Shahla Nawaz","DR-185","EMDS Call","Medical Emergency","Hypertension","2026/02/16 01:45:59 PM","Rahim Yar Khan"
"268055","Bushra Saleem","MR-5701","EMDS Call","Rescue Operations","Delivery Case","2026/02/16 01:46:10 PM","Rahim Yar Khan"
"268056","Muhammad Fiaz","DR-206","EMDS Call","Medical Emergency","Others","2026/02/16 01:47:24 PM","Rahim Yar Khan"
"268057","Shahla Nawaz","DR-185","EMDS Call","Medical Emergency","SOB/ Respiratory Distress","2026/02/16 01:52:04 PM","Rahim Yar Khan"
"268058","Bushra Saleem","MR-5701","EMDS Call","Rescue Operations","Delivery Case","2026/02/16 01:56:12 PM","Sadiqabad"
"268059","Bushra Saleem","MR-5701","EMDS Call","Road Crash","Minor Injuries","2026/02/16 02:03:35 PM","Rahim Yar Khan"
"268060","Bushra Saleem","MR-5701","EMDS Call","Medical Emergency","Abdominal Pain","2026/02/16 02:10:29 PM","Khanpur"
"268061","Farah Sadaqat","MR-5930","Direct Call","Rescue Operations","Mass Event Coverage","2026/02/16 02:12:20 PM","Khanpur"
"268062","Farah Sadaqat","MR-5930","EMDS Call","Road Crash","Minor Injuries","2026/02/16 02:14:51 PM","Liaqatpur"
"268063","Muhammad Fiaz","DR-206","EMDS Call","Road Crash","Minor Injuries","2026/02/16 02:23:01 PM","Sadiqabad"
"76352","Maheen Tahir","MR-6017","Direct Call","Patient Transfer Service","N/A","2026/02/16 02:25:35 PM","Sadiqabad"
"268064","Farah Sadaqat","MR-5930","EMDS Call","Road Crash","Bleeding","2026/02/16 02:25:09 PM","Liaqatpur"
"268065","Maheen Tahir","MR-6017","EMDS Call","Medical Emergency","High Fever","2026/02/16 02:27:51 PM","Rahim Yar Khan"
"268066","Muhammad Fiaz","DR-206","EMDS Call","Road Crash","Bleeding","2026/02/16 02:35:00 PM","Sadiqabad"
"268067","Maheen Tahir","MR-6017","EMDS Call","Road Crash","Bleeding","2026/02/16 02:40:41 PM","Khanpur"
"268068","Maheen Tahir","MR-6017","EMDS Call","Medical Emergency","Hypertension","2026/02/16 02:52:12 PM","Rahim Yar Khan"
"268069","Shaheen Islam","DR-1171","Direct Call","Rescue Operations","Mass Event Coverage","2026/02/16 02:56:34 PM","Rahim Yar Khan"
"268070","Maheen Tahir","MR-6017","EMDS Call","Fall","Fall From Vehicle","2026/02/16 02:57:37 PM","Rahim Yar Khan"
"268071","Shaheen Islam","DR-1171","EMDS Call","Rescue Operations","Electric Shock","2026/02/16 02:59:29 PM","Rahim Yar Khan"
"268072","Maheen Tahir","MR-6017","EMDS Call","Medical Emergency","High Fever","2026/02/16 03:02:09 PM","Liaqatpur"
"268074","Maheen Tahir","MR-6017","EMDS Call","Medical Emergency","SOB/ Respiratory Distress","2026/02/16 03:03:41 PM","Rahim Yar Khan"
"268073","Farah Sadaqat","MR-5930","EMDS Call","Medical Emergency","Vomiting","2026/02/16 03:03:18 PM","Rahim Yar Khan"
"268075","Farah Sadaqat","MR-5930","Direct Call","Medical Emergency","High Fever","2026/02/16 03:12:40 PM","Sadiqabad"
"268076","Maheen Tahir","MR-6017","EMDS Call","Medical Emergency","Hypertension","2026/02/16 03:14:02 PM","Sadiqabad"
"268077","Shaheen Islam","DR-1171","EMDS Call","Rescue Operations","Delivery Case","2026/02/16 03:19:19 PM","Khanpur"
"76353","Maheen Tahir","MR-6017","Direct Call","Patient Transfer Service","N/A","2026/02/16 03:23:05 PM","Sadiqabad"
"76354","Farah Sadaqat","MR-5930","Direct Call","Patient Transfer Service","N/A","2026/02/16 03:23:31 PM","Liaqatpur"
"268078","Farah Sadaqat","MR-5930","EMDS Call","Rescue Operations","Delivery Case","2026/02/16 03:24:31 PM","Rahim Yar Khan"
"268079","Maheen Tahir","MR-6017","EMDS Call","Medical Emergency","Diarrhea","2026/02/16 03:25:00 PM","Rahim Yar Khan"
"268081","Farah Sadaqat","MR-5930","EMDS Call","Medical Emergency","Others","2026/02/16 03:28:58 PM","Rahim Yar Khan"
"268080","Maheen Tahir","MR-6017","EMDS Call","Medical Emergency","SOB/ Respiratory Distress","2026/02/16 03:29:14 PM","Sadiqabad"
"268082","Farah Sadaqat","MR-5930","EMDS Call","Medical Emergency","Others","2026/02/16 03:32:35 PM","Rahim Yar Khan"
"76355","Maheen Tahir","MR-6017","Direct Call","Patient Transfer Service","N/A","2026/02/16 03:35:43 PM","Sadiqabad"
"268083","Farah Sadaqat","MR-5930","EMDS Call","Rescue Operations","Electric Shock","2026/02/16 03:52:35 PM","Rahim Yar Khan"
"Not Assigned","Farah Sadaqat","MR-5930","EMDS Call","Crime","Probable Suicide","2026/02/16 04:04:36 PM","Sadiqabad"
"268085","Shaheen Islam","DR-1171","EMDS Call","Medical Emergency","Domestic Injuries","2026/02/16 04:04:36 PM","Rahim Yar Khan"
"268086","Farah Sadaqat","MR-5930","EMDS Call","Medical Emergency","SOB/ Respiratory Distress","2026/02/16 04:08:20 PM","Rahim Yar Khan"
"76356","Shaheen Islam","DR-1171","Direct Call","Patient Transfer Service","N/A","2026/02/16 04:11:40 PM","Khanpur"
"268087","Farah Sadaqat","MR-5930","EMDS Call","Medical Emergency","Others","2026/02/16 04:14:52 PM","Rahim Yar Khan"
"268088","Shaheen Islam","DR-1171","EMDS Call","Medical Emergency","Others","2026/02/16 04:17:29 PM","Rahim Yar Khan"
"268089","Farah Sadaqat","MR-5930","EMDS Call","Medical Emergency","SOB/ Respiratory Distress","2026/02/16 04:18:07 PM","Sadiqabad"
"268090","Maheen Tahir","MR-6017","EMDS Call","Fire","Others","2026/02/16 04:21:10 PM","Sadiqabad"
"76357","Farah Sadaqat","MR-5930","Direct Call","Patient Transfer Service","N/A","2026/02/16 04:22:24 PM","Khanpur"
"268092","Shaheen Islam","DR-1171","EMDS Call","Medical Emergency","Others","2026/02/16 04:22:53 PM","Rahim Yar Khan"
"268091","Maheen Tahir","MR-6017","EMDS Call","Medical Emergency","Hypertension","2026/02/16 04:25:17 PM","Sadiqabad"
"268093","Farah Sadaqat","MR-5930","EMDS Call","Medical Emergency","Abdominal Pain","2026/02/16 04:29:35 PM","Khanpur"
"268094","Maheen Tahir","MR-6017","EMDS Call","Medical Emergency","Vomiting","2026/02/16 04:30:09 PM","Rahim Yar Khan"
"268096","Farah Sadaqat","MR-5930","EMDS Call","Medical Emergency","Hypertension","2026/02/16 04:35:03 PM","Rahim Yar Khan"
"268095","Shaheen Islam","DR-1171","EMDS Call","Crime","Physical Assault/Violence","2026/02/16 04:36:36 PM","Liaqatpur"
"268097","Farah Sadaqat","MR-5930","EMDS Call","Medical Emergency","Chest Pain","2026/02/16 04:37:29 PM","Rahim Yar Khan"
"268098","Maheen Tahir","MR-6017","EMDS Call","Medical Emergency","Others","2026/02/16 04:38:39 PM","Rahim Yar Khan"
"268099","Shaheen Islam","DR-1171","EMDS Call","Medical Emergency","SOB/ Respiratory Distress","2026/02/16 04:39:31 PM","Sadiqabad"
"268100","Farah Sadaqat","MR-5930","EMDS Call","Medical Emergency","Others","2026/02/16 04:43:56 PM","Rahim Yar Khan"
"268101","Farah Sadaqat","MR-5930","EMDS Call","Medical Emergency","Others","2026/02/16 04:53:21 PM","Rahim Yar Khan"
"268102","Maheen Tahir","MR-6017","EMDS Call","Medical Emergency","SOB/ Respiratory Distress","2026/02/16 05:01:04 PM","Rahim Yar Khan"
"268103","Farah Sadaqat","MR-5930","EMDS Call","Medical Emergency","Diabetic","2026/02/16 05:04:05 PM","Rahim Yar Khan"
"268103","Farah Sadaqat","MR-5930","EMDS Call","Medical Emergency","Diabetic","2026/02/16 05:04:05 PM","Rahim Yar Khan"
"268104","Saqib Nasim","DR-197","EMDS Call","Road Crash","Bleeding","2026/02/16 05:04:17 PM","Rahim Yar Khan"
"268105","Farah Sadaqat","MR-5930","EMDS Call","Road Crash","Bleeding","2026/02/16 05:09:59 PM","Sadiqabad"
"268106","Shaheen Islam","DR-1171","EMDS Call","Road Crash","Minor Injuries","2026/02/16 05:21:40 PM","Liaqatpur"
"268107","Saqib Nasim","DR-197","EMDS Call","Road Crash","Severe Trauma","2026/02/16 05:27:29 PM","Rahim Yar Khan"
"268108","Shaheen Islam","DR-1171","EMDS Call","Medical Emergency","SOB/ Respiratory Distress","2026/02/16 05:34:29 PM","Rahim Yar Khan"
"Not Assigned","Maheen Tahir","MR-6017","EMDS Call","Medical Emergency","SOB/ Respiratory Distress","2026/02/16 05:38:55 PM","Sadiqabad"
"76358","Maheen Tahir","MR-6017","Direct Call","Patient Transfer Service","N/A","2026/02/16 05:45:12 PM","Khanpur"
"268110","Saqib Nasim","DR-197","EMDS Call","Medical Emergency","SOB/ Respiratory Distress","2026/02/16 05:45:28 PM","Rahim Yar Khan"
"268111","Maheen Tahir","MR-6017","EMDS Call","Medical Emergency","High Fever","2026/02/16 05:46:52 PM","Rahim Yar Khan"
"268112","Saqib Nasim","DR-197","EMDS Call","Road Crash","Bleeding","2026/02/16 05:50:13 PM","Sadiqabad"
"268113","Shaheen Islam","DR-1171","EMDS Call","Road Crash","Minor Injuries","2026/02/16 05:49:06 PM","Rahim Yar Khan"
"268114","Maheen Tahir","MR-6017","EMDS Call","Medical Emergency","Others","2026/02/16 05:54:07 PM","Rahim Yar Khan"
"268115","Saqib Nasim","DR-197","EMDS Call","Medical Emergency","Hypotension","2026/02/16 05:55:33 PM","Rahim Yar Khan"
"76359","Shaheen Islam","DR-1171","Direct Call","Patient Transfer Service","N/A","2026/02/16 05:58:43 PM","Liaqatpur"
"76360","Maheen Tahir","MR-6017","Direct Call","Patient Transfer Service","N/A","2026/02/16 06:06:05 PM","Sadiqabad"
"268116","Saqib Nasim","DR-197","EMDS Call","Road Crash","Bleeding","2026/02/16 06:04:50 PM","Rahim Yar Khan"
"268117","Shaheen Islam","DR-1171","EMDS Call","Medical Emergency","Renal Disorders / Renal Colic ","2026/02/16 06:05:21 PM","Rahim Yar Khan"
"268118","Saqib Nasim","DR-197","EMDS Call","Road Crash","Severe Trauma","2026/02/16 06:08:08 PM","Khanpur"
"268119","Maheen Tahir","MR-6017","EMDS Call","Rescue Operations","Work/Occupational Injuries","2026/02/16 06:08:50 PM","Sadiqabad"
"268120","Shaheen Islam","DR-1171","EMDS Call","Medical Emergency","SOB/ Respiratory Distress","2026/02/16 06:14:54 PM","Khanpur"
"268121","Maheen Tahir","MR-6017","EMDS Call","Medical Emergency","Diabetic","2026/02/16 06:26:07 PM","Sadiqabad"
"268122","Maheen Tahir","MR-6017","EMDS Call","Medical Emergency","Chest Pain","2026/02/16 06:36:20 PM","Rahim Yar Khan"
"268123","Saqib Nasim","DR-197","EMDS Call","Rescue Operations","Delivery Case","2026/02/16 06:39:32 PM","Rahim Yar Khan"
"268124","Saqib Nasim","DR-197","EMDS Call","Medical Emergency","Hypertension","2026/02/16 06:42:44 PM","Rahim Yar Khan"
"268125","Shaheen Islam","DR-1171","EMDS Call","Medical Emergency","Unconscious","2026/02/16 06:53:35 PM","Rahim Yar Khan"
"268126","Saqib Nasim","DR-197","EMDS Call","Medical Emergency","Others","2026/02/16 06:57:45 PM","Sadiqabad"
"268127","Shaheen Islam","DR-1171","Direct Call","Fire","Others","2026/02/16 07:00:20 PM","Rahim Yar Khan"
"268128","Saqib Nasim","DR-197","EMDS Call","Medical Emergency","Vomiting","2026/02/16 07:01:39 PM","Rahim Yar Khan"
"268129","Farah Sadaqat","MR-5930","EMDS Call","Medical Emergency","Epilepsy","2026/02/16 07:23:12 PM","Rahim Yar Khan"
"268130","Shaheen Islam","DR-1171","EMDS Call","Rescue Operations","Scalds/Burn Due To Negligence","2026/02/16 07:26:19 PM","Sadiqabad"
"268131","Shaheen Islam","DR-1171","EMDS Call","Road Crash","Multiple Fractures","2026/02/16 07:30:43 PM","Rahim Yar Khan"
"268132","Saqib Nasim","DR-197","EMDS Call","Medical Emergency","Hypotension","2026/02/16 07:35:53 PM","Khanpur"
"268133","Farah Sadaqat","MR-5930","EMDS Call","Medical Emergency","SOB/ Respiratory Distress","2026/02/16 07:36:38 PM","Sadiqabad"
"268134","Shaheen Islam","DR-1171","EMDS Call","Crime","Physical Assault/Violence","2026/02/16 07:37:04 PM","Sadiqabad"
"268135","Farah Sadaqat","MR-5930","EMDS Call","Road Crash","Bleeding","2026/02/16 07:42:34 PM","Sadiqabad"
"268136","Saqib Nasim","DR-197","EMDS Call","Medical Emergency","Others","2026/02/16 07:46:45 PM","Sadiqabad"
"268137","Shaheen Islam","DR-1171","EMDS Call","Medical Emergency","Diarrhea","2026/02/16 07:49:18 PM","Liaqatpur"
"76361","Saqib Nasim","DR-197","Direct Call","Patient Transfer Service","N/A","2026/02/16 07:52:24 PM","Khanpur"
"268138","Saqib Nasim","DR-197","EMDS Call","Rescue Operations","Vehicle Extrication","2026/02/16 07:57:28 PM","Khanpur"
"268139","Farah Sadaqat","MR-5930","EMDS Call","Medical Emergency","Hypertension","2026/02/16 08:08:03 PM","Rahim Yar Khan"
"268140","Saqib Nasim","DR-197","EMDS Call","Road Crash","Bleeding","2026/02/16 08:08:24 PM","Khanpur"
"268141","Farah Sadaqat","MR-5930","EMDS Call","Road Crash","Severe Trauma","2026/02/16 08:14:10 PM","Rahim Yar Khan"
"268142","Shaheen Islam","DR-1171","EMDS Call","Rescue Operations","Delivery Case","2026/02/16 08:14:40 PM","Rahim Yar Khan"
"268143","Farah Sadaqat","MR-5930","EMDS Call","Medical Emergency","Vomiting","2026/02/16 08:24:52 PM","Rahim Yar Khan"
"268144","Saqib Nasim","DR-197","EMDS Call","Medical Emergency","Others","2026/02/16 08:25:41 PM","Rahim Yar Khan"
"268145","Shaheen Islam","DR-1171","EMDS Call","Medical Emergency","Hypotension","2026/02/16 08:26:17 PM","Liaqatpur"
"268146","Shaheen Islam","DR-1171","EMDS Call","Medical Emergency","Others","2026/02/16 08:29:51 PM","Rahim Yar Khan"
"268147","Farah Sadaqat","MR-5930","EMDS Call","Medical Emergency","Others","2026/02/16 08:40:43 PM","Rahim Yar Khan"
"268148","Shaheen Islam","DR-1171","EMDS Call","Rescue Operations","Delivery Case","2026/02/16 08:40:06 PM","Khanpur"
"268149","Shaheen Islam","DR-1171","EMDS Call","Medical Emergency","Hypertension","2026/02/16 08:47:56 PM","Rahim Yar Khan"
"268150","Sheeza Barkat","MR-5331","EMDS Call","Medical Emergency","Unconscious","2026/02/16 08:48:55 PM","Sadiqabad"
"76362","Farhad Iftikhar","DR-913","Direct Call","Patient Transfer Service","N/A","2026/02/16 09:04:06 PM","Sadiqabad"
"268151","Sheeza Barkat","MR-5331","EMDS Call","Medical Emergency","Renal Disorders / Renal Colic ","2026/02/16 09:04:31 PM","Rahim Yar Khan"
"268152","Nida Rahat","DR-1322","EMDS Call","Medical Emergency","Others","2026/02/16 09:03:46 PM","Rahim Yar Khan"
"268153","Farhad Iftikhar","DR-913","EMDS Call","Medical Emergency","Chest Pain","2026/02/16 09:05:13 PM","Rahim Yar Khan"
"268154","Nida Rahat","DR-1322","EMDS Call","Medical Emergency","Joints Pain","2026/02/16 09:07:12 PM","Rahim Yar Khan"
"268155","Sheeza Barkat","MR-5331","EMDS Call","Medical Emergency","Others","2026/02/16 09:11:58 PM","Sadiqabad"
"268156","Nida Rahat","DR-1322","EMDS Call","Medical Emergency","High Fever","2026/02/16 09:17:28 PM","Rahim Yar Khan"
"268157","Farhad Iftikhar","DR-913","Direct Call","Rescue Operations","Delivery Case","2026/02/16 09:32:30 PM","Rahim Yar Khan"
"268158","Sheeza Barkat","MR-5331","EMDS Call","Medical Emergency","Others","2026/02/16 09:33:23 PM","Rahim Yar Khan"
"268159","Nida Rahat","DR-1322","EMDS Call","Medical Emergency","Hypertension","2026/02/16 09:34:01 PM","Sadiqabad"
"268160","Farhad Iftikhar","DR-913","EMDS Call","Medical Emergency","Chest Pain","2026/02/16 09:34:56 PM","Liaqatpur"
"268162","Nida Rahat","DR-1322","EMDS Call","Road Crash","Bleeding","2026/02/16 09:36:42 PM","Rahim Yar Khan"
"76363","Farhad Iftikhar","DR-913","Direct Call","Patient Transfer Service","N/A","2026/02/16 09:38:46 PM","Liaqatpur"
"268161","Sheeza Barkat","MR-5331","EMDS Call","Medical Emergency","Domestic Injuries","2026/02/16 09:38:04 PM","Khanpur"
"268165","Farhad Iftikhar","DR-913","EMDS Call","Medical Emergency","Abdominal Pain","2026/02/16 09:41:22 PM","Sadiqabad"
"268163","Nida Rahat","DR-1322","EMDS Call","Medical Emergency","Unconscious","2026/02/16 09:41:30 PM","Rahim Yar Khan"
"268164","Nida Rahat","DR-1322","EMDS Call","Medical Emergency","Abdominal Pain","2026/02/16 09:45:51 PM","Khanpur"
"268166","Nida Rahat","DR-1322","EMDS Call","Medical Emergency","Abdominal Pain","2026/02/16 09:54:24 PM","Liaqatpur"
"268167","Sheeza Barkat","MR-5331","EMDS Call","Medical Emergency","Others","2026/02/16 09:55:21 PM","Rahim Yar Khan"
"76364","Nida Rahat","DR-1322","Direct Call","Patient Transfer Service","N/A","2026/02/16 09:56:41 PM","Sadiqabad"
"268168","Nida Rahat","DR-1322","EMDS Call","Medical Emergency","Others","2026/02/16 09:56:14 PM","Rahim Yar Khan"
"268169","Farhad Iftikhar","DR-913","EMDS Call","Medical Emergency","Chest Pain","2026/02/16 09:57:13 PM","Liaqatpur"
"76365","Nida Rahat","DR-1322","Direct Call","Patient Transfer Service","N/A","2026/02/16 10:00:37 PM","Sadiqabad"
"268170","Nida Rahat","DR-1322","EMDS Call","Medical Emergency","Vomiting","2026/02/16 10:08:46 PM","Rahim Yar Khan"
"268171","Sheeza Barkat","MR-5331","EMDS Call","Medical Emergency","Chest Pain","2026/02/16 10:06:15 PM","Sadiqabad"
"76366","Nida Rahat","DR-1322","Direct Call","Patient Transfer Service","N/A","2026/02/16 10:17:50 PM","Sadiqabad"
"268172","Sheeza Barkat","MR-5331","EMDS Call","Medical Emergency","Hypotension","2026/02/16 10:21:24 PM","Sadiqabad"
"268173","Farhad Iftikhar","DR-913","EMDS Call","Medical Emergency","Others","2026/02/16 10:24:57 PM","Sadiqabad"
"76367","Nida Rahat","DR-1322","Direct Call","Patient Transfer Service","N/A","2026/02/16 10:30:28 PM","Liaqatpur"
"268174","Sheeza Barkat","MR-5331","EMDS Call","Medical Emergency","Others","2026/02/16 10:27:35 PM","Rahim Yar Khan"
"268175","Nida Rahat","DR-1322","EMDS Call","Medical Emergency","Abdominal Pain","2026/02/16 10:33:51 PM","Rahim Yar Khan"
"268176","Sheeza Barkat","MR-5331","EMDS Call","Medical Emergency","High Fever","2026/02/16 10:40:51 PM","Rahim Yar Khan"
"268177","Nida Rahat","DR-1322","EMDS Call","Medical Emergency","Cardiac Arrest","2026/02/16 10:48:44 PM","Rahim Yar Khan"
"268178","Muhammad ALi","DR-818","EMDS Call","Medical Emergency","High Fever","2026/02/16 11:01:55 PM","Sadiqabad"
"268179","Muhammad ALi","DR-818","EMDS Call","Medical Emergency","Diabetic","2026/02/16 11:07:18 PM","Rahim Yar Khan"
"268180","Muhammad ALi","DR-818","EMDS Call","Medical Emergency","Hypertension","2026/02/16 11:16:50 PM","Rahim Yar Khan"
"76368","Farhad Iftikhar","DR-913","Direct Call","Patient Transfer Service","N/A","2026/02/16 11:27:46 PM","Khanpur"
"268181","Muhammad ALi","DR-818","EMDS Call","Medical Emergency","Hypertension","2026/02/16 11:27:10 PM","Rahim Yar Khan"
"76369","Farhad Iftikhar","DR-913","Direct Call","Patient Transfer Service","N/A","2026/02/16 11:30:20 PM","Khanpur"
"268182","Nida Rahat","DR-1322","EMDS Call","Medical Emergency","Others","2026/02/16 11:29:55 PM","Rahim Yar Khan"
"268183","Muhammad ALi","DR-818","EMDS Call","Medical Emergency","Unconscious","2026/02/16 11:37:37 PM","Rahim Yar Khan"
"268184","Muhammad ALi","DR-818","EMDS Call","Medical Emergency","High Fever","2026/02/16 11:46:48 PM","Sadiqabad"
"268185","Nida Rahat","DR-1322","EMDS Call","Medical Emergency","Chest Pain","2026/02/16 11:48:11 PM","Liaqatpur"
"268186","Muhammad ALi","DR-818","EMDS Call","Medical Emergency","High Fever","2026/02/16 11:49:41 PM","Rahim Yar Khan"
"268187","Muhammad ALi","DR-818","EMDS Call","Medical Emergency","Others","2026/02/16 11:52:56 PM","Rahim Yar Khan"
"268188","Nida Rahat","DR-1322","EMDS Call","Medical Emergency","Chest Pain","2026/02/16 11:55:09 PM","Liaqatpur"
"268189","Farhad Iftikhar","DR-913","EMDS Call","Medical Emergency","Hypertension","2026/02/17 12:13:50 AM","Rahim Yar Khan"
"268190","Muhammad ALi","DR-818","EMDS Call","Road Crash","Minor Injuries","2026/02/17 12:20:09 AM","Sadiqabad"
"268190","Muhammad ALi","DR-818","EMDS Call","Road Crash","Minor Injuries","2026/02/17 12:20:09 AM","Sadiqabad"
"268191","Nida Rahat","DR-1322","EMDS Call","Medical Emergency","Joints Pain","2026/02/17 12:24:36 AM","Sadiqabad"
"268192","Muhammad ALi","DR-818","EMDS Call","Medical Emergency","Vomiting","2026/02/17 12:33:17 AM","Rahim Yar Khan"
"76370","Muhammad ALi","DR-818","Direct Call","Patient Transfer Service","N/A","2026/02/17 12:39:56 AM","Sadiqabad"
"268193","Muhammad ALi","DR-818","EMDS Call","Medical Emergency","Hypertension","2026/02/17 12:41:41 AM","Rahim Yar Khan"
"268194","Nida Rahat","DR-1322","Direct Call","Rescue Operations","Others","2026/02/17 12:44:47 AM","Sadiqabad"
"76371","Nida Rahat","DR-1322","Direct Call","Patient Transfer Service","N/A","2026/02/17 12:47:17 AM","Sadiqabad"
"268195","Nida Rahat","DR-1322","EMDS Call","Medical Emergency","Vomiting","2026/02/17 12:48:04 AM","Liaqatpur"
"268196","Nida Rahat","DR-1322","EMDS Call","Medical Emergency","Others","2026/02/17 01:16:18 AM","Sadiqabad"
"268197","Muhammad ALi","DR-818","EMDS Call","Medical Emergency","Vomiting","2026/02/17 01:21:54 AM","Rahim Yar Khan"
"268198","Farhad Iftikhar","DR-913","EMDS Call","Medical Emergency","SOB/ Respiratory Distress","2026/02/17 01:24:40 AM","Khanpur"
"268199","Nida Rahat","DR-1322","EMDS Call","Medical Emergency","High Fever","2026/02/17 01:38:46 AM","Sadiqabad"
"268200","Muhammad ALi","DR-818","EMDS Call","Medical Emergency","SOB/ Respiratory Distress","2026/02/17 01:39:52 AM","Rahim Yar Khan"
"268201","Muhammad ALi","DR-818","EMDS Call","Rescue Operations","Delivery Case","2026/02/17 01:52:05 AM","Rahim Yar Khan"
"76372","Nida Rahat","DR-1322","Direct Call","Patient Transfer Service","N/A","2026/02/17 02:21:28 AM","Khanpur"
"268202","Nida Rahat","DR-1322","EMDS Call","Rescue Operations","Delivery Case","2026/02/17 02:35:35 AM","Rahim Yar Khan"
"268203","Muhammad ALi","DR-818","EMDS Call","Medical Emergency","SOB/ Respiratory Distress","2026/02/17 02:45:14 AM","Rahim Yar Khan"
"268204","Nida Rahat","DR-1322","EMDS Call","Medical Emergency","High Fever","2026/02/17 02:51:08 AM","Rahim Yar Khan"
"268205","Farhad Iftikhar","DR-913","EMDS Call","Rescue Operations","Delivery Case","2026/02/17 02:57:02 AM","Khanpur"
"268206","Nida Rahat","DR-1322","EMDS Call","Medical Emergency","High Fever","2026/02/17 02:59:14 AM","Rahim Yar Khan"
"268207","Muhammad ALi","DR-818","EMDS Call","Medical Emergency","Vomiting","2026/02/17 03:20:40 AM","Rahim Yar Khan"
"268208","Sheeza Barkat","MR-5331","EMDS Call","Medical Emergency","CVA/Stroke","2026/02/17 03:40:35 AM","Rahim Yar Khan"
"268209","Adil Iqbal","DR-782","EMDS Call","Medical Emergency","High Fever","2026/02/17 03:48:57 AM","Rahim Yar Khan"
"268210","Sheeza Barkat","MR-5331","EMDS Call","Medical Emergency","Others","2026/02/17 04:09:07 AM","Rahim Yar Khan"
"268211","Adil Iqbal","DR-782","EMDS Call","Medical Emergency","Others","2026/02/17 04:16:43 AM","Rahim Yar Khan"
"268212","Saima Bashir","MR-5819","EMDS Call","Medical Emergency","Abdominal Pain","2026/02/17 04:15:28 AM","Rahim Yar Khan"
"268213","Sheeza Barkat","MR-5331","EMDS Call","Medical Emergency","High Fever","2026/02/17 04:51:02 AM","Rahim Yar Khan"
"76373","Sheeza Barkat","MR-5331","Direct Call","Patient Transfer Service","N/A","2026/02/17 05:34:07 AM","Sadiqabad"
"268214","Saima Bashir","MR-5819","EMDS Call","Rescue Operations","Delivery Case","2026/02/17 05:33:53 AM","Rahim Yar Khan"
"268215","Adil Iqbal","DR-782","EMDS Call","Medical Emergency","Hypertension","2026/02/17 05:34:39 AM","Rahim Yar Khan"
"268216","Adil Iqbal","DR-782","EMDS Call","Road Crash","Multiple Fractures","2026/02/17 05:51:58 AM","Rahim Yar Khan"
"268217","Adil Iqbal","DR-782","EMDS Call","Medical Emergency","SOB/ Respiratory Distress","2026/02/17 06:08:17 AM","Sadiqabad"
"268218","Sheeza Barkat","MR-5331","EMDS Call","Medical Emergency","Chronic Illness","2026/02/17 06:21:47 AM","Rahim Yar Khan"
"268219","Saima Bashir","MR-5819","Direct Call","Medical Emergency","SOB/ Respiratory Distress","2026/02/17 06:39:18 AM","Rahim Yar Khan"
"268220","Adil Iqbal","DR-782","EMDS Call","Medical Emergency","Unconscious","2026/02/17 06:49:02 AM","Rahim Yar Khan"
"268221","Adil Iqbal","DR-782","EMDS Call","Medical Emergency","Others","2026/02/17 07:01:11 AM","Sadiqabad"
"268222","Sheeza Barkat","MR-5331","EMDS Call","Medical Emergency","Backache","2026/02/17 07:11:02 AM","Rahim Yar Khan"
"268223","Adil Iqbal","DR-782","EMDS Call","Medical Emergency","Chest Pain","2026/02/17 07:34:31 AM","Rahim Yar Khan"
"268224","Adil Iqbal","DR-782","EMDS Call","Medical Emergency","Abdominal Pain","2026/02/17 07:37:06 AM","Rahim Yar Khan"
"268225","Saima Bashir","MR-5819","EMDS Call","Road Crash","Severe Trauma","2026/02/17 07:42:19 AM","Rahim Yar Khan"
"268227","Bushra Saleem","MR-5701","EMDS Call","Medical Emergency","SOB/ Respiratory Distress","2026/02/17 07:52:07 AM","Liaqatpur"
"268226","Saima Bashir","MR-5819","Direct Call","Rescue Operations","Mass Event Coverage","2026/02/17 07:55:58 AM","Rahim Yar Khan"
"268229","Bushra Saleem","MR-5701","EMDS Call","Medical Emergency","Vomiting","2026/02/17 07:59:27 AM","Rahim Yar Khan"
"268228","Muhammad Fiaz","DR-206","EMDS Call","Road Crash","Minor Injuries","2026/02/17 08:00:54 AM","Rahim Yar Khan"
"268230","Zupasha Zia","MR-5758","EMDS Call","Road Crash","Bleeding","2026/02/17 08:01:43 AM","Liaqatpur"
"268231","Muhammad Fiaz","DR-206","EMDS Call","Medical Emergency","Chest Pain","2026/02/17 08:17:01 AM","Sadiqabad"
"268232","Zupasha Zia","MR-5758","EMDS Call","Medical Emergency","Unconscious","2026/02/17 08:18:10 AM","Sadiqabad"
"268233","Bushra Saleem","MR-5701","EMDS Call","Road Crash","Bleeding","2026/02/17 08:21:54 AM","Khanpur"
"268233","Bushra Saleem","MR-5701","EMDS Call","Road Crash","Bleeding","2026/02/17 08:21:54 AM","Khanpur"
"268234","Muhammad Fiaz","DR-206","EMDS Call","Medical Emergency","Unconscious","2026/02/17 08:22:29 AM","Liaqatpur"
"268235","Zupasha Zia","MR-5758","Direct Call","Rescue Operations","Mass Event Coverage","2026/02/17 08:47:15 AM","Khanpur"
"268236","Adnan Shabbir","DR-205","EMDS Call","Medical Emergency","Epilepsy","2026/02/17 08:47:03 AM","Rahim Yar Khan"
"268237","Zupasha Zia","MR-5758","EMDS Call","Road Crash","Bleeding","2026/02/17 08:49:13 AM","Sadiqabad"
"268237","Zupasha Zia","MR-5758","EMDS Call","Road Crash","Bleeding","2026/02/17 08:49:13 AM","Sadiqabad"
"268238","Adnan Shabbir","DR-205","EMDS Call","Medical Emergency","Domestic Injuries","2026/02/17 08:55:23 AM","Sadiqabad"
"268239","Shahid Jamil","DR-184","EMDS Call","Medical Emergency","Others","2026/02/17 08:56:44 AM","Rahim Yar Khan"
"268240","Bushra Saleem","MR-5701","EMDS Call","Medical Emergency","Hypertension","2026/02/17 08:58:51 AM","Rahim Yar Khan"
"268241","Zupasha Zia","MR-5758","EMDS Call","Medical Emergency","Others","2026/02/17 09:01:28 AM","Sadiqabad"
"268242","Adnan Shabbir","DR-205","EMDS Call","Road Crash","Bleeding","2026/02/17 09:10:31 AM","Sadiqabad"
"268243","Bushra Saleem","MR-5701","EMDS Call","Medical Emergency","Chronic Illness","2026/02/17 09:14:54 AM","Khanpur"
"268244","Adnan Shabbir","DR-205","EMDS Call","Rescue Operations","Delivery Case","2026/02/17 09:21:06 AM","Khanpur"
"268245","Shahid Jamil","DR-184","EMDS Call","Medical Emergency","Chronic Illness","2026/02/17 09:22:44 AM","Rahim Yar Khan"
"268246","Muhammad AAmar","DR-915","EMDS Call","Rescue Operations","Delivery Case","2026/02/17 09:24:10 AM","Rahim Yar Khan"
"268247","Bushra Saleem","MR-5701","EMDS Call","Medical Emergency","Hypertension","2026/02/17 09:24:22 AM","Liaqatpur"
"268248","Bushra Saleem","MR-5701","EMDS Call","Medical Emergency","Epilepsy","2026/02/17 09:44:48 AM","Khanpur"
"268249","Shahid Jamil","DR-184","EMDS Call","Fire","Others","2026/02/17 09:53:20 AM","Rahim Yar Khan"
"268250","Muhammad AAmar","DR-915","EMDS Call","Road Crash","Severe Trauma","2026/02/17 09:56:54 AM","Rahim Yar Khan"
"268251","Adnan Shabbir","DR-205","EMDS Call","Road Crash","Severe Trauma","2026/02/17 10:00:54 AM","Rahim Yar Khan"
"268252","Bushra Saleem","MR-5701","EMDS Call","Medical Emergency","Abdominal Pain","2026/02/17 10:00:34 AM","Sadiqabad"
"268255","Muhammad AAmar","DR-915","EMDS Call","Rescue Operations","Delivery Case","2026/02/17 10:03:20 AM","Khanpur"
"268253","Yasir Ilyas","DR-893","EMDS Call","Medical Emergency","Hypotension","2026/02/17 10:04:30 AM","Rahim Yar Khan"
"268254","Bushra Saleem","MR-5701","EMDS Call","Medical Emergency","Chest Pain","2026/02/17 10:05:12 AM","Rahim Yar Khan"
"268256","Shahid Jamil","DR-184","EMDS Call","Road Crash","Minor Injuries","2026/02/17 10:06:51 AM","Rahim Yar Khan"
"Not Assigned","Bushra Saleem","MR-5701","Direct Call","Community","Community Training","2026/02/17 10:10:32 AM","Rahim Yar Khan"
"268257","Yasir Ilyas","DR-893","EMDS Call","Medical Emergency","Others","2026/02/17 10:13:26 AM","Rahim Yar Khan"
"268259","Bushra Saleem","MR-5701","EMDS Call","Medical Emergency","Others","2026/02/17 10:16:19 AM","Rahim Yar Khan"
"268258","Muhammad Fiaz","DR-206","EMDS Call","Medical Emergency","CVA/Stroke","2026/02/17 10:20:02 AM","Sadiqabad"
"268260","Muhammad Fiaz","DR-206","EMDS Call","Medical Emergency","Abdominal Pain","2026/02/17 10:35:07 AM","Sadiqabad"
"268261","Bushra Saleem","MR-5701","EMDS Call","Medical Emergency","Others","2026/02/17 10:39:00 AM","Rahim Yar Khan"
"268262","Muhammad Fiaz","DR-206","EMDS Call","Medical Emergency","Hypertension","2026/02/17 10:41:41 AM","Rahim Yar Khan"
"76374","Muhammad Fiaz","DR-206","Direct Call","Patient Transfer Service","N/A","2026/02/17 10:43:39 AM","Sadiqabad"
"268263","Muhammad Riaz","DR-654","EMDS Call","Road Crash","Bleeding","2026/02/17 10:44:54 AM","Rahim Yar Khan"
"268264","Bushra Saleem","MR-5701","EMDS Call","Medical Emergency","SOB/ Respiratory Distress","2026/02/17 10:46:01 AM","Rahim Yar Khan"
"76375","Yasir Ilyas","DR-893","Direct Call","Patient Transfer Service","N/A","2026/02/17 10:55:26 AM","Sadiqabad"
"268265","Muhammad Fiaz","DR-206","EMDS Call","Medical Emergency","Others","2026/02/17 11:00:38 AM","Rahim Yar Khan"
"268266","Muhammad Fiaz","DR-206","EMDS Call","Medical Emergency","Others","2026/02/17 11:04:08 AM","Rahim Yar Khan"
"268267","Yasir Ilyas","DR-893","EMDS Call","Rescue Operations","Delivery Case","2026/02/17 11:09:02 AM","Liaqatpur"
"268269","Muhammad Riaz","DR-654","EMDS Call","Medical Emergency","SOB/ Respiratory Distress","2026/02/17 11:13:09 AM","Sadiqabad"
"268268","Muhammad Fiaz","DR-206","EMDS Call","Medical Emergency","SOB/ Respiratory Distress","2026/02/17 11:10:50 AM","Rahim Yar Khan"
"268270","Muhammad Riaz","DR-654","EMDS Call","Medical Emergency","Others","2026/02/17 11:17:48 AM","Rahim Yar Khan"
"268271","Muhammad Riaz","DR-654","EMDS Call","Medical Emergency","Hypertension","2026/02/17 11:22:32 AM","Sadiqabad"
"76376","Yasir Ilyas","DR-893","Direct Call","Patient Transfer Service","N/A","2026/02/17 11:24:08 AM","Khanpur"
"268272","Zupasha Zia","MR-5758","EMDS Call","Medical Emergency","Hypertension","2026/02/17 11:26:38 AM","Liaqatpur"
"76377","Yasir Ilyas","DR-893","Direct Call","Patient Transfer Service","N/A","2026/02/17 11:32:06 AM","Khanpur"
"268273","Yasir Ilyas","DR-893","EMDS Call","Fire","Others","2026/02/17 11:36:03 AM","Rahim Yar Khan"
"268274","Muhammad Fiaz","DR-206","EMDS Call","Medical Emergency","Chest Pain","2026/02/17 11:38:17 AM","Sadiqabad"
"268275","Imran Anjum","DR-204","EMDS Call","Medical Emergency","Chronic Illness","2026/02/17 11:46:02 AM","Liaqatpur"
"268276","Yasir Ilyas","DR-893","EMDS Call","Road Crash","Minor Injuries","2026/02/17 11:56:01 AM","Sadiqabad"
"268277","Imran Anjum","DR-204","EMDS Call","Road Crash","Minor Injuries","2026/02/17 12:00:00 PM","Rahim Yar Khan"
"268279","Yasir Ilyas","DR-893","EMDS Call","Medical Emergency","Domestic Injuries","2026/02/17 12:05:21 PM","Rahim Yar Khan"
"268278","Muhammad Fiaz","DR-206","EMDS Call","Medical Emergency","SOB/ Respiratory Distress","2026/02/17 12:09:07 PM","Rahim Yar Khan"
"268280","Imran Anjum","DR-204","EMDS Call","Fire","Others","2026/02/17 12:08:30 PM","Khanpur"
"268281","Yasir Ilyas","DR-893","EMDS Call","Medical Emergency","Vomiting","2026/02/17 12:11:40 PM","Sadiqabad"
"268282","Imran Anjum","DR-204","EMDS Call","Road Crash","Bleeding","2026/02/17 12:11:36 PM","Sadiqabad"
"268283","Zupasha Zia","MR-5758","EMDS Call","Medical Emergency","Others","2026/02/17 12:13:29 PM","Rahim Yar Khan"
"268284","Muhammad Fiaz","DR-206","EMDS Call","Medical Emergency","Diarrhea","2026/02/17 12:18:41 PM","Rahim Yar Khan"
"268285","Imran Anjum","DR-204","EMDS Call","Medical Emergency","CVA/Stroke","2026/02/17 12:34:46 PM","Liaqatpur"
"268286","Muhammad Fiaz","DR-206","EMDS Call","Road Crash","Severe Trauma","2026/02/17 12:36:28 PM","Khanpur"
"268287","Yasir Ilyas","DR-893","EMDS Call","Road Crash","Bleeding","2026/02/17 12:49:39 PM","Rahim Yar Khan"
"268288","Imran Anjum","DR-204","EMDS Call","Medical Emergency","Others","2026/02/17 12:52:55 PM","Khanpur"
"268289","Muhammad Fiaz","DR-206","EMDS Call","Medical Emergency","Unconscious","2026/02/17 01:05:14 PM","Khanpur"
"268290","Yasir Ilyas","DR-893","EMDS Call","Road Crash","Severe Trauma","2026/02/17 01:07:07 PM","Sadiqabad"
"268291","Zupasha Zia","MR-5758","EMDS Call","Medical Emergency","Unconscious","2026/02/17 01:06:56 PM","Sadiqabad"
"268292","Imran Anjum","DR-204","EMDS Call","Medical Emergency","Vomiting","2026/02/17 01:10:52 PM","Sadiqabad"
"268293","Zupasha Zia","MR-5758","EMDS Call","Medical Emergency","Diabetic","2026/02/17 01:12:54 PM","Khanpur"
"268295","Muhammad Fiaz","DR-206","EMDS Call","Medical Emergency","Vomiting","2026/02/17 01:17:24 PM","Rahim Yar Khan"
"268294","Imran Anjum","DR-204","EMDS Call","Fire","Short Circuit","2026/02/17 01:16:58 PM","Liaqatpur"
"268296","Imran Anjum","DR-204","EMDS Call","Medical Emergency","Hypertension","2026/02/17 01:21:24 PM","Rahim Yar Khan"
"268297","Bushra Saleem","MR-5701","EMDS Call","Medical Emergency","Vomiting","2026/02/17 01:25:08 PM","Rahim Yar Khan"
"268298","Zupasha Zia","MR-5758","EMDS Call","Medical Emergency","Hypertension","2026/02/17 01:26:25 PM","Sadiqabad"
"268299","Shahid Jamil","DR-184","EMDS Call","Medical Emergency","High Fever","2026/02/17 01:35:43 PM","Rahim Yar Khan"
"268300","Zupasha Zia","MR-5758","EMDS Call","Road Crash","Severe Trauma","2026/02/17 01:38:03 PM","Khanpur"
"268301","Bushra Saleem","MR-5701","EMDS Call","Medical Emergency","Unconscious","2026/02/17 01:48:24 PM","Sadiqabad"
"268302","Zupasha Zia","MR-5758","Direct Call","Medical Emergency","High Fever","2026/02/17 01:50:03 PM","Liaqatpur"
"268303","Shahid Jamil","DR-184","EMDS Call","Medical Emergency","High Fever","2026/02/17 01:50:28 PM","Liaqatpur"
"268304","Imran Anjum","DR-204","EMDS Call","Road Crash","Bleeding","2026/02/17 01:53:40 PM","Rahim Yar Khan"
"268305","Zupasha Zia","MR-5758","EMDS Call","Medical Emergency","Abdominal Pain","2026/02/17 01:54:15 PM","Rahim Yar Khan"
"268306","Shahid Jamil","DR-184","EMDS Call","Road Crash","Bleeding","2026/02/17 02:00:51 PM","Rahim Yar Khan"
"268307","Imran Anjum","DR-204","EMDS Call","Medical Emergency","Epilepsy","2026/02/17 02:02:15 PM","Liaqatpur"
"268308","Imran Anjum","DR-204","EMDS Call","Medical Emergency","Chronic Illness","2026/02/17 02:08:23 PM","Sadiqabad"
"268309","Imran Anjum","DR-204","EMDS Call","Medical Emergency","Hypertension","2026/02/17 02:16:04 PM","Sadiqabad"
"268310","Muhammad Zubair","DR-894","EMDS Call","Road Crash","Severe Trauma","2026/02/17 02:16:15 PM","Khanpur"
"268311","Imran Anjum","DR-204","EMDS Call","Medical Emergency","Hypertension","2026/02/17 02:20:42 PM","Khanpur"
"268312","Imran Anjum","DR-204","Direct Call","Medical Emergency","High Fever","2026/02/17 02:26:07 PM","Liaqatpur"
"76378","Maheen Tahir","MR-6017","Direct Call","Patient Transfer Service","N/A","2026/02/17 02:26:31 PM","Liaqatpur"
"76379","Farah Sadaqat","MR-5930","Direct Call","Patient Transfer Service","N/A","2026/02/17 02:37:29 PM","Liaqatpur"
"268313","Imran Anjum","DR-204","EMDS Call","Road Crash","Minor Injuries","2026/02/17 02:36:01 PM","Rahim Yar Khan"
"268314","Imran Anjum","DR-204","EMDS Call","Medical Emergency","SOB/ Respiratory Distress","2026/02/17 02:42:10 PM","Rahim Yar Khan"
"76380","Muhammad Zubair","DR-894","Direct Call","Patient Transfer Service","N/A","2026/02/17 02:47:06 PM","Sadiqabad"
"76381","Maheen Tahir","MR-6017","Direct Call","Patient Transfer Service","N/A","2026/02/17 02:50:22 PM","Khanpur"
"268315","Farah Sadaqat","MR-5930","EMDS Call","Medical Emergency","Others","2026/02/17 02:55:01 PM","Rahim Yar Khan"
"268316","Imran Anjum","DR-204","EMDS Call","Road Crash","Bleeding","2026/02/17 03:01:51 PM","Rahim Yar Khan"
"268317","Maheen Tahir","MR-6017","EMDS Call","Medical Emergency","Others","2026/02/17 03:07:18 PM","Rahim Yar Khan"
"Not Assigned","Farah Sadaqat","MR-5930","Direct Call","Medical Emergency","Others","2026/02/17 03:08:11 PM","Rahim Yar Khan"
"268319","Farah Sadaqat","MR-5930","EMDS Call","Medical Emergency","Domestic Injuries","2026/02/17 03:21:04 PM","Rahim Yar Khan"
"76382","Muhammad Zubair","DR-894","Direct Call","Patient Transfer Service","N/A","2026/02/17 03:21:48 PM","Khanpur"
"268320","Muhammad Zubair","DR-894","EMDS Call","Medical Emergency","Diarrhea","2026/02/17 03:21:37 PM","Rahim Yar Khan"
"268321","Maheen Tahir","MR-6017","EMDS Call","Medical Emergency","Others","2026/02/17 03:24:29 PM","Rahim Yar Khan"
"268322","Farah Sadaqat","MR-5930","EMDS Call","Road Crash","Minor Injuries","2026/02/17 03:33:45 PM","Sadiqabad"
"76383","Muhammad Zubair","DR-894","Direct Call","Patient Transfer Service","N/A","2026/02/17 03:37:34 PM","Sadiqabad"
"268323","Farah Sadaqat","MR-5930","EMDS Call","Medical Emergency","Others","2026/02/17 03:36:24 PM","Rahim Yar Khan"
"268324","Maheen Tahir","MR-6017","EMDS Call","Medical Emergency","SOB/ Respiratory Distress","2026/02/17 03:37:14 PM","Liaqatpur"
"268325","Muhammad Zubair","DR-894","Direct Call","Rescue Operations","Mass Event Coverage","2026/02/17 03:39:03 PM","Liaqatpur"
"268326","Farah Sadaqat","MR-5930","EMDS Call","Road Crash","Bleeding","2026/02/17 03:50:05 PM","Khanpur"
"268327","Farah Sadaqat","MR-5930","EMDS Call","Medical Emergency","Unconscious","2026/02/17 03:52:17 PM","Rahim Yar Khan"
"268328","Maheen Tahir","MR-6017","EMDS Call","Rescue Operations","Scorpion Bite/Other Animal/Insect Bite","2026/02/17 03:51:30 PM","Rahim Yar Khan"
"268328","Maheen Tahir","MR-6017","EMDS Call","Rescue Operations","Scorpion Bite/Other Animal/Insect Bite","2026/02/17 03:51:30 PM","Rahim Yar Khan"
"268329","Maheen Tahir","MR-6017","EMDS Call","Road Crash","Bleeding","2026/02/17 03:55:25 PM","Rahim Yar Khan"
"76384","Farah Sadaqat","MR-5930","Direct Call","Patient Transfer Service","N/A","2026/02/17 04:00:00 PM","Sadiqabad"
"268330","Muhammad Zubair","DR-894","EMDS Call","Road Crash","Minor Injuries","2026/02/17 04:08:55 PM","Rahim Yar Khan"
"268331","Maheen Tahir","MR-6017","EMDS Call","Fire","Others","2026/02/17 04:09:36 PM","Rahim Yar Khan"
"268332","Farah Sadaqat","MR-5930","EMDS Call","Fall","Slipped On Floor","2026/02/17 04:13:45 PM","Rahim Yar Khan"
"268333","Muhammad Zubair","DR-894","EMDS Call","Medical Emergency","Others","2026/02/17 04:25:11 PM","Rahim Yar Khan"
"268334","Farah Sadaqat","MR-5930","EMDS Call","Medical Emergency","Others","2026/02/17 04:23:34 PM","Rahim Yar Khan"
"268335","Farah Sadaqat","MR-5930","EMDS Call","Medical Emergency","Hypertension","2026/02/17 04:41:54 PM","Rahim Yar Khan"
"268337","Muhammad Zubair","DR-894","EMDS Call","Road Crash","Minor Injuries","2026/02/17 04:42:20 PM","Rahim Yar Khan"
"268336","Maheen Tahir","MR-6017","EMDS Call","Medical Emergency","Hypertension","2026/02/17 04:42:44 PM","Rahim Yar Khan"
"268338","Maheen Tahir","MR-6017","Direct Call","Rescue Operations","Mass Event Coverage","2026/02/17 04:50:05 PM","Rahim Yar Khan"
"268339","Maheen Tahir","MR-6017","EMDS Call","Road Crash","Bleeding","2026/02/17 04:50:57 PM","Sadiqabad"
"268340","Muhammad Zubair","DR-894","EMDS Call","Medical Emergency","Others","2026/02/17 04:50:41 PM","Rahim Yar Khan"
"268341","Maheen Tahir","MR-6017","Direct Call","Medical Emergency","Others","2026/02/17 04:56:30 PM","Rahim Yar Khan"
"268342","Maheen Tahir","MR-6017","EMDS Call","Medical Emergency","Chronic Illness","2026/02/17 05:03:48 PM","Rahim Yar Khan"
"268343","Farah Sadaqat","MR-5930","EMDS Call","Medical Emergency","Unconscious","2026/02/17 05:08:29 PM","Sadiqabad"
"268344","Maheen Tahir","MR-6017","EMDS Call","Medical Emergency","Others","2026/02/17 05:17:59 PM","Rahim Yar Khan"
"268345","Farah Sadaqat","MR-5930","EMDS Call","Medical Emergency","Unconscious","2026/02/17 05:18:29 PM","Sadiqabad"
"268346","Maheen Tahir","MR-6017","EMDS Call","Medical Emergency","Diabetic","2026/02/17 05:21:16 PM","Khanpur"
"76385","Shaheen Islam","DR-1171","Direct Call","Patient Transfer Service","N/A","2026/02/17 05:30:30 PM","Sadiqabad"
"268347","Farah Sadaqat","MR-5930","EMDS Call","Medical Emergency","Others","2026/02/17 05:34:16 PM","Rahim Yar Khan"
"268348","Maheen Tahir","MR-6017","EMDS Call","Medical Emergency","CVA/Stroke","2026/02/17 05:38:00 PM","Sadiqabad"
"268349","Farah Sadaqat","MR-5930","EMDS Call","Medical Emergency","Chronic Illness","2026/02/17 05:49:47 PM","Rahim Yar Khan"
"76386","Farah Sadaqat","MR-5930","Direct Call","Patient Transfer Service","N/A","2026/02/17 05:56:42 PM","Liaqatpur"
"268350","Shaheen Islam","DR-1171","EMDS Call","Medical Emergency","Hypertension","2026/02/17 05:58:26 PM","Rahim Yar Khan"
"268351","Muhammad Zahid","DR-888","EMDS Call","Medical Emergency","SOB/ Respiratory Distress","2026/02/17 05:59:12 PM","Rahim Yar Khan"
"268352","Farah Sadaqat","MR-5930","EMDS Call","Road Crash","Minor Injuries","2026/02/17 06:11:56 PM","Rahim Yar Khan"
"76387","Farah Sadaqat","MR-5930","Direct Call","Patient Transfer Service","N/A","2026/02/17 06:14:33 PM","Khanpur"
"76388","Muhammad Zahid","DR-888","Direct Call","Patient Transfer Service","N/A","2026/02/17 06:14:38 PM","Liaqatpur"
"268353","Shaheen Islam","DR-1171","EMDS Call","Medical Emergency","Hypertension","2026/02/17 06:13:33 PM","Rahim Yar Khan"
"268354","Farah Sadaqat","MR-5930","EMDS Call","Medical Emergency","Abdominal Pain","2026/02/17 06:20:00 PM","Sadiqabad"
"Not Assigned","Muhammad Zahid","DR-888","EMDS Call","Medical Emergency","Vomiting","2026/02/17 06:18:18 PM","Rahim Yar Khan"
"268356","Shaheen Islam","DR-1171","EMDS Call","Medical Emergency","Hypertension","2026/02/17 06:27:31 PM","Rahim Yar Khan"
"268357","Farah Sadaqat","MR-5930","EMDS Call","Medical Emergency","High Fever","2026/02/17 06:40:42 PM","Rahim Yar Khan"
"76389","Muhammad Zahid","DR-888","Direct Call","Patient Transfer Service","N/A","2026/02/17 06:42:52 PM","Khanpur"
"Not Assigned","Muhammad Zahid","DR-888","EMDS Call","Medical Emergency","Others","2026/02/17 06:46:57 PM","Rahim Yar Khan"
"268359","Farah Sadaqat","MR-5930","EMDS Call","Medical Emergency","Chest Pain","2026/02/17 06:54:32 PM","Rahim Yar Khan"
"268360","Farah Sadaqat","MR-5930","EMDS Call","Road Crash","Bleeding","2026/02/17 07:01:34 PM","Sadiqabad"
"268361","Farah Sadaqat","MR-5930","EMDS Call","Medical Emergency","Backache","2026/02/17 07:09:20 PM","Rahim Yar Khan"
"268362","Shaheen Islam","DR-1171","EMDS Call","Medical Emergency","SOB/ Respiratory Distress","2026/02/17 07:16:37 PM","Sadiqabad"
"268363","Shaheen Islam","DR-1171","EMDS Call","Rescue Operations","Delivery Case","2026/02/17 07:26:06 PM","Rahim Yar Khan"
"268364","Muhammad Zahid","DR-888","EMDS Call","Medical Emergency","Diabetic","2026/02/17 07:29:17 PM","Rahim Yar Khan"
"268365","Farah Sadaqat","MR-5930","EMDS Call","Road Crash","Bleeding","2026/02/17 07:29:56 PM","Rahim Yar Khan"
"268366","Muhammad Zahid","DR-888","EMDS Call","Medical Emergency","SOB/ Respiratory Distress","2026/02/17 07:37:17 PM","Khanpur"
"268367","Farah Sadaqat","MR-5930","EMDS Call","Medical Emergency","Diabetic","2026/02/17 07:38:16 PM","Liaqatpur"
"268368","Muhammad Zahid","DR-888","Direct Call","Medical Emergency","Vomiting","2026/02/17 07:41:07 PM","Rahim Yar Khan"
"268369","Farah Sadaqat","MR-5930","EMDS Call","Road Crash","Severe Trauma","2026/02/17 07:42:27 PM","Rahim Yar Khan"
"268370","Shaheen Islam","DR-1171","EMDS Call","Rescue Operations","Delivery Case","2026/02/17 07:43:31 PM","Rahim Yar Khan"
"268371","Farah Sadaqat","MR-5930","EMDS Call","Medical Emergency","Domestic Injuries","2026/02/17 07:45:37 PM","Rahim Yar Khan"
"268372","Muhammad Zahid","DR-888","EMDS Call","Medical Emergency","Others","2026/02/17 07:47:31 PM","Rahim Yar Khan"
"268373","Shaheen Islam","DR-1171","EMDS Call","Road Crash","Bleeding","2026/02/17 08:01:02 PM","Sadiqabad"
"Not Assigned","Shaheen Islam","DR-1171","EMDS Call","Fire","Others","2026/02/17 08:07:29 PM","Sadiqabad"
"268375","Farah Sadaqat","MR-5930","EMDS Call","Medical Emergency","Hypertension","2026/02/17 08:11:21 PM","Rahim Yar Khan"
"268376","Shaheen Islam","DR-1171","EMDS Call","Medical Emergency","Vomiting","2026/02/17 08:16:35 PM","Sadiqabad"
"268377","Farah Sadaqat","MR-5930","EMDS Call","Medical Emergency","Vomiting","2026/02/17 08:18:11 PM","Rahim Yar Khan"
"76390","Shaheen Islam","DR-1171","Direct Call","Patient Transfer Service","N/A","2026/02/17 08:23:48 PM","Khanpur"
"268378","Muhammad Zahid","DR-888","EMDS Call","Medical Emergency","Abdominal Pain","2026/02/17 08:28:32 PM","Liaqatpur"
"268379","Farah Sadaqat","MR-5930","EMDS Call","Medical Emergency","Abdominal Pain","2026/02/17 08:29:59 PM","Khanpur"
"268380","Muhammad Zahid","DR-888","EMDS Call","Medical Emergency","Others","2026/02/17 08:32:00 PM","Rahim Yar Khan"
"268381","Farah Sadaqat","MR-5930","EMDS Call","Medical Emergency","SOB/ Respiratory Distress","2026/02/17 08:35:37 PM","Rahim Yar Khan"
"268382","Shaheen Islam","DR-1171","EMDS Call","Medical Emergency","Renal Disorders / Renal Colic ","2026/02/17 08:41:32 PM","Sadiqabad"
"268383","Shaheen Islam","DR-1171","EMDS Call","Medical Emergency","Abdominal Pain","2026/02/17 08:45:28 PM","Rahim Yar Khan"
"268385","Saima Bashir","MR-5819","EMDS Call","Road Crash","Minor Injuries","2026/02/17 08:57:30 PM","Rahim Yar Khan"
"268385","Saima Bashir","MR-5819","EMDS Call","Road Crash","Minor Injuries","2026/02/17 08:57:30 PM","Rahim Yar Khan"
"268385","Saima Bashir","MR-5819","EMDS Call","Road Crash","Minor Injuries","2026/02/17 08:57:30 PM","Rahim Yar Khan"
"268384","Sheeza Barkat","MR-5331","EMDS Call","Road Crash","Bleeding","2026/02/17 08:59:08 PM","Rahim Yar Khan"
"268386","Nida Rahat","DR-1322","EMDS Call","Medical Emergency","High Fever","2026/02/17 08:59:55 PM","Liaqatpur"
"268387","Sheeza Barkat","MR-5331","EMDS Call","Medical Emergency","SOB/ Respiratory Distress","2026/02/17 09:02:02 PM","Sadiqabad"
"268388","Nida Rahat","DR-1322","EMDS Call","Medical Emergency","Abdominal Pain","2026/02/17 09:05:55 PM","Sadiqabad"
"268389","Sheeza Barkat","MR-5331","EMDS Call","Medical Emergency","Abdominal Pain","2026/02/17 09:13:36 PM","Khanpur"
"268390","Saima Bashir","MR-5819","EMDS Call","Road Crash","Bleeding","2026/02/17 09:17:43 PM","Rahim Yar Khan"
"268392","Sheeza Barkat","MR-5331","EMDS Call","Medical Emergency","Domestic Injuries","2026/02/17 09:25:49 PM","Liaqatpur"
"268391","Saima Bashir","MR-5819","EMDS Call","Medical Emergency","SOB/ Respiratory Distress","2026/02/17 09:28:13 PM","Rahim Yar Khan"
"268393","Nida Rahat","DR-1322","EMDS Call","Medical Emergency","Others","2026/02/17 09:32:33 PM","Sadiqabad"
"268394","Sheeza Barkat","MR-5331","EMDS Call","Rescue Operations","Delivery Case","2026/02/17 09:32:58 PM","Rahim Yar Khan"
"268395","Saima Bashir","MR-5819","EMDS Call","Medical Emergency","SOB/ Respiratory Distress","2026/02/17 09:33:25 PM","Sadiqabad"
"268396","Nida Rahat","DR-1322","EMDS Call","Road Crash","Bleeding","2026/02/17 09:46:43 PM","Rahim Yar Khan"
"268396","Nida Rahat","DR-1322","EMDS Call","Road Crash","Bleeding","2026/02/17 09:46:43 PM","Rahim Yar Khan"
"268397","Nida Rahat","DR-1322","EMDS Call","Road Crash","Bleeding","2026/02/17 09:54:13 PM","Khanpur"
"268398","Sheeza Barkat","MR-5331","EMDS Call","Medical Emergency","High Fever","2026/02/17 09:55:21 PM","Khanpur"
"76391","Sheeza Barkat","MR-5331","Direct Call","Patient Transfer Service","N/A","2026/02/17 10:06:02 PM","Khanpur"
"268399","Saima Bashir","MR-5819","EMDS Call","Medical Emergency","Vomiting","2026/02/17 10:12:05 PM","Rahim Yar Khan"
"268400","Nida Rahat","DR-1322","EMDS Call","Medical Emergency","Diabetic","2026/02/17 10:21:08 PM","Sadiqabad"
"268401","Nida Rahat","DR-1322","EMDS Call","Medical Emergency","High Fever","2026/02/17 10:24:10 PM","Rahim Yar Khan"
"268402","Saima Bashir","MR-5819","EMDS Call","Medical Emergency","Abdominal Pain","2026/02/17 11:01:31 PM","Liaqatpur"
"268403","Sajid Mehmood","DR-914","EMDS Call","Medical Emergency","Backache","2026/02/17 11:03:09 PM","Rahim Yar Khan"
"268404","Sajid Mehmood","DR-914","EMDS Call","Medical Emergency","Abdominal Pain","2026/02/17 11:08:08 PM","Rahim Yar Khan"
"268405","Saima Bashir","MR-5819","EMDS Call","Medical Emergency","Abdominal Pain","2026/02/17 11:08:09 PM","Rahim Yar Khan"
"268406","Nida Rahat","DR-1322","EMDS Call","Medical Emergency","Diabetic","2026/02/17 11:08:13 PM","Khanpur"
"268407","Saima Bashir","MR-5819","EMDS Call","Medical Emergency","Hypertension","2026/02/17 11:14:15 PM","Sadiqabad"
"268408","Sajid Mehmood","DR-914","EMDS Call","Medical Emergency","Diabetic","2026/02/17 11:16:45 PM","Rahim Yar Khan"
"76392","Nida Rahat","DR-1322","Direct Call","Patient Transfer Service","N/A","2026/02/17 11:18:58 PM","Sadiqabad"
"268409","Sajid Mehmood","DR-914","EMDS Call","Medical Emergency","Hypertension","2026/02/17 11:24:41 PM","Khanpur"
"268410","Sajid Mehmood","DR-914","EMDS Call","Medical Emergency","Others","2026/02/17 11:28:37 PM","Rahim Yar Khan"
"268411","Nida Rahat","DR-1322","EMDS Call","Medical Emergency","Unconscious","2026/02/17 11:29:56 PM","Rahim Yar Khan"
"268412","Sajid Mehmood","DR-914","EMDS Call","Medical Emergency","Epilepsy","2026/02/17 11:34:14 PM","Rahim Yar Khan"
"76393","Sajid Mehmood","DR-914","Direct Call","Patient Transfer Service","N/A","2026/02/17 11:43:14 PM","Liaqatpur"
"268413","Sajid Mehmood","DR-914","EMDS Call","Medical Emergency","Abdominal Pain","2026/02/17 11:47:56 PM","Sadiqabad"
"76394","Saima Bashir","MR-5819","Direct Call","Patient Transfer Service","N/A","2026/02/17 11:49:24 PM","Sadiqabad"
"268414","Sajid Mehmood","DR-914","EMDS Call","Medical Emergency","Diabetic","2026/02/17 11:54:20 PM","Sadiqabad"
"76395","Saima Bashir","MR-5819","Direct Call","Patient Transfer Service","N/A","2026/02/17 11:55:37 PM","Sadiqabad"
"268415","Sajid Mehmood","DR-914","EMDS Call","Medical Emergency","Chest Pain","2026/02/17 11:57:18 PM","Rahim Yar Khan"
"268416","Nida Rahat","DR-1322","EMDS Call","Medical Emergency","Vomiting","2026/02/18 12:01:52 AM","Rahim Yar Khan"
"268417","Sajid Mehmood","DR-914","EMDS Call","Medical Emergency","SOB/ Respiratory Distress","2026/02/18 01:08:27 AM","Rahim Yar Khan"
"268418","Nida Rahat","DR-1322","EMDS Call","Medical Emergency","Hypertension","2026/02/18 01:22:59 AM","Rahim Yar Khan"
"268419","Sajid Mehmood","DR-914","EMDS Call","Fire","Short Circuit","2026/02/18 01:31:20 AM","Sadiqabad"
"268420","Nida Rahat","DR-1322","EMDS Call","Medical Emergency","Others","2026/02/18 01:49:51 AM","Rahim Yar Khan"
"268421","Saima Bashir","MR-5819","EMDS Call","Medical Emergency","SOB/ Respiratory Distress","2026/02/18 02:02:30 AM","Sadiqabad"
"268422","Sajid Mehmood","DR-914","EMDS Call","Medical Emergency","SOB/ Respiratory Distress","2026/02/18 02:58:47 AM","Rahim Yar Khan"
"268423","Saima Bashir","MR-5819","EMDS Call","Medical Emergency","Hypertension","2026/02/18 03:12:40 AM","Rahim Yar Khan"
"76396","Nida Rahat","DR-1322","Direct Call","Patient Transfer Service","N/A","2026/02/18 03:17:08 AM","Sadiqabad"
"268424","Sheeza Barkat","MR-5331","EMDS Call","Medical Emergency","Others","2026/02/18 03:29:32 AM","Sadiqabad"
"268425","Muhammad ALi","DR-818","EMDS Call","Medical Emergency","Hypertension","2026/02/18 04:19:33 AM","Sadiqabad"
"268426","Aasia Batool","MR-5198","EMDS Call","Rescue Operations","Delivery Case","2026/02/18 04:31:47 AM","Sadiqabad"
"268427","Muhammad ALi","DR-818","EMDS Call","Medical Emergency","Chest Pain","2026/02/18 05:21:54 AM","Rahim Yar Khan"
"268428","Sheeza Barkat","MR-5331","EMDS Call","Medical Emergency","Others","2026/02/18 05:26:46 AM","Sadiqabad"
"268430","Muhammad ALi","DR-818","EMDS Call","Medical Emergency","High Fever","2026/02/18 05:27:29 AM","Rahim Yar Khan"
"268429","Aasia Batool","MR-5198","EMDS Call","Medical Emergency","SOB/ Respiratory Distress","2026/02/18 05:27:17 AM","Sadiqabad"
"268431","Muhammad ALi","DR-818","EMDS Call","Medical Emergency","SOB/ Respiratory Distress","2026/02/18 05:30:40 AM","Sadiqabad"
"268432","Sheeza Barkat","MR-5331","EMDS Call","Medical Emergency","Renal Disorders / Renal Colic ","2026/02/18 05:57:56 AM","Rahim Yar Khan"
"268433","Aasia Batool","MR-5198","EMDS Call","Medical Emergency","Vomiting","2026/02/18 06:02:02 AM","Rahim Yar Khan"
"268434","Muhammad ALi","DR-818","EMDS Call","Road Crash","Minor Injuries","2026/02/18 06:13:52 AM","Rahim Yar Khan"
"268435","Aasia Batool","MR-5198","EMDS Call","Medical Emergency","Unconscious","2026/02/18 06:13:30 AM","Rahim Yar Khan"
"268436","Aasia Batool","MR-5198","EMDS Call","Medical Emergency","Vomiting","2026/02/18 06:20:40 AM","Liaqatpur"
"268437","Muhammad ALi","DR-818","EMDS Call","Medical Emergency","Renal Disorders / Renal Colic ","2026/02/18 06:23:26 AM","Khanpur"
"268438","Muhammad ALi","DR-818","EMDS Call","Medical Emergency","Diabetic","2026/02/18 06:30:55 AM","Rahim Yar Khan"
"268439","Aasia Batool","MR-5198","EMDS Call","Rescue Operations","Delivery Case","2026/02/18 06:58:44 AM","Liaqatpur"
"268440","Muhammad Rashid Saleem","DR-187","EMDS Call","Medical Emergency","Hypertension","2026/02/18 07:20:33 AM","Rahim Yar Khan"
"268441","Muhammad ALi","DR-818","EMDS Call","Medical Emergency","Others","2026/02/18 07:23:38 AM","Rahim Yar Khan"
"268442","Muhammad Rashid Saleem","DR-187","EMDS Call","Medical Emergency","Unconscious","2026/02/18 07:26:26 AM","Rahim Yar Khan"
"268443","Muhammad ALi","DR-818","EMDS Call","Medical Emergency","Vomiting","2026/02/18 07:34:58 AM","Liaqatpur"
"268444","Muhammad Rashid Saleem","DR-187","EMDS Call","Medical Emergency","SOB/ Respiratory Distress","2026/02/18 07:38:12 AM","Liaqatpur"
"268445","Muhammad Rashid Saleem","DR-187","EMDS Call","Road Crash","Severe Trauma","2026/02/18 07:42:15 AM","Rahim Yar Khan"
"Not Assigned","Muhammad ALi","DR-818","EMDS Call","Medical Emergency","Others","2026/02/18 07:41:20 AM","Khanpur"
"268446","Muhammad ALi","DR-818","EMDS Call","Road Crash","Minor Injuries","2026/02/18 07:48:25 AM","Liaqatpur"
"268447","Muhammad ALi","DR-818","EMDS Call","Medical Emergency","Others","2026/02/18 07:56:18 AM","Sadiqabad"
"268448","Muhammad Rashid Saleem","DR-187","EMDS Call","Medical Emergency","Vomiting","2026/02/18 07:57:42 AM","Liaqatpur"
"268449","Muhammad Fiaz","DR-206","EMDS Call","Medical Emergency","Unconscious","2026/02/18 08:05:02 AM","Rahim Yar Khan"
"268450","Muhammad Rashid Saleem","DR-187","EMDS Call","Road Crash","Multiple Fractures","2026/02/18 08:08:42 AM","Sadiqabad"
"268450","Muhammad Rashid Saleem","DR-187","EMDS Call","Road Crash","Multiple Fractures","2026/02/18 08:08:42 AM","Sadiqabad"
"268451","Shahla Nawaz","DR-185","EMDS Call","Medical Emergency","Others","2026/02/18 08:10:10 AM","Rahim Yar Khan"
"268452","Muhammad Fiaz","DR-206","EMDS Call","Medical Emergency","Hypertension","2026/02/18 08:18:22 AM","Rahim Yar Khan"
"268453","Muhammad Rashid Saleem","DR-187","EMDS Call","Medical Emergency","Vomiting","2026/02/18 08:23:17 AM","Rahim Yar Khan"
"268454","Muhammad Fiaz","DR-206","Direct Call","Rescue Operations","Mass Event Coverage","2026/02/18 08:25:00 AM","Rahim Yar Khan"
"268455","Shahla Nawaz","DR-185","EMDS Call","Road Crash","Bleeding","2026/02/18 08:25:41 AM","Sadiqabad"
"268456","Muhammad Fiaz","DR-206","EMDS Call","Medical Emergency","Vomiting","2026/02/18 08:33:08 AM","Khanpur"
"Not Assigned","Muhammad Fiaz","DR-206","Direct Call","Community","Community Training","2026/02/18 08:44:45 AM","Rahim Yar Khan"
"268457","Muhammad Rashid Saleem","DR-187","EMDS Call","Medical Emergency","Others","2026/02/18 08:55:30 AM","Khanpur"
"268458","Shahla Nawaz","DR-185","EMDS Call","Medical Emergency","Vomiting","2026/02/18 08:56:58 AM","Sadiqabad"
"76397","Shahla Nawaz","DR-185","Direct Call","Patient Transfer Service","N/A","2026/02/18 09:01:12 AM","Khanpur"
"268459","Muhammad Rashid Saleem","DR-187","EMDS Call","Medical Emergency","Chest Pain","2026/02/18 09:03:54 AM","Sadiqabad"
"268460","Shahla Nawaz","DR-185","EMDS Call","Medical Emergency","Others","2026/02/18 09:04:37 AM","Sadiqabad"
"268461","Muhammad Fiaz","DR-206","EMDS Call","Road Crash","Minor Injuries","2026/02/18 09:05:06 AM","Rahim Yar Khan"
"268462","Rana M. Usman","DR-200","EMDS Call","Medical Emergency","Unconscious","2026/02/18 09:05:34 AM","Khanpur"
"268465","Rana M. Usman","DR-200","EMDS Call","Road Crash","Severe Trauma","2026/02/18 09:11:32 AM","Sadiqabad"
"268463","Muhammad Fiaz","DR-206","EMDS Call","Medical Emergency","High Fever","2026/02/18 09:11:03 AM","Liaqatpur"
"268464","Shahla Nawaz","DR-185","EMDS Call","Medical Emergency","Epilepsy","2026/02/18 09:10:33 AM","Liaqatpur"
"268468","Muhammad Rashid Saleem","DR-187","EMDS Call","Medical Emergency","SOB/ Respiratory Distress","2026/02/18 09:13:03 AM","Sadiqabad"
"268466","Muhammad Fiaz","DR-206","EMDS Call","Road Crash","Severe Trauma","2026/02/18 09:15:18 AM","Khanpur"
"268467","Shahla Nawaz","DR-185","EMDS Call","Medical Emergency","Chronic Illness","2026/02/18 09:15:25 AM","Rahim Yar Khan"
"268469","Muhammad AAmar","DR-915","EMDS Call","Medical Emergency","Domestic Injuries","2026/02/18 09:28:53 AM","Rahim Yar Khan"
"268470","Muhammad Riaz","DR-654","Direct Call","Rescue Operations","Mass Event Coverage","2026/02/18 09:43:40 AM","Khanpur"
"268471","Shahid Jamil","DR-184","EMDS Call","Rescue Operations","Work/Occupational Injuries","2026/02/18 09:46:47 AM","Sadiqabad"
"268472","Mureed Abbas","DR-900","EMDS Call","Medical Emergency","Renal Disorders / Renal Colic ","2026/02/18 09:49:08 AM","Sadiqabad"
"268473","Muhammad Riaz","DR-654","EMDS Call","Medical Emergency","Diabetic","2026/02/18 09:52:43 AM","Rahim Yar Khan"
"268474","Muhammad Rashid Saleem","DR-187","EMDS Call","Medical Emergency","Chronic Illness","2026/02/18 09:53:28 AM","Rahim Yar Khan"
"76398","Mureed Abbas","DR-900","Direct Call","Patient Transfer Service","N/A","2026/02/18 09:56:03 AM","Khanpur"
"268475","Muhammad Riaz","DR-654","EMDS Call","Medical Emergency","Chest Pain","2026/02/18 09:55:49 AM","Khanpur"
"268476","Muhammad AAmar","DR-915","EMDS Call","Medical Emergency","SOB/ Respiratory Distress","2026/02/18 09:55:55 AM","Sadiqabad"
"268477","Mureed Abbas","DR-900","EMDS Call","Medical Emergency","Diabetic","2026/02/18 09:57:22 AM","Rahim Yar Khan"
"268479","Muhammad Riaz","DR-654","EMDS Call","Medical Emergency","SOB/ Respiratory Distress","2026/02/18 09:58:35 AM","Khanpur"
"268478","Muhammad AAmar","DR-915","EMDS Call","Road Crash","Bleeding","2026/02/18 09:58:45 AM","Rahim Yar Khan"
"Not Assigned","Muhammad Rashid Saleem","DR-187","EMDS Call","Medical Emergency","Chest Pain","2026/02/18 09:59:05 AM","Rahim Yar Khan"
"76399","Muhammad Rashid Saleem","DR-187","Direct Call","Patient Transfer Service","N/A","2026/02/18 10:02:22 AM","Khanpur"
"268480","Muhammad AAmar","DR-915","EMDS Call","Medical Emergency","Vomiting","2026/02/18 10:02:12 AM","Sadiqabad"
"268481","Mureed Abbas","DR-900","EMDS Call","Road Crash","Bleeding","2026/02/18 10:03:54 AM","Rahim Yar Khan"
"268482","Muhammad AAmar","DR-915","Direct Call","Medical Emergency","High Fever","2026/02/18 10:05:17 AM","Rahim Yar Khan"
"268483","Mureed Abbas","DR-900","EMDS Call","Road Crash","Severe Trauma","2026/02/18 10:06:52 AM","Rahim Yar Khan"
"268484","Yasir Ilyas","DR-893","EMDS Call","Medical Emergency","Domestic Injuries","2026/02/18 10:30:56 AM","Rahim Yar Khan"
"76400","Muhammad Riaz","DR-654","Direct Call","Patient Transfer Service","N/A","2026/02/18 10:35:36 AM","Sadiqabad"
"268485","Muhammad Riaz","DR-654","EMDS Call","Medical Emergency","Vomiting","2026/02/18 10:54:31 AM","Liaqatpur"
"268486","Mureed Abbas","DR-900","EMDS Call","Medical Emergency","High Fever","2026/02/18 10:53:18 AM","Liaqatpur"
"268487","Muhammad Riaz","DR-654","Direct Call","Medical Emergency","Others","2026/02/18 10:57:44 AM","Rahim Yar Khan"
"268488","Muhammad AAmar","DR-915","EMDS Call","Medical Emergency","Abdominal Pain","2026/02/18 10:59:51 AM","Rahim Yar Khan"
"268489","Mureed Abbas","DR-900","EMDS Call","Fall","Slipped On Floor","2026/02/18 11:05:30 AM","Rahim Yar Khan"
"268490","Muhammad Riaz","DR-654","EMDS Call","Road Crash","Minor Injuries","2026/02/18 11:07:48 AM","Sadiqabad"
"268491","Yasir Ilyas","DR-893","EMDS Call","Medical Emergency","Hypertension","2026/02/18 11:08:20 AM","Rahim Yar Khan"
"268492","Mureed Abbas","DR-900","EMDS Call","Rescue Operations","Delivery Case","2026/02/18 11:08:36 AM","Sadiqabad"
"76401","Muhammad Riaz","DR-654","Direct Call","Patient Transfer Service","N/A","2026/02/18 11:11:25 AM","Liaqatpur"
"268493","Rana M. Usman","DR-200","EMDS Call","Medical Emergency","Others","2026/02/18 11:17:43 AM","Sadiqabad"
"76402","Muhammad Abid","DR-874","Direct Call","Patient Transfer Service","N/A","2026/02/18 11:19:05 AM","Sadiqabad"
"268494","Muhammad Abid","DR-874","EMDS Call","Road Crash","Minor Injuries","2026/02/18 11:24:58 AM","Rahim Yar Khan"
"268495","Imran Anjum","DR-204","EMDS Call","Medical Emergency","Hypertension","2026/02/18 11:24:45 AM","Rahim Yar Khan"
"268496","Mureed Abbas","DR-900","EMDS Call","Fall","Slipped On Floor","2026/02/18 11:27:39 AM","Rahim Yar Khan"
"268497","Muhammad Abid","DR-874","EMDS Call","Medical Emergency","Unconscious","2026/02/18 11:37:18 AM","Rahim Yar Khan"
"268498","Rana M. Usman","DR-200","EMDS Call","Medical Emergency","Diabetic","2026/02/18 11:50:47 AM","Sadiqabad"
"268499","Rana M. Usman","DR-200","EMDS Call","Medical Emergency","Others","2026/02/18 11:57:48 AM","Rahim Yar Khan"
"268500","Muhammad Abid","DR-874","EMDS Call","Road Crash","Bleeding","2026/02/18 11:59:27 AM","Rahim Yar Khan"
"268501","Muhammad Abid","DR-874","EMDS Call","Medical Emergency","Vomiting","2026/02/18 12:19:32 PM","Rahim Yar Khan"
"268502","Imran Anjum","DR-204","EMDS Call","Medical Emergency","Diabetic","2026/02/18 12:28:48 PM","Sadiqabad"
"268503","Imran Anjum","DR-204","EMDS Call","Road Crash","Bleeding","2026/02/18 12:42:42 PM","Sadiqabad"
"268504","Muhammad Abid","DR-874","EMDS Call","Rescue Operations","Delivery Case","2026/02/18 12:43:07 PM","Sadiqabad"
"268505","Mureed Abbas","DR-900","EMDS Call","Road Crash","Minor Injuries","2026/02/18 12:47:45 PM","Rahim Yar Khan"
"268506","Muhammad Abid","DR-874","EMDS Call","Road Crash","Minor Injuries","2026/02/18 12:49:51 PM","Rahim Yar Khan"
"268507","Imran Anjum","DR-204","EMDS Call","Medical Emergency","Joints Pain","2026/02/18 12:49:51 PM","Rahim Yar Khan"
"Not Assigned","Mureed Abbas","DR-900","EMDS Call","Medical Emergency","Hypertension","2026/02/18 12:54:21 PM","Rahim Yar Khan"
"268509","Muhammad Abid","DR-874","EMDS Call","Medical Emergency","Abdominal Pain","2026/02/18 12:58:21 PM","Rahim Yar Khan"
"268510","Mureed Abbas","DR-900","Direct Call","Medical Emergency","Hypotension","2026/02/18 01:05:37 PM","Sadiqabad"
"268511","Mureed Abbas","DR-900","EMDS Call","Medical Emergency","Joints Pain","2026/02/18 01:11:16 PM","Rahim Yar Khan"
"76403","Yasir Ilyas","DR-893","Direct Call","Patient Transfer Service","N/A","2026/02/18 01:16:05 PM","Sadiqabad"
"268512","Muhammad Abid","DR-874","EMDS Call","Medical Emergency","Vomiting","2026/02/18 01:16:44 PM","Rahim Yar Khan"
"268513","Yasir Ilyas","DR-893","EMDS Call","Road Crash","Bleeding","2026/02/18 01:19:01 PM","Rahim Yar Khan"
"268514","Imran Anjum","DR-204","EMDS Call","Medical Emergency","Others","2026/02/18 01:20:48 PM","Rahim Yar Khan"
"268515","Yasir Ilyas","DR-893","EMDS Call","Medical Emergency","SOB/ Respiratory Distress","2026/02/18 01:23:39 PM","Sadiqabad"
"76404","Muhammad Abid","DR-874","Direct Call","Patient Transfer Service","N/A","2026/02/18 01:33:10 PM","Khanpur"
"268516","Mureed Abbas","DR-900","EMDS Call","Medical Emergency","Others","2026/02/18 01:32:15 PM","Liaqatpur"
"268517","Yasir Ilyas","DR-893","EMDS Call","Medical Emergency","Joints Pain","2026/02/18 01:39:17 PM","Rahim Yar Khan"
"76405","Muhammad Abid","DR-874","Direct Call","Patient Transfer Service","N/A","2026/02/18 01:45:37 PM","Liaqatpur"
"268518","Muhammad Abid","DR-874","Direct Call","Crime","Physical Assault/Violence","2026/02/18 01:56:44 PM","Rahim Yar Khan"
"268519","Mureed Abbas","DR-900","EMDS Call","Road Crash","Bleeding","2026/02/18 01:58:32 PM","Rahim Yar Khan"
"268520","Muhammad Abid","DR-874","EMDS Call","Medical Emergency","Hypertension","2026/02/18 02:07:11 PM","Khanpur"
"268521","Muhammad Abid","DR-874","EMDS Call","Medical Emergency","Diabetic","2026/02/18 02:12:14 PM","Khanpur"
"268522","Muhammad AAmar","DR-915","EMDS Call","Road Crash","Severe Trauma","2026/02/18 02:13:08 PM","Khanpur"
"268523","Maheen Tahir","MR-6017","EMDS Call","Medical Emergency","Others","2026/02/18 02:15:20 PM","Rahim Yar Khan"
"268524","Muhammad Abid","DR-874","EMDS Call","Medical Emergency","Vomiting","2026/02/18 02:22:22 PM","Rahim Yar Khan"
"268525","Muhammad AAmar","DR-915","EMDS Call","Medical Emergency","Vomiting","2026/02/18 02:30:59 PM","Rahim Yar Khan"
"268526","Farah Sadaqat","MR-5930","Direct Call","Rescue Operations","Mass Event Coverage","2026/02/18 02:42:23 PM","Khanpur"
"268527","Maheen Tahir","MR-6017","EMDS Call","Medical Emergency","Others","2026/02/18 02:46:52 PM","Rahim Yar Khan"
"268528","Imran Anjum","DR-204","EMDS Call","Medical Emergency","Hypotension","2026/02/18 02:47:51 PM","Rahim Yar Khan"
"268529","Muhammad Zahid","DR-888","Direct Call","Rescue Operations","Mass Event Coverage","2026/02/18 02:51:59 PM","Rahim Yar Khan"
"268530","Farah Sadaqat","MR-5930","EMDS Call","Medical Emergency","Abdominal Pain","2026/02/18 02:51:18 PM","Sadiqabad"
"268531","Imran Anjum","DR-204","EMDS Call","Medical Emergency","Renal Disorders / Renal Colic ","2026/02/18 02:52:55 PM","Liaqatpur"
"268532","Farah Sadaqat","MR-5930","Direct Call","Medical Emergency","Vomiting","2026/02/18 02:55:05 PM","Sadiqabad"
"76406","Farah Sadaqat","MR-5930","Direct Call","Patient Transfer Service","N/A","2026/02/18 02:59:25 PM","Khanpur"
"268534","Maheen Tahir","MR-6017","EMDS Call","Road Crash","Minor Injuries","2026/02/18 02:58:17 PM","Sadiqabad"
"268533","Muhammad Zahid","DR-888","EMDS Call","Medical Emergency","Abdominal Pain","2026/02/18 02:59:11 PM","Rahim Yar Khan"
"76407","Farah Sadaqat","MR-5930","Direct Call","Patient Transfer Service","N/A","2026/02/18 03:02:22 PM","Khanpur"
"268535","Farah Sadaqat","MR-5930","EMDS Call","Road Crash","Bleeding","2026/02/18 03:04:11 PM","Liaqatpur"
"268536","Muhammad Zahid","DR-888","EMDS Call","Medical Emergency","Vomiting","2026/02/18 03:05:34 PM","Rahim Yar Khan"
"268537","Maheen Tahir","MR-6017","EMDS Call","Medical Emergency","High Fever","2026/02/18 03:04:57 PM","Liaqatpur"
"268538","Muhammad Zahid","DR-888","EMDS Call","Medical Emergency","Diabetic","2026/02/18 03:09:23 PM","Rahim Yar Khan"
"268539","Farah Sadaqat","MR-5930","EMDS Call","Medical Emergency","Diabetic","2026/02/18 03:09:31 PM","Rahim Yar Khan"
"76408","Muhammad Zahid","DR-888","Direct Call","Patient Transfer Service","N/A","2026/02/18 03:20:41 PM","Sadiqabad"
"268540","Maheen Tahir","MR-6017","EMDS Call","Medical Emergency","Vomiting","2026/02/18 03:22:14 PM","Rahim Yar Khan"
"268541","Farah Sadaqat","MR-5930","EMDS Call","Medical Emergency","High Fever","2026/02/18 03:21:09 PM","Rahim Yar Khan"
"268542","Muhammad Zahid","DR-888","EMDS Call","Road Crash","Severe Trauma","2026/02/18 03:26:36 PM","Khanpur"
"268543","Farah Sadaqat","MR-5930","EMDS Call","Road Crash","Bleeding","2026/02/18 03:27:20 PM","Sadiqabad"
"268544","Muhammad Zahid","DR-888","EMDS Call","Rescue Operations","Delivery Case","2026/02/18 03:30:34 PM","Rahim Yar Khan"
"268545","Farah Sadaqat","MR-5930","EMDS Call","Medical Emergency","Unconscious","2026/02/18 03:32:38 PM","Rahim Yar Khan"
"268546","Maheen Tahir","MR-6017","EMDS Call","Medical Emergency","SOB/ Respiratory Distress","2026/02/18 03:33:20 PM","Khanpur"
"268547","Muhammad Zahid","DR-888","EMDS Call","Medical Emergency","Hypertension","2026/02/18 03:33:31 PM","Rahim Yar Khan"
"268548","Maheen Tahir","MR-6017","EMDS Call","Medical Emergency","Diabetic","2026/02/18 03:36:19 PM","Rahim Yar Khan"
"268549","Farah Sadaqat","MR-5930","EMDS Call","Road Crash","Minor Injuries","2026/02/18 03:35:22 PM","Rahim Yar Khan"
"268550","Maheen Tahir","MR-6017","EMDS Call","Road Crash","Minor Injuries","2026/02/18 03:39:32 PM","Rahim Yar Khan"
"268551","Muhammad Zahid","DR-888","EMDS Call","Road Crash","Severe Trauma","2026/02/18 03:40:27 PM","Rahim Yar Khan"
"76409","Farah Sadaqat","MR-5930","Direct Call","Patient Transfer Service","N/A","2026/02/18 03:44:42 PM","Liaqatpur"
"76410","Maheen Tahir","MR-6017","Direct Call","Patient Transfer Service","N/A","2026/02/18 03:50:08 PM","Sadiqabad"
"76411","Farah Sadaqat","MR-5930","Direct Call","Patient Transfer Service","N/A","2026/02/18 03:50:58 PM","Liaqatpur"
"268552","Maheen Tahir","MR-6017","Direct Call","Medical Emergency","Joints Pain","2026/02/18 04:03:39 PM","Rahim Yar Khan"
"268553","Muhammad Zahid","DR-888","EMDS Call","Medical Emergency","Epilepsy","2026/02/18 04:04:23 PM","Rahim Yar Khan"
"268555","Muhammad Zubair","DR-894","EMDS Call","Medical Emergency","Epilepsy","2026/02/18 04:11:57 PM","Rahim Yar Khan"
"268556","Maheen Tahir","MR-6017","EMDS Call","Road Crash","Bleeding","2026/02/18 04:23:14 PM","Rahim Yar Khan"
"268557","Maheen Tahir","MR-6017","EMDS Call","Medical Emergency","Others","2026/02/18 04:28:16 PM","Rahim Yar Khan"
"268558","Muhammad Zubair","DR-894","EMDS Call","Medical Emergency","Abdominal Pain","2026/02/18 04:31:07 PM","Sadiqabad"
"268559","Muhammad Zubair","DR-894","EMDS Call","Road Crash","Minor Injuries","2026/02/18 04:35:01 PM","Rahim Yar Khan"
"268560","Maheen Tahir","MR-6017","EMDS Call","Medical Emergency","Joints Pain","2026/02/18 04:38:55 PM","Khanpur"
"268561","Muhammad Zubair","DR-894","Direct Call","Road Crash","Minor Injuries","2026/02/18 04:40:13 PM","Sadiqabad"
"268561","Muhammad Zubair","DR-894","Direct Call","Road Crash","Minor Injuries","2026/02/18 04:40:13 PM","Sadiqabad"
"268562","Farah Sadaqat","MR-5930","EMDS Call","Crime","Physical Assault/Violence","2026/02/18 04:37:25 PM","Sadiqabad"
"268563","Muhammad Zubair","DR-894","EMDS Call","Medical Emergency","Others","2026/02/18 04:47:10 PM","Rahim Yar Khan"
"268564","Farah Sadaqat","MR-5930","EMDS Call","Fire","Others","2026/02/18 04:53:24 PM","Rahim Yar Khan"
"268565","Farah Sadaqat","MR-5930","EMDS Call","Road Crash","Bleeding","2026/02/18 04:59:56 PM","Khanpur"
"268567","Maheen Tahir","MR-6017","EMDS Call","Road Crash","Bleeding","2026/02/18 05:04:28 PM","Khanpur"
"268566","Muhammad Zubair","DR-894","EMDS Call","Road Crash","Minor Injuries","2026/02/18 05:05:06 PM","Rahim Yar Khan"
"268568","Maheen Tahir","MR-6017","EMDS Call","Rescue Operations","Others","2026/02/18 05:12:30 PM","Sadiqabad"
"268568","Maheen Tahir","MR-6017","EMDS Call","Rescue Operations","Others","2026/02/18 05:12:30 PM","Sadiqabad"
"268568","Maheen Tahir","MR-6017","EMDS Call","Rescue Operations","Others","2026/02/18 05:12:30 PM","Sadiqabad"
"76412","Maheen Tahir","MR-6017","Direct Call","Patient Transfer Service","N/A","2026/02/18 05:22:50 PM","Sadiqabad"
"268569","Muhammad Zubair","DR-894","EMDS Call","Medical Emergency","Domestic Injuries","2026/02/18 06:00:13 PM","Khanpur"
"268570","Farah Sadaqat","MR-5930","EMDS Call","Road Crash","Minor Injuries","2026/02/18 06:11:19 PM","Sadiqabad"
"268572","Maheen Tahir","MR-6017","EMDS Call","Medical Emergency","SOB/ Respiratory Distress","2026/02/18 06:15:41 PM","Khanpur"
"268571","Farah Sadaqat","MR-5930","EMDS Call","Medical Emergency","Chest Pain","2026/02/18 06:15:57 PM","Rahim Yar Khan"
"268573","Maheen Tahir","MR-6017","EMDS Call","Medical Emergency","Chest Pain","2026/02/18 06:19:04 PM","Rahim Yar Khan"
"268574","Muhammad Zubair","DR-894","EMDS Call","Rescue Operations","Delivery Case","2026/02/18 06:19:38 PM","Khanpur"
"76413","Maheen Tahir","MR-6017","Direct Call","Patient Transfer Service","N/A","2026/02/18 06:22:17 PM","Khanpur"
"268575","Farah Sadaqat","MR-5930","EMDS Call","Fall","Fall From Roof","2026/02/18 06:25:21 PM","Rahim Yar Khan"
"268576","Farah Sadaqat","MR-5930","EMDS Call","Road Crash","Bleeding","2026/02/18 06:27:50 PM","Sadiqabad"
"76414","Maheen Tahir","MR-6017","Direct Call","Patient Transfer Service","N/A","2026/02/18 06:33:53 PM","Khanpur"
"76415","Farah Sadaqat","MR-5930","Direct Call","Patient Transfer Service","N/A","2026/02/18 06:40:39 PM","Sadiqabad"
"268578","Muhammad Zubair","DR-894","EMDS Call","Medical Emergency","Abdominal Pain","2026/02/18 06:39:53 PM","Khanpur"
"268577","Farah Sadaqat","MR-5930","EMDS Call","Medical Emergency","SOB/ Respiratory Distress","2026/02/18 06:42:08 PM","Rahim Yar Khan"
"268579","Muhammad Zahid","DR-888","EMDS Call","Road Crash","Severe Trauma","2026/02/18 06:59:58 PM","Rahim Yar Khan"
"268580","Muhammad Zahid","DR-888","EMDS Call","Medical Emergency","Others","2026/02/18 07:09:31 PM","Rahim Yar Khan"
"268581","Farah Sadaqat","MR-5930","EMDS Call","Road Crash","Severe Trauma","2026/02/18 07:12:00 PM","Khanpur"
"268581","Farah Sadaqat","MR-5930","EMDS Call","Road Crash","Severe Trauma","2026/02/18 07:12:00 PM","Khanpur"
"268582","Farah Sadaqat","MR-5930","EMDS Call","Rescue Operations","Scalds/Burn Due To Negligence","2026/02/18 07:15:28 PM","Khanpur"
"268584","Maheen Tahir","MR-6017","EMDS Call","Medical Emergency","Hypertension","2026/02/18 07:16:27 PM","Rahim Yar Khan"
"268583","Farah Sadaqat","MR-5930","EMDS Call","Medical Emergency","Vomiting","2026/02/18 07:18:31 PM","Liaqatpur"
"268585","Muhammad Zahid","DR-888","EMDS Call","Medical Emergency","Others","2026/02/18 07:19:15 PM","Rahim Yar Khan"
"76416","Farah Sadaqat","MR-5930","Direct Call","Patient Transfer Service","N/A","2026/02/18 07:20:32 PM","Sadiqabad"
"268586","Maheen Tahir","MR-6017","EMDS Call","Road Crash","Minor Injuries","2026/02/18 07:19:35 PM","Rahim Yar Khan"
"268587","Farah Sadaqat","MR-5930","EMDS Call","Medical Emergency","Vomiting","2026/02/18 07:20:40 PM","Rahim Yar Khan"
"268588","Muhammad Zahid","DR-888","EMDS Call","Medical Emergency","SOB/ Respiratory Distress","2026/02/18 07:24:48 PM","Sadiqabad"
"268589","Farah Sadaqat","MR-5930","EMDS Call","Medical Emergency","Hypertension","2026/02/18 07:42:14 PM","Khanpur"
"268590","Maheen Tahir","MR-6017","EMDS Call","Medical Emergency","Epilepsy","2026/02/18 07:52:26 PM","Liaqatpur"
"268591","Muhammad Zahid","DR-888","EMDS Call","Road Crash","Severe Trauma","2026/02/18 07:53:43 PM","Rahim Yar Khan"
"268592","Muhammad Zahid","DR-888","EMDS Call","Medical Emergency","Abdominal Pain","2026/02/18 07:57:55 PM","Liaqatpur"
"268593","Muhammad Zahid","DR-888","EMDS Call","Medical Emergency","Others","2026/02/18 08:01:47 PM","Rahim Yar Khan"
"268594","Muhammad Zahid","DR-888","EMDS Call","Medical Emergency","Renal Disorders / Renal Colic ","2026/02/18 08:25:21 PM","Rahim Yar Khan"
"76417","Maheen Tahir","MR-6017","Direct Call","Patient Transfer Service","N/A","2026/02/18 08:34:55 PM","Liaqatpur"
"268595","Farah Sadaqat","MR-5930","EMDS Call","Rescue Operations","Pet Dog","2026/02/18 08:34:26 PM","Rahim Yar Khan"
"268595","Farah Sadaqat","MR-5930","EMDS Call","Rescue Operations","Pet Dog","2026/02/18 08:34:26 PM","Rahim Yar Khan"
"268596","Maheen Tahir","MR-6017","EMDS Call","Road Crash","Bleeding","2026/02/18 08:45:49 PM","Rahim Yar Khan"
"268597","Farah Sadaqat","MR-5930","EMDS Call","Medical Emergency","Hypertension","2026/02/18 08:45:35 PM","Rahim Yar Khan"
"268598","Farah Sadaqat","MR-5930","EMDS Call","Medical Emergency","Others","2026/02/18 08:49:36 PM","Rahim Yar Khan"
"268599","Farah Sadaqat","MR-5930","EMDS Call","Medical Emergency","SOB/ Respiratory Distress","2026/02/18 08:51:24 PM","Sadiqabad"
"268600","Saima Bashir","MR-5819","EMDS Call","Medical Emergency","Others","2026/02/18 08:59:13 PM","Rahim Yar Khan"
"268601","Adil Iqbal","DR-782","EMDS Call","Medical Emergency","Vomiting","2026/02/18 09:02:13 PM","Sadiqabad"
"268602","Nida Rahat","DR-1322","EMDS Call","Medical Emergency","Hypertension","2026/02/18 09:05:26 PM","Rahim Yar Khan"
"268603","Adil Iqbal","DR-782","EMDS Call","Medical Emergency","Joints Pain","2026/02/18 09:06:16 PM","Khanpur"
"268604","Nida Rahat","DR-1322","EMDS Call","Rescue Operations","Electric Shock","2026/02/18 09:09:15 PM","Sadiqabad"
"268605","Nida Rahat","DR-1322","EMDS Call","Road Crash","Minor Injuries","2026/02/18 09:15:58 PM","Rahim Yar Khan"
"268606","Saima Bashir","MR-5819","EMDS Call","Rescue Operations","Delivery Case","2026/02/18 09:15:33 PM","Liaqatpur"
"268607","Aasia Batool","MR-5198","EMDS Call","Medical Emergency","Abdominal Pain","2026/02/18 09:22:12 PM","Rahim Yar Khan"
"268608","Aasia Batool","MR-5198","EMDS Call","Road Crash","Multiple Fractures","2026/02/18 09:30:34 PM","Rahim Yar Khan"
"268608","Aasia Batool","MR-5198","EMDS Call","Road Crash","Multiple Fractures","2026/02/18 09:30:34 PM","Rahim Yar Khan"
"76418","Zahid Manzoor","DR-887","Direct Call","Patient Transfer Service","N/A","2026/02/18 09:34:00 PM","Khanpur"
"76419","Zahid Manzoor","DR-887","Direct Call","Patient Transfer Service","N/A","2026/02/18 09:35:42 PM","Khanpur"
"268609","Zahid Manzoor","DR-887","EMDS Call","Medical Emergency","Unconscious","2026/02/18 09:36:15 PM","Rahim Yar Khan"
"268611","Aasia Batool","MR-5198","EMDS Call","Medical Emergency","Hypertension","2026/02/18 09:37:43 PM","Khanpur"
"268610","Saima Bashir","MR-5819","EMDS Call","Medical Emergency","High Fever","2026/02/18 09:37:11 PM","Rahim Yar Khan"
"76420","Zahid Manzoor","DR-887","Direct Call","Patient Transfer Service","N/A","2026/02/18 09:39:50 PM","Khanpur"
"76421","Zahid Manzoor","DR-887","Direct Call","Patient Transfer Service","N/A","2026/02/18 09:41:29 PM","Khanpur"
"76422","Zahid Manzoor","DR-887","Direct Call","Patient Transfer Service","N/A","2026/02/18 09:45:33 PM","Sadiqabad"
"268612","Nida Rahat","DR-1322","EMDS Call","Medical Emergency","Abdominal Pain","2026/02/18 09:51:00 PM","Khanpur"
"268613","Zahid Manzoor","DR-887","Direct Call","Medical Emergency","Abdominal Pain","2026/02/18 09:52:01 PM","Liaqatpur"
"268614","Saima Bashir","MR-5819","EMDS Call","Road Crash","Minor Injuries","2026/02/18 09:54:41 PM","Rahim Yar Khan"
"268615","Nida Rahat","DR-1322","EMDS Call","Medical Emergency","SOB/ Respiratory Distress","2026/02/18 10:01:56 PM","Rahim Yar Khan"
"268616","Aasia Batool","MR-5198","EMDS Call","Road Crash","Bleeding","2026/02/18 10:07:15 PM","Sadiqabad"
"76423","Saima Bashir","MR-5819","Direct Call","Patient Transfer Service","N/A","2026/02/18 10:10:53 PM","Sadiqabad"
"268617","Nida Rahat","DR-1322","EMDS Call","Medical Emergency","SOB/ Respiratory Distress","2026/02/18 10:09:34 PM","Rahim Yar Khan"
"268618","Aasia Batool","MR-5198","EMDS Call","Medical Emergency","SOB/ Respiratory Distress","2026/02/18 10:25:48 PM","Rahim Yar Khan"
"268619","Zahid Manzoor","DR-887","EMDS Call","Medical Emergency","Hypertension","2026/02/18 10:32:26 PM","Rahim Yar Khan"
"268620","Aasia Batool","MR-5198","EMDS Call","Medical Emergency","Unconscious","2026/02/18 10:44:06 PM","Rahim Yar Khan"
"268621","Nida Rahat","DR-1322","EMDS Call","Medical Emergency","Abdominal Pain","2026/02/18 10:53:12 PM","Khanpur"
"268622","Aasia Batool","MR-5198","EMDS Call","Rescue Operations","Delivery Case","2026/02/18 10:58:52 PM","Rahim Yar Khan"
"268623","Zahid Manzoor","DR-887","EMDS Call","Road Crash","Bleeding","2026/02/18 11:04:50 PM","Sadiqabad"
"268624","Aasia Batool","MR-5198","EMDS Call","Medical Emergency","Chronic Illness","2026/02/18 11:15:19 PM","Rahim Yar Khan"
"268625","Nida Rahat","DR-1322","EMDS Call","Rescue Operations","Delivery Case","2026/02/18 11:15:45 PM","Rahim Yar Khan"
"268626","Zahid Manzoor","DR-887","EMDS Call","Medical Emergency","SOB/ Respiratory Distress","2026/02/18 11:38:08 PM","Rahim Yar Khan"
"268627","Zahid Manzoor","DR-887","EMDS Call","Medical Emergency","CVA/Stroke","2026/02/18 11:41:48 PM","Sadiqabad"
"76424","Aasia Batool","MR-5198","Direct Call","Patient Transfer Service","N/A","2026/02/18 11:47:04 PM","Sadiqabad"
"76425","Aasia Batool","MR-5198","Direct Call","Patient Transfer Service","N/A","2026/02/18 11:51:19 PM","Sadiqabad"
"268628","Nida Rahat","DR-1322","EMDS Call","Medical Emergency","Joints Pain","2026/02/19 12:05:47 AM","Rahim Yar Khan"
"76426","Saima Bashir","MR-5819","Direct Call","Patient Transfer Service","N/A","2026/02/19 12:07:31 AM","Liaqatpur"
"268629","Nida Rahat","DR-1322","EMDS Call","Medical Emergency","High Fever","2026/02/19 12:12:14 AM","Khanpur"
"268630","Aasia Batool","MR-5198","EMDS Call","Medical Emergency","Chest Pain","2026/02/19 12:18:07 AM","Rahim Yar Khan"
"76427","Aasia Batool","MR-5198","Direct Call","Patient Transfer Service","N/A","2026/02/19 12:22:07 AM","Sadiqabad"
"268631","Aasia Batool","MR-5198","EMDS Call","Medical Emergency","Others","2026/02/19 12:33:10 AM","Rahim Yar Khan"
"268632","Nida Rahat","DR-1322","EMDS Call","Medical Emergency","Others","2026/02/19 12:48:37 AM","Rahim Yar Khan"
"268633","Aasia Batool","MR-5198","EMDS Call","Medical Emergency","Diabetic","2026/02/19 12:50:41 AM","Rahim Yar Khan"
"268634","Saima Bashir","MR-5819","EMDS Call","Rescue Operations","Delivery Case","2026/02/19 12:54:01 AM","Rahim Yar Khan"
"268635","Nida Rahat","DR-1322","EMDS Call","Medical Emergency","Hypotension","2026/02/19 12:55:34 AM","Khanpur"
"268636","Nida Rahat","DR-1322","EMDS Call","Medical Emergency","High Fever","2026/02/19 01:01:50 AM","Liaqatpur"
"268637","Aasia Batool","MR-5198","EMDS Call","Rescue Operations","Delivery Case","2026/02/19 01:15:00 AM","Khanpur"
"76428","Saima Bashir","MR-5819","Direct Call","Patient Transfer Service","N/A","2026/02/19 01:44:33 AM","Sadiqabad"
"268638","Nida Rahat","DR-1322","EMDS Call","Medical Emergency","SOB/ Respiratory Distress","2026/02/19 01:45:01 AM","Khanpur"
"76429","Aasia Batool","MR-5198","Direct Call","Patient Transfer Service","N/A","2026/02/19 01:51:12 AM","Liaqatpur"
"268639","Aasia Batool","MR-5198","EMDS Call","Medical Emergency","Chronic Illness","2026/02/19 02:10:00 AM","Rahim Yar Khan"
"268640","Nida Rahat","DR-1322","EMDS Call","Medical Emergency","SOB/ Respiratory Distress","2026/02/19 02:13:49 AM","Rahim Yar Khan"
"268641","Saima Bashir","MR-5819","EMDS Call","Medical Emergency","Backache","2026/02/19 02:18:04 AM","Rahim Yar Khan"
"268642","Nida Rahat","DR-1322","EMDS Call","Medical Emergency","Chest Pain","2026/02/19 02:22:20 AM","Sadiqabad"
"268643","Aasia Batool","MR-5198","EMDS Call","Medical Emergency","Vomiting","2026/02/19 02:23:13 AM","Rahim Yar Khan"
"268644","Aasia Batool","MR-5198","EMDS Call","Medical Emergency","Diabetic","2026/02/19 02:32:21 AM","Sadiqabad"
"268645","Aasia Batool","MR-5198","EMDS Call","Medical Emergency","Renal Disorders / Renal Colic ","2026/02/19 02:49:09 AM","Rahim Yar Khan"
"268646","Nida Rahat","DR-1322","EMDS Call","Medical Emergency","Joints Pain","2026/02/19 02:48:51 AM","Rahim Yar Khan"
"268647","Nida Rahat","DR-1322","EMDS Call","Medical Emergency","Abdominal Pain","2026/02/19 02:56:49 AM","Rahim Yar Khan"
"268648","Nida Rahat","DR-1322","EMDS Call","Medical Emergency","Hypotension","2026/02/19 03:22:10 AM","Rahim Yar Khan"
"268649","Adil Iqbal","DR-782","EMDS Call","Medical Emergency","Vomiting","2026/02/19 03:31:14 AM","Rahim Yar Khan"
"268650","Shaheen Islam","DR-1171","EMDS Call","Medical Emergency","Diarrhea","2026/02/19 03:34:08 AM","Rahim Yar Khan"
"268651","Zahid Manzoor","DR-887","EMDS Call","Medical Emergency","SOB/ Respiratory Distress","2026/02/19 03:34:45 AM","Rahim Yar Khan"
"268652","Shaheen Islam","DR-1171","EMDS Call","Medical Emergency","Unconscious","2026/02/19 03:43:02 AM","Sadiqabad"
"268653","Zahid Manzoor","DR-887","EMDS Call","Medical Emergency","Diabetic","2026/02/19 03:49:50 AM","Khanpur"
"268654","Shaheen Islam","DR-1171","EMDS Call","Medical Emergency","High Fever","2026/02/19 03:55:28 AM","Rahim Yar Khan"
"268655","Zahid Manzoor","DR-887","EMDS Call","Road Crash","Bleeding","2026/02/19 03:56:41 AM","Rahim Yar Khan"
"268655","Zahid Manzoor","DR-887","EMDS Call","Road Crash","Bleeding","2026/02/19 03:56:41 AM","Rahim Yar Khan"
"268656","Shaheen Islam","DR-1171","EMDS Call","Rescue Operations","Delivery Case","2026/02/19 04:14:01 AM","Rahim Yar Khan"
"268657","Shaheen Islam","DR-1171","EMDS Call","Medical Emergency","Vomiting","2026/02/19 04:22:10 AM","Rahim Yar Khan"
"268658","Shaheen Islam","DR-1171","EMDS Call","Medical Emergency","Abdominal Pain","2026/02/19 05:02:15 AM","Rahim Yar Khan"
"268659","Shaheen Islam","DR-1171","EMDS Call","Medical Emergency","SOB/ Respiratory Distress","2026/02/19 05:10:44 AM","Rahim Yar Khan"
"268661","Adil Iqbal","DR-782","EMDS Call","Medical Emergency","Chest Pain","2026/02/19 05:13:56 AM","Rahim Yar Khan"
"268660","Shaheen Islam","DR-1171","EMDS Call","Road Crash","Minor Injuries","2026/02/19 05:15:14 AM","Sadiqabad"
"268662","Shaheen Islam","DR-1171","EMDS Call","Medical Emergency","Hypertension","2026/02/19 05:20:36 AM","Rahim Yar Khan"
"268663","Zahid Manzoor","DR-887","EMDS Call","Medical Emergency","Hypertension","2026/02/19 05:24:45 AM","Rahim Yar Khan"
"268664","Adil Iqbal","DR-782","EMDS Call","Rescue Operations","Delivery Case","2026/02/19 05:30:24 AM","Sadiqabad"
"268665","Shaheen Islam","DR-1171","EMDS Call","Medical Emergency","Diabetic","2026/02/19 05:47:55 AM","Khanpur"
"76430","Shaheen Islam","DR-1171","Direct Call","Patient Transfer Service","N/A","2026/02/19 06:08:28 AM","Sadiqabad"
"76431","Shaheen Islam","DR-1171","Direct Call","Patient Transfer Service","N/A","2026/02/19 06:15:35 AM","Liaqatpur"
"268666","Zahid Manzoor","DR-887","EMDS Call","Road Crash","Minor Injuries","2026/02/19 06:16:06 AM","Rahim Yar Khan"
"268667","Zahid Manzoor","DR-887","EMDS Call","Medical Emergency","Chest Pain","2026/02/19 06:31:15 AM","Khanpur"
"268668","Shaheen Islam","DR-1171","EMDS Call","Road Crash","Severe Trauma","2026/02/19 06:34:41 AM","Rahim Yar Khan"
"268669","Zia ul Haq","DR-328","EMDS Call","Medical Emergency","Unconscious","2026/02/19 06:49:40 AM","Rahim Yar Khan"
"268670","Zia ul Haq","DR-328","EMDS Call","Medical Emergency","Others","2026/02/19 07:10:10 AM","Rahim Yar Khan"
"268671","Aasia Batool","MR-5198","EMDS Call","Medical Emergency","Renal Disorders / Renal Colic ","2026/02/19 07:11:46 AM","Sadiqabad"
"268672","Bushra Saleem","MR-5701","EMDS Call","Medical Emergency","Others","2026/02/19 07:37:41 AM","Rahim Yar Khan"
"268673","Rana M. Usman","DR-200","EMDS Call","Road Crash","Bleeding","2026/02/19 07:56:04 AM","Sadiqabad"
"268674","Muhammad Fiaz","DR-206","EMDS Call","Road Crash","Minor Injuries","2026/02/19 07:58:16 AM","Sadiqabad"
"268675","Bushra Saleem","MR-5701","Direct Call","Rescue Operations","Mass Event Coverage","2026/02/19 08:06:27 AM","Rahim Yar Khan"
"268676","Bushra Saleem","MR-5701","EMDS Call","Road Crash","Bleeding","2026/02/19 08:22:22 AM","Rahim Yar Khan"
"268677","Rana M. Usman","DR-200","EMDS Call","Road Crash","Minor Injuries","2026/02/19 08:22:51 AM","Rahim Yar Khan"
"268677","Rana M. Usman","DR-200","EMDS Call","Road Crash","Minor Injuries","2026/02/19 08:22:51 AM","Rahim Yar Khan"
"268678","Bushra Saleem","MR-5701","EMDS Call","Medical Emergency","Chronic Illness","2026/02/19 08:29:06 AM","Khanpur"
"268679","Muhammad Fiaz","DR-206","EMDS Call","Medical Emergency","Vomiting","2026/02/19 08:31:42 AM","Rahim Yar Khan"
"268680","Muhammad Fiaz","DR-206","Direct Call","Rescue Operations","Mass Event Coverage","2026/02/19 08:53:21 AM","Khanpur"
"268681","Adnan Shabbir","DR-205","EMDS Call","Medical Emergency","Chronic Illness","2026/02/19 08:58:56 AM","Khanpur"
"268682","Bushra Saleem","MR-5701","EMDS Call","Medical Emergency","Vomiting","2026/02/19 09:00:03 AM","Liaqatpur"
"76432","Muhammad Fiaz","DR-206","Direct Call","Patient Transfer Service","N/A","2026/02/19 09:01:47 AM","Sadiqabad"
"76433","Mureed Abbas","DR-900","Direct Call","Patient Transfer Service","N/A","2026/02/19 09:15:25 AM","Khanpur"
"76434","Mureed Abbas","DR-900","Direct Call","Patient Transfer Service","N/A","2026/02/19 09:21:17 AM","Khanpur"
"268683","Rana M. Usman","DR-200","EMDS Call","Medical Emergency","SOB/ Respiratory Distress","2026/02/19 09:27:33 AM","Liaqatpur"
"268684","Mureed Abbas","DR-900","EMDS Call","Medical Emergency","SOB/ Respiratory Distress","2026/02/19 09:31:39 AM","Liaqatpur"
"268685","Rana M. Usman","DR-200","Direct Call","Medical Emergency","Chest Pain","2026/02/19 09:40:05 AM","Khanpur"
"268686","Muhammad AAmar","DR-915","EMDS Call","Medical Emergency","Domestic Injuries","2026/02/19 09:44:32 AM","Khanpur"
"268687","Rana M. Usman","DR-200","EMDS Call","Medical Emergency","High Fever","2026/02/19 10:08:22 AM","Rahim Yar Khan"
"268688","Shahid Jamil","DR-184","EMDS Call","Rescue Operations","Animal/Bird Rescue","2026/02/19 10:20:37 AM","Khanpur"
"268689","Mureed Abbas","DR-900","EMDS Call","Medical Emergency","Chronic Illness","2026/02/19 10:23:59 AM","Rahim Yar Khan"
"268690","Shahid Jamil","DR-184","EMDS Call","Medical Emergency","Chest Pain","2026/02/19 10:25:53 AM","Rahim Yar Khan"
"268691","Adnan Shabbir","DR-205","EMDS Call","Medical Emergency","Others","2026/02/19 10:36:21 AM","Rahim Yar Khan"
"268692","Muhammad AAmar","DR-915","EMDS Call","Medical Emergency","Vomiting","2026/02/19 10:39:27 AM","Rahim Yar Khan"
"268693","Muhammad AAmar","DR-915","Direct Call","Rescue Operations","Mass Event Coverage","2026/02/19 10:47:44 AM","Rahim Yar Khan"
"268694","Rana M. Usman","DR-200","EMDS Call","Medical Emergency","Hypertension","2026/02/19 10:50:11 AM","Rahim Yar Khan"
"268695","Adnan Shabbir","DR-205","EMDS Call","Road Crash","Minor Injuries","2026/02/19 10:52:55 AM","Liaqatpur"
"268696","Mureed Abbas","DR-900","Direct Call","Medical Emergency","SOB/ Respiratory Distress","2026/02/19 10:52:55 AM","Liaqatpur"
"268697","Mureed Abbas","DR-900","EMDS Call","Medical Emergency","Vomiting","2026/02/19 10:57:43 AM","Rahim Yar Khan"
"268698","Muhammad AAmar","DR-915","EMDS Call","Road Crash","Minor Injuries","2026/02/19 11:04:35 AM","Rahim Yar Khan"
"268699","Imran Anjum","DR-204","EMDS Call","Medical Emergency","SOB/ Respiratory Distress","2026/02/19 11:07:00 AM","Khanpur"
"268700","Rana M. Usman","DR-200","EMDS Call","Medical Emergency","Others","2026/02/19 11:08:55 AM","Rahim Yar Khan"
"268701","Muhammad AAmar","DR-915","EMDS Call","Medical Emergency","Unconscious","2026/02/19 11:16:35 AM","Sadiqabad"
"268702","Muhammad AAmar","DR-915","EMDS Call","Medical Emergency","High Fever","2026/02/19 11:20:39 AM","Khanpur"
"268703","Mureed Abbas","DR-900","EMDS Call","Road Crash","Bleeding","2026/02/19 11:20:36 AM","Sadiqabad"
"268704","Imran Anjum","DR-204","EMDS Call","Medical Emergency","Vomiting","2026/02/19 11:22:42 AM","Sadiqabad"
"268705","Imran Anjum","DR-204","EMDS Call","Rescue Operations","Delivery Case","2026/02/19 11:33:45 AM","Khanpur"
"268706","Muhammad AAmar","DR-915","EMDS Call","Medical Emergency","Abdominal Pain","2026/02/19 11:43:14 AM","Liaqatpur"
"268707","Mureed Abbas","DR-900","EMDS Call","Medical Emergency","High Fever","2026/02/19 11:42:19 AM","Rahim Yar Khan"
"268708","Imran Anjum","DR-204","EMDS Call","Road Crash","Severe Trauma","2026/02/19 11:44:03 AM","Rahim Yar Khan"
"268709","Shahid Jamil","DR-184","EMDS Call","Medical Emergency","High Fever","2026/02/19 11:46:17 AM","Rahim Yar Khan"
"268710","Muhammad AAmar","DR-915","EMDS Call","Rescue Operations","Delivery Case","2026/02/19 11:47:54 AM","Sadiqabad"
"268711","Muhammad AAmar","DR-915","EMDS Call","Road Crash","Minor Injuries","2026/02/19 12:02:51 PM","Liaqatpur"
"268711","Muhammad AAmar","DR-915","EMDS Call","Road Crash","Minor Injuries","2026/02/19 12:02:51 PM","Liaqatpur"
"268712","Mureed Abbas","DR-900","EMDS Call","Medical Emergency","Others","2026/02/19 12:07:56 PM","Rahim Yar Khan"
"268713","Muhammad AAmar","DR-915","EMDS Call","Medical Emergency","Vomiting","2026/02/19 12:09:07 PM","Rahim Yar Khan"
"268714","Mureed Abbas","DR-900","EMDS Call","Medical Emergency","Others","2026/02/19 12:11:30 PM","Rahim Yar Khan"
"268715","Imran Anjum","DR-204","EMDS Call","Road Crash","Bleeding","2026/02/19 12:21:41 PM","Rahim Yar Khan"
"268716","Mureed Abbas","DR-900","Direct Call","Medical Emergency","Others","2026/02/19 12:30:05 PM","Rahim Yar Khan"
"268717","Muhammad AAmar","DR-915","EMDS Call","Rescue Operations","Electric Shock","2026/02/19 12:30:07 PM","Sadiqabad"
"268718","Mureed Abbas","DR-900","EMDS Call","Road Crash","Minor Injuries","2026/02/19 12:33:35 PM","Rahim Yar Khan"
"268719","Imran Anjum","DR-204","EMDS Call","Road Crash","Bleeding","2026/02/19 12:45:01 PM","Rahim Yar Khan"
"268720","Bushra Saleem","MR-5701","EMDS Call","Medical Emergency","Vomiting","2026/02/19 12:54:39 PM","Rahim Yar Khan"
"268721","Mureed Abbas","DR-900","EMDS Call","Road Crash","Severe Trauma","2026/02/19 12:59:37 PM","Khanpur"
"268722","Yasir Ilyas","DR-893","EMDS Call","Road Crash","Minor Injuries","2026/02/19 01:05:19 PM","Rahim Yar Khan"
"268723","Bushra Saleem","MR-5701","EMDS Call","Road Crash","Minor Injuries","2026/02/19 01:06:29 PM","Khanpur"
"268724","Imran Anjum","DR-204","EMDS Call","Medical Emergency","Chest Pain","2026/02/19 01:08:34 PM","Rahim Yar Khan"
"268725","Imran Anjum","DR-204","EMDS Call","Medical Emergency","High Fever","2026/02/19 01:13:21 PM","Rahim Yar Khan"
"76435","Yasir Ilyas","DR-893","Direct Call","Patient Transfer Service","N/A","2026/02/19 01:16:14 PM","Sadiqabad"
"268726","Bushra Saleem","MR-5701","EMDS Call","Road Crash","Severe Trauma","2026/02/19 01:25:08 PM","Khanpur"
"268726","Bushra Saleem","MR-5701","EMDS Call","Road Crash","Severe Trauma","2026/02/19 01:25:08 PM","Khanpur"
"76436","Mureed Abbas","DR-900","Direct Call","Patient Transfer Service","N/A","2026/02/19 01:29:25 PM","Khanpur"
"268727","Bushra Saleem","MR-5701","EMDS Call","Road Crash","Bleeding","2026/02/19 01:30:35 PM","Khanpur"
"268728","Mureed Abbas","DR-900","EMDS Call","Road Crash","Multiple Fractures","2026/02/19 01:31:03 PM","Khanpur"
"76437","Yasir Ilyas","DR-893","Direct Call","Patient Transfer Service","N/A","2026/02/19 01:35:16 PM","Khanpur"
"268729","Mureed Abbas","DR-900","EMDS Call","Road Crash","Bleeding","2026/02/19 01:46:30 PM","Sadiqabad"
"268729","Mureed Abbas","DR-900","EMDS Call","Road Crash","Bleeding","2026/02/19 01:46:30 PM","Sadiqabad"
"268730","Bushra Saleem","MR-5701","Direct Call","Medical Emergency","Others","2026/02/19 01:49:25 PM","Rahim Yar Khan"
"268731","Mureed Abbas","DR-900","EMDS Call","Road Crash","Multiple Fractures","2026/02/19 01:54:32 PM","Rahim Yar Khan"
"268731","Mureed Abbas","DR-900","EMDS Call","Road Crash","Multiple Fractures","2026/02/19 01:54:32 PM","Rahim Yar Khan"
"268731","Mureed Abbas","DR-900","EMDS Call","Road Crash","Multiple Fractures","2026/02/19 01:54:32 PM","Rahim Yar Khan"
"268733","Yasir Ilyas","DR-893","EMDS Call","Road Crash","Minor Injuries","2026/02/19 01:58:37 PM","Rahim Yar Khan"
"268732","Imran Anjum","DR-204","EMDS Call","Medical Emergency","Vomiting","2026/02/19 01:58:28 PM","Sadiqabad"
"268734","Mureed Abbas","DR-900","Direct Call","Road Crash","Severe Trauma","2026/02/19 01:59:18 PM","Sadiqabad"
"268735","Yasir Ilyas","DR-893","EMDS Call","Medical Emergency","Chronic Illness","2026/02/19 02:01:29 PM","Liaqatpur"
"268736","Imran Anjum","DR-204","EMDS Call","Medical Emergency","High Fever","2026/02/19 02:00:59 PM","Rahim Yar Khan"
"268737","Imran Anjum","DR-204","EMDS Call","Medical Emergency","High Fever","2026/02/19 02:04:28 PM","Liaqatpur"
"268738","Imran Anjum","DR-204","EMDS Call","Medical Emergency","Chest Pain","2026/02/19 02:15:10 PM","Sadiqabad"
"268740","Muhammad Zubair","DR-894","EMDS Call","Medical Emergency","Chest Pain","2026/02/19 02:39:11 PM","Sadiqabad"
"268739","Imran Anjum","DR-204","EMDS Call","Medical Emergency","Diabetic","2026/02/19 02:39:37 PM","Rahim Yar Khan"
"268741","Farah Sadaqat","MR-5930","EMDS Call","Medical Emergency","Vomiting","2026/02/19 02:42:42 PM","Liaqatpur"
"76438","Muhammad Zubair","DR-894","Direct Call","Patient Transfer Service","N/A","2026/02/19 02:46:58 PM","Sadiqabad"
"268742","Maheen Tahir","MR-6017","EMDS Call","Road Crash","Minor Injuries","2026/02/19 02:47:15 PM","Rahim Yar Khan"
"268743","Maheen Tahir","MR-6017","EMDS Call","Road Crash","Bleeding","2026/02/19 02:50:44 PM","Sadiqabad"
"268744","Muhammad Zubair","DR-894","Direct Call","Rescue Operations","Mass Event Coverage","2026/02/19 03:04:43 PM","Khanpur"
"268745","Farah Sadaqat","MR-5930","EMDS Call","Medical Emergency","Others","2026/02/19 03:16:11 PM","Rahim Yar Khan"
"268746","Muhammad Zubair","DR-894","EMDS Call","Road Crash","Severe Trauma","2026/02/19 03:47:06 PM","Khanpur"
"268747","Maheen Tahir","MR-6017","EMDS Call","Road Crash","Minor Injuries","2026/02/19 03:54:44 PM","Sadiqabad"
"268747","Maheen Tahir","MR-6017","EMDS Call","Road Crash","Minor Injuries","2026/02/19 03:54:44 PM","Sadiqabad"
"268748","Muhammad Zubair","DR-894","EMDS Call","Medical Emergency","Others","2026/02/19 04:02:21 PM","Sadiqabad"
"268749","Farah Sadaqat","MR-5930","EMDS Call","Fire","Others","2026/02/19 04:12:14 PM","Sadiqabad"
"268750","Farah Sadaqat","MR-5930","EMDS Call","Road Crash","Bleeding","2026/02/19 04:25:10 PM","Khanpur"
"268751","Farah Sadaqat","MR-5930","EMDS Call","Road Crash","Severe Trauma","2026/02/19 04:31:54 PM","Khanpur"
"76439","Farah Sadaqat","MR-5930","Direct Call","Patient Transfer Service","N/A","2026/02/19 04:41:06 PM","Sadiqabad"
"268752","Maheen Tahir","MR-6017","EMDS Call","Medical Emergency","SOB/ Respiratory Distress","2026/02/19 04:38:57 PM","Khanpur"
"268753","Farah Sadaqat","MR-5930","EMDS Call","Medical Emergency","High Fever","2026/02/19 04:44:51 PM","Rahim Yar Khan"
"76440","Farah Sadaqat","MR-5930","Direct Call","Patient Transfer Service","N/A","2026/02/19 04:48:28 PM","Sadiqabad"
"268754","Maheen Tahir","MR-6017","EMDS Call","Crime","Probable Suicide","2026/02/19 04:47:17 PM","Sadiqabad"
"268755","Muhammad Zahid","DR-888","EMDS Call","Medical Emergency","Others","2026/02/19 04:47:26 PM","Rahim Yar Khan"
"76441","Farah Sadaqat","MR-5930","Direct Call","Patient Transfer Service","N/A","2026/02/19 04:49:33 PM","Khanpur"
"76442","Farah Sadaqat","MR-5930","Direct Call","Patient Transfer Service","N/A","2026/02/19 04:51:20 PM","Khanpur"
"268756","Maheen Tahir","MR-6017","EMDS Call","Medical Emergency","Others","2026/02/19 05:04:45 PM","Sadiqabad"
"268757","Muhammad Zahid","DR-888","EMDS Call","Medical Emergency","Others","2026/02/19 05:07:24 PM","Rahim Yar Khan"
"268758","Farah Sadaqat","MR-5930","EMDS Call","Road Crash","Bleeding","2026/02/19 05:10:28 PM","Sadiqabad"
"268759","Farah Sadaqat","MR-5930","EMDS Call","Road Crash","Bleeding","2026/02/19 05:27:28 PM","Rahim Yar Khan"
"268760","Muhammad Zahid","DR-888","EMDS Call","Road Crash","Severe Trauma","2026/02/19 05:36:43 PM","Rahim Yar Khan"
"76443","Maheen Tahir","MR-6017","Direct Call","Patient Transfer Service","N/A","2026/02/19 05:39:49 PM","Khanpur"
"268761","Muhammad Zahid","DR-888","EMDS Call","Fire","Others","2026/02/19 05:50:08 PM","Rahim Yar Khan"
"Not Assigned","Farah Sadaqat","MR-5930","EMDS Call","Medical Emergency","Chest Pain","2026/02/19 05:56:02 PM","Khanpur"
"268763","Maheen Tahir","MR-6017","EMDS Call","Road Crash","Bleeding","2026/02/19 06:05:11 PM","Liaqatpur"
"268764","Muhammad Zahid","DR-888","EMDS Call","Medical Emergency","Others","2026/02/19 06:07:22 PM","Sadiqabad"
"268765","Farah Sadaqat","MR-5930","EMDS Call","Medical Emergency","Chest Pain","2026/02/19 06:19:13 PM","Khanpur"
"268766","Farah Sadaqat","MR-5930","EMDS Call","Road Crash","Minor Injuries","2026/02/19 06:34:22 PM","Rahim Yar Khan"
"268767","Muhammad Zahid","DR-888","EMDS Call","Medical Emergency","Others","2026/02/19 06:33:39 PM","Sadiqabad"
"76444","Farah Sadaqat","MR-5930","Direct Call","Patient Transfer Service","N/A","2026/02/19 06:39:24 PM","Sadiqabad"
"268768","Muhammad Zahid","DR-888","EMDS Call","Rescue Operations","Electric Shock","2026/02/19 06:42:45 PM","Sadiqabad"
"268769","Farah Sadaqat","MR-5930","EMDS Call","Medical Emergency","Others","2026/02/19 06:43:56 PM","Rahim Yar Khan"
"268770","Muhammad Zahid","DR-888","EMDS Call","Crime","Physical Assault/Violence","2026/02/19 06:46:09 PM","Khanpur"
"268770","Muhammad Zahid","DR-888","EMDS Call","Crime","Physical Assault/Violence","2026/02/19 06:46:09 PM","Khanpur"
"268771","Farah Sadaqat","MR-5930","EMDS Call","Medical Emergency","Unconscious","2026/02/19 06:46:54 PM","Rahim Yar Khan"
"268772","Muhammad Zahid","DR-888","EMDS Call","Medical Emergency","Hypertension","2026/02/19 07:03:39 PM","Rahim Yar Khan"
"268773","Maheen Tahir","MR-6017","EMDS Call","Medical Emergency","Hypotension","2026/02/19 07:02:18 PM","Rahim Yar Khan"
"268774","Farah Sadaqat","MR-5930","EMDS Call","Road Crash","Bleeding","2026/02/19 07:05:27 PM","Sadiqabad"
"268775","Maheen Tahir","MR-6017","EMDS Call","Medical Emergency","Abdominal Pain","2026/02/19 07:07:02 PM","Liaqatpur"
"268776","Muhammad Zahid","DR-888","EMDS Call","Medical Emergency","SOB/ Respiratory Distress","2026/02/19 07:07:58 PM","Rahim Yar Khan"
"268777","Farah Sadaqat","MR-5930","EMDS Call","Medical Emergency","Chest Pain","2026/02/19 07:07:47 PM","Sadiqabad"
"268778","Maheen Tahir","MR-6017","EMDS Call","Medical Emergency","Domestic Injuries","2026/02/19 07:11:34 PM","Liaqatpur"
"76445","Muhammad Zahid","DR-888","Direct Call","Patient Transfer Service","N/A","2026/02/19 07:13:04 PM","Sadiqabad"
"268779","Farah Sadaqat","MR-5930","EMDS Call","Medical Emergency","SOB/ Respiratory Distress","2026/02/19 07:18:40 PM","Rahim Yar Khan"
"268780","Maheen Tahir","MR-6017","EMDS Call","Medical Emergency","High Fever","2026/02/19 07:26:13 PM","Rahim Yar Khan"
"268781","Maheen Tahir","MR-6017","EMDS Call","Medical Emergency","SOB/ Respiratory Distress","2026/02/19 07:30:07 PM","Khanpur"
"268782","Muhammad Zahid","DR-888","EMDS Call","Road Crash","Severe Trauma","2026/02/19 07:31:10 PM","Sadiqabad"
"268783","Farah Sadaqat","MR-5930","EMDS Call","Medical Emergency","Unconscious","2026/02/19 07:34:42 PM","Rahim Yar Khan"
"268784","Muhammad Zahid","DR-888","EMDS Call","Medical Emergency","Vomiting","2026/02/19 07:36:14 PM","Rahim Yar Khan"
"268785","Farah Sadaqat","MR-5930","EMDS Call","Medical Emergency","Vomiting","2026/02/19 07:54:57 PM","Rahim Yar Khan"
"268786","Farah Sadaqat","MR-5930","EMDS Call","Medical Emergency","Domestic Injuries","2026/02/19 08:09:02 PM","Sadiqabad"
"268787","Maheen Tahir","MR-6017","EMDS Call","Medical Emergency","Abdominal Pain","2026/02/19 08:18:34 PM","Rahim Yar Khan"
"268789","Maheen Tahir","MR-6017","EMDS Call","Medical Emergency","High Fever","2026/02/19 08:25:10 PM","Sadiqabad"
"268788","Farah Sadaqat","MR-5930","EMDS Call","Medical Emergency","SOB/ Respiratory Distress","2026/02/19 08:25:43 PM","Rahim Yar Khan"
"268790","Maheen Tahir","MR-6017","EMDS Call","Medical Emergency","Vomiting","2026/02/19 08:28:33 PM","Sadiqabad"
"268791","Muhammad Zahid","DR-888","EMDS Call","Medical Emergency","Hypertension","2026/02/19 08:28:47 PM","Rahim Yar Khan"
"268792","Muhammad Zahid","DR-888","EMDS Call","Medical Emergency","Hypertension","2026/02/19 08:36:40 PM","Liaqatpur"
"268793","Maheen Tahir","MR-6017","Direct Call","Medical Emergency","Unconscious","2026/02/19 08:41:55 PM","Khanpur"
"Not Assigned","Muhammad Zahid","DR-888","EMDS Call","Road Crash","Severe Trauma","2026/02/19 08:41:27 PM","Khanpur"
"268794","Maheen Tahir","MR-6017","EMDS Call","Medical Emergency","Diabetic","2026/02/19 08:46:35 PM","Rahim Yar Khan"
"268795","Farah Sadaqat","MR-5930","EMDS Call","Medical Emergency","Vomiting","2026/02/19 08:48:02 PM","Rahim Yar Khan"
"268796","Muhammad Zahid","DR-888","EMDS Call","Medical Emergency","High Fever","2026/02/19 08:54:07 PM","Sadiqabad"
"268797","Sheeza Barkat","MR-5331","EMDS Call","Crime","Physical Assault/Violence","2026/02/19 09:05:15 PM","Rahim Yar Khan"
"268797","Sheeza Barkat","MR-5331","EMDS Call","Crime","Physical Assault/Violence","2026/02/19 09:05:15 PM","Rahim Yar Khan"
"268798","Adil Iqbal","DR-782","EMDS Call","Medical Emergency","Diabetic","2026/02/19 09:07:00 PM","Rahim Yar Khan"
"268799","Nida Rahat","DR-1322","EMDS Call","Fall","Slipped On Floor","2026/02/19 09:13:34 PM","Rahim Yar Khan"
"268800","Nida Rahat","DR-1322","EMDS Call","Medical Emergency","Unconscious","2026/02/19 09:20:59 PM","Liaqatpur"
"76446","Sheeza Barkat","MR-5331","Direct Call","Patient Transfer Service","N/A","2026/02/19 09:23:39 PM","Khanpur"
"76447","Sheeza Barkat","MR-5331","Direct Call","Patient Transfer Service","N/A","2026/02/19 09:25:46 PM","Khanpur"
"268801","Nida Rahat","DR-1322","EMDS Call","Medical Emergency","SOB/ Respiratory Distress","2026/02/19 09:29:09 PM","Khanpur"
"268802","Sheeza Barkat","MR-5331","EMDS Call","Medical Emergency","Vomiting","2026/02/19 09:29:26 PM","Rahim Yar Khan"
"268803","Nida Rahat","DR-1322","EMDS Call","Medical Emergency","Others","2026/02/19 09:35:03 PM","Rahim Yar Khan"
"268804","Aasia Batool","MR-5198","EMDS Call","Medical Emergency","Hypotension","2026/02/19 09:38:10 PM","Rahim Yar Khan"
"268805","Nida Rahat","DR-1322","EMDS Call","Medical Emergency","Others","2026/02/19 09:39:39 PM","Rahim Yar Khan"
"76448","Sheeza Barkat","MR-5331","Direct Call","Patient Transfer Service","N/A","2026/02/19 09:45:42 PM","Khanpur"
"268807","Nida Rahat","DR-1322","EMDS Call","Medical Emergency","Chronic Illness","2026/02/19 09:46:00 PM","Liaqatpur"
"268806","Aasia Batool","MR-5198","EMDS Call","Medical Emergency","Vomiting","2026/02/19 09:46:59 PM","Rahim Yar Khan"
"76449","Sheeza Barkat","MR-5331","Direct Call","Patient Transfer Service","N/A","2026/02/19 09:50:17 PM","Khanpur"
"268808","Sheeza Barkat","MR-5331","EMDS Call","Medical Emergency","Hypertension","2026/02/19 09:51:53 PM","Rahim Yar Khan"
"76450","Sheeza Barkat","MR-5331","Direct Call","Patient Transfer Service","N/A","2026/02/19 09:57:27 PM","Sadiqabad"
"76451","Sheeza Barkat","MR-5331","Direct Call","Patient Transfer Service","N/A","2026/02/19 10:11:19 PM","Sadiqabad"
"268809","Sheeza Barkat","MR-5331","EMDS Call","Medical Emergency","Diabetic","2026/02/19 10:15:09 PM","Rahim Yar Khan"
"76452","Nida Rahat","DR-1322","Direct Call","Patient Transfer Service","N/A","2026/02/19 10:17:07 PM","Sadiqabad"
"268810","Aasia Batool","MR-5198","EMDS Call","Medical Emergency","Vomiting","2026/02/19 10:43:30 PM","Rahim Yar Khan"
"268811","Nida Rahat","DR-1322","EMDS Call","Medical Emergency","Others","2026/02/19 10:55:42 PM","Sadiqabad"
"268812","Aasia Batool","MR-5198","EMDS Call","Medical Emergency","Abdominal Pain","2026/02/19 10:56:12 PM","Liaqatpur"
"268813","Nida Rahat","DR-1322","EMDS Call","Medical Emergency","Abdominal Pain","2026/02/19 11:06:24 PM","Rahim Yar Khan"
"268814","Nida Rahat","DR-1322","EMDS Call","Rescue Operations","Delivery Case","2026/02/19 11:18:12 PM","Liaqatpur"
"268815","Aasia Batool","MR-5198","Direct Call","Medical Emergency","Vomiting","2026/02/19 11:28:00 PM","Liaqatpur"
"268816","Sheeza Barkat","MR-5331","EMDS Call","Medical Emergency","Vomiting","2026/02/19 11:31:39 PM","Rahim Yar Khan"
"268817","Nida Rahat","DR-1322","EMDS Call","Medical Emergency","Chest Pain","2026/02/19 11:36:46 PM","Sadiqabad"
"268818","Sheeza Barkat","MR-5331","EMDS Call","Medical Emergency","Hypertension","2026/02/19 11:39:25 PM","Khanpur"
"268819","Saima Bashir","MR-5819","EMDS Call","Medical Emergency","Chest Pain","2026/02/19 11:49:52 PM","Sadiqabad"
"268820","Nida Rahat","DR-1322","EMDS Call","Medical Emergency","Others","2026/02/19 11:53:22 PM","Rahim Yar Khan"
"268821","Sheeza Barkat","MR-5331","EMDS Call","Medical Emergency","Others","2026/02/19 11:54:32 PM","Sadiqabad"
"76453","Sheeza Barkat","MR-5331","Direct Call","Patient Transfer Service","N/A","2026/02/20 12:08:23 AM","Sadiqabad"
"268822","Sheeza Barkat","MR-5331","EMDS Call","Medical Emergency","Renal Disorders / Renal Colic ","2026/02/20 12:18:11 AM","Rahim Yar Khan"
"268823","Sheeza Barkat","MR-5331","EMDS Call","Medical Emergency","Others","2026/02/20 12:43:53 AM","Rahim Yar Khan"
"268824","Aasia Batool","MR-5198","EMDS Call","Medical Emergency","Vomiting","2026/02/20 12:48:18 AM","Rahim Yar Khan"
"268825","Sheeza Barkat","MR-5331","EMDS Call","Medical Emergency","Abdominal Pain","2026/02/20 01:01:16 AM","Sadiqabad"
"268826","Aasia Batool","MR-5198","EMDS Call","Medical Emergency","Hypertension","2026/02/20 01:28:07 AM","Liaqatpur"
"268827","Saima Bashir","MR-5819","EMDS Call","Medical Emergency","Abdominal Pain","2026/02/20 01:40:13 AM","Sadiqabad"
"268828","Aasia Batool","MR-5198","EMDS Call","Medical Emergency","Hypotension","2026/02/20 02:06:17 AM","Khanpur"
"268829","Sheeza Barkat","MR-5331","EMDS Call","Medical Emergency","Others","2026/02/20 02:08:58 AM","Rahim Yar Khan"
"76454","Sheeza Barkat","MR-5331","Direct Call","Patient Transfer Service","N/A","2026/02/20 02:22:24 AM","Khanpur"
"268830","Aasia Batool","MR-5198","EMDS Call","Medical Emergency","Unconscious","2026/02/20 02:25:11 AM","Rahim Yar Khan"
"268831","Sheeza Barkat","MR-5331","EMDS Call","Medical Emergency","High Fever","2026/02/20 02:27:42 AM","Sadiqabad"
"268832","Aasia Batool","MR-5198","EMDS Call","Medical Emergency","Vomiting","2026/02/20 02:32:40 AM","Rahim Yar Khan"
"268833","Aasia Batool","MR-5198","EMDS Call","Medical Emergency","Others","2026/02/20 02:39:01 AM","Rahim Yar Khan"
"268834","Saima Bashir","MR-5819","EMDS Call","Medical Emergency","Epilepsy","2026/02/20 02:40:18 AM","Sadiqabad"
"268835","Adil Iqbal","DR-782","EMDS Call","Medical Emergency","Hypotension","2026/02/20 03:37:47 AM","Sadiqabad"
"268836","Farhad Iftikhar","DR-913","EMDS Call","Medical Emergency","Vomiting","2026/02/20 03:39:53 AM","Rahim Yar Khan"
"268837","Farhad Iftikhar","DR-913","EMDS Call","Medical Emergency","Vomiting","2026/02/20 03:46:46 AM","Rahim Yar Khan"
"268839","Adil Iqbal","DR-782","EMDS Call","Road Crash","Bleeding","2026/02/20 03:58:24 AM","Liaqatpur"
"268838","Farhad Iftikhar","DR-913","EMDS Call","Medical Emergency","Renal Disorders / Renal Colic ","2026/02/20 03:59:38 AM","Rahim Yar Khan"
"268840","Nida Rahat","DR-1322","Direct Call","Medical Emergency","Others","2026/02/20 04:12:04 AM","Khanpur"
"268841","Farhad Iftikhar","DR-913","EMDS Call","Medical Emergency","SOB/ Respiratory Distress","2026/02/20 04:16:44 AM","Liaqatpur"
"268842","Farhad Iftikhar","DR-913","EMDS Call","Medical Emergency","Unconscious","2026/02/20 04:35:45 AM","Rahim Yar Khan"
"268843","Farhad Iftikhar","DR-913","EMDS Call","Medical Emergency","Unconscious","2026/02/20 04:42:39 AM","Rahim Yar Khan"
"268844","Adil Iqbal","DR-782","EMDS Call","Medical Emergency","Vomiting","2026/02/20 05:10:33 AM","Liaqatpur"
"268845","Nida Rahat","DR-1322","EMDS Call","Medical Emergency","Hypertension","2026/02/20 05:31:05 AM","Sadiqabad"
"268846","Adil Iqbal","DR-782","EMDS Call","Medical Emergency","Epilepsy","2026/02/20 05:33:24 AM","Khanpur"
"268847","Nida Rahat","DR-1322","EMDS Call","Medical Emergency","Renal Disorders / Renal Colic ","2026/02/20 05:39:58 AM","Sadiqabad"
"268848","Adil Iqbal","DR-782","EMDS Call","Medical Emergency","Others","2026/02/20 05:48:13 AM","Rahim Yar Khan"
"268849","Adil Iqbal","DR-782","EMDS Call","Medical Emergency","Others","2026/02/20 06:08:34 AM","Sadiqabad"
"268850","Farhad Iftikhar","DR-913","EMDS Call","Medical Emergency","Unconscious","2026/02/20 06:39:43 AM","Sadiqabad"
"268851","Nida Rahat","DR-1322","EMDS Call","Medical Emergency","Chest Pain","2026/02/20 07:07:36 AM","Rahim Yar Khan"
"268852","Farhad Iftikhar","DR-913","EMDS Call","Medical Emergency","Epilepsy","2026/02/20 07:07:23 AM","Khanpur"
"268853","Adil Iqbal","DR-782","EMDS Call","Medical Emergency","Vomiting","2026/02/20 07:13:06 AM","Rahim Yar Khan"
"268854","Bushra Saleem","MR-5701","EMDS Call","Medical Emergency","Unconscious","2026/02/20 07:22:57 AM","Sadiqabad"
"268855","Adil Iqbal","DR-782","EMDS Call","Medical Emergency","Hypertension","2026/02/20 07:29:18 AM","Rahim Yar Khan"
"268856","Rana M. Usman","DR-200","EMDS Call","Rescue Operations","Delivery Case","2026/02/20 07:59:31 AM","Rahim Yar Khan"
"268857","Muhammad Riaz","DR-654","EMDS Call","Medical Emergency","Unconscious","2026/02/20 08:00:15 AM","Rahim Yar Khan"
"268858","Muhammad Riaz","DR-654","Direct Call","Rescue Operations","Mass Event Coverage","2026/02/20 08:02:55 AM","Rahim Yar Khan"
"268859","Muhammad Riaz","DR-654","EMDS Call","Medical Emergency","Hypertension","2026/02/20 08:15:49 AM","Sadiqabad"
"268860","Bushra Saleem","MR-5701","EMDS Call","Road Crash","Bleeding","2026/02/20 08:23:22 AM","Sadiqabad"
"268861","Zupasha Zia","MR-5758","EMDS Call","Medical Emergency","High Fever","2026/02/20 08:36:26 AM","Rahim Yar Khan"
"268862","Rana M. Usman","DR-200","EMDS Call","Medical Emergency","Chest Pain","2026/02/20 08:37:23 AM","Sadiqabad"
"268863","Rana M. Usman","DR-200","Direct Call","Rescue Operations","Mass Event Coverage","2026/02/20 08:42:02 AM","Khanpur"
"268864","Zupasha Zia","MR-5758","EMDS Call","Medical Emergency","CVA/Stroke","2026/02/20 08:52:04 AM","Liaqatpur"
"268865","Bushra Saleem","MR-5701","EMDS Call","Medical Emergency","SOB/ Respiratory Distress","2026/02/20 08:56:12 AM","Sadiqabad"
"268866","Rana M. Usman","DR-200","EMDS Call","Medical Emergency","SOB/ Respiratory Distress","2026/02/20 08:56:44 AM","Sadiqabad"
"268867","Zupasha Zia","MR-5758","EMDS Call","Road Crash","Minor Injuries","2026/02/20 08:58:54 AM","Rahim Yar Khan"
"268868","Bushra Saleem","MR-5701","EMDS Call","Road Crash","Severe Trauma","2026/02/20 09:02:51 AM","Rahim Yar Khan"
"268869","Rana M. Usman","DR-200","EMDS Call","Medical Emergency","Unconscious","2026/02/20 09:03:22 AM","Sadiqabad"
"268871","Zupasha Zia","MR-5758","EMDS Call","Rescue Operations","Animal/Bird Rescue","2026/02/20 09:09:30 AM","Khanpur"
"268870","Bushra Saleem","MR-5701","EMDS Call","Medical Emergency","Others","2026/02/20 09:09:15 AM","Sadiqabad"
"268872","Adnan Shabbir","DR-205","EMDS Call","Road Crash","Minor Injuries","2026/02/20 09:29:10 AM","Rahim Yar Khan"
"268873","Muhammad Abid","DR-874","EMDS Call","Medical Emergency","Diabetic","2026/02/20 09:32:09 AM","Rahim Yar Khan"
"268874","Rana M. Usman","DR-200","EMDS Call","Medical Emergency","Chest Pain","2026/02/20 09:36:30 AM","Rahim Yar Khan"
"268875","Adnan Shabbir","DR-205","EMDS Call","Medical Emergency","High Fever","2026/02/20 09:53:00 AM","Rahim Yar Khan"
"268876","Mureed Abbas","DR-900","EMDS Call","Road Crash","Minor Injuries","2026/02/20 09:54:25 AM","Rahim Yar Khan"
"268877","Mureed Abbas","DR-900","EMDS Call","Medical Emergency","Vomiting","2026/02/20 10:04:08 AM","Rahim Yar Khan"
"268878","Rana M. Usman","DR-200","EMDS Call","Road Crash","Bleeding","2026/02/20 10:04:22 AM","Sadiqabad"
"268879","Adnan Shabbir","DR-205","EMDS Call","Medical Emergency","Chronic Illness","2026/02/20 10:05:12 AM","Khanpur"
"268881","Adnan Shabbir","DR-205","EMDS Call","Medical Emergency","Abdominal Pain","2026/02/20 10:09:57 AM","Rahim Yar Khan"
"268880","Mureed Abbas","DR-900","EMDS Call","Medical Emergency","Chronic Illness","2026/02/20 10:10:22 AM","Rahim Yar Khan"
"76455","Mureed Abbas","DR-900","Direct Call","Patient Transfer Service","N/A","2026/02/20 10:13:12 AM","Liaqatpur"
"268882","Adnan Shabbir","DR-205","EMDS Call","Road Crash","Multiple Fractures","2026/02/20 10:14:30 AM","Sadiqabad"
"268882","Adnan Shabbir","DR-205","EMDS Call","Road Crash","Multiple Fractures","2026/02/20 10:14:30 AM","Sadiqabad"
"268882","Adnan Shabbir","DR-205","EMDS Call","Road Crash","Multiple Fractures","2026/02/20 10:14:30 AM","Sadiqabad"
"268883","Rana M. Usman","DR-200","EMDS Call","Medical Emergency","SOB/ Respiratory Distress","2026/02/20 10:16:33 AM","Sadiqabad"
"268884","Adnan Shabbir","DR-205","EMDS Call","Medical Emergency","Others","2026/02/20 10:17:00 AM","Khanpur"
"268885","Adnan Shabbir","DR-205","EMDS Call","Medical Emergency","Unconscious","2026/02/20 10:19:58 AM","Sadiqabad"
"268886","Rana M. Usman","DR-200","EMDS Call","Medical Emergency","Hypertension","2026/02/20 10:22:59 AM","Rahim Yar Khan"
"Not Assigned","Yasir Ilyas","DR-893","EMDS Call","Medical Emergency","Unconscious","2026/02/20 10:24:27 AM","Rahim Yar Khan"
"76456","Rana M. Usman","DR-200","Direct Call","Patient Transfer Service","N/A","2026/02/20 10:30:00 AM","Sadiqabad"
"268888","Rana M. Usman","DR-200","EMDS Call","Medical Emergency","Diabetic","2026/02/20 10:36:51 AM","Sadiqabad"
"268889","Yasir Ilyas","DR-893","Direct Call","Medical Emergency","Joints Pain","2026/02/20 10:38:59 AM","Rahim Yar Khan"
"268890","Yasir Ilyas","DR-893","EMDS Call","Road Crash","Bleeding","2026/02/20 10:40:16 AM","Liaqatpur"
"268891","Yasir Ilyas","DR-893","EMDS Call","Medical Emergency","High Fever","2026/02/20 10:46:02 AM","Rahim Yar Khan"
"76457","Mureed Abbas","DR-900","Direct Call","Patient Transfer Service","N/A","2026/02/20 10:49:15 AM","Liaqatpur"
"268892","Adnan Shabbir","DR-205","EMDS Call","Medical Emergency","Chest Pain","2026/02/20 10:51:53 AM","Sadiqabad"
"268893","Adnan Shabbir","DR-205","EMDS Call","Medical Emergency","CVA/Stroke","2026/02/20 10:55:40 AM","Liaqatpur"
"268894","Adnan Shabbir","DR-205","EMDS Call","Medical Emergency","Others","2026/02/20 11:00:58 AM","Liaqatpur"
"268895","Mureed Abbas","DR-900","EMDS Call","Road Crash","Severe Trauma","2026/02/20 11:01:37 AM","Rahim Yar Khan"
"268896","Yasir Ilyas","DR-893","EMDS Call","Road Crash","Minor Injuries","2026/02/20 11:05:26 AM","Rahim Yar Khan"
"268897","Adnan Shabbir","DR-205","EMDS Call","Medical Emergency","Abdominal Pain","2026/02/20 11:07:08 AM","Khanpur"
"268898","Mureed Abbas","DR-900","EMDS Call","Medical Emergency","Vomiting","2026/02/20 11:07:42 AM","Rahim Yar Khan"
"268900","Yasir Ilyas","DR-893","EMDS Call","Medical Emergency","Chest Pain","2026/02/20 11:10:23 AM","Khanpur"
"268899","Adnan Shabbir","DR-205","EMDS Call","Medical Emergency","High Fever","2026/02/20 11:11:13 AM","Sadiqabad"
"76458","Mureed Abbas","DR-900","Direct Call","Patient Transfer Service","N/A","2026/02/20 11:13:12 AM","Khanpur"
"268901","Imran Anjum","DR-204","EMDS Call","Road Crash","Minor Injuries","2026/02/20 11:24:57 AM","Liaqatpur"
"268903","Yasir Ilyas","DR-893","EMDS Call","Medical Emergency","Others","2026/02/20 11:29:07 AM","Rahim Yar Khan"
"268902","Mureed Abbas","DR-900","EMDS Call","Road Crash","Bleeding","2026/02/20 11:28:47 AM","Rahim Yar Khan"
"268904","Mureed Abbas","DR-900","Direct Call","Medical Emergency","Others","2026/02/20 11:41:09 AM","Rahim Yar Khan"
"268905","Imran Anjum","DR-204","EMDS Call","Medical Emergency","High Fever","2026/02/20 11:41:12 AM","Sadiqabad"
"268906","Imran Anjum","DR-204","EMDS Call","Medical Emergency","Chronic Illness","2026/02/20 11:45:28 AM","Rahim Yar Khan"
"268907","Bushra Saleem","MR-5701","EMDS Call","Medical Emergency","Abdominal Pain","2026/02/20 11:48:22 AM","Rahim Yar Khan"
"268908","Imran Anjum","DR-204","EMDS Call","Road Crash","Bleeding","2026/02/20 11:49:28 AM","Rahim Yar Khan"
"268909","Bushra Saleem","MR-5701","EMDS Call","Medical Emergency","Domestic Injuries","2026/02/20 11:51:18 AM","Rahim Yar Khan"
"268910","Yasir Ilyas","DR-893","EMDS Call","Medical Emergency","Unconscious","2026/02/20 11:53:08 AM","Rahim Yar Khan"
"268911","Imran Anjum","DR-204","EMDS Call","Medical Emergency","Others","2026/02/20 11:57:13 AM","Sadiqabad"
"268912","Yasir Ilyas","DR-893","EMDS Call","Road Crash","Minor Injuries","2026/02/20 11:58:57 AM","Rahim Yar Khan"
"268913","Bushra Saleem","MR-5701","EMDS Call","Road Crash","Minor Injuries","2026/02/20 11:59:31 AM","Rahim Yar Khan"
"268914","Mureed Abbas","DR-900","EMDS Call","Fire","Others","2026/02/20 12:04:18 PM","Rahim Yar Khan"
"268915","Imran Anjum","DR-204","EMDS Call","Road Crash","Minor Injuries","2026/02/20 12:10:20 PM","Liaqatpur"
"268916","Yasir Ilyas","DR-893","EMDS Call","Medical Emergency","Chest Pain","2026/02/20 12:11:43 PM","Khanpur"
"268917","Imran Anjum","DR-204","EMDS Call","Medical Emergency","Others","2026/02/20 12:16:19 PM","Rahim Yar Khan"
"76459","Bushra Saleem","MR-5701","Direct Call","Patient Transfer Service","N/A","2026/02/20 12:26:31 PM","Sadiqabad"
"268918","Mureed Abbas","DR-900","EMDS Call","Medical Emergency","Diabetic","2026/02/20 12:25:04 PM","Liaqatpur"
"268919","Bushra Saleem","MR-5701","EMDS Call","Road Crash","Bleeding","2026/02/20 12:29:08 PM","Sadiqabad"
"76460","Bushra Saleem","MR-5701","Direct Call","Patient Transfer Service","N/A","2026/02/20 12:38:52 PM","Sadiqabad"
"268920","Yasir Ilyas","DR-893","EMDS Call","Road Crash","Minor Injuries","2026/02/20 12:38:33 PM","Sadiqabad"
"268921","Bushra Saleem","MR-5701","EMDS Call","Road Crash","Minor Injuries","2026/02/20 12:39:51 PM","Rahim Yar Khan"
"268922","Imran Anjum","DR-204","EMDS Call","Crime","Probable Suicide","2026/02/20 12:41:09 PM","Rahim Yar Khan"
"268924","Imran Anjum","DR-204","EMDS Call","Fire","Carelessness/Smoking","2026/02/20 12:44:56 PM","Rahim Yar Khan"
"268923","Bushra Saleem","MR-5701","EMDS Call","Road Crash","Bleeding","2026/02/20 12:42:04 PM","Sadiqabad"
"268923","Bushra Saleem","MR-5701","EMDS Call","Road Crash","Bleeding","2026/02/20 12:42:04 PM","Sadiqabad"
"268925","Imran Anjum","DR-204","EMDS Call","Medical Emergency","Unconscious","2026/02/20 12:56:04 PM","Liaqatpur"
"268926","Imran Anjum","DR-204","EMDS Call","Road Crash","Bleeding","2026/02/20 01:04:01 PM","Rahim Yar Khan"
"268927","Bushra Saleem","MR-5701","EMDS Call","Medical Emergency","SOB/ Respiratory Distress","2026/02/20 01:07:04 PM","Rahim Yar Khan"
"268928","Imran Anjum","DR-204","EMDS Call","Road Crash","Severe Trauma","2026/02/20 01:09:02 PM","Sadiqabad"
"268929","Mureed Abbas","DR-900","EMDS Call","Road Crash","Minor Injuries","2026/02/20 01:17:43 PM","Rahim Yar Khan"
"268930","Shahla Nawaz","DR-185","EMDS Call","Medical Emergency","Diabetic","2026/02/20 01:16:30 PM","Rahim Yar Khan"
"76461","Mureed Abbas","DR-900","Direct Call","Patient Transfer Service","N/A","2026/02/20 01:30:47 PM","Liaqatpur"
"268931","Mureed Abbas","DR-900","EMDS Call","Medical Emergency","Hypertension","2026/02/20 01:31:33 PM","Rahim Yar Khan"
"268932","Bushra Saleem","MR-5701","EMDS Call","Medical Emergency","Hypertension","2026/02/20 01:32:55 PM","Rahim Yar Khan"
"268933","Mureed Abbas","DR-900","EMDS Call","Medical Emergency","SOB/ Respiratory Distress","2026/02/20 01:34:37 PM","Khanpur"
"268934","Zupasha Zia","MR-5758","EMDS Call","Medical Emergency","Unconscious","2026/02/20 01:32:41 PM","Rahim Yar Khan"
"76462","Mureed Abbas","DR-900","Direct Call","Patient Transfer Service","N/A","2026/02/20 01:40:02 PM","Liaqatpur"
"268935","Zupasha Zia","MR-5758","EMDS Call","Medical Emergency","Unconscious","2026/02/20 01:58:30 PM","Khanpur"
"268936","Bushra Saleem","MR-5701","EMDS Call","Medical Emergency","Hypertension","2026/02/20 02:04:31 PM","Sadiqabad"
"268937","Mureed Abbas","DR-900","EMDS Call","Medical Emergency","Others","2026/02/20 02:05:41 PM","Sadiqabad"
"268938","Mureed Abbas","DR-900","EMDS Call","Rescue Operations","Delivery Case","2026/02/20 02:08:07 PM","Rahim Yar Khan"
"268939","Imran Anjum","DR-204","EMDS Call","Medical Emergency","SOB/ Respiratory Distress","2026/02/20 02:10:32 PM","Sadiqabad"
"268939","Imran Anjum","DR-204","EMDS Call","Medical Emergency","SOB/ Respiratory Distress","2026/02/20 02:10:32 PM","Sadiqabad"
"268940","Imran Anjum","DR-204","EMDS Call","Medical Emergency","Renal Disorders / Renal Colic ","2026/02/20 02:15:46 PM","Sadiqabad"
"268941","Farah Sadaqat","MR-5930","EMDS Call","Medical Emergency","Others","2026/02/20 02:18:30 PM","Rahim Yar Khan"
"268942","Imran Anjum","DR-204","EMDS Call","Medical Emergency","Abdominal Pain","2026/02/20 02:19:31 PM","Rahim Yar Khan"
"268943","Maheen Tahir","MR-6017","EMDS Call","Medical Emergency","Diabetic","2026/02/20 02:20:39 PM","Khanpur"
"268944","Farah Sadaqat","MR-5930","EMDS Call","Road Crash","Bleeding","2026/02/20 02:29:55 PM","Rahim Yar Khan"
"268945","Farah Sadaqat","MR-5930","EMDS Call","Fire","Others","2026/02/20 02:34:01 PM","Khanpur"
"268947","Imran Anjum","DR-204","EMDS Call","Road Crash","Bleeding","2026/02/20 02:41:57 PM","Liaqatpur"
"268946","Maheen Tahir","MR-6017","EMDS Call","Medical Emergency","Hypertension","2026/02/20 02:44:10 PM","Rahim Yar Khan"
"268948","Imran Anjum","DR-204","EMDS Call","Medical Emergency","Abdominal Pain","2026/02/20 02:52:21 PM","Khanpur"
"268949","Muhammad Zubair","DR-894","EMDS Call","Medical Emergency","Others","2026/02/20 02:59:36 PM","Rahim Yar Khan"
"268950","Maheen Tahir","MR-6017","EMDS Call","Medical Emergency","Vomiting","2026/02/20 03:05:26 PM","Rahim Yar Khan"
"268951","Muhammad Zubair","DR-894","EMDS Call","Medical Emergency","Others","2026/02/20 03:19:48 PM","Rahim Yar Khan"
"76463","Muhammad Zubair","DR-894","Direct Call","Patient Transfer Service","N/A","2026/02/20 03:23:18 PM","Sadiqabad"
"268952","Maheen Tahir","MR-6017","Direct Call","Road Crash","Bleeding","2026/02/20 03:29:55 PM","Liaqatpur"
"76464","Muhammad Zubair","DR-894","Direct Call","Patient Transfer Service","N/A","2026/02/20 03:38:51 PM","Sadiqabad"
"268953","Farah Sadaqat","MR-5930","EMDS Call","Medical Emergency","High Fever","2026/02/20 03:41:59 PM","Rahim Yar Khan"
"268954","Maheen Tahir","MR-6017","EMDS Call","Medical Emergency","Others","2026/02/20 03:41:28 PM","Rahim Yar Khan"
"268955","Maheen Tahir","MR-6017","EMDS Call","Medical Emergency","SOB/ Respiratory Distress","2026/02/20 03:45:14 PM","Khanpur"
"268956","Muhammad Zubair","DR-894","EMDS Call","Road Crash","Minor Injuries","2026/02/20 03:46:45 PM","Rahim Yar Khan"
"268957","Farah Sadaqat","MR-5930","EMDS Call","Medical Emergency","Abdominal Pain","2026/02/20 03:46:53 PM","Khanpur"
"268958","Muhammad Zubair","DR-894","EMDS Call","Rescue Operations","Delivery Case","2026/02/20 03:58:59 PM","Sadiqabad"
"268959","Farah Sadaqat","MR-5930","EMDS Call","Medical Emergency","High Fever","2026/02/20 03:58:50 PM","Rahim Yar Khan"
"268960","Farah Sadaqat","MR-5930","EMDS Call","Medical Emergency","High Fever","2026/02/20 04:10:54 PM","Rahim Yar Khan"
"268961","Maheen Tahir","MR-6017","EMDS Call","Medical Emergency","Joints Pain","2026/02/20 04:18:24 PM","Khanpur"
"268962","Saqib Nasim","DR-197","EMDS Call","Medical Emergency","CVA/Stroke","2026/02/20 04:21:55 PM","Khanpur"
"268964","Maheen Tahir","MR-6017","EMDS Call","Fall","Slipped On Floor","2026/02/20 04:26:02 PM","Khanpur"
"268963","Muhammad Zubair","DR-894","EMDS Call","Medical Emergency","Epilepsy","2026/02/20 04:27:26 PM","Sadiqabad"
"268965","Farah Sadaqat","MR-5930","EMDS Call","Road Crash","Bleeding","2026/02/20 04:26:24 PM","Rahim Yar Khan"
"268966","Saqib Nasim","DR-197","EMDS Call","Road Crash","Minor Injuries","2026/02/20 04:32:40 PM","Sadiqabad"
"268967","Maheen Tahir","MR-6017","EMDS Call","Road Crash","Bleeding","2026/02/20 04:33:20 PM","Rahim Yar Khan"
"268968","Muhammad Zubair","DR-894","EMDS Call","Road Crash","Bleeding","2026/02/20 04:43:06 PM","Rahim Yar Khan"
"268969","Farah Sadaqat","MR-5930","EMDS Call","Medical Emergency","Others","2026/02/20 04:56:43 PM","Rahim Yar Khan"
"268970","Muhammad Zahid","DR-888","EMDS Call","Medical Emergency","Backache","2026/02/20 05:00:19 PM","Rahim Yar Khan"
"268971","Maheen Tahir","MR-6017","EMDS Call","Medical Emergency","Renal Disorders / Renal Colic ","2026/02/20 05:00:42 PM","Rahim Yar Khan"
"268972","Muhammad Zahid","DR-888","EMDS Call","Rescue Operations","Work/Occupational Injuries","2026/02/20 05:05:41 PM","Sadiqabad"
"268973","Maheen Tahir","MR-6017","EMDS Call","Medical Emergency","Others","2026/02/20 05:07:06 PM","Rahim Yar Khan"
"76465","Muhammad Zahid","DR-888","Direct Call","Patient Transfer Service","N/A","2026/02/20 05:46:02 PM","Khanpur"
"268974","Muhammad Zubair","DR-894","EMDS Call","Medical Emergency","Others","2026/02/20 05:47:12 PM","Rahim Yar Khan"
"76466","Shaheen Islam","DR-1171","Direct Call","Patient Transfer Service","N/A","2026/02/20 05:51:15 PM","Khanpur"
"76467","Shaheen Islam","DR-1171","Direct Call","Patient Transfer Service","N/A","2026/02/20 05:52:07 PM","Khanpur"
"268976","Shaheen Islam","DR-1171","EMDS Call","Road Crash","Multiple Fractures","2026/02/20 05:52:19 PM","Khanpur"
"268975","Muhammad Zahid","DR-888","EMDS Call","Road Crash","Severe Trauma","2026/02/20 05:54:15 PM","Khanpur"
"268977","Muhammad Zubair","DR-894","EMDS Call","Crime","Probable Suicide","2026/02/20 06:02:51 PM","Rahim Yar Khan"
"268978","Muhammad Zahid","DR-888","EMDS Call","Medical Emergency","Hypertension","2026/02/20 06:05:53 PM","Rahim Yar Khan"
"268979","Muhammad Zubair","DR-894","EMDS Call","Medical Emergency","Hypertension","2026/02/20 06:16:54 PM","Rahim Yar Khan"
"268980","Muhammad Zahid","DR-888","EMDS Call","Medical Emergency","Chest Pain","2026/02/20 06:22:37 PM","Liaqatpur"
"268981","Muhammad Zubair","DR-894","EMDS Call","Medical Emergency","Abdominal Pain","2026/02/20 06:25:00 PM","Sadiqabad"
"268982","Muhammad Zahid","DR-888","EMDS Call","Medical Emergency","High Fever","2026/02/20 06:26:56 PM","Sadiqabad"
"268983","Muhammad Zubair","DR-894","EMDS Call","Road Crash","Minor Injuries","2026/02/20 06:30:11 PM","Rahim Yar Khan"
"268984","Muhammad Zahid","DR-888","EMDS Call","Rescue Operations","Others","2026/02/20 06:33:35 PM","Khanpur"
"268985","Muhammad Zahid","DR-888","EMDS Call","Medical Emergency","Unconscious","2026/02/20 06:42:07 PM","Liaqatpur"
"268986","Muhammad Zahid","DR-888","EMDS Call","Medical Emergency","Vomiting","2026/02/20 06:45:39 PM","Rahim Yar Khan"
"268987","Muhammad Zahid","DR-888","Direct Call","Medical Emergency","Chest Pain","2026/02/20 06:58:31 PM","Rahim Yar Khan"
"268988","Muhammad Zubair","DR-894","EMDS Call","Medical Emergency","Epilepsy","2026/02/20 06:59:08 PM","Rahim Yar Khan"
"268989","Shaheen Islam","DR-1171","EMDS Call","Medical Emergency","SOB/ Respiratory Distress","2026/02/20 07:01:34 PM","Sadiqabad"
"268990","Muhammad Zubair","DR-894","EMDS Call","Road Crash","Bleeding","2026/02/20 07:03:08 PM","Sadiqabad"
"268991","Muhammad Zubair","DR-894","EMDS Call","Medical Emergency","Others","2026/02/20 07:06:28 PM","Liaqatpur"
"268992","Farah Sadaqat","MR-5930","EMDS Call","Medical Emergency","Hypotension","2026/02/20 07:14:59 PM","Rahim Yar Khan"
"268993","Muhammad Zahid","DR-888","EMDS Call","Medical Emergency","Epilepsy","2026/02/20 07:15:25 PM","Rahim Yar Khan"
"268994","Farah Sadaqat","MR-5930","EMDS Call","Medical Emergency","Others","2026/02/20 07:17:46 PM","Sadiqabad"
"268995","Muhammad Zubair","DR-894","EMDS Call","Medical Emergency","Vomiting","2026/02/20 07:24:18 PM","Rahim Yar Khan"
"268996","Farah Sadaqat","MR-5930","EMDS Call","Medical Emergency","Abdominal Pain","2026/02/20 07:26:27 PM","Khanpur"
"76468","Muhammad Zubair","DR-894","Direct Call","Patient Transfer Service","N/A","2026/02/20 07:28:32 PM","Sadiqabad"
"268997","Muhammad Zubair","DR-894","EMDS Call","Road Crash","Bleeding","2026/02/20 07:28:55 PM","Sadiqabad"
"268998","Farah Sadaqat","MR-5930","EMDS Call","Medical Emergency","High Fever","2026/02/20 07:33:11 PM","Rahim Yar Khan"
"268999","Farah Sadaqat","MR-5930","EMDS Call","Medical Emergency","Hypotension","2026/02/20 07:42:55 PM","Rahim Yar Khan"
"76469","Muhammad Zubair","DR-894","Direct Call","Patient Transfer Service","N/A","2026/02/20 07:47:53 PM","Sadiqabad"
"269000","Muhammad Zubair","DR-894","EMDS Call","Medical Emergency","Vomiting","2026/02/20 07:48:47 PM","Rahim Yar Khan"
"269001","Muhammad Zahid","DR-888","EMDS Call","Medical Emergency","High Fever","2026/02/20 07:55:13 PM","Rahim Yar Khan"
"269002","Farah Sadaqat","MR-5930","EMDS Call","Medical Emergency","Hypotension","2026/02/20 08:02:11 PM","Rahim Yar Khan"
"269003","Farah Sadaqat","MR-5930","EMDS Call","Medical Emergency","Unconscious","2026/02/20 08:19:50 PM","Sadiqabad"
"269004","Farah Sadaqat","MR-5930","EMDS Call","Medical Emergency","Hypertension","2026/02/20 08:23:59 PM","Rahim Yar Khan"
"269005","Farah Sadaqat","MR-5930","EMDS Call","Medical Emergency","Hypotension","2026/02/20 08:27:05 PM","Rahim Yar Khan"
"269006","Farah Sadaqat","MR-5930","EMDS Call","Medical Emergency","Others","2026/02/20 08:33:20 PM","Rahim Yar Khan"
"269007","Farah Sadaqat","MR-5930","EMDS Call","Road Crash","Bleeding","2026/02/20 08:36:53 PM","Khanpur"
"269008","Muhammad Zubair","DR-894","EMDS Call","Medical Emergency","Others","2026/02/20 08:39:48 PM","Sadiqabad"
"269009","Sheeza Barkat","MR-5331","EMDS Call","Medical Emergency","Unconscious","2026/02/20 08:43:05 PM","Rahim Yar Khan"
"269012","Farah Sadaqat","MR-5930","EMDS Call","Medical Emergency","Others","2026/02/20 08:42:34 PM","Rahim Yar Khan"
"269010","Muhammad Zahid","DR-888","Direct Call","Medical Emergency","Others","2026/02/20 08:45:18 PM","Sadiqabad"
"269011","Sheeza Barkat","MR-5331","EMDS Call","Medical Emergency","Others","2026/02/20 08:47:01 PM","Rahim Yar Khan"
"Not Assigned","Farah Sadaqat","MR-5930","EMDS Call","Medical Emergency","Hypertension","2026/02/20 08:47:25 PM","Khanpur"
"269013","Sheeza Barkat","MR-5331","EMDS Call","Medical Emergency","Others","2026/02/20 08:49:59 PM","Rahim Yar Khan"
"269014","Adil Iqbal","DR-782","EMDS Call","Medical Emergency","Others","2026/02/20 08:54:48 PM","Rahim Yar Khan"
"269015","Adil Iqbal","DR-782","EMDS Call","Medical Emergency","Hypotension","2026/02/20 08:59:18 PM","Rahim Yar Khan"
"269016","Sheeza Barkat","MR-5331","EMDS Call","Medical Emergency","High Fever","2026/02/20 09:00:25 PM","Liaqatpur"
"269017","Sheeza Barkat","MR-5331","EMDS Call","Medical Emergency","Vomiting","2026/02/20 09:08:49 PM","Rahim Yar Khan"
"269019","Zia ul Haq","DR-328","EMDS Call","Medical Emergency","SOB/ Respiratory Distress","2026/02/20 09:34:09 PM","Liaqatpur"
"269018","Nida Rahat","DR-1322","Direct Call","Medical Emergency","Abdominal Pain","2026/02/20 09:36:42 PM","Rahim Yar Khan"
"269020","Nida Rahat","DR-1322","EMDS Call","Medical Emergency","Hypertension","2026/02/20 09:45:39 PM","Sadiqabad"
"76470","Saira Bibi","MR-5494","Direct Call","Patient Transfer Service","N/A","2026/02/20 09:47:28 PM","Liaqatpur"
"269021","Sheeza Barkat","MR-5331","EMDS Call","Rescue Operations","Delivery Case","2026/02/20 09:48:01 PM","Liaqatpur"
"269022","Nida Rahat","DR-1322","EMDS Call","Crime","Physical Assault/Violence","2026/02/20 09:48:57 PM","Rahim Yar Khan"
"269023","Saira Bibi","MR-5494","EMDS Call","Medical Emergency","SOB/ Respiratory Distress","2026/02/20 09:49:35 PM","Sadiqabad"
"269024","Zia ul Haq","DR-328","EMDS Call","Medical Emergency","Domestic Injuries","2026/02/20 09:49:48 PM","Sadiqabad"
"269025","Zia ul Haq","DR-328","EMDS Call","Medical Emergency","Epilepsy","2026/02/20 09:52:35 PM","Sadiqabad"
"269026","Saira Bibi","MR-5494","EMDS Call","Medical Emergency","Others","2026/02/20 10:17:17 PM","Rahim Yar Khan"
"269027","Nida Rahat","DR-1322","EMDS Call","Medical Emergency","Others","2026/02/20 10:21:07 PM","Rahim Yar Khan"
"269028","Saira Bibi","MR-5494","EMDS Call","Medical Emergency","Unconscious","2026/02/20 10:26:46 PM","Rahim Yar Khan"
"269029","Nida Rahat","DR-1322","EMDS Call","Medical Emergency","Others","2026/02/20 10:31:46 PM","Rahim Yar Khan"
"269030","Sheeza Barkat","MR-5331","EMDS Call","Rescue Operations","Delivery Case","2026/02/20 10:30:35 PM","Khanpur"
"269031","Saira Bibi","MR-5494","EMDS Call","Medical Emergency","High Fever","2026/02/20 10:33:48 PM","Rahim Yar Khan"
"269032","Zia ul Haq","DR-328","EMDS Call","Medical Emergency","Unconscious","2026/02/20 10:45:11 PM","Rahim Yar Khan"
"269033","Sajid Mehmood","DR-914","EMDS Call","Medical Emergency","High Fever","2026/02/20 11:03:27 PM","Rahim Yar Khan"
"76471","Sajid Mehmood","DR-914","Direct Call","Patient Transfer Service","N/A","2026/02/20 11:03:11 PM","Sadiqabad"
"269035","Sheeza Barkat","MR-5331","EMDS Call","Rescue Operations","Delivery Case","2026/02/20 11:08:23 PM","Liaqatpur"
"269034","Saira Bibi","MR-5494","EMDS Call","Medical Emergency","High Fever","2026/02/20 11:08:42 PM","Rahim Yar Khan"
"269036","Sajid Mehmood","DR-914","EMDS Call","Medical Emergency","Others","2026/02/20 11:15:52 PM","Rahim Yar Khan"
"269037","Saira Bibi","MR-5494","EMDS Call","Medical Emergency","Others","2026/02/20 11:20:49 PM","Sadiqabad"
"269038","Sajid Mehmood","DR-914","EMDS Call","Road Crash","Severe Trauma","2026/02/20 11:33:18 PM","Rahim Yar Khan"
"76472","Muhammad Tariq Hameed","DR-885","Direct Call","Patient Transfer Service","N/A","2026/02/20 11:41:08 PM","Sadiqabad"
"269039","Sajid Mehmood","DR-914","EMDS Call","Medical Emergency","Abdominal Pain","2026/02/20 11:44:21 PM","Liaqatpur"
"76473","Muhammad Tariq Hameed","DR-885","Direct Call","Patient Transfer Service","N/A","2026/02/20 11:53:42 PM","Sadiqabad"
"76474","Sajid Mehmood","DR-914","Direct Call","Patient Transfer Service","N/A","2026/02/21 12:03:57 AM","Rahim Yar Khan"
"269040","Sajid Mehmood","DR-914","EMDS Call","Medical Emergency","Vomiting","2026/02/21 12:11:35 AM","Khanpur"
"269041","Nida Rahat","DR-1322","EMDS Call","Medical Emergency","Chest Pain","2026/02/21 12:31:26 AM","Rahim Yar Khan"
"269042","Sheeza Barkat","MR-5331","EMDS Call","Medical Emergency","Renal Disorders / Renal Colic ","2026/02/21 12:44:06 AM","Rahim Yar Khan"
"269043","Sajid Mehmood","DR-914","EMDS Call","Medical Emergency","Others","2026/02/21 12:47:26 AM","Rahim Yar Khan"
"269044","Sheeza Barkat","MR-5331","EMDS Call","Medical Emergency","SOB/ Respiratory Distress","2026/02/21 12:59:13 AM","Rahim Yar Khan"
"269045","Sajid Mehmood","DR-914","EMDS Call","Medical Emergency","Others","2026/02/21 01:32:02 AM","Rahim Yar Khan"
"269046","Nida Rahat","DR-1322","EMDS Call","Medical Emergency","Chest Pain","2026/02/21 01:35:26 AM","Rahim Yar Khan"
"269047","Sheeza Barkat","MR-5331","EMDS Call","Medical Emergency","Abdominal Pain","2026/02/21 01:51:00 AM","Sadiqabad"
"269048","Sajid Mehmood","DR-914","EMDS Call","Medical Emergency","Others","2026/02/21 01:52:58 AM","Rahim Yar Khan"
"269049","Nida Rahat","DR-1322","EMDS Call","Medical Emergency","Abdominal Pain","2026/02/21 01:54:22 AM","Sadiqabad"
"269050","Sheeza Barkat","MR-5331","EMDS Call","Medical Emergency","Vomiting","2026/02/21 01:56:31 AM","Sadiqabad"
"269051","Sajid Mehmood","DR-914","EMDS Call","Medical Emergency","Renal Disorders / Renal Colic ","2026/02/21 02:03:45 AM","Sadiqabad"
"269052","Nida Rahat","DR-1322","EMDS Call","Medical Emergency","Chest Pain","2026/02/21 02:22:32 AM","Rahim Yar Khan"
"269053","Nida Rahat","DR-1322","EMDS Call","Medical Emergency","Hypertension","2026/02/21 02:39:25 AM","Rahim Yar Khan"
"269054","Sheeza Barkat","MR-5331","EMDS Call","Medical Emergency","Hypertension","2026/02/21 03:00:34 AM","Rahim Yar Khan"
"269055","Sheeza Barkat","MR-5331","EMDS Call","Medical Emergency","Chronic Illness","2026/02/21 03:25:57 AM","Sadiqabad"
"269056","Muhammad Tariq Hameed","DR-885","EMDS Call","Medical Emergency","SOB/ Respiratory Distress","2026/02/21 03:37:58 AM","Khanpur"
"269057","Saira Bibi","MR-5494","EMDS Call","Medical Emergency","Hypertension","2026/02/21 03:39:55 AM","Rahim Yar Khan"
"269058","Sheeza Barkat","MR-5331","EMDS Call","Medical Emergency","Others","2026/02/21 03:41:13 AM","Rahim Yar Khan"
"76475","Saira Bibi","MR-5494","Direct Call","Patient Transfer Service","N/A","2026/02/21 03:56:25 AM","Sadiqabad"
"269059","Muhammad Tariq Hameed","DR-885","EMDS Call","Medical Emergency","Diarrhea","2026/02/21 04:04:13 AM","Rahim Yar Khan"
"269060","Muhammad Tariq Hameed","DR-885","EMDS Call","Medical Emergency","Hypotension","2026/02/21 04:37:15 AM","Rahim Yar Khan"
"269061","Sheeza Barkat","MR-5331","EMDS Call","Road Crash","Minor Injuries","2026/02/21 04:52:15 AM","Rahim Yar Khan"
"Not Assigned","Saira Bibi","MR-5494","EMDS Call","Medical Emergency","Vomiting","2026/02/21 05:08:58 AM","Rahim Yar Khan"
"269063","Zia ul Haq","DR-328","EMDS Call","Medical Emergency","Vomiting","2026/02/21 05:29:42 AM","Liaqatpur"
"76476","Muhammad Tariq Hameed","DR-885","Direct Call","Patient Transfer Service","N/A","2026/02/21 05:34:03 AM","Liaqatpur"
"269064","Muhammad Tariq Hameed","DR-885","EMDS Call","Medical Emergency","Hypertension","2026/02/21 05:50:05 AM","Sadiqabad"
"269065","Zia ul Haq","DR-328","EMDS Call","Medical Emergency","Abdominal Pain","2026/02/21 05:57:47 AM","Rahim Yar Khan"
"269066","Muhammad Tariq Hameed","DR-885","Direct Call","Medical Emergency","Hypertension","2026/02/21 05:56:31 AM","Rahim Yar Khan"
"269067","Sajid Mehmood","DR-914","EMDS Call","Rescue Operations","Delivery Case","2026/02/21 06:05:24 AM","Sadiqabad"
"76477","Muhammad Tariq Hameed","DR-885","Direct Call","Patient Transfer Service","N/A","2026/02/21 06:11:38 AM","Khanpur"
"269068","Sajid Mehmood","DR-914","EMDS Call","Medical Emergency","Renal Disorders / Renal Colic ","2026/02/21 06:22:12 AM","Sadiqabad"
"269069","Muhammad Tariq Hameed","DR-885","EMDS Call","Medical Emergency","Vomiting","2026/02/21 06:21:24 AM","Liaqatpur"
"269070","Muhammad Tariq Hameed","DR-885","EMDS Call","Fire","Short Circuit","2026/02/21 06:25:29 AM","Khanpur"
"269071","Sajid Mehmood","DR-914","EMDS Call","Medical Emergency","Chest Pain","2026/02/21 06:30:47 AM","Liaqatpur"
"269072","Saira Bibi","MR-5494","EMDS Call","Medical Emergency","Abdominal Pain","2026/02/21 06:36:54 AM","Rahim Yar Khan"
"269073","Saira Bibi","MR-5494","EMDS Call","Medical Emergency","Hypertension","2026/02/21 06:52:51 AM","Rahim Yar Khan"
"269074","Saira Bibi","MR-5494","EMDS Call","Medical Emergency","Diabetic","2026/02/21 07:02:22 AM","Sadiqabad"
"269075","Sajid Mehmood","DR-914","EMDS Call","Road Crash","Minor Injuries","2026/02/21 07:14:20 AM","Rahim Yar Khan"
"269076","Muhammad Tariq Hameed","DR-885","EMDS Call","Medical Emergency","Renal Disorders / Renal Colic ","2026/02/21 07:15:31 AM","Rahim Yar Khan"
"269077","Muhammad Tariq Hameed","DR-885","EMDS Call","Medical Emergency","Vomiting","2026/02/21 07:20:12 AM","Khanpur"
"269078","Muhammad Tariq Hameed","DR-885","EMDS Call","Medical Emergency","Abdominal Pain","2026/02/21 07:26:10 AM","Khanpur"
"269079","Saira Bibi","MR-5494","EMDS Call","Medical Emergency","Others","2026/02/21 07:36:33 AM","Sadiqabad"
"269080","Adil Iqbal","DR-782","EMDS Call","Medical Emergency","Chronic Illness","2026/02/21 07:42:00 AM","Rahim Yar Khan"
"269081","Rana M. Usman","DR-200","EMDS Call","Road Crash","Minor Injuries","2026/02/21 08:01:29 AM","Rahim Yar Khan"
"269082","Zupasha Zia","MR-5758","EMDS Call","Road Crash","Bleeding","2026/02/21 08:03:04 AM","Sadiqabad"
"269083","Muhammad Riaz","DR-654","Direct Call","Rescue Operations","Mass Event Coverage","2026/02/21 08:06:40 AM","Rahim Yar Khan"
"269085","Muhammad Arshad","DR-198","EMDS Call","Medical Emergency","Vomiting","2026/02/21 08:11:18 AM","Rahim Yar Khan"
"269084","Rana M. Usman","DR-200","EMDS Call","Road Crash","Minor Injuries","2026/02/21 08:11:00 AM","Sadiqabad"
"269086","Muhammad Arshad","DR-198","EMDS Call","Medical Emergency","Chest Pain","2026/02/21 08:17:34 AM","Khanpur"
"269087","Rana M. Usman","DR-200","EMDS Call","Road Crash","Minor Injuries","2026/02/21 08:22:21 AM","Liaqatpur"
"269088","Rana M. Usman","DR-200","EMDS Call","Medical Emergency","Others","2026/02/21 08:26:35 AM","Rahim Yar Khan"
"269089","Muhammad Riaz","DR-654","EMDS Call","Medical Emergency","Vomiting","2026/02/21 08:29:26 AM","Khanpur"
"269090","Muhammad Riaz","DR-654","EMDS Call","Medical Emergency","Unconscious","2026/02/21 08:44:05 AM","Khanpur"
"269092","Muhammad Riaz","DR-654","EMDS Call","Medical Emergency","Vomiting","2026/02/21 08:47:27 AM","Sadiqabad"
"269091","Muhammad Arshad","DR-198","EMDS Call","Medical Emergency","Others","2026/02/21 08:47:48 AM","Sadiqabad"
"269093","Muhammad Arshad","DR-198","EMDS Call","Medical Emergency","Unconscious","2026/02/21 09:00:35 AM","Liaqatpur"
"269094","Muhammad Riaz","DR-654","EMDS Call","Medical Emergency","Abdominal Pain","2026/02/21 09:03:51 AM","Rahim Yar Khan"
"269095","Rana M. Usman","DR-200","EMDS Call","Medical Emergency","SOB/ Respiratory Distress","2026/02/21 09:05:04 AM","Liaqatpur"
"269096","Muhammad Arshad","DR-198","EMDS Call","Medical Emergency","Hypertension","2026/02/21 09:10:53 AM","Khanpur"
"269097","Mureed Abbas","DR-900","EMDS Call","Medical Emergency","Vomiting","2026/02/21 09:18:03 AM","Sadiqabad"
"269098","Muhammad Riaz","DR-654","EMDS Call","Medical Emergency","Others","2026/02/21 09:19:13 AM","Khanpur"
"269099","Adnan Shabbir","DR-205","EMDS Call","Medical Emergency","Diabetic","2026/02/21 09:23:40 AM","Sadiqabad"
"269100","Muhammad Arshad","DR-198","EMDS Call","Rescue Operations","Scorpion Bite/Other Animal/Insect Bite","2026/02/21 09:25:46 AM","Sadiqabad"
"269102","Muhammad Arshad","DR-198","EMDS Call","Road Crash","Minor Injuries","2026/02/21 09:28:56 AM","Liaqatpur"
"269101","Muhammad Riaz","DR-654","EMDS Call","Rescue Operations","Delivery Case","2026/02/21 09:29:32 AM","Sadiqabad"
"269103","Mureed Abbas","DR-900","EMDS Call","Medical Emergency","Hypertension","2026/02/21 09:32:38 AM","Rahim Yar Khan"
"269104","Mureed Abbas","DR-900","EMDS Call","Medical Emergency","Hypotension","2026/02/21 09:36:51 AM","Sadiqabad"
"269105","Mureed Abbas","DR-900","EMDS Call","Road Crash","Minor Injuries","2026/02/21 09:45:15 AM","Khanpur"
"269106","Adnan Shabbir","DR-205","EMDS Call","Medical Emergency","Others","2026/02/21 09:53:46 AM","Rahim Yar Khan"
"269107","Muhammad Arshad","DR-198","EMDS Call","Medical Emergency","Vomiting","2026/02/21 09:55:12 AM","Rahim Yar Khan"
"269108","Mureed Abbas","DR-900","EMDS Call","Rescue Operations","Snake Emergency","2026/02/21 09:56:02 AM","Khanpur"
"76478","Muhammad Abid","DR-874","Direct Call","Patient Transfer Service","N/A","2026/02/21 10:01:39 AM","Khanpur"
"76479","Muhammad Abid","DR-874","Direct Call","Patient Transfer Service","N/A","2026/02/21 10:02:58 AM","Sadiqabad"
"269109","Muhammad Abid","DR-874","EMDS Call","Medical Emergency","SOB/ Respiratory Distress","2026/02/21 10:03:50 AM","Sadiqabad"
"269110","Mureed Abbas","DR-900","EMDS Call","Medical Emergency","Hypertension","2026/02/21 10:11:56 AM","Rahim Yar Khan"
"269111","Adnan Shabbir","DR-205","EMDS Call","Road Crash","Bleeding","2026/02/21 10:14:25 AM","Sadiqabad"
"269111","Adnan Shabbir","DR-205","EMDS Call","Road Crash","Bleeding","2026/02/21 10:14:25 AM","Sadiqabad"
"269112","Muhammad Arshad","DR-198","EMDS Call","Road Crash","Bleeding","2026/02/21 10:18:18 AM","Rahim Yar Khan"
"269113","Muhammad Abid","DR-874","EMDS Call","Medical Emergency","Others","2026/02/21 10:17:04 AM","Rahim Yar Khan"
"269114","Adnan Shabbir","DR-205","EMDS Call","Rescue Operations","Scorpion Bite/Other Animal/Insect Bite","2026/02/21 10:22:09 AM","Sadiqabad"
"269114","Adnan Shabbir","DR-205","EMDS Call","Rescue Operations","Scorpion Bite/Other Animal/Insect Bite","2026/02/21 10:22:09 AM","Sadiqabad"
"269115","Muhammad Abid","DR-874","EMDS Call","Rescue Operations","Delivery Case","2026/02/21 10:23:31 AM","Rahim Yar Khan"
"269116","Adnan Shabbir","DR-205","EMDS Call","Road Crash","Bleeding","2026/02/21 10:29:23 AM","Liaqatpur"
"269117","Mureed Abbas","DR-900","EMDS Call","Road Crash","Minor Injuries","2026/02/21 10:28:59 AM","Sadiqabad"
"269118","Muhammad Arshad","DR-198","EMDS Call","Medical Emergency","Others","2026/02/21 10:32:45 AM","Liaqatpur"
"76480","Muhammad Abid","DR-874","Direct Call","Patient Transfer Service","N/A","2026/02/21 10:37:33 AM","Rahim Yar Khan"
"269119","Muhammad Abid","DR-874","EMDS Call","Road Crash","Bleeding","2026/02/21 10:43:02 AM","Rahim Yar Khan"
"269120","Mureed Abbas","DR-900","EMDS Call","Medical Emergency","Vomiting","2026/02/21 10:45:07 AM","Rahim Yar Khan"
"269121","Mureed Abbas","DR-900","EMDS Call","Medical Emergency","Others","2026/02/21 10:48:02 AM","Rahim Yar Khan"
"Not Assigned","Muhammad Abid","DR-874","EMDS Call","Rescue Operations","Animal/Bird Rescue","2026/02/21 10:58:32 AM","Rahim Yar Khan"
"269123","Mureed Abbas","DR-900","EMDS Call","Medical Emergency","Others","2026/02/21 11:00:09 AM","Khanpur"
"269124","Adnan Shabbir","DR-205","EMDS Call","Medical Emergency","Epilepsy","2026/02/21 11:00:27 AM","Rahim Yar Khan"
"76481","Muhammad Abid","DR-874","Direct Call","Patient Transfer Service","N/A","2026/02/21 11:03:19 AM","Khanpur"
"269125","Shahid Jamil","DR-184","EMDS Call","Medical Emergency","Others","2026/02/21 11:06:14 AM","Rahim Yar Khan"
"76482","Muhammad Abid","DR-874","Direct Call","Patient Transfer Service","N/A","2026/02/21 11:08:03 AM","Khanpur"
"269126","Adnan Shabbir","DR-205","EMDS Call","Medical Emergency","Vomiting","2026/02/21 11:11:37 AM","Khanpur"
"269127","Mureed Abbas","DR-900","EMDS Call","Road Crash","Minor Injuries","2026/02/21 11:11:06 AM","Rahim Yar Khan"
"269128","Shahid Jamil","DR-184","EMDS Call","Medical Emergency","Domestic Injuries","2026/02/21 11:15:16 AM","Sadiqabad"
"76483","Muhammad Abid","DR-874","Direct Call","Patient Transfer Service","N/A","2026/02/21 11:18:58 AM","Sadiqabad"
"269129","Adnan Shabbir","DR-205","EMDS Call","Medical Emergency","Vomiting","2026/02/21 11:28:55 AM","Rahim Yar Khan"
"269130","Adnan Shabbir","DR-205","EMDS Call","Medical Emergency","Domestic Injuries","2026/02/21 11:37:26 AM","Khanpur"
"269131","Mureed Abbas","DR-900","EMDS Call","Crime","Probable Suicide","2026/02/21 11:36:08 AM","Liaqatpur"
"76484","Muhammad Abid","DR-874","Direct Call","Patient Transfer Service","N/A","2026/02/21 11:39:24 AM","Khanpur"
"269132","Muhammad Arshad","DR-198","EMDS Call","Road Crash","Bleeding","2026/02/21 11:40:13 AM","Rahim Yar Khan"
"269133","Mureed Abbas","DR-900","EMDS Call","Road Crash","Multiple Fractures","2026/02/21 11:45:42 AM","Rahim Yar Khan"
"269134","Muhammad Abid","DR-874","EMDS Call","Medical Emergency","Vomiting","2026/02/21 11:49:05 AM","Rahim Yar Khan"
"269135","Mureed Abbas","DR-900","EMDS Call","Medical Emergency","Epilepsy","2026/02/21 11:54:52 AM","Sadiqabad"
"269136","Muhammad Abid","DR-874","EMDS Call","Medical Emergency","Vomiting","2026/02/21 11:57:23 AM","Khanpur"
"269137","Mureed Abbas","DR-900","EMDS Call","Medical Emergency","Hypertension","2026/02/21 12:03:44 PM","Rahim Yar Khan"
"76485","Muhammad Abid","DR-874","Direct Call","Patient Transfer Service","N/A","2026/02/21 12:06:26 PM","Khanpur"
"269138","Adnan Shabbir","DR-205","EMDS Call","Medical Emergency","Abdominal Pain","2026/02/21 12:12:22 PM","Rahim Yar Khan"
"269139","Muhammad Arshad","DR-198","EMDS Call","Road Crash","Minor Injuries","2026/02/21 12:18:01 PM","Rahim Yar Khan"
"269140","Mureed Abbas","DR-900","EMDS Call","Road Crash","Minor Injuries","2026/02/21 12:18:26 PM","Rahim Yar Khan"
"269141","Muhammad Arshad","DR-198","EMDS Call","Medical Emergency","SOB/ Respiratory Distress","2026/02/21 12:20:49 PM","Rahim Yar Khan"
"269142","Muhammad Abid","DR-874","EMDS Call","Fire","Others","2026/02/21 12:22:43 PM","Rahim Yar Khan"
"269143","Mureed Abbas","DR-900","EMDS Call","Medical Emergency","SOB/ Respiratory Distress","2026/02/21 12:28:55 PM","Liaqatpur"
"269145","Yasir Ilyas","DR-893","EMDS Call","Medical Emergency","Chest Pain","2026/02/21 12:42:17 PM","Rahim Yar Khan"
"269144","Zupasha Zia","MR-5758","EMDS Call","Medical Emergency","Others","2026/02/21 12:42:43 PM","Rahim Yar Khan"
"269146","Zupasha Zia","MR-5758","EMDS Call","Medical Emergency","SOB/ Respiratory Distress","2026/02/21 12:52:37 PM","Sadiqabad"
"269147","Shahid Jamil","DR-184","EMDS Call","Medical Emergency","Epilepsy","2026/02/21 01:00:13 PM","Rahim Yar Khan"
"269148","Muhammad Abid","DR-874","Direct Call","Medical Emergency","Chest Pain","2026/02/21 01:10:54 PM","Rahim Yar Khan"
"269149","Yasir Ilyas","DR-893","EMDS Call","Road Crash","Multiple Fractures","2026/02/21 01:10:06 PM","Rahim Yar Khan"
"269150","Yasir Ilyas","DR-893","EMDS Call","Road Crash","Severe Trauma","2026/02/21 01:15:33 PM","Liaqatpur"
"269151","Shahid Jamil","DR-184","EMDS Call","Medical Emergency","Others","2026/02/21 01:41:43 PM","Sadiqabad"
"269152","Shahla Nawaz","DR-185","EMDS Call","Rescue Operations","Animal/Bird Rescue","2026/02/21 01:57:45 PM","Sadiqabad"
"269153","Yasir Ilyas","DR-893","EMDS Call","Road Crash","Minor Injuries","2026/02/21 02:05:05 PM","Rahim Yar Khan"
"269154","Zupasha Zia","MR-5758","EMDS Call","Medical Emergency","SOB/ Respiratory Distress","2026/02/21 02:06:06 PM","Khanpur"
"269155","Yasir Ilyas","DR-893","EMDS Call","Road Crash","Minor Injuries","2026/02/21 02:10:34 PM","Liaqatpur"
"76486","Yasir Ilyas","DR-893","Direct Call","Patient Transfer Service","N/A","2026/02/21 02:19:02 PM","Sadiqabad"
"269156","Yasir Ilyas","DR-893","EMDS Call","Road Crash","Severe Trauma","2026/02/21 02:20:09 PM","Khanpur"
"269157","Maheen Tahir","MR-6017","EMDS Call","Medical Emergency","High Fever","2026/02/21 02:19:45 PM","Liaqatpur"
"269158","Shaheen Islam","DR-1171","Direct Call","Medical Emergency","Others","2026/02/21 02:25:21 PM","Rahim Yar Khan"
"76487","Maheen Tahir","MR-6017","Direct Call","Patient Transfer Service","N/A","2026/02/21 02:28:15 PM","Liaqatpur"
"269159","Maheen Tahir","MR-6017","EMDS Call","Medical Emergency","Others","2026/02/21 02:44:23 PM","Rahim Yar Khan"
"269161","Shaheen Islam","DR-1171","EMDS Call","Medical Emergency","SOB/ Respiratory Distress","2026/02/21 02:44:34 PM","Khanpur"
"269160","Farah Sadaqat","MR-5930","EMDS Call","Medical Emergency","Others","2026/02/21 02:46:11 PM","Rahim Yar Khan"
"269162","Maheen Tahir","MR-6017","EMDS Call","Rescue Operations","Scorpion Bite/Other Animal/Insect Bite","2026/02/21 02:55:10 PM","Sadiqabad"
"269163","Maheen Tahir","MR-6017","EMDS Call","Road Crash","Bleeding","2026/02/21 02:59:22 PM","Liaqatpur"
"76489","Shaheen Islam","DR-1171","Direct Call","Patient Transfer Service","N/A","2026/02/21 03:00:53 PM","Rahim Yar Khan"
"76488","Shaheen Islam","DR-1171","Direct Call","Patient Transfer Service","N/A","2026/02/21 03:02:18 PM","Sadiqabad"
"269164","Farah Sadaqat","MR-5930","EMDS Call","Road Crash","Minor Injuries","2026/02/21 03:04:59 PM","Sadiqabad"
"269165","Saira Bibi","MR-5494","EMDS Call","Crime","Probable Suicide","2026/02/21 03:07:21 PM","Rahim Yar Khan"
"269166","Shaheen Islam","DR-1171","EMDS Call","Medical Emergency","Others","2026/02/21 03:14:46 PM","Rahim Yar Khan"
"269167","Maheen Tahir","MR-6017","EMDS Call","Road Crash","Minor Injuries","2026/02/21 03:14:18 PM","Rahim Yar Khan"
"76490","Shaheen Islam","DR-1171","Direct Call","Patient Transfer Service","N/A","2026/02/21 03:23:34 PM","Sadiqabad"
"269168","Saira Bibi","MR-5494","EMDS Call","Medical Emergency","Hypertension","2026/02/21 03:24:15 PM","Rahim Yar Khan"
"269170","Farah Sadaqat","MR-5930","EMDS Call","Medical Emergency","SOB/ Respiratory Distress","2026/02/21 03:25:52 PM","Khanpur"
"269169","Shaheen Islam","DR-1171","EMDS Call","Medical Emergency","Diabetic","2026/02/21 03:26:07 PM","Rahim Yar Khan"
"76491","Maheen Tahir","MR-6017","Direct Call","Patient Transfer Service","N/A","2026/02/21 03:28:20 PM","Khanpur"
"269171","Shaheen Islam","DR-1171","EMDS Call","Medical Emergency","Vomiting","2026/02/21 03:34:26 PM","Sadiqabad"
"269172","Farah Sadaqat","MR-5930","EMDS Call","Medical Emergency","High Fever","2026/02/21 03:39:18 PM","Liaqatpur"
"269173","Shaheen Islam","DR-1171","EMDS Call","Medical Emergency","Renal Disorders / Renal Colic ","2026/02/21 03:40:54 PM","Rahim Yar Khan"
"269174","Saira Bibi","MR-5494","EMDS Call","Medical Emergency","Domestic Injuries","2026/02/21 03:46:46 PM","Rahim Yar Khan"
"269175","Shaheen Islam","DR-1171","EMDS Call","Road Crash","Minor Injuries","2026/02/21 03:55:17 PM","Sadiqabad"
"269176","Saira Bibi","MR-5494","EMDS Call","Medical Emergency","Vomiting","2026/02/21 04:08:35 PM","Sadiqabad"
"269177","Farah Sadaqat","MR-5930","EMDS Call","Road Crash","Minor Injuries","2026/02/21 04:14:46 PM","Rahim Yar Khan"
"269178","Maheen Tahir","MR-6017","EMDS Call","Crime","Probable Suicide","2026/02/21 04:14:25 PM","Khanpur"
"269179","Saira Bibi","MR-5494","EMDS Call","Medical Emergency","Others","2026/02/21 04:20:40 PM","Rahim Yar Khan"
"269180","Farah Sadaqat","MR-5930","EMDS Call","Medical Emergency","Diabetic","2026/02/21 04:22:07 PM","Rahim Yar Khan"
"269181","Saira Bibi","MR-5494","EMDS Call","Medical Emergency","Hypertension","2026/02/21 04:24:31 PM","Rahim Yar Khan"
"269182","Maheen Tahir","MR-6017","EMDS Call","Medical Emergency","Abdominal Pain","2026/02/21 04:27:53 PM","Sadiqabad"
"269183","Saira Bibi","MR-5494","EMDS Call","Medical Emergency","Vomiting","2026/02/21 04:30:18 PM","Liaqatpur"
"269184","Farah Sadaqat","MR-5930","EMDS Call","Fire","Others","2026/02/21 04:29:21 PM","Liaqatpur"
"269185","Shaheen Islam","DR-1171","EMDS Call","Medical Emergency","Hypotension","2026/02/21 04:41:37 PM","Rahim Yar Khan"
"269186","Farah Sadaqat","MR-5930","EMDS Call","Medical Emergency","Diabetic","2026/02/21 04:51:15 PM","Sadiqabad"
"76492","Farah Sadaqat","MR-5930","Direct Call","Patient Transfer Service","N/A","2026/02/21 05:01:39 PM","Sadiqabad"
"269187","Shaheen Islam","DR-1171","Direct Call","Medical Emergency","Hypertension","2026/02/21 05:02:23 PM","Rahim Yar Khan"
"269188","Maheen Tahir","MR-6017","EMDS Call","Medical Emergency","Chest Pain","2026/02/21 05:03:26 PM","Khanpur"
"269189","Farah Sadaqat","MR-5930","EMDS Call","Medical Emergency","Hypertension","2026/02/21 05:06:55 PM","Rahim Yar Khan"
"269190","Farah Sadaqat","MR-5930","EMDS Call","Medical Emergency","Hypertension","2026/02/21 05:13:54 PM","Khanpur"
"76493","Maheen Tahir","MR-6017","Direct Call","Patient Transfer Service","N/A","2026/02/21 05:15:49 PM","Sadiqabad"
"269191","Saira Bibi","MR-5494","EMDS Call","Road Crash","Bleeding","2026/02/21 05:18:01 PM","Rahim Yar Khan"
"76494","Maheen Tahir","MR-6017","Direct Call","Patient Transfer Service","N/A","2026/02/21 05:18:26 PM","Khanpur"
"269192","Maheen Tahir","MR-6017","EMDS Call","Road Crash","Minor Injuries","2026/02/21 05:29:52 PM","Rahim Yar Khan"
"269193","Farah Sadaqat","MR-5930","EMDS Call","Fire","Others","2026/02/21 05:34:28 PM","Sadiqabad"
"269194","Saira Bibi","MR-5494","EMDS Call","Medical Emergency","Hypertension","2026/02/21 05:38:47 PM","Sadiqabad"
"269195","Saira Bibi","MR-5494","EMDS Call","Medical Emergency","Hypertension","2026/02/21 05:44:46 PM","Rahim Yar Khan"
"269196","Maheen Tahir","MR-6017","EMDS Call","Road Crash","Minor Injuries","2026/02/21 05:47:35 PM","Rahim Yar Khan"
"269197","Saira Bibi","MR-5494","EMDS Call","Road Crash","Bleeding","2026/02/21 05:50:54 PM","Khanpur"
"269197","Saira Bibi","MR-5494","EMDS Call","Road Crash","Bleeding","2026/02/21 05:50:54 PM","Khanpur"
"269198","Maheen Tahir","MR-6017","EMDS Call","Medical Emergency","CVA/Stroke","2026/02/21 06:12:15 PM","Liaqatpur"
"269199","Maheen Tahir","MR-6017","EMDS Call","Medical Emergency","High Fever","2026/02/21 06:30:50 PM","Rahim Yar Khan"
"269200","Maheen Tahir","MR-6017","EMDS Call","Medical Emergency","SOB/ Respiratory Distress","2026/02/21 06:36:11 PM","Rahim Yar Khan"
"269201","Saira Bibi","MR-5494","EMDS Call","Medical Emergency","Others","2026/02/21 06:47:38 PM","Rahim Yar Khan"
"269202","Farah Sadaqat","MR-5930","EMDS Call","Road Crash","Bleeding","2026/02/21 06:50:52 PM","Khanpur"
"269203","Maheen Tahir","MR-6017","EMDS Call","Medical Emergency","Vomiting","2026/02/21 06:52:00 PM","Sadiqabad"
"269204","Farah Sadaqat","MR-5930","EMDS Call","Medical Emergency","High Fever","2026/02/21 06:55:48 PM","Rahim Yar Khan"
"269205","Farah Sadaqat","MR-5930","EMDS Call","Medical Emergency","High Fever","2026/02/21 06:59:28 PM","Rahim Yar Khan"
"269206","Maheen Tahir","MR-6017","EMDS Call","Road Crash","Severe Trauma","2026/02/21 07:03:40 PM","Khanpur"
"269207","Farah Sadaqat","MR-5930","EMDS Call","Road Crash","Minor Injuries","2026/02/21 07:07:11 PM","Rahim Yar Khan"
"269207","Farah Sadaqat","MR-5930","EMDS Call","Road Crash","Minor Injuries","2026/02/21 07:07:11 PM","Rahim Yar Khan"
"269208","Saira Bibi","MR-5494","EMDS Call","Medical Emergency","Hypertension","2026/02/21 07:12:42 PM","Rahim Yar Khan"
"269209","Farah Sadaqat","MR-5930","EMDS Call","Medical Emergency","Others","2026/02/21 07:11:29 PM","Rahim Yar Khan"
"269210","Maheen Tahir","MR-6017","EMDS Call","Medical Emergency","Vomiting","2026/02/21 07:14:12 PM","Rahim Yar Khan"
"269211","Maheen Tahir","MR-6017","EMDS Call","Medical Emergency","Abdominal Pain","2026/02/21 07:17:41 PM","Liaqatpur"
"269212","Saira Bibi","MR-5494","EMDS Call","Road Crash","Bleeding","2026/02/21 07:18:15 PM","Sadiqabad"
"269213","Farah Sadaqat","MR-5930","EMDS Call","Road Crash","Bleeding","2026/02/21 07:18:13 PM","Rahim Yar Khan"
"76495","Saira Bibi","MR-5494","Direct Call","Patient Transfer Service","N/A","2026/02/21 07:23:01 PM","Khanpur"
"269214","Maheen Tahir","MR-6017","EMDS Call","Medical Emergency","Others","2026/02/21 07:24:18 PM","Sadiqabad"
"269215","Saira Bibi","MR-5494","EMDS Call","Road Crash","Minor Injuries","2026/02/21 07:26:10 PM","Rahim Yar Khan"
"Not Assigned","Saira Bibi","MR-5494","EMDS Call","Medical Emergency","Others","2026/02/21 07:29:03 PM","Sadiqabad"
"269216","Farah Sadaqat","MR-5930","EMDS Call","Medical Emergency","Others","2026/02/21 07:30:56 PM","Khanpur"
"269217","Farah Sadaqat","MR-5930","EMDS Call","Road Crash","Bleeding","2026/02/21 07:35:48 PM","Sadiqabad"
"269218","Saira Bibi","MR-5494","EMDS Call","Rescue Operations","Delivery Case","2026/02/21 07:40:09 PM","Khanpur"
"269219","Saira Bibi","MR-5494","EMDS Call","Road Crash","Bleeding","2026/02/21 07:44:36 PM","Rahim Yar Khan"
"269220","Farah Sadaqat","MR-5930","EMDS Call","Medical Emergency","Others","2026/02/21 07:44:33 PM","Sadiqabad"
"269223","Farah Sadaqat","MR-5930","EMDS Call","Medical Emergency","Abdominal Pain","2026/02/21 07:46:26 PM","Khanpur"
"269222","Saira Bibi","MR-5494","Direct Call","Medical Emergency","Abdominal Pain","2026/02/21 07:52:25 PM","Rahim Yar Khan"
"269221","Farah Sadaqat","MR-5930","EMDS Call","Medical Emergency","Vomiting","2026/02/21 07:50:55 PM","Rahim Yar Khan"
"269224","Maheen Tahir","MR-6017","EMDS Call","Road Crash","Minor Injuries","2026/02/21 08:00:57 PM","Rahim Yar Khan"
"269225","Maheen Tahir","MR-6017","EMDS Call","Medical Emergency","Others","2026/02/21 08:07:22 PM","Rahim Yar Khan"
"269226","Farah Sadaqat","MR-5930","EMDS Call","Medical Emergency","Vomiting","2026/02/21 08:07:49 PM","Rahim Yar Khan"
"269227","Farah Sadaqat","MR-5930","EMDS Call","Road Crash","Minor Injuries","2026/02/21 08:13:42 PM","Khanpur"
"269228","Maheen Tahir","MR-6017","EMDS Call","Medical Emergency","Vomiting","2026/02/21 08:14:35 PM","Sadiqabad"
"269229","Saira Bibi","MR-5494","EMDS Call","Rescue Operations","Delivery Case","2026/02/21 08:16:30 PM","Rahim Yar Khan"
"76496","Farah Sadaqat","MR-5930","Direct Call","Patient Transfer Service","N/A","2026/02/21 08:19:05 PM","Liaqatpur"
"76497","Shaheen Islam","DR-1171","Direct Call","Patient Transfer Service","N/A","2026/02/21 08:31:00 PM","Sadiqabad"
"269230","Muhammad Fiaz","DR-206","EMDS Call","Crime","Physical Assault/Violence","2026/02/21 08:34:45 PM","Rahim Yar Khan"
"269231","Shaheen Islam","DR-1171","EMDS Call","Road Crash","Multiple Fractures","2026/02/21 08:36:40 PM","Rahim Yar Khan"
"269232","Muhammad Fiaz","DR-206","EMDS Call","Rescue Operations","Delivery Case","2026/02/21 08:42:18 PM","Rahim Yar Khan"
"269233","Muhammad Fiaz","DR-206","EMDS Call","Medical Emergency","SOB/ Respiratory Distress","2026/02/21 08:46:37 PM","Rahim Yar Khan"
"269234","Nida Rahat","DR-1322","EMDS Call","Medical Emergency","Others","2026/02/21 09:01:43 PM","Rahim Yar Khan"
"269235","Nida Rahat","DR-1322","EMDS Call","Rescue Operations","Delivery Case","2026/02/21 09:06:17 PM","Rahim Yar Khan"
"76498","Nida Rahat","DR-1322","Direct Call","Patient Transfer Service","N/A","2026/02/21 09:11:00 PM","Liaqatpur"
"269238","Muhammad Zubair","DR-894","EMDS Call","Medical Emergency","Others","2026/02/21 09:11:04 PM","Rahim Yar Khan"
"269236","Muhammad Fiaz","DR-206","EMDS Call","Medical Emergency","SOB/ Respiratory Distress","2026/02/21 09:11:43 PM","Rahim Yar Khan"
"269237","Nida Rahat","DR-1322","EMDS Call","Road Crash","Bleeding","2026/02/21 09:12:22 PM","Rahim Yar Khan"
"269239","Muhammad Fiaz","DR-206","EMDS Call","Medical Emergency","Abdominal Pain","2026/02/21 09:12:56 PM","Liaqatpur"
"269240","Muhammad Zubair","DR-894","EMDS Call","Road Crash","Minor Injuries","2026/02/21 09:15:16 PM","Rahim Yar Khan"
"269242","Aasia Batool","MR-5198","EMDS Call","Crime","Probable Suicide","2026/02/21 09:25:56 PM","Rahim Yar Khan"
"269241","Nida Rahat","DR-1322","EMDS Call","Medical Emergency","Diabetic","2026/02/21 09:28:26 PM","Sadiqabad"
"269244","Muhammad Fiaz","DR-206","EMDS Call","Medical Emergency","Vomiting","2026/02/21 09:41:40 PM","Rahim Yar Khan"
"269243","Zahid Manzoor","DR-887","EMDS Call","Medical Emergency","SOB/ Respiratory Distress","2026/02/21 09:42:52 PM","Rahim Yar Khan"
"76499","Muhammad Fiaz","DR-206","Direct Call","Patient Transfer Service","N/A","2026/02/21 09:46:55 PM","Khanpur"
"269245","Zahid Manzoor","DR-887","EMDS Call","Medical Emergency","Others","2026/02/21 09:47:08 PM","Khanpur"
"76500","Muhammad Fiaz","DR-206","Direct Call","Patient Transfer Service","N/A","2026/02/21 09:48:49 PM","Khanpur"
"269246","Nida Rahat","DR-1322","EMDS Call","Medical Emergency","Abdominal Pain","2026/02/21 09:50:33 PM","Sadiqabad"
"269247","Zahid Manzoor","DR-887","EMDS Call","Medical Emergency","Unconscious","2026/02/21 09:52:16 PM","Khanpur"
"269248","Muhammad Fiaz","DR-206","EMDS Call","Medical Emergency","Hypertension","2026/02/21 09:50:28 PM","Liaqatpur"
"269249","Nida Rahat","DR-1322","EMDS Call","Road Crash","Minor Injuries","2026/02/21 09:54:23 PM","Rahim Yar Khan"
"269252","Nida Rahat","DR-1322","Direct Call","Rescue Operations","Delivery Case","2026/02/21 10:04:37 PM","Rahim Yar Khan"
"269250","Zahid Manzoor","DR-887","EMDS Call","Medical Emergency","SOB/ Respiratory Distress","2026/02/21 10:04:15 PM","Rahim Yar Khan"
"269251","Muhammad Fiaz","DR-206","EMDS Call","Road Crash","Multiple Fractures","2026/02/21 10:04:19 PM","Rahim Yar Khan"
"76501","Muhammad Fiaz","DR-206","Direct Call","Patient Transfer Service","N/A","2026/02/21 10:16:33 PM","Sadiqabad"
"269253","Nida Rahat","DR-1322","EMDS Call","Medical Emergency","Others","2026/02/21 10:16:10 PM","Rahim Yar Khan"
"269254","Nida Rahat","DR-1322","EMDS Call","Medical Emergency","Others","2026/02/21 10:45:34 PM","Sadiqabad"
"269255","Aasia Batool","MR-5198","EMDS Call","Road Crash","Minor Injuries","2026/02/21 10:48:46 PM","Rahim Yar Khan"
"269256","Nida Rahat","DR-1322","EMDS Call","Road Crash","Bleeding","2026/02/21 10:52:59 PM","Sadiqabad"
"269257","Zahid Manzoor","DR-887","EMDS Call","Medical Emergency","Abdominal Pain","2026/02/21 11:02:21 PM","Rahim Yar Khan"
"269258","Muhammad Fiaz","DR-206","EMDS Call","Road Crash","Minor Injuries","2026/02/21 11:03:10 PM","Sadiqabad"
"269259","Muhammad Fiaz","DR-206","Direct Call","Medical Emergency","Others","2026/02/21 11:05:24 PM","Rahim Yar Khan"
"269260","Nida Rahat","DR-1322","EMDS Call","Medical Emergency","Others","2026/02/21 11:08:49 PM","Rahim Yar Khan"
"269261","Zahid Manzoor","DR-887","EMDS Call","Medical Emergency","Others","2026/02/21 11:13:59 PM","Rahim Yar Khan"
"76502","Muhammad Fiaz","DR-206","Direct Call","Patient Transfer Service","N/A","2026/02/21 11:17:58 PM","Sadiqabad"
"269262","Muhammad Fiaz","DR-206","EMDS Call","Medical Emergency","Others","2026/02/21 11:24:43 PM","Rahim Yar Khan"
"269263","Muhammad Fiaz","DR-206","Direct Call","Medical Emergency","Others","2026/02/21 11:26:28 PM","Rahim Yar Khan"
"269264","Nida Rahat","DR-1322","EMDS Call","Medical Emergency","SOB/ Respiratory Distress","2026/02/21 11:27:00 PM","Khanpur"
"269265","Aasia Batool","MR-5198","EMDS Call","Medical Emergency","Vomiting","2026/02/21 11:28:29 PM","Rahim Yar Khan"
"269266","Nida Rahat","DR-1322","EMDS Call","Medical Emergency","Others","2026/02/21 11:36:07 PM","Rahim Yar Khan"
"269267","Muhammad Fiaz","DR-206","EMDS Call","Medical Emergency","SOB/ Respiratory Distress","2026/02/21 11:53:18 PM","Rahim Yar Khan"
"269268","Nida Rahat","DR-1322","EMDS Call","Medical Emergency","High Fever","2026/02/22 12:05:53 AM","Rahim Yar Khan"
"269269","Aasia Batool","MR-5198","EMDS Call","Medical Emergency","Others","2026/02/22 12:12:46 AM","Rahim Yar Khan"
"76503","Aasia Batool","MR-5198","Direct Call","Patient Transfer Service","N/A","2026/02/22 12:21:42 AM","Sadiqabad"
"269270","Muhammad Fiaz","DR-206","EMDS Call","Medical Emergency","SOB/ Respiratory Distress","2026/02/22 12:24:23 AM","Rahim Yar Khan"
"76504","Aasia Batool","MR-5198","Direct Call","Patient Transfer Service","N/A","2026/02/22 12:27:58 AM","Sadiqabad"
"269271","Nida Rahat","DR-1322","EMDS Call","Medical Emergency","SOB/ Respiratory Distress","2026/02/22 12:31:25 AM","Rahim Yar Khan"
"269272","Aasia Batool","MR-5198","EMDS Call","Medical Emergency","SOB/ Respiratory Distress","2026/02/22 12:57:00 AM","Rahim Yar Khan"
"269274","Nida Rahat","DR-1322","EMDS Call","Road Crash","Bleeding","2026/02/22 01:02:33 AM","Khanpur"
"269273","Muhammad Fiaz","DR-206","EMDS Call","Medical Emergency","Hypertension","2026/02/22 01:00:29 AM","Liaqatpur"
"269275","Muhammad Fiaz","DR-206","EMDS Call","Medical Emergency","Unconscious","2026/02/22 01:13:33 AM","Rahim Yar Khan"
"269276","Muhammad Fiaz","DR-206","EMDS Call","Medical Emergency","High Fever","2026/02/22 01:23:14 AM","Rahim Yar Khan"
"269277","Muhammad Fiaz","DR-206","EMDS Call","Medical Emergency","Others","2026/02/22 01:55:19 AM","Sadiqabad"
"269278","Nida Rahat","DR-1322","EMDS Call","Medical Emergency","Renal Disorders / Renal Colic ","2026/02/22 02:03:50 AM","Rahim Yar Khan"
"269279","Muhammad Fiaz","DR-206","EMDS Call","Medical Emergency","Chest Pain","2026/02/22 02:11:09 AM","Sadiqabad"
"269280","Aasia Batool","MR-5198","EMDS Call","Medical Emergency","Vomiting","2026/02/22 02:18:54 AM","Rahim Yar Khan"
"269281","Nida Rahat","DR-1322","EMDS Call","Medical Emergency","High Fever","2026/02/22 02:40:25 AM","Rahim Yar Khan"
"76505","Nida Rahat","DR-1322","Direct Call","Patient Transfer Service","N/A","2026/02/22 02:56:12 AM","Sadiqabad"
"269282","Muhammad Fiaz","DR-206","EMDS Call","Medical Emergency","Chest Pain","2026/02/22 03:14:59 AM","Sadiqabad"
"269283","Sheeza Barkat","MR-5331","EMDS Call","Medical Emergency","Abdominal Pain","2026/02/22 03:36:36 AM","Rahim Yar Khan"
"76506","Sheeza Barkat","MR-5331","Direct Call","Patient Transfer Service","N/A","2026/02/22 04:00:26 AM","Liaqatpur"
"269284","Zahid Manzoor","DR-887","EMDS Call","Medical Emergency","High Fever","2026/02/22 04:15:32 AM","Rahim Yar Khan"
"269286","Sheeza Barkat","MR-5331","EMDS Call","Medical Emergency","High Fever","2026/02/22 04:21:52 AM","Sadiqabad"
"269285","Muhammad Abid","DR-874","EMDS Call","Medical Emergency","Hypertension","2026/02/22 04:23:59 AM","Rahim Yar Khan"
"269287","Zahid Manzoor","DR-887","EMDS Call","Medical Emergency","Others","2026/02/22 04:30:56 AM","Rahim Yar Khan"
"269288","Muhammad Zubair","DR-894","Direct Call","Medical Emergency","Others","2026/02/22 04:35:44 AM","Liaqatpur"
"269289","Zahid Manzoor","DR-887","EMDS Call","Medical Emergency","Abdominal Pain","2026/02/22 04:38:28 AM","Rahim Yar Khan"
"269290","Zahid Manzoor","DR-887","EMDS Call","Medical Emergency","Hypertension","2026/02/22 04:46:18 AM","Liaqatpur"
"269291","Zahid Manzoor","DR-887","EMDS Call","Medical Emergency","High Fever","2026/02/22 05:14:33 AM","Rahim Yar Khan"
"269292","Muhammad Zubair","DR-894","EMDS Call","Medical Emergency","Unconscious","2026/02/22 05:36:29 AM","Khanpur"
"269293","Sheeza Barkat","MR-5331","EMDS Call","Medical Emergency","SOB/ Respiratory Distress","2026/02/22 05:43:56 AM","Rahim Yar Khan"
"269294","Muhammad Zubair","DR-894","EMDS Call","Medical Emergency","Others","2026/02/22 05:46:38 AM","Liaqatpur"
"269295","Muhammad Zubair","DR-894","EMDS Call","Road Crash","Minor Injuries","2026/02/22 06:01:19 AM","Rahim Yar Khan"
"269296","Sheeza Barkat","MR-5331","EMDS Call","Medical Emergency","Others","2026/02/22 06:29:02 AM","Khanpur"
"76507","Sheeza Barkat","MR-5331","Direct Call","Patient Transfer Service","N/A","2026/02/22 06:31:43 AM","Rahim Yar Khan"
"269297","Muhammad Zubair","DR-894","EMDS Call","Medical Emergency","Others","2026/02/22 06:34:09 AM","Rahim Yar Khan"
"269298","Zahid Manzoor","DR-887","EMDS Call","Medical Emergency","Vomiting","2026/02/22 06:35:54 AM","Rahim Yar Khan"
"269299","Fahad Hussain","DR-538","Direct Call","Medical Emergency","Others","2026/02/22 06:51:38 AM","Rahim Yar Khan"
"269300","Zahid Manzoor","DR-887","EMDS Call","Medical Emergency","Vomiting","2026/02/22 07:04:52 AM","Rahim Yar Khan"
"269301","Muhammad Zubair","DR-894","EMDS Call","Medical Emergency","Unconscious","2026/02/22 07:12:04 AM","Sadiqabad"
"76508","Sheeza Barkat","MR-5331","Direct Call","Patient Transfer Service","N/A","2026/02/22 07:15:12 AM","Sadiqabad"
"269302","Muhammad Zubair","DR-894","EMDS Call","Medical Emergency","High Fever","2026/02/22 07:20:23 AM","Rahim Yar Khan"
"269303","Muhammad Zubair","DR-894","EMDS Call","Medical Emergency","Abdominal Pain","2026/02/22 07:30:50 AM","Rahim Yar Khan"
"269304","Zupasha Zia","MR-5758","EMDS Call","Road Crash","Minor Injuries","2026/02/22 08:02:58 AM","Sadiqabad"
"269306","Maheen Tahir","MR-6017","EMDS Call","Medical Emergency","Hypertension","2026/02/22 08:07:35 AM","Rahim Yar Khan"
"269305","Rana M. Usman","DR-200","911 Call","Rescue Operations","Mass Event Coverage","2026/02/22 08:08:33 AM","Rahim Yar Khan"
"269307","Muhammad Fiaz","DR-206","EMDS Call","Medical Emergency","SOB/ Respiratory Distress","2026/02/22 08:09:51 AM","Liaqatpur"
"76509","Zupasha Zia","MR-5758","Direct Call","Patient Transfer Service","N/A","2026/02/22 08:13:00 AM","Liaqatpur"
"269308","Muhammad Fiaz","DR-206","EMDS Call","Medical Emergency","Vomiting","2026/02/22 08:22:48 AM","Rahim Yar Khan"
"269309","Maheen Tahir","MR-6017","EMDS Call","Road Crash","Bleeding","2026/02/22 08:29:48 AM","Sadiqabad"
"269310","Zupasha Zia","MR-5758","EMDS Call","Rescue Operations","Animal/Bird Rescue","2026/02/22 08:44:23 AM","Khanpur"
"269311","Maheen Tahir","MR-6017","EMDS Call","Medical Emergency","Others","2026/02/22 08:50:44 AM","Rahim Yar Khan"
"269313","Muhammad Fiaz","DR-206","EMDS Call","Medical Emergency","Vomiting","2026/02/22 09:02:04 AM","Sadiqabad"
"269312","Maheen Tahir","MR-6017","EMDS Call","Medical Emergency","Others","2026/02/22 09:01:47 AM","Rahim Yar Khan"
"269314","Zupasha Zia","MR-5758","EMDS Call","Medical Emergency","SOB/ Respiratory Distress","2026/02/22 09:03:32 AM","Sadiqabad"
"269315","Muhammad Fiaz","DR-206","EMDS Call","Medical Emergency","CVA/Stroke","2026/02/22 09:09:05 AM","Rahim Yar Khan"
"269316","Maheen Tahir","MR-6017","EMDS Call","Medical Emergency","Diabetic","2026/02/22 09:10:06 AM","Sadiqabad"
"269317","Muhammad Fiaz","DR-206","EMDS Call","Medical Emergency","Domestic Injuries","2026/02/22 09:18:17 AM","Liaqatpur"
"269318","Zupasha Zia","MR-5758","EMDS Call","Medical Emergency","Others","2026/02/22 09:26:49 AM","Rahim Yar Khan"
"76510","Muhammad Fiaz","DR-206","Direct Call","Patient Transfer Service","N/A","2026/02/22 09:41:09 AM","Sadiqabad"
"269319","Maheen Tahir","MR-6017","EMDS Call","Rescue Operations","Delivery Case","2026/02/22 10:00:32 AM","Sadiqabad"
"269320","Zupasha Zia","MR-5758","EMDS Call","Medical Emergency","Others","2026/02/22 10:08:45 AM","Sadiqabad"
"269321","Muhammad Fiaz","DR-206","EMDS Call","Fire","Short Circuit","2026/02/22 10:11:37 AM","Sadiqabad"
"269322","Zupasha Zia","MR-5758","EMDS Call","Road Crash","Minor Injuries","2026/02/22 10:13:07 AM","Khanpur"
"76511","Maheen Tahir","MR-6017","Direct Call","Patient Transfer Service","N/A","2026/02/22 10:21:18 AM","Liaqatpur"
"269323","Zupasha Zia","MR-5758","EMDS Call","Rescue Operations","Electric Shock","2026/02/22 10:28:52 AM","Rahim Yar Khan"
"269324","Muhammad Fiaz","DR-206","EMDS Call","Medical Emergency","Hypertension","2026/02/22 10:46:02 AM","Rahim Yar Khan"
"269325","Zupasha Zia","MR-5758","EMDS Call","Medical Emergency","Unconscious","2026/02/22 10:51:03 AM","Liaqatpur"
"269326","Maheen Tahir","MR-6017","EMDS Call","Medical Emergency","Hypertension","2026/02/22 10:53:10 AM","Rahim Yar Khan"
"269327","Muhammad Fiaz","DR-206","EMDS Call","Medical Emergency","Diabetic","2026/02/22 11:00:31 AM","Sadiqabad"
"269328","Muhammad Fiaz","DR-206","EMDS Call","Medical Emergency","High Fever","2026/02/22 11:08:33 AM","Sadiqabad"
"269329","Maheen Tahir","MR-6017","EMDS Call","Road Crash","Bleeding","2026/02/22 11:10:45 AM","Khanpur"
"269330","Muhammad Fiaz","DR-206","EMDS Call","Road Crash","Bleeding","2026/02/22 11:20:23 AM","Rahim Yar Khan"
"269330","Muhammad Fiaz","DR-206","EMDS Call","Road Crash","Bleeding","2026/02/22 11:20:23 AM","Rahim Yar Khan"
"76512","Maheen Tahir","MR-6017","Direct Call","Patient Transfer Service","N/A","2026/02/22 11:26:58 AM","Khanpur"
"269331","Zupasha Zia","MR-5758","EMDS Call","Road Crash","Multiple Fractures","2026/02/22 11:36:24 AM","Khanpur"
"269332","Maheen Tahir","MR-6017","EMDS Call","Rescue Operations","Delivery Case","2026/02/22 11:37:36 AM","Rahim Yar Khan"
"269333","Muhammad Fiaz","DR-206","EMDS Call","Medical Emergency","Chronic Illness","2026/02/22 11:52:07 AM","Rahim Yar Khan"
"269334","Zupasha Zia","MR-5758","EMDS Call","Medical Emergency","Others","2026/02/22 11:56:05 AM","Sadiqabad"
"269336","Zupasha Zia","MR-5758","EMDS Call","Medical Emergency","Others","2026/02/22 12:02:50 PM","Sadiqabad"
"269335","Muhammad Fiaz","DR-206","EMDS Call","Fire","Others","2026/02/22 12:03:42 PM","Liaqatpur"
"269337","Muhammad Fiaz","DR-206","EMDS Call","Road Crash","Bleeding","2026/02/22 12:15:31 PM","Rahim Yar Khan"
"269338","Zupasha Zia","MR-5758","EMDS Call","Medical Emergency","Chest Pain","2026/02/22 12:17:00 PM","Rahim Yar Khan"
"76513","Rana M. Usman","DR-200","Direct Call","Patient Transfer Service","N/A","2026/02/22 12:18:37 PM","Khanpur"
"76514","Zupasha Zia","MR-5758","Direct Call","Patient Transfer Service","N/A","2026/02/22 12:25:10 PM","Sadiqabad"
"269339","Rana M. Usman","DR-200","EMDS Call","Medical Emergency","Hypertension","2026/02/22 12:31:05 PM","Liaqatpur"
"269340","Muhammad Riaz","DR-654","EMDS Call","Medical Emergency","Domestic Injuries","2026/02/22 12:39:51 PM","Khanpur"
"269341","Muhammad Riaz","DR-654","EMDS Call","Medical Emergency","Diarrhea","2026/02/22 12:54:46 PM","Sadiqabad"
"269342","Rana M. Usman","DR-200","EMDS Call","Medical Emergency","Others","2026/02/22 12:59:45 PM","Rahim Yar Khan"
"76515","Zupasha Zia","MR-5758","Direct Call","Patient Transfer Service","N/A","2026/02/22 01:01:58 PM","Sadiqabad"
"269343","Muhammad Riaz","DR-654","EMDS Call","Medical Emergency","Others","2026/02/22 01:01:47 PM","Rahim Yar Khan"
"76516","Rana M. Usman","DR-200","Direct Call","Patient Transfer Service","N/A","2026/02/22 01:08:52 PM","Sadiqabad"
"269344","Muhammad Fiaz","DR-206","EMDS Call","Fire","Others","2026/02/22 01:16:34 PM","Khanpur"
"269345","Muhammad Fiaz","DR-206","EMDS Call","Road Crash","Bleeding","2026/02/22 01:25:25 PM","Sadiqabad"
"269346","Muhammad Riaz","DR-654","EMDS Call","Medical Emergency","SOB/ Respiratory Distress","2026/02/22 01:29:03 PM","Khanpur"
"269347","Zupasha Zia","MR-5758","EMDS Call","Medical Emergency","Vomiting","2026/02/22 01:30:17 PM","Khanpur"
"269348","Muhammad Riaz","DR-654","EMDS Call","Road Crash","Minor Injuries","2026/02/22 01:32:21 PM","Rahim Yar Khan"
"269348","Muhammad Riaz","DR-654","EMDS Call","Road Crash","Minor Injuries","2026/02/22 01:32:21 PM","Rahim Yar Khan"
"269349","Zupasha Zia","MR-5758","EMDS Call","Medical Emergency","Abdominal Pain","2026/02/22 01:40:57 PM","Rahim Yar Khan"
"269350","Muhammad Riaz","DR-654","EMDS Call","Medical Emergency","Abdominal Pain","2026/02/22 01:42:56 PM","Sadiqabad"
"269351","Muhammad Riaz","DR-654","EMDS Call","Road Crash","Bleeding","2026/02/22 01:50:43 PM","Rahim Yar Khan"
"269351","Muhammad Riaz","DR-654","EMDS Call","Road Crash","Bleeding","2026/02/22 01:50:43 PM","Rahim Yar Khan"
"269352","Muhammad Fiaz","DR-206","EMDS Call","Medical Emergency","Domestic Injuries","2026/02/22 01:52:01 PM","Rahim Yar Khan"
"269353","Muhammad Riaz","DR-654","EMDS Call","Medical Emergency","Others","2026/02/22 01:52:54 PM","Rahim Yar Khan"
"269354","Zupasha Zia","MR-5758","EMDS Call","Medical Emergency","Hypertension","2026/02/22 01:54:26 PM","Rahim Yar Khan"
"269355","Bushra Saleem","MR-5701","EMDS Call","Medical Emergency","High Fever","2026/02/22 01:55:55 PM","Rahim Yar Khan"
"269356","Muhammad Riaz","DR-654","EMDS Call","Medical Emergency","Abdominal Pain","2026/02/22 01:58:44 PM","Liaqatpur"
"269357","Bushra Saleem","MR-5701","EMDS Call","Medical Emergency","Vomiting","2026/02/22 01:59:51 PM","Liaqatpur"
"269358","Zupasha Zia","MR-5758","EMDS Call","Road Crash","Multiple Fractures","2026/02/22 02:01:50 PM","Sadiqabad"
"269359","Saqib Nasim","DR-197","EMDS Call","Road Crash","Multiple Fractures","2026/02/22 02:12:26 PM","Rahim Yar Khan"
"269360","Saqib Nasim","DR-197","EMDS Call","Medical Emergency","Hypertension","2026/02/22 02:23:52 PM","Rahim Yar Khan"
"269361","Farah Sadaqat","MR-5930","EMDS Call","Medical Emergency","SOB/ Respiratory Distress","2026/02/22 02:33:54 PM","Sadiqabad"
"269362","Farah Sadaqat","MR-5930","EMDS Call","Medical Emergency","CVA/Stroke","2026/02/22 02:51:00 PM","Khanpur"
"269363","Bushra Saleem","MR-5701","EMDS Call","Medical Emergency","Others","2026/02/22 02:50:33 PM","Rahim Yar Khan"
"269364","Bushra Saleem","MR-5701","EMDS Call","Fire","Others","2026/02/22 02:54:04 PM","Khanpur"
"269365","Saqib Nasim","DR-197","EMDS Call","Medical Emergency","Others","2026/02/22 02:55:58 PM","Rahim Yar Khan"
"269366","Farah Sadaqat","MR-5930","EMDS Call","Medical Emergency","Others","2026/02/22 02:55:48 PM","Rahim Yar Khan"
"269367","Saqib Nasim","DR-197","EMDS Call","Medical Emergency","High Fever","2026/02/22 03:06:10 PM","Rahim Yar Khan"
"76517","Farah Sadaqat","MR-5930","Direct Call","Patient Transfer Service","N/A","2026/02/22 03:10:09 PM","Sadiqabad"
"269368","Saqib Nasim","DR-197","EMDS Call","Medical Emergency","Vomiting","2026/02/22 03:09:34 PM","Rahim Yar Khan"
"76518","Farah Sadaqat","MR-5930","Direct Call","Patient Transfer Service","N/A","2026/02/22 03:12:00 PM","Sadiqabad"
"269369","Farah Sadaqat","MR-5930","Direct Call","Rescue Operations","Delivery Case","2026/02/22 03:12:50 PM","Khanpur"
"269370","Bushra Saleem","MR-5701","EMDS Call","Medical Emergency","Hypertension","2026/02/22 03:14:27 PM","Rahim Yar Khan"
"269371","Bushra Saleem","MR-5701","EMDS Call","Medical Emergency","SOB/ Respiratory Distress","2026/02/22 03:19:49 PM","Rahim Yar Khan"
"269372","Farah Sadaqat","MR-5930","EMDS Call","Road Crash","Minor Injuries","2026/02/22 03:26:13 PM","Rahim Yar Khan"
"269373","Saqib Nasim","DR-197","EMDS Call","Road Crash","Minor Injuries","2026/02/22 03:40:56 PM","Rahim Yar Khan"
"269374","Farah Sadaqat","MR-5930","EMDS Call","Medical Emergency","SOB/ Respiratory Distress","2026/02/22 03:54:45 PM","Liaqatpur"
"76519","Saqib Nasim","DR-197","Direct Call","Patient Transfer Service","N/A","2026/02/22 03:59:27 PM","Sadiqabad"
"269375","Saqib Nasim","DR-197","EMDS Call","Medical Emergency","SOB/ Respiratory Distress","2026/02/22 04:04:40 PM","Sadiqabad"
"269376","Farah Sadaqat","MR-5930","Direct Call","Medical Emergency","Diabetic","2026/02/22 04:08:02 PM","Rahim Yar Khan"
"269377","Saqib Nasim","DR-197","EMDS Call","Road Crash","Minor Injuries","2026/02/22 04:10:14 PM","Sadiqabad"
"269378","Saqib Nasim","DR-197","EMDS Call","Medical Emergency","High Fever","2026/02/22 04:13:12 PM","Khanpur"
"76520","Saqib Nasim","DR-197","Direct Call","Patient Transfer Service","N/A","2026/02/22 04:17:30 PM","Khanpur"
"269379","Bushra Saleem","MR-5701","EMDS Call","Road Crash","Multiple Fractures","2026/02/22 04:18:40 PM","Rahim Yar Khan"
"269380","Bushra Saleem","MR-5701","EMDS Call","Road Crash","Bleeding","2026/02/22 04:22:50 PM","Rahim Yar Khan"
"269381","Farah Sadaqat","MR-5930","EMDS Call","Medical Emergency","Others","2026/02/22 04:33:13 PM","Rahim Yar Khan"
"269382","Bushra Saleem","MR-5701","EMDS Call","Road Crash","Bleeding","2026/02/22 04:35:54 PM","Khanpur"
"269383","Saqib Nasim","DR-197","EMDS Call","Medical Emergency","Others","2026/02/22 04:40:34 PM","Rahim Yar Khan"
"Not Assigned","Saqib Nasim","DR-197","EMDS Call","Fire","Others","2026/02/22 04:49:38 PM","Liaqatpur"
"269385","Faiz Muhyy Ul Din","DR-892","EMDS Call","Road Crash","Severe Trauma","2026/02/22 04:57:50 PM","Liaqatpur"
"269386","Saira Bibi","MR-5494","EMDS Call","Medical Emergency","Unconscious","2026/02/22 05:03:17 PM","Rahim Yar Khan"
"Not Assigned","Faiz Muhyy Ul Din","DR-892","EMDS Call","Medical Emergency","Others","2026/02/22 05:11:54 PM","Rahim Yar Khan"
"76521","Faiz Muhyy Ul Din","DR-892","Direct Call","Patient Transfer Service","N/A","2026/02/22 05:17:15 PM","Sadiqabad"
"269388","Bushra Saleem","MR-5701","EMDS Call","Road Crash","Bleeding","2026/02/22 05:16:44 PM","Sadiqabad"
"76522","Farah Sadaqat","MR-5930","Direct Call","Patient Transfer Service","N/A","2026/02/22 05:25:33 PM","Sadiqabad"
"269389","Faiz Muhyy Ul Din","DR-892","EMDS Call","Medical Emergency","SOB/ Respiratory Distress","2026/02/22 05:24:14 PM","Khanpur"
"269390","Bushra Saleem","MR-5701","EMDS Call","Road Crash","Bleeding","2026/02/22 05:24:10 PM","Rahim Yar Khan"
"269391","Farah Sadaqat","MR-5930","EMDS Call","Medical Emergency","Vomiting","2026/02/22 05:27:16 PM","Rahim Yar Khan"
"269392","Faiz Muhyy Ul Din","DR-892","EMDS Call","Rescue Operations","Delivery Case","2026/02/22 05:33:37 PM","Sadiqabad"
"269393","Bushra Saleem","MR-5701","EMDS Call","Rescue Operations","Electric Shock","2026/02/22 05:32:47 PM","Sadiqabad"
"269394","Bushra Saleem","MR-5701","EMDS Call","Medical Emergency","Chest Pain","2026/02/22 05:44:05 PM","Rahim Yar Khan"
"269396","Farah Sadaqat","MR-5930","EMDS Call","Crime","Bullet Injury","2026/02/22 05:49:12 PM","Sadiqabad"
"269396","Farah Sadaqat","MR-5930","EMDS Call","Crime","Bullet Injury","2026/02/22 05:49:12 PM","Sadiqabad"
"269396","Farah Sadaqat","MR-5930","EMDS Call","Crime","Bullet Injury","2026/02/22 05:49:12 PM","Sadiqabad"
"269395","Faiz Muhyy Ul Din","DR-892","EMDS Call","Road Crash","Severe Trauma","2026/02/22 05:49:58 PM","Sadiqabad"
"269395","Faiz Muhyy Ul Din","DR-892","EMDS Call","Road Crash","Severe Trauma","2026/02/22 05:49:58 PM","Sadiqabad"
"269395","Faiz Muhyy Ul Din","DR-892","EMDS Call","Road Crash","Severe Trauma","2026/02/22 05:49:58 PM","Sadiqabad"
"269398","Farah Sadaqat","MR-5930","EMDS Call","Medical Emergency","CVA/Stroke","2026/02/22 05:52:32 PM","Khanpur"
"269397","Bushra Saleem","MR-5701","EMDS Call","Medical Emergency","Vomiting","2026/02/22 05:51:50 PM","Sadiqabad"
"269399","Bushra Saleem","MR-5701","EMDS Call","Crime","Physical Assault/Violence","2026/02/22 06:00:37 PM","Rahim Yar Khan"
"269400","Faiz Muhyy Ul Din","DR-892","EMDS Call","Medical Emergency","Vomiting","2026/02/22 06:16:18 PM","Rahim Yar Khan"
"269401","Farah Sadaqat","MR-5930","EMDS Call","Road Crash","Minor Injuries","2026/02/22 06:16:41 PM","Rahim Yar Khan"
"269402","Farah Sadaqat","MR-5930","EMDS Call","Crime","Physical Assault/Violence","2026/02/22 06:35:41 PM","Sadiqabad"
"269403","Farah Sadaqat","MR-5930","EMDS Call","Medical Emergency","Others","2026/02/22 06:50:27 PM","Rahim Yar Khan"
"269404","Bushra Saleem","MR-5701","EMDS Call","Medical Emergency","Hypertension","2026/02/22 06:53:08 PM","Rahim Yar Khan"
"76523","Farah Sadaqat","MR-5930","Direct Call","Patient Transfer Service","N/A","2026/02/22 06:56:26 PM","Khanpur"
"269405","Bushra Saleem","MR-5701","EMDS Call","Medical Emergency","Domestic Injuries","2026/02/22 06:57:49 PM","Sadiqabad"
"76524","Farah Sadaqat","MR-5930","Direct Call","Patient Transfer Service","N/A","2026/02/22 07:00:10 PM","Khanpur"
"269406","Shaheen Islam","DR-1171","EMDS Call","Medical Emergency","Chest Pain","2026/02/22 06:59:43 PM","Khanpur"
"269408","Farah Sadaqat","MR-5930","EMDS Call","Medical Emergency","Diabetic","2026/02/22 07:00:21 PM","Rahim Yar Khan"
"269407","Bushra Saleem","MR-5701","EMDS Call","Road Crash","Bleeding","2026/02/22 07:00:57 PM","Rahim Yar Khan"
"269407","Bushra Saleem","MR-5701","EMDS Call","Road Crash","Bleeding","2026/02/22 07:00:57 PM","Rahim Yar Khan"
"269409","Bushra Saleem","MR-5701","EMDS Call","Medical Emergency","Cardiac Arrest","2026/02/22 07:07:54 PM","Khanpur"
"269411","Farah Sadaqat","MR-5930","EMDS Call","Road Crash","Minor Injuries","2026/02/22 07:09:52 PM","Rahim Yar Khan"
"269410","Shaheen Islam","DR-1171","EMDS Call","Medical Emergency","High Fever","2026/02/22 07:11:27 PM","Rahim Yar Khan"
"269412","Bushra Saleem","MR-5701","EMDS Call","Road Crash","Bleeding","2026/02/22 07:12:10 PM","Liaqatpur"
"269412","Bushra Saleem","MR-5701","EMDS Call","Road Crash","Bleeding","2026/02/22 07:12:10 PM","Liaqatpur"
"269412","Bushra Saleem","MR-5701","EMDS Call","Road Crash","Bleeding","2026/02/22 07:12:10 PM","Liaqatpur"
"269413","Bushra Saleem","MR-5701","EMDS Call","Medical Emergency","Abdominal Pain","2026/02/22 07:20:48 PM","Sadiqabad"
"76525","Shaheen Islam","DR-1171","Direct Call","Patient Transfer Service","N/A","2026/02/22 07:28:27 PM","Sadiqabad"
"269414","Bushra Saleem","MR-5701","EMDS Call","Fire","Others","2026/02/22 07:27:40 PM","Rahim Yar Khan"
"269415","Shaheen Islam","DR-1171","EMDS Call","Medical Emergency","Others","2026/02/22 07:29:15 PM","Khanpur"
"269416","Bushra Saleem","MR-5701","EMDS Call","Fire","Others","2026/02/22 07:51:42 PM","Rahim Yar Khan"
"269417","Bushra Saleem","MR-5701","EMDS Call","Medical Emergency","Vomiting","2026/02/22 07:57:44 PM","Rahim Yar Khan"
"269418","Farah Sadaqat","MR-5930","EMDS Call","Road Crash","Bleeding","2026/02/22 08:04:52 PM","Khanpur"
"76526","Shaheen Islam","DR-1171","Direct Call","Patient Transfer Service","N/A","2026/02/22 08:06:46 PM","Liaqatpur"
"269419","Shaheen Islam","DR-1171","EMDS Call","Medical Emergency","Chronic Illness","2026/02/22 08:06:44 PM","Sadiqabad"
"269420","Farah Sadaqat","MR-5930","EMDS Call","Rescue Operations","Snake Emergency","2026/02/22 08:12:46 PM","Liaqatpur"
"269421","Farah Sadaqat","MR-5930","EMDS Call","Medical Emergency","Others","2026/02/22 08:23:36 PM","Khanpur"
"269422","Bushra Saleem","MR-5701","EMDS Call","Medical Emergency","Renal Disorders / Renal Colic ","2026/02/22 08:26:02 PM","Rahim Yar Khan"
"269423","Shaheen Islam","DR-1171","EMDS Call","Medical Emergency","Hypotension","2026/02/22 08:28:51 PM","Liaqatpur"
"269424","Bushra Saleem","MR-5701","EMDS Call","Medical Emergency","Others","2026/02/22 08:29:59 PM","Rahim Yar Khan"
"269427","Shaheen Islam","DR-1171","EMDS Call","Medical Emergency","Others","2026/02/22 08:31:17 PM","Rahim Yar Khan"
"269425","Farah Sadaqat","MR-5930","EMDS Call","Medical Emergency","High Fever","2026/02/22 08:32:21 PM","Rahim Yar Khan"
"269426","Shaheen Islam","DR-1171","Direct Call","Medical Emergency","Hypertension","2026/02/22 08:34:49 PM","Rahim Yar Khan"
"269428","Shaheen Islam","DR-1171","EMDS Call","Rescue Operations","Delivery Case","2026/02/22 08:36:47 PM","Sadiqabad"
"269429","Farah Sadaqat","MR-5930","EMDS Call","Rescue Operations","Delivery Case","2026/02/22 08:37:45 PM","Khanpur"
"76527","Sheeza Barkat","MR-5331","Direct Call","Patient Transfer Service","N/A","2026/02/22 08:52:13 PM","Khanpur"
"269430","Farah Sadaqat","MR-5930","EMDS Call","Medical Emergency","Chronic Illness","2026/02/22 08:56:33 PM","Rahim Yar Khan"
"269431","Sheeza Barkat","MR-5331","EMDS Call","Medical Emergency","Hypertension","2026/02/22 08:58:04 PM","Khanpur"
"269432","Saima Bashir","MR-5819","EMDS Call","Medical Emergency","Others","2026/02/22 09:00:44 PM","Rahim Yar Khan"
"269433","Farah Sadaqat","MR-5930","EMDS Call","Medical Emergency","Hypertension","2026/02/22 09:03:42 PM","Rahim Yar Khan"
"269434","Muhammad Tariq Hameed","DR-885","EMDS Call","Medical Emergency","Hypertension","2026/02/22 09:07:47 PM","Liaqatpur"
"269435","Saima Bashir","MR-5819","EMDS Call","Medical Emergency","Diabetic","2026/02/22 09:08:59 PM","Sadiqabad"
"269436","Sheeza Barkat","MR-5331","EMDS Call","Medical Emergency","Others","2026/02/22 09:13:56 PM","Liaqatpur"
"269437","Muhammad Tariq Hameed","DR-885","EMDS Call","Road Crash","Minor Injuries","2026/02/22 09:15:37 PM","Khanpur"
"269438","Saima Bashir","MR-5819","EMDS Call","Medical Emergency","Abdominal Pain","2026/02/22 09:22:51 PM","Sadiqabad"
"269439","Muhammad Zubair","DR-894","EMDS Call","Medical Emergency","Diabetic","2026/02/22 09:29:45 PM","Rahim Yar Khan"
"269440","Sheeza Barkat","MR-5331","EMDS Call","Medical Emergency","Others","2026/02/22 09:36:20 PM","Rahim Yar Khan"
"269442","Muhammad Tariq Hameed","DR-885","EMDS Call","Medical Emergency","Others","2026/02/22 09:44:22 PM","Rahim Yar Khan"
"269441","Sheeza Barkat","MR-5331","EMDS Call","Medical Emergency","Abdominal Pain","2026/02/22 09:52:06 PM","Khanpur"
"76528","Saima Bashir","MR-5819","Direct Call","Patient Transfer Service","N/A","2026/02/22 09:59:42 PM","Sadiqabad"
"76529","Sheeza Barkat","MR-5331","Direct Call","Patient Transfer Service","N/A","2026/02/22 10:30:25 PM","Liaqatpur"
"269443","Muhammad Zubair","DR-894","EMDS Call","Medical Emergency","Abdominal Pain","2026/02/22 10:30:44 PM","Rahim Yar Khan"
"269444","Saima Bashir","MR-5819","EMDS Call","Medical Emergency","Others","2026/02/22 10:31:46 PM","Rahim Yar Khan"
"269445","Saima Bashir","MR-5819","Direct Call","Medical Emergency","Chest Pain","2026/02/22 10:38:42 PM","Rahim Yar Khan"
"269446","Sajid Mehmood","DR-914","EMDS Call","Medical Emergency","Others","2026/02/22 10:39:25 PM","Rahim Yar Khan"
"269447","Sajid Mehmood","DR-914","EMDS Call","Medical Emergency","Others","2026/02/22 10:44:53 PM","Sadiqabad"
"269448","Saima Bashir","MR-5819","EMDS Call","Medical Emergency","Others","2026/02/22 10:47:18 PM","Sadiqabad"
"76530","Sajid Mehmood","DR-914","Direct Call","Patient Transfer Service","N/A","2026/02/22 10:53:21 PM","Khanpur"
"269449","Sajid Mehmood","DR-914","Direct Call","Medical Emergency","SOB/ Respiratory Distress","2026/02/22 10:58:34 PM","Khanpur"
"76531","Sajid Mehmood","DR-914","Direct Call","Patient Transfer Service","N/A","2026/02/22 11:00:45 PM","Khanpur"
"269450","Sajid Mehmood","DR-914","EMDS Call","Rescue Operations","Delivery Case","2026/02/22 11:18:34 PM","Rahim Yar Khan"
"269451","Sajid Mehmood","DR-914","EMDS Call","Medical Emergency","Diabetic","2026/02/22 11:15:14 PM","Rahim Yar Khan"
"269452","Sajid Mehmood","DR-914","EMDS Call","Medical Emergency","SOB/ Respiratory Distress","2026/02/22 11:30:20 PM","Liaqatpur"
"269453","Aasia Batool","MR-5198","EMDS Call","Medical Emergency","Vomiting","2026/02/22 11:48:35 PM","Rahim Yar Khan"
"269454","Sajid Mehmood","DR-914","EMDS Call","Medical Emergency","Hypertension","2026/02/22 11:50:11 PM","Khanpur"
"269455","Saima Bashir","MR-5819","EMDS Call","Medical Emergency","Renal Disorders / Renal Colic ","2026/02/22 11:50:36 PM","Rahim Yar Khan"
"76532","Saima Bashir","MR-5819","Direct Call","Patient Transfer Service","N/A","2026/02/22 11:53:59 PM","Sadiqabad"
"76533","Saima Bashir","MR-5819","Direct Call","Patient Transfer Service","N/A","2026/02/23 12:03:31 AM","Sadiqabad"
"76534","Sajid Mehmood","DR-914","Direct Call","Patient Transfer Service","N/A","2026/02/23 12:05:31 AM","Khanpur"
"269456","Aasia Batool","MR-5198","EMDS Call","Medical Emergency","High Fever","2026/02/23 12:18:11 AM","Khanpur"
"269457","Aasia Batool","MR-5198","EMDS Call","Fire","Short Circuit","2026/02/23 12:27:07 AM","Rahim Yar Khan"
"269458","Saima Bashir","MR-5819","EMDS Call","Medical Emergency","Hypertension","2026/02/23 12:46:45 AM","Rahim Yar Khan"
"269459","Saima Bashir","MR-5819","EMDS Call","Medical Emergency","SOB/ Respiratory Distress","2026/02/23 12:59:43 AM","Rahim Yar Khan"
"269460","Aasia Batool","MR-5198","EMDS Call","Medical Emergency","SOB/ Respiratory Distress","2026/02/23 01:03:43 AM","Liaqatpur"
"269461","Shahid Jamil","DR-184","EMDS Call","Medical Emergency","Others","2026/02/23 01:12:59 AM","Sadiqabad"
"269462","Saima Bashir","MR-5819","EMDS Call","Medical Emergency","Abdominal Pain","2026/02/23 01:19:27 AM","Sadiqabad"
"269463","Shahid Jamil","DR-184","EMDS Call","Road Crash","Bleeding","2026/02/23 01:28:54 AM","Sadiqabad"
"269464","Saima Bashir","MR-5819","EMDS Call","Rescue Operations","Delivery Case","2026/02/23 01:34:31 AM","Rahim Yar Khan"
"269465","Aasia Batool","MR-5198","EMDS Call","Medical Emergency","Renal Disorders / Renal Colic ","2026/02/23 01:36:20 AM","Rahim Yar Khan"
"269466","Aasia Batool","MR-5198","EMDS Call","Medical Emergency","Diabetic","2026/02/23 01:58:17 AM","Sadiqabad"
"269467","Shahid Jamil","DR-184","EMDS Call","Medical Emergency","Vomiting","2026/02/23 01:59:26 AM","Rahim Yar Khan"
"269468","Saima Bashir","MR-5819","EMDS Call","Rescue Operations","Delivery Case","2026/02/23 02:02:43 AM","Khanpur"
"269469","Shahid Jamil","DR-184","EMDS Call","Medical Emergency","Unconscious","2026/02/23 02:05:38 AM","Rahim Yar Khan"
"269470","Shahid Jamil","DR-184","EMDS Call","Medical Emergency","Drug Addiction","2026/02/23 02:14:19 AM","Rahim Yar Khan"
"269471","Shahid Jamil","DR-184","EMDS Call","Medical Emergency","Chest Pain","2026/02/23 02:24:18 AM","Rahim Yar Khan"
"76535","Saima Bashir","MR-5819","Direct Call","Patient Transfer Service","N/A","2026/02/23 02:33:42 AM","Sadiqabad"
"269472","Aasia Batool","MR-5198","EMDS Call","Medical Emergency","Others","2026/02/23 02:34:54 AM","Rahim Yar Khan"
"269473","Aasia Batool","MR-5198","EMDS Call","Medical Emergency","SOB/ Respiratory Distress","2026/02/23 02:39:48 AM","Rahim Yar Khan"
"269474","Shahid Jamil","DR-184","EMDS Call","Medical Emergency","Abdominal Pain","2026/02/23 02:46:45 AM","Liaqatpur"
"269475","Muhammad Zubair","DR-894","Direct Call","Medical Emergency","High Fever","2026/02/23 03:12:50 AM","Rahim Yar Khan"
"269476","Muhammad Tariq Hameed","DR-885","EMDS Call","Medical Emergency","Hypertension","2026/02/23 03:28:50 AM","Sadiqabad"
"76536","Sheeza Barkat","MR-5331","Direct Call","Patient Transfer Service","N/A","2026/02/23 03:39:26 AM","Sadiqabad"
"269477","Sheeza Barkat","MR-5331","EMDS Call","Medical Emergency","Others","2026/02/23 03:39:59 AM","Rahim Yar Khan"
"269478","Muhammad Tariq Hameed","DR-885","EMDS Call","Medical Emergency","Others","2026/02/23 03:42:42 AM","Sadiqabad"
"76537","Sheeza Barkat","MR-5331","Direct Call","Patient Transfer Service","N/A","2026/02/23 03:51:00 AM","Sadiqabad"
"269479","Muhammad Tariq Hameed","DR-885","EMDS Call","Medical Emergency","Diabetic","2026/02/23 04:10:59 AM","Rahim Yar Khan"
"269481","Muhammad Abid","DR-874","EMDS Call","Medical Emergency","Vomiting","2026/02/23 04:33:37 AM","Khanpur"
"269480","Muhammad Tariq Hameed","DR-885","EMDS Call","Medical Emergency","Abdominal Pain","2026/02/23 04:34:05 AM","Rahim Yar Khan"
"269482","Muhammad Abid","DR-874","EMDS Call","Medical Emergency","Unconscious","2026/02/23 04:52:34 AM","Sadiqabad"
"76538","Sheeza Barkat","MR-5331","Direct Call","Patient Transfer Service","N/A","2026/02/23 05:07:39 AM","Sadiqabad"
"269483","Muhammad Zubair","DR-894","EMDS Call","Road Crash","Severe Trauma","2026/02/23 05:08:41 AM","Rahim Yar Khan"
"269484","Sheeza Barkat","MR-5331","EMDS Call","Medical Emergency","Domestic Injuries","2026/02/23 05:09:14 AM","Khanpur"
"269485","Muhammad Zubair","DR-894","EMDS Call","Medical Emergency","SOB/ Respiratory Distress","2026/02/23 05:46:00 AM","Rahim Yar Khan"
"269486","Sheeza Barkat","MR-5331","EMDS Call","Medical Emergency","Chronic Illness","2026/02/23 05:47:42 AM","Rahim Yar Khan"
"269487","Muhammad Abid","DR-874","EMDS Call","Road Crash","Bleeding","2026/02/23 05:48:54 AM","Sadiqabad"
"269488","Muhammad Zubair","DR-894","EMDS Call","Rescue Operations","Delivery Case","2026/02/23 05:52:55 AM","Rahim Yar Khan"
"76539","Muhammad Abid","DR-874","Direct Call","Patient Transfer Service","N/A","2026/02/23 06:00:54 AM","Sadiqabad"
"269489","Sheeza Barkat","MR-5331","EMDS Call","Medical Emergency","Epilepsy","2026/02/23 06:00:19 AM","Khanpur"
"269490","Muhammad Abid","DR-874","EMDS Call","Medical Emergency","Domestic Injuries","2026/02/23 06:02:59 AM","Sadiqabad"
"269491","Muhammad Abid","DR-874","EMDS Call","Medical Emergency","Others","2026/02/23 06:17:37 AM","Sadiqabad"
"269492","Muhammad Zubair","DR-894","EMDS Call","Medical Emergency","Hypertension","2026/02/23 06:18:40 AM","Sadiqabad"
"76540","Muhammad Zubair","DR-894","Direct Call","Patient Transfer Service","N/A","2026/02/23 06:27:25 AM","Khanpur"
"269493","Muhammad Zubair","DR-894","EMDS Call","Medical Emergency","Others","2026/02/23 06:39:15 AM","Rahim Yar Khan"
"269494","Sheeza Barkat","MR-5331","EMDS Call","Medical Emergency","Vomiting","2026/02/23 06:43:10 AM","Rahim Yar Khan"
"269495","Sheeza Barkat","MR-5331","EMDS Call","Medical Emergency","Chronic Illness","2026/02/23 06:54:48 AM","Rahim Yar Khan"
"269496","Muhammad Zubair","DR-894","EMDS Call","Medical Emergency","SOB/ Respiratory Distress","2026/02/23 07:03:31 AM","Rahim Yar Khan"
"269497","Sheeza Barkat","MR-5331","EMDS Call","Medical Emergency","Vomiting","2026/02/23 07:04:50 AM","Rahim Yar Khan"
"269498","Muhammad Zubair","DR-894","EMDS Call","Road Crash","Severe Trauma","2026/02/23 07:16:58 AM","Khanpur"
"269499","Muhammad Zubair","DR-894","EMDS Call","Medical Emergency","Chest Pain","2026/02/23 07:28:19 AM","Sadiqabad"
"269500","Sheeza Barkat","MR-5331","EMDS Call","Road Crash","Bleeding","2026/02/23 07:30:25 AM","Khanpur"
"269501","Muhammad Zubair","DR-894","EMDS Call","Medical Emergency","SOB/ Respiratory Distress","2026/02/23 07:31:08 AM","Liaqatpur"
"269502","Muhammad Zubair","DR-894","EMDS Call","Medical Emergency","Others","2026/02/23 07:36:33 AM","Rahim Yar Khan"
"269503","Muhammad Zubair","DR-894","Direct Call","Medical Emergency","SOB/ Respiratory Distress","2026/02/23 07:45:05 AM","Rahim Yar Khan"
"269504","Muhammad Zubair","DR-894","Direct Call","Medical Emergency","Unconscious","2026/02/23 07:47:40 AM","Sadiqabad"
"269505","Aasia Batool","MR-5198","EMDS Call","Medical Emergency","Vomiting","2026/02/23 07:52:59 AM","Rahim Yar Khan"
"269506","Muhammad Zubair","DR-894","EMDS Call","Road Crash","Severe Trauma","2026/02/23 07:55:32 AM","Khanpur"
"76541","Bushra Saleem","MR-5701","Direct Call","Patient Transfer Service","N/A","2026/02/23 08:04:10 AM","Sadiqabad"
"269507","Muhammad ALi","DR-818","EMDS Call","Road Crash","Severe Trauma","2026/02/23 08:09:55 AM","Khanpur"
"269508","Bushra Saleem","MR-5701","Direct Call","Rescue Operations","Mass Event Coverage","2026/02/23 08:17:11 AM","Rahim Yar Khan"
"269509","Muhammad Arshad","DR-198","EMDS Call","Medical Emergency","Vomiting","2026/02/23 08:16:34 AM","Rahim Yar Khan"
"269510","Bushra Saleem","MR-5701","EMDS Call","Medical Emergency","Vomiting","2026/02/23 08:24:46 AM","Sadiqabad"
"269511","Muhammad ALi","DR-818","EMDS Call","Medical Emergency","SOB/ Respiratory Distress","2026/02/23 08:24:01 AM","Khanpur"
"269512","Muhammad Fiaz","DR-206","Direct Call","Rescue Operations","Mass Event Coverage","2026/02/23 08:28:13 AM","Khanpur"
"269513","Bushra Saleem","MR-5701","EMDS Call","Road Crash","Severe Trauma","2026/02/23 08:28:09 AM","Khanpur"
"269514","Muhammad ALi","DR-818","EMDS Call","Medical Emergency","Vomiting","2026/02/23 08:35:01 AM","Rahim Yar Khan"
"269515","Muhammad Arshad","DR-198","EMDS Call","Medical Emergency","Vomiting","2026/02/23 08:42:39 AM","Sadiqabad"
"269516","Bushra Saleem","MR-5701","Direct Call","Rescue Operations","Mass Event Coverage","2026/02/23 08:43:06 AM","Khanpur"
"269517","Muhammad ALi","DR-818","EMDS Call","Road Crash","Bleeding","2026/02/23 08:45:52 AM","Sadiqabad"
"269518","Muhammad Arshad","DR-198","EMDS Call","Medical Emergency","Chronic Illness","2026/02/23 08:53:22 AM","Rahim Yar Khan"
"269519","Bushra Saleem","MR-5701","EMDS Call","Medical Emergency","Chronic Illness","2026/02/23 08:54:47 AM","Rahim Yar Khan"
"269520","Muhammad Arshad","DR-198","EMDS Call","Medical Emergency","Hypotension","2026/02/23 08:58:35 AM","Rahim Yar Khan"
"76542","Muhammad Abid","DR-874","Direct Call","Patient Transfer Service","N/A","2026/02/23 09:13:26 AM","Sadiqabad"
"269521","Shahid Jamil","DR-184","EMDS Call","Medical Emergency","Chest Pain","2026/02/23 09:18:41 AM","Sadiqabad"
"269522","Muhammad Abid","DR-874","Direct Call","Medical Emergency","Others","2026/02/23 09:22:04 AM","Khanpur"
"269523","Yasir Ilyas","DR-893","EMDS Call","Medical Emergency","Chest Pain","2026/02/23 09:21:37 AM","Rahim Yar Khan"
"76543","Muhammad AAmar","DR-915","Direct Call","Patient Transfer Service","N/A","2026/02/23 09:31:25 AM","Khanpur"
"269524","Muhammad Abid","DR-874","EMDS Call","Medical Emergency","Chest Pain","2026/02/23 09:32:30 AM","Khanpur"
"269525","Bushra Saleem","MR-5701","EMDS Call","Fall","Slipped On Floor","2026/02/23 09:41:21 AM","Liaqatpur"
"269526","Shahid Jamil","DR-184","EMDS Call","Medical Emergency","Vomiting","2026/02/23 09:59:21 AM","Liaqatpur"
"269527","Muhammad AAmar","DR-915","EMDS Call","Medical Emergency","Hypotension","2026/02/23 10:02:23 AM","Sadiqabad"
"269528","Muhammad Arshad","DR-198","EMDS Call","Medical Emergency","SOB/ Respiratory Distress","2026/02/23 10:03:59 AM","Rahim Yar Khan"
"269529","Yasir Ilyas","DR-893","EMDS Call","Medical Emergency","Hypertension","2026/02/23 10:06:06 AM","Rahim Yar Khan"
"269530","Muhammad AAmar","DR-915","EMDS Call","Medical Emergency","Unconscious","2026/02/23 10:07:21 AM","Rahim Yar Khan"
"Not Assigned","Muhammad AAmar","DR-915","Direct Call","Community","Community Training","2026/02/23 10:23:37 AM","Liaqatpur"
"269531","Yasir Ilyas","DR-893","EMDS Call","Medical Emergency","Backache","2026/02/23 10:39:54 AM","Rahim Yar Khan"
"269532","Muhammad Arshad","DR-198","EMDS Call","Medical Emergency","Vomiting","2026/02/23 10:48:54 AM","Rahim Yar Khan"
"269533","Yasir Ilyas","DR-893","EMDS Call","Medical Emergency","Renal Disorders / Renal Colic ","2026/02/23 10:50:21 AM","Rahim Yar Khan"
"269534","Bushra Saleem","MR-5701","Direct Call","Road Crash","Bleeding","2026/02/23 10:55:14 AM","Rahim Yar Khan"
"269535","Muhammad Arshad","DR-198","EMDS Call","Medical Emergency","Others","2026/02/23 10:57:03 AM","Sadiqabad"
"269536","Yasir Ilyas","DR-893","EMDS Call","Medical Emergency","Others","2026/02/23 10:57:37 AM","Sadiqabad"
"76544","Muhammad AAmar","DR-915","Direct Call","Patient Transfer Service","N/A","2026/02/23 11:02:24 AM","Sadiqabad"
"269537","Muhammad Arshad","DR-198","EMDS Call","Medical Emergency","Others","2026/02/23 11:08:51 AM","Khanpur"
"269538","Muhammad AAmar","DR-915","EMDS Call","Medical Emergency","Hypertension","2026/02/23 11:10:17 AM","Sadiqabad"
"269539","Muhammad Arshad","DR-198","EMDS Call","Medical Emergency","Others","2026/02/23 11:16:58 AM","Rahim Yar Khan"
"269540","Muhammad Fiaz","DR-206","Direct Call","Medical Emergency","Abdominal Pain","2026/02/23 11:33:22 AM","Sadiqabad"
"269541","Bushra Saleem","MR-5701","EMDS Call","Medical Emergency","Hypertension","2026/02/23 11:33:20 AM","Rahim Yar Khan"
"269542","Adnan Shabbir","DR-205","EMDS Call","Crime","Physical Assault/Violence","2026/02/23 11:39:53 AM","Sadiqabad"
"269543","Muhammad Arshad","DR-198","EMDS Call","Medical Emergency","Renal Disorders / Renal Colic ","2026/02/23 11:40:35 AM","Sadiqabad"
"269544","Imran Anjum","DR-204","EMDS Call","Medical Emergency","SOB/ Respiratory Distress","2026/02/23 11:49:12 AM","Rahim Yar Khan"
"269545","Bushra Saleem","MR-5701","EMDS Call","Medical Emergency","Abdominal Pain","2026/02/23 12:02:25 PM","Rahim Yar Khan"
"269546","Imran Anjum","DR-204","EMDS Call","Medical Emergency","SOB/ Respiratory Distress","2026/02/23 12:03:06 PM","Khanpur"
"269547","Adnan Shabbir","DR-205","EMDS Call","Road Crash","Bleeding","2026/02/23 12:04:43 PM","Khanpur"
"269548","Bushra Saleem","MR-5701","EMDS Call","Medical Emergency","SOB/ Respiratory Distress","2026/02/23 12:07:32 PM","Rahim Yar Khan"
"269549","Muhammad Rashid Saleem","DR-187","Direct Call","Fire","Others","2026/02/23 12:12:01 PM","Rahim Yar Khan"
"269550","Bushra Saleem","MR-5701","EMDS Call","Medical Emergency","Hypertension","2026/02/23 12:21:00 PM","Liaqatpur"
"269552","Bushra Saleem","MR-5701","EMDS Call","Medical Emergency","Others","2026/02/23 12:33:30 PM","Rahim Yar Khan"
"269551","Adnan Shabbir","DR-205","EMDS Call","Medical Emergency","SOB/ Respiratory Distress","2026/02/23 12:34:53 PM","Rahim Yar Khan"
"269553","Yasir Ilyas","DR-893","EMDS Call","Road Crash","Bleeding","2026/02/23 12:35:18 PM","Liaqatpur"
"269553","Yasir Ilyas","DR-893","EMDS Call","Road Crash","Bleeding","2026/02/23 12:35:18 PM","Liaqatpur"
"269554","Imran Anjum","DR-204","EMDS Call","Fire","Others","2026/02/23 12:49:34 PM","Rahim Yar Khan"
"269555","Adnan Shabbir","DR-205","EMDS Call","Medical Emergency","SOB/ Respiratory Distress","2026/02/23 12:56:33 PM","Rahim Yar Khan"
"269556","Muhammad ALi","DR-818","EMDS Call","Road Crash","Bleeding","2026/02/23 12:56:16 PM","Sadiqabad"
"269557","Imran Anjum","DR-204","EMDS Call","Medical Emergency","Chronic Illness","2026/02/23 01:09:33 PM","Rahim Yar Khan"
"269558","Adnan Shabbir","DR-205","EMDS Call","Medical Emergency","High Fever","2026/02/23 01:12:12 PM","Liaqatpur"
"269559","Muhammad ALi","DR-818","EMDS Call","Medical Emergency","Joints Pain","2026/02/23 01:10:14 PM","Rahim Yar Khan"
"76545","Imran Anjum","DR-204","Direct Call","Patient Transfer Service","N/A","2026/02/23 01:13:23 PM","Sadiqabad"
"269560","Imran Anjum","DR-204","EMDS Call","Medical Emergency","Others","2026/02/23 01:38:32 PM","Sadiqabad"
"269561","Bushra Saleem","MR-5701","EMDS Call","Medical Emergency","Hypertension","2026/02/23 01:41:56 PM","Sadiqabad"
"269562","Adnan Shabbir","DR-205","EMDS Call","Rescue Operations","Delivery Case","2026/02/23 01:43:58 PM","Sadiqabad"
"269563","Imran Anjum","DR-204","EMDS Call","Road Crash","Severe Trauma","2026/02/23 01:46:45 PM","Khanpur"
"269564","Muhammad ALi","DR-818","EMDS Call","Medical Emergency","Hypertension","2026/02/23 01:56:47 PM","Rahim Yar Khan"
"269565","Adnan Shabbir","DR-205","EMDS Call","Fall","Fall From Stairs","2026/02/23 02:00:51 PM","Rahim Yar Khan"
"269566","Imran Anjum","DR-204","EMDS Call","Medical Emergency","Hypertension","2026/02/23 02:00:43 PM","Sadiqabad"
"269567","Adnan Shabbir","DR-205","EMDS Call","Medical Emergency","Cardiac Arrest","2026/02/23 02:04:12 PM","Khanpur"
"269568","Adnan Shabbir","DR-205","EMDS Call","Medical Emergency","Renal Disorders / Renal Colic ","2026/02/23 02:12:15 PM","Liaqatpur"
"269570","Adnan Shabbir","DR-205","EMDS Call","Road Crash","Minor Injuries","2026/02/23 02:25:54 PM","Khanpur"
"269569","Imran Anjum","DR-204","EMDS Call","Rescue Operations","Delivery Case","2026/02/23 02:26:17 PM","Rahim Yar Khan"
"Not Assigned","Muhammad Zubair","DR-894","EMDS Call","Road Crash","Bleeding","2026/02/23 02:30:14 PM","Khanpur"
"269573","Muhammad Zubair","DR-894","EMDS Call","Road Crash","Minor Injuries","2026/02/23 02:36:51 PM","Rahim Yar Khan"
"269574","Farah Sadaqat","MR-5930","EMDS Call","Rescue Operations","Animal/Bird Rescue","2026/02/23 02:40:52 PM","Khanpur"
"269576","Saira Bibi","MR-5494","EMDS Call","Medical Emergency","Others","2026/02/23 02:42:28 PM","Rahim Yar Khan"
"269575","Muhammad Zubair","DR-894","EMDS Call","Medical Emergency","SOB/ Respiratory Distress","2026/02/23 02:43:33 PM","Rahim Yar Khan"
"269577","Saira Bibi","MR-5494","EMDS Call","Road Crash","Minor Injuries","2026/02/23 03:00:58 PM","Rahim Yar Khan"
"76546","Farah Sadaqat","MR-5930","Direct Call","Patient Transfer Service","N/A","2026/02/23 03:05:02 PM","Sadiqabad"
"269578","Farah Sadaqat","MR-5930","EMDS Call","Fire","Others","2026/02/23 03:10:57 PM","Rahim Yar Khan"
"269579","Saira Bibi","MR-5494","EMDS Call","Rescue Operations","Delivery Case","2026/02/23 03:13:42 PM","Rahim Yar Khan"
"269580","Muhammad Zubair","DR-894","EMDS Call","Road Crash","Minor Injuries","2026/02/23 03:21:06 PM","Sadiqabad"
"269580","Muhammad Zubair","DR-894","EMDS Call","Road Crash","Minor Injuries","2026/02/23 03:21:06 PM","Sadiqabad"
"269581","Saira Bibi","MR-5494","EMDS Call","Medical Emergency","Abdominal Pain","2026/02/23 03:24:12 PM","Rahim Yar Khan"
"76547","Saqib Nasim","DR-197","Direct Call","Patient Transfer Service","N/A","2026/02/23 03:26:29 PM","Liaqatpur"
"269582","Farah Sadaqat","MR-5930","EMDS Call","Medical Emergency","SOB/ Respiratory Distress","2026/02/23 03:24:16 PM","Rahim Yar Khan"
"76548","Saira Bibi","MR-5494","Direct Call","Patient Transfer Service","N/A","2026/02/23 03:33:43 PM","Sadiqabad"
"76549","Saira Bibi","MR-5494","Direct Call","Patient Transfer Service","N/A","2026/02/23 03:34:24 PM","Sadiqabad"
"269583","Saira Bibi","MR-5494","EMDS Call","Medical Emergency","CVA/Stroke","2026/02/23 03:36:36 PM","Rahim Yar Khan"
"76550","Saira Bibi","MR-5494","Direct Call","Patient Transfer Service","N/A","2026/02/23 03:44:21 PM","Sadiqabad"
"269584","Farah Sadaqat","MR-5930","EMDS Call","Medical Emergency","Abdominal Pain","2026/02/23 04:20:33 PM","Sadiqabad"
"269585","Muhammad Zahid","DR-888","EMDS Call","Medical Emergency","Unconscious","2026/02/23 04:22:58 PM","Liaqatpur"
"269586","Saqib Nasim","DR-197","EMDS Call","Medical Emergency","Others","2026/02/23 04:24:50 PM","Rahim Yar Khan"
"269587","Muhammad Zahid","DR-888","EMDS Call","Rescue Operations","Delivery Case","2026/02/23 04:28:15 PM","Liaqatpur"
"269588","Saqib Nasim","DR-197","EMDS Call","Medical Emergency","Others","2026/02/23 04:41:05 PM","Rahim Yar Khan"
"269589","Farah Sadaqat","MR-5930","EMDS Call","Medical Emergency","SOB/ Respiratory Distress","2026/02/23 04:42:56 PM","Rahim Yar Khan"
"76551","Farah Sadaqat","MR-5930","Direct Call","Patient Transfer Service","N/A","2026/02/23 04:49:03 PM","Khanpur"
"269590","Saqib Nasim","DR-197","EMDS Call","Rescue Operations","Delivery Case","2026/02/23 04:58:00 PM","Khanpur"
"269591","Muhammad Zahid","DR-888","EMDS Call","Medical Emergency","Hypertension","2026/02/23 05:01:41 PM","Sadiqabad"
"269592","Muhammad Zahid","DR-888","EMDS Call","Medical Emergency","Others","2026/02/23 05:04:31 PM","Rahim Yar Khan"
"269594","Saqib Nasim","DR-197","EMDS Call","Medical Emergency","Vomiting","2026/02/23 05:05:30 PM","Liaqatpur"
"269593","Farah Sadaqat","MR-5930","EMDS Call","Medical Emergency","SOB/ Respiratory Distress","2026/02/23 05:05:46 PM","Rahim Yar Khan"
"269595","Farah Sadaqat","MR-5930","EMDS Call","Rescue Operations","Animal/Bird Rescue","2026/02/23 05:13:33 PM","Rahim Yar Khan"
"269596","Saqib Nasim","DR-197","EMDS Call","Medical Emergency","Abdominal Pain","2026/02/23 05:17:51 PM","Sadiqabad"
"269597","Saqib Nasim","DR-197","EMDS Call","Medical Emergency","SOB/ Respiratory Distress","2026/02/23 05:33:18 PM","Rahim Yar Khan"
"269598","Muhammad Zahid","DR-888","EMDS Call","Medical Emergency","Others","2026/02/23 05:34:54 PM","Rahim Yar Khan"
"269601","Saqib Nasim","DR-197","EMDS Call","Medical Emergency","Hypertension","2026/02/23 05:42:29 PM","Rahim Yar Khan"
"269599","Farah Sadaqat","MR-5930","EMDS Call","Fall","Fall From Roof","2026/02/23 05:42:18 PM","Rahim Yar Khan"
"269600","Muhammad Zahid","DR-888","EMDS Call","Fall","Fall From Vehicle","2026/02/23 05:45:19 PM","Liaqatpur"
"269603","Saira Bibi","MR-5494","EMDS Call","Medical Emergency","High Fever","2026/02/23 05:45:49 PM","Liaqatpur"
"269602","Muhammad Zahid","DR-888","EMDS Call","Medical Emergency","Renal Disorders / Renal Colic ","2026/02/23 05:47:19 PM","Sadiqabad"
"76552","Saqib Nasim","DR-197","Direct Call","Patient Transfer Service","N/A","2026/02/23 05:49:34 PM","Khanpur"
"269604","Saqib Nasim","DR-197","EMDS Call","Medical Emergency","High Fever","2026/02/23 05:51:09 PM","Rahim Yar Khan"
"269605","Farah Sadaqat","MR-5930","EMDS Call","Medical Emergency","Others","2026/02/23 05:51:08 PM","Sadiqabad"
"269606","Saira Bibi","MR-5494","EMDS Call","Medical Emergency","Hypertension","2026/02/23 05:52:30 PM","Rahim Yar Khan"
"269607","Muhammad Zahid","DR-888","EMDS Call","Medical Emergency","Renal Disorders / Renal Colic ","2026/02/23 05:57:47 PM","Rahim Yar Khan"
"269608","Saqib Nasim","DR-197","EMDS Call","Fire","Others","2026/02/23 06:04:12 PM","Rahim Yar Khan"
"269609","Saqib Nasim","DR-197","EMDS Call","Medical Emergency","SOB/ Respiratory Distress","2026/02/23 06:06:49 PM","Khanpur"
"269610","Farah Sadaqat","MR-5930","EMDS Call","Medical Emergency","Others","2026/02/23 06:10:01 PM","Rahim Yar Khan"
"269611","Saqib Nasim","DR-197","EMDS Call","Crime","Probable Suicide","2026/02/23 06:16:35 PM","Khanpur"
"269613","Muhammad Zahid","DR-888","EMDS Call","Medical Emergency","Others","2026/02/23 06:22:38 PM","Rahim Yar Khan"
"269612","Saqib Nasim","DR-197","EMDS Call","Medical Emergency","Domestic Injuries","2026/02/23 06:22:42 PM","Rahim Yar Khan"
"269614","Muhammad Zahid","DR-888","EMDS Call","Medical Emergency","Others","2026/02/23 06:24:18 PM","Rahim Yar Khan"
"Not Assigned","Muhammad Zahid","DR-888","EMDS Call","Medical Emergency","Unconscious","2026/02/23 06:30:30 PM","Rahim Yar Khan"
"269616","Saqib Nasim","DR-197","EMDS Call","Medical Emergency","Others","2026/02/23 06:31:24 PM","Rahim Yar Khan"
"76553","Saqib Nasim","DR-197","Direct Call","Patient Transfer Service","N/A","2026/02/23 06:46:39 PM","Sadiqabad"
"269618","Farah Sadaqat","MR-5930","EMDS Call","Medical Emergency","Diabetic","2026/02/23 06:51:15 PM","Rahim Yar Khan"
"269617","Muhammad Zahid","DR-888","EMDS Call","Road Crash","Minor Injuries","2026/02/23 06:51:07 PM","Rahim Yar Khan"
"269619","Muhammad Zahid","DR-888","EMDS Call","Medical Emergency","Renal Disorders / Renal Colic ","2026/02/23 06:57:18 PM","Liaqatpur"
"269620","Saqib Nasim","DR-197","EMDS Call","Road Crash","Bleeding","2026/02/23 06:56:53 PM","Rahim Yar Khan"
"76554","Muhammad Zahid","DR-888","Direct Call","Patient Transfer Service","N/A","2026/02/23 07:04:59 PM","Sadiqabad"
"269622","Muhammad Zahid","DR-888","EMDS Call","Medical Emergency","Vomiting","2026/02/23 07:05:46 PM","Liaqatpur"
"269621","Farah Sadaqat","MR-5930","EMDS Call","Medical Emergency","Others","2026/02/23 07:06:36 PM","Sadiqabad"
"269623","Farah Sadaqat","MR-5930","EMDS Call","Medical Emergency","Hypertension","2026/02/23 07:19:14 PM","Khanpur"
"269624","Farah Sadaqat","MR-5930","EMDS Call","Medical Emergency","Others","2026/02/23 07:24:31 PM","Khanpur"
"269625","Saqib Nasim","DR-197","EMDS Call","Medical Emergency","Abdominal Pain","2026/02/23 07:28:51 PM","Rahim Yar Khan"
"269626","Muhammad Zahid","DR-888","EMDS Call","Medical Emergency","SOB/ Respiratory Distress","2026/02/23 07:31:10 PM","Rahim Yar Khan"
"269627","Farah Sadaqat","MR-5930","EMDS Call","Medical Emergency","Others","2026/02/23 07:31:24 PM","Rahim Yar Khan"
"269628","Muhammad Zahid","DR-888","EMDS Call","Medical Emergency","Vomiting","2026/02/23 07:42:35 PM","Liaqatpur"
"269629","Muhammad Zahid","DR-888","EMDS Call","Medical Emergency","Hypertension","2026/02/23 07:57:49 PM","Liaqatpur"
"269630","Farah Sadaqat","MR-5930","EMDS Call","Medical Emergency","Abdominal Pain","2026/02/23 08:06:58 PM","Rahim Yar Khan"
"269631","Farah Sadaqat","MR-5930","EMDS Call","Medical Emergency","Unconscious","2026/02/23 08:15:30 PM","Rahim Yar Khan"
"76555","Muhammad Zahid","DR-888","Direct Call","Patient Transfer Service","N/A","2026/02/23 08:20:08 PM","Khanpur"
"269632","Farah Sadaqat","MR-5930","EMDS Call","Medical Emergency","Hypertension","2026/02/23 08:18:27 PM","Sadiqabad"
"269633","Saqib Nasim","DR-197","EMDS Call","Crime","Physical Assault/Violence","2026/02/23 08:20:33 PM","Sadiqabad"
"269634","Farah Sadaqat","MR-5930","EMDS Call","Medical Emergency","SOB/ Respiratory Distress","2026/02/23 08:39:00 PM","Khanpur"
"269635","Sheeza Barkat","MR-5331","EMDS Call","Medical Emergency","CVA/Stroke","2026/02/23 08:41:38 PM","Sadiqabad"
"269636","Zia ul Haq","DR-328","EMDS Call","Road Crash","Bleeding","2026/02/23 08:43:26 PM","Sadiqabad"
"269637","Nida Rahat","DR-1322","EMDS Call","Medical Emergency","Vomiting","2026/02/23 08:50:15 PM","Liaqatpur"
"269638","Muhammad Riaz","DR-654","EMDS Call","Medical Emergency","Hypertension","2026/02/23 08:56:26 PM","Rahim Yar Khan"
"269639","Sheeza Barkat","MR-5331","EMDS Call","Medical Emergency","SOB/ Respiratory Distress","2026/02/23 08:56:48 PM","Khanpur"
"269640","Nida Rahat","DR-1322","EMDS Call","Medical Emergency","Others","2026/02/23 08:58:06 PM","Rahim Yar Khan"
"269643","Zia ul Haq","DR-328","EMDS Call","Medical Emergency","Others","2026/02/23 08:58:22 PM","Rahim Yar Khan"
"269641","Muhammad Riaz","DR-654","EMDS Call","Medical Emergency","Others","2026/02/23 09:01:19 PM","Rahim Yar Khan"
"269642","Sheeza Barkat","MR-5331","EMDS Call","Medical Emergency","High Fever","2026/02/23 09:01:57 PM","Liaqatpur"
"269644","Nida Rahat","DR-1322","EMDS Call","Road Crash","Severe Trauma","2026/02/23 09:04:42 PM","Rahim Yar Khan"
"269645","Sheeza Barkat","MR-5331","EMDS Call","Medical Emergency","Others","2026/02/23 09:04:45 PM","Rahim Yar Khan"
"269646","Zia ul Haq","DR-328","EMDS Call","Medical Emergency","Epilepsy","2026/02/23 09:09:32 PM","Khanpur"
"76556","Zia ul Haq","DR-328","Direct Call","Patient Transfer Service","N/A","2026/02/23 09:18:18 PM","Sadiqabad"
"269647","Nida Rahat","DR-1322","EMDS Call","Medical Emergency","Others","2026/02/23 09:19:14 PM","Rahim Yar Khan"
"269648","Zia ul Haq","DR-328","EMDS Call","Medical Emergency","Hypertension","2026/02/23 09:26:02 PM","Rahim Yar Khan"
"269649","Muhammad Riaz","DR-654","EMDS Call","Medical Emergency","Others","2026/02/23 09:28:01 PM","Rahim Yar Khan"
"269650","Sheeza Barkat","MR-5331","EMDS Call","Medical Emergency","Vomiting","2026/02/23 09:34:30 PM","Sadiqabad"
"269651","Zia ul Haq","DR-328","EMDS Call","Medical Emergency","Others","2026/02/23 09:35:20 PM","Khanpur"
"269652","Sheeza Barkat","MR-5331","EMDS Call","Medical Emergency","Domestic Injuries","2026/02/23 09:37:56 PM","Rahim Yar Khan"
"269653","Nida Rahat","DR-1322","EMDS Call","Medical Emergency","Others","2026/02/23 09:41:04 PM","Rahim Yar Khan"
"269654","Nida Rahat","DR-1322","EMDS Call","Medical Emergency","Drug Addiction","2026/02/23 09:44:11 PM","Sadiqabad"
"269655","Sheeza Barkat","MR-5331","EMDS Call","Medical Emergency","Others","2026/02/23 09:49:20 PM","Rahim Yar Khan"
"269656","Nida Rahat","DR-1322","EMDS Call","Medical Emergency","Abdominal Pain","2026/02/23 09:49:42 PM","Rahim Yar Khan"
"269657","Zia ul Haq","DR-328","EMDS Call","Medical Emergency","SOB/ Respiratory Distress","2026/02/23 09:50:37 PM","Rahim Yar Khan"
"269658","Muhammad Riaz","DR-654","EMDS Call","Medical Emergency","Abdominal Pain","2026/02/23 09:51:11 PM","Rahim Yar Khan"
"269659","Nida Rahat","DR-1322","EMDS Call","Medical Emergency","Others","2026/02/23 09:54:14 PM","Sadiqabad"
"269660","Sheeza Barkat","MR-5331","EMDS Call","Medical Emergency","SOB/ Respiratory Distress","2026/02/23 09:53:58 PM","Khanpur"
"269661","Zia ul Haq","DR-328","EMDS Call","Medical Emergency","Hypertension","2026/02/23 09:57:36 PM","Sadiqabad"
"269662","Nida Rahat","DR-1322","EMDS Call","Road Crash","Severe Trauma","2026/02/23 10:08:19 PM","Khanpur"
"269662","Nida Rahat","DR-1322","EMDS Call","Road Crash","Severe Trauma","2026/02/23 10:08:19 PM","Khanpur"
"269663","Saima Bashir","MR-5819","EMDS Call","Medical Emergency","Diabetic","2026/02/23 10:24:23 PM","Rahim Yar Khan"
"269664","Saima Bashir","MR-5819","EMDS Call","Medical Emergency","SOB/ Respiratory Distress","2026/02/23 10:27:05 PM","Rahim Yar Khan"
"76557","Farhad Iftikhar","DR-913","Direct Call","Patient Transfer Service","N/A","2026/02/23 10:30:18 PM","Liaqatpur"
"76558","Farhad Iftikhar","DR-913","Direct Call","Patient Transfer Service","N/A","2026/02/23 10:36:49 PM","Liaqatpur"
"269665","Saima Bashir","MR-5819","EMDS Call","Medical Emergency","Unconscious","2026/02/23 10:36:49 PM","Rahim Yar Khan"
"269666","Nida Rahat","DR-1322","EMDS Call","Medical Emergency","Others","2026/02/23 10:47:33 PM","Rahim Yar Khan"
"76559","Farhad Iftikhar","DR-913","Direct Call","Patient Transfer Service","N/A","2026/02/23 10:48:26 PM","Khanpur"
"76560","Farhad Iftikhar","DR-913","Direct Call","Patient Transfer Service","N/A","2026/02/23 10:51:39 PM","Khanpur"
"269667","Nida Rahat","DR-1322","EMDS Call","Rescue Operations","Delivery Case","2026/02/23 10:53:33 PM","Rahim Yar Khan"
"269668","Nida Rahat","DR-1322","EMDS Call","Medical Emergency","SOB/ Respiratory Distress","2026/02/23 11:10:30 PM","Rahim Yar Khan"
"269669","Nida Rahat","DR-1322","EMDS Call","Medical Emergency","Others","2026/02/23 11:18:22 PM","Khanpur"
"269670","Nida Rahat","DR-1322","EMDS Call","Medical Emergency","SOB/ Respiratory Distress","2026/02/23 11:27:56 PM","Sadiqabad"
"269671","Saima Bashir","MR-5819","EMDS Call","Medical Emergency","Diabetic","2026/02/23 11:34:09 PM","Rahim Yar Khan"
"269672","Nida Rahat","DR-1322","EMDS Call","Medical Emergency","Vomiting","2026/02/23 11:35:40 PM","Sadiqabad"
"269673","Saima Bashir","MR-5819","EMDS Call","Medical Emergency","Others","2026/02/23 11:44:41 PM","Rahim Yar Khan"
"269674","Nida Rahat","DR-1322","EMDS Call","Medical Emergency","Others","2026/02/23 11:47:37 PM","Rahim Yar Khan"
"76561","Farhad Iftikhar","DR-913","Direct Call","Patient Transfer Service","N/A","2026/02/24 12:00:52 AM","Sadiqabad"
"269675","Farhad Iftikhar","DR-913","EMDS Call","Rescue Operations","Animal/Bird Rescue","2026/02/24 12:14:20 AM","Rahim Yar Khan"
"269676","Nida Rahat","DR-1322","Direct Call","Medical Emergency","Abdominal Pain","2026/02/24 12:22:54 AM","Khanpur"
"269677","Saima Bashir","MR-5819","EMDS Call","Medical Emergency","High Fever","2026/02/24 12:27:32 AM","Rahim Yar Khan"
"269678","Nida Rahat","DR-1322","EMDS Call","Medical Emergency","Diabetic","2026/02/24 12:29:23 AM","Rahim Yar Khan"
"269679","Saima Bashir","MR-5819","EMDS Call","Medical Emergency","Vomiting","2026/02/24 01:00:58 AM","Sadiqabad"
"269680","Farhad Iftikhar","DR-913","EMDS Call","Medical Emergency","Hypertension","2026/02/24 01:05:30 AM","Sadiqabad"
"76562","Nida Rahat","DR-1322","Direct Call","Patient Transfer Service","N/A","2026/02/24 01:38:25 AM","Sadiqabad"
"76563","Nida Rahat","DR-1322","Direct Call","Patient Transfer Service","N/A","2026/02/24 01:44:30 AM","Sadiqabad"
"269681","Nida Rahat","DR-1322","EMDS Call","Medical Emergency","SOB/ Respiratory Distress","2026/02/24 01:54:39 AM","Rahim Yar Khan"
"269682","Nida Rahat","DR-1322","EMDS Call","Fire","Others","2026/02/24 02:04:09 AM","Khanpur"
"269683","Saima Bashir","MR-5819","EMDS Call","Medical Emergency","Chest Pain","2026/02/24 02:06:13 AM","Sadiqabad"
"269684","Saima Bashir","MR-5819","EMDS Call","Medical Emergency","Hypertension","2026/02/24 02:14:03 AM","Rahim Yar Khan"
"269685","Nida Rahat","DR-1322","EMDS Call","Medical Emergency","Abdominal Pain","2026/02/24 02:21:15 AM","Rahim Yar Khan"
"269686","Saima Bashir","MR-5819","EMDS Call","Crime","Probable Suicide","2026/02/24 02:25:06 AM","Rahim Yar Khan"
"269687","Nida Rahat","DR-1322","EMDS Call","Crime","Physical Assault/Violence","2026/02/24 02:35:38 AM","Rahim Yar Khan"
"269688","Saima Bashir","MR-5819","EMDS Call","Medical Emergency","Abdominal Pain","2026/02/24 02:37:34 AM","Sadiqabad"
"269689","Nida Rahat","DR-1322","EMDS Call","Rescue Operations","Delivery Case","2026/02/24 02:56:00 AM","Liaqatpur"
"269690","Saima Bashir","MR-5819","EMDS Call","Medical Emergency","Chest Pain","2026/02/24 02:58:59 AM","Rahim Yar Khan"
"269691","Saima Bashir","MR-5819","EMDS Call","Medical Emergency","Headache","2026/02/24 03:05:04 AM","Rahim Yar Khan"
"269692","Farhad Iftikhar","DR-913","EMDS Call","Medical Emergency","Vomiting","2026/02/24 03:06:30 AM","Sadiqabad"
"76564","Saima Bashir","MR-5819","Direct Call","Patient Transfer Service","N/A","2026/02/24 03:09:50 AM","Khanpur"
"269693","Farhad Iftikhar","DR-913","EMDS Call","Medical Emergency","Vomiting","2026/02/24 03:13:11 AM","Rahim Yar Khan"
"76565","Adil Iqbal","DR-782","Direct Call","Patient Transfer Service","N/A","2026/02/24 03:16:40 AM","Khanpur"
"269694","Adil Iqbal","DR-782","EMDS Call","Medical Emergency","SOB/ Respiratory Distress","2026/02/24 03:23:56 AM","Khanpur"
"269695","Sheeza Barkat","MR-5331","EMDS Call","Medical Emergency","Abdominal Pain","2026/02/24 03:29:07 AM","Rahim Yar Khan"
"269696","Muhammad Riaz","DR-654","EMDS Call","Medical Emergency","SOB/ Respiratory Distress","2026/02/24 03:39:36 AM","Rahim Yar Khan"
"269697","Muhammad Riaz","DR-654","EMDS Call","Medical Emergency","Others","2026/02/24 03:45:16 AM","Khanpur"
"269698","Adil Iqbal","DR-782","EMDS Call","Medical Emergency","Others","2026/02/24 03:43:11 AM","Rahim Yar Khan"
"269699","Muhammad Riaz","DR-654","EMDS Call","Medical Emergency","Chest Pain","2026/02/24 04:26:33 AM","Khanpur"
"76566","Adil Iqbal","DR-782","Direct Call","Patient Transfer Service","N/A","2026/02/24 04:31:23 AM","Sadiqabad"
"269700","Adil Iqbal","DR-782","EMDS Call","Medical Emergency","Others","2026/02/24 04:31:27 AM","Sadiqabad"
"269701","Muhammad Riaz","DR-654","EMDS Call","Medical Emergency","Hypertension","2026/02/24 04:35:07 AM","Rahim Yar Khan"
"269702","Adil Iqbal","DR-782","EMDS Call","Medical Emergency","Hypertension","2026/02/24 04:37:18 AM","Rahim Yar Khan"
"269703","Adil Iqbal","DR-782","EMDS Call","Medical Emergency","Epilepsy","2026/02/24 04:51:14 AM","Khanpur"
"269704","Sheeza Barkat","MR-5331","EMDS Call","Medical Emergency","Hypertension","2026/02/24 05:02:19 AM","Rahim Yar Khan"
"269705","Adil Iqbal","DR-782","EMDS Call","Medical Emergency","Vomiting","2026/02/24 05:09:17 AM","Rahim Yar Khan"
"269706","Sheeza Barkat","MR-5331","EMDS Call","Medical Emergency","Others","2026/02/24 05:11:19 AM","Rahim Yar Khan"
"269707","Adil Iqbal","DR-782","EMDS Call","Rescue Operations","Delivery Case","2026/02/24 05:32:31 AM","Rahim Yar Khan"
"269708","Adil Iqbal","DR-782","EMDS Call","Medical Emergency","Hypertension","2026/02/24 05:57:03 AM","Rahim Yar Khan"
"269709","Sheeza Barkat","MR-5331","EMDS Call","Medical Emergency","SOB/ Respiratory Distress","2026/02/24 05:59:35 AM","Sadiqabad"
"269710","Sheeza Barkat","MR-5331","EMDS Call","Medical Emergency","Abdominal Pain","2026/02/24 06:01:32 AM","Khanpur"
"269711","Adil Iqbal","DR-782","EMDS Call","Medical Emergency","Cardiac Arrest","2026/02/24 06:05:13 AM","Rahim Yar Khan"
"269712","Muhammad Riaz","DR-654","EMDS Call","Medical Emergency","Chest Pain","2026/02/24 06:29:42 AM","Rahim Yar Khan"
"269713","Adil Iqbal","DR-782","EMDS Call","Rescue Operations","Delivery Case","2026/02/24 06:38:56 AM","Liaqatpur"
"269714","Muhammad Riaz","DR-654","EMDS Call","Medical Emergency","Renal Disorders / Renal Colic ","2026/02/24 06:40:32 AM","Sadiqabad"
"269715","Muhammad Riaz","DR-654","EMDS Call","Medical Emergency","Hypertension","2026/02/24 06:58:42 AM","Liaqatpur"
"269716","Sheeza Barkat","MR-5331","EMDS Call","Medical Emergency","CVA/Stroke","2026/02/24 07:00:32 AM","Sadiqabad"
"76567","Sheeza Barkat","MR-5331","Direct Call","Patient Transfer Service","N/A","2026/02/24 07:07:50 AM","Sadiqabad"
"269717","Muhammad Riaz","DR-654","EMDS Call","Medical Emergency","SOB/ Respiratory Distress","2026/02/24 07:08:57 AM","Rahim Yar Khan"
"269718","Sheeza Barkat","MR-5331","EMDS Call","Medical Emergency","Hypertension","2026/02/24 07:13:22 AM","Sadiqabad"
"269719","Muhammad Riaz","DR-654","EMDS Call","Medical Emergency","Diabetic","2026/02/24 07:16:11 AM","Rahim Yar Khan"
"269720","Adil Iqbal","DR-782","EMDS Call","Medical Emergency","Epilepsy","2026/02/24 07:20:30 AM","Rahim Yar Khan"
"269721","Sheeza Barkat","MR-5331","EMDS Call","Road Crash","Minor Injuries","2026/02/24 07:22:52 AM","Khanpur"
"269722","Shahla Nawaz","DR-185","EMDS Call","Medical Emergency","Others","2026/02/24 08:07:55 AM","Liaqatpur"
"269723","Muhammad ALi","DR-818","EMDS Call","Medical Emergency","Gynae Problem","2026/02/24 08:09:30 AM","Rahim Yar Khan"
"269725","Shahla Nawaz","DR-185","EMDS Call","Road Crash","Bleeding","2026/02/24 08:11:04 AM","Sadiqabad"
"269725","Shahla Nawaz","DR-185","EMDS Call","Road Crash","Bleeding","2026/02/24 08:11:04 AM","Sadiqabad"
"269724","Zupasha Zia","MR-5758","EMDS Call","Road Crash","Bleeding","2026/02/24 08:10:47 AM","Sadiqabad"
"269726","Muhammad ALi","DR-818","EMDS Call","Medical Emergency","Domestic Injuries","2026/02/24 08:15:01 AM","Sadiqabad"
"269727","Muhammad Arshad","DR-198","Direct Call","Rescue Operations","Mass Event Coverage","2026/02/24 08:17:13 AM","Rahim Yar Khan"
"269728","Muhammad Arshad","DR-198","EMDS Call","Medical Emergency","Hypertension","2026/02/24 08:23:46 AM","Liaqatpur"
"269729","Shahla Nawaz","DR-185","EMDS Call","Medical Emergency","Vomiting","2026/02/24 08:24:11 AM","Liaqatpur"
"269731","Muhammad Arshad","DR-198","EMDS Call","Medical Emergency","Vomiting","2026/02/24 08:36:24 AM","Rahim Yar Khan"
"269730","Shahid Jamil","DR-184","EMDS Call","Medical Emergency","Others","2026/02/24 08:39:06 AM","Rahim Yar Khan"
"269732","Muhammad ALi","DR-818","EMDS Call","Medical Emergency","Chest Pain","2026/02/24 08:42:08 AM","Sadiqabad"
"269733","Shahla Nawaz","DR-185","Direct Call","Rescue Operations","Mass Event Coverage","2026/02/24 08:51:50 AM","Khanpur"
"76568","Muhammad ALi","DR-818","Direct Call","Patient Transfer Service","N/A","2026/02/24 08:58:48 AM","Sadiqabad"
"269734","Shahid Jamil","DR-184","EMDS Call","Medical Emergency","Renal Disorders / Renal Colic ","2026/02/24 09:05:12 AM","Liaqatpur"
"269735","Shahla Nawaz","DR-185","EMDS Call","Medical Emergency","Vertigo/ Dizziness","2026/02/24 09:05:09 AM","Sadiqabad"
"269736","Muhammad Arshad","DR-198","EMDS Call","Medical Emergency","SOB/ Respiratory Distress","2026/02/24 09:09:26 AM","Liaqatpur"
"269737","Muhammad ALi","DR-818","Direct Call","Medical Emergency","Others","2026/02/24 09:12:08 AM","Rahim Yar Khan"
"76569","Muhammad Arshad","DR-198","Direct Call","Patient Transfer Service","N/A","2026/02/24 09:15:59 AM","Liaqatpur"
"269739","Shahid Jamil","DR-184","EMDS Call","Medical Emergency","Headache","2026/02/24 09:24:27 AM","Liaqatpur"
"269738","Yasir Ilyas","DR-893","EMDS Call","Medical Emergency","CVA/Stroke","2026/02/24 09:24:46 AM","Sadiqabad"
"269740","Adnan Shabbir","DR-205","EMDS Call","Fall","Slipped On Floor","2026/02/24 09:31:52 AM","Rahim Yar Khan"
"269741","Muhammad Arshad","DR-198","Direct Call","Medical Emergency","Chest Pain","2026/02/24 09:36:45 AM","Sadiqabad"
"269742","Yasir Ilyas","DR-893","EMDS Call","Medical Emergency","Chest Pain","2026/02/24 09:38:13 AM","Rahim Yar Khan"
"269743","Adnan Shabbir","DR-205","EMDS Call","Medical Emergency","SOB/ Respiratory Distress","2026/02/24 09:41:20 AM","Rahim Yar Khan"
"269744","Adnan Shabbir","DR-205","Direct Call","Road Crash","Bleeding","2026/02/24 09:49:36 AM","Liaqatpur"
"269745","Yasir Ilyas","DR-893","EMDS Call","Medical Emergency","Diabetic","2026/02/24 09:46:21 AM","Rahim Yar Khan"
"269746","Yasir Ilyas","DR-893","EMDS Call","Medical Emergency","SOB/ Respiratory Distress","2026/02/24 09:53:55 AM","Rahim Yar Khan"
"Not Assigned","Muhammad ALi","DR-818","Direct Call","Community","Community Training","2026/02/24 09:58:37 AM","Khanpur"
"269747","Adnan Shabbir","DR-205","EMDS Call","Road Crash","Bleeding","2026/02/24 10:00:42 AM","Rahim Yar Khan"
"269748","Zupasha Zia","MR-5758","EMDS Call","Medical Emergency","Vomiting","2026/02/24 10:02:43 AM","Rahim Yar Khan"
"269749","Muhammad ALi","DR-818","EMDS Call","Medical Emergency","Chest Pain","2026/02/24 10:06:48 AM","Sadiqabad"
"269750","Adnan Shabbir","DR-205","EMDS Call","Medical Emergency","Chest Pain","2026/02/24 10:13:21 AM","Rahim Yar Khan"
"269751","Yasir Ilyas","DR-893","EMDS Call","Medical Emergency","Hypertension","2026/02/24 10:12:44 AM","Rahim Yar Khan"
"76570","Muhammad ALi","DR-818","Direct Call","Patient Transfer Service","N/A","2026/02/24 10:24:02 AM","Sadiqabad"
"269752","Adnan Shabbir","DR-205","EMDS Call","Medical Emergency","SOB/ Respiratory Distress","2026/02/24 10:30:08 AM","Khanpur"
"269753","Muhammad ALi","DR-818","EMDS Call","Medical Emergency","High Fever","2026/02/24 10:31:46 AM","Liaqatpur"
"76571","Muhammad ALi","DR-818","Direct Call","Patient Transfer Service","N/A","2026/02/24 10:36:31 AM","Liaqatpur"
"269754","Yasir Ilyas","DR-893","EMDS Call","Medical Emergency","Domestic Injuries","2026/02/24 10:37:13 AM","Rahim Yar Khan"
"76572","Muhammad ALi","DR-818","Direct Call","Patient Transfer Service","N/A","2026/02/24 10:39:35 AM","Khanpur"
"269755","Adnan Shabbir","DR-205","EMDS Call","Medical Emergency","Unconscious","2026/02/24 10:39:46 AM","Rahim Yar Khan"
"269756","Zupasha Zia","MR-5758","EMDS Call","Medical Emergency","Gynae Problem","2026/02/24 10:40:11 AM","Rahim Yar Khan"
"269757","Muhammad ALi","DR-818","EMDS Call","Medical Emergency","CVA/Stroke","2026/02/24 10:44:51 AM","Rahim Yar Khan"
"269758","Zupasha Zia","MR-5758","EMDS Call","Medical Emergency","Hypertension","2026/02/24 10:49:41 AM","Rahim Yar Khan"
"269759","Muhammad ALi","DR-818","EMDS Call","Fall","Fall From Vehicle","2026/02/24 10:52:07 AM","Sadiqabad"
"269760","Muhammad Arshad","DR-198","EMDS Call","Road Crash","Multiple Fractures","2026/02/24 11:17:37 AM","Khanpur"
"269761","Imran Anjum","DR-204","EMDS Call","Medical Emergency","Abdominal Pain","2026/02/24 11:30:37 AM","Khanpur"
"76573","Imran Anjum","DR-204","Direct Call","Patient Transfer Service","N/A","2026/02/24 11:33:40 AM","Sadiqabad"
"269762","Yasir Ilyas","DR-893","EMDS Call","Medical Emergency","SOB/ Respiratory Distress","2026/02/24 11:37:18 AM","Rahim Yar Khan"
"269763","Muhammad Arshad","DR-198","EMDS Call","Road Crash","Bleeding","2026/02/24 11:39:51 AM","Khanpur"
"269765","Imran Anjum","DR-204","EMDS Call","Road Crash","Bleeding","2026/02/24 11:44:46 AM","Liaqatpur"
"269764","Shahid Jamil","DR-184","EMDS Call","Road Crash","Minor Injuries","2026/02/24 11:45:30 AM","Rahim Yar Khan"
"269766","Muhammad ALi","DR-818","EMDS Call","Medical Emergency","Epilepsy","2026/02/24 11:48:20 AM","Sadiqabad"
"269767","Yasir Ilyas","DR-893","EMDS Call","Medical Emergency","Anxiety / Psychiatric Disorder","2026/02/24 11:59:39 AM","Rahim Yar Khan"
"269768","Muhammad ALi","DR-818","Direct Call","Medical Emergency","Others","2026/02/24 12:05:34 PM","Rahim Yar Khan"
"269769","Muhammad Arshad","DR-198","EMDS Call","Medical Emergency","High Fever","2026/02/24 12:12:07 PM","Rahim Yar Khan"
"269770","Muhammad ALi","DR-818","EMDS Call","Road Crash","Minor Injuries","2026/02/24 12:22:26 PM","Rahim Yar Khan"
"269771","Muhammad Arshad","DR-198","EMDS Call","Road Crash","Minor Injuries","2026/02/24 12:23:37 PM","Sadiqabad"
"269772","Yasir Ilyas","DR-893","EMDS Call","Medical Emergency","Abdominal Pain","2026/02/24 12:28:31 PM","Khanpur"
"269773","Muhammad ALi","DR-818","EMDS Call","Medical Emergency","Others","2026/02/24 12:29:26 PM","Rahim Yar Khan"
"269778","Imran Anjum","DR-204","Direct Call","Medical Emergency","Abdominal Pain","2026/02/24 12:31:41 PM","Sadiqabad"
"269774","Yasir Ilyas","DR-893","EMDS Call","Medical Emergency","Vomiting","2026/02/24 12:35:05 PM","Sadiqabad"
"76574","Imran Anjum","DR-204","Direct Call","Patient Transfer Service","N/A","2026/02/24 12:35:44 PM","Khanpur"
"269777","Yasir Ilyas","DR-893","EMDS Call","Medical Emergency","Others","2026/02/24 12:42:31 PM","Rahim Yar Khan"
"76575","Imran Anjum","DR-204","Direct Call","Patient Transfer Service","N/A","2026/02/24 12:44:03 PM","Khanpur"
"269775","Zupasha Zia","MR-5758","EMDS Call","Medical Emergency","Chest Pain","2026/02/24 12:43:20 PM","Sadiqabad"
"269776","Muhammad ALi","DR-818","EMDS Call","Medical Emergency","Others","2026/02/24 12:44:11 PM","Rahim Yar Khan"
"269779","Shahid Jamil","DR-184","EMDS Call","Rescue Operations","Animal/Bird Rescue","2026/02/24 12:52:57 PM","Sadiqabad"
"269780","Muhammad ALi","DR-818","EMDS Call","Medical Emergency","SOB/ Respiratory Distress","2026/02/24 12:56:35 PM","Sadiqabad"
"269781","Imran Anjum","DR-204","EMDS Call","Crime","Physical Assault/Violence","2026/02/24 12:59:46 PM","Liaqatpur"
"269782","Zupasha Zia","MR-5758","EMDS Call","Medical Emergency","Hypertension","2026/02/24 01:11:32 PM","Rahim Yar Khan"
"269783","Imran Anjum","DR-204","EMDS Call","Rescue Operations","Delivery Case","2026/02/24 01:18:44 PM","Khanpur"
"269784","Yasir Ilyas","DR-893","EMDS Call","Medical Emergency","Diabetic","2026/02/24 01:23:09 PM","Rahim Yar Khan"
"269785","Imran Anjum","DR-204","EMDS Call","Medical Emergency","Hypertension","2026/02/24 01:35:07 PM","Sadiqabad"
"269786","Zupasha Zia","MR-5758","EMDS Call","Medical Emergency","Vertigo/ Dizziness","2026/02/24 01:43:30 PM","Rahim Yar Khan"
"269787","Muhammad ALi","DR-818","EMDS Call","Medical Emergency","SOB/ Respiratory Distress","2026/02/24 01:49:00 PM","Khanpur"
"Not Assigned","Imran Anjum","DR-204","EMDS Call","Fire","Carelessness/Smoking","2026/02/24 01:55:11 PM","Khanpur"
"269789","Zupasha Zia","MR-5758","EMDS Call","Medical Emergency","Abdominal Pain","2026/02/24 01:56:51 PM","Rahim Yar Khan"
"269790","Imran Anjum","DR-204","EMDS Call","Medical Emergency","Chronic Illness","2026/02/24 01:58:57 PM","Khanpur"
"269791","Muhammad ALi","DR-818","EMDS Call","Medical Emergency","High Fever","2026/02/24 02:05:20 PM","Rahim Yar Khan"
"269792","Imran Anjum","DR-204","EMDS Call","Medical Emergency","Vomiting","2026/02/24 02:11:25 PM","Rahim Yar Khan"
"269793","Muhammad ALi","DR-818","EMDS Call","Medical Emergency","Chest Pain","2026/02/24 02:13:30 PM","Rahim Yar Khan"
"269794","Saira Bibi","MR-5494","EMDS Call","Medical Emergency","Others","2026/02/24 02:14:55 PM","Rahim Yar Khan"
"269795","Muhammad ALi","DR-818","EMDS Call","Medical Emergency","High Fever","2026/02/24 02:15:46 PM","Rahim Yar Khan"
"269796","Saira Bibi","MR-5494","EMDS Call","Medical Emergency","Urinary Retention","2026/02/24 02:16:53 PM","Liaqatpur"
"269797","Farah Sadaqat","MR-5930","EMDS Call","Medical Emergency","Headache","2026/02/24 02:22:05 PM","Khanpur"
"76576","Saira Bibi","MR-5494","Direct Call","Patient Transfer Service","N/A","2026/02/24 02:25:26 PM","Sadiqabad"
"269798","Muhammad Zubair","DR-894","EMDS Call","Road Crash","Minor Injuries","2026/02/24 02:33:29 PM","Sadiqabad"
"269799","Saira Bibi","MR-5494","EMDS Call","Road Crash","Minor Injuries","2026/02/24 02:36:21 PM","Sadiqabad"
"269800","Farah Sadaqat","MR-5930","EMDS Call","Medical Emergency","Diabetic","2026/02/24 02:43:35 PM","Khanpur"
"269801","Muhammad Zubair","DR-894","EMDS Call","Medical Emergency","Diabetic","2026/02/24 02:56:58 PM","Rahim Yar Khan"
"269802","Muhammad Zubair","DR-894","EMDS Call","Medical Emergency","Chest Pain","2026/02/24 03:08:26 PM","Sadiqabad"
"269803","Saira Bibi","MR-5494","EMDS Call","Medical Emergency","Others","2026/02/24 03:09:18 PM","Rahim Yar Khan"
"76577","Muhammad Zubair","DR-894","Direct Call","Patient Transfer Service","N/A","2026/02/24 03:15:15 PM","Sadiqabad"
"269804","Farah Sadaqat","MR-5930","EMDS Call","Medical Emergency","High Fever","2026/02/24 03:18:32 PM","Rahim Yar Khan"
"269805","Muhammad Zubair","DR-894","EMDS Call","Road Crash","Minor Injuries","2026/02/24 03:21:24 PM","Rahim Yar Khan"
"269806","Saira Bibi","MR-5494","EMDS Call","Medical Emergency","SOB/ Respiratory Distress","2026/02/24 03:21:47 PM","Khanpur"
"269808","Muhammad Zubair","DR-894","EMDS Call","Medical Emergency","Joints Pain","2026/02/24 03:22:49 PM","Rahim Yar Khan"
"269807","Farah Sadaqat","MR-5930","EMDS Call","Medical Emergency","Unconscious","2026/02/24 03:21:38 PM","Rahim Yar Khan"
"76578","Farah Sadaqat","MR-5930","Direct Call","Patient Transfer Service","N/A","2026/02/24 03:27:12 PM","Sadiqabad"
"269809","Muhammad Zubair","DR-894","EMDS Call","Medical Emergency","SOB/ Respiratory Distress","2026/02/24 03:32:11 PM","Sadiqabad"
"269810","Saira Bibi","MR-5494","EMDS Call","Medical Emergency","Abdominal Pain","2026/02/24 03:38:36 PM","Sadiqabad"
"269811","Farah Sadaqat","MR-5930","EMDS Call","Rescue Operations","Delivery Case","2026/02/24 03:38:38 PM","Rahim Yar Khan"
"76579","Muhammad Zubair","DR-894","Direct Call","Patient Transfer Service","N/A","2026/02/24 03:50:00 PM","Liaqatpur"
"76580","Farah Sadaqat","MR-5930","Direct Call","Patient Transfer Service","N/A","2026/02/24 03:52:20 PM","Liaqatpur"
"269812","Saira Bibi","MR-5494","EMDS Call","Medical Emergency","Abdominal Pain","2026/02/24 04:00:37 PM","Liaqatpur"
"269813","Saira Bibi","MR-5494","EMDS Call","Medical Emergency","Others","2026/02/24 04:05:37 PM","Rahim Yar Khan"
"269814","Muhammad Zubair","DR-894","EMDS Call","Medical Emergency","Backache","2026/02/24 04:13:24 PM","Rahim Yar Khan"
"Not Assigned","Farah Sadaqat","MR-5930","EMDS Call","Road Crash","Bleeding","2026/02/24 04:25:01 PM","Rahim Yar Khan"
"269816","Saira Bibi","MR-5494","EMDS Call","Medical Emergency","Vomiting","2026/02/24 04:29:18 PM","Khanpur"
"269817","Saira Bibi","MR-5494","EMDS Call","Medical Emergency","Domestic Injuries","2026/02/24 04:32:57 PM","Rahim Yar Khan"
"76581","Farah Sadaqat","MR-5930","Direct Call","Patient Transfer Service","N/A","2026/02/24 04:37:16 PM","Khanpur"
"269818","Muhammad Zubair","DR-894","EMDS Call","Medical Emergency","SOB/ Respiratory Distress","2026/02/24 04:40:04 PM","Rahim Yar Khan"
"269819","Saira Bibi","MR-5494","EMDS Call","Medical Emergency","Others","2026/02/24 04:52:53 PM","Rahim Yar Khan"
"269820","Muhammad Zubair","DR-894","EMDS Call","Medical Emergency","Others","2026/02/24 04:53:04 PM","Sadiqabad"
"76582","Shaheen Islam","DR-1171","Direct Call","Patient Transfer Service","N/A","2026/02/24 04:58:20 PM","Sadiqabad"
"269821","Muhammad Zubair","DR-894","EMDS Call","Road Crash","Severe Trauma","2026/02/24 05:04:50 PM","Liaqatpur"
"269822","Saqib Nasim","DR-197","EMDS Call","Road Crash","Minor Injuries","2026/02/24 05:11:04 PM","Rahim Yar Khan"
"269823","Saqib Nasim","DR-197","EMDS Call","Medical Emergency","Others","2026/02/24 05:13:16 PM","Khanpur"
"269825","Farah Sadaqat","MR-5930","EMDS Call","Medical Emergency","SOB/ Respiratory Distress","2026/02/24 05:17:37 PM","Rahim Yar Khan"
"76583","Saira Bibi","MR-5494","Direct Call","Patient Transfer Service","N/A","2026/02/24 05:18:43 PM","Sadiqabad"
"269824","Saqib Nasim","DR-197","EMDS Call","Medical Emergency","Hypertension","2026/02/24 05:16:23 PM","Rahim Yar Khan"
"269826","Saira Bibi","MR-5494","EMDS Call","Medical Emergency","High Fever","2026/02/24 05:20:53 PM","Rahim Yar Khan"
"269827","Farah Sadaqat","MR-5930","Direct Call","Rescue Operations","Mass Event Coverage","2026/02/24 05:22:56 PM","Sadiqabad"
"269828","Saira Bibi","MR-5494","EMDS Call","Medical Emergency","Urinary Retention","2026/02/24 05:28:46 PM","Liaqatpur"
"269829","Farah Sadaqat","MR-5930","EMDS Call","Medical Emergency","SOB/ Respiratory Distress","2026/02/24 05:28:33 PM","Sadiqabad"
"269830","Farah Sadaqat","MR-5930","EMDS Call","Medical Emergency","Gynae Problem","2026/02/24 05:35:49 PM","Liaqatpur"
"269831","Saira Bibi","MR-5494","EMDS Call","Road Crash","Bleeding","2026/02/24 05:50:51 PM","Sadiqabad"
"269832","Farah Sadaqat","MR-5930","EMDS Call","Road Crash","Minor Injuries","2026/02/24 06:00:28 PM","Rahim Yar Khan"
"76584","Saira Bibi","MR-5494","Direct Call","Patient Transfer Service","N/A","2026/02/24 06:06:20 PM","Rahim Yar Khan"
"269833","Farah Sadaqat","MR-5930","EMDS Call","Medical Emergency","Hypertension","2026/02/24 06:24:31 PM","Khanpur"
"269834","Farah Sadaqat","MR-5930","EMDS Call","Medical Emergency","Others","2026/02/24 06:32:46 PM","Liaqatpur"
"269835","Farah Sadaqat","MR-5930","EMDS Call","Road Crash","Bleeding","2026/02/24 06:41:31 PM","Liaqatpur"
"269836","Saira Bibi","MR-5494","EMDS Call","Medical Emergency","Domestic Injuries","2026/02/24 06:45:57 PM","Rahim Yar Khan"
"269837","Saqib Nasim","DR-197","EMDS Call","Medical Emergency","Vomiting","2026/02/24 06:48:18 PM","Liaqatpur"
"269838","Farah Sadaqat","MR-5930","EMDS Call","Rescue Operations","Delivery Case","2026/02/24 07:01:15 PM","Khanpur"
"269839","Saqib Nasim","DR-197","EMDS Call","Medical Emergency","Others","2026/02/24 07:03:23 PM","Rahim Yar Khan"
"269840","Saqib Nasim","DR-197","EMDS Call","Medical Emergency","Vomiting","2026/02/24 07:09:43 PM","Rahim Yar Khan"
"269841","Saira Bibi","MR-5494","EMDS Call","Medical Emergency","Vomiting","2026/02/24 07:09:37 PM","Rahim Yar Khan"
"269842","Saira Bibi","MR-5494","EMDS Call","Road Crash","Bleeding","2026/02/24 07:13:03 PM","Rahim Yar Khan"
"76585","Saira Bibi","MR-5494","Direct Call","Patient Transfer Service","N/A","2026/02/24 07:16:00 PM","Khanpur"
"269843","Saira Bibi","MR-5494","EMDS Call","Medical Emergency","Abdominal Pain","2026/02/24 07:21:55 PM","Liaqatpur"
"269844","Farah Sadaqat","MR-5930","EMDS Call","Medical Emergency","Others","2026/02/24 07:30:17 PM","Khanpur"
"269845","Saira Bibi","MR-5494","EMDS Call","Medical Emergency","Vertigo/ Dizziness","2026/02/24 07:32:04 PM","Rahim Yar Khan"
"269847","Saqib Nasim","DR-197","EMDS Call","Medical Emergency","Vomiting","2026/02/24 07:36:54 PM","Rahim Yar Khan"
"269854","Saira Bibi","MR-5494","EMDS Call","Medical Emergency","Vertigo/ Dizziness","2026/02/24 07:36:54 PM","Rahim Yar Khan"
"269848","Farah Sadaqat","MR-5930","EMDS Call","Road Crash","Bleeding","2026/02/24 07:42:22 PM","Liaqatpur"
"76586","Shaheen Islam","DR-1171","Direct Call","Patient Transfer Service","N/A","2026/02/24 08:00:01 PM","Liaqatpur"
"269849","Farah Sadaqat","MR-5930","EMDS Call","Road Crash","Minor Injuries","2026/02/24 08:01:27 PM","Liaqatpur"
"269850","Shaheen Islam","DR-1171","EMDS Call","Medical Emergency","Abdominal Pain","2026/02/24 08:02:59 PM","Sadiqabad"
"269851","Farah Sadaqat","MR-5930","EMDS Call","Medical Emergency","Vomiting","2026/02/24 08:03:53 PM","Sadiqabad"
"76587","Shaheen Islam","DR-1171","Direct Call","Patient Transfer Service","N/A","2026/02/24 08:06:15 PM","Liaqatpur"
"269852","Shaheen Islam","DR-1171","EMDS Call","Medical Emergency","Hypertension","2026/02/24 08:06:45 PM","Rahim Yar Khan"
"269853","Farah Sadaqat","MR-5930","EMDS Call","Road Crash","Severe Trauma","2026/02/24 08:08:04 PM","Khanpur"
"269853","Farah Sadaqat","MR-5930","EMDS Call","Road Crash","Severe Trauma","2026/02/24 08:08:04 PM","Khanpur"
"269855","Saqib Nasim","DR-197","EMDS Call","Medical Emergency","Hypertension","2026/02/24 08:12:51 PM","Rahim Yar Khan"
"269856","Farah Sadaqat","MR-5930","EMDS Call","Medical Emergency","Epilepsy","2026/02/24 08:16:41 PM","Liaqatpur"
"269857","Shaheen Islam","DR-1171","EMDS Call","Medical Emergency","Others","2026/02/24 08:13:55 PM","Rahim Yar Khan"
"269858","Saqib Nasim","DR-197","EMDS Call","Medical Emergency","Vomiting","2026/02/24 08:24:33 PM","Rahim Yar Khan"
"269860","Farah Sadaqat","MR-5930","EMDS Call","Medical Emergency","SOB/ Respiratory Distress","2026/02/24 08:26:03 PM","Rahim Yar Khan"
"269859","Shaheen Islam","DR-1171","EMDS Call","Medical Emergency","SOB/ Respiratory Distress","2026/02/24 08:30:28 PM","Sadiqabad"
"269864","Shaheen Islam","DR-1171","EMDS Call","Medical Emergency","Chronic Illness","2026/02/24 08:36:50 PM","Sadiqabad"
"269862","Saqib Nasim","DR-197","EMDS Call","Medical Emergency","Abdominal Pain","2026/02/24 08:37:16 PM","Rahim Yar Khan"
"269861","Saqib Nasim","DR-197","EMDS Call","Medical Emergency","SOB/ Respiratory Distress","2026/02/24 08:43:35 PM","Khanpur"
"269863","Nida Rahat","DR-1322","EMDS Call","Medical Emergency","Chest Pain","2026/02/24 08:50:15 PM","Khanpur"
"269865","Rana M. Usman","DR-200","EMDS Call","Medical Emergency","Urinary Retention","2026/02/24 08:54:56 PM","Sadiqabad"
"269866","Rana M. Usman","DR-200","EMDS Call","Medical Emergency","Joints Pain","2026/02/24 09:05:23 PM","Rahim Yar Khan"
"269867","Nida Rahat","DR-1322","EMDS Call","Medical Emergency","Abdominal Pain","2026/02/24 09:07:43 PM","Sadiqabad"
"269868","Rana M. Usman","DR-200","EMDS Call","Rescue Operations","Delivery Case","2026/02/24 09:13:23 PM","Khanpur"
"269869","Saima Bashir","MR-5819","EMDS Call","Medical Emergency","Abdominal Pain","2026/02/24 09:19:19 PM","Sadiqabad"
"269870","Nida Rahat","DR-1322","EMDS Call","Rescue Operations","Delivery Case","2026/02/24 09:24:20 PM","Rahim Yar Khan"
"76588","Rana M. Usman","DR-200","Direct Call","Patient Transfer Service","N/A","2026/02/24 09:42:11 PM","Khanpur"
"76589","Rana M. Usman","DR-200","Direct Call","Patient Transfer Service","N/A","2026/02/24 09:45:55 PM","Khanpur"
"269871","Nida Rahat","DR-1322","EMDS Call","Medical Emergency","Anxiety / Psychiatric Disorder","2026/02/24 09:46:52 PM","Sadiqabad"
"269872","Rana M. Usman","DR-200","EMDS Call","Fire","Others","2026/02/24 09:46:17 PM","Sadiqabad"
"269873","Saima Bashir","MR-5819","EMDS Call","Medical Emergency","Vomiting","2026/02/24 09:47:11 PM","Rahim Yar Khan"
"269874","Rana M. Usman","DR-200","EMDS Call","Medical Emergency","SOB/ Respiratory Distress","2026/02/24 09:56:47 PM","Khanpur"
"269875","Nida Rahat","DR-1322","EMDS Call","Road Crash","Bleeding","2026/02/24 09:58:39 PM","Sadiqabad"
"76590","Rana M. Usman","DR-200","Direct Call","Patient Transfer Service","N/A","2026/02/24 10:02:00 PM","Sadiqabad"
"269876","Rana M. Usman","DR-200","EMDS Call","Medical Emergency","Hypertension","2026/02/24 10:13:27 PM","Rahim Yar Khan"
"76591","Rana M. Usman","DR-200","Direct Call","Patient Transfer Service","N/A","2026/02/24 10:17:11 PM","Sadiqabad"
"76592","Nida Rahat","DR-1322","Direct Call","Patient Transfer Service","N/A","2026/02/24 10:27:21 PM","Khanpur"
"269877","Rana M. Usman","DR-200","EMDS Call","Medical Emergency","Vomiting","2026/02/24 10:26:04 PM","Rahim Yar Khan"
"269878","Rana M. Usman","DR-200","EMDS Call","Medical Emergency","Joints Pain","2026/02/24 10:37:02 PM","Sadiqabad"
"269879","Muhammad Abid","DR-874","EMDS Call","Medical Emergency","Abdominal Pain","2026/02/24 10:46:19 PM","Rahim Yar Khan"
"269880","Rana M. Usman","DR-200","EMDS Call","Rescue Operations","Delivery Case","2026/02/24 10:48:46 PM","Khanpur"
"269881","Rana M. Usman","DR-200","EMDS Call","Medical Emergency","High Fever","2026/02/24 10:55:49 PM","Rahim Yar Khan"
"269882","Nida Rahat","DR-1322","EMDS Call","Medical Emergency","Diarrhea","2026/02/24 10:57:09 PM","Rahim Yar Khan"
"269883","Sheeza Barkat","MR-5331","EMDS Call","Medical Emergency","Others","2026/02/24 11:06:42 PM","Rahim Yar Khan"
"269884","Zia ul Haq","DR-328","EMDS Call","Medical Emergency","Others","2026/02/24 11:06:09 PM","Rahim Yar Khan"
"269885","Rana M. Usman","DR-200","EMDS Call","Medical Emergency","Hypertension","2026/02/24 11:28:44 PM","Liaqatpur"
"269886","Zia ul Haq","DR-328","EMDS Call","Medical Emergency","SOB/ Respiratory Distress","2026/02/24 11:36:02 PM","Rahim Yar Khan"
"269887","Sheeza Barkat","MR-5331","EMDS Call","Medical Emergency","High Fever","2026/02/24 11:44:49 PM","Sadiqabad"
"269888","Zia ul Haq","DR-328","EMDS Call","Medical Emergency","Vomiting","2026/02/24 11:49:06 PM","Rahim Yar Khan"
"269889","Rana M. Usman","DR-200","EMDS Call","Rescue Operations","Animal/Bird Rescue","2026/02/24 11:50:59 PM","Rahim Yar Khan"
"269890","Rana M. Usman","DR-200","EMDS Call","Medical Emergency","Hypertension","2026/02/24 11:52:48 PM","Rahim Yar Khan"
"269891","Rana M. Usman","DR-200","EMDS Call","Medical Emergency","Vomiting","2026/02/24 11:58:18 PM","Sadiqabad"
"76593","Muhammad Abid","DR-874","Direct Call","Patient Transfer Service","N/A","2026/02/25 12:04:27 AM","Sadiqabad"
"269892","Muhammad Abid","DR-874","EMDS Call","Medical Emergency","Vomiting","2026/02/25 12:19:38 AM","Sadiqabad"
"269893","Zia ul Haq","DR-328","EMDS Call","Rescue Operations","Delivery Case","2026/02/25 12:26:09 AM","Rahim Yar Khan"
"269894","Muhammad Abid","DR-874","EMDS Call","Medical Emergency","Chest Pain","2026/02/25 12:28:24 AM","Rahim Yar Khan"
"269895","Sheeza Barkat","MR-5331","EMDS Call","Medical Emergency","Hypertension","2026/02/25 12:28:04 AM","Khanpur"
"76594","Muhammad Abid","DR-874","Direct Call","Patient Transfer Service","N/A","2026/02/25 12:30:13 AM","Sadiqabad"
"269896","Zia ul Haq","DR-328","EMDS Call","Rescue Operations","Delivery Case","2026/02/25 12:29:24 AM","Rahim Yar Khan"
"269897","Zia ul Haq","DR-328","EMDS Call","Rescue Operations","Delivery Case","2026/02/25 12:50:10 AM","Rahim Yar Khan"
"76595","Sheeza Barkat","MR-5331","Direct Call","Patient Transfer Service","N/A","2026/02/25 12:54:53 AM","Sadiqabad"
"76596","Sheeza Barkat","MR-5331","Direct Call","Patient Transfer Service","N/A","2026/02/25 01:03:36 AM","Sadiqabad"
"269899","Sheeza Barkat","MR-5331","EMDS Call","Medical Emergency","Others","2026/02/25 01:10:11 AM","Sadiqabad"
"269898","Muhammad Abid","DR-874","EMDS Call","Medical Emergency","Abdominal Pain","2026/02/25 01:11:36 AM","Rahim Yar Khan"
"269900","Zia ul Haq","DR-328","EMDS Call","Medical Emergency","Diabetic","2026/02/25 01:18:34 AM","Rahim Yar Khan"
"269901","Sheeza Barkat","MR-5331","EMDS Call","Medical Emergency","Epilepsy","2026/02/25 01:29:14 AM","Khanpur"
"76597","Muhammad Abid","DR-874","Direct Call","Patient Transfer Service","N/A","2026/02/25 01:32:41 AM","Khanpur"
"269902","Muhammad Abid","DR-874","EMDS Call","Medical Emergency","Diabetic","2026/02/25 01:37:59 AM","Khanpur"
"269903","Zia ul Haq","DR-328","EMDS Call","Medical Emergency","High Fever","2026/02/25 01:38:51 AM","Rahim Yar Khan"
"269904","Sheeza Barkat","MR-5331","EMDS Call","Road Crash","Bleeding","2026/02/25 01:45:59 AM","Sadiqabad"
"269905","Muhammad Abid","DR-874","EMDS Call","Medical Emergency","Joints Pain","2026/02/25 01:46:36 AM","Rahim Yar Khan"
"269906","Muhammad Abid","DR-874","EMDS Call","Medical Emergency","Backache","2026/02/25 03:26:00 AM","Rahim Yar Khan"
"269907","Nida Rahat","DR-1322","EMDS Call","Medical Emergency","Vomiting","2026/02/25 04:00:10 AM","Sadiqabad"
"269908","Saima Bashir","MR-5819","EMDS Call","Medical Emergency","Abdominal Pain","2026/02/25 04:12:34 AM","Sadiqabad"
"269909","Muhammad Abid","DR-874","EMDS Call","Medical Emergency","Chest Pain","2026/02/25 04:42:02 AM","Rahim Yar Khan"
"269910","Saima Bashir","MR-5819","EMDS Call","Road Crash","Minor Injuries","2026/02/25 04:52:20 AM","Sadiqabad"
"269911","Saima Bashir","MR-5819","EMDS Call","Medical Emergency","Epilepsy","2026/02/25 05:09:39 AM","Sadiqabad"
"269912","Muhammad Abid","DR-874","EMDS Call","Medical Emergency","Headache","2026/02/25 05:17:18 AM","Rahim Yar Khan"
"76598","Muhammad Abid","DR-874","Direct Call","Patient Transfer Service","N/A","2026/02/25 05:25:55 AM","Khanpur"
"269913","Saima Bashir","MR-5819","EMDS Call","Medical Emergency","Diabetic","2026/02/25 05:30:00 AM","Rahim Yar Khan"
"269915","Nida Rahat","DR-1322","EMDS Call","Medical Emergency","Hypertension","2026/02/25 06:11:45 AM","Rahim Yar Khan"
"269914","Saima Bashir","MR-5819","EMDS Call","Medical Emergency","Abdominal Pain","2026/02/25 06:12:23 AM","Rahim Yar Khan"
"269916","Muhammad Abid","DR-874","EMDS Call","Medical Emergency","Vomiting","2026/02/25 06:22:17 AM","Rahim Yar Khan"
"269917","Saima Bashir","MR-5819","EMDS Call","Medical Emergency","Vomiting","2026/02/25 06:26:35 AM","Rahim Yar Khan"
"269918","Saima Bashir","MR-5819","EMDS Call","Medical Emergency","Backache","2026/02/25 06:31:54 AM","Rahim Yar Khan"
"269919","Saima Bashir","MR-5819","EMDS Call","Medical Emergency","Abdominal Pain","2026/02/25 06:49:05 AM","Khanpur"
"269920","Nida Rahat","DR-1322","EMDS Call","Medical Emergency","High Fever","2026/02/25 07:04:06 AM","Rahim Yar Khan"
"269921","Rana M. Usman","DR-200","EMDS Call","Medical Emergency","SOB/ Respiratory Distress","2026/02/25 07:55:53 AM","Rahim Yar Khan"
"269922","Shahla Nawaz","DR-185","EMDS Call","Medical Emergency","Domestic Injuries","2026/02/25 07:56:33 AM","Rahim Yar Khan"
"269923","Muhammad Riaz","DR-654","EMDS Call","Medical Emergency","Vomiting","2026/02/25 08:04:55 AM","Khanpur"
"269924","Bushra Saleem","MR-5701","EMDS Call","Medical Emergency","Vomiting","2026/02/25 08:11:03 AM","Sadiqabad"
"269925","Muhammad ALi","DR-818","EMDS Call","Road Crash","Bleeding","2026/02/25 08:12:45 AM","Rahim Yar Khan"
"269926","Muhammad Riaz","DR-654","EMDS Call","Medical Emergency","Vomiting","2026/02/25 08:17:50 AM","Sadiqabad"
"269927","Muhammad ALi","DR-818","EMDS Call","Medical Emergency","Vomiting","2026/02/25 08:17:24 AM","Sadiqabad"
"269928","Muhammad Riaz","DR-654","Direct Call","Rescue Operations","Mass Event Coverage","2026/02/25 08:19:26 AM","Rahim Yar Khan"
"269929","Muhammad ALi","DR-818","Direct Call","Medical Emergency","High Fever","2026/02/25 08:19:54 AM","Rahim Yar Khan"
"269930","Muhammad ALi","DR-818","EMDS Call","Medical Emergency","Renal Disorders / Renal Colic ","2026/02/25 08:20:15 AM","Sadiqabad"
"269932","Bushra Saleem","MR-5701","EMDS Call","Medical Emergency","Abdominal Pain","2026/02/25 08:22:56 AM","Sadiqabad"
"269931","Bushra Saleem","MR-5701","EMDS Call","Medical Emergency","SOB/ Respiratory Distress","2026/02/25 08:27:43 AM","Liaqatpur"
"269933","Muhammad ALi","DR-818","EMDS Call","Road Crash","Minor Injuries","2026/02/25 08:31:39 AM","Khanpur"
"269934","Mureed Abbas","DR-900","EMDS Call","Medical Emergency","SOB/ Respiratory Distress","2026/02/25 08:38:11 AM","Khanpur"
"269935","Mureed Abbas","DR-900","EMDS Call","Road Crash","Bleeding","2026/02/25 08:41:53 AM","Rahim Yar Khan"
"76599","Bushra Saleem","MR-5701","Direct Call","Patient Transfer Service","N/A","2026/02/25 08:45:14 AM","Liaqatpur"
"269936","Mureed Abbas","DR-900","EMDS Call","Medical Emergency","Anxiety / Psychiatric Disorder","2026/02/25 08:44:37 AM","Rahim Yar Khan"
"269937","Muhammad ALi","DR-818","Direct Call","Rescue Operations","Mass Event Coverage","2026/02/25 08:48:44 AM","Khanpur"
"269938","Bushra Saleem","MR-5701","EMDS Call","Medical Emergency","Anxiety / Psychiatric Disorder","2026/02/25 08:48:21 AM","Sadiqabad"
"269939","Mureed Abbas","DR-900","EMDS Call","Medical Emergency","Joints Pain","2026/02/25 08:53:50 AM","Rahim Yar Khan"
"269940","Bushra Saleem","MR-5701","EMDS Call","Medical Emergency","Vomiting","2026/02/25 09:02:18 AM","Liaqatpur"
"269941","Muhammad ALi","DR-818","EMDS Call","Medical Emergency","Vomiting","2026/02/25 09:07:18 AM","Liaqatpur"
"269942","Muhammad ALi","DR-818","EMDS Call","Medical Emergency","Abdominal Pain","2026/02/25 09:13:52 AM","Liaqatpur"
"269943","Mureed Abbas","DR-900","EMDS Call","Road Crash","Bleeding","2026/02/25 09:15:39 AM","Rahim Yar Khan"
"269944","Muhammad Arshad","DR-198","EMDS Call","Rescue Operations","Snake Emergency","2026/02/25 09:17:28 AM","Rahim Yar Khan"
"269945","Yasir Ilyas","DR-893","EMDS Call","Medical Emergency","SOB/ Respiratory Distress","2026/02/25 09:36:29 AM","Rahim Yar Khan"
"269946","Mureed Abbas","DR-900","EMDS Call","Medical Emergency","SOB/ Respiratory Distress","2026/02/25 09:43:45 AM","Rahim Yar Khan"
"269947","Adnan Shabbir","DR-205","EMDS Call","Medical Emergency","High Fever","2026/02/25 09:51:04 AM","Khanpur"
"269950","Adnan Shabbir","DR-205","EMDS Call","Road Crash","Bleeding","2026/02/25 10:05:03 AM","Rahim Yar Khan"
"269948","Muhammad Arshad","DR-198","EMDS Call","Medical Emergency","Hypertension","2026/02/25 10:06:16 AM","Rahim Yar Khan"
"269949","Mureed Abbas","DR-900","EMDS Call","Road Crash","Bleeding","2026/02/25 10:06:10 AM","Sadiqabad"
"269951","Yasir Ilyas","DR-893","EMDS Call","Road Crash","Minor Injuries","2026/02/25 10:12:45 AM","Rahim Yar Khan"
"269952","Adnan Shabbir","DR-205","EMDS Call","Medical Emergency","Vertigo/ Dizziness","2026/02/25 10:16:23 AM","Rahim Yar Khan"
"76600","Mureed Abbas","DR-900","Direct Call","Patient Transfer Service","N/A","2026/02/25 10:17:26 AM","Sadiqabad"
"269953","Adnan Shabbir","DR-205","EMDS Call","Medical Emergency","Vomiting","2026/02/25 10:22:54 AM","Rahim Yar Khan"
"269955","Muhammad Arshad","DR-198","EMDS Call","Fall","Slipped On Floor","2026/02/25 10:30:23 AM","Rahim Yar Khan"
"269954","Yasir Ilyas","DR-893","EMDS Call","Medical Emergency","Anxiety / Psychiatric Disorder","2026/02/25 10:31:11 AM","Rahim Yar Khan"
"269956","Adnan Shabbir","DR-205","EMDS Call","Medical Emergency","SOB/ Respiratory Distress","2026/02/25 10:34:18 AM","Sadiqabad"
"269957","Adnan Shabbir","DR-205","EMDS Call","Medical Emergency","Chest Pain","2026/02/25 10:40:47 AM","Khanpur"
"269958","Mureed Abbas","DR-900","EMDS Call","Medical Emergency","Chest Pain","2026/02/25 10:38:50 AM","Liaqatpur"
"269959","Muhammad Arshad","DR-198","EMDS Call","Medical Emergency","Chest Pain","2026/02/25 10:42:25 AM","Rahim Yar Khan"
"269960","Yasir Ilyas","DR-893","EMDS Call","Medical Emergency","Hypertension","2026/02/25 10:43:40 AM","Rahim Yar Khan"
"269961","Adnan Shabbir","DR-205","EMDS Call","Medical Emergency","Vomiting","2026/02/25 10:50:28 AM","Rahim Yar Khan"
"76601","Mureed Abbas","DR-900","Direct Call","Patient Transfer Service","N/A","2026/02/25 10:51:39 AM","Khanpur"
"269962","Muhammad Arshad","DR-198","EMDS Call","Medical Emergency","Urinary Retention","2026/02/25 11:01:01 AM","Sadiqabad"
"269963","Adnan Shabbir","DR-205","EMDS Call","Medical Emergency","SOB/ Respiratory Distress","2026/02/25 11:03:04 AM","Rahim Yar Khan"
"76602","Mureed Abbas","DR-900","Direct Call","Patient Transfer Service","N/A","2026/02/25 11:10:47 AM","Khanpur"
"269965","Adnan Shabbir","DR-205","EMDS Call","Medical Emergency","Abdominal Pain","2026/02/25 11:14:44 AM","Rahim Yar Khan"
"269964","Muhammad Arshad","DR-198","EMDS Call","Medical Emergency","Anxiety / Psychiatric Disorder","2026/02/25 11:15:22 AM","Rahim Yar Khan"
"269966","Yasir Ilyas","DR-893","EMDS Call","Medical Emergency","Hypertension","2026/02/25 11:16:04 AM","Rahim Yar Khan"
"269967","Adnan Shabbir","DR-205","EMDS Call","Medical Emergency","Renal Disorders / Renal Colic ","2026/02/25 11:18:10 AM","Rahim Yar Khan"
"269968","Yasir Ilyas","DR-893","EMDS Call","Road Crash","Severe Trauma","2026/02/25 11:20:34 AM","Rahim Yar Khan"
"269969","Mureed Abbas","DR-900","EMDS Call","Medical Emergency","Anxiety / Psychiatric Disorder","2026/02/25 11:19:23 AM","Rahim Yar Khan"
"269970","Muhammad Arshad","DR-198","EMDS Call","Medical Emergency","Vertigo/ Dizziness","2026/02/25 11:25:43 AM","Rahim Yar Khan"
"269971","Adnan Shabbir","DR-205","EMDS Call","Medical Emergency","Hypertension","2026/02/25 11:27:32 AM","Rahim Yar Khan"
"Not Assigned","Mureed Abbas","DR-900","EMDS Call","Medical Emergency","Chest Pain","2026/02/25 11:39:34 AM","Khanpur"
"269973","Adnan Shabbir","DR-205","EMDS Call","Road Crash","Minor Injuries","2026/02/25 11:41:41 AM","Liaqatpur"
"Not Assigned","Yasir Ilyas","DR-893","Direct Call","Community","Community Training","2026/02/25 11:40:39 AM","Rahim Yar Khan"
"269975","Mureed Abbas","DR-900","EMDS Call","Medical Emergency","Vertigo/ Dizziness","2026/02/25 11:47:23 AM","Rahim Yar Khan"
"269976","Yasir Ilyas","DR-893","Direct Call","Medical Emergency","Abdominal Pain","2026/02/25 11:57:37 AM","Rahim Yar Khan"
"269978","Mureed Abbas","DR-900","Direct Call","Road Crash","Minor Injuries","2026/02/25 11:58:31 AM","Sadiqabad"
"269977","Adnan Shabbir","DR-205","EMDS Call","Medical Emergency","SOB/ Respiratory Distress","2026/02/25 11:59:14 AM","Liaqatpur"
"269979","Imran Anjum","DR-204","Direct Call","Medical Emergency","SOB/ Respiratory Distress","2026/02/25 12:04:23 PM","Sadiqabad"
"76603","Mureed Abbas","DR-900","Direct Call","Patient Transfer Service","N/A","2026/02/25 12:05:07 PM","Sadiqabad"
"269980","Adnan Shabbir","DR-205","EMDS Call","Medical Emergency","Hypertension","2026/02/25 12:09:03 PM","Khanpur"
"269981","Adnan Shabbir","DR-205","EMDS Call","Medical Emergency","High Fever","2026/02/25 12:19:23 PM","Liaqatpur"
"269982","Yasir Ilyas","DR-893","EMDS Call","Medical Emergency","Vertigo/ Dizziness","2026/02/25 12:21:35 PM","Khanpur"
"269983","Imran Anjum","DR-204","EMDS Call","Medical Emergency","CVA/Stroke","2026/02/25 12:20:31 PM","Liaqatpur"
"269984","Adnan Shabbir","DR-205","EMDS Call","Medical Emergency","High Fever","2026/02/25 12:23:33 PM","Liaqatpur"
"269985","Imran Anjum","DR-204","EMDS Call","Medical Emergency","Anxiety / Psychiatric Disorder","2026/02/25 12:34:02 PM","Sadiqabad"
"269986","Adnan Shabbir","DR-205","EMDS Call","Medical Emergency","Vomiting","2026/02/25 12:35:48 PM","Rahim Yar Khan"
"269987","Mureed Abbas","DR-900","EMDS Call","Medical Emergency","Hypertension","2026/02/25 12:40:00 PM","Rahim Yar Khan"
"269988","Yasir Ilyas","DR-893","EMDS Call","Medical Emergency","Urinary Retention","2026/02/25 12:44:04 PM","Rahim Yar Khan"
"269989","Imran Anjum","DR-204","EMDS Call","Medical Emergency","Vertigo/ Dizziness","2026/02/25 01:03:46 PM","Sadiqabad"
"269990","Adnan Shabbir","DR-205","EMDS Call","Crime","Probable Suicide","2026/02/25 01:09:41 PM","Sadiqabad"
"269991","Imran Anjum","DR-204","EMDS Call","Rescue Operations","Delivery Case","2026/02/25 01:15:37 PM","Sadiqabad"
"269992","Mureed Abbas","DR-900","EMDS Call","Road Crash","Bleeding","2026/02/25 01:18:11 PM","Rahim Yar Khan"
"269993","Imran Anjum","DR-204","EMDS Call","Road Crash","Minor Injuries","2026/02/25 01:29:58 PM","Khanpur"
"269994","Adnan Shabbir","DR-205","EMDS Call","Medical Emergency","High Fever","2026/02/25 01:32:17 PM","Rahim Yar Khan"
"269995","Mureed Abbas","DR-900","EMDS Call","Road Crash","Bleeding","2026/02/25 01:32:04 PM","Rahim Yar Khan"
"269996","Imran Anjum","DR-204","EMDS Call","Medical Emergency","Vomiting","2026/02/25 01:32:55 PM","Rahim Yar Khan"
"269997","Adnan Shabbir","DR-205","EMDS Call","Medical Emergency","High Fever","2026/02/25 01:36:17 PM","Liaqatpur"
"270000","Imran Anjum","DR-204","EMDS Call","Road Crash","Bleeding","2026/02/25 01:40:17 PM","Sadiqabad"
"269998","Adnan Shabbir","DR-205","EMDS Call","Medical Emergency","Joints Pain","2026/02/25 01:42:05 PM","Sadiqabad"
"269999","Imran Anjum","DR-204","EMDS Call","Road Crash","Bleeding","2026/02/25 01:42:26 PM","Rahim Yar Khan"
"270001","Mureed Abbas","DR-900","EMDS Call","Medical Emergency","Joints Pain","2026/02/25 01:56:25 PM","Rahim Yar Khan"
"76604","Mureed Abbas","DR-900","Direct Call","Patient Transfer Service","N/A","2026/02/25 02:03:14 PM","Liaqatpur"
"270002","Imran Anjum","DR-204","EMDS Call","Medical Emergency","Joints Pain","2026/02/25 02:05:42 PM","Rahim Yar Khan"
"270003","Maheen Tahir","MR-6017","EMDS Call","Medical Emergency","CVA/Stroke","2026/02/25 02:31:52 PM","Khanpur"
"270004","Farah Sadaqat","MR-5930","EMDS Call","Fire","Others","2026/02/25 02:35:21 PM","Sadiqabad"
"76605","Adnan Shabbir","DR-205","Direct Call","Patient Transfer Service","N/A","2026/02/25 02:38:00 PM","Liaqatpur"
"270008","Maheen Tahir","MR-6017","EMDS Call","Medical Emergency","SOB/ Respiratory Distress","2026/02/25 02:42:26 PM","Rahim Yar Khan"
"270005","Maheen Tahir","MR-6017","Direct Call","Fire","Others","2026/02/25 02:47:10 PM","Rahim Yar Khan"
"270007","Farah Sadaqat","MR-5930","EMDS Call","Medical Emergency","Hypertension","2026/02/25 02:43:56 PM","Rahim Yar Khan"
"270006","Saqib Nasim","DR-197","EMDS Call","Road Crash","Minor Injuries","2026/02/25 02:45:03 PM","Rahim Yar Khan"
"270010","Maheen Tahir","MR-6017","EMDS Call","Medical Emergency","SOB/ Respiratory Distress","2026/02/25 02:58:06 PM","Rahim Yar Khan"
"270009","Mureed Abbas","DR-900","EMDS Call","Medical Emergency","SOB/ Respiratory Distress","2026/02/25 02:59:10 PM","Rahim Yar Khan"
"270011","Mureed Abbas","DR-900","EMDS Call","Rescue Operations","Delivery Case","2026/02/25 03:04:55 PM","Rahim Yar Khan"
"76606","Saqib Nasim","DR-197","Direct Call","Patient Transfer Service","N/A","2026/02/25 03:08:27 PM","Sadiqabad"
"270012","Saqib Nasim","DR-197","EMDS Call","Medical Emergency","Joints Pain","2026/02/25 03:12:31 PM","Rahim Yar Khan"
"270013","Maheen Tahir","MR-6017","EMDS Call","Medical Emergency","Others","2026/02/25 03:18:20 PM","Rahim Yar Khan"
"270014","Mureed Abbas","DR-900","EMDS Call","Medical Emergency","SOB/ Respiratory Distress","2026/02/25 03:19:16 PM","Rahim Yar Khan"
"270015","Farah Sadaqat","MR-5930","EMDS Call","Medical Emergency","Hypertension","2026/02/25 03:21:23 PM","Rahim Yar Khan"
"270016","Mureed Abbas","DR-900","EMDS Call","Medical Emergency","Joints Pain","2026/02/25 03:25:18 PM","Sadiqabad"
"76607","Saqib Nasim","DR-197","Direct Call","Patient Transfer Service","N/A","2026/02/25 03:30:49 PM","Sadiqabad"
"270017","Farah Sadaqat","MR-5930","EMDS Call","Medical Emergency","SOB/ Respiratory Distress","2026/02/25 03:32:55 PM","Sadiqabad"
"270018","Saqib Nasim","DR-197","EMDS Call","Medical Emergency","Vertigo/ Dizziness","2026/02/25 03:35:29 PM","Rahim Yar Khan"
"270019","Maheen Tahir","MR-6017","EMDS Call","Crime","Physical Assault/Violence","2026/02/25 03:35:21 PM","Liaqatpur"
"270020","Farah Sadaqat","MR-5930","EMDS Call","Medical Emergency","Vomiting","2026/02/25 03:38:12 PM","Rahim Yar Khan"
"76608","Maheen Tahir","MR-6017","Direct Call","Patient Transfer Service","N/A","2026/02/25 03:48:09 PM","Sadiqabad"
"270021","Farah Sadaqat","MR-5930","EMDS Call","Medical Emergency","Chest Pain","2026/02/25 03:50:45 PM","Rahim Yar Khan"
"76609","Saqib Nasim","DR-197","Direct Call","Patient Transfer Service","N/A","2026/02/25 03:56:48 PM","Sadiqabad"
"76610","Saqib Nasim","DR-197","Direct Call","Patient Transfer Service","N/A","2026/02/25 04:01:05 PM","Sadiqabad"
"Not Assigned","Maheen Tahir","MR-6017","Direct Call","Industrial Inspection","Industrial Inspection","2026/02/25 04:16:00 PM","Rahim Yar Khan"
"270023","Farah Sadaqat","MR-5930","EMDS Call","Medical Emergency","Unconscious","2026/02/25 04:15:34 PM","Rahim Yar Khan"
"270024","Farah Sadaqat","MR-5930","EMDS Call","Medical Emergency","Chest Pain","2026/02/25 04:21:11 PM","Sadiqabad"
"270025","Mureed Abbas","DR-900","EMDS Call","Medical Emergency","Urinary Retention","2026/02/25 04:21:09 PM","Rahim Yar Khan"
"270026","Mureed Abbas","DR-900","EMDS Call","Medical Emergency","Domestic Injuries","2026/02/25 04:28:40 PM","Rahim Yar Khan"
"270027","Saqib Nasim","DR-197","Direct Call","Medical Emergency","Chest Pain","2026/02/25 04:30:12 PM","Rahim Yar Khan"
"270028","Saqib Nasim","DR-197","Direct Call","Medical Emergency","Hypertension","2026/02/25 04:35:25 PM","Rahim Yar Khan"
"270029","Farah Sadaqat","MR-5930","EMDS Call","Medical Emergency","Hypertension","2026/02/25 04:35:06 PM","Sadiqabad"
"270030","Maheen Tahir","MR-6017","EMDS Call","Medical Emergency","Hypertension","2026/02/25 04:37:21 PM","Khanpur"
"270031","Mureed Abbas","DR-900","EMDS Call","Medical Emergency","Gynae Problem","2026/02/25 04:46:46 PM","Sadiqabad"
"270032","Muhammad Zahid","DR-888","EMDS Call","Road Crash","Minor Injuries","2026/02/25 04:47:10 PM","Sadiqabad"
"270033","Farah Sadaqat","MR-5930","EMDS Call","Medical Emergency","Others","2026/02/25 04:49:53 PM","Rahim Yar Khan"
"270034","Muhammad Zahid","DR-888","EMDS Call","Fire","Others","2026/02/25 04:51:30 PM","Rahim Yar Khan"
"76611","Saqib Nasim","DR-197","Direct Call","Patient Transfer Service","N/A","2026/02/25 04:56:27 PM","Khanpur"
"270035","Farah Sadaqat","MR-5930","EMDS Call","Medical Emergency","Hypertension","2026/02/25 04:59:18 PM","Sadiqabad"
"270036","Muhammad Zahid","DR-888","EMDS Call","Medical Emergency","Hypotension","2026/02/25 05:00:57 PM","Liaqatpur"
"270038","Farah Sadaqat","MR-5930","EMDS Call","Crime","Probable Suicide","2026/02/25 05:02:00 PM","Rahim Yar Khan"
"270037","Muhammad Zahid","DR-888","EMDS Call","Medical Emergency","Anxiety / Psychiatric Disorder","2026/02/25 05:03:53 PM","Rahim Yar Khan"
"270039","Muhammad Zahid","DR-888","EMDS Call","Road Crash","Minor Injuries","2026/02/25 05:17:21 PM","Rahim Yar Khan"
"270040","Muhammad Abid","DR-874","EMDS Call","Medical Emergency","SOB/ Respiratory Distress","2026/02/25 05:18:55 PM","Rahim Yar Khan"
"270041","Muhammad Abid","DR-874","EMDS Call","Fire","Others","2026/02/25 05:23:08 PM","Khanpur"
"270043","Muhammad Zahid","DR-888","EMDS Call","Medical Emergency","Chest Pain","2026/02/25 05:34:00 PM","Khanpur"
"270042","Farah Sadaqat","MR-5930","EMDS Call","Medical Emergency","Anxiety / Psychiatric Disorder","2026/02/25 05:33:42 PM","Rahim Yar Khan"
"270044","Saqib Nasim","DR-197","EMDS Call","Medical Emergency","Domestic Injuries","2026/02/25 05:36:27 PM","Liaqatpur"
"270045","Saqib Nasim","DR-197","EMDS Call","Medical Emergency","High Fever","2026/02/25 05:48:16 PM","Rahim Yar Khan"
"270046","Muhammad Zahid","DR-888","EMDS Call","Fall","Fall From Tree","2026/02/25 05:50:12 PM","Rahim Yar Khan"
"270047","Farah Sadaqat","MR-5930","EMDS Call","Road Crash","Severe Trauma","2026/02/25 05:52:21 PM","Rahim Yar Khan"
"270048","Saqib Nasim","DR-197","EMDS Call","Road Crash","Bleeding","2026/02/25 05:56:26 PM","Sadiqabad"
"270049","Saqib Nasim","DR-197","EMDS Call","Road Crash","Bleeding","2026/02/25 06:09:23 PM","Sadiqabad"
"270050","Farah Sadaqat","MR-5930","EMDS Call","Road Crash","Minor Injuries","2026/02/25 06:09:17 PM","Sadiqabad"
"Not Assigned","Muhammad Zahid","DR-888","EMDS Call","Road Crash","Severe Trauma","2026/02/25 06:10:27 PM","Sadiqabad"
"270052","Farah Sadaqat","MR-5930","EMDS Call","Road Crash","Minor Injuries","2026/02/25 06:16:31 PM","Rahim Yar Khan"
"270053","Farah Sadaqat","MR-5930","EMDS Call","Medical Emergency","Unconscious","2026/02/25 06:22:08 PM","Rahim Yar Khan"
"270054","Muhammad Zahid","DR-888","EMDS Call","Medical Emergency","Joints Pain","2026/02/25 06:24:16 PM","Rahim Yar Khan"
"76612","Saqib Nasim","DR-197","Direct Call","Patient Transfer Service","N/A","2026/02/25 06:38:46 PM","Liaqatpur"
"270055","Saqib Nasim","DR-197","EMDS Call","Medical Emergency","Vertigo/ Dizziness","2026/02/25 06:41:19 PM","Rahim Yar Khan"
"270056","Muhammad Zahid","DR-888","EMDS Call","Road Crash","Severe Trauma","2026/02/25 06:43:05 PM","Rahim Yar Khan"
"270057","Farah Sadaqat","MR-5930","EMDS Call","Medical Emergency","SOB/ Respiratory Distress","2026/02/25 06:43:02 PM","Rahim Yar Khan"
"270058","Saqib Nasim","DR-197","EMDS Call","Rescue Operations","Scalds/Burn Due To Negligence","2026/02/25 06:48:53 PM","Rahim Yar Khan"
"270059","Farah Sadaqat","MR-5930","EMDS Call","Medical Emergency","Diabetic","2026/02/25 06:52:03 PM","Rahim Yar Khan"
"270060","Saqib Nasim","DR-197","EMDS Call","Medical Emergency","Unconscious","2026/02/25 06:55:29 PM","Rahim Yar Khan"
"270061","Farah Sadaqat","MR-5930","EMDS Call","Medical Emergency","SOB/ Respiratory Distress","2026/02/25 06:55:46 PM","Khanpur"
"76613","Saqib Nasim","DR-197","Direct Call","Patient Transfer Service","N/A","2026/02/25 06:59:12 PM","Sadiqabad"
"270062","Saqib Nasim","DR-197","EMDS Call","Medical Emergency","Hypertension","2026/02/25 07:00:51 PM","Rahim Yar Khan"
"270063","Farah Sadaqat","MR-5930","EMDS Call","Medical Emergency","Hypertension","2026/02/25 07:00:44 PM","Rahim Yar Khan"
"270065","Muhammad Zahid","DR-888","EMDS Call","Medical Emergency","High Fever","2026/02/25 07:02:56 PM","Rahim Yar Khan"
"270064","Saqib Nasim","DR-197","EMDS Call","Medical Emergency","Backache","2026/02/25 07:03:52 PM","Rahim Yar Khan"
"270066","Farah Sadaqat","MR-5930","EMDS Call","Medical Emergency","Joints Pain","2026/02/25 07:04:09 PM","Liaqatpur"
"270067","Maheen Tahir","MR-6017","EMDS Call","Road Crash","Bleeding","2026/02/25 07:07:37 PM","Khanpur"
"270068","Saqib Nasim","DR-197","EMDS Call","Medical Emergency","High Fever","2026/02/25 07:06:41 PM","Rahim Yar Khan"
"270069","Farah Sadaqat","MR-5930","EMDS Call","Road Crash","Severe Trauma","2026/02/25 07:14:34 PM","Khanpur"
"270070","Maheen Tahir","MR-6017","EMDS Call","Medical Emergency","Abdominal Pain","2026/02/25 07:14:15 PM","Rahim Yar Khan"
"76614","Saqib Nasim","DR-197","Direct Call","Patient Transfer Service","N/A","2026/02/25 07:21:21 PM","Sadiqabad"
"270071","Maheen Tahir","MR-6017","EMDS Call","Medical Emergency","SOB/ Respiratory Distress","2026/02/25 07:22:32 PM","Rahim Yar Khan"
"270072","Maheen Tahir","MR-6017","EMDS Call","Medical Emergency","Anxiety / Psychiatric Disorder","2026/02/25 07:40:30 PM","Rahim Yar Khan"
"270073","Maheen Tahir","MR-6017","EMDS Call","Medical Emergency","Vomiting","2026/02/25 07:49:27 PM","Sadiqabad"
"270074","Maheen Tahir","MR-6017","EMDS Call","Fire","Short Circuit","2026/02/25 07:53:15 PM","Khanpur"
"270075","Farah Sadaqat","MR-5930","EMDS Call","Rescue Operations","Delivery Case","2026/02/25 07:55:02 PM","Sadiqabad"
"270076","Farah Sadaqat","MR-5930","EMDS Call","Road Crash","Minor Injuries","2026/02/25 08:00:48 PM","Khanpur"
"270077","Farah Sadaqat","MR-5930","EMDS Call","Medical Emergency","High Fever","2026/02/25 08:13:26 PM","Rahim Yar Khan"
"270078","Saqib Nasim","DR-197","EMDS Call","Medical Emergency","Vertigo/ Dizziness","2026/02/25 08:24:57 PM","Rahim Yar Khan"
"270082","Farah Sadaqat","MR-5930","EMDS Call","Medical Emergency","Anxiety / Psychiatric Disorder","2026/02/25 08:26:17 PM","Rahim Yar Khan"
"270079","Farah Sadaqat","MR-5930","EMDS Call","Fire","Others","2026/02/25 08:29:54 PM","Khanpur"
"270080","Saqib Nasim","DR-197","EMDS Call","Medical Emergency","Epilepsy","2026/02/25 08:33:19 PM","Rahim Yar Khan"
"270081","Farah Sadaqat","MR-5930","EMDS Call","Medical Emergency","Anxiety / Psychiatric Disorder","2026/02/25 08:35:15 PM","Khanpur"
"270083","Farah Sadaqat","MR-5930","EMDS Call","Medical Emergency","Hypotension","2026/02/25 08:47:26 PM","Liaqatpur"
"270084","Nida Rahat","DR-1322","EMDS Call","Medical Emergency","Anxiety / Psychiatric Disorder","2026/02/25 08:50:37 PM","Sadiqabad"
"270086","Aasia Batool","MR-5198","EMDS Call","Medical Emergency","Anxiety / Psychiatric Disorder","2026/02/25 08:54:35 PM","Rahim Yar Khan"
"270087","Saima Bashir","MR-5819","EMDS Call","Medical Emergency","Backache","2026/02/25 08:55:02 PM","Rahim Yar Khan"
"270085","Nida Rahat","DR-1322","EMDS Call","Rescue Operations","Delivery Case","2026/02/25 08:54:30 PM","Rahim Yar Khan"
"76615","Aasia Batool","MR-5198","Direct Call","Patient Transfer Service","N/A","2026/02/25 09:02:24 PM","Sadiqabad"
"270088","Aasia Batool","MR-5198","EMDS Call","Medical Emergency","Chest Pain","2026/02/25 09:06:24 PM","Rahim Yar Khan"
"270089","Aasia Batool","MR-5198","EMDS Call","Medical Emergency","Hypertension","2026/02/25 09:18:31 PM","Rahim Yar Khan"
"270090","Saima Bashir","MR-5819","EMDS Call","Medical Emergency","Vomiting","2026/02/25 09:22:09 PM","Rahim Yar Khan"
"270091","Aasia Batool","MR-5198","EMDS Call","Medical Emergency","Anxiety / Psychiatric Disorder","2026/02/25 09:27:26 PM","Rahim Yar Khan"
"270092","Saima Bashir","MR-5819","EMDS Call","Medical Emergency","Anxiety / Psychiatric Disorder","2026/02/25 09:27:52 PM","Khanpur"
"270093","Zahid Manzoor","DR-887","EMDS Call","Medical Emergency","SOB/ Respiratory Distress","2026/02/25 09:30:52 PM","Sadiqabad"
"76616","Saima Bashir","MR-5819","Direct Call","Patient Transfer Service","N/A","2026/02/25 09:42:43 PM","Sadiqabad"
"270094","Zahid Manzoor","DR-887","EMDS Call","Medical Emergency","Abdominal Pain","2026/02/25 09:42:13 PM","Rahim Yar Khan"
"270095","Aasia Batool","MR-5198","EMDS Call","Medical Emergency","Joints Pain","2026/02/25 09:49:31 PM","Rahim Yar Khan"
"270096","Zahid Manzoor","DR-887","EMDS Call","Road Crash","Minor Injuries","2026/02/25 09:50:51 PM","Rahim Yar Khan"
"270097","Nida Rahat","DR-1322","EMDS Call","Fire","Others","2026/02/25 10:06:37 PM","Sadiqabad"
"270098","Aasia Batool","MR-5198","EMDS Call","Medical Emergency","Headache","2026/02/25 10:10:44 PM","Rahim Yar Khan"
"270099","Zahid Manzoor","DR-887","EMDS Call","Road Crash","Minor Injuries","2026/02/25 10:24:06 PM","Liaqatpur"
"270100","Nida Rahat","DR-1322","EMDS Call","Medical Emergency","Renal Disorders / Renal Colic ","2026/02/25 10:28:24 PM","Khanpur"
"270101","Aasia Batool","MR-5198","EMDS Call","Medical Emergency","Hypotension","2026/02/25 10:30:10 PM","Khanpur"
"270102","Zia ul Haq","DR-328","EMDS Call","Medical Emergency","Anxiety / Psychiatric Disorder","2026/02/25 10:34:53 PM","Rahim Yar Khan"
"270103","Nida Rahat","DR-1322","EMDS Call","Medical Emergency","Joints Pain","2026/02/25 10:37:17 PM","Rahim Yar Khan"
"76617","Saima Bashir","MR-5819","Direct Call","Patient Transfer Service","N/A","2026/02/25 10:41:24 PM","Khanpur"
"270104","Nida Rahat","DR-1322","EMDS Call","Medical Emergency","Vomiting","2026/02/25 10:43:07 PM","Rahim Yar Khan"
"270105","Zia ul Haq","DR-328","EMDS Call","Crime","Bullet Injury","2026/02/25 10:47:21 PM","Khanpur"
"270106","Zia ul Haq","DR-328","EMDS Call","Medical Emergency","Renal Disorders / Renal Colic ","2026/02/25 10:50:45 PM","Rahim Yar Khan"
"270107","Zia ul Haq","DR-328","EMDS Call","Medical Emergency","Headache","2026/02/25 11:01:16 PM","Rahim Yar Khan"
"270108","Zia ul Haq","DR-328","EMDS Call","Rescue Operations","Animal/Bird Rescue","2026/02/25 11:18:24 PM","Khanpur"
"76618","Muhammad Fiaz","DR-206","Direct Call","Patient Transfer Service","N/A","2026/02/25 11:31:59 PM","Khanpur"
"76619","Zahid Manzoor","DR-887","Direct Call","Patient Transfer Service","N/A","2026/02/25 11:34:02 PM","Sadiqabad"
"76620","Zahid Manzoor","DR-887","Direct Call","Patient Transfer Service","N/A","2026/02/25 11:40:52 PM","Sadiqabad"
"270109","Zahid Manzoor","DR-887","EMDS Call","Medical Emergency","SOB/ Respiratory Distress","2026/02/25 11:42:51 PM","Sadiqabad"
"270110","Saima Bashir","MR-5819","EMDS Call","Medical Emergency","Backache","2026/02/25 11:44:38 PM","Rahim Yar Khan"
"270111","Muhammad Fiaz","DR-206","EMDS Call","Medical Emergency","SOB/ Respiratory Distress","2026/02/25 11:50:17 PM","Liaqatpur"
"270112","Muhammad Fiaz","DR-206","EMDS Call","Medical Emergency","SOB/ Respiratory Distress","2026/02/26 12:03:02 AM","Rahim Yar Khan"
"76621","Saima Bashir","MR-5819","Direct Call","Patient Transfer Service","N/A","2026/02/26 12:04:39 AM","Sadiqabad"
"270113","Saima Bashir","MR-5819","EMDS Call","Rescue Operations","Delivery Case","2026/02/26 12:28:53 AM","Khanpur"
"270114","Zahid Manzoor","DR-887","EMDS Call","Road Crash","Multiple Fractures","2026/02/26 12:33:16 AM","Rahim Yar Khan"
"270115","Saima Bashir","MR-5819","EMDS Call","Medical Emergency","Hypertension","2026/02/26 12:50:16 AM","Sadiqabad"
"270116","Muhammad Fiaz","DR-206","EMDS Call","Medical Emergency","Hypertension","2026/02/26 01:16:04 AM","Sadiqabad"
"270117","Zahid Manzoor","DR-887","EMDS Call","Medical Emergency","Abdominal Pain","2026/02/26 01:23:13 AM","Sadiqabad"
"270118","Saima Bashir","MR-5819","EMDS Call","Medical Emergency","Abdominal Pain","2026/02/26 01:25:47 AM","Sadiqabad"
"270119","Muhammad Fiaz","DR-206","EMDS Call","Medical Emergency","High Fever","2026/02/26 01:35:48 AM","Rahim Yar Khan"
"270121","Zahid Manzoor","DR-887","EMDS Call","Rescue Operations","Delivery Case","2026/02/26 01:45:24 AM","Khanpur"
"270120","Muhammad Fiaz","DR-206","EMDS Call","Medical Emergency","High Fever","2026/02/26 01:45:15 AM","Rahim Yar Khan"
"270122","Muhammad Fiaz","DR-206","EMDS Call","Medical Emergency","SOB/ Respiratory Distress","2026/02/26 01:48:51 AM","Sadiqabad"
"270123","Zahid Manzoor","DR-887","EMDS Call","Fire","Others","2026/02/26 02:01:18 AM","Liaqatpur"
"270124","Muhammad Fiaz","DR-206","EMDS Call","Medical Emergency","SOB/ Respiratory Distress","2026/02/26 02:03:01 AM","Rahim Yar Khan"
"Not Assigned","Zahid Manzoor","DR-887","EMDS Call","Medical Emergency","Vomiting","2026/02/26 02:07:51 AM","Rahim Yar Khan"
"76622","Zahid Manzoor","DR-887","Direct Call","Patient Transfer Service","N/A","2026/02/26 02:15:25 AM","Sadiqabad"
"270125","Muhammad Fiaz","DR-206","EMDS Call","Medical Emergency","Anxiety / Psychiatric Disorder","2026/02/26 02:16:59 AM","Rahim Yar Khan"
"270126","Saima Bashir","MR-5819","EMDS Call","Medical Emergency","SOB/ Respiratory Distress","2026/02/26 02:18:49 AM","Rahim Yar Khan"
"76623","Zahid Manzoor","DR-887","Direct Call","Patient Transfer Service","N/A","2026/02/26 02:31:48 AM","Liaqatpur"
"270127","Muhammad Fiaz","DR-206","EMDS Call","Medical Emergency","Vomiting","2026/02/26 02:36:05 AM","Rahim Yar Khan"
"270128","Saima Bashir","MR-5819","EMDS Call","Medical Emergency","SOB/ Respiratory Distress","2026/02/26 02:52:25 AM","Rahim Yar Khan"
"270129","Muhammad Fiaz","DR-206","EMDS Call","Medical Emergency","SOB/ Respiratory Distress","2026/02/26 02:57:19 AM","Sadiqabad"
"76624","Muhammad Fiaz","DR-206","Direct Call","Patient Transfer Service","N/A","2026/02/26 03:16:30 AM","Sadiqabad"
"270130","Zahid Manzoor","DR-887","EMDS Call","Medical Emergency","High Fever","2026/02/26 03:19:34 AM","Khanpur"
"270131","Nida Rahat","DR-1322","EMDS Call","Medical Emergency","Abdominal Pain","2026/02/26 03:46:19 AM","Rahim Yar Khan"
"270132","Nida Rahat","DR-1322","EMDS Call","Medical Emergency","Urinary Retention","2026/02/26 04:14:54 AM","Rahim Yar Khan"
"270133","Adil Iqbal","DR-782","EMDS Call","Medical Emergency","SOB/ Respiratory Distress","2026/02/26 04:27:44 AM","Khanpur"
"270134","Aasia Batool","MR-5198","EMDS Call","Medical Emergency","SOB/ Respiratory Distress","2026/02/26 04:29:34 AM","Rahim Yar Khan"
"270135","Nida Rahat","DR-1322","EMDS Call","Medical Emergency","SOB/ Respiratory Distress","2026/02/26 05:02:36 AM","Sadiqabad"
"270136","Nida Rahat","DR-1322","EMDS Call","Medical Emergency","Epilepsy","2026/02/26 05:21:24 AM","Khanpur"
"270137","Nida Rahat","DR-1322","EMDS Call","Medical Emergency","Abdominal Pain","2026/02/26 05:26:55 AM","Khanpur"
"270138","Nida Rahat","DR-1322","EMDS Call","Medical Emergency","Hypertension","2026/02/26 06:02:35 AM","Liaqatpur"
"270139","Aasia Batool","MR-5198","EMDS Call","Road Crash","Bleeding","2026/02/26 06:05:18 AM","Rahim Yar Khan"
"270140","Aasia Batool","MR-5198","EMDS Call","Medical Emergency","High Fever","2026/02/26 06:12:28 AM","Rahim Yar Khan"
"270141","Adil Iqbal","DR-782","EMDS Call","Medical Emergency","Gynae Problem","2026/02/26 06:19:47 AM","Rahim Yar Khan"
"270142","Nida Rahat","DR-1322","EMDS Call","Medical Emergency","Hypertension","2026/02/26 06:41:20 AM","Rahim Yar Khan"
"270143","Aasia Batool","MR-5198","EMDS Call","Medical Emergency","Unconscious","2026/02/26 07:07:33 AM","Sadiqabad"
"270144","Adil Iqbal","DR-782","EMDS Call","Medical Emergency","Chest Pain","2026/02/26 07:18:16 AM","Rahim Yar Khan"
"270145","Nida Rahat","DR-1322","EMDS Call","Medical Emergency","Hypertension","2026/02/26 07:33:28 AM","Liaqatpur"
"270146","Aasia Batool","MR-5198","EMDS Call","Medical Emergency","Chronic Illness","2026/02/26 07:34:16 AM","Rahim Yar Khan"
"270147","Muhammad Fiaz","DR-206","EMDS Call","Medical Emergency","Joints Pain","2026/02/26 07:57:39 AM","Rahim Yar Khan"
"270148","Muhammad Abid","DR-874","EMDS Call","Rescue Operations","Delivery Case","2026/02/26 08:00:58 AM","Rahim Yar Khan"
"270149","Muhammad Riaz","DR-654","EMDS Call","Medical Emergency","High Fever","2026/02/26 08:11:09 AM","Liaqatpur"
"270150","Muhammad Fiaz","DR-206","Direct Call","Rescue Operations","Mass Event Coverage","2026/02/26 08:10:36 AM","Rahim Yar Khan"
"270151","Muhammad Fiaz","DR-206","EMDS Call","Medical Emergency","Joints Pain","2026/02/26 08:15:57 AM","Rahim Yar Khan"
"270152","Muhammad Abid","DR-874","EMDS Call","Medical Emergency","High Fever","2026/02/26 08:23:23 AM","Sadiqabad"
"270153","Muhammad Fiaz","DR-206","EMDS Call","Medical Emergency","Diarrhea","2026/02/26 08:32:32 AM","Liaqatpur"
"270154","Muhammad Arshad","DR-198","EMDS Call","Medical Emergency","Abdominal Pain","2026/02/26 08:34:02 AM","Khanpur"
"270155","Muhammad Fiaz","DR-206","EMDS Call","Medical Emergency","Diabetic","2026/02/26 08:35:20 AM","Sadiqabad"
"270156","Muhammad Fiaz","DR-206","EMDS Call","Road Crash","Bleeding","2026/02/26 08:42:42 AM","Rahim Yar Khan"
"270157","Muhammad Abid","DR-874","EMDS Call","Medical Emergency","Anxiety / Psychiatric Disorder","2026/02/26 08:47:00 AM","Rahim Yar Khan"
"270158","Muhammad Riaz","DR-654","EMDS Call","Medical Emergency","SOB/ Respiratory Distress","2026/02/26 08:48:16 AM","Liaqatpur"
"270159","Muhammad Arshad","DR-198","EMDS Call","Medical Emergency","SOB/ Respiratory Distress","2026/02/26 08:59:10 AM","Sadiqabad"
"270160","Muhammad Fiaz","DR-206","EMDS Call","Medical Emergency","SOB/ Respiratory Distress","2026/02/26 09:00:48 AM","Khanpur"
"270161","Muhammad Abid","DR-874","Direct Call","Rescue Operations","Mass Event Coverage","2026/02/26 09:01:41 AM","Khanpur"
"270162","Muhammad Riaz","DR-654","EMDS Call","Medical Emergency","Anxiety / Psychiatric Disorder","2026/02/26 09:01:56 AM","Rahim Yar Khan"
"270163","Muhammad Arshad","DR-198","EMDS Call","Road Crash","Severe Trauma","2026/02/26 09:09:04 AM","Rahim Yar Khan"
"270164","Muhammad AAmar","DR-915","EMDS Call","Road Crash","Severe Trauma","2026/02/26 09:18:50 AM","Rahim Yar Khan"
"270165","Muhammad Abid","DR-874","EMDS Call","Road Crash","Bleeding","2026/02/26 09:22:43 AM","Khanpur"
"270166","Muhammad Abid","DR-874","EMDS Call","Medical Emergency","SOB/ Respiratory Distress","2026/02/26 09:28:18 AM","Rahim Yar Khan"
"270167","Muhammad AAmar","DR-915","EMDS Call","Road Crash","Minor Injuries","2026/02/26 09:37:20 AM","Rahim Yar Khan"
"270168","Muhammad Abid","DR-874","EMDS Call","Medical Emergency","Anxiety / Psychiatric Disorder","2026/02/26 09:36:38 AM","Rahim Yar Khan"
"Not Assigned","Muhammad Abid","DR-874","Direct Call","High Raised Building Inspection","High Raised Building Inspection","2026/02/26 09:39:41 AM","Rahim Yar Khan"
"76625","Zupasha Zia","MR-5758","Direct Call","Patient Transfer Service","N/A","2026/02/26 09:47:57 AM","Sadiqabad"
"270170","Yasir Ilyas","DR-893","EMDS Call","Medical Emergency","Diabetic","2026/02/26 09:48:35 AM","Khanpur"
"76626","Zupasha Zia","MR-5758","Direct Call","Patient Transfer Service","N/A","2026/02/26 09:51:17 AM","Liaqatpur"
"270171","Muhammad AAmar","DR-915","EMDS Call","Medical Emergency","Gynae Problem","2026/02/26 10:00:48 AM","Liaqatpur"
"76627","Yasir Ilyas","DR-893","Direct Call","Patient Transfer Service","N/A","2026/02/26 10:01:19 AM","Sadiqabad"
"270173","Muhammad AAmar","DR-915","EMDS Call","Medical Emergency","Abdominal Pain","2026/02/26 10:12:45 AM","Rahim Yar Khan"
"270172","Muhammad Abid","DR-874","EMDS Call","Medical Emergency","Anxiety / Psychiatric Disorder","2026/02/26 10:12:11 AM","Rahim Yar Khan"
"270174","Zupasha Zia","MR-5758","EMDS Call","Crime","Probable Suicide","2026/02/26 10:15:30 AM","Liaqatpur"
"270175","Muhammad Abid","DR-874","EMDS Call","Medical Emergency","Vomiting","2026/02/26 10:16:32 AM","Rahim Yar Khan"
"270176","Zupasha Zia","MR-5758","EMDS Call","Fall","Slipped On Floor","2026/02/26 10:21:52 AM","Rahim Yar Khan"
"270177","Zupasha Zia","MR-5758","EMDS Call","Medical Emergency","SOB/ Respiratory Distress","2026/02/26 10:26:21 AM","Sadiqabad"
"270178","Muhammad Abid","DR-874","EMDS Call","Medical Emergency","SOB/ Respiratory Distress","2026/02/26 10:31:43 AM","Liaqatpur"
"270179","Adnan Shabbir","DR-205","EMDS Call","Medical Emergency","Vomiting","2026/02/26 10:33:16 AM","Sadiqabad"
"270180","Muhammad Abid","DR-874","EMDS Call","Medical Emergency","Chronic Illness","2026/02/26 10:35:13 AM","Rahim Yar Khan"
"270181","Yasir Ilyas","DR-893","EMDS Call","Medical Emergency","SOB/ Respiratory Distress","2026/02/26 10:36:18 AM","Khanpur"
"Not Assigned","Adnan Shabbir","DR-205","EMDS Call","Medical Emergency","CVA/Stroke","2026/02/26 10:37:24 AM","Sadiqabad"
"270183","Yasir Ilyas","DR-893","EMDS Call","Road Crash","Bleeding","2026/02/26 10:41:24 AM","Rahim Yar Khan"
"270184","Zupasha Zia","MR-5758","EMDS Call","Road Crash","Minor Injuries","2026/02/26 10:41:17 AM","Rahim Yar Khan"
"270185","Adnan Shabbir","DR-205","EMDS Call","Road Crash","Severe Trauma","2026/02/26 10:48:00 AM","Rahim Yar Khan"
"270186","Muhammad Abid","DR-874","EMDS Call","Medical Emergency","SOB/ Respiratory Distress","2026/02/26 10:49:49 AM","Rahim Yar Khan"
"270187","Muhammad Abid","DR-874","EMDS Call","Crime","Probable Suicide","2026/02/26 11:03:12 AM","Sadiqabad"
"270188","Adnan Shabbir","DR-205","EMDS Call","Medical Emergency","Joints Pain","2026/02/26 11:06:06 AM","Rahim Yar Khan"
"270189","Imran Anjum","DR-204","EMDS Call","Medical Emergency","Hypotension","2026/02/26 11:06:25 AM","Sadiqabad"
"76628","Yasir Ilyas","DR-893","Direct Call","Patient Transfer Service","N/A","2026/02/26 11:12:08 AM","Khanpur"
"270190","Imran Anjum","DR-204","EMDS Call","Rescue Operations","Delivery Case","2026/02/26 11:14:23 AM","Sadiqabad"
"76629","Bushra Saleem","MR-5701","Direct Call","Patient Transfer Service","N/A","2026/02/26 11:25:26 AM","Khanpur"
"270191","Bushra Saleem","MR-5701","EMDS Call","Medical Emergency","Hypertension","2026/02/26 11:26:11 AM","Sadiqabad"
"270192","Bushra Saleem","MR-5701","EMDS Call","Road Crash","Bleeding","2026/02/26 11:36:28 AM","Liaqatpur"
"270192","Bushra Saleem","MR-5701","EMDS Call","Road Crash","Bleeding","2026/02/26 11:36:28 AM","Liaqatpur"
"270193","Muhammad Abid","DR-874","EMDS Call","Medical Emergency","SOB/ Respiratory Distress","2026/02/26 11:43:47 AM","Sadiqabad"
"270194","Imran Anjum","DR-204","EMDS Call","Road Crash","Minor Injuries","2026/02/26 11:46:16 AM","Rahim Yar Khan"
"270195","Bushra Saleem","MR-5701","EMDS Call","Rescue Operations","Delivery Case","2026/02/26 11:46:57 AM","Rahim Yar Khan"
"270196","Yasir Ilyas","DR-893","EMDS Call","Medical Emergency","Diabetic","2026/02/26 11:48:32 AM","Rahim Yar Khan"
"270197","Bushra Saleem","MR-5701","EMDS Call","Medical Emergency","Epilepsy","2026/02/26 11:54:18 AM","Khanpur"
"76630","Bushra Saleem","MR-5701","Direct Call","Patient Transfer Service","N/A","2026/02/26 11:57:45 AM","Liaqatpur"
"270198","Muhammad Abid","DR-874","EMDS Call","Medical Emergency","SOB/ Respiratory Distress","2026/02/26 12:04:51 PM","Sadiqabad"
"270199","Imran Anjum","DR-204","Direct Call","Medical Emergency","SOB/ Respiratory Distress","2026/02/26 12:08:55 PM","Sadiqabad"
"76631","Bushra Saleem","MR-5701","Direct Call","Patient Transfer Service","N/A","2026/02/26 12:10:18 PM","Sadiqabad"
"270200","Imran Anjum","DR-204","EMDS Call","Medical Emergency","Renal Disorders / Renal Colic ","2026/02/26 12:13:36 PM","Rahim Yar Khan"
"270201","Muhammad Abid","DR-874","EMDS Call","Road Crash","Severe Trauma","2026/02/26 12:11:45 PM","Rahim Yar Khan"
"270202","Imran Anjum","DR-204","EMDS Call","Road Crash","Minor Injuries","2026/02/26 12:24:15 PM","Rahim Yar Khan"
"270203","Yasir Ilyas","DR-893","EMDS Call","Road Crash","Minor Injuries","2026/02/26 12:26:26 PM","Rahim Yar Khan"
"270204","Bushra Saleem","MR-5701","EMDS Call","Road Crash","Bleeding","2026/02/26 12:27:25 PM","Sadiqabad"
"270206","Imran Anjum","DR-204","EMDS Call","Road Crash","Minor Injuries","2026/02/26 12:28:16 PM","Sadiqabad"
"270205","Zupasha Zia","MR-5758","EMDS Call","Road Crash","Severe Trauma","2026/02/26 12:28:02 PM","Rahim Yar Khan"
"270205","Zupasha Zia","MR-5758","EMDS Call","Road Crash","Severe Trauma","2026/02/26 12:28:02 PM","Rahim Yar Khan"
"270207","Bushra Saleem","MR-5701","EMDS Call","Rescue Operations","Delivery Case","2026/02/26 12:29:44 PM","Sadiqabad"
"Not Assigned","Zupasha Zia","MR-5758","Direct Call","Mock Exercise","Mock","2026/02/26 12:30:25 PM","Liaqatpur"
"270209","Zupasha Zia","MR-5758","EMDS Call","Medical Emergency","Vomiting","2026/02/26 12:41:01 PM","Rahim Yar Khan"
"270208","Bushra Saleem","MR-5701","EMDS Call","Medical Emergency","Abdominal Pain","2026/02/26 12:38:08 PM","Sadiqabad"
"270210","Mureed Abbas","DR-900","EMDS Call","Medical Emergency","Anxiety / Psychiatric Disorder","2026/02/26 12:53:08 PM","Rahim Yar Khan"
"270211","Bushra Saleem","MR-5701","EMDS Call","Medical Emergency","Vertigo/ Dizziness","2026/02/26 12:56:27 PM","Rahim Yar Khan"
"270213","Bushra Saleem","MR-5701","EMDS Call","Road Crash","Severe Trauma","2026/02/26 01:00:47 PM","Khanpur"
"270212","Yasir Ilyas","DR-893","EMDS Call","Medical Emergency","High Fever","2026/02/26 01:01:07 PM","Rahim Yar Khan"
"270215","Bushra Saleem","MR-5701","EMDS Call","Medical Emergency","Joints Pain","2026/02/26 01:11:55 PM","Rahim Yar Khan"
"270214","Imran Anjum","DR-204","EMDS Call","Medical Emergency","SOB/ Respiratory Distress","2026/02/26 01:11:35 PM","Sadiqabad"
"76632","Imran Anjum","DR-204","Direct Call","Patient Transfer Service","N/A","2026/02/26 01:15:16 PM","Rahim Yar Khan"
"270216","Imran Anjum","DR-204","EMDS Call","Medical Emergency","Unconscious","2026/02/26 01:15:45 PM","Rahim Yar Khan"
"270217","Imran Anjum","DR-204","EMDS Call","Medical Emergency","CVA/Stroke","2026/02/26 01:24:25 PM","Khanpur"
"270218","Zupasha Zia","MR-5758","EMDS Call","Road Crash","Bleeding","2026/02/26 01:26:43 PM","Liaqatpur"
"270218","Zupasha Zia","MR-5758","EMDS Call","Road Crash","Bleeding","2026/02/26 01:26:43 PM","Liaqatpur"
"270219","Zupasha Zia","MR-5758","EMDS Call","Road Crash","Multiple Fractures","2026/02/26 01:34:15 PM","Rahim Yar Khan"
"270220","Bushra Saleem","MR-5701","EMDS Call","Medical Emergency","Headache","2026/02/26 01:39:43 PM","Rahim Yar Khan"
"270221","Imran Anjum","DR-204","Direct Call","Medical Emergency","High Fever","2026/02/26 01:41:45 PM","Khanpur"
"270222","Imran Anjum","DR-204","EMDS Call","Medical Emergency","Anxiety / Psychiatric Disorder","2026/02/26 01:53:53 PM","Sadiqabad"
"270223","Bushra Saleem","MR-5701","EMDS Call","Medical Emergency","Anxiety / Psychiatric Disorder","2026/02/26 01:57:26 PM","Rahim Yar Khan"
"270224","Bushra Saleem","MR-5701","EMDS Call","Medical Emergency","Chronic Illness","2026/02/26 02:06:31 PM","Rahim Yar Khan"
"270225","Imran Anjum","DR-204","EMDS Call","Medical Emergency","Joints Pain","2026/02/26 02:09:08 PM","Rahim Yar Khan"
"76633","Imran Anjum","DR-204","Direct Call","Patient Transfer Service","N/A","2026/02/26 02:25:36 PM","Khanpur"
"270226","Muhammad Zubair","DR-894","EMDS Call","Rescue Operations","Scorpion Bite/Other Animal/Insect Bite","2026/02/26 02:30:32 PM","Rahim Yar Khan"
"270227","Maheen Tahir","MR-6017","EMDS Call","Medical Emergency","Anxiety / Psychiatric Disorder","2026/02/26 02:30:41 PM","Rahim Yar Khan"
"76634","Saira Bibi","MR-5494","Direct Call","Patient Transfer Service","N/A","2026/02/26 02:34:09 PM","Liaqatpur"
"270228","Muhammad Zubair","DR-894","EMDS Call","Road Crash","Minor Injuries","2026/02/26 02:35:45 PM","Sadiqabad"
"270228","Muhammad Zubair","DR-894","EMDS Call","Road Crash","Minor Injuries","2026/02/26 02:35:45 PM","Sadiqabad"
"270229","Muhammad Zubair","DR-894","EMDS Call","Road Crash","Severe Trauma","2026/02/26 02:41:51 PM","Rahim Yar Khan"
"270232","Muhammad Zubair","DR-894","EMDS Call","Medical Emergency","Hypertension","2026/02/26 02:49:37 PM","Rahim Yar Khan"
"Not Assigned","Saqib Nasim","DR-197","Direct Call","Fire","Others","2026/02/26 02:49:45 PM","Rahim Yar Khan"
"76635","Saqib Nasim","DR-197","Direct Call","Patient Transfer Service","N/A","2026/02/26 03:09:05 PM","Rahim Yar Khan"
"76636","Saqib Nasim","DR-197","Direct Call","Patient Transfer Service","N/A","2026/02/26 03:11:19 PM","Rahim Yar Khan"
"270233","Muhammad Zubair","DR-894","EMDS Call","Medical Emergency","Domestic Injuries","2026/02/26 03:23:26 PM","Rahim Yar Khan"
"270235","Maheen Tahir","MR-6017","EMDS Call","Road Crash","Bleeding","2026/02/26 03:25:38 PM","Khanpur"
"270234","Saqib Nasim","DR-197","EMDS Call","Medical Emergency","Hypertension","2026/02/26 03:26:22 PM","Rahim Yar Khan"
"270236","Saqib Nasim","DR-197","EMDS Call","Medical Emergency","SOB/ Respiratory Distress","2026/02/26 03:43:21 PM","Rahim Yar Khan"
"76637","Maheen Tahir","MR-6017","Direct Call","Patient Transfer Service","N/A","2026/02/26 03:49:17 PM","Sadiqabad"
"270237","Maheen Tahir","MR-6017","Direct Call","Medical Emergency","Vomiting","2026/02/26 03:50:00 PM","Rahim Yar Khan"
"270239","Saqib Nasim","DR-197","EMDS Call","Fire","Others","2026/02/26 03:58:50 PM","Rahim Yar Khan"
"270238","Muhammad Zubair","DR-894","EMDS Call","Medical Emergency","Chronic Illness","2026/02/26 03:58:58 PM","Khanpur"
"76638","Muhammad Zubair","DR-894","Direct Call","Patient Transfer Service","N/A","2026/02/26 04:09:18 PM","Sadiqabad"
"270240","Shaheen Islam","DR-1171","EMDS Call","Medical Emergency","Anxiety / Psychiatric Disorder","2026/02/26 04:10:12 PM","Rahim Yar Khan"
"270241","Saqib Nasim","DR-197","EMDS Call","Medical Emergency","SOB/ Respiratory Distress","2026/02/26 04:14:02 PM","Rahim Yar Khan"
"270242","Shaheen Islam","DR-1171","EMDS Call","Medical Emergency","Vertigo/ Dizziness","2026/02/26 04:14:48 PM","Rahim Yar Khan"
"270243","Muhammad Zubair","DR-894","EMDS Call","Medical Emergency","High Fever","2026/02/26 04:21:22 PM","Khanpur"
"270244","Shaheen Islam","DR-1171","EMDS Call","Medical Emergency","High Fever","2026/02/26 04:23:17 PM","Sadiqabad"
"270245","Muhammad Zubair","DR-894","EMDS Call","Medical Emergency","Vertigo/ Dizziness","2026/02/26 04:31:34 PM","Rahim Yar Khan"
"270246","Maheen Tahir","MR-6017","EMDS Call","Medical Emergency","Joints Pain","2026/02/26 04:32:44 PM","Rahim Yar Khan"
"270247","Muhammad Zubair","DR-894","EMDS Call","Fire","Others","2026/02/26 04:36:05 PM","Khanpur"
"270248","Saqib Nasim","DR-197","Direct Call","Medical Emergency","Vomiting","2026/02/26 04:36:57 PM","Sadiqabad"
"270249","Saqib Nasim","DR-197","EMDS Call","Medical Emergency","Hypotension","2026/02/26 04:38:59 PM","Khanpur"
"270250","Maheen Tahir","MR-6017","EMDS Call","Road Crash","Bleeding","2026/02/26 04:40:14 PM","Sadiqabad"
"270251","Saqib Nasim","DR-197","EMDS Call","Crime","Physical Assault/Violence","2026/02/26 04:51:31 PM","Sadiqabad"
"270252","Muhammad Zahid","DR-888","EMDS Call","Medical Emergency","Abdominal Pain","2026/02/26 04:54:40 PM","Rahim Yar Khan"
"270253","Muhammad Zahid","DR-888","Direct Call","Medical Emergency","SOB/ Respiratory Distress","2026/02/26 05:03:30 PM","Sadiqabad"
"270254","Saqib Nasim","DR-197","EMDS Call","Medical Emergency","Vertigo/ Dizziness","2026/02/26 05:14:09 PM","Rahim Yar Khan"
"270255","Muhammad Zahid","DR-888","EMDS Call","Road Crash","Severe Trauma","2026/02/26 05:17:05 PM","Liaqatpur"
"270256","Muhammad Zubair","DR-894","EMDS Call","Road Crash","Severe Trauma","2026/02/26 05:32:40 PM","Sadiqabad"
"270257","Saira Bibi","MR-5494","EMDS Call","Medical Emergency","Diarrhea","2026/02/26 05:38:16 PM","Rahim Yar Khan"
"270258","Faiz Muhyy Ul Din","DR-892","EMDS Call","Medical Emergency","Domestic Injuries","2026/02/26 05:43:25 PM","Rahim Yar Khan"
"270259","Muhammad Zahid","DR-888","EMDS Call","Medical Emergency","Vomiting","2026/02/26 06:03:46 PM","Khanpur"
"270262","Muhammad Zahid","DR-888","EMDS Call","Medical Emergency","Hypotension","2026/02/26 06:13:38 PM","Rahim Yar Khan"
"270260","Saira Bibi","MR-5494","EMDS Call","Road Crash","Minor Injuries","2026/02/26 06:14:16 PM","Sadiqabad"
"270260","Saira Bibi","MR-5494","EMDS Call","Road Crash","Minor Injuries","2026/02/26 06:14:16 PM","Sadiqabad"
"270261","Faiz Muhyy Ul Din","DR-892","EMDS Call","Rescue Operations","Delivery Case","2026/02/26 06:16:52 PM","Khanpur"
"270263","Faiz Muhyy Ul Din","DR-892","EMDS Call","Road Crash","Bleeding","2026/02/26 06:20:48 PM","Sadiqabad"
"270264","Muhammad Zahid","DR-888","EMDS Call","Medical Emergency","Diabetic","2026/02/26 06:28:31 PM","Rahim Yar Khan"
"270265","Faiz Muhyy Ul Din","DR-892","EMDS Call","Medical Emergency","Abdominal Pain","2026/02/26 06:40:59 PM","Sadiqabad"
"270266","Saira Bibi","MR-5494","EMDS Call","Rescue Operations","Delivery Case","2026/02/26 06:43:22 PM","Sadiqabad"
"270267","Muhammad Zubair","DR-894","EMDS Call","Medical Emergency","Gynae Problem","2026/02/26 06:53:31 PM","Rahim Yar Khan"
"270268","Shaheen Islam","DR-1171","EMDS Call","Medical Emergency","Anxiety / Psychiatric Disorder","2026/02/26 06:58:31 PM","Rahim Yar Khan"
"270269","Saira Bibi","MR-5494","EMDS Call","Medical Emergency","Hypertension","2026/02/26 07:05:37 PM","Sadiqabad"
"270270","Shaheen Islam","DR-1171","EMDS Call","Road Crash","Minor Injuries","2026/02/26 07:07:42 PM","Khanpur"
"270270","Shaheen Islam","DR-1171","EMDS Call","Road Crash","Minor Injuries","2026/02/26 07:07:42 PM","Khanpur"
"270271","Muhammad Zubair","DR-894","EMDS Call","Medical Emergency","Others","2026/02/26 07:08:13 PM","Rahim Yar Khan"
"270272","Saira Bibi","MR-5494","EMDS Call","Road Crash","Bleeding","2026/02/26 07:13:01 PM","Sadiqabad"
"270273","Saira Bibi","MR-5494","EMDS Call","Medical Emergency","Chest Pain","2026/02/26 07:14:23 PM","Khanpur"
"76639","Saira Bibi","MR-5494","Direct Call","Patient Transfer Service","N/A","2026/02/26 07:20:03 PM","Sadiqabad"
"270274","Saira Bibi","MR-5494","EMDS Call","Medical Emergency","Backache","2026/02/26 07:20:21 PM","Rahim Yar Khan"
"270275","Shaheen Islam","DR-1171","EMDS Call","Road Crash","Severe Trauma","2026/02/26 07:24:47 PM","Rahim Yar Khan"
"270276","Saira Bibi","MR-5494","EMDS Call","Medical Emergency","Urinary Retention","2026/02/26 07:26:04 PM","Sadiqabad"
"270277","Shaheen Islam","DR-1171","EMDS Call","Road Crash","Severe Trauma","2026/02/26 07:31:46 PM","Khanpur"
"270277","Shaheen Islam","DR-1171","EMDS Call","Road Crash","Severe Trauma","2026/02/26 07:31:46 PM","Khanpur"
"270278","Saira Bibi","MR-5494","EMDS Call","Medical Emergency","Drug Addiction","2026/02/26 07:34:10 PM","Sadiqabad"
"270279","Saira Bibi","MR-5494","EMDS Call","Medical Emergency","Renal Disorders / Renal Colic ","2026/02/26 07:39:59 PM","Liaqatpur"
"270280","Muhammad Zubair","DR-894","EMDS Call","Medical Emergency","Diabetic","2026/02/26 07:42:22 PM","Rahim Yar Khan"
"270281","Saira Bibi","MR-5494","EMDS Call","Crime","Probable Suicide","2026/02/26 07:43:06 PM","Rahim Yar Khan"
"270282","Shaheen Islam","DR-1171","EMDS Call","Medical Emergency","High Fever","2026/02/26 07:42:15 PM","Liaqatpur"
"270283","Saira Bibi","MR-5494","Direct Call","Rescue Operations","Mass Event Coverage","2026/02/26 07:48:05 PM","Liaqatpur"
"76640","Muhammad Zubair","DR-894","Direct Call","Patient Transfer Service","N/A","2026/02/26 07:50:46 PM","Sadiqabad"
"270284","Saira Bibi","MR-5494","EMDS Call","Medical Emergency","Vertigo/ Dizziness","2026/02/26 07:54:50 PM","Rahim Yar Khan"
"270285","Saira Bibi","MR-5494","EMDS Call","Medical Emergency","SOB/ Respiratory Distress","2026/02/26 08:05:09 PM","Rahim Yar Khan"
"270286","Saira Bibi","MR-5494","EMDS Call","Medical Emergency","Anxiety / Psychiatric Disorder","2026/02/26 08:11:20 PM","Rahim Yar Khan"
"Not Assigned","Shaheen Islam","DR-1171","EMDS Call","Medical Emergency","Vomiting","2026/02/26 08:11:36 PM","Liaqatpur"
"270287","Saira Bibi","MR-5494","EMDS Call","Medical Emergency","Vertigo/ Dizziness","2026/02/26 08:16:31 PM","Rahim Yar Khan"
"270288","Shaheen Islam","DR-1171","EMDS Call","Medical Emergency","Unconscious","2026/02/26 08:16:49 PM","Rahim Yar Khan"
"76641","Saira Bibi","MR-5494","Direct Call","Patient Transfer Service","N/A","2026/02/26 08:21:19 PM","Liaqatpur"
"270290","Saira Bibi","MR-5494","EMDS Call","Medical Emergency","Anxiety / Psychiatric Disorder","2026/02/26 08:25:42 PM","Sadiqabad"
"270291","Muhammad Zubair","DR-894","EMDS Call","Medical Emergency","Joints Pain","2026/02/26 08:24:06 PM","Rahim Yar Khan"
"270292","Saira Bibi","MR-5494","EMDS Call","Medical Emergency","High Fever","2026/02/26 08:30:24 PM","Khanpur"
"270293","Saira Bibi","MR-5494","EMDS Call","Medical Emergency","Allergy","2026/02/26 08:33:52 PM","Rahim Yar Khan"
"270294","Shaheen Islam","DR-1171","EMDS Call","Medical Emergency","Abdominal Pain","2026/02/26 08:43:26 PM","Rahim Yar Khan"
"270295","Saira Bibi","MR-5494","EMDS Call","Medical Emergency","High Fever","2026/02/26 08:44:59 PM","Rahim Yar Khan"
"270296","Zia ul Haq","DR-328","EMDS Call","Medical Emergency","SOB/ Respiratory Distress","2026/02/26 09:01:07 PM","Liaqatpur"
"270297","Zia ul Haq","DR-328","EMDS Call","Road Crash","Severe Trauma","2026/02/26 09:03:17 PM","Sadiqabad"
"270298","Nida Rahat","DR-1322","EMDS Call","Medical Emergency","Headache","2026/02/26 09:07:46 PM","Rahim Yar Khan"
"270299","Aasia Batool","MR-5198","EMDS Call","Medical Emergency","Anxiety / Psychiatric Disorder","2026/02/26 09:15:04 PM","Sadiqabad"
"270300","Aasia Batool","MR-5198","EMDS Call","Medical Emergency","Chest Pain","2026/02/26 09:25:12 PM","Rahim Yar Khan"
"270301","Nida Rahat","DR-1322","EMDS Call","Medical Emergency","Hypertension","2026/02/26 09:32:00 PM","Liaqatpur"
"270302","Aasia Batool","MR-5198","EMDS Call","Medical Emergency","Abdominal Pain","2026/02/26 09:34:01 PM","Khanpur"
"76642","Sheeza Barkat","MR-5331","Direct Call","Patient Transfer Service","N/A","2026/02/26 09:41:31 PM","Khanpur"
"76643","Aasia Batool","MR-5198","Direct Call","Patient Transfer Service","N/A","2026/02/26 09:45:03 PM","Sadiqabad"
"76644","Sheeza Barkat","MR-5331","Direct Call","Patient Transfer Service","N/A","2026/02/26 09:54:04 PM","Sadiqabad"
"270303","Aasia Batool","MR-5198","EMDS Call","Medical Emergency","Joints Pain","2026/02/26 09:53:21 PM","Rahim Yar Khan"
"76645","Nida Rahat","DR-1322","Direct Call","Patient Transfer Service","N/A","2026/02/26 09:59:22 PM","Sadiqabad"
"270304","Sheeza Barkat","MR-5331","EMDS Call","Medical Emergency","Hypertension","2026/02/26 10:01:29 PM","Rahim Yar Khan"
"270305","Nida Rahat","DR-1322","EMDS Call","Medical Emergency","CVA/Stroke","2026/02/26 10:04:16 PM","Khanpur"
"270306","Nida Rahat","DR-1322","EMDS Call","Medical Emergency","SOB/ Respiratory Distress","2026/02/26 10:16:48 PM","Sadiqabad"
"76646","Sheeza Barkat","MR-5331","Direct Call","Patient Transfer Service","N/A","2026/02/26 10:25:31 PM","Liaqatpur"
"270307","Aasia Batool","MR-5198","EMDS Call","Medical Emergency","Abdominal Pain","2026/02/26 10:28:47 PM","Sadiqabad"
"270308","Aasia Batool","MR-5198","EMDS Call","Medical Emergency","Joints Pain","2026/02/26 10:33:01 PM","Rahim Yar Khan"
"270309","Sheeza Barkat","MR-5331","EMDS Call","Medical Emergency","Unconscious","2026/02/26 10:42:57 PM","Rahim Yar Khan"
"270311","Nida Rahat","DR-1322","EMDS Call","Medical Emergency","Chest Pain","2026/02/26 10:53:23 PM","Sadiqabad"
"270310","Aasia Batool","MR-5198","EMDS Call","Medical Emergency","Anxiety / Psychiatric Disorder","2026/02/26 10:55:22 PM","Sadiqabad"
"270312","Sheeza Barkat","MR-5331","EMDS Call","Medical Emergency","SOB/ Respiratory Distress","2026/02/26 10:58:02 PM","Rahim Yar Khan"
"270314","Nida Rahat","DR-1322","EMDS Call","Medical Emergency","SOB/ Respiratory Distress","2026/02/26 11:00:50 PM","Khanpur"
"270313","Aasia Batool","MR-5198","EMDS Call","Medical Emergency","Abdominal Pain","2026/02/26 11:00:30 PM","Rahim Yar Khan"
"270315","Sheeza Barkat","MR-5331","EMDS Call","Medical Emergency","Diabetic","2026/02/26 11:12:47 PM","Rahim Yar Khan"
"270316","Sheeza Barkat","MR-5331","EMDS Call","Medical Emergency","Others","2026/02/26 11:17:51 PM","Rahim Yar Khan"
"270318","Sheeza Barkat","MR-5331","EMDS Call","Medical Emergency","SOB/ Respiratory Distress","2026/02/26 11:37:01 PM","Rahim Yar Khan"
"270317","Aasia Batool","MR-5198","EMDS Call","Medical Emergency","SOB/ Respiratory Distress","2026/02/26 11:37:27 PM","Khanpur"
"270319","Nida Rahat","DR-1322","EMDS Call","Medical Emergency","SOB/ Respiratory Distress","2026/02/26 11:39:31 PM","Khanpur"
"270320","Nida Rahat","DR-1322","EMDS Call","Medical Emergency","Others","2026/02/26 11:49:37 PM","Rahim Yar Khan"
"270321","Aasia Batool","MR-5198","EMDS Call","Rescue Operations","Delivery Case","2026/02/26 11:53:27 PM","Rahim Yar Khan"
"270322","Sheeza Barkat","MR-5331","EMDS Call","Medical Emergency","Chest Pain","2026/02/26 11:59:23 PM","Khanpur"
"270323","Aasia Batool","MR-5198","EMDS Call","Medical Emergency","Hypertension","2026/02/27 12:04:09 AM","Rahim Yar Khan"
"270324","Nida Rahat","DR-1322","EMDS Call","Medical Emergency","Abdominal Pain","2026/02/27 12:07:31 AM","Rahim Yar Khan"
"270325","Aasia Batool","MR-5198","EMDS Call","Medical Emergency","Hypertension","2026/02/27 12:11:40 AM","Rahim Yar Khan"
"270326","Nida Rahat","DR-1322","EMDS Call","Rescue Operations","Delivery Case","2026/02/27 12:17:54 AM","Sadiqabad"
"270327","Aasia Batool","MR-5198","EMDS Call","Medical Emergency","Anxiety / Psychiatric Disorder","2026/02/27 12:19:03 AM","Rahim Yar Khan"
"270328","Zia ul Haq","DR-328","EMDS Call","Medical Emergency","Vomiting","2026/02/27 12:23:21 AM","Rahim Yar Khan"
"270329","Zia ul Haq","DR-328","EMDS Call","Medical Emergency","Gynae Problem","2026/02/27 12:47:24 AM","Rahim Yar Khan"
"270330","Zia ul Haq","DR-328","EMDS Call","Medical Emergency","High Fever","2026/02/27 12:57:47 AM","Liaqatpur"
"270331","Zia ul Haq","DR-328","Direct Call","Medical Emergency","Vomiting","2026/02/27 01:04:01 AM","Rahim Yar Khan"
"270332","Nida Rahat","DR-1322","EMDS Call","Rescue Operations","Delivery Case","2026/02/27 01:23:32 AM","Rahim Yar Khan"
"270333","Nida Rahat","DR-1322","EMDS Call","Medical Emergency","Abdominal Pain","2026/02/27 01:51:10 AM","Sadiqabad"
"270334","Aasia Batool","MR-5198","EMDS Call","Medical Emergency","Anxiety / Psychiatric Disorder","2026/02/27 02:03:25 AM","Rahim Yar Khan"
"76647","Zia ul Haq","DR-328","Direct Call","Patient Transfer Service","N/A","2026/02/27 02:07:45 AM","Khanpur"
"270335","Zia ul Haq","DR-328","EMDS Call","Medical Emergency","Abdominal Pain","2026/02/27 02:08:36 AM","Sadiqabad"
"270336","Nida Rahat","DR-1322","EMDS Call","Medical Emergency","Vomiting","2026/02/27 02:13:25 AM","Rahim Yar Khan"
"270337","Zia ul Haq","DR-328","EMDS Call","Crime","Bullet Injury","2026/02/27 02:14:36 AM","Khanpur"
"76648","Aasia Batool","MR-5198","Direct Call","Patient Transfer Service","N/A","2026/02/27 02:20:21 AM","Sadiqabad"
"270338","Nida Rahat","DR-1322","EMDS Call","Medical Emergency","Vomiting","2026/02/27 02:23:48 AM","Khanpur"
"270339","Zia ul Haq","DR-328","EMDS Call","Medical Emergency","Abdominal Pain","2026/02/27 02:23:35 AM","Rahim Yar Khan"
"270340","Zia ul Haq","DR-328","EMDS Call","Medical Emergency","Vomiting","2026/02/27 02:39:03 AM","Rahim Yar Khan"
"270341","Nida Rahat","DR-1322","EMDS Call","Fall","Fall From Stairs","2026/02/27 02:39:21 AM","Rahim Yar Khan"
"270342","Zia ul Haq","DR-328","EMDS Call","Medical Emergency","Headache","2026/02/27 02:50:21 AM","Khanpur"
"270343","Nida Rahat","DR-1322","EMDS Call","Medical Emergency","Vomiting","2026/02/27 03:03:47 AM","Khanpur"
"270344","Sheeza Barkat","MR-5331","EMDS Call","Medical Emergency","Headache","2026/02/27 03:24:30 AM","Rahim Yar Khan"
"270345","Farhad Iftikhar","DR-913","EMDS Call","Medical Emergency","Gynae Problem","2026/02/27 03:51:59 AM","Liaqatpur"
"270346","Adil Iqbal","DR-782","EMDS Call","Medical Emergency","Abdominal Pain","2026/02/27 03:53:43 AM","Rahim Yar Khan"
"270347","Adil Iqbal","DR-782","EMDS Call","Road Crash","Bleeding","2026/02/27 04:29:30 AM","Khanpur"
"270348","Sheeza Barkat","MR-5331","EMDS Call","Medical Emergency","Abdominal Pain","2026/02/27 04:36:08 AM","Rahim Yar Khan"
"270349","Farhad Iftikhar","DR-913","EMDS Call","Medical Emergency","High Fever","2026/02/27 04:38:43 AM","Rahim Yar Khan"
"270350","Farhad Iftikhar","DR-913","EMDS Call","Medical Emergency","High Fever","2026/02/27 04:59:57 AM","Rahim Yar Khan"
"270351","Muhammad Abid","DR-874","EMDS Call","Medical Emergency","Epilepsy","2026/02/27 05:41:28 AM","Rahim Yar Khan"
"270352","Adil Iqbal","DR-782","EMDS Call","Medical Emergency","Joints Pain","2026/02/27 05:48:46 AM","Rahim Yar Khan"
"270353","Sheeza Barkat","MR-5331","EMDS Call","Medical Emergency","High Fever","2026/02/27 05:49:18 AM","Rahim Yar Khan"
"270354","Muhammad Abid","DR-874","EMDS Call","Medical Emergency","Chronic Illness","2026/02/27 05:52:51 AM","Khanpur"
"270355","Adil Iqbal","DR-782","EMDS Call","Medical Emergency","Unconscious","2026/02/27 05:58:08 AM","Sadiqabad"
"270356","Adil Iqbal","DR-782","EMDS Call","Medical Emergency","High Fever","2026/02/27 06:07:48 AM","Rahim Yar Khan"
"270357","Adil Iqbal","DR-782","EMDS Call","Medical Emergency","Abdominal Pain","2026/02/27 06:13:10 AM","Khanpur"
"270358","Adil Iqbal","DR-782","EMDS Call","Road Crash","Minor Injuries","2026/02/27 06:24:40 AM","Rahim Yar Khan"
"270359","Sheeza Barkat","MR-5331","EMDS Call","Medical Emergency","SOB/ Respiratory Distress","2026/02/27 06:27:18 AM","Rahim Yar Khan"
"270360","Sheeza Barkat","MR-5331","EMDS Call","Medical Emergency","Vomiting","2026/02/27 06:49:24 AM","Rahim Yar Khan"
"270361","Adil Iqbal","DR-782","EMDS Call","Medical Emergency","Vomiting","2026/02/27 06:54:37 AM","Rahim Yar Khan"
"270362","Sheeza Barkat","MR-5331","EMDS Call","Road Crash","Bleeding","2026/02/27 06:55:35 AM","Sadiqabad"
"270363","Muhammad Abid","DR-874","EMDS Call","Medical Emergency","CVA/Stroke","2026/02/27 06:56:25 AM","Sadiqabad"
"270364","Fahad Hussain","DR-538","Direct Call","Medical Emergency","Anxiety / Psychiatric Disorder","2026/02/27 06:59:38 AM","Rahim Yar Khan"
"270365","Muhammad Abid","DR-874","EMDS Call","Road Crash","Severe Trauma","2026/02/27 07:19:48 AM","Rahim Yar Khan"
"270365","Muhammad Abid","DR-874","EMDS Call","Road Crash","Severe Trauma","2026/02/27 07:19:48 AM","Rahim Yar Khan"
"270366","Muhammad Abid","DR-874","EMDS Call","Medical Emergency","Vomiting","2026/02/27 07:27:22 AM","Khanpur"
"270367","Adil Iqbal","DR-782","EMDS Call","Rescue Operations","Animal/Bird Rescue","2026/02/27 07:28:07 AM","Rahim Yar Khan"
"270368","Adil Iqbal","DR-782","EMDS Call","Road Crash","Bleeding","2026/02/27 07:33:07 AM","Sadiqabad"
"270369","Zia ul Haq","DR-328","EMDS Call","Medical Emergency","Renal Disorders / Renal Colic ","2026/02/27 07:43:59 AM","Rahim Yar Khan"
"270370","Zia ul Haq","DR-328","EMDS Call","Medical Emergency","Hypertension","2026/02/27 07:46:58 AM","Liaqatpur"
"270371","Saira Bibi","MR-5494","EMDS Call","Medical Emergency","Renal Disorders / Renal Colic ","2026/02/27 07:56:38 AM","Rahim Yar Khan"
"270372","Saira Bibi","MR-5494","EMDS Call","Medical Emergency","Vomiting","2026/02/27 08:08:37 AM","Rahim Yar Khan"
"270373","Muhammad ALi","DR-818","Direct Call","Rescue Operations","Mass Event Coverage","2026/02/27 08:13:28 AM","Rahim Yar Khan"
"270374","Muhammad Arshad","DR-198","EMDS Call","Medical Emergency","Unconscious","2026/02/27 08:25:10 AM","Sadiqabad"
"270375","Shahla Nawaz","DR-185","Direct Call","Medical Emergency","Joints Pain","2026/02/27 08:32:19 AM","Rahim Yar Khan"
"270376","Shahla Nawaz","DR-185","Direct Call","Rescue Operations","Mass Event Coverage","2026/02/27 08:46:38 AM","Khanpur"
"270377","Shahla Nawaz","DR-185","EMDS Call","Medical Emergency","SOB/ Respiratory Distress","2026/02/27 08:46:59 AM","Rahim Yar Khan"
"270378","Muhammad Arshad","DR-198","EMDS Call","Medical Emergency","Chronic Illness","2026/02/27 08:50:26 AM","Rahim Yar Khan"
"270380","Adnan Shabbir","DR-205","EMDS Call","Medical Emergency","Anxiety / Psychiatric Disorder","2026/02/27 08:59:36 AM","Rahim Yar Khan"
"270379","Muhammad Arshad","DR-198","EMDS Call","Fall","Fall From Stairs","2026/02/27 08:59:33 AM","Rahim Yar Khan"
"270381","Muhammad Arshad","DR-198","EMDS Call","Medical Emergency","Unconscious","2026/02/27 09:09:14 AM","Rahim Yar Khan"
"270382","Adnan Shabbir","DR-205","EMDS Call","Medical Emergency","Joints Pain","2026/02/27 09:12:14 AM","Rahim Yar Khan"
"270383","Mureed Abbas","DR-900","EMDS Call","Medical Emergency","Renal Disorders / Renal Colic ","2026/02/27 09:17:11 AM","Sadiqabad"
"270384","Adnan Shabbir","DR-205","EMDS Call","Road Crash","Severe Trauma","2026/02/27 09:19:13 AM","Liaqatpur"
"270385","Muhammad ALi","DR-818","EMDS Call","Road Crash","Severe Trauma","2026/02/27 09:25:21 AM","Sadiqabad"
"270387","Muhammad ALi","DR-818","EMDS Call","Medical Emergency","Hypertension","2026/02/27 09:27:27 AM","Sadiqabad"
"270386","Adnan Shabbir","DR-205","EMDS Call","Rescue Operations","Delivery Case","2026/02/27 09:28:43 AM","Sadiqabad"
"76649","Mureed Abbas","DR-900","Direct Call","Patient Transfer Service","N/A","2026/02/27 09:30:36 AM","Sadiqabad"
"270388","Muhammad ALi","DR-818","EMDS Call","Medical Emergency","Unconscious","2026/02/27 09:34:25 AM","Rahim Yar Khan"
"270389","Muhammad Arshad","DR-198","EMDS Call","Medical Emergency","SOB/ Respiratory Distress","2026/02/27 09:36:22 AM","Sadiqabad"
"270390","Adnan Shabbir","DR-205","EMDS Call","Road Crash","Minor Injuries","2026/02/27 09:36:46 AM","Liaqatpur"
"270391","Yasir Ilyas","DR-893","EMDS Call","Medical Emergency","Chest Pain","2026/02/27 09:47:40 AM","Rahim Yar Khan"
"270392","Adnan Shabbir","DR-205","EMDS Call","Medical Emergency","Renal Disorders / Renal Colic ","2026/02/27 09:51:46 AM","Rahim Yar Khan"
"76650","Mureed Abbas","DR-900","Direct Call","Patient Transfer Service","N/A","2026/02/27 09:52:51 AM","Khanpur"
"270393","Mureed Abbas","DR-900","EMDS Call","Medical Emergency","Joints Pain","2026/02/27 09:57:34 AM","Khanpur"
"270394","Adnan Shabbir","DR-205","EMDS Call","Road Crash","Severe Trauma","2026/02/27 10:05:21 AM","Rahim Yar Khan"
"270395","Yasir Ilyas","DR-893","EMDS Call","Medical Emergency","Joints Pain","2026/02/27 10:07:21 AM","Rahim Yar Khan"
"270396","Bushra Saleem","MR-5701","EMDS Call","Road Crash","Severe Trauma","2026/02/27 10:14:18 AM","Sadiqabad"
"270397","Muhammad ALi","DR-818","EMDS Call","Road Crash","Bleeding","2026/02/27 10:14:34 AM","Rahim Yar Khan"
"76651","Muhammad ALi","DR-818","Direct Call","Patient Transfer Service","N/A","2026/02/27 10:19:39 AM","Sadiqabad"
"270398","Bushra Saleem","MR-5701","EMDS Call","Medical Emergency","Hypertension","2026/02/27 10:25:47 AM","Sadiqabad"
"270399","Shahla Nawaz","DR-185","Direct Call","Rescue Operations","Mass Event Coverage","2026/02/27 10:26:34 AM","Rahim Yar Khan"
"270400","Muhammad ALi","DR-818","EMDS Call","Medical Emergency","Joints Pain","2026/02/27 10:27:32 AM","Sadiqabad"
"270401","Adnan Shabbir","DR-205","EMDS Call","Medical Emergency","Gynae Problem","2026/02/27 10:31:00 AM","Sadiqabad"
"270402","Muhammad ALi","DR-818","Direct Call","Road Crash","Bleeding","2026/02/27 10:38:33 AM","Rahim Yar Khan"
"270403","Shahla Nawaz","DR-185","EMDS Call","Road Crash","Multiple Fractures","2026/02/27 10:42:08 AM","Khanpur"
"270404","Bushra Saleem","MR-5701","EMDS Call","Fire","Others","2026/02/27 10:45:31 AM","Khanpur"
"270405","Adnan Shabbir","DR-205","EMDS Call","Road Crash","Minor Injuries","2026/02/27 10:49:28 AM","Rahim Yar Khan"
"270406","Muhammad ALi","DR-818","EMDS Call","Road Crash","Bleeding","2026/02/27 10:48:48 AM","Sadiqabad"
"270407","Imran Anjum","DR-204","EMDS Call","Medical Emergency","Chronic Illness","2026/02/27 10:52:40 AM","Sadiqabad"
"76652","Bushra Saleem","MR-5701","Direct Call","Patient Transfer Service","N/A","2026/02/27 10:56:57 AM","Khanpur"
"270408","Yasir Ilyas","DR-893","EMDS Call","Medical Emergency","Anxiety / Psychiatric Disorder","2026/02/27 10:57:07 AM","Rahim Yar Khan"
"270410","Muhammad ALi","DR-818","EMDS Call","Road Crash","Bleeding","2026/02/27 11:05:06 AM","Sadiqabad"
"270409","Imran Anjum","DR-204","EMDS Call","Road Crash","Severe Trauma","2026/02/27 11:05:11 AM","Khanpur"
"270411","Adnan Shabbir","DR-205","EMDS Call","Medical Emergency","Diabetic","2026/02/27 11:09:41 AM","Sadiqabad"
"270412","Yasir Ilyas","DR-893","Direct Call","Medical Emergency","Vomiting","2026/02/27 11:13:25 AM","Rahim Yar Khan"
"270413","Imran Anjum","DR-204","EMDS Call","Medical Emergency","Others","2026/02/27 11:13:27 AM","Sadiqabad"
"270414","Adnan Shabbir","DR-205","EMDS Call","Road Crash","Severe Trauma","2026/02/27 11:18:25 AM","Rahim Yar Khan"
"270415","Yasir Ilyas","DR-893","EMDS Call","Road Crash","Minor Injuries","2026/02/27 11:23:56 AM","Rahim Yar Khan"
"270416","Muhammad ALi","DR-818","EMDS Call","Medical Emergency","Others","2026/02/27 11:22:42 AM","Rahim Yar Khan"
"270417","Yasir Ilyas","DR-893","EMDS Call","Road Crash","Minor Injuries","2026/02/27 11:35:32 AM","Rahim Yar Khan"
"270418","Imran Anjum","DR-204","EMDS Call","Road Crash","Bleeding","2026/02/27 11:36:26 AM","Sadiqabad"
"270419","Mureed Abbas","DR-900","EMDS Call","Medical Emergency","Anxiety / Psychiatric Disorder","2026/02/27 11:38:27 AM","Rahim Yar Khan"
"270420","Adnan Shabbir","DR-205","EMDS Call","Fire","Others","2026/02/27 11:40:32 AM","Rahim Yar Khan"
"270421","Yasir Ilyas","DR-893","EMDS Call","Road Crash","Severe Trauma","2026/02/27 11:43:08 AM","Liaqatpur"
"270422","Rana M. Usman","DR-200","EMDS Call","Rescue Operations","Delivery Case","2026/02/27 11:52:59 AM","Sadiqabad"
"270423","Yasir Ilyas","DR-893","EMDS Call","Medical Emergency","Chest Pain","2026/02/27 12:03:19 PM","Liaqatpur"
"270424","Yasir Ilyas","DR-893","EMDS Call","Medical Emergency","Vertigo/ Dizziness","2026/02/27 12:09:59 PM","Rahim Yar Khan"
"270425","Mureed Abbas","DR-900","EMDS Call","Road Crash","Minor Injuries","2026/02/27 12:13:18 PM","Liaqatpur"
"270425","Mureed Abbas","DR-900","EMDS Call","Road Crash","Minor Injuries","2026/02/27 12:13:18 PM","Liaqatpur"
"270426","Yasir Ilyas","DR-893","EMDS Call","Crime","Probable Suicide","2026/02/27 12:17:33 PM","Liaqatpur"
"270427","Yasir Ilyas","DR-893","EMDS Call","Road Crash","Severe Trauma","2026/02/27 12:21:56 PM","Khanpur"
"270427","Yasir Ilyas","DR-893","EMDS Call","Road Crash","Severe Trauma","2026/02/27 12:21:56 PM","Khanpur"
"270428","Imran Anjum","DR-204","EMDS Call","Road Crash","Minor Injuries","2026/02/27 12:30:55 PM","Liaqatpur"
"270429","Rana M. Usman","DR-200","EMDS Call","Road Crash","Bleeding","2026/02/27 12:35:14 PM","Rahim Yar Khan"
"76653","Mureed Abbas","DR-900","Direct Call","Patient Transfer Service","N/A","2026/02/27 12:41:19 PM","Sadiqabad"
"270430","Mureed Abbas","DR-900","EMDS Call","Road Crash","Severe Trauma","2026/02/27 12:43:13 PM","Khanpur"
"270432","Adnan Shabbir","DR-205","EMDS Call","Crime","Physical Assault/Violence","2026/02/27 12:43:44 PM","Rahim Yar Khan"
"270432","Adnan Shabbir","DR-205","EMDS Call","Crime","Physical Assault/Violence","2026/02/27 12:43:44 PM","Rahim Yar Khan"
"270431","Imran Anjum","DR-204","EMDS Call","Crime","Bullet Injury","2026/02/27 12:42:59 PM","Khanpur"
"270433","Imran Anjum","DR-204","EMDS Call","Road Crash","Bleeding","2026/02/27 12:50:03 PM","Rahim Yar Khan"
"270434","Adnan Shabbir","DR-205","EMDS Call","Road Crash","Severe Trauma","2026/02/27 12:51:52 PM","Liaqatpur"
"76654","Imran Anjum","DR-204","Direct Call","Patient Transfer Service","N/A","2026/02/27 12:55:26 PM","Sadiqabad"
"270435","Imran Anjum","DR-204","EMDS Call","Medical Emergency","Vomiting","2026/02/27 01:03:09 PM","Khanpur"
"76655","Bushra Saleem","MR-5701","Direct Call","Patient Transfer Service","N/A","2026/02/27 01:14:12 PM","Sadiqabad"
"270436","Mureed Abbas","DR-900","EMDS Call","Medical Emergency","High Fever","2026/02/27 01:14:34 PM","Khanpur"
"270437","Mureed Abbas","DR-900","EMDS Call","Medical Emergency","Unconscious","2026/02/27 01:33:08 PM","Liaqatpur"
"270438","Mureed Abbas","DR-900","EMDS Call","Medical Emergency","Hypertension","2026/02/27 01:41:54 PM","Sadiqabad"
"270439","Bushra Saleem","MR-5701","EMDS Call","Medical Emergency","Anxiety / Psychiatric Disorder","2026/02/27 01:48:43 PM","Sadiqabad"
"270440","Shahla Nawaz","DR-185","EMDS Call","Medical Emergency","Renal Disorders / Renal Colic ","2026/02/27 02:03:26 PM","Sadiqabad"
"270441","Mureed Abbas","DR-900","EMDS Call","Medical Emergency","Domestic Injuries","2026/02/27 02:05:17 PM","Khanpur"
"270442","Imran Anjum","DR-204","EMDS Call","Road Crash","Minor Injuries","2026/02/27 02:07:05 PM","Rahim Yar Khan"
"270443","Mureed Abbas","DR-900","EMDS Call","Medical Emergency","Abdominal Pain","2026/02/27 02:25:53 PM","Khanpur"
"270444","Maheen Tahir","MR-6017","EMDS Call","Fire","Short Circuit","2026/02/27 02:26:08 PM","Sadiqabad"
"Not Assigned","Muhammad Zubair","DR-894","EMDS Call","Fire","Wheat Fire","2026/02/27 02:28:54 PM","Sadiqabad"
"270445","Mureed Abbas","DR-900","EMDS Call","Crime","Bullet Injury","2026/02/27 02:29:19 PM","Liaqatpur"
"270446","Muhammad Zubair","DR-894","EMDS Call","Medical Emergency","SOB/ Respiratory Distress","2026/02/27 02:32:31 PM","Rahim Yar Khan"
"76656","Maheen Tahir","MR-6017","Direct Call","Patient Transfer Service","N/A","2026/02/27 02:43:02 PM","Liaqatpur"
"Not Assigned","Mureed Abbas","DR-900","EMDS Call","Fire","Wheat Fire","2026/02/27 02:48:44 PM","Rahim Yar Khan"
"270448","Maheen Tahir","MR-6017","EMDS Call","Rescue Operations","Delivery Case","2026/02/27 02:58:28 PM","Khanpur"
"76657","Maheen Tahir","MR-6017","Direct Call","Patient Transfer Service","N/A","2026/02/27 03:08:15 PM","Sadiqabad"
"270449","Maheen Tahir","MR-6017","EMDS Call","Medical Emergency","Chest Pain","2026/02/27 03:18:53 PM","Liaqatpur"
"270450","Zupasha Zia","MR-5758","EMDS Call","Road Crash","Bleeding","2026/02/27 03:20:55 PM","Sadiqabad"
"270451","Maheen Tahir","MR-6017","EMDS Call","Medical Emergency","Abdominal Pain","2026/02/27 03:22:10 PM","Rahim Yar Khan"
"270452","Maheen Tahir","MR-6017","EMDS Call","Road Crash","Bleeding","2026/02/27 03:41:13 PM","Rahim Yar Khan"
"270453","Zupasha Zia","MR-5758","EMDS Call","Medical Emergency","Abdominal Pain","2026/02/27 03:41:47 PM","Rahim Yar Khan"
"270454","Maheen Tahir","MR-6017","EMDS Call","Medical Emergency","Abdominal Pain","2026/02/27 03:42:15 PM","Rahim Yar Khan"
"270455","Maheen Tahir","MR-6017","EMDS Call","Medical Emergency","Abdominal Pain","2026/02/27 03:46:31 PM","Rahim Yar Khan"
"270456","Zupasha Zia","MR-5758","EMDS Call","Rescue Operations","Delivery Case","2026/02/27 03:53:44 PM","Rahim Yar Khan"
"270457","Zupasha Zia","MR-5758","EMDS Call","Rescue Operations","Delivery Case","2026/02/27 04:02:29 PM","Rahim Yar Khan"
"270458","Shaheen Islam","DR-1171","Direct Call","Medical Emergency","Unconscious","2026/02/27 04:03:30 PM","Rahim Yar Khan"
"270459","Zupasha Zia","MR-5758","EMDS Call","Medical Emergency","Abdominal Pain","2026/02/27 04:08:12 PM","Rahim Yar Khan"
"Not Assigned","Shaheen Islam","DR-1171","Direct Call","Industrial Inspection","Industrial Inspection","2026/02/27 04:09:14 PM","Rahim Yar Khan"
"270460","Maheen Tahir","MR-6017","Direct Call","Medical Emergency","SOB/ Respiratory Distress","2026/02/27 04:15:17 PM","Sadiqabad"
"270461","Maheen Tahir","MR-6017","EMDS Call","Road Crash","Bleeding","2026/02/27 04:16:52 PM","Sadiqabad"
"270462","Shaheen Islam","DR-1171","Direct Call","Rescue Operations","Mass Event Coverage","2026/02/27 04:20:54 PM","Sadiqabad"
"270463","Zupasha Zia","MR-5758","EMDS Call","Road Crash","Bleeding","2026/02/27 04:20:35 PM","Sadiqabad"
"270464","Shaheen Islam","DR-1171","EMDS Call","Road Crash","Severe Trauma","2026/02/27 04:31:47 PM","Sadiqabad"
"270464","Shaheen Islam","DR-1171","EMDS Call","Road Crash","Severe Trauma","2026/02/27 04:31:47 PM","Sadiqabad"
"76658","Maheen Tahir","MR-6017","Direct Call","Patient Transfer Service","N/A","2026/02/27 04:38:25 PM","Khanpur"
"76659","Maheen Tahir","MR-6017","Direct Call","Patient Transfer Service","N/A","2026/02/27 04:41:13 PM","Khanpur"
"270465","Shaheen Islam","DR-1171","EMDS Call","Medical Emergency","SOB/ Respiratory Distress","2026/02/27 04:46:44 PM","Khanpur"
"270466","Zupasha Zia","MR-5758","EMDS Call","Road Crash","Severe Trauma","2026/02/27 04:59:47 PM","Khanpur"
"270467","Faiz Muhyy Ul Din","DR-892","EMDS Call","Medical Emergency","Hypertension","2026/02/27 05:00:24 PM","Rahim Yar Khan"
"270468","Zupasha Zia","MR-5758","EMDS Call","Rescue Operations","Delivery Case","2026/02/27 05:13:49 PM","Sadiqabad"
"270469","Zupasha Zia","MR-5758","EMDS Call","Road Crash","Minor Injuries","2026/02/27 05:19:42 PM","Rahim Yar Khan"
"270470","Faiz Muhyy Ul Din","DR-892","EMDS Call","Medical Emergency","Anxiety / Psychiatric Disorder","2026/02/27 05:19:39 PM","Rahim Yar Khan"
"270471","Faiz Muhyy Ul Din","DR-892","EMDS Call","Medical Emergency","Abdominal Pain","2026/02/27 05:22:51 PM","Sadiqabad"
"270472","Faiz Muhyy Ul Din","DR-892","EMDS Call","Medical Emergency","Unconscious","2026/02/27 05:25:29 PM","Sadiqabad"
"270473","Faiz Muhyy Ul Din","DR-892","EMDS Call","Road Crash","Minor Injuries","2026/02/27 05:29:02 PM","Rahim Yar Khan"
"270474","Zupasha Zia","MR-5758","EMDS Call","Road Crash","Minor Injuries","2026/02/27 05:34:31 PM","Rahim Yar Khan"
"270475","Zupasha Zia","MR-5758","EMDS Call","Rescue Operations","Animal/Bird Rescue","2026/02/27 05:42:56 PM","Khanpur"
"270476","Faiz Muhyy Ul Din","DR-892","EMDS Call","Medical Emergency","Anxiety / Psychiatric Disorder","2026/02/27 05:42:41 PM","Khanpur"
"76660","Shaheen Islam","DR-1171","Direct Call","Patient Transfer Service","N/A","2026/02/27 05:46:43 PM","Sadiqabad"
"270478","Faiz Muhyy Ul Din","DR-892","EMDS Call","Medical Emergency","Anxiety / Psychiatric Disorder","2026/02/27 05:49:17 PM","Rahim Yar Khan"
"270477","Zupasha Zia","MR-5758","EMDS Call","Medical Emergency","Unconscious","2026/02/27 05:49:33 PM","Sadiqabad"
"270479","Faiz Muhyy Ul Din","DR-892","Direct Call","Medical Emergency","SOB/ Respiratory Distress","2026/02/27 05:59:41 PM","Sadiqabad"
"270481","Shaheen Islam","DR-1171","EMDS Call","Road Crash","Severe Trauma","2026/02/27 06:03:31 PM","Khanpur"
"270480","Faiz Muhyy Ul Din","DR-892","EMDS Call","Crime","Physical Assault/Violence","2026/02/27 06:01:57 PM","Liaqatpur"
"270482","Faiz Muhyy Ul Din","DR-892","Direct Call","Medical Emergency","Renal Disorders / Renal Colic ","2026/02/27 06:07:51 PM","Rahim Yar Khan"
"76661","Zupasha Zia","MR-5758","Direct Call","Patient Transfer Service","N/A","2026/02/27 06:09:14 PM","Khanpur"
"270483","Muhammad Zahid","DR-888","EMDS Call","Road Crash","Minor Injuries","2026/02/27 06:28:49 PM","Sadiqabad"
"270484","Zupasha Zia","MR-5758","EMDS Call","Medical Emergency","Abdominal Pain","2026/02/27 06:29:25 PM","Sadiqabad"
"270485","Shaheen Islam","DR-1171","EMDS Call","Medical Emergency","High Fever","2026/02/27 06:31:22 PM","Rahim Yar Khan"
"270486","Muhammad Zahid","DR-888","EMDS Call","Medical Emergency","Vomiting","2026/02/27 06:34:16 PM","Sadiqabad"
"270487","Zupasha Zia","MR-5758","EMDS Call","Medical Emergency","Epilepsy","2026/02/27 06:46:21 PM","Rahim Yar Khan"
"270488","Shaheen Islam","DR-1171","EMDS Call","Medical Emergency","Epilepsy","2026/02/27 06:50:30 PM","Khanpur"
"270489","Shaheen Islam","DR-1171","EMDS Call","Road Crash","Minor Injuries","2026/02/27 06:55:25 PM","Rahim Yar Khan"
"270489","Shaheen Islam","DR-1171","EMDS Call","Road Crash","Minor Injuries","2026/02/27 06:55:25 PM","Rahim Yar Khan"
"270490","Zupasha Zia","MR-5758","EMDS Call","Medical Emergency","Vertigo/ Dizziness","2026/02/27 06:57:59 PM","Rahim Yar Khan"
"270491","Shaheen Islam","DR-1171","EMDS Call","Medical Emergency","Hypertension","2026/02/27 06:59:56 PM","Rahim Yar Khan"
"270492","Maheen Tahir","MR-6017","EMDS Call","Road Crash","Minor Injuries","2026/02/27 07:01:29 PM","Rahim Yar Khan"
"270493","Zupasha Zia","MR-5758","EMDS Call","Medical Emergency","Anxiety / Psychiatric Disorder","2026/02/27 07:03:58 PM","Rahim Yar Khan"
"270494","Maheen Tahir","MR-6017","EMDS Call","Medical Emergency","Headache","2026/02/27 07:10:40 PM","Rahim Yar Khan"
"270495","Shaheen Islam","DR-1171","EMDS Call","Fire","Others","2026/02/27 07:12:04 PM","Sadiqabad"
"270496","Zupasha Zia","MR-5758","EMDS Call","Road Crash","Severe Trauma","2026/02/27 07:13:13 PM","Khanpur"
"270497","Shaheen Islam","DR-1171","EMDS Call","Fire","Others","2026/02/27 07:17:51 PM","Khanpur"
"270498","Maheen Tahir","MR-6017","EMDS Call","Medical Emergency","Vomiting","2026/02/27 07:26:18 PM","Sadiqabad"
"270499","Zupasha Zia","MR-5758","EMDS Call","Medical Emergency","Vomiting","2026/02/27 07:29:09 PM","Rahim Yar Khan"
"270500","Maheen Tahir","MR-6017","EMDS Call","Medical Emergency","Hypertension","2026/02/27 07:33:15 PM","Rahim Yar Khan"
"76662","Shaheen Islam","DR-1171","Direct Call","Patient Transfer Service","N/A","2026/02/27 07:38:17 PM","Sadiqabad"
"270501","Zupasha Zia","MR-5758","EMDS Call","Medical Emergency","Urinary Retention","2026/02/27 07:46:18 PM","Rahim Yar Khan"
"270502","Shaheen Islam","DR-1171","EMDS Call","Medical Emergency","Hypertension","2026/02/27 07:47:30 PM","Rahim Yar Khan"
"270503","Maheen Tahir","MR-6017","EMDS Call","Medical Emergency","Hypertension","2026/02/27 07:48:25 PM","Sadiqabad"
"76663","Zupasha Zia","MR-5758","Direct Call","Patient Transfer Service","N/A","2026/02/27 07:52:28 PM","Sadiqabad"
"270504","Zupasha Zia","MR-5758","EMDS Call","Medical Emergency","Backache","2026/02/27 07:56:29 PM","Rahim Yar Khan"
"270505","Maheen Tahir","MR-6017","EMDS Call","Crime","Physical Assault/Violence","2026/02/27 08:00:46 PM","Rahim Yar Khan"
"270506","Maheen Tahir","MR-6017","EMDS Call","Medical Emergency","Domestic Injuries","2026/02/27 08:11:21 PM","Rahim Yar Khan"
"270507","Zupasha Zia","MR-5758","EMDS Call","Medical Emergency","Anxiety / Psychiatric Disorder","2026/02/27 08:36:03 PM","Sadiqabad"
"270508","Maheen Tahir","MR-6017","EMDS Call","Medical Emergency","Joints Pain","2026/02/27 08:37:55 PM","Rahim Yar Khan"
"270509","Zupasha Zia","MR-5758","EMDS Call","Medical Emergency","Anxiety / Psychiatric Disorder","2026/02/27 08:45:05 PM","Khanpur"
"270510","Nida Rahat","DR-1322","EMDS Call","Medical Emergency","Joints Pain","2026/02/27 08:51:13 PM","Sadiqabad"
"270511","Muhammad Tariq Hameed","DR-885","EMDS Call","Crime","Physical Assault/Violence","2026/02/27 08:58:27 PM","Rahim Yar Khan"
"270512","Nida Rahat","DR-1322","EMDS Call","Crime","Physical Assault/Violence","2026/02/27 09:04:23 PM","Rahim Yar Khan"
"270513","Sheeza Barkat","MR-5331","EMDS Call","Medical Emergency","CVA/Stroke","2026/02/27 09:05:33 PM","Sadiqabad"
"270514","Nida Rahat","DR-1322","EMDS Call","Rescue Operations","Delivery Case","2026/02/27 09:15:16 PM","Rahim Yar Khan"
"270515","Aasia Batool","MR-5198","EMDS Call","Fire","Others","2026/02/27 09:14:21 PM","Sadiqabad"
"270516","Aasia Batool","MR-5198","EMDS Call","Medical Emergency","Vertigo/ Dizziness","2026/02/27 09:18:15 PM","Rahim Yar Khan"
"270517","Sheeza Barkat","MR-5331","EMDS Call","Medical Emergency","Joints Pain","2026/02/27 09:20:10 PM","Sadiqabad"
"270519","Nida Rahat","DR-1322","EMDS Call","Medical Emergency","Others","2026/02/27 09:21:14 PM","Rahim Yar Khan"
"270518","Sajid Mehmood","DR-914","EMDS Call","Road Crash","Severe Trauma","2026/02/27 09:23:53 PM","Khanpur"
"270520","Sajid Mehmood","DR-914","EMDS Call","Medical Emergency","Others","2026/02/27 09:38:52 PM","Rahim Yar Khan"
"270521","Sheeza Barkat","MR-5331","EMDS Call","Road Crash","Bleeding","2026/02/27 09:40:27 PM","Rahim Yar Khan"
"Not Assigned","Sajid Mehmood","DR-914","EMDS Call","Fire","Others","2026/02/27 09:45:18 PM","Sadiqabad"
"270523","Aasia Batool","MR-5198","EMDS Call","Road Crash","Minor Injuries","2026/02/27 09:44:53 PM","Sadiqabad"
"76664","Nida Rahat","DR-1322","Direct Call","Patient Transfer Service","N/A","2026/02/27 09:46:32 PM","Sadiqabad"
"76665","Nida Rahat","DR-1322","Direct Call","Patient Transfer Service","N/A","2026/02/27 09:48:38 PM","Khanpur"
"270524","Aasia Batool","MR-5198","EMDS Call","Road Crash","Bleeding","2026/02/27 09:49:12 PM","Rahim Yar Khan"
"270525","Aasia Batool","MR-5198","EMDS Call","Medical Emergency","Hypertension","2026/02/27 10:16:32 PM","Rahim Yar Khan"
"270526","Nida Rahat","DR-1322","EMDS Call","Road Crash","Bleeding","2026/02/27 10:19:17 PM","Rahim Yar Khan"
"270527","Sajid Mehmood","DR-914","EMDS Call","Medical Emergency","Vomiting","2026/02/27 10:21:42 PM","Rahim Yar Khan"
"76666","Aasia Batool","MR-5198","Direct Call","Patient Transfer Service","N/A","2026/02/27 10:22:22 PM","Khanpur"
"270528","Sheeza Barkat","MR-5331","EMDS Call","Medical Emergency","Epilepsy","2026/02/27 10:22:50 PM","Sadiqabad"
"270529","Nida Rahat","DR-1322","EMDS Call","Fire","Others","2026/02/27 10:25:05 PM","Rahim Yar Khan"
"270530","Sajid Mehmood","DR-914","EMDS Call","Rescue Operations","Snake Emergency","2026/02/27 10:30:15 PM","Khanpur"
"270531","Sheeza Barkat","MR-5331","EMDS Call","Medical Emergency","Vomiting","2026/02/27 10:32:07 PM","Rahim Yar Khan"
"270532","Sajid Mehmood","DR-914","EMDS Call","Medical Emergency","Hypertension","2026/02/27 10:36:32 PM","Rahim Yar Khan"
"270533","Nida Rahat","DR-1322","EMDS Call","Medical Emergency","Unconscious","2026/02/27 10:39:29 PM","Rahim Yar Khan"
"76667","Aasia Batool","MR-5198","Direct Call","Patient Transfer Service","N/A","2026/02/27 10:55:12 PM","Rahim Yar Khan"
"270534","Sheeza Barkat","MR-5331","EMDS Call","Medical Emergency","Abdominal Pain","2026/02/27 11:10:51 PM","Liaqatpur"
"270535","Nida Rahat","DR-1322","Direct Call","Medical Emergency","SOB/ Respiratory Distress","2026/02/27 11:16:37 PM","Rahim Yar Khan"
"270536","Nida Rahat","DR-1322","EMDS Call","Medical Emergency","Joints Pain","2026/02/27 11:18:54 PM","Liaqatpur"
"270537","Nida Rahat","DR-1322","EMDS Call","Medical Emergency","Hypertension","2026/02/27 11:22:41 PM","Sadiqabad"
"270538","Aasia Batool","MR-5198","EMDS Call","Road Crash","Minor Injuries","2026/02/27 11:30:23 PM","Rahim Yar Khan"
"270539","Nida Rahat","DR-1322","Direct Call","Medical Emergency","Abdominal Pain","2026/02/27 11:35:26 PM","Rahim Yar Khan"
"270540","Aasia Batool","MR-5198","EMDS Call","Medical Emergency","SOB/ Respiratory Distress","2026/02/27 11:36:17 PM","Rahim Yar Khan"
"270541","Sheeza Barkat","MR-5331","EMDS Call","Medical Emergency","SOB/ Respiratory Distress","2026/02/27 11:36:52 PM","Khanpur"
"270542","Nida Rahat","DR-1322","EMDS Call","Medical Emergency","Vomiting","2026/02/27 11:39:00 PM","Rahim Yar Khan"
"270543","Nida Rahat","DR-1322","EMDS Call","Medical Emergency","SOB/ Respiratory Distress","2026/02/27 11:48:13 PM","Khanpur"
"270544","Nida Rahat","DR-1322","EMDS Call","Medical Emergency","SOB/ Respiratory Distress","2026/02/27 11:55:14 PM","Liaqatpur"
"270545","Aasia Batool","MR-5198","EMDS Call","Medical Emergency","Unconscious","2026/02/28 12:02:03 AM","Sadiqabad"
"270547","Sheeza Barkat","MR-5331","EMDS Call","Medical Emergency","Unconscious","2026/02/28 12:02:13 AM","Sadiqabad"
"270546","Nida Rahat","DR-1322","EMDS Call","Medical Emergency","Vomiting","2026/02/28 12:10:12 AM","Rahim Yar Khan"
"270548","Sheeza Barkat","MR-5331","EMDS Call","Medical Emergency","Hypertension","2026/02/28 12:14:43 AM","Rahim Yar Khan"
"270549","Aasia Batool","MR-5198","EMDS Call","Road Crash","Bleeding","2026/02/28 12:28:01 AM","Sadiqabad"
"270550","Sheeza Barkat","MR-5331","EMDS Call","Medical Emergency","SOB/ Respiratory Distress","2026/02/28 12:33:46 AM","Sadiqabad"
"270551","Nida Rahat","DR-1322","EMDS Call","Medical Emergency","Unconscious","2026/02/28 12:47:55 AM","Liaqatpur"
"76668","Sheeza Barkat","MR-5331","Direct Call","Patient Transfer Service","N/A","2026/02/28 12:57:09 AM","Khanpur"
"270552","Nida Rahat","DR-1322","EMDS Call","Medical Emergency","SOB/ Respiratory Distress","2026/02/28 01:04:41 AM","Khanpur"
"270553","Sheeza Barkat","MR-5331","EMDS Call","Medical Emergency","Vomiting","2026/02/28 01:04:28 AM","Khanpur"
"270554","Sheeza Barkat","MR-5331","EMDS Call","Rescue Operations","Delivery Case","2026/02/28 01:08:43 AM","Rahim Yar Khan"
"270555","Sheeza Barkat","MR-5331","EMDS Call","Medical Emergency","SOB/ Respiratory Distress","2026/02/28 01:11:05 AM","Liaqatpur"
"270556","Nida Rahat","DR-1322","EMDS Call","Medical Emergency","Chest Pain","2026/02/28 01:12:06 AM","Rahim Yar Khan"
"270557","Sheeza Barkat","MR-5331","EMDS Call","Medical Emergency","Anxiety / Psychiatric Disorder","2026/02/28 01:15:52 AM","Rahim Yar Khan"
"270558","Nida Rahat","DR-1322","Direct Call","Medical Emergency","Abdominal Pain","2026/02/28 01:16:49 AM","Rahim Yar Khan"
"270559","Sheeza Barkat","MR-5331","EMDS Call","Medical Emergency","Diabetic","2026/02/28 01:18:40 AM","Sadiqabad"
"270560","Nida Rahat","DR-1322","EMDS Call","Rescue Operations","Delivery Case","2026/02/28 01:19:30 AM","Sadiqabad"
"270561","Sheeza Barkat","MR-5331","EMDS Call","Fall","Others","2026/02/28 01:21:38 AM","Khanpur"
"270562","Nida Rahat","DR-1322","EMDS Call","Medical Emergency","Joints Pain","2026/02/28 01:31:25 AM","Sadiqabad"
"76669","Nida Rahat","DR-1322","Direct Call","Patient Transfer Service","N/A","2026/02/28 01:42:39 AM","Liaqatpur"
"76670","Sajid Mehmood","DR-914","EMDS Call","Patient Transfer Service","N/A","2026/02/28 01:42:08 AM","Rahim Yar Khan"
"270563","Sheeza Barkat","MR-5331","EMDS Call","Rescue Operations","Delivery Case","2026/02/28 01:51:03 AM","Rahim Yar Khan"
"270564","Sajid Mehmood","DR-914","EMDS Call","Medical Emergency","Vomiting","2026/02/28 02:00:56 AM","Rahim Yar Khan"
"270565","Nida Rahat","DR-1322","EMDS Call","Medical Emergency","Joints Pain","2026/02/28 02:04:48 AM","Rahim Yar Khan"
"270566","Aasia Batool","MR-5198","EMDS Call","Medical Emergency","Abdominal Pain","2026/02/28 02:04:44 AM","Khanpur"
"76671","Nida Rahat","DR-1322","Direct Call","Patient Transfer Service","N/A","2026/02/28 02:07:08 AM","Sadiqabad"
"270567","Sajid Mehmood","DR-914","EMDS Call","Medical Emergency","Headache","2026/02/28 02:11:36 AM","Sadiqabad"
"270568","Sheeza Barkat","MR-5331","EMDS Call","Medical Emergency","Anxiety / Psychiatric Disorder","2026/02/28 02:14:46 AM","Rahim Yar Khan"
"270569","Nida Rahat","DR-1322","EMDS Call","Medical Emergency","High Fever","2026/02/28 02:23:43 AM","Rahim Yar Khan"
"76672","Nida Rahat","DR-1322","Direct Call","Patient Transfer Service","N/A","2026/02/28 02:54:16 AM","Khanpur"
"76673","Muhammad Tariq Hameed","DR-885","Direct Call","Patient Transfer Service","N/A","2026/02/28 03:21:52 AM","Sadiqabad"
"270570","Sheeza Barkat","MR-5331","EMDS Call","Medical Emergency","Vomiting","2026/02/28 03:23:42 AM","Rahim Yar Khan"
"270571","Sajid Mehmood","DR-914","EMDS Call","Medical Emergency","Urinary Retention","2026/02/28 04:09:59 AM","Rahim Yar Khan"
"270572","Muhammad Tariq Hameed","DR-885","EMDS Call","Medical Emergency","Abdominal Pain","2026/02/28 04:09:46 AM","Sadiqabad"
"270573","Adil Iqbal","DR-782","EMDS Call","Medical Emergency","CVA/Stroke","2026/02/28 04:27:21 AM","Rahim Yar Khan"
"270574","Muhammad Tariq Hameed","DR-885","EMDS Call","Fire","Others","2026/02/28 04:28:50 AM","Khanpur"
"270575","Sajid Mehmood","DR-914","EMDS Call","Medical Emergency","CVA/Stroke","2026/02/28 04:40:22 AM","Sadiqabad"
"270576","Sajid Mehmood","DR-914","EMDS Call","Medical Emergency","Abdominal Pain","2026/02/28 04:51:23 AM","Rahim Yar Khan"
"270577","Muhammad Tariq Hameed","DR-885","EMDS Call","Medical Emergency","Vomiting","2026/02/28 05:27:02 AM","Liaqatpur"
"270578","Adil Iqbal","DR-782","EMDS Call","Medical Emergency","High Fever","2026/02/28 05:28:54 AM","Khanpur"
"270579","Sajid Mehmood","DR-914","EMDS Call","Medical Emergency","Vomiting","2026/02/28 05:44:27 AM","Khanpur"
"270580","Adil Iqbal","DR-782","EMDS Call","Medical Emergency","Epilepsy","2026/02/28 05:55:24 AM","Liaqatpur"
"270581","Adil Iqbal","DR-782","EMDS Call","Medical Emergency","Hypertension","2026/02/28 06:10:54 AM","Rahim Yar Khan"
"270582","Muhammad Tariq Hameed","DR-885","EMDS Call","Medical Emergency","Hypertension","2026/02/28 06:14:10 AM","Sadiqabad"
"270583","Muhammad Tariq Hameed","DR-885","EMDS Call","Medical Emergency","Unconscious","2026/02/28 06:26:34 AM","Rahim Yar Khan"
"270584","Adil Iqbal","DR-782","EMDS Call","Road Crash","Severe Trauma","2026/02/28 06:29:03 AM","Khanpur"
"270585","Adil Iqbal","DR-782","EMDS Call","Medical Emergency","Diabetic","2026/02/28 06:43:56 AM","Liaqatpur"
"270586","Muhammad Tariq Hameed","DR-885","EMDS Call","Medical Emergency","High Fever","2026/02/28 06:45:51 AM","Liaqatpur"
"76674","Muhammad Tariq Hameed","DR-885","Direct Call","Patient Transfer Service","N/A","2026/02/28 07:01:53 AM","Sadiqabad"
"270587","Adil Iqbal","DR-782","EMDS Call","Medical Emergency","Joints Pain","2026/02/28 07:05:14 AM","Rahim Yar Khan"
"270588","Sheeza Barkat","MR-5331","EMDS Call","Medical Emergency","Chest Pain","2026/02/28 07:27:07 AM","Sadiqabad"
"270589","Adil Iqbal","DR-782","EMDS Call","Medical Emergency","Vomiting","2026/02/28 07:27:45 AM","Rahim Yar Khan"
"270590","Rana M. Usman","DR-200","Direct Call","Rescue Operations","Mass Event Coverage","2026/02/28 07:57:38 AM","Rahim Yar Khan"
"76675","Rana M. Usman","DR-200","Direct Call","Patient Transfer Service","N/A","2026/02/28 08:03:24 AM","Sadiqabad"
"270591","Rana M. Usman","DR-200","EMDS Call","Road Crash","Bleeding","2026/02/28 08:09:09 AM","Sadiqabad"
"270592","Bushra Saleem","MR-5701","EMDS Call","Rescue Operations","Delivery Case","2026/02/28 08:18:33 AM","Sadiqabad"
"270594","Rana M. Usman","DR-200","EMDS Call","Medical Emergency","Hypertension","2026/02/28 08:23:38 AM","Sadiqabad"
"270593","Shahla Nawaz","DR-185","EMDS Call","Medical Emergency","Joints Pain","2026/02/28 08:26:45 AM","Liaqatpur"
"270595","Adnan Shabbir","DR-205","EMDS Call","Road Crash","Bleeding","2026/02/28 08:36:40 AM","Sadiqabad"
"270596","Rana M. Usman","DR-200","EMDS Call","Medical Emergency","SOB/ Respiratory Distress","2026/02/28 08:38:20 AM","Rahim Yar Khan"
"270597","Adnan Shabbir","DR-205","EMDS Call","Medical Emergency","Vomiting","2026/02/28 08:53:24 AM","Rahim Yar Khan"
"270599","Rana M. Usman","DR-200","EMDS Call","Medical Emergency","Diabetic","2026/02/28 09:00:32 AM","Sadiqabad"
"270598","Shahla Nawaz","DR-185","EMDS Call","Medical Emergency","Hypertension","2026/02/28 09:00:35 AM","Rahim Yar Khan"
"270600","Muhammad Arshad","DR-198","EMDS Call","Medical Emergency","Abdominal Pain","2026/02/28 09:01:46 AM","Khanpur"
"270601","Adnan Shabbir","DR-205","EMDS Call","Medical Emergency","SOB/ Respiratory Distress","2026/02/28 09:02:46 AM","Rahim Yar Khan"
"270602","Muhammad Arshad","DR-198","EMDS Call","Medical Emergency","Chronic Illness","2026/02/28 09:25:10 AM","Rahim Yar Khan"
"270604","Muhammad Arshad","DR-198","EMDS Call","Medical Emergency","Others","2026/02/28 09:30:09 AM","Rahim Yar Khan"
"270603","Shahla Nawaz","DR-185","EMDS Call","Medical Emergency","Hypertension","2026/02/28 09:29:38 AM","Liaqatpur"
"270605","Muhammad Arshad","DR-198","EMDS Call","Road Crash","Minor Injuries","2026/02/28 09:35:55 AM","Rahim Yar Khan"
"270606","Muhammad Rashid Saleem","DR-187","EMDS Call","Medical Emergency","Unconscious","2026/02/28 09:37:54 AM","Khanpur"
"270607","Yasir Ilyas","DR-893","EMDS Call","Medical Emergency","Abdominal Pain","2026/02/28 09:40:28 AM","Rahim Yar Khan"
"76676","Muhammad Rashid Saleem","DR-187","Direct Call","Patient Transfer Service","N/A","2026/02/28 09:47:01 AM","Khanpur"
"76677","Shahla Nawaz","DR-185","Direct Call","Patient Transfer Service","N/A","2026/02/28 09:54:19 AM","Sadiqabad"
"270608","Shahla Nawaz","DR-185","EMDS Call","Medical Emergency","SOB/ Respiratory Distress","2026/02/28 10:12:42 AM","Rahim Yar Khan"
"270609","Bushra Saleem","MR-5701","EMDS Call","Medical Emergency","Joints Pain","2026/02/28 10:35:56 AM","Liaqatpur"
"270610","Muhammad Rashid Saleem","DR-187","EMDS Call","Medical Emergency","Domestic Injuries","2026/02/28 10:50:17 AM","Rahim Yar Khan"
"270611","Adnan Shabbir","DR-205","EMDS Call","Medical Emergency","Domestic Injuries","2026/02/28 10:52:40 AM","Rahim Yar Khan"
"270612","Shahla Nawaz","DR-185","EMDS Call","Medical Emergency","Abdominal Pain","2026/02/28 10:53:24 AM","Khanpur"
"76678","Shahla Nawaz","DR-185","Direct Call","Patient Transfer Service","N/A","2026/02/28 11:02:32 AM","Liaqatpur"
"270613","Zupasha Zia","MR-5758","EMDS Call","Fall","Fall From Roof","2026/02/28 11:03:07 AM","Rahim Yar Khan"
"270614","Shahla Nawaz","DR-185","EMDS Call","Medical Emergency","Diabetic","2026/02/28 11:06:06 AM","Rahim Yar Khan"
"270615","Muhammad Rashid Saleem","DR-187","EMDS Call","Road Crash","Severe Trauma","2026/02/28 11:06:27 AM","Khanpur"
"270616","Zupasha Zia","MR-5758","EMDS Call","Road Crash","Bleeding","2026/02/28 11:09:30 AM","Sadiqabad"
"76679","Shahla Nawaz","DR-185","Direct Call","Patient Transfer Service","N/A","2026/02/28 11:19:22 AM","Sadiqabad"
"270617","Shahla Nawaz","DR-185","EMDS Call","Medical Emergency","SOB/ Respiratory Distress","2026/02/28 11:20:16 AM","Rahim Yar Khan"
"270618","Zupasha Zia","MR-5758","EMDS Call","Medical Emergency","Hypertension","2026/02/28 11:44:23 AM","Rahim Yar Khan"
"270619","Imran Anjum","DR-204","EMDS Call","Medical Emergency","SOB/ Respiratory Distress","2026/02/28 11:48:50 AM","Rahim Yar Khan"
"270620","Shahla Nawaz","DR-185","EMDS Call","Medical Emergency","CVA/Stroke","2026/02/28 11:48:41 AM","Khanpur"
"270621","Zupasha Zia","MR-5758","EMDS Call","Medical Emergency","Domestic Injuries","2026/02/28 11:55:12 AM","Rahim Yar Khan"
"270622","Imran Anjum","DR-204","EMDS Call","Medical Emergency","Anxiety / Psychiatric Disorder","2026/02/28 12:03:45 PM","Rahim Yar Khan"
"270623","Zupasha Zia","MR-5758","EMDS Call","Medical Emergency","Vomiting","2026/02/28 12:07:36 PM","Rahim Yar Khan"
"270624","Shahla Nawaz","DR-185","EMDS Call","Medical Emergency","Diabetic","2026/02/28 12:09:41 PM","Sadiqabad"
"270625","Zupasha Zia","MR-5758","EMDS Call","Road Crash","Severe Trauma","2026/02/28 12:15:42 PM","Khanpur"
"76680","Zupasha Zia","MR-5758","Direct Call","Patient Transfer Service","N/A","2026/02/28 12:25:10 PM","Khanpur"
"270626","Zupasha Zia","MR-5758","EMDS Call","Medical Emergency","Diabetic","2026/02/28 12:48:10 PM","Rahim Yar Khan"
"270627","Imran Anjum","DR-204","Direct Call","Medical Emergency","Joints Pain","2026/02/28 12:49:50 PM","Rahim Yar Khan"
"270629","Zupasha Zia","MR-5758","EMDS Call","Medical Emergency","Hypertension","2026/02/28 12:51:19 PM","Rahim Yar Khan"
"270628","Imran Anjum","DR-204","EMDS Call","Medical Emergency","Vertigo/ Dizziness","2026/02/28 12:51:07 PM","Sadiqabad"
"270630","Shahla Nawaz","DR-185","EMDS Call","Medical Emergency","Epilepsy","2026/02/28 12:51:57 PM","Khanpur"
"270633","Imran Anjum","DR-204","EMDS Call","Medical Emergency","Chest Pain","2026/02/28 12:54:33 PM","Rahim Yar Khan"
"270631","Zupasha Zia","MR-5758","EMDS Call","Fire","Others","2026/02/28 12:59:10 PM","Sadiqabad"
"270632","Shahla Nawaz","DR-185","EMDS Call","Medical Emergency","Vertigo/ Dizziness","2026/02/28 12:59:00 PM","Rahim Yar Khan"
"270634","Imran Anjum","DR-204","EMDS Call","Medical Emergency","Vomiting","2026/02/28 01:06:49 PM","Rahim Yar Khan"
"270635","Zupasha Zia","MR-5758","EMDS Call","Medical Emergency","Renal Disorders / Renal Colic ","2026/02/28 01:06:47 PM","Rahim Yar Khan"
"270636","Imran Anjum","DR-204","EMDS Call","Medical Emergency","High Fever","2026/02/28 01:15:33 PM","Rahim Yar Khan"
"270637","Shahla Nawaz","DR-185","EMDS Call","Medical Emergency","Hypertension","2026/02/28 01:18:31 PM","Sadiqabad"
"270638","Shahla Nawaz","DR-185","EMDS Call","Road Crash","Minor Injuries","2026/02/28 01:21:25 PM","Sadiqabad"
"270639","Zupasha Zia","MR-5758","EMDS Call","Medical Emergency","Chest Pain","2026/02/28 01:24:31 PM","Sadiqabad"
"270640","Imran Anjum","DR-204","EMDS Call","Road Crash","Minor Injuries","2026/02/28 01:25:07 PM","Rahim Yar Khan"
"270641","Shahla Nawaz","DR-185","EMDS Call","Medical Emergency","Diabetic","2026/02/28 01:28:51 PM","Rahim Yar Khan"
"270642","Zupasha Zia","MR-5758","EMDS Call","Crime","Physical Assault/Violence","2026/02/28 01:30:37 PM","Khanpur"
"270643","Imran Anjum","DR-204","EMDS Call","Rescue Operations","Animal/Bird Rescue","2026/02/28 01:34:19 PM","Khanpur"
"270644","Shahla Nawaz","DR-185","EMDS Call","Road Crash","Severe Trauma","2026/02/28 01:35:45 PM","Sadiqabad"
"270645","Zupasha Zia","MR-5758","EMDS Call","Medical Emergency","CVA/Stroke","2026/02/28 01:38:26 PM","Rahim Yar Khan"
"270646","Zupasha Zia","MR-5758","EMDS Call","Road Crash","Bleeding","2026/02/28 01:49:37 PM","Khanpur"
"270647","Shahla Nawaz","DR-185","EMDS Call","Medical Emergency","Chest Pain","2026/02/28 01:57:48 PM","Sadiqabad"
"270648","Nida Rahat","DR-1322","EMDS Call","Crime","Probable Suicide","2026/02/28 02:07:04 PM","Rahim Yar Khan"
"270649","Nida Rahat","DR-1322","EMDS Call","Road Crash","Bleeding","2026/02/28 02:11:02 PM","Rahim Yar Khan"
"270650","Nida Rahat","DR-1322","EMDS Call","Medical Emergency","Vomiting","2026/02/28 02:13:41 PM","Liaqatpur"
"270651","Maheen Tahir","MR-6017","EMDS Call","Medical Emergency","Anxiety / Psychiatric Disorder","2026/02/28 02:14:26 PM","Rahim Yar Khan"
"270652","Muhammad Zubair","DR-894","EMDS Call","Medical Emergency","High Fever","2026/02/28 02:17:08 PM","Rahim Yar Khan"
"270653","Nida Rahat","DR-1322","EMDS Call","Medical Emergency","Abdominal Pain","2026/02/28 02:22:33 PM","Khanpur"
"76681","Nida Rahat","DR-1322","Direct Call","Patient Transfer Service","N/A","2026/02/28 02:27:02 PM","Khanpur"
"270654","Muhammad Zubair","DR-894","EMDS Call","Medical Emergency","Vertigo/ Dizziness","2026/02/28 02:27:34 PM","Rahim Yar Khan"
"270655","Nida Rahat","DR-1322","EMDS Call","Road Crash","Severe Trauma","2026/02/28 02:35:12 PM","Sadiqabad"
"270656","Nida Rahat","DR-1322","EMDS Call","Medical Emergency","Unconscious","2026/02/28 02:36:50 PM","Sadiqabad"
"Not Assigned","Maheen Tahir","MR-6017","EMDS Call","Road Crash","Minor Injuries","2026/02/28 02:34:19 PM","Sadiqabad"
"270658","Maheen Tahir","MR-6017","EMDS Call","Fall","Fall From Stairs","2026/02/28 02:35:48 PM","Rahim Yar Khan"
"270659","Nida Rahat","DR-1322","EMDS Call","Medical Emergency","Hypertension","2026/02/28 02:42:23 PM","Rahim Yar Khan"
"270660","Nida Rahat","DR-1322","EMDS Call","Fire","Others","2026/02/28 02:48:48 PM","Sadiqabad"
"270661","Maheen Tahir","MR-6017","EMDS Call","Medical Emergency","SOB/ Respiratory Distress","2026/02/28 02:49:19 PM","Sadiqabad"
"270662","Nida Rahat","DR-1322","EMDS Call","Medical Emergency","Chest Pain","2026/02/28 02:54:28 PM","Rahim Yar Khan"
"270663","Nida Rahat","DR-1322","EMDS Call","Medical Emergency","Unconscious","2026/02/28 03:03:04 PM","Rahim Yar Khan"
"Not Assigned","Muhammad Zubair","DR-894","Direct Call","Industrial Inspection","Industrial Inspection","2026/02/28 03:03:49 PM","Rahim Yar Khan"
"270664","Maheen Tahir","MR-6017","EMDS Call","Medical Emergency","Renal Disorders / Renal Colic ","2026/02/28 03:08:54 PM","Sadiqabad"
"270665","Muhammad Zubair","DR-894","EMDS Call","Medical Emergency","Renal Disorders / Renal Colic ","2026/02/28 03:10:16 PM","Sadiqabad"
"76682","Maheen Tahir","MR-6017","Direct Call","Patient Transfer Service","N/A","2026/02/28 03:12:20 PM","Khanpur"
"270666","Nida Rahat","DR-1322","EMDS Call","Medical Emergency","Hypertension","2026/02/28 03:29:23 PM","Rahim Yar Khan"
"76683","Maheen Tahir","MR-6017","Direct Call","Patient Transfer Service","N/A","2026/02/28 03:33:00 PM","Sadiqabad"
"270667","Nida Rahat","DR-1322","EMDS Call","Road Crash","Minor Injuries","2026/02/28 03:34:59 PM","Rahim Yar Khan"
"76684","Muhammad Zubair","DR-894","Direct Call","Patient Transfer Service","N/A","2026/02/28 03:40:03 PM","Sadiqabad"
"270668","Maheen Tahir","MR-6017","EMDS Call","Medical Emergency","SOB/ Respiratory Distress","2026/02/28 03:38:32 PM","Sadiqabad"
"76685","Maheen Tahir","MR-6017","Direct Call","Patient Transfer Service","N/A","2026/02/28 03:44:54 PM","Sadiqabad"
"270669","Maheen Tahir","MR-6017","EMDS Call","Medical Emergency","Vertigo/ Dizziness","2026/02/28 03:49:21 PM","Rahim Yar Khan"
"270670","Nida Rahat","DR-1322","EMDS Call","Medical Emergency","High Fever","2026/02/28 03:55:35 PM","Rahim Yar Khan"
"270671","Muhammad Zubair","DR-894","EMDS Call","Medical Emergency","Urinary Retention","2026/02/28 03:57:16 PM","Sadiqabad"
"270672","Maheen Tahir","MR-6017","EMDS Call","Medical Emergency","Hypertension","2026/02/28 04:01:23 PM","Rahim Yar Khan"
"270673","Nida Rahat","DR-1322","EMDS Call","Medical Emergency","High Fever","2026/02/28 04:00:11 PM","Sadiqabad"
"270674","Muhammad Zubair","DR-894","EMDS Call","Medical Emergency","Vomiting","2026/02/28 04:09:04 PM","Liaqatpur"
"270675","Nida Rahat","DR-1322","EMDS Call","Medical Emergency","Anxiety / Psychiatric Disorder","2026/02/28 04:10:37 PM","Rahim Yar Khan"
"270676","Muhammad Zubair","DR-894","EMDS Call","Medical Emergency","Diabetic","2026/02/28 04:16:48 PM","Rahim Yar Khan"
"270677","Maheen Tahir","MR-6017","EMDS Call","Medical Emergency","Diabetic","2026/02/28 04:33:03 PM","Rahim Yar Khan"
"76686","Nida Rahat","DR-1322","Direct Call","Patient Transfer Service","N/A","2026/02/28 04:37:39 PM","Liaqatpur"
"270678","Muhammad Zubair","DR-894","EMDS Call","Road Crash","Minor Injuries","2026/02/28 04:45:36 PM","Rahim Yar Khan"
"270679","Nida Rahat","DR-1322","EMDS Call","Medical Emergency","Joints Pain","2026/02/28 04:50:19 PM","Sadiqabad"
"270680","Muhammad Zubair","DR-894","EMDS Call","Medical Emergency","Diabetic","2026/02/28 04:51:22 PM","Sadiqabad"
"270681","Maheen Tahir","MR-6017","EMDS Call","Medical Emergency","SOB/ Respiratory Distress","2026/02/28 04:51:54 PM","Rahim Yar Khan"
"270682","Nida Rahat","DR-1322","EMDS Call","Fall","Fall From Stairs","2026/02/28 04:52:13 PM","Rahim Yar Khan"
"76687","Nida Rahat","DR-1322","Direct Call","Patient Transfer Service","N/A","2026/02/28 04:59:27 PM","Sadiqabad"
"270683","Maheen Tahir","MR-6017","EMDS Call","Medical Emergency","Diabetic","2026/02/28 05:16:00 PM","Khanpur"
"270684","Nida Rahat","DR-1322","EMDS Call","Medical Emergency","Vertigo/ Dizziness","2026/02/28 05:18:45 PM","Rahim Yar Khan"
"76688","Maheen Tahir","MR-6017","Direct Call","Patient Transfer Service","N/A","2026/02/28 05:23:36 PM","Sadiqabad"
"270685","Muhammad Zahid","DR-888","EMDS Call","Medical Emergency","Diabetic","2026/02/28 05:23:06 PM","Sadiqabad"
"270686","Maheen Tahir","MR-6017","EMDS Call","Medical Emergency","Anxiety / Psychiatric Disorder","2026/02/28 05:25:42 PM","Rahim Yar Khan"
"270687","Maheen Tahir","MR-6017","EMDS Call","Crime","Physical Assault/Violence","2026/02/28 05:39:29 PM","Rahim Yar Khan"
"270688","Maheen Tahir","MR-6017","EMDS Call","Road Crash","Bleeding","2026/02/28 05:49:45 PM","Rahim Yar Khan"
"270689","Muhammad Zahid","DR-888","EMDS Call","Medical Emergency","Vomiting","2026/02/28 05:49:28 PM","Liaqatpur"
"270690","Nida Rahat","DR-1322","EMDS Call","Medical Emergency","Renal Disorders / Renal Colic ","2026/02/28 05:51:30 PM","Sadiqabad"
"270691","Maheen Tahir","MR-6017","EMDS Call","Road Crash","Bleeding","2026/02/28 06:00:47 PM","Liaqatpur"
"270692","Nida Rahat","DR-1322","EMDS Call","Medical Emergency","Diarrhea","2026/02/28 06:09:02 PM","Rahim Yar Khan"
"270693","Nida Rahat","DR-1322","EMDS Call","Medical Emergency","Vomiting","2026/02/28 06:11:45 PM","Rahim Yar Khan"
"270694","Maheen Tahir","MR-6017","EMDS Call","Medical Emergency","Anxiety / Psychiatric Disorder","2026/02/28 06:17:16 PM","Sadiqabad"
"270695","Nida Rahat","DR-1322","EMDS Call","Medical Emergency","Diabetic","2026/02/28 06:20:13 PM","Rahim Yar Khan"
"270696","Muhammad Zahid","DR-888","EMDS Call","Medical Emergency","Chest Pain","2026/02/28 06:23:02 PM","Khanpur"
"270697","Nida Rahat","DR-1322","EMDS Call","Medical Emergency","Diabetic","2026/02/28 06:36:23 PM","Khanpur"
"270698","Maheen Tahir","MR-6017","EMDS Call","Medical Emergency","Vomiting","2026/02/28 06:44:28 PM","Liaqatpur"
"76689","Muhammad Zahid","DR-888","Direct Call","Patient Transfer Service","N/A","2026/02/28 06:48:38 PM","Khanpur"
"270699","Nida Rahat","DR-1322","EMDS Call","Medical Emergency","Epilepsy","2026/02/28 06:47:40 PM","Rahim Yar Khan"
"270700","Maheen Tahir","MR-6017","EMDS Call","Medical Emergency","Chronic Illness","2026/02/28 06:58:06 PM","Sadiqabad"
"76690","Saima Bashir","MR-5819","Direct Call","Patient Transfer Service","N/A","2026/02/28 07:00:30 PM","Khanpur"
"76691","Saima Bashir","MR-5819","Direct Call","Patient Transfer Service","N/A","2026/02/28 07:02:27 PM","Sadiqabad"
"270701","Saima Bashir","MR-5819","EMDS Call","Medical Emergency","Chemical / Drug Poisoning","2026/02/28 07:03:10 PM","Sadiqabad"
"270702","Muhammad Zahid","DR-888","EMDS Call","Road Crash","Minor Injuries","2026/02/28 07:04:55 PM","Rahim Yar Khan"
"76692","Maheen Tahir","MR-6017","Direct Call","Patient Transfer Service","N/A","2026/02/28 07:02:07 PM","Rahim Yar Khan"
"270703","Maheen Tahir","MR-6017","EMDS Call","Medical Emergency","High Fever","2026/02/28 07:06:34 PM","Liaqatpur"
"76693","Maheen Tahir","MR-6017","Direct Call","Patient Transfer Service","N/A","2026/02/28 07:13:38 PM","Sadiqabad"
"270704","Muhammad Zahid","DR-888","EMDS Call","Medical Emergency","Hypertension","2026/02/28 07:13:37 PM","Rahim Yar Khan"
"270705","Saima Bashir","MR-5819","EMDS Call","Road Crash","Bleeding","2026/02/28 07:17:50 PM","Sadiqabad"
"270706","Muhammad Zahid","DR-888","EMDS Call","Medical Emergency","Chronic Illness","2026/02/28 07:27:27 PM","Rahim Yar Khan"
"270707","Muhammad Zahid","DR-888","EMDS Call","Rescue Operations","Delivery Case","2026/02/28 07:34:36 PM","Rahim Yar Khan"
"270708","Muhammad Zahid","DR-888","EMDS Call","Medical Emergency","Abdominal Pain","2026/02/28 07:39:20 PM","Rahim Yar Khan"
"270709","Muhammad Zahid","DR-888","EMDS Call","Road Crash","Bleeding","2026/02/28 07:45:23 PM","Liaqatpur"
"270710","Muhammad Zahid","DR-888","EMDS Call","Medical Emergency","Unconscious","2026/02/28 07:54:36 PM","Rahim Yar Khan"
"270711","Maheen Tahir","MR-6017","EMDS Call","Medical Emergency","Abdominal Pain","2026/02/28 08:01:15 PM","Khanpur"
"270713","Muhammad Zahid","DR-888","EMDS Call","Road Crash","Bleeding","2026/02/28 08:00:19 PM","Liaqatpur"
"Not Assigned","Maheen Tahir","MR-6017","EMDS Call","Crime","Probable Suicide","2026/02/28 08:07:11 PM","Rahim Yar Khan"
"270714","Maheen Tahir","MR-6017","EMDS Call","Medical Emergency","High Fever","2026/02/28 08:11:38 PM","Rahim Yar Khan"
"270715","Saima Bashir","MR-5819","EMDS Call","Medical Emergency","Renal Disorders / Renal Colic ","2026/02/28 08:15:40 PM","Rahim Yar Khan"
"Not Assigned","Saima Bashir","MR-5819","EMDS Call","Medical Emergency","High Fever","2026/02/28 08:19:51 PM","Liaqatpur"
"270717","Muhammad Zahid","DR-888","EMDS Call","Medical Emergency","Diabetic","2026/02/28 08:19:59 PM","Rahim Yar Khan"
"270718","Saima Bashir","MR-5819","EMDS Call","Road Crash","Minor Injuries","2026/02/28 08:23:37 PM","Rahim Yar Khan"
"270719","Muhammad Zahid","DR-888","EMDS Call","Medical Emergency","SOB/ Respiratory Distress","2026/02/28 08:35:58 PM","Khanpur"
"270720","Saima Bashir","MR-5819","EMDS Call","Medical Emergency","Renal Disorders / Renal Colic ","2026/02/28 08:38:22 PM","Liaqatpur"
"270721","Muhammad Zahid","DR-888","EMDS Call","Medical Emergency","Gynae Problem","2026/02/28 08:38:48 PM","Khanpur"
"270722","Saima Bashir","MR-5819","EMDS Call","Medical Emergency","High Fever","2026/02/28 08:42:19 PM","Rahim Yar Khan"
"270723","Saima Bashir","MR-5819","EMDS Call","Medical Emergency","SOB/ Respiratory Distress","2026/02/28 08:45:51 PM","Rahim Yar Khan"
"270724","Muhammad Zahid","DR-888","EMDS Call","Medical Emergency","SOB/ Respiratory Distress","2026/02/28 08:43:13 PM","Liaqatpur"
"270725","Muhammad Zahid","DR-888","EMDS Call","Medical Emergency","Vertigo/ Dizziness","2026/02/28 08:50:49 PM","Rahim Yar Khan"
"270726","Saira Bibi","MR-5494","EMDS Call","Medical Emergency","Headache","2026/02/28 08:54:07 PM","Sadiqabad"
"270727","Muhammad Fiaz","DR-206","EMDS Call","Medical Emergency","SOB/ Respiratory Distress","2026/02/28 08:58:48 PM","Khanpur"
"270728","Muhammad Fiaz","DR-206","EMDS Call","Crime","Physical Assault/Violence","2026/02/28 09:08:25 PM","Rahim Yar Khan"
"270729","Saira Bibi","MR-5494","EMDS Call","Medical Emergency","Anxiety / Psychiatric Disorder","2026/02/28 09:09:08 PM","Sadiqabad"
"270730","Muhammad Fiaz","DR-206","EMDS Call","Medical Emergency","Backache","2026/02/28 09:10:16 PM","Rahim Yar Khan"
"270731","Saira Bibi","MR-5494","EMDS Call","Medical Emergency","Hypertension","2026/02/28 09:19:22 PM","Sadiqabad"
"270732","Aasia Batool","MR-5198","EMDS Call","Medical Emergency","Anxiety / Psychiatric Disorder","2026/02/28 09:20:00 PM","Rahim Yar Khan"
"270733","Muhammad Fiaz","DR-206","EMDS Call","Medical Emergency","Renal Disorders / Renal Colic ","2026/02/28 09:24:16 PM","Rahim Yar Khan"
"270734","Saira Bibi","MR-5494","EMDS Call","Medical Emergency","SOB/ Respiratory Distress","2026/02/28 09:29:22 PM","Khanpur"
"270735","Muhammad Fiaz","DR-206","EMDS Call","Medical Emergency","SOB/ Respiratory Distress","2026/02/28 09:34:28 PM","Sadiqabad"
"270736","Aasia Batool","MR-5198","EMDS Call","Medical Emergency","Unconscious","2026/02/28 09:34:53 PM","Sadiqabad"
"270737","Muhammad Fiaz","DR-206","EMDS Call","Medical Emergency","Vomiting","2026/02/28 09:39:16 PM","Rahim Yar Khan"
"270739","Aasia Batool","MR-5198","EMDS Call","Medical Emergency","High Fever","2026/02/28 09:39:24 PM","Liaqatpur"
"270738","Muhammad Fiaz","DR-206","EMDS Call","Medical Emergency","Hypertension","2026/02/28 09:41:21 PM","Rahim Yar Khan"
"76694","Saira Bibi","MR-5494","Direct Call","Patient Transfer Service","N/A","2026/02/28 09:43:51 PM","Sadiqabad"
"270740","Aasia Batool","MR-5198","EMDS Call","Road Crash","Minor Injuries","2026/02/28 09:46:07 PM","Khanpur"
"270741","Muhammad Fiaz","DR-206","EMDS Call","Medical Emergency","SOB/ Respiratory Distress","2026/02/28 09:47:47 PM","Khanpur"
"270742","Aasia Batool","MR-5198","EMDS Call","Rescue Operations","Pet Dog","2026/02/28 09:50:33 PM","Rahim Yar Khan"
"270743","Muhammad Fiaz","DR-206","EMDS Call","Medical Emergency","Diarrhea","2026/02/28 10:00:37 PM","Sadiqabad"
"76695","Saira Bibi","MR-5494","Direct Call","Patient Transfer Service","N/A","2026/02/28 10:03:26 PM","Sadiqabad"
"270744","Muhammad Fiaz","DR-206","EMDS Call","Medical Emergency","Unconscious","2026/02/28 10:15:42 PM","Khanpur"
"270745","Saira Bibi","MR-5494","EMDS Call","Medical Emergency","SOB/ Respiratory Distress","2026/02/28 10:16:46 PM","Liaqatpur"
"270746","Saira Bibi","MR-5494","EMDS Call","Rescue Operations","Delivery Case","2026/02/28 10:22:58 PM","Rahim Yar Khan"
"270747","Muhammad Fiaz","DR-206","EMDS Call","Medical Emergency","Chest Pain","2026/02/28 10:25:30 PM","Rahim Yar Khan"
"270749","Saira Bibi","MR-5494","EMDS Call","Medical Emergency","Anxiety / Psychiatric Disorder","2026/02/28 10:34:16 PM","Rahim Yar Khan"
"270748","Muhammad Fiaz","DR-206","EMDS Call","Medical Emergency","Anxiety / Psychiatric Disorder","2026/02/28 10:34:31 PM","Khanpur"
"270750","Aasia Batool","MR-5198","EMDS Call","Medical Emergency","Abdominal Pain","2026/02/28 10:34:58 PM","Rahim Yar Khan"
"270751","Muhammad Fiaz","DR-206","EMDS Call","Medical Emergency","Others","2026/02/28 10:42:53 PM","Rahim Yar Khan"
"270752","Muhammad Fiaz","DR-206","EMDS Call","Crime","Physical Assault/Violence","2026/02/28 10:58:42 PM","Liaqatpur"
"270752","Muhammad Fiaz","DR-206","EMDS Call","Crime","Physical Assault/Violence","2026/02/28 10:58:42 PM","Liaqatpur"
"270753","Muhammad Fiaz","DR-206","EMDS Call","Medical Emergency","Vomiting","2026/02/28 11:16:51 PM","Rahim Yar Khan"
"270754","Saira Bibi","MR-5494","EMDS Call","Medical Emergency","Chest Pain","2026/02/28 11:17:09 PM","Rahim Yar Khan"
"270755","Shaheen Islam","DR-1171","EMDS Call","Medical Emergency","SOB/ Respiratory Distress","2026/02/28 11:17:57 PM","Rahim Yar Khan"
"76696","Muhammad Fiaz","DR-206","Direct Call","Patient Transfer Service","N/A","2026/02/28 11:21:54 PM","Sadiqabad"
"270756","Saima Bashir","MR-5819","EMDS Call","Medical Emergency","SOB/ Respiratory Distress","2026/02/28 11:35:29 PM","Sadiqabad"