"EC No","Agent Name","Agent Id","Call Type","Emergency Type","Emergency Subtype","Call Received at","Tehsil Name"
"75134","Muhammad Zubair","DR-894","Direct Call","Patient Transfer Service","N/A","2026/01/01 12:07:25 AM","Liaqatpur"
"258293","Muhammad Zubair","DR-894","EMDS Call","Medical Emergency","Hypertension","2026/01/01 12:27:16 AM","Sadiqabad"
"258294","Muhammad Fiaz","DR-206","Direct Call","Rescue Operations","Mass Event Coverage","2026/01/01 12:35:18 AM","Rahim Yar Khan"
"258295","Rana M. Usman","DR-200","EMDS Call","Crime","Probable Suicide","2026/01/01 12:36:02 AM","Sadiqabad"
"258296","Adnan Shabbir","DR-205","EMDS Call","Medical Emergency","Others","2026/01/01 12:50:09 AM","Rahim Yar Khan"
"258297","Adnan Shabbir","DR-205","EMDS Call","Medical Emergency","Abdominal Pain","2026/01/01 12:59:27 AM","Rahim Yar Khan"
"258298","Rana M. Usman","DR-200","EMDS Call","Medical Emergency","Abdominal Pain","2026/01/01 01:03:41 AM","Rahim Yar Khan"
"258299","Rana M. Usman","DR-200","EMDS Call","Medical Emergency","Backache","2026/01/01 01:15:10 AM","Rahim Yar Khan"
"258300","Adnan Shabbir","DR-205","EMDS Call","Medical Emergency","Unconscious","2026/01/01 01:15:19 AM","Rahim Yar Khan"
"258301","Rana M. Usman","DR-200","EMDS Call","Rescue Operations","Delivery Case","2026/01/01 01:25:55 AM","Liaqatpur"
"75135","Muhammad Fiaz","DR-206","Direct Call","Patient Transfer Service","N/A","2026/01/01 02:09:23 AM","Khanpur"
"258302","Rana M. Usman","DR-200","EMDS Call","Medical Emergency","Others","2026/01/01 02:23:11 AM","Rahim Yar Khan"
"258303","Adnan Shabbir","DR-205","EMDS Call","Medical Emergency","Unconscious","2026/01/01 02:33:58 AM","Rahim Yar Khan"
"258304","Muhammad Fiaz","DR-206","EMDS Call","Medical Emergency","SOB/ Respiratory Distress","2026/01/01 02:36:22 AM","Khanpur"
"258305","Muhammad Fiaz","DR-206","EMDS Call","Medical Emergency","Others","2026/01/01 02:40:29 AM","Sadiqabad"
"258306","Rana M. Usman","DR-200","EMDS Call","Rescue Operations","Delivery Case","2026/01/01 02:50:02 AM","Sadiqabad"
"258307","Adnan Shabbir","DR-205","EMDS Call","Medical Emergency","Others","2026/01/01 02:52:32 AM","Rahim Yar Khan"
"258308","Rana M. Usman","DR-200","EMDS Call","Rescue Operations","Delivery Case","2026/01/01 02:57:05 AM","Rahim Yar Khan"
"258309","Muhammad Fiaz","DR-206","EMDS Call","Medical Emergency","Hypertension","2026/01/01 03:23:46 AM","Liaqatpur"
"258310","Muhammad Zubair","DR-894","EMDS Call","Medical Emergency","Others","2026/01/01 04:03:08 AM","Rahim Yar Khan"
"258311","Zahid Manzoor","DR-887","EMDS Call","Medical Emergency","Unconscious","2026/01/01 04:11:27 AM","Rahim Yar Khan"
"258312","Sheeza Barkat","MR-5331","EMDS Call","Medical Emergency","Others","2026/01/01 04:15:48 AM","Sadiqabad"
"258313","Muhammad Zubair","DR-894","EMDS Call","Medical Emergency","High Fever","2026/01/01 04:23:04 AM","Khanpur"
"258314","Zahid Manzoor","DR-887","EMDS Call","Rescue Operations","Delivery Case","2026/01/01 04:25:27 AM","Rahim Yar Khan"
"75136","Zahid Manzoor","DR-887","Direct Call","Patient Transfer Service","N/A","2026/01/01 04:53:22 AM","Sadiqabad"
"258315","Sheeza Barkat","MR-5331","EMDS Call","Medical Emergency","Others","2026/01/01 04:52:16 AM","Rahim Yar Khan"
"258316","Muhammad Zubair","DR-894","EMDS Call","Road Crash","Severe Trauma","2026/01/01 04:59:24 AM","Khanpur"
"258317","Sheeza Barkat","MR-5331","EMDS Call","Medical Emergency","Others","2026/01/01 05:18:26 AM","Rahim Yar Khan"
"258318","Muhammad Zubair","DR-894","EMDS Call","Medical Emergency","Vomiting","2026/01/01 05:20:15 AM","Rahim Yar Khan"
"258319","Zahid Manzoor","DR-887","EMDS Call","Medical Emergency","Others","2026/01/01 05:21:18 AM","Rahim Yar Khan"
"258320","Sheeza Barkat","MR-5331","EMDS Call","Rescue Operations","Delivery Case","2026/01/01 05:21:40 AM","Khanpur"
"258321","Sheeza Barkat","MR-5331","EMDS Call","Medical Emergency","Others","2026/01/01 06:28:07 AM","Rahim Yar Khan"
"258322","Zahid Manzoor","DR-887","EMDS Call","Medical Emergency","Vomiting","2026/01/01 06:39:59 AM","Rahim Yar Khan"
"258323","Muhammad Zubair","DR-894","EMDS Call","Medical Emergency","Vomiting","2026/01/01 06:45:10 AM","Khanpur"
"258324","Sheeza Barkat","MR-5331","EMDS Call","Medical Emergency","Others","2026/01/01 06:44:47 AM","Sadiqabad"
"258325","Zahid Manzoor","DR-887","EMDS Call","Medical Emergency","Unconscious","2026/01/01 06:47:54 AM","Sadiqabad"
"258326","Muhammad Zubair","DR-894","EMDS Call","Medical Emergency","Unconscious","2026/01/01 06:59:56 AM","Rahim Yar Khan"
"258327","Zahid Manzoor","DR-887","EMDS Call","Medical Emergency","Others","2026/01/01 07:09:01 AM","Rahim Yar Khan"
"258328","Sheeza Barkat","MR-5331","EMDS Call","Medical Emergency","Others","2026/01/01 07:16:13 AM","Khanpur"
"258329","Muhammad Zubair","DR-894","EMDS Call","Medical Emergency","High Fever","2026/01/01 07:17:47 AM","Rahim Yar Khan"
"258330","Zahid Manzoor","DR-887","EMDS Call","Medical Emergency","Unconscious","2026/01/01 07:38:15 AM","Rahim Yar Khan"
"258331","Muhammad Zubair","DR-894","Direct Call","Rescue Operations","Mass Event Coverage","2026/01/01 07:47:24 AM","Rahim Yar Khan"
"258332","Muhammad Fiaz","DR-206","EMDS Call","Rescue Operations","Delivery Case","2026/01/01 07:59:51 AM","Sadiqabad"
"258333","Zia ul Haq","DR-328","Direct Call","Rescue Operations","Mass Event Coverage","2026/01/01 08:03:45 AM","Sadiqabad"
"258334","Zia ul Haq","DR-328","EMDS Call","Medical Emergency","Others","2026/01/01 08:09:37 AM","Rahim Yar Khan"
"258335","Muhammad Fiaz","DR-206","EMDS Call","Rescue Operations","Delivery Case","2026/01/01 08:24:07 AM","Khanpur"
"75137","Nida Rahat","DR-1322","Direct Call","Patient Transfer Service","N/A","2026/01/01 08:27:36 AM","Sadiqabad"
"258336","Zia ul Haq","DR-328","EMDS Call","Road Crash","Minor Injuries","2026/01/01 08:37:42 AM","Rahim Yar Khan"
"258337","Nida Rahat","DR-1322","EMDS Call","Medical Emergency","Chronic Illness","2026/01/01 08:55:21 AM","Liaqatpur"
"258338","Aasia Batool","MR-5198","EMDS Call","Medical Emergency","Diabetic","2026/01/01 09:00:20 AM","Sadiqabad"
"258339","Rana M. Usman","DR-200","Direct Call","Medical Emergency","Renal Disorders / Renal Colic ","2026/01/01 09:05:09 AM","Rahim Yar Khan"
"258340","Muhammad Fiaz","DR-206","EMDS Call","Medical Emergency","Others","2026/01/01 09:12:16 AM","Rahim Yar Khan"
"258341","Nida Rahat","DR-1322","EMDS Call","Rescue Operations","Delivery Case","2026/01/01 09:16:34 AM","Rahim Yar Khan"
"258342","Aasia Batool","MR-5198","EMDS Call","Medical Emergency","Others","2026/01/01 09:20:42 AM","Rahim Yar Khan"
"258343","Nida Rahat","DR-1322","Direct Call","Rescue Operations","Mass Event Coverage","2026/01/01 09:22:13 AM","Sadiqabad"
"258344","Aasia Batool","MR-5198","EMDS Call","Medical Emergency","Hypertension","2026/01/01 09:33:40 AM","Liaqatpur"
"258345","Nida Rahat","DR-1322","EMDS Call","Road Crash","Bleeding","2026/01/01 09:40:06 AM","Rahim Yar Khan"
"258346","Fahad Hussain","DR-538","Direct Call","Medical Emergency","SOB/ Respiratory Distress","2026/01/01 09:42:21 AM","Sadiqabad"
"258347","Aasia Batool","MR-5198","EMDS Call","Medical Emergency","Chronic Illness","2026/01/01 09:44:43 AM","Sadiqabad"
"258348","Fahad Hussain","DR-538","EMDS Call","Medical Emergency","SOB/ Respiratory Distress","2026/01/01 09:47:42 AM","Khanpur"
"258349","Fahad Hussain","DR-538","EMDS Call","Road Crash","Severe Trauma","2026/01/01 09:55:18 AM","Khanpur"
"258350","Nida Rahat","DR-1322","Direct Call","Rescue Operations","Mass Event Coverage","2026/01/01 09:59:15 AM","Rahim Yar Khan"
"258352","Aasia Batool","MR-5198","EMDS Call","Medical Emergency","Others","2026/01/01 09:58:42 AM","Rahim Yar Khan"
"258351","Fahad Hussain","DR-538","EMDS Call","Medical Emergency","Hypertension","2026/01/01 09:57:12 AM","Liaqatpur"
"258353","Nida Rahat","DR-1322","EMDS Call","Medical Emergency","Others","2026/01/01 09:59:44 AM","Khanpur"
"258354","Saima Bashir","MR-5819","EMDS Call","Medical Emergency","Others","2026/01/01 10:39:31 AM","Rahim Yar Khan"
"258355","Aasia Batool","MR-5198","EMDS Call","Medical Emergency","Others","2026/01/01 10:40:09 AM","Rahim Yar Khan"
"258356","Saima Bashir","MR-5819","EMDS Call","Medical Emergency","Hypertension","2026/01/01 10:42:59 AM","Rahim Yar Khan"
"258357","Muhammad Fiaz","DR-206","EMDS Call","Medical Emergency","SOB/ Respiratory Distress","2026/01/01 10:45:06 AM","Khanpur"
"258358","Muhammad AAmar","DR-915","EMDS Call","Medical Emergency","Hypotension","2026/01/01 10:44:59 AM","Liaqatpur"
"258359","Aasia Batool","MR-5198","EMDS Call","Medical Emergency","Unconscious","2026/01/01 10:52:17 AM","Khanpur"
"258360","Muhammad Fiaz","DR-206","EMDS Call","Rescue Operations","Electric Shock","2026/01/01 10:58:33 AM","Sadiqabad"
"258361","Saima Bashir","MR-5819","EMDS Call","Medical Emergency","Others","2026/01/01 10:59:34 AM","Rahim Yar Khan"
"258362","Aasia Batool","MR-5198","Direct Call","Rescue Operations","Mass Event Coverage","2026/01/01 11:17:39 AM","Liaqatpur"
"258363","Muhammad AAmar","DR-915","EMDS Call","Medical Emergency","Others","2026/01/01 11:18:42 AM","Rahim Yar Khan"
"258364","Saima Bashir","MR-5819","EMDS Call","Medical Emergency","Others","2026/01/01 11:18:43 AM","Rahim Yar Khan"
"258365","Muhammad Fiaz","DR-206","Direct Call","Medical Emergency","Chest Pain","2026/01/01 11:24:40 AM","Sadiqabad"
"75138","Muhammad Fiaz","DR-206","Direct Call","Patient Transfer Service","N/A","2026/01/01 11:26:40 AM","Sadiqabad"
"258366","Muhammad AAmar","DR-915","EMDS Call","Medical Emergency","Vomiting","2026/01/01 11:37:19 AM","Sadiqabad"
"258367","Aasia Batool","MR-5198","EMDS Call","Medical Emergency","Unconscious","2026/01/01 11:39:14 AM","Sadiqabad"
"75139","Saima Bashir","MR-5819","Direct Call","Patient Transfer Service","N/A","2026/01/01 11:42:01 AM","Khanpur"
"258368","Muhammad Fiaz","DR-206","EMDS Call","Road Crash","Severe Trauma","2026/01/01 11:45:43 AM","Rahim Yar Khan"
"258369","Aasia Batool","MR-5198","EMDS Call","Medical Emergency","CVA/Stroke","2026/01/01 11:54:54 AM","Liaqatpur"
"258370","Zia ul Haq","DR-328","Direct Call","Medical Emergency","Vomiting","2026/01/01 12:01:21 PM","Rahim Yar Khan"
"258372","Aasia Batool","MR-5198","EMDS Call","Medical Emergency","Others","2026/01/01 12:01:40 PM","Sadiqabad"
"258371","Muhammad Fiaz","DR-206","EMDS Call","Road Crash","Severe Trauma","2026/01/01 12:05:00 PM","Khanpur"
"258371","Muhammad Fiaz","DR-206","EMDS Call","Road Crash","Severe Trauma","2026/01/01 12:05:00 PM","Khanpur"
"258373","Muhammad Fiaz","DR-206","EMDS Call","Medical Emergency","SOB/ Respiratory Distress","2026/01/01 12:18:07 PM","Khanpur"
"258374","Zia ul Haq","DR-328","EMDS Call","Medical Emergency","Others","2026/01/01 12:21:46 PM","Sadiqabad"
"258375","Zia ul Haq","DR-328","EMDS Call","Road Crash","Minor Injuries","2026/01/01 12:55:12 PM","Rahim Yar Khan"
"75140","Zia ul Haq","DR-328","Direct Call","Patient Transfer Service","N/A","2026/01/01 12:58:13 PM","Sadiqabad"
"258376","Zia ul Haq","DR-328","EMDS Call","Medical Emergency","Abdominal Pain","2026/01/01 01:09:08 PM","Sadiqabad"
"75141","Muhammad Fiaz","DR-206","Direct Call","Patient Transfer Service","N/A","2026/01/01 01:14:47 PM","Rahim Yar Khan"
"258378","Zia ul Haq","DR-328","EMDS Call","Road Crash","Severe Trauma","2026/01/01 01:15:27 PM","Khanpur"
"258377","Fahad Hussain","DR-538","EMDS Call","Medical Emergency","Vomiting","2026/01/01 01:15:39 PM","Khanpur"
"258379","Zia ul Haq","DR-328","EMDS Call","Road Crash","Minor Injuries","2026/01/01 01:17:54 PM","Rahim Yar Khan"
"258380","Yasir Ilyas","DR-893","EMDS Call","Medical Emergency","Others","2026/01/01 01:55:32 PM","Rahim Yar Khan"
"258381","Fahad Hussain","DR-538","EMDS Call","Medical Emergency","Others","2026/01/01 01:57:55 PM","Sadiqabad"
"258382","Yasir Ilyas","DR-893","EMDS Call","Road Crash","Minor Injuries","2026/01/01 01:59:49 PM","Rahim Yar Khan"
"258383","Muhammad AAmar","DR-915","Direct Call","Medical Emergency","High Fever","2026/01/01 02:03:59 PM","Rahim Yar Khan"
"258384","Yasir Ilyas","DR-893","EMDS Call","Road Crash","Severe Trauma","2026/01/01 02:05:04 PM","Rahim Yar Khan"
"75142","Muhammad Rashid Saleem","DR-187","Direct Call","Patient Transfer Service","N/A","2026/01/01 02:10:33 PM","Liaqatpur"
"258385","Yasir Ilyas","DR-893","EMDS Call","Road Crash","Bleeding","2026/01/01 02:12:56 PM","Rahim Yar Khan"
"258386","Muhammad AAmar","DR-915","EMDS Call","Medical Emergency","High Fever","2026/01/01 02:12:51 PM","Rahim Yar Khan"
"258387","Muhammad Rashid Saleem","DR-187","EMDS Call","Road Crash","Severe Trauma","2026/01/01 02:13:48 PM","Sadiqabad"
"75143","Yasir Ilyas","DR-893","Direct Call","Patient Transfer Service","N/A","2026/01/01 02:16:21 PM","Liaqatpur"
"258388","Yasir Ilyas","DR-893","EMDS Call","Medical Emergency","Others","2026/01/01 02:26:00 PM","Sadiqabad"
"258389","Zupasha Zia","MR-5758","EMDS Call","Medical Emergency","Chest Pain","2026/01/01 02:26:46 PM","Sadiqabad"
"258390","Yasir Ilyas","DR-893","EMDS Call","Medical Emergency","Backache","2026/01/01 02:28:52 PM","Rahim Yar Khan"
"75144","Zupasha Zia","MR-5758","Direct Call","Patient Transfer Service","N/A","2026/01/01 02:31:47 PM","Khanpur"
"258391","Zupasha Zia","MR-5758","EMDS Call","Road Crash","Bleeding","2026/01/01 02:46:55 PM","Khanpur"
"75145","Shahla Nawaz","DR-185","Direct Call","Patient Transfer Service","N/A","2026/01/01 02:52:20 PM","Khanpur"
"258392","Shahla Nawaz","DR-185","EMDS Call","Medical Emergency","Hypertension","2026/01/01 02:53:04 PM","Sadiqabad"
"258393","Sheeza Barkat","MR-5331","EMDS Call","Medical Emergency","Others","2026/01/01 03:02:25 PM","Rahim Yar Khan"
"258394","Sheeza Barkat","MR-5331","EMDS Call","Medical Emergency","SOB/ Respiratory Distress","2026/01/01 03:08:08 PM","Rahim Yar Khan"
"258395","Muhammad Rashid Saleem","DR-187","EMDS Call","Medical Emergency","Epilepsy","2026/01/01 03:08:27 PM","Rahim Yar Khan"
"258396","Zupasha Zia","MR-5758","EMDS Call","Road Crash","Severe Trauma","2026/01/01 03:19:11 PM","Rahim Yar Khan"
"258397","Zupasha Zia","MR-5758","EMDS Call","Medical Emergency","Chronic Illness","2026/01/01 03:27:10 PM","Liaqatpur"
"258398","Zupasha Zia","MR-5758","EMDS Call","Medical Emergency","Others","2026/01/01 03:31:21 PM","Rahim Yar Khan"
"258399","Sheeza Barkat","MR-5331","EMDS Call","Rescue Operations","Vehicle Extrication","2026/01/01 03:34:04 PM","Rahim Yar Khan"
"75146","Zupasha Zia","MR-5758","Direct Call","Patient Transfer Service","N/A","2026/01/01 03:36:50 PM","Sadiqabad"
"258400","Zupasha Zia","MR-5758","EMDS Call","Medical Emergency","Others","2026/01/01 03:36:50 PM","Rahim Yar Khan"
"75147","Shahla Nawaz","DR-185","Direct Call","Patient Transfer Service","N/A","2026/01/01 03:42:28 PM","Khanpur"
"258401","Sheeza Barkat","MR-5331","EMDS Call","Medical Emergency","Vomiting","2026/01/01 03:47:51 PM","Liaqatpur"
"258402","Muhammad Riaz","DR-654","EMDS Call","Medical Emergency","Unconscious","2026/01/01 04:02:30 PM","Sadiqabad"
"258403","Zupasha Zia","MR-5758","EMDS Call","Medical Emergency","Others","2026/01/01 04:03:45 PM","Rahim Yar Khan"
"258404","Muhammad Riaz","DR-654","EMDS Call","Road Crash","Minor Injuries","2026/01/01 04:05:14 PM","Liaqatpur"
"258405","Zupasha Zia","MR-5758","EMDS Call","Road Crash","Bleeding","2026/01/01 04:26:46 PM","Sadiqabad"
"258406","Shahla Nawaz","DR-185","EMDS Call","Medical Emergency","Vomiting","2026/01/01 04:28:26 PM","Rahim Yar Khan"
"258408","Zupasha Zia","MR-5758","EMDS Call","Medical Emergency","SOB/ Respiratory Distress","2026/01/01 04:32:44 PM","Rahim Yar Khan"
"258407","Sheeza Barkat","MR-5331","EMDS Call","Medical Emergency","Hypertension","2026/01/01 04:33:12 PM","Sadiqabad"
"258409","Shahla Nawaz","DR-185","EMDS Call","Medical Emergency","Vomiting","2026/01/01 04:34:31 PM","Sadiqabad"
"258411","Sheeza Barkat","MR-5331","EMDS Call","Medical Emergency","Vomiting","2026/01/01 04:36:41 PM","Rahim Yar Khan"
"258410","Shahla Nawaz","DR-185","EMDS Call","Road Crash","Minor Injuries","2026/01/01 04:38:24 PM","Rahim Yar Khan"
"75148","Shahla Nawaz","DR-185","Direct Call","Patient Transfer Service","N/A","2026/01/01 04:44:27 PM","Sadiqabad"
"258413","Sheeza Barkat","MR-5331","EMDS Call","Medical Emergency","SOB/ Respiratory Distress","2026/01/01 05:01:11 PM","Liaqatpur"
"258412","Zupasha Zia","MR-5758","EMDS Call","Road Crash","Minor Injuries","2026/01/01 05:00:35 PM","Rahim Yar Khan"
"258414","Zupasha Zia","MR-5758","EMDS Call","Medical Emergency","Others","2026/01/01 05:03:04 PM","Khanpur"
"75149","Zupasha Zia","MR-5758","Direct Call","Patient Transfer Service","N/A","2026/01/01 05:07:58 PM","Sadiqabad"
"258415","Muhammad Rashid Saleem","DR-187","EMDS Call","Medical Emergency","Domestic Injuries","2026/01/01 05:08:02 PM","Rahim Yar Khan"
"258416","Muhammad Rashid Saleem","DR-187","EMDS Call","Medical Emergency","Hypertension","2026/01/01 05:16:18 PM","Sadiqabad"
"75150","Zupasha Zia","MR-5758","Direct Call","Patient Transfer Service","N/A","2026/01/01 05:23:03 PM","Sadiqabad"
"258417","Sheeza Barkat","MR-5331","EMDS Call","Medical Emergency","Others","2026/01/01 05:21:56 PM","Rahim Yar Khan"
"258418","Zupasha Zia","MR-5758","EMDS Call","Fire","Others","2026/01/01 05:30:30 PM","Sadiqabad"
"258419","Muhammad Rashid Saleem","DR-187","EMDS Call","Medical Emergency","SOB/ Respiratory Distress","2026/01/01 05:40:50 PM","Rahim Yar Khan"
"258420","Bushra Saleem","MR-5701","EMDS Call","Medical Emergency","Vomiting","2026/01/01 05:43:22 PM","Liaqatpur"
"258421","Sheeza Barkat","MR-5331","EMDS Call","Medical Emergency","Vomiting","2026/01/01 05:46:05 PM","Sadiqabad"
"258422","Bushra Saleem","MR-5701","EMDS Call","Medical Emergency","Others","2026/01/01 05:47:00 PM","Rahim Yar Khan"
"258423","Bushra Saleem","MR-5701","EMDS Call","Fall","Fall From Stairs","2026/01/01 05:54:26 PM","Rahim Yar Khan"
"258424","Bushra Saleem","MR-5701","EMDS Call","Road Crash","Bleeding","2026/01/01 06:05:02 PM","Sadiqabad"
"75151","Sheeza Barkat","MR-5331","Direct Call","Patient Transfer Service","N/A","2026/01/01 06:07:24 PM","Khanpur"
"75152","Sheeza Barkat","MR-5331","Direct Call","Patient Transfer Service","N/A","2026/01/01 06:11:46 PM","Khanpur"
"258425","Bushra Saleem","MR-5701","EMDS Call","Medical Emergency","Hypertension","2026/01/01 06:14:41 PM","Rahim Yar Khan"
"258426","Bushra Saleem","MR-5701","EMDS Call","Road Crash","Bleeding","2026/01/01 06:20:46 PM","Rahim Yar Khan"
"258427","Zupasha Zia","MR-5758","EMDS Call","Medical Emergency","Others","2026/01/01 06:22:48 PM","Rahim Yar Khan"
"258428","Bushra Saleem","MR-5701","EMDS Call","Medical Emergency","Others","2026/01/01 06:23:06 PM","Rahim Yar Khan"
"258429","Zupasha Zia","MR-5758","EMDS Call","Medical Emergency","SOB/ Respiratory Distress","2026/01/01 06:33:49 PM","Liaqatpur"
"258430","Bushra Saleem","MR-5701","EMDS Call","Road Crash","Bleeding","2026/01/01 06:45:59 PM","Rahim Yar Khan"
"258431","Sheeza Barkat","MR-5331","EMDS Call","Road Crash","Severe Trauma","2026/01/01 06:48:28 PM","Sadiqabad"
"75153","Zupasha Zia","MR-5758","Direct Call","Patient Transfer Service","N/A","2026/01/01 06:53:04 PM","Sadiqabad"
"258432","Zupasha Zia","MR-5758","EMDS Call","Rescue Operations","Delivery Case","2026/01/01 07:07:16 PM","Sadiqabad"
"258433","Bushra Saleem","MR-5701","EMDS Call","Medical Emergency","Hypertension","2026/01/01 07:09:37 PM","Liaqatpur"
"258434","Bushra Saleem","MR-5701","EMDS Call","Road Crash","Minor Injuries","2026/01/01 07:13:32 PM","Rahim Yar Khan"
"258435","Zupasha Zia","MR-5758","EMDS Call","Road Crash","Bleeding","2026/01/01 07:16:04 PM","Rahim Yar Khan"
"258436","Shahla Nawaz","DR-185","EMDS Call","Medical Emergency","High Fever","2026/01/01 07:20:38 PM","Rahim Yar Khan"
"Not Assigned","Muhammad Riaz","DR-654","EMDS Call","Medical Emergency","Others","2026/01/01 07:23:39 PM","Sadiqabad"
"258438","Zupasha Zia","MR-5758","EMDS Call","Fall","Slipped On Floor","2026/01/01 07:22:07 PM","Sadiqabad"
"75154","Muhammad Riaz","DR-654","Direct Call","Patient Transfer Service","N/A","2026/01/01 07:36:59 PM","Sadiqabad"
"258439","Muhammad Riaz","DR-654","EMDS Call","Road Crash","Minor Injuries","2026/01/01 07:39:30 PM","Rahim Yar Khan"
"258440","Muhammad Riaz","DR-654","EMDS Call","Medical Emergency","Others","2026/01/01 07:44:08 PM","Sadiqabad"
"258441","Shahla Nawaz","DR-185","EMDS Call","Medical Emergency","Others","2026/01/01 07:46:43 PM","Rahim Yar Khan"
"258442","Muhammad Riaz","DR-654","EMDS Call","Medical Emergency","Vomiting","2026/01/01 07:48:49 PM","Rahim Yar Khan"
"75155","Zupasha Zia","MR-5758","Direct Call","Patient Transfer Service","N/A","2026/01/01 07:54:06 PM","Sadiqabad"
"75157","Muhammad Riaz","DR-654","Direct Call","Patient Transfer Service","N/A","2026/01/01 07:54:56 PM","Sadiqabad"
"75156","Zupasha Zia","MR-5758","Direct Call","Patient Transfer Service","N/A","2026/01/01 07:55:40 PM","Sadiqabad"
"258443","Zupasha Zia","MR-5758","EMDS Call","Medical Emergency","Hypertension","2026/01/01 08:05:13 PM","Khanpur"
"258444","Shahla Nawaz","DR-185","Direct Call","Medical Emergency","Others","2026/01/01 08:03:49 PM","Rahim Yar Khan"
"258445","Farhad Iftikhar","DR-913","EMDS Call","Medical Emergency","Vomiting","2026/01/01 08:47:07 PM","Rahim Yar Khan"
"258446","Bushra Saleem","MR-5701","EMDS Call","Medical Emergency","Hypertension","2026/01/01 08:57:55 PM","Rahim Yar Khan"
"258447","Bushra Saleem","MR-5701","EMDS Call","Medical Emergency","Vomiting","2026/01/01 09:01:38 PM","Sadiqabad"
"258448","Farhad Iftikhar","DR-913","EMDS Call","Medical Emergency","SOB/ Respiratory Distress","2026/01/01 09:07:10 PM","Sadiqabad"
"258449","Bushra Saleem","MR-5701","EMDS Call","Medical Emergency","Others","2026/01/01 09:07:47 PM","Rahim Yar Khan"
"258450","Farhad Iftikhar","DR-913","EMDS Call","Medical Emergency","Abdominal Pain","2026/01/01 09:21:38 PM","Liaqatpur"
"258451","Bushra Saleem","MR-5701","EMDS Call","Medical Emergency","Others","2026/01/01 09:23:35 PM","Sadiqabad"
"258452","Saira Bibi","MR-5494","EMDS Call","Medical Emergency","Hypertension","2026/01/01 09:29:26 PM","Rahim Yar Khan"
"258453","Farhad Iftikhar","DR-913","EMDS Call","Medical Emergency","SOB/ Respiratory Distress","2026/01/01 09:35:19 PM","Rahim Yar Khan"
"258454","Saira Bibi","MR-5494","Direct Call","Crime","Drug/Doping/Poisoning","2026/01/01 09:41:19 PM","Khanpur"
"258455","Saira Bibi","MR-5494","EMDS Call","Medical Emergency","Others","2026/01/01 09:44:14 PM","Sadiqabad"
"75158","Farhad Iftikhar","DR-913","Direct Call","Patient Transfer Service","N/A","2026/01/01 10:22:05 PM","Sadiqabad"
"258456","Maheen Tahir","MR-6017","EMDS Call","Medical Emergency","Hypertension","2026/01/01 10:22:50 PM","Rahim Yar Khan"
"258457","Maheen Tahir","MR-6017","EMDS Call","Medical Emergency","High Fever","2026/01/01 10:30:18 PM","Rahim Yar Khan"
"258458","Farhad Iftikhar","DR-913","EMDS Call","Medical Emergency","Chest Pain","2026/01/01 10:31:31 PM","Rahim Yar Khan"
"75159","Farhad Iftikhar","DR-913","Direct Call","Patient Transfer Service","N/A","2026/01/01 10:35:22 PM","Sadiqabad"
"258459","Maheen Tahir","MR-6017","EMDS Call","Medical Emergency","Unconscious","2026/01/01 10:34:34 PM","Rahim Yar Khan"
"75160","Farhad Iftikhar","DR-913","Direct Call","Patient Transfer Service","N/A","2026/01/01 10:50:38 PM","Khanpur"
"258460","Farhad Iftikhar","DR-913","EMDS Call","Medical Emergency","Others","2026/01/01 10:53:42 PM","Sadiqabad"
"75161","Maheen Tahir","MR-6017","Direct Call","Patient Transfer Service","N/A","2026/01/01 10:55:44 PM","Liaqatpur"
"75162","Farhad Iftikhar","DR-913","Direct Call","Patient Transfer Service","N/A","2026/01/01 11:00:19 PM","Khanpur"
"75163","Farhad Iftikhar","DR-913","Direct Call","Patient Transfer Service","N/A","2026/01/01 11:03:35 PM","Liaqatpur"
"258461","Farhad Iftikhar","DR-913","EMDS Call","Medical Emergency","Hypertension","2026/01/01 11:14:43 PM","Rahim Yar Khan"
"258462","Maheen Tahir","MR-6017","EMDS Call","Medical Emergency","Others","2026/01/01 11:17:09 PM","Rahim Yar Khan"
"258463","Maheen Tahir","MR-6017","EMDS Call","Medical Emergency","High Fever","2026/01/01 11:27:55 PM","Rahim Yar Khan"
"258464","Maheen Tahir","MR-6017","EMDS Call","Medical Emergency","Unconscious","2026/01/01 11:32:59 PM","Rahim Yar Khan"
"258465","Shaheen Islam","DR-1171","EMDS Call","Medical Emergency","Unconscious","2026/01/01 11:35:37 PM","Rahim Yar Khan"
"258466","Maheen Tahir","MR-6017","EMDS Call","Medical Emergency","High Fever","2026/01/01 11:59:31 PM","Rahim Yar Khan"
"258467","Farhad Iftikhar","DR-913","EMDS Call","Medical Emergency","Unconscious","2026/01/02 12:05:29 AM","Sadiqabad"
"258468","Shaheen Islam","DR-1171","Direct Call","Rescue Operations","Mass Event Coverage","2026/01/02 12:03:40 AM","Rahim Yar Khan"
"258469","Maheen Tahir","MR-6017","EMDS Call","Medical Emergency","Others","2026/01/02 12:12:09 AM","Sadiqabad"
"258470","Farhad Iftikhar","DR-913","EMDS Call","Medical Emergency","Abdominal Pain","2026/01/02 12:14:05 AM","Rahim Yar Khan"
"258471","Shaheen Islam","DR-1171","EMDS Call","Medical Emergency","Unconscious","2026/01/02 12:12:58 AM","Liaqatpur"
"258473","Farhad Iftikhar","DR-913","Direct Call","Medical Emergency","Hypertension","2026/01/02 12:23:38 AM","Khanpur"
"258472","Maheen Tahir","MR-6017","EMDS Call","Medical Emergency","Hypertension","2026/01/02 12:23:42 AM","Rahim Yar Khan"
"258474","Farhad Iftikhar","DR-913","EMDS Call","Medical Emergency","High Fever","2026/01/02 12:28:15 AM","Khanpur"
"258475","Maheen Tahir","MR-6017","EMDS Call","Medical Emergency","Hypertension","2026/01/02 12:33:59 AM","Rahim Yar Khan"
"258476","Farhad Iftikhar","DR-913","EMDS Call","Rescue Operations","Delivery Case","2026/01/02 12:47:47 AM","Rahim Yar Khan"
"258477","Maheen Tahir","MR-6017","EMDS Call","Medical Emergency","Hypertension","2026/01/02 12:51:50 AM","Rahim Yar Khan"
"258478","Farhad Iftikhar","DR-913","EMDS Call","Medical Emergency","Backache","2026/01/02 01:15:41 AM","Liaqatpur"
"258479","Maheen Tahir","MR-6017","EMDS Call","Medical Emergency","Renal Disorders / Renal Colic ","2026/01/02 01:25:08 AM","Rahim Yar Khan"
"258480","Shaheen Islam","DR-1171","EMDS Call","Medical Emergency","Vomiting","2026/01/02 01:30:44 AM","Rahim Yar Khan"
"258481","Farhad Iftikhar","DR-913","EMDS Call","Medical Emergency","Hypertension","2026/01/02 01:44:08 AM","Rahim Yar Khan"
"258482","Maheen Tahir","MR-6017","EMDS Call","Rescue Operations","Snake Bite","2026/01/02 01:48:28 AM","Liaqatpur"
"258483","Farhad Iftikhar","DR-913","EMDS Call","Medical Emergency","Chest Pain","2026/01/02 01:50:01 AM","Rahim Yar Khan"
"258484","Maheen Tahir","MR-6017","EMDS Call","Medical Emergency","Diabetic","2026/01/02 02:14:51 AM","Rahim Yar Khan"
"258485","Shaheen Islam","DR-1171","EMDS Call","Medical Emergency","Abdominal Pain","2026/01/02 02:18:37 AM","Sadiqabad"
"258486","Farhad Iftikhar","DR-913","EMDS Call","Rescue Operations","Delivery Case","2026/01/02 02:22:09 AM","Rahim Yar Khan"
"258487","Maheen Tahir","MR-6017","EMDS Call","Rescue Operations","Delivery Case","2026/01/02 02:35:30 AM","Khanpur"
"258488","Farhad Iftikhar","DR-913","EMDS Call","Medical Emergency","Unconscious","2026/01/02 03:07:08 AM","Rahim Yar Khan"
"258489","Maheen Tahir","MR-6017","EMDS Call","Rescue Operations","Delivery Case","2026/01/02 03:11:19 AM","Liaqatpur"
"258491","Shaheen Islam","DR-1171","EMDS Call","Medical Emergency","Backache","2026/01/02 03:20:14 AM","Rahim Yar Khan"
"258490","Maheen Tahir","MR-6017","Direct Call","Medical Emergency","Hypertension","2026/01/02 03:20:09 AM","Rahim Yar Khan"
"258492","Shaheen Islam","DR-1171","EMDS Call","Medical Emergency","Chest Pain","2026/01/02 03:23:25 AM","Rahim Yar Khan"
"258493","Maheen Tahir","MR-6017","EMDS Call","Medical Emergency","Backache","2026/01/02 03:23:07 AM","Khanpur"
"258494","Farhad Iftikhar","DR-913","EMDS Call","Medical Emergency","Others","2026/01/02 03:24:19 AM","Khanpur"
"258495","Bushra Saleem","MR-5701","EMDS Call","Fire","Others","2026/01/02 03:52:05 AM","Rahim Yar Khan"
"258496","Muhammad Zubair","DR-894","EMDS Call","Medical Emergency","Vomiting","2026/01/02 04:12:51 AM","Rahim Yar Khan"
"258497","Bushra Saleem","MR-5701","EMDS Call","Medical Emergency","Unconscious","2026/01/02 04:32:22 AM","Rahim Yar Khan"
"258498","Saira Bibi","MR-5494","EMDS Call","Medical Emergency","Abdominal Pain","2026/01/02 04:59:42 AM","Liaqatpur"
"258499","Bushra Saleem","MR-5701","EMDS Call","Medical Emergency","Others","2026/01/02 05:01:59 AM","Rahim Yar Khan"
"258500","Bushra Saleem","MR-5701","EMDS Call","Medical Emergency","Renal Disorders / Renal Colic ","2026/01/02 05:07:51 AM","Rahim Yar Khan"
"258501","Muhammad Zubair","DR-894","EMDS Call","Medical Emergency","High Fever","2026/01/02 05:28:37 AM","Rahim Yar Khan"
"258502","Bushra Saleem","MR-5701","EMDS Call","Medical Emergency","Others","2026/01/02 05:30:45 AM","Liaqatpur"
"258503","Saira Bibi","MR-5494","EMDS Call","Medical Emergency","Unconscious","2026/01/02 05:46:31 AM","Sadiqabad"
"258504","Bushra Saleem","MR-5701","EMDS Call","Medical Emergency","Vomiting","2026/01/02 05:49:45 AM","Sadiqabad"
"258505","Muhammad Zubair","DR-894","EMDS Call","Medical Emergency","Abdominal Pain","2026/01/02 06:09:18 AM","Khanpur"
"258506","Saira Bibi","MR-5494","EMDS Call","Medical Emergency","Renal Disorders / Renal Colic ","2026/01/02 06:30:56 AM","Liaqatpur"
"258507","Muhammad Zubair","DR-894","EMDS Call","Rescue Operations","Delivery Case","2026/01/02 06:45:25 AM","Sadiqabad"
"258508","Muhammad Zubair","DR-894","EMDS Call","Medical Emergency","SOB/ Respiratory Distress","2026/01/02 06:56:37 AM","Rahim Yar Khan"
"258509","Saira Bibi","MR-5494","EMDS Call","Medical Emergency","Hypertension","2026/01/02 07:01:09 AM","Rahim Yar Khan"
"Not Assigned","Bushra Saleem","MR-5701","EMDS Call","Medical Emergency","Others","2026/01/02 07:26:24 AM","Rahim Yar Khan"
"258512","Muhammad Zubair","DR-894","EMDS Call","Road Crash","Severe Trauma","2026/01/02 07:44:38 AM","Rahim Yar Khan"
"258511","Bushra Saleem","MR-5701","EMDS Call","Medical Emergency","Others","2026/01/02 07:46:28 AM","Khanpur"
"258513","Zupasha Zia","MR-5758","EMDS Call","Medical Emergency","Vomiting","2026/01/02 07:51:46 AM","Khanpur"
"258514","Nida Rahat","DR-1322","EMDS Call","Road Crash","Bleeding","2026/01/02 08:00:46 AM","Sadiqabad"
"258515","Nida Rahat","DR-1322","Direct Call","Rescue Operations","Mass Event Coverage","2026/01/02 08:04:28 AM","Sadiqabad"
"258516","Nida Rahat","DR-1322","Direct Call","Rescue Operations","Mass Event Coverage","2026/01/02 08:06:42 AM","Rahim Yar Khan"
"258517","Zupasha Zia","MR-5758","EMDS Call","Medical Emergency","Diabetic","2026/01/02 08:08:41 AM","Rahim Yar Khan"
"258518","Nida Rahat","DR-1322","EMDS Call","Medical Emergency","Diabetic","2026/01/02 08:11:10 AM","Sadiqabad"
"258519","Zupasha Zia","MR-5758","EMDS Call","Road Crash","Bleeding","2026/01/02 08:15:12 AM","Sadiqabad"
"258520","Zia ul Haq","DR-328","EMDS Call","Medical Emergency","Abdominal Pain","2026/01/02 08:14:48 AM","Khanpur"
"258521","Nida Rahat","DR-1322","EMDS Call","Road Crash","Bleeding","2026/01/02 08:34:26 AM","Khanpur"
"258522","Muhammad AAmar","DR-915","EMDS Call","Medical Emergency","Others","2026/01/02 09:07:12 AM","Khanpur"
"258523","Zupasha Zia","MR-5758","EMDS Call","Road Crash","Severe Trauma","2026/01/02 09:07:27 AM","Rahim Yar Khan"
"258524","Zupasha Zia","MR-5758","EMDS Call","Road Crash","Bleeding","2026/01/02 09:23:20 AM","Rahim Yar Khan"
"75164","Zupasha Zia","MR-5758","Direct Call","Patient Transfer Service","N/A","2026/01/02 09:30:33 AM","Sadiqabad"
"75165","Nida Rahat","DR-1322","Direct Call","Patient Transfer Service","N/A","2026/01/02 09:37:00 AM","Sadiqabad"
"258525","Nida Rahat","DR-1322","EMDS Call","Medical Emergency","Renal Disorders / Renal Colic ","2026/01/02 09:36:50 AM","Liaqatpur"
"258526","Zupasha Zia","MR-5758","EMDS Call","Road Crash","Bleeding","2026/01/02 09:35:59 AM","Sadiqabad"
"258527","Nida Rahat","DR-1322","EMDS Call","Road Crash","Bleeding","2026/01/02 09:42:35 AM","Rahim Yar Khan"
"258528","Nida Rahat","DR-1322","EMDS Call","Crime","Probable Suicide","2026/01/02 09:45:05 AM","Rahim Yar Khan"
"258529","Nida Rahat","DR-1322","EMDS Call","Medical Emergency","Others","2026/01/02 09:47:54 AM","Liaqatpur"
"258530","Zupasha Zia","MR-5758","EMDS Call","Medical Emergency","Others","2026/01/02 09:57:13 AM","Rahim Yar Khan"
"258531","Zupasha Zia","MR-5758","EMDS Call","Rescue Operations","Delivery Case","2026/01/02 10:03:32 AM","Sadiqabad"
"258532","Aasia Batool","MR-5198","EMDS Call","Road Crash","Minor Injuries","2026/01/02 10:06:37 AM","Liaqatpur"
"258533","Zia ul Haq","DR-328","EMDS Call","Medical Emergency","Epilepsy","2026/01/02 10:07:08 AM","Rahim Yar Khan"
"258534","Zupasha Zia","MR-5758","EMDS Call","Rescue Operations","Delivery Case","2026/01/02 10:09:02 AM","Sadiqabad"
"258535","Aasia Batool","MR-5198","EMDS Call","Medical Emergency","Hypertension","2026/01/02 10:09:54 AM","Liaqatpur"
"258536","Zia ul Haq","DR-328","EMDS Call","Medical Emergency","SOB/ Respiratory Distress","2026/01/02 10:24:34 AM","Khanpur"
"258537","Zupasha Zia","MR-5758","EMDS Call","Medical Emergency","Unconscious","2026/01/02 10:24:24 AM","Khanpur"
"75166","Zia ul Haq","DR-328","Direct Call","Patient Transfer Service","N/A","2026/01/02 10:33:49 AM","Sadiqabad"
"258538","Aasia Batool","MR-5198","EMDS Call","Medical Emergency","Others","2026/01/02 10:38:46 AM","Rahim Yar Khan"
"258539","Zupasha Zia","MR-5758","EMDS Call","Medical Emergency","Domestic Injuries","2026/01/02 10:38:50 AM","Sadiqabad"
"258540","Aasia Batool","MR-5198","EMDS Call","Medical Emergency","Hypertension","2026/01/02 10:41:44 AM","Rahim Yar Khan"
"258541","Muhammad AAmar","DR-915","EMDS Call","Road Crash","Bleeding","2026/01/02 10:52:15 AM","Rahim Yar Khan"
"258542","Aasia Batool","MR-5198","EMDS Call","Rescue Operations","Delivery Case","2026/01/02 10:54:23 AM","Khanpur"
"258543","Muhammad AAmar","DR-915","EMDS Call","Medical Emergency","SOB/ Respiratory Distress","2026/01/02 10:55:14 AM","Rahim Yar Khan"
"258544","Zia ul Haq","DR-328","EMDS Call","Medical Emergency","Domestic Injuries","2026/01/02 10:55:21 AM","Liaqatpur"
"258545","Aasia Batool","MR-5198","EMDS Call","Medical Emergency","Vomiting","2026/01/02 11:09:55 AM","Rahim Yar Khan"
"258546","Muhammad AAmar","DR-915","Direct Call","Medical Emergency","Others","2026/01/02 11:17:18 AM","Sadiqabad"
"258547","Zupasha Zia","MR-5758","EMDS Call","Road Crash","Severe Trauma","2026/01/02 11:19:23 AM","Liaqatpur"
"258548","Muhammad AAmar","DR-915","EMDS Call","Medical Emergency","Vomiting","2026/01/02 11:25:45 AM","Rahim Yar Khan"
"258549","Zupasha Zia","MR-5758","EMDS Call","Road Crash","Bleeding","2026/01/02 11:28:04 AM","Sadiqabad"
"258550","Zupasha Zia","MR-5758","EMDS Call","Medical Emergency","Others","2026/01/02 11:50:01 AM","Rahim Yar Khan"
"258551","Saima Bashir","MR-5819","EMDS Call","Rescue Operations","Others","2026/01/02 11:57:35 AM","Liaqatpur"
"258552","Zupasha Zia","MR-5758","EMDS Call","Medical Emergency","Chest Pain","2026/01/02 12:00:57 PM","Sadiqabad"
"258554","Zupasha Zia","MR-5758","Direct Call","Medical Emergency","Chronic Illness","2026/01/02 12:08:13 PM","Rahim Yar Khan"
"258553","Saima Bashir","MR-5819","EMDS Call","Medical Emergency","Diabetic","2026/01/02 12:07:45 PM","Khanpur"
"258555","Saima Bashir","MR-5819","EMDS Call","Medical Emergency","Abdominal Pain","2026/01/02 12:11:36 PM","Sadiqabad"
"75167","Saima Bashir","MR-5819","Direct Call","Patient Transfer Service","N/A","2026/01/02 12:13:24 PM","Rahim Yar Khan"
"258557","Zupasha Zia","MR-5758","EMDS Call","Medical Emergency","Others","2026/01/02 12:19:03 PM","Rahim Yar Khan"
"258556","Saima Bashir","MR-5819","EMDS Call","Medical Emergency","Others","2026/01/02 12:19:05 PM","Rahim Yar Khan"
"258558","Adil Iqbal","DR-782","EMDS Call","Medical Emergency","SOB/ Respiratory Distress","2026/01/02 12:18:36 PM","Sadiqabad"
"258559","Saima Bashir","MR-5819","EMDS Call","Medical Emergency","Others","2026/01/02 12:22:26 PM","Rahim Yar Khan"
"258560","Zupasha Zia","MR-5758","EMDS Call","Medical Emergency","Abdominal Pain","2026/01/02 12:35:33 PM","Sadiqabad"
"258561","Adil Iqbal","DR-782","EMDS Call","Medical Emergency","Hypertension","2026/01/02 01:01:53 PM","Khanpur"
"258563","Adil Iqbal","DR-782","EMDS Call","Road Crash","Bleeding","2026/01/02 01:17:34 PM","Khanpur"
"258563","Adil Iqbal","DR-782","EMDS Call","Road Crash","Bleeding","2026/01/02 01:17:34 PM","Khanpur"
"258562","Zupasha Zia","MR-5758","EMDS Call","Road Crash","Minor Injuries","2026/01/02 01:18:53 PM","Rahim Yar Khan"
"258564","Zupasha Zia","MR-5758","EMDS Call","Medical Emergency","Others","2026/01/02 01:36:08 PM","Sadiqabad"
"258565","Saima Bashir","MR-5819","EMDS Call","Road Crash","Bleeding","2026/01/02 01:40:13 PM","Rahim Yar Khan"
"258566","Aasia Batool","MR-5198","EMDS Call","Medical Emergency","Unconscious","2026/01/02 01:45:42 PM","Rahim Yar Khan"
"258569","Muhammad AAmar","DR-915","EMDS Call","Medical Emergency","Chest Pain","2026/01/02 01:49:28 PM","Khanpur"
"258567","Zupasha Zia","MR-5758","EMDS Call","Medical Emergency","Unconscious","2026/01/02 01:49:21 PM","Sadiqabad"
"258568","Aasia Batool","MR-5198","EMDS Call","Road Crash","Bleeding","2026/01/02 01:50:35 PM","Sadiqabad"
"258570","Muhammad AAmar","DR-915","EMDS Call","Medical Emergency","Vomiting","2026/01/02 01:55:11 PM","Sadiqabad"
"258571","Zupasha Zia","MR-5758","EMDS Call","Medical Emergency","Chest Pain","2026/01/02 02:01:11 PM","Rahim Yar Khan"
"258572","Saima Bashir","MR-5819","EMDS Call","Medical Emergency","Joints Pain","2026/01/02 02:10:30 PM","Rahim Yar Khan"
"258573","Muhammad Rashid Saleem","DR-187","EMDS Call","Medical Emergency","Unconscious","2026/01/02 02:15:56 PM","Rahim Yar Khan"
"258574","Muhammad AAmar","DR-915","EMDS Call","Rescue Operations","Delivery Case","2026/01/02 02:23:02 PM","Liaqatpur"
"258575","Sheeza Barkat","MR-5331","Direct Call","Medical Emergency","SOB/ Respiratory Distress","2026/01/02 02:25:41 PM","Rahim Yar Khan"
"258576","Muhammad Rashid Saleem","DR-187","EMDS Call","Medical Emergency","Hypertension","2026/01/02 02:28:13 PM","Liaqatpur"
"258577","Muhammad Rashid Saleem","DR-187","EMDS Call","Medical Emergency","SOB/ Respiratory Distress","2026/01/02 02:34:24 PM","Rahim Yar Khan"
"258578","Bushra Saleem","MR-5701","EMDS Call","Medical Emergency","CVA/Stroke","2026/01/02 02:35:21 PM","Khanpur"
"75168","Sheeza Barkat","MR-5331","Direct Call","Patient Transfer Service","N/A","2026/01/02 02:47:07 PM","Khanpur"
"258579","Bushra Saleem","MR-5701","EMDS Call","Rescue Operations","Animal/Bird Rescue","2026/01/02 02:46:02 PM","Rahim Yar Khan"
"258580","Sheeza Barkat","MR-5331","EMDS Call","Rescue Operations","Delivery Case","2026/01/02 02:49:28 PM","Rahim Yar Khan"
"258581","Bushra Saleem","MR-5701","Direct Call","Medical Emergency","Vomiting","2026/01/02 02:56:12 PM","Sadiqabad"
"75169","Sheeza Barkat","MR-5331","Direct Call","Patient Transfer Service","N/A","2026/01/02 03:09:29 PM","Khanpur"
"75170","Bushra Saleem","MR-5701","Direct Call","Patient Transfer Service","N/A","2026/01/02 03:14:52 PM","Sadiqabad"
"258582","Muhammad Rashid Saleem","DR-187","EMDS Call","Road Crash","Minor Injuries","2026/01/02 03:19:47 PM","Khanpur"
"258583","Bushra Saleem","MR-5701","EMDS Call","Medical Emergency","Abdominal Pain","2026/01/02 03:26:22 PM","Rahim Yar Khan"
"75171","Muhammad Rashid Saleem","DR-187","Direct Call","Patient Transfer Service","N/A","2026/01/02 03:28:57 PM","Sadiqabad"
"258584","Bushra Saleem","MR-5701","EMDS Call","Medical Emergency","Hypertension","2026/01/02 03:31:01 PM","Rahim Yar Khan"
"258586","Sheeza Barkat","MR-5331","EMDS Call","Medical Emergency","Chest Pain","2026/01/02 03:31:26 PM","Rahim Yar Khan"
"258585","Muhammad Riaz","DR-654","EMDS Call","Road Crash","Bleeding","2026/01/02 03:35:35 PM","Sadiqabad"
"258587","Muhammad Rashid Saleem","DR-187","EMDS Call","Medical Emergency","Vomiting","2026/01/02 03:37:31 PM","Rahim Yar Khan"
"258588","Muhammad Riaz","DR-654","EMDS Call","Medical Emergency","Abdominal Pain","2026/01/02 03:39:03 PM","Sadiqabad"
"258589","Muhammad Riaz","DR-654","EMDS Call","Road Crash","Minor Injuries","2026/01/02 03:50:26 PM","Sadiqabad"
"258590","Bushra Saleem","MR-5701","EMDS Call","Medical Emergency","Others","2026/01/02 03:49:47 PM","Sadiqabad"
"75172","Shahla Nawaz","DR-185","Direct Call","Patient Transfer Service","N/A","2026/01/02 03:52:28 PM","Khanpur"
"258591","Bushra Saleem","MR-5701","EMDS Call","Road Crash","Bleeding","2026/01/02 03:55:28 PM","Khanpur"
"258592","Muhammad Riaz","DR-654","EMDS Call","Road Crash","Bleeding","2026/01/02 03:58:14 PM","Khanpur"
"75173","Muhammad Rashid Saleem","DR-187","Direct Call","Patient Transfer Service","N/A","2026/01/02 03:59:16 PM","Khanpur"
"258593","Bushra Saleem","MR-5701","EMDS Call","Medical Emergency","SOB/ Respiratory Distress","2026/01/02 04:17:23 PM","Rahim Yar Khan"
"258594","Muhammad Riaz","DR-654","EMDS Call","Medical Emergency","Hypertension","2026/01/02 04:39:32 PM","Khanpur"
"258595","Shahla Nawaz","DR-185","EMDS Call","Medical Emergency","Others","2026/01/02 04:48:44 PM","Liaqatpur"
"Not Assigned","Muhammad Riaz","DR-654","EMDS Call","Medical Emergency","Others","2026/01/02 04:52:30 PM","Liaqatpur"
"258597","Bushra Saleem","MR-5701","EMDS Call","Road Crash","Minor Injuries","2026/01/02 04:53:35 PM","Sadiqabad"
"258598","Bushra Saleem","MR-5701","EMDS Call","Medical Emergency","Abdominal Pain","2026/01/02 05:01:16 PM","Rahim Yar Khan"
"258599","Shahla Nawaz","DR-185","EMDS Call","Medical Emergency","Others","2026/01/02 05:03:39 PM","Rahim Yar Khan"
"258600","Bushra Saleem","MR-5701","EMDS Call","Medical Emergency","Others","2026/01/02 05:07:08 PM","Rahim Yar Khan"
"258601","Bushra Saleem","MR-5701","EMDS Call","Medical Emergency","CVA/Stroke","2026/01/02 05:13:08 PM","Sadiqabad"
"258602","Bushra Saleem","MR-5701","EMDS Call","Medical Emergency","CVA/Stroke","2026/01/02 05:18:32 PM","Rahim Yar Khan"
"258603","Sheeza Barkat","MR-5331","EMDS Call","Medical Emergency","SOB/ Respiratory Distress","2026/01/02 05:25:13 PM","Liaqatpur"
"258605","Bushra Saleem","MR-5701","EMDS Call","Road Crash","Bleeding","2026/01/02 05:31:39 PM","Rahim Yar Khan"
"258604","Sheeza Barkat","MR-5331","EMDS Call","Medical Emergency","Chest Pain","2026/01/02 05:31:43 PM","Liaqatpur"
"258606","Bushra Saleem","MR-5701","EMDS Call","Medical Emergency","Vomiting","2026/01/02 05:56:46 PM","Rahim Yar Khan"
"258607","Sheeza Barkat","MR-5331","EMDS Call","Medical Emergency","Domestic Injuries","2026/01/02 06:04:38 PM","Rahim Yar Khan"
"258608","Bushra Saleem","MR-5701","EMDS Call","Medical Emergency","Hypertension","2026/01/02 06:05:34 PM","Khanpur"
"258609","Shahla Nawaz","DR-185","EMDS Call","Medical Emergency","Vomiting","2026/01/02 06:08:14 PM","Khanpur"
"258610","Bushra Saleem","MR-5701","EMDS Call","Medical Emergency","SOB/ Respiratory Distress","2026/01/02 06:25:40 PM","Rahim Yar Khan"
"258611","Sheeza Barkat","MR-5331","EMDS Call","Crime","Physical Assault/Violence","2026/01/02 06:25:48 PM","Rahim Yar Khan"
"258611","Sheeza Barkat","MR-5331","EMDS Call","Crime","Physical Assault/Violence","2026/01/02 06:25:48 PM","Rahim Yar Khan"
"258612","Shahla Nawaz","DR-185","EMDS Call","Medical Emergency","Others","2026/01/02 06:49:48 PM","Rahim Yar Khan"
"258613","Shahla Nawaz","DR-185","EMDS Call","Medical Emergency","Others","2026/01/02 06:55:31 PM","Rahim Yar Khan"
"258614","Bushra Saleem","MR-5701","EMDS Call","Road Crash","Bleeding","2026/01/02 06:58:01 PM","Khanpur"
"258615","Shahla Nawaz","DR-185","EMDS Call","Medical Emergency","High Fever","2026/01/02 07:05:45 PM","Rahim Yar Khan"
"258616","Shahla Nawaz","DR-185","EMDS Call","Road Crash","Minor Injuries","2026/01/02 07:13:21 PM","Khanpur"
"258617","Bushra Saleem","MR-5701","EMDS Call","Medical Emergency","Others","2026/01/02 07:17:49 PM","Rahim Yar Khan"
"258618","Shahla Nawaz","DR-185","EMDS Call","Road Crash","Bleeding","2026/01/02 07:21:10 PM","Sadiqabad"
"258619","Shahla Nawaz","DR-185","EMDS Call","Road Crash","Multiple Fractures","2026/01/02 07:23:51 PM","Rahim Yar Khan"
"258620","Shahla Nawaz","DR-185","EMDS Call","Medical Emergency","High Fever","2026/01/02 07:29:11 PM","Rahim Yar Khan"
"258621","Sheeza Barkat","MR-5331","EMDS Call","Medical Emergency","Vomiting","2026/01/02 07:31:11 PM","Sadiqabad"
"258622","Shahla Nawaz","DR-185","EMDS Call","Medical Emergency","Chest Pain","2026/01/02 07:36:12 PM","Rahim Yar Khan"
"75174","Sheeza Barkat","MR-5331","Direct Call","Patient Transfer Service","N/A","2026/01/02 07:40:09 PM","Khanpur"
"258623","Bushra Saleem","MR-5701","EMDS Call","Road Crash","Bleeding","2026/01/02 07:42:04 PM","Sadiqabad"
"258624","Bushra Saleem","MR-5701","EMDS Call","Medical Emergency","Others","2026/01/02 07:45:08 PM","Sadiqabad"
"258625","Bushra Saleem","MR-5701","EMDS Call","Medical Emergency","Others","2026/01/02 07:51:38 PM","Rahim Yar Khan"
"258626","Bushra Saleem","MR-5701","Direct Call","Medical Emergency","CVA/Stroke","2026/01/02 07:56:51 PM","Khanpur"
"258627","Bushra Saleem","MR-5701","Direct Call","Medical Emergency","Renal Disorders / Renal Colic ","2026/01/02 08:01:05 PM","Sadiqabad"
"258628","Shahla Nawaz","DR-185","EMDS Call","Medical Emergency","Renal Disorders / Renal Colic ","2026/01/02 08:11:59 PM","Liaqatpur"
"258629","Sheeza Barkat","MR-5331","EMDS Call","Medical Emergency","Hypertension","2026/01/02 08:23:57 PM","Sadiqabad"
"258630","Bushra Saleem","MR-5701","EMDS Call","Medical Emergency","Hypertension","2026/01/02 08:27:19 PM","Rahim Yar Khan"
"258631","Muhammad Riaz","DR-654","EMDS Call","Rescue Operations","Scalds/Burn Due To Negligence","2026/01/02 08:38:51 PM","Khanpur"
"258632","Sheeza Barkat","MR-5331","EMDS Call","Road Crash","Bleeding","2026/01/02 08:38:33 PM","Rahim Yar Khan"
"258633","Muhammad Riaz","DR-654","EMDS Call","Road Crash","Bleeding","2026/01/02 08:45:43 PM","Sadiqabad"
"258634","Muhammad Riaz","DR-654","EMDS Call","Rescue Operations","Delivery Case","2026/01/02 08:50:48 PM","Rahim Yar Khan"
"258635","Maheen Tahir","MR-6017","EMDS Call","Medical Emergency","Abdominal Pain","2026/01/02 08:56:24 PM","Sadiqabad"
"258636","Muhammad Zubair","DR-894","EMDS Call","Medical Emergency","Diabetic","2026/01/02 09:05:06 PM","Rahim Yar Khan"
"258637","Farah Sadaqat","MR-5930","EMDS Call","Medical Emergency","Chest Pain","2026/01/02 09:10:24 PM","Liaqatpur"
"258638","Muhammad Tariq Hameed","DR-885","EMDS Call","Medical Emergency","Others","2026/01/02 09:24:58 PM","Sadiqabad"
"258640","Maheen Tahir","MR-6017","EMDS Call","Medical Emergency","Others","2026/01/02 09:29:01 PM","Rahim Yar Khan"
"258639","Muhammad Zubair","DR-894","EMDS Call","Medical Emergency","Vomiting","2026/01/02 09:29:48 PM","Sadiqabad"
"258642","Muhammad Tariq Hameed","DR-885","EMDS Call","Medical Emergency","Others","2026/01/02 09:30:21 PM","Rahim Yar Khan"
"258641","Muhammad Zubair","DR-894","EMDS Call","Medical Emergency","Others","2026/01/02 09:33:04 PM","Sadiqabad"
"75175","Maheen Tahir","MR-6017","Direct Call","Patient Transfer Service","N/A","2026/01/02 09:34:06 PM","Sadiqabad"
"258643","Maheen Tahir","MR-6017","EMDS Call","Medical Emergency","Unconscious","2026/01/02 09:41:09 PM","Khanpur"
"258644","Muhammad Zubair","DR-894","EMDS Call","Medical Emergency","Others","2026/01/02 09:44:18 PM","Sadiqabad"
"258645","Muhammad Zubair","DR-894","Direct Call","Medical Emergency","Others","2026/01/02 09:53:29 PM","Rahim Yar Khan"
"258646","Maheen Tahir","MR-6017","EMDS Call","Rescue Operations","Pet Dog","2026/01/02 10:01:02 PM","Liaqatpur"
"258648","Muhammad Zubair","DR-894","EMDS Call","Medical Emergency","SOB/ Respiratory Distress","2026/01/02 10:18:07 PM","Liaqatpur"
"258647","Maheen Tahir","MR-6017","EMDS Call","Medical Emergency","Unconscious","2026/01/02 10:18:29 PM","Rahim Yar Khan"
"258649","Muhammad Zubair","DR-894","EMDS Call","Medical Emergency","SOB/ Respiratory Distress","2026/01/02 10:23:03 PM","Sadiqabad"
"258650","Maheen Tahir","MR-6017","EMDS Call","Medical Emergency","High Fever","2026/01/02 10:33:18 PM","Liaqatpur"
"258651","Muhammad Tariq Hameed","DR-885","EMDS Call","Medical Emergency","Hypotension","2026/01/02 10:34:41 PM","Rahim Yar Khan"
"258652","Muhammad Tariq Hameed","DR-885","EMDS Call","Medical Emergency","SOB/ Respiratory Distress","2026/01/02 10:39:14 PM","Rahim Yar Khan"
"258653","Farah Sadaqat","MR-5930","EMDS Call","Medical Emergency","High Fever","2026/01/02 10:37:34 PM","Rahim Yar Khan"
"258655","Muhammad Tariq Hameed","DR-885","EMDS Call","Medical Emergency","Hypertension","2026/01/02 10:45:56 PM","Rahim Yar Khan"
"258654","Maheen Tahir","MR-6017","EMDS Call","Medical Emergency","Others","2026/01/02 10:47:17 PM","Rahim Yar Khan"
"75176","Farah Sadaqat","MR-5930","Direct Call","Patient Transfer Service","N/A","2026/01/02 11:12:51 PM","Sadiqabad"
"258656","Muhammad Tariq Hameed","DR-885","EMDS Call","Medical Emergency","Renal Disorders / Renal Colic ","2026/01/02 11:11:26 PM","Liaqatpur"
"258657","Farah Sadaqat","MR-5930","EMDS Call","Medical Emergency","Vomiting","2026/01/02 11:13:59 PM","Rahim Yar Khan"
"258658","Maheen Tahir","MR-6017","EMDS Call","Medical Emergency","Abdominal Pain","2026/01/02 11:20:29 PM","Khanpur"
"258659","Muhammad Tariq Hameed","DR-885","EMDS Call","Medical Emergency","Others","2026/01/02 11:25:18 PM","Rahim Yar Khan"
"258660","Farah Sadaqat","MR-5930","EMDS Call","Medical Emergency","Hypertension","2026/01/02 11:44:18 PM","Rahim Yar Khan"
"258661","Maheen Tahir","MR-6017","EMDS Call","Medical Emergency","Others","2026/01/02 11:46:48 PM","Rahim Yar Khan"
"258662","Farah Sadaqat","MR-5930","EMDS Call","Medical Emergency","Others","2026/01/03 12:04:41 AM","Sadiqabad"
"258663","Maheen Tahir","MR-6017","EMDS Call","Medical Emergency","Others","2026/01/03 12:09:34 AM","Rahim Yar Khan"
"258664","Muhammad Tariq Hameed","DR-885","EMDS Call","Medical Emergency","Hypertension","2026/01/03 12:12:26 AM","Rahim Yar Khan"
"258665","Farah Sadaqat","MR-5930","EMDS Call","Medical Emergency","Unconscious","2026/01/03 12:12:31 AM","Rahim Yar Khan"
"258666","Muhammad Tariq Hameed","DR-885","EMDS Call","Medical Emergency","Vomiting","2026/01/03 12:21:01 AM","Rahim Yar Khan"
"258667","Maheen Tahir","MR-6017","Direct Call","Rescue Operations","Mass Event Coverage","2026/01/03 12:31:43 AM","Rahim Yar Khan"
"258668","Farah Sadaqat","MR-5930","EMDS Call","Medical Emergency","Others","2026/01/03 12:34:01 AM","Khanpur"
"258669","Maheen Tahir","MR-6017","EMDS Call","Rescue Operations","Vehicle Extrication","2026/01/03 12:49:50 AM","Khanpur"
"258670","Farah Sadaqat","MR-5930","EMDS Call","Medical Emergency","Abdominal Pain","2026/01/03 01:02:22 AM","Rahim Yar Khan"
"258671","Maheen Tahir","MR-6017","EMDS Call","Medical Emergency","Others","2026/01/03 01:13:16 AM","Rahim Yar Khan"
"258672","Muhammad Tariq Hameed","DR-885","EMDS Call","Medical Emergency","Vomiting","2026/01/03 01:24:16 AM","Khanpur"
"258673","Maheen Tahir","MR-6017","EMDS Call","Medical Emergency","Hypertension","2026/01/03 02:01:45 AM","Rahim Yar Khan"
"258674","Farah Sadaqat","MR-5930","EMDS Call","Medical Emergency","Hypertension","2026/01/03 02:03:43 AM","Rahim Yar Khan"
"258675","Muhammad Tariq Hameed","DR-885","EMDS Call","Medical Emergency","Hypertension","2026/01/03 02:03:08 AM","Sadiqabad"
"258676","Maheen Tahir","MR-6017","EMDS Call","Rescue Operations","Delivery Case","2026/01/03 02:04:26 AM","Rahim Yar Khan"
"258677","Maheen Tahir","MR-6017","EMDS Call","Medical Emergency","SOB/ Respiratory Distress","2026/01/03 02:08:31 AM","Rahim Yar Khan"
"258678","Muhammad Tariq Hameed","DR-885","EMDS Call","Medical Emergency","Hypertension","2026/01/03 02:34:43 AM","Rahim Yar Khan"
"258679","Farah Sadaqat","MR-5930","EMDS Call","Medical Emergency","Hypertension","2026/01/03 02:56:48 AM","Rahim Yar Khan"
"258680","Maheen Tahir","MR-6017","EMDS Call","Medical Emergency","Others","2026/01/03 03:13:42 AM","Rahim Yar Khan"
"258681","Muhammad Tariq Hameed","DR-885","EMDS Call","Medical Emergency","Others","2026/01/03 03:31:16 AM","Khanpur"
"258682","Saira Bibi","MR-5494","EMDS Call","Medical Emergency","Vomiting","2026/01/03 03:38:50 AM","Rahim Yar Khan"
"258683","Muhammad Zubair","DR-894","EMDS Call","Medical Emergency","High Fever","2026/01/03 03:41:06 AM","Khanpur"
"258684","Muhammad Zubair","DR-894","EMDS Call","Medical Emergency","Others","2026/01/03 04:03:27 AM","Khanpur"
"258685","Muhammad Zubair","DR-894","EMDS Call","Rescue Operations","Vehicle Extrication","2026/01/03 04:16:19 AM","Sadiqabad"
"258686","Shaheen Islam","DR-1171","Direct Call","Medical Emergency","Vomiting","2026/01/03 04:18:43 AM","Rahim Yar Khan"
"258687","Saira Bibi","MR-5494","EMDS Call","Medical Emergency","Others","2026/01/03 05:20:19 AM","Rahim Yar Khan"
"258688","Shaheen Islam","DR-1171","EMDS Call","Medical Emergency","Vomiting","2026/01/03 05:22:55 AM","Rahim Yar Khan"
"258689","Saira Bibi","MR-5494","EMDS Call","Road Crash","Bleeding","2026/01/03 06:23:42 AM","Sadiqabad"
"258690","Shaheen Islam","DR-1171","EMDS Call","Medical Emergency","Unconscious","2026/01/03 06:40:32 AM","Rahim Yar Khan"
"258691","Muhammad Zubair","DR-894","EMDS Call","Medical Emergency","SOB/ Respiratory Distress","2026/01/03 06:45:48 AM","Rahim Yar Khan"
"258692","Muhammad Zubair","DR-894","EMDS Call","Medical Emergency","Others","2026/01/03 07:10:00 AM","Rahim Yar Khan"
"258693","Saira Bibi","MR-5494","EMDS Call","Medical Emergency","Chest Pain","2026/01/03 07:13:19 AM","Rahim Yar Khan"
"258694","Shaheen Islam","DR-1171","EMDS Call","Medical Emergency","Hypertension","2026/01/03 07:34:51 AM","Rahim Yar Khan"
"258695","Shaheen Islam","DR-1171","EMDS Call","Medical Emergency","Chest Pain","2026/01/03 07:39:52 AM","Khanpur"
"258696","Muhammad Zubair","DR-894","EMDS Call","Road Crash","Minor Injuries","2026/01/03 07:41:57 AM","Sadiqabad"
"258697","Muhammad Zubair","DR-894","Direct Call","Rescue Operations","Mass Event Coverage","2026/01/03 07:48:05 AM","Rahim Yar Khan"
"258699","Shaheen Islam","DR-1171","EMDS Call","Medical Emergency","Abdominal Pain","2026/01/03 07:48:46 AM","Rahim Yar Khan"
"258698","Nida Rahat","DR-1322","EMDS Call","Medical Emergency","Abdominal Pain","2026/01/03 07:56:12 AM","Rahim Yar Khan"
"75177","Zupasha Zia","MR-5758","Direct Call","Patient Transfer Service","N/A","2026/01/03 08:03:07 AM","Sadiqabad"
"258700","Muhammad ALi","DR-818","EMDS Call","Medical Emergency","SOB/ Respiratory Distress","2026/01/03 08:10:13 AM","Rahim Yar Khan"
"258701","Fahad Hussain","DR-538","EMDS Call","Medical Emergency","Vomiting","2026/01/03 08:11:35 AM","Rahim Yar Khan"
"258702","Fahad Hussain","DR-538","EMDS Call","Medical Emergency","Diabetic","2026/01/03 08:18:53 AM","Sadiqabad"
"258703","Zupasha Zia","MR-5758","EMDS Call","Medical Emergency","Hypertension","2026/01/03 08:20:49 AM","Sadiqabad"
"258704","Nida Rahat","DR-1322","EMDS Call","Medical Emergency","Domestic Injuries","2026/01/03 08:27:29 AM","Rahim Yar Khan"
"258705","Nida Rahat","DR-1322","EMDS Call","Road Crash","Bleeding","2026/01/03 08:33:08 AM","Rahim Yar Khan"
"258706","Nida Rahat","DR-1322","Direct Call","Rescue Operations","Mass Event Coverage","2026/01/03 08:38:14 AM","Sadiqabad"
"258707","Nida Rahat","DR-1322","EMDS Call","Medical Emergency","High Fever","2026/01/03 08:47:34 AM","Rahim Yar Khan"
"258708","Nida Rahat","DR-1322","EMDS Call","Medical Emergency","Vomiting","2026/01/03 08:59:35 AM","Rahim Yar Khan"
"258709","Aasia Batool","MR-5198","EMDS Call","Medical Emergency","Others","2026/01/03 09:07:10 AM","Sadiqabad"
"258710","Nida Rahat","DR-1322","EMDS Call","Medical Emergency","Others","2026/01/03 09:10:53 AM","Rahim Yar Khan"
"75178","Aasia Batool","MR-5198","Direct Call","Patient Transfer Service","N/A","2026/01/03 09:15:52 AM","Liaqatpur"
"258711","Fahad Hussain","DR-538","EMDS Call","Rescue Operations","Delivery Case","2026/01/03 09:16:52 AM","Rahim Yar Khan"
"Not Assigned","Zupasha Zia","MR-5758","EMDS Call","Medical Emergency","Others","2026/01/03 09:16:52 AM","Sadiqabad"
"258713","Aasia Batool","MR-5198","EMDS Call","Rescue Operations","Animal/Bird Rescue","2026/01/03 09:17:39 AM","Khanpur"
"258714","Nida Rahat","DR-1322","EMDS Call","Medical Emergency","Others","2026/01/03 09:19:05 AM","Khanpur"
"258715","Fahad Hussain","DR-538","EMDS Call","Rescue Operations","Snake Emergency","2026/01/03 09:20:20 AM","Sadiqabad"
"75179","Nida Rahat","DR-1322","Direct Call","Patient Transfer Service","N/A","2026/01/03 09:24:06 AM","Khanpur"
"75180","Nida Rahat","DR-1322","Direct Call","Patient Transfer Service","N/A","2026/01/03 09:27:06 AM","Khanpur"
"258716","Aasia Batool","MR-5198","Direct Call","Medical Emergency","Others","2026/01/03 09:33:10 AM","Liaqatpur"
"258717","Zupasha Zia","MR-5758","EMDS Call","Medical Emergency","SOB/ Respiratory Distress","2026/01/03 09:37:36 AM","Sadiqabad"
"258718","Nida Rahat","DR-1322","EMDS Call","Medical Emergency","SOB/ Respiratory Distress","2026/01/03 09:41:09 AM","Rahim Yar Khan"
"258719","Aasia Batool","MR-5198","EMDS Call","Medical Emergency","High Fever","2026/01/03 09:41:03 AM","Rahim Yar Khan"
"258720","Zupasha Zia","MR-5758","EMDS Call","Medical Emergency","Unconscious","2026/01/03 09:41:17 AM","Rahim Yar Khan"
"258721","Nida Rahat","DR-1322","EMDS Call","Road Crash","Bleeding","2026/01/03 09:44:37 AM","Rahim Yar Khan"
"258722","Aasia Batool","MR-5198","EMDS Call","Medical Emergency","Others","2026/01/03 09:44:13 AM","Rahim Yar Khan"
"258723","Aasia Batool","MR-5198","EMDS Call","Road Crash","Minor Injuries","2026/01/03 09:47:36 AM","Rahim Yar Khan"
"258724","Zupasha Zia","MR-5758","EMDS Call","Road Crash","Bleeding","2026/01/03 09:52:49 AM","Liaqatpur"
"258727","Nida Rahat","DR-1322","EMDS Call","Medical Emergency","High Fever","2026/01/03 09:58:56 AM","Khanpur"
"258725","Zia ul Haq","DR-328","EMDS Call","Road Crash","Minor Injuries","2026/01/03 10:02:38 AM","Rahim Yar Khan"
"258728","Muhammad AAmar","DR-915","EMDS Call","Medical Emergency","Others","2026/01/03 10:04:43 AM","Rahim Yar Khan"
"258726","Aasia Batool","MR-5198","EMDS Call","Medical Emergency","Others","2026/01/03 10:04:47 AM","Sadiqabad"
"258729","Muhammad AAmar","DR-915","EMDS Call","Medical Emergency","Unconscious","2026/01/03 10:08:20 AM","Khanpur"
"258730","Zia ul Haq","DR-328","EMDS Call","Medical Emergency","Chronic Illness","2026/01/03 10:12:14 AM","Sadiqabad"
"258731","Aasia Batool","MR-5198","EMDS Call","Medical Emergency","Others","2026/01/03 10:13:34 AM","Khanpur"
"258732","Muhammad AAmar","DR-915","Direct Call","Rescue Operations","Mass Event Coverage","2026/01/03 10:24:23 AM","Khanpur"
"258733","Zia ul Haq","DR-328","EMDS Call","Medical Emergency","SOB/ Respiratory Distress","2026/01/03 10:33:12 AM","Sadiqabad"
"258734","Muhammad AAmar","DR-915","EMDS Call","Road Crash","Severe Trauma","2026/01/03 10:40:12 AM","Rahim Yar Khan"
"258734","Muhammad AAmar","DR-915","EMDS Call","Road Crash","Severe Trauma","2026/01/03 10:40:12 AM","Rahim Yar Khan"
"258734","Muhammad AAmar","DR-915","EMDS Call","Road Crash","Severe Trauma","2026/01/03 10:40:12 AM","Rahim Yar Khan"
"258735","Aasia Batool","MR-5198","EMDS Call","Medical Emergency","High Fever","2026/01/03 10:43:32 AM","Rahim Yar Khan"
"258736","Zia ul Haq","DR-328","EMDS Call","Medical Emergency","Diabetic","2026/01/03 10:41:59 AM","Rahim Yar Khan"
"258737","Aasia Batool","MR-5198","EMDS Call","Road Crash","Bleeding","2026/01/03 10:45:45 AM","Rahim Yar Khan"
"258738","Muhammad AAmar","DR-915","EMDS Call","Fall","Fall From Roof","2026/01/03 10:45:19 AM","Liaqatpur"
"75181","Muhammad AAmar","DR-915","Direct Call","Patient Transfer Service","N/A","2026/01/03 10:56:13 AM","Sadiqabad"
"258739","Muhammad AAmar","DR-915","EMDS Call","Medical Emergency","Abdominal Pain","2026/01/03 10:58:39 AM","Rahim Yar Khan"
"258740","Zia ul Haq","DR-328","EMDS Call","Medical Emergency","Others","2026/01/03 11:09:28 AM","Liaqatpur"
"258741","Aasia Batool","MR-5198","EMDS Call","Medical Emergency","CVA/Stroke","2026/01/03 11:17:04 AM","Khanpur"
"75182","Muhammad AAmar","DR-915","Direct Call","Patient Transfer Service","N/A","2026/01/03 11:18:36 AM","Khanpur"
"258742","Aasia Batool","MR-5198","EMDS Call","Medical Emergency","Backache","2026/01/03 11:26:03 AM","Khanpur"
"258743","Aasia Batool","MR-5198","EMDS Call","Medical Emergency","Others","2026/01/03 11:34:36 AM","Rahim Yar Khan"
"258744","Zia ul Haq","DR-328","Direct Call","Rescue Operations","Others","2026/01/03 11:32:50 AM","Liaqatpur"
"Not Assigned","Aasia Batool","MR-5198","EMDS Call","Road Crash","Bleeding","2026/01/03 11:39:40 AM","Rahim Yar Khan"
"258746","Muhammad AAmar","DR-915","EMDS Call","Road Crash","Minor Injuries","2026/01/03 11:43:34 AM","Sadiqabad"
"258747","Aasia Batool","MR-5198","EMDS Call","Medical Emergency","Chronic Illness","2026/01/03 11:42:30 AM","Rahim Yar Khan"
"258749","Zia ul Haq","DR-328","EMDS Call","Medical Emergency","Others","2026/01/03 11:46:46 AM","Liaqatpur"
"258748","Muhammad AAmar","DR-915","EMDS Call","Road Crash","Minor Injuries","2026/01/03 11:46:49 AM","Rahim Yar Khan"
"258750","Muhammad AAmar","DR-915","EMDS Call","Medical Emergency","Domestic Injuries","2026/01/03 11:51:47 AM","Khanpur"
"258751","Aasia Batool","MR-5198","EMDS Call","Medical Emergency","SOB/ Respiratory Distress","2026/01/03 11:58:08 AM","Sadiqabad"
"258752","Muhammad ALi","DR-818","EMDS Call","Road Crash","Minor Injuries","2026/01/03 12:05:50 PM","Sadiqabad"
"258752","Muhammad ALi","DR-818","EMDS Call","Road Crash","Minor Injuries","2026/01/03 12:05:50 PM","Sadiqabad"
"258753","Muhammad ALi","DR-818","EMDS Call","Road Crash","Minor Injuries","2026/01/03 12:09:07 PM","Rahim Yar Khan"
"258754","Saima Bashir","MR-5819","EMDS Call","Rescue Operations","Delivery Case","2026/01/03 12:28:27 PM","Rahim Yar Khan"
"75183","Muhammad ALi","DR-818","Direct Call","Patient Transfer Service","N/A","2026/01/03 12:32:28 PM","Sadiqabad"
"258755","Zupasha Zia","MR-5758","EMDS Call","Medical Emergency","Hypertension","2026/01/03 12:38:41 PM","Khanpur"
"75184","Saima Bashir","MR-5819","Direct Call","Patient Transfer Service","N/A","2026/01/03 12:42:07 PM","Sadiqabad"
"258756","Muhammad ALi","DR-818","EMDS Call","Road Crash","Minor Injuries","2026/01/03 12:42:58 PM","Rahim Yar Khan"
"258757","Saima Bashir","MR-5819","EMDS Call","Rescue Operations","Delivery Case","2026/01/03 12:44:28 PM","Sadiqabad"
"Not Assigned","Zupasha Zia","MR-5758","EMDS Call","Road Crash","Bleeding","2026/01/03 12:45:35 PM","Khanpur"
"258758","Muhammad ALi","DR-818","EMDS Call","Medical Emergency","Others","2026/01/03 12:46:48 PM","Sadiqabad"
"258759","Saima Bashir","MR-5819","EMDS Call","Medical Emergency","SOB/ Respiratory Distress","2026/01/03 12:47:36 PM","Rahim Yar Khan"
"258761","Muhammad ALi","DR-818","EMDS Call","Medical Emergency","SOB/ Respiratory Distress","2026/01/03 12:56:36 PM","Liaqatpur"
"258762","Zupasha Zia","MR-5758","EMDS Call","Medical Emergency","Abdominal Pain","2026/01/03 12:56:39 PM","Rahim Yar Khan"
"258763","Zupasha Zia","MR-5758","EMDS Call","Road Crash","Severe Trauma","2026/01/03 01:07:41 PM","Sadiqabad"
"258764","Fahad Hussain","DR-538","EMDS Call","Medical Emergency","Diabetic","2026/01/03 01:13:55 PM","Sadiqabad"
"258765","Muhammad ALi","DR-818","EMDS Call","Fire","Short Circuit","2026/01/03 01:27:45 PM","Rahim Yar Khan"
"258766","Fahad Hussain","DR-538","EMDS Call","Road Crash","Severe Trauma","2026/01/03 01:35:39 PM","Khanpur"
"258767","Saima Bashir","MR-5819","EMDS Call","Road Crash","Minor Injuries","2026/01/03 01:54:28 PM","Liaqatpur"
"258768","Fahad Hussain","DR-538","EMDS Call","Medical Emergency","Others","2026/01/03 02:00:04 PM","Sadiqabad"
"258769","Muhammad Fiaz","DR-206","EMDS Call","Road Crash","Minor Injuries","2026/01/03 02:08:54 PM","Sadiqabad"
"258770","Muhammad Fiaz","DR-206","EMDS Call","Medical Emergency","Others","2026/01/03 02:18:51 PM","Rahim Yar Khan"
"258771","Rana M. Usman","DR-200","EMDS Call","Medical Emergency","Hypertension","2026/01/03 02:28:22 PM","Rahim Yar Khan"
"258772","Rana M. Usman","DR-200","EMDS Call","Road Crash","Minor Injuries","2026/01/03 02:34:13 PM","Rahim Yar Khan"
"258773","Sheeza Barkat","MR-5331","EMDS Call","Medical Emergency","Epilepsy","2026/01/03 02:37:02 PM","Liaqatpur"
"258774","Bushra Saleem","MR-5701","EMDS Call","Medical Emergency","Abdominal Pain","2026/01/03 02:57:07 PM","Khanpur"
"258775","Muhammad Fiaz","DR-206","EMDS Call","Medical Emergency","Joints Pain","2026/01/03 02:57:55 PM","Khanpur"
"258776","Sheeza Barkat","MR-5331","EMDS Call","Road Crash","Severe Trauma","2026/01/03 02:59:15 PM","Rahim Yar Khan"
"258777","Muhammad Abid","DR-874","EMDS Call","Medical Emergency","Vomiting","2026/01/03 02:59:16 PM","Khanpur"
"258778","Muhammad Abid","DR-874","EMDS Call","Medical Emergency","SOB/ Respiratory Distress","2026/01/03 03:05:44 PM","Rahim Yar Khan"
"258779","Sheeza Barkat","MR-5331","EMDS Call","Road Crash","Minor Injuries","2026/01/03 03:08:36 PM","Liaqatpur"
"258780","Bushra Saleem","MR-5701","EMDS Call","Medical Emergency","Hypotension","2026/01/03 03:10:47 PM","Rahim Yar Khan"
"258781","Muhammad Abid","DR-874","EMDS Call","Road Crash","Minor Injuries","2026/01/03 03:13:14 PM","Rahim Yar Khan"
"258782","Muhammad Fiaz","DR-206","EMDS Call","Rescue Operations","Delivery Case","2026/01/03 03:18:09 PM","Khanpur"
"75185","Muhammad Fiaz","DR-206","Direct Call","Patient Transfer Service","N/A","2026/01/03 03:23:07 PM","Sadiqabad"
"258783","Muhammad Fiaz","DR-206","EMDS Call","Medical Emergency","Vomiting","2026/01/03 03:26:18 PM","Sadiqabad"
"258784","Sheeza Barkat","MR-5331","EMDS Call","Road Crash","Minor Injuries","2026/01/03 03:28:44 PM","Rahim Yar Khan"
"75186","Muhammad Abid","DR-874","Direct Call","Patient Transfer Service","N/A","2026/01/03 03:36:45 PM","Sadiqabad"
"258785","Sheeza Barkat","MR-5331","EMDS Call","Medical Emergency","Others","2026/01/03 03:44:23 PM","Rahim Yar Khan"
"258786","Muhammad Abid","DR-874","EMDS Call","Medical Emergency","Others","2026/01/03 03:45:58 PM","Rahim Yar Khan"
"258787","Sheeza Barkat","MR-5331","EMDS Call","Medical Emergency","Others","2026/01/03 03:54:30 PM","Rahim Yar Khan"
"258788","Sheeza Barkat","MR-5331","EMDS Call","Medical Emergency","Others","2026/01/03 03:58:43 PM","Sadiqabad"
"258789","Muhammad Abid","DR-874","EMDS Call","Medical Emergency","Unconscious","2026/01/03 03:58:00 PM","Rahim Yar Khan"
"75187","Bushra Saleem","MR-5701","Direct Call","Patient Transfer Service","N/A","2026/01/03 04:05:10 PM","Khanpur"
"75188","Bushra Saleem","MR-5701","Direct Call","Patient Transfer Service","N/A","2026/01/03 04:06:47 PM","Sadiqabad"
"75189","Muhammad Abid","DR-874","Direct Call","Patient Transfer Service","N/A","2026/01/03 04:14:54 PM","Khanpur"
"258790","Muhammad Fiaz","DR-206","EMDS Call","Medical Emergency","Chest Pain","2026/01/03 04:16:24 PM","Sadiqabad"
"258791","Bushra Saleem","MR-5701","EMDS Call","Road Crash","Minor Injuries","2026/01/03 04:21:48 PM","Rahim Yar Khan"
"258792","Shahla Nawaz","DR-185","EMDS Call","Road Crash","Minor Injuries","2026/01/03 04:24:58 PM","Rahim Yar Khan"
"258793","Bushra Saleem","MR-5701","EMDS Call","Medical Emergency","Others","2026/01/03 04:25:32 PM","Rahim Yar Khan"
"258794","Bushra Saleem","MR-5701","EMDS Call","Fire","Others","2026/01/03 04:26:56 PM","Liaqatpur"
"258795","Shahla Nawaz","DR-185","EMDS Call","Medical Emergency","Joints Pain","2026/01/03 04:28:30 PM","Khanpur"
"75190","Sheeza Barkat","MR-5331","Direct Call","Patient Transfer Service","N/A","2026/01/03 04:32:22 PM","Sadiqabad"
"258796","Shahla Nawaz","DR-185","EMDS Call","Medical Emergency","Others","2026/01/03 04:31:02 PM","Rahim Yar Khan"
"75191","Shahla Nawaz","DR-185","Direct Call","Patient Transfer Service","N/A","2026/01/03 04:49:11 PM","Khanpur"
"258797","Sheeza Barkat","MR-5331","EMDS Call","Rescue Operations","Electric Shock","2026/01/03 05:06:06 PM","Rahim Yar Khan"
"258798","Shahla Nawaz","DR-185","EMDS Call","Road Crash","Multiple Fractures","2026/01/03 05:15:44 PM","Rahim Yar Khan"
"258799","Bushra Saleem","MR-5701","EMDS Call","Medical Emergency","Others","2026/01/03 05:20:40 PM","Sadiqabad"
"258800","Sheeza Barkat","MR-5331","EMDS Call","Medical Emergency","Vomiting","2026/01/03 05:27:48 PM","Rahim Yar Khan"
"258801","Sheeza Barkat","MR-5331","EMDS Call","Medical Emergency","Hypertension","2026/01/03 05:32:29 PM","Sadiqabad"
"258802","Sheeza Barkat","MR-5331","EMDS Call","Medical Emergency","Domestic Injuries","2026/01/03 05:40:07 PM","Rahim Yar Khan"
"258803","Bushra Saleem","MR-5701","EMDS Call","Medical Emergency","Others","2026/01/03 05:44:17 PM","Rahim Yar Khan"
"258804","Sheeza Barkat","MR-5331","EMDS Call","Medical Emergency","Vomiting","2026/01/03 05:47:34 PM","Khanpur"
"258805","Shahla Nawaz","DR-185","EMDS Call","Road Crash","Severe Trauma","2026/01/03 05:48:29 PM","Rahim Yar Khan"
"258806","Muhammad Fiaz","DR-206","EMDS Call","Medical Emergency","Chest Pain","2026/01/03 06:10:17 PM","Rahim Yar Khan"
"258807","Sheeza Barkat","MR-5331","Direct Call","Medical Emergency","Others","2026/01/03 06:15:11 PM","Rahim Yar Khan"
"258808","Sheeza Barkat","MR-5331","EMDS Call","Road Crash","Multiple Fractures","2026/01/03 06:17:53 PM","Rahim Yar Khan"
"258809","Shahla Nawaz","DR-185","EMDS Call","Medical Emergency","Abdominal Pain","2026/01/03 06:28:05 PM","Rahim Yar Khan"
"258810","Sheeza Barkat","MR-5331","EMDS Call","Medical Emergency","Others","2026/01/03 06:29:20 PM","Rahim Yar Khan"
"258811","Muhammad Fiaz","DR-206","EMDS Call","Medical Emergency","Others","2026/01/03 06:36:59 PM","Rahim Yar Khan"
"258812","Muhammad Fiaz","DR-206","EMDS Call","Road Crash","Severe Trauma","2026/01/03 06:48:45 PM","Sadiqabad"
"258814","Sheeza Barkat","MR-5331","EMDS Call","Road Crash","Minor Injuries","2026/01/03 06:52:47 PM","Liaqatpur"
"258813","Shahla Nawaz","DR-185","EMDS Call","Medical Emergency","Others","2026/01/03 06:52:30 PM","Sadiqabad"
"258815","Sheeza Barkat","MR-5331","EMDS Call","Medical Emergency","Abdominal Pain","2026/01/03 07:02:01 PM","Sadiqabad"
"258816","Sheeza Barkat","MR-5331","EMDS Call","Road Crash","Severe Trauma","2026/01/03 07:09:28 PM","Rahim Yar Khan"
"75192","Bushra Saleem","MR-5701","Direct Call","Patient Transfer Service","N/A","2026/01/03 07:25:42 PM","Khanpur"
"75193","Bushra Saleem","MR-5701","Direct Call","Patient Transfer Service","N/A","2026/01/03 07:37:58 PM","Sadiqabad"
"258817","Bushra Saleem","MR-5701","EMDS Call","Medical Emergency","Hypertension","2026/01/03 07:46:44 PM","Khanpur"
"258818","Sheeza Barkat","MR-5331","EMDS Call","Medical Emergency","Abdominal Pain","2026/01/03 07:49:45 PM","Rahim Yar Khan"
"258819","Shahla Nawaz","DR-185","EMDS Call","Medical Emergency","CVA/Stroke","2026/01/03 07:53:33 PM","Rahim Yar Khan"
"258820","Sheeza Barkat","MR-5331","EMDS Call","Medical Emergency","Chest Pain","2026/01/03 07:59:31 PM","Khanpur"
"258821","Sheeza Barkat","MR-5331","EMDS Call","Medical Emergency","High Fever","2026/01/03 08:09:02 PM","Rahim Yar Khan"
"258822","Bushra Saleem","MR-5701","EMDS Call","Medical Emergency","Domestic Injuries","2026/01/03 08:17:05 PM","Rahim Yar Khan"
"258823","Sheeza Barkat","MR-5331","EMDS Call","Medical Emergency","Joints Pain","2026/01/03 08:20:59 PM","Rahim Yar Khan"
"258824","Sheeza Barkat","MR-5331","EMDS Call","Medical Emergency","Others","2026/01/03 08:25:33 PM","Rahim Yar Khan"
"258825","Bushra Saleem","MR-5701","EMDS Call","Medical Emergency","Chest Pain","2026/01/03 08:45:44 PM","Rahim Yar Khan"
"258826","Shahla Nawaz","DR-185","EMDS Call","Road Crash","Minor Injuries","2026/01/03 08:48:57 PM","Rahim Yar Khan"
"258827","Muhammad Zubair","DR-894","Direct Call","Rescue Operations","Mass Event Coverage","2026/01/03 08:52:36 PM","Rahim Yar Khan"
"258828","Bushra Saleem","MR-5701","EMDS Call","Medical Emergency","Abdominal Pain","2026/01/03 08:52:37 PM","Khanpur"
"258829","Maheen Tahir","MR-6017","EMDS Call","Medical Emergency","SOB/ Respiratory Distress","2026/01/03 09:00:56 PM","Khanpur"
"258830","Maheen Tahir","MR-6017","EMDS Call","Medical Emergency","Others","2026/01/03 09:07:41 PM","Sadiqabad"
"258831","Zahid Manzoor","DR-887","EMDS Call","Medical Emergency","Chest Pain","2026/01/03 09:09:12 PM","Liaqatpur"
"258832","Farah Sadaqat","MR-5930","EMDS Call","Medical Emergency","Others","2026/01/03 09:08:56 PM","Sadiqabad"
"258833","Maheen Tahir","MR-6017","EMDS Call","Medical Emergency","SOB/ Respiratory Distress","2026/01/03 09:10:32 PM","Rahim Yar Khan"
"258834","Zahid Manzoor","DR-887","EMDS Call","Medical Emergency","Chest Pain","2026/01/03 09:10:42 PM","Rahim Yar Khan"
"75194","Maheen Tahir","MR-6017","Direct Call","Patient Transfer Service","N/A","2026/01/03 09:17:10 PM","Liaqatpur"
"258835","Zahid Manzoor","DR-887","Direct Call","Medical Emergency","Others","2026/01/03 09:17:32 PM","Rahim Yar Khan"
"258836","Farah Sadaqat","MR-5930","EMDS Call","Medical Emergency","Vomiting","2026/01/03 09:13:39 PM","Rahim Yar Khan"
"258837","Zahid Manzoor","DR-887","EMDS Call","Medical Emergency","SOB/ Respiratory Distress","2026/01/03 09:26:42 PM","Sadiqabad"
"258838","Zahid Manzoor","DR-887","EMDS Call","Medical Emergency","SOB/ Respiratory Distress","2026/01/03 09:30:20 PM","Sadiqabad"
"258839","Maheen Tahir","MR-6017","EMDS Call","Medical Emergency","Hypertension","2026/01/03 09:31:54 PM","Sadiqabad"
"258840","Zahid Manzoor","DR-887","EMDS Call","Medical Emergency","Others","2026/01/03 09:39:38 PM","Rahim Yar Khan"
"258841","Maheen Tahir","MR-6017","EMDS Call","Rescue Operations","Delivery Case","2026/01/03 09:45:31 PM","Rahim Yar Khan"
"258842","Farah Sadaqat","MR-5930","EMDS Call","Crime","Probable Suicide","2026/01/03 09:52:07 PM","Sadiqabad"
"258843","Zahid Manzoor","DR-887","EMDS Call","Medical Emergency","Others","2026/01/03 09:54:13 PM","Rahim Yar Khan"
"258844","Maheen Tahir","MR-6017","EMDS Call","Medical Emergency","Vomiting","2026/01/03 10:19:32 PM","Rahim Yar Khan"
"258845","Farah Sadaqat","MR-5930","EMDS Call","Medical Emergency","SOB/ Respiratory Distress","2026/01/03 10:28:14 PM","Sadiqabad"
"258846","Maheen Tahir","MR-6017","Direct Call","Rescue Operations","Mass Event Coverage","2026/01/03 10:33:57 PM","Khanpur"
"258847","Farah Sadaqat","MR-5930","EMDS Call","Medical Emergency","Abdominal Pain","2026/01/03 10:35:13 PM","Sadiqabad"
"75195","Maheen Tahir","MR-6017","Direct Call","Patient Transfer Service","N/A","2026/01/03 10:39:01 PM","Khanpur"
"258848","Maheen Tahir","MR-6017","EMDS Call","Medical Emergency","Chest Pain","2026/01/03 10:39:06 PM","Rahim Yar Khan"
"258849","Farah Sadaqat","MR-5930","EMDS Call","Medical Emergency","SOB/ Respiratory Distress","2026/01/03 10:40:19 PM","Rahim Yar Khan"
"258851","Farah Sadaqat","MR-5930","EMDS Call","Medical Emergency","SOB/ Respiratory Distress","2026/01/03 10:49:00 PM","Rahim Yar Khan"
"75196","Maheen Tahir","MR-6017","Direct Call","Patient Transfer Service","N/A","2026/01/03 10:54:56 PM","Khanpur"
"258850","Maheen Tahir","MR-6017","EMDS Call","Medical Emergency","Hypertension","2026/01/03 10:55:59 PM","Rahim Yar Khan"
"258852","Farah Sadaqat","MR-5930","EMDS Call","Medical Emergency","Chest Pain","2026/01/03 11:11:52 PM","Sadiqabad"
"258854","Farah Sadaqat","MR-5930","EMDS Call","Medical Emergency","SOB/ Respiratory Distress","2026/01/03 11:29:17 PM","Rahim Yar Khan"
"258853","Maheen Tahir","MR-6017","EMDS Call","Medical Emergency","Renal Disorders / Renal Colic ","2026/01/03 11:33:04 PM","Rahim Yar Khan"
"258855","Maheen Tahir","MR-6017","EMDS Call","Medical Emergency","SOB/ Respiratory Distress","2026/01/03 11:36:10 PM","Liaqatpur"
"258856","Maheen Tahir","MR-6017","EMDS Call","Medical Emergency","Others","2026/01/03 11:43:22 PM","Rahim Yar Khan"
"258857","Maheen Tahir","MR-6017","EMDS Call","Medical Emergency","Others","2026/01/03 11:59:42 PM","Rahim Yar Khan"
"75197","Maheen Tahir","MR-6017","Direct Call","Patient Transfer Service","N/A","2026/01/04 12:03:09 AM","Sadiqabad"
"258858","Farah Sadaqat","MR-5930","EMDS Call","Medical Emergency","Others","2026/01/04 12:14:20 AM","Rahim Yar Khan"
"258859","Zahid Manzoor","DR-887","EMDS Call","Medical Emergency","SOB/ Respiratory Distress","2026/01/04 12:18:45 AM","Rahim Yar Khan"
"258860","Farah Sadaqat","MR-5930","EMDS Call","Medical Emergency","Chest Pain","2026/01/04 12:22:12 AM","Rahim Yar Khan"
"258861","Maheen Tahir","MR-6017","Direct Call","Rescue Operations","Mass Event Coverage","2026/01/04 12:28:07 AM","Rahim Yar Khan"
"258862","Zahid Manzoor","DR-887","EMDS Call","Medical Emergency","SOB/ Respiratory Distress","2026/01/04 01:16:37 AM","Rahim Yar Khan"
"258863","Maheen Tahir","MR-6017","EMDS Call","Medical Emergency","Others","2026/01/04 01:25:06 AM","Rahim Yar Khan"
"258864","Maheen Tahir","MR-6017","Direct Call","Rescue Operations","Mass Event Coverage","2026/01/04 01:42:29 AM","Khanpur"
"258865","Farah Sadaqat","MR-5930","EMDS Call","Rescue Operations","Delivery Case","2026/01/04 01:46:45 AM","Khanpur"
"258866","Zahid Manzoor","DR-887","EMDS Call","Medical Emergency","SOB/ Respiratory Distress","2026/01/04 02:20:36 AM","Sadiqabad"
"258867","Maheen Tahir","MR-6017","EMDS Call","Medical Emergency","Unconscious","2026/01/04 02:22:40 AM","Rahim Yar Khan"
"258868","Farah Sadaqat","MR-5930","EMDS Call","Medical Emergency","Diabetic","2026/01/04 02:24:16 AM","Rahim Yar Khan"
"258869","Maheen Tahir","MR-6017","EMDS Call","Crime","Probable Suicide","2026/01/04 02:33:00 AM","Sadiqabad"
"258870","Farah Sadaqat","MR-5930","EMDS Call","Medical Emergency","Chest Pain","2026/01/04 02:36:51 AM","Khanpur"
"258871","Zahid Manzoor","DR-887","EMDS Call","Crime","Probable Suicide","2026/01/04 03:05:47 AM","Liaqatpur"
"258872","Maheen Tahir","MR-6017","EMDS Call","Medical Emergency","Others","2026/01/04 03:23:33 AM","Rahim Yar Khan"
"258873","Muhammad Zubair","DR-894","EMDS Call","Medical Emergency","SOB/ Respiratory Distress","2026/01/04 03:51:08 AM","Rahim Yar Khan"
"258874","Saira Bibi","MR-5494","EMDS Call","Medical Emergency","Vomiting","2026/01/04 04:02:45 AM","Rahim Yar Khan"
"258875","Shaheen Islam","DR-1171","EMDS Call","Medical Emergency","Others","2026/01/04 04:04:31 AM","Rahim Yar Khan"
"258876","Muhammad Zubair","DR-894","EMDS Call","Medical Emergency","Abdominal Pain","2026/01/04 04:08:07 AM","Khanpur"
"258877","Saira Bibi","MR-5494","EMDS Call","Medical Emergency","Hypertension","2026/01/04 04:24:13 AM","Rahim Yar Khan"
"258878","Shaheen Islam","DR-1171","EMDS Call","Medical Emergency","Hypertension","2026/01/04 04:28:27 AM","Rahim Yar Khan"
"258879","Muhammad Zubair","DR-894","EMDS Call","Medical Emergency","Others","2026/01/04 04:31:17 AM","Sadiqabad"
"258880","Shaheen Islam","DR-1171","EMDS Call","Medical Emergency","Others","2026/01/04 04:48:01 AM","Rahim Yar Khan"
"258881","Muhammad Zubair","DR-894","EMDS Call","Medical Emergency","High Fever","2026/01/04 04:59:43 AM","Sadiqabad"
"258882","Shaheen Islam","DR-1171","EMDS Call","Medical Emergency","High Fever","2026/01/04 05:27:24 AM","Rahim Yar Khan"
"258883","Muhammad Zubair","DR-894","EMDS Call","Rescue Operations","Delivery Case","2026/01/04 05:29:42 AM","Liaqatpur"
"258884","Saira Bibi","MR-5494","EMDS Call","Rescue Operations","Delivery Case","2026/01/04 05:41:06 AM","Khanpur"
"258885","Muhammad Zubair","DR-894","EMDS Call","Medical Emergency","Hypertension","2026/01/04 05:50:21 AM","Rahim Yar Khan"
"258886","Saira Bibi","MR-5494","EMDS Call","Medical Emergency","Unconscious","2026/01/04 06:03:36 AM","Rahim Yar Khan"
"258887","Muhammad Zubair","DR-894","EMDS Call","Medical Emergency","Hypertension","2026/01/04 06:03:25 AM","Rahim Yar Khan"
"258888","Shaheen Islam","DR-1171","EMDS Call","Fire","Short Circuit","2026/01/04 06:25:00 AM","Khanpur"
"258889","Saira Bibi","MR-5494","EMDS Call","Medical Emergency","Abdominal Pain","2026/01/04 06:33:06 AM","Rahim Yar Khan"
"258890","Muhammad Zubair","DR-894","EMDS Call","Road Crash","Minor Injuries","2026/01/04 06:51:03 AM","Khanpur"
"258891","Shaheen Islam","DR-1171","EMDS Call","Medical Emergency","Others","2026/01/04 06:54:53 AM","Rahim Yar Khan"
"258892","Saira Bibi","MR-5494","EMDS Call","Medical Emergency","Others","2026/01/04 07:02:26 AM","Sadiqabad"
"258893","Shaheen Islam","DR-1171","EMDS Call","Rescue Operations","Delivery Case","2026/01/04 07:14:33 AM","Sadiqabad"
"258894","Muhammad Zubair","DR-894","EMDS Call","Medical Emergency","CVA/Stroke","2026/01/04 07:14:52 AM","Liaqatpur"
"Not Assigned","Shaheen Islam","DR-1171","EMDS Call","Medical Emergency","Diarrhea","2026/01/04 07:26:51 AM","Khanpur"
"258896","Muhammad Zubair","DR-894","EMDS Call","Medical Emergency","SOB/ Respiratory Distress","2026/01/04 07:32:14 AM","Rahim Yar Khan"
"75198","Saima Bashir","MR-5819","Direct Call","Patient Transfer Service","N/A","2026/01/04 08:04:56 AM","Sadiqabad"
"258897","Saima Bashir","MR-5819","EMDS Call","Medical Emergency","SOB/ Respiratory Distress","2026/01/04 08:10:26 AM","Rahim Yar Khan"
"258898","Fahad Hussain","DR-538","EMDS Call","Road Crash","Minor Injuries","2026/01/04 08:11:08 AM","Rahim Yar Khan"
"258899","Zupasha Zia","MR-5758","Direct Call","Medical Emergency","Chest Pain","2026/01/04 08:17:42 AM","Rahim Yar Khan"
"258900","Fahad Hussain","DR-538","EMDS Call","Medical Emergency","Others","2026/01/04 08:16:40 AM","Rahim Yar Khan"
"258901","Saima Bashir","MR-5819","EMDS Call","Rescue Operations","Delivery Case","2026/01/04 08:19:08 AM","Khanpur"
"258902","Fahad Hussain","DR-538","EMDS Call","Medical Emergency","Diabetic","2026/01/04 08:27:07 AM","Rahim Yar Khan"
"258903","Zupasha Zia","MR-5758","EMDS Call","Medical Emergency","Others","2026/01/04 08:30:57 AM","Rahim Yar Khan"
"258904","Aasia Batool","MR-5198","EMDS Call","Medical Emergency","Others","2026/01/04 08:37:15 AM","Rahim Yar Khan"
"258905","Zupasha Zia","MR-5758","Direct Call","Rescue Operations","Others","2026/01/04 08:38:18 AM","Sadiqabad"
"75199","Saima Bashir","MR-5819","Direct Call","Patient Transfer Service","N/A","2026/01/04 08:40:36 AM","Sadiqabad"
"258906","Zupasha Zia","MR-5758","EMDS Call","Medical Emergency","Others","2026/01/04 08:40:24 AM","Rahim Yar Khan"
"258907","Aasia Batool","MR-5198","EMDS Call","Medical Emergency","Joints Pain","2026/01/04 08:45:47 AM","Sadiqabad"
"258908","Muhammad Rashid Saleem","DR-187","EMDS Call","Medical Emergency","Vomiting","2026/01/04 08:51:25 AM","Rahim Yar Khan"
"258909","Fahad Hussain","DR-538","EMDS Call","Medical Emergency","Vomiting","2026/01/04 08:59:44 AM","Rahim Yar Khan"
"258910","Muhammad Rashid Saleem","DR-187","EMDS Call","Medical Emergency","Hypertension","2026/01/04 09:08:40 AM","Rahim Yar Khan"
"75200","Fahad Hussain","DR-538","Direct Call","Patient Transfer Service","N/A","2026/01/04 09:14:51 AM","Liaqatpur"
"258911","Saima Bashir","MR-5819","EMDS Call","Medical Emergency","Others","2026/01/04 09:27:48 AM","Rahim Yar Khan"
"258912","Zupasha Zia","MR-5758","EMDS Call","Crime","Physical Assault/Violence","2026/01/04 09:53:12 AM","Khanpur"
"258912","Zupasha Zia","MR-5758","EMDS Call","Crime","Physical Assault/Violence","2026/01/04 09:53:12 AM","Khanpur"
"258912","Zupasha Zia","MR-5758","EMDS Call","Crime","Physical Assault/Violence","2026/01/04 09:53:12 AM","Khanpur"
"258912","Zupasha Zia","MR-5758","EMDS Call","Crime","Physical Assault/Violence","2026/01/04 09:53:12 AM","Khanpur"
"258912","Zupasha Zia","MR-5758","EMDS Call","Crime","Physical Assault/Violence","2026/01/04 09:53:12 AM","Khanpur"
"75201","Zupasha Zia","MR-5758","Direct Call","Patient Transfer Service","N/A","2026/01/04 10:01:21 AM","Khanpur"
"258913","Zupasha Zia","MR-5758","EMDS Call","Rescue Operations","Animal/Bird Rescue","2026/01/04 10:02:22 AM","Sadiqabad"
"258914","Aasia Batool","MR-5198","EMDS Call","Medical Emergency","Chest Pain","2026/01/04 10:08:55 AM","Khanpur"
"258915","Muhammad ALi","DR-818","EMDS Call","Medical Emergency","Abdominal Pain","2026/01/04 10:10:54 AM","Rahim Yar Khan"
"258916","Zupasha Zia","MR-5758","EMDS Call","Medical Emergency","Vomiting","2026/01/04 10:21:59 AM","Rahim Yar Khan"
"258917","Muhammad ALi","DR-818","EMDS Call","Medical Emergency","Hypertension","2026/01/04 10:28:14 AM","Liaqatpur"
"258918","Aasia Batool","MR-5198","EMDS Call","Fall","Fall From Roof","2026/01/04 10:41:01 AM","Rahim Yar Khan"
"258919","Muhammad ALi","DR-818","EMDS Call","Medical Emergency","CVA/Stroke","2026/01/04 10:40:07 AM","Rahim Yar Khan"
"75202","Zupasha Zia","MR-5758","Direct Call","Patient Transfer Service","N/A","2026/01/04 10:45:56 AM","Sadiqabad"
"258920","Muhammad Rashid Saleem","DR-187","EMDS Call","Medical Emergency","High Fever","2026/01/04 10:56:23 AM","Liaqatpur"
"75203","Zupasha Zia","MR-5758","Direct Call","Patient Transfer Service","N/A","2026/01/04 10:59:56 AM","Sadiqabad"
"258921","Aasia Batool","MR-5198","EMDS Call","Medical Emergency","Hypotension","2026/01/04 11:00:18 AM","Liaqatpur"
"258922","Zupasha Zia","MR-5758","EMDS Call","Medical Emergency","Abdominal Pain","2026/01/04 11:06:28 AM","Khanpur"
"258923","Muhammad ALi","DR-818","EMDS Call","Road Crash","Multiple Fractures","2026/01/04 11:06:49 AM","Sadiqabad"
"258924","Muhammad ALi","DR-818","Direct Call","Rescue Operations","Others","2026/01/04 11:17:09 AM","Liaqatpur"
"258925","Muhammad ALi","DR-818","EMDS Call","Medical Emergency","Others","2026/01/04 11:21:15 AM","Khanpur"
"258928","Zupasha Zia","MR-5758","EMDS Call","Medical Emergency","Chest Pain","2026/01/04 11:22:55 AM","Rahim Yar Khan"
"258927","Muhammad Rashid Saleem","DR-187","EMDS Call","Medical Emergency","Others","2026/01/04 11:24:15 AM","Sadiqabad"
"258926","Aasia Batool","MR-5198","EMDS Call","Medical Emergency","Diabetic","2026/01/04 11:24:03 AM","Khanpur"
"258929","Aasia Batool","MR-5198","EMDS Call","Road Crash","Bleeding","2026/01/04 11:28:19 AM","Rahim Yar Khan"
"258930","Zupasha Zia","MR-5758","EMDS Call","Medical Emergency","Hypertension","2026/01/04 11:35:38 AM","Liaqatpur"
"258931","Muhammad ALi","DR-818","EMDS Call","Medical Emergency","Diabetic","2026/01/04 11:45:45 AM","Rahim Yar Khan"
"258932","Zupasha Zia","MR-5758","EMDS Call","Medical Emergency","Hypertension","2026/01/04 11:46:30 AM","Rahim Yar Khan"
"258933","Aasia Batool","MR-5198","EMDS Call","Medical Emergency","SOB/ Respiratory Distress","2026/01/04 11:45:12 AM","Rahim Yar Khan"
"258934","Muhammad Rashid Saleem","DR-187","EMDS Call","Medical Emergency","Others","2026/01/04 11:55:21 AM","Rahim Yar Khan"
"258935","Zupasha Zia","MR-5758","EMDS Call","Medical Emergency","Epilepsy","2026/01/04 11:58:33 AM","Sadiqabad"
"258936","Muhammad ALi","DR-818","EMDS Call","Medical Emergency","Others","2026/01/04 11:58:28 AM","Rahim Yar Khan"
"258937","Muhammad ALi","DR-818","EMDS Call","Medical Emergency","Others","2026/01/04 12:03:40 PM","Rahim Yar Khan"
"258938","Aasia Batool","MR-5198","EMDS Call","Medical Emergency","SOB/ Respiratory Distress","2026/01/04 12:09:44 PM","Sadiqabad"
"258939","Muhammad ALi","DR-818","EMDS Call","Road Crash","Minor Injuries","2026/01/04 12:11:53 PM","Rahim Yar Khan"
"258940","Saima Bashir","MR-5819","EMDS Call","Medical Emergency","Others","2026/01/04 12:13:37 PM","Rahim Yar Khan"
"258941","Muhammad ALi","DR-818","EMDS Call","Medical Emergency","Others","2026/01/04 12:21:01 PM","Rahim Yar Khan"
"258942","Muhammad Rashid Saleem","DR-187","EMDS Call","Rescue Operations","Delivery Case","2026/01/04 12:39:05 PM","Sadiqabad"
"258943","Muhammad Rashid Saleem","DR-187","EMDS Call","Medical Emergency","High Fever","2026/01/04 12:45:50 PM","Rahim Yar Khan"
"258944","Saima Bashir","MR-5819","EMDS Call","Road Crash","Bleeding","2026/01/04 12:47:36 PM","Rahim Yar Khan"
"258945","Aasia Batool","MR-5198","EMDS Call","Medical Emergency","Others","2026/01/04 12:50:14 PM","Rahim Yar Khan"
"258946","Muhammad ALi","DR-818","EMDS Call","Road Crash","Minor Injuries","2026/01/04 12:58:34 PM","Khanpur"
"258946","Muhammad ALi","DR-818","EMDS Call","Road Crash","Minor Injuries","2026/01/04 12:58:34 PM","Khanpur"
"258947","Aasia Batool","MR-5198","Direct Call","Medical Emergency","Diabetic","2026/01/04 01:11:27 PM","Rahim Yar Khan"
"258948","Zupasha Zia","MR-5758","EMDS Call","Medical Emergency","Others","2026/01/04 01:11:22 PM","Rahim Yar Khan"
"258949","Muhammad ALi","DR-818","EMDS Call","Medical Emergency","Vomiting","2026/01/04 01:18:01 PM","Rahim Yar Khan"
"258950","Aasia Batool","MR-5198","EMDS Call","Medical Emergency","Others","2026/01/04 01:21:23 PM","Sadiqabad"
"Not Assigned","Muhammad ALi","DR-818","EMDS Call","Fire","Others","2026/01/04 01:29:20 PM","Sadiqabad"
"258952","Saima Bashir","MR-5819","EMDS Call","Medical Emergency","SOB/ Respiratory Distress","2026/01/04 01:30:17 PM","Liaqatpur"
"258951","Aasia Batool","MR-5198","EMDS Call","Medical Emergency","Chronic Illness","2026/01/04 01:27:52 PM","Rahim Yar Khan"
"258954","Zupasha Zia","MR-5758","EMDS Call","Medical Emergency","SOB/ Respiratory Distress","2026/01/04 01:32:51 PM","Sadiqabad"
"258955","Muhammad ALi","DR-818","EMDS Call","Road Crash","Bleeding","2026/01/04 01:36:40 PM","Sadiqabad"
"258955","Muhammad ALi","DR-818","EMDS Call","Road Crash","Bleeding","2026/01/04 01:36:40 PM","Sadiqabad"
"258956","Aasia Batool","MR-5198","EMDS Call","Medical Emergency","Others","2026/01/04 01:52:34 PM","Sadiqabad"
"258957","Zupasha Zia","MR-5758","EMDS Call","Medical Emergency","Backache","2026/01/04 01:54:32 PM","Rahim Yar Khan"
"258958","Rana M. Usman","DR-200","EMDS Call","Medical Emergency","Vomiting","2026/01/04 01:56:00 PM","Sadiqabad"
"258959","Rana M. Usman","DR-200","EMDS Call","Road Crash","Minor Injuries","2026/01/04 02:04:59 PM","Liaqatpur"
"258960","Muhammad Fiaz","DR-206","EMDS Call","Medical Emergency","High Fever","2026/01/04 02:09:47 PM","Khanpur"
"258961","Rana M. Usman","DR-200","EMDS Call","Road Crash","Severe Trauma","2026/01/04 02:17:44 PM","Rahim Yar Khan"
"258962","Sheeza Barkat","MR-5331","EMDS Call","Medical Emergency","High Fever","2026/01/04 02:19:39 PM","Rahim Yar Khan"
"258963","Muhammad Fiaz","DR-206","EMDS Call","Medical Emergency","Epilepsy","2026/01/04 02:19:34 PM","Rahim Yar Khan"
"258964","Sheeza Barkat","MR-5331","EMDS Call","Medical Emergency","Others","2026/01/04 02:28:14 PM","Rahim Yar Khan"
"258965","Rana M. Usman","DR-200","EMDS Call","Medical Emergency","Chest Pain","2026/01/04 02:32:08 PM","Rahim Yar Khan"
"258966","Muhammad Fiaz","DR-206","EMDS Call","Medical Emergency","Abdominal Pain","2026/01/04 02:33:23 PM","Liaqatpur"
"258967","Rana M. Usman","DR-200","EMDS Call","Road Crash","Severe Trauma","2026/01/04 02:35:43 PM","Sadiqabad"
"258967","Rana M. Usman","DR-200","EMDS Call","Road Crash","Severe Trauma","2026/01/04 02:35:43 PM","Sadiqabad"
"258968","Muhammad Fiaz","DR-206","EMDS Call","Medical Emergency","Domestic Injuries","2026/01/04 02:37:17 PM","Sadiqabad"
"258969","Muhammad Fiaz","DR-206","EMDS Call","Medical Emergency","Others","2026/01/04 02:40:50 PM","Rahim Yar Khan"
"258970","Muhammad Fiaz","DR-206","EMDS Call","Road Crash","Bleeding","2026/01/04 02:44:46 PM","Khanpur"
"75204","Rana M. Usman","DR-200","Direct Call","Patient Transfer Service","N/A","2026/01/04 02:47:24 PM","Sadiqabad"
"258971","Rana M. Usman","DR-200","EMDS Call","Medical Emergency","SOB/ Respiratory Distress","2026/01/04 02:53:57 PM","Sadiqabad"
"75205","Sheeza Barkat","MR-5331","Direct Call","Patient Transfer Service","N/A","2026/01/04 02:55:04 PM","Khanpur"
"75206","Muhammad Fiaz","DR-206","Direct Call","Patient Transfer Service","N/A","2026/01/04 03:00:08 PM","Sadiqabad"
"258972","Bushra Saleem","MR-5701","EMDS Call","Medical Emergency","Chest Pain","2026/01/04 03:02:29 PM","Rahim Yar Khan"
"75207","Rana M. Usman","DR-200","Direct Call","Patient Transfer Service","N/A","2026/01/04 03:05:26 PM","Sadiqabad"
"258973","Rana M. Usman","DR-200","EMDS Call","Medical Emergency","Diabetic","2026/01/04 03:08:34 PM","Rahim Yar Khan"
"75208","Rana M. Usman","DR-200","Direct Call","Patient Transfer Service","N/A","2026/01/04 03:11:24 PM","Khanpur"
"258974","Muhammad Fiaz","DR-206","EMDS Call","Rescue Operations","Work/Occupational Injuries","2026/01/04 03:10:53 PM","Khanpur"
"258975","Bushra Saleem","MR-5701","EMDS Call","Medical Emergency","Epilepsy","2026/01/04 03:11:08 PM","Khanpur"
"258976","Muhammad Fiaz","DR-206","EMDS Call","Medical Emergency","Hypertension","2026/01/04 03:29:44 PM","Rahim Yar Khan"
"258977","Bushra Saleem","MR-5701","EMDS Call","Medical Emergency","Others","2026/01/04 03:24:39 PM","Khanpur"
"258981","Sheeza Barkat","MR-5331","EMDS Call","Medical Emergency","SOB/ Respiratory Distress","2026/01/04 03:41:56 PM","Rahim Yar Khan"
"258978","Bushra Saleem","MR-5701","EMDS Call","Road Crash","Minor Injuries","2026/01/04 03:42:53 PM","Sadiqabad"
"258979","Muhammad Fiaz","DR-206","EMDS Call","Road Crash","Severe Trauma","2026/01/04 03:44:00 PM","Khanpur"
"258979","Muhammad Fiaz","DR-206","EMDS Call","Road Crash","Severe Trauma","2026/01/04 03:44:00 PM","Khanpur"
"258980","Bushra Saleem","MR-5701","EMDS Call","Medical Emergency","Domestic Injuries","2026/01/04 03:44:56 PM","Liaqatpur"
"258982","Muhammad Fiaz","DR-206","EMDS Call","Medical Emergency","High Fever","2026/01/04 03:47:30 PM","Khanpur"
"258983","Bushra Saleem","MR-5701","EMDS Call","Medical Emergency","Others","2026/01/04 04:01:50 PM","Rahim Yar Khan"
"258984","Sheeza Barkat","MR-5331","EMDS Call","Medical Emergency","Epilepsy","2026/01/04 04:07:55 PM","Liaqatpur"
"258985","Adil Iqbal","DR-782","EMDS Call","Medical Emergency","Vomiting","2026/01/04 04:12:55 PM","Rahim Yar Khan"
"258986","Sheeza Barkat","MR-5331","EMDS Call","Medical Emergency","Vomiting","2026/01/04 04:17:39 PM","Liaqatpur"
"258987","Bushra Saleem","MR-5701","EMDS Call","Medical Emergency","Vomiting","2026/01/04 04:19:12 PM","Rahim Yar Khan"
"258988","Sheeza Barkat","MR-5331","EMDS Call","Road Crash","Severe Trauma","2026/01/04 04:26:28 PM","Sadiqabad"
"258988","Sheeza Barkat","MR-5331","EMDS Call","Road Crash","Severe Trauma","2026/01/04 04:26:28 PM","Sadiqabad"
"258989","Sheeza Barkat","MR-5331","EMDS Call","Road Crash","Bleeding","2026/01/04 04:34:16 PM","Sadiqabad"
"258990","Bushra Saleem","MR-5701","EMDS Call","Medical Emergency","Hypertension","2026/01/04 04:45:29 PM","Khanpur"
"258991","Muhammad Fiaz","DR-206","EMDS Call","Road Crash","Minor Injuries","2026/01/04 04:50:28 PM","Rahim Yar Khan"
"258992","Bushra Saleem","MR-5701","EMDS Call","Medical Emergency","Unconscious","2026/01/04 04:50:56 PM","Rahim Yar Khan"
"258993","Muhammad Fiaz","DR-206","EMDS Call","Road Crash","Minor Injuries","2026/01/04 04:57:45 PM","Sadiqabad"
"258994","Muhammad Fiaz","DR-206","Direct Call","Medical Emergency","Hypertension","2026/01/04 04:59:57 PM","Sadiqabad"
"75209","Bushra Saleem","MR-5701","Direct Call","Patient Transfer Service","N/A","2026/01/04 05:02:37 PM","Khanpur"
"Not Assigned","Muhammad Fiaz","DR-206","Direct Call","Community","Community Training","2026/01/04 05:03:09 PM","Rahim Yar Khan"
"75210","Bushra Saleem","MR-5701","Direct Call","Patient Transfer Service","N/A","2026/01/04 05:11:12 PM","Khanpur"
"258996","Muhammad Fiaz","DR-206","EMDS Call","Medical Emergency","Hypotension","2026/01/04 05:15:53 PM","Rahim Yar Khan"
"258997","Sheeza Barkat","MR-5331","EMDS Call","Medical Emergency","Diabetic","2026/01/04 05:22:46 PM","Sadiqabad"
"258998","Muhammad Fiaz","DR-206","EMDS Call","Medical Emergency","SOB/ Respiratory Distress","2026/01/04 05:25:40 PM","Sadiqabad"
"258999","Muhammad Fiaz","DR-206","EMDS Call","Road Crash","Bleeding","2026/01/04 05:28:11 PM","Rahim Yar Khan"
"259000","Muhammad Fiaz","DR-206","EMDS Call","Medical Emergency","Unconscious","2026/01/04 05:36:07 PM","Sadiqabad"
"259001","Sheeza Barkat","MR-5331","EMDS Call","Medical Emergency","Others","2026/01/04 05:42:13 PM","Rahim Yar Khan"
"259002","Sheeza Barkat","MR-5331","EMDS Call","Rescue Operations","Snake Emergency","2026/01/04 05:44:54 PM","Khanpur"
"259003","Muhammad Fiaz","DR-206","EMDS Call","Medical Emergency","Vomiting","2026/01/04 05:42:36 PM","Rahim Yar Khan"
"259004","Bushra Saleem","MR-5701","EMDS Call","Medical Emergency","Diabetic","2026/01/04 05:53:12 PM","Rahim Yar Khan"
"259005","Sheeza Barkat","MR-5331","EMDS Call","Medical Emergency","Renal Disorders / Renal Colic ","2026/01/04 05:56:33 PM","Khanpur"
"259006","Bushra Saleem","MR-5701","EMDS Call","Medical Emergency","Others","2026/01/04 05:57:43 PM","Khanpur"
"259007","Sheeza Barkat","MR-5331","EMDS Call","Medical Emergency","Others","2026/01/04 06:00:35 PM","Rahim Yar Khan"
"259009","Sheeza Barkat","MR-5331","EMDS Call","Medical Emergency","Others","2026/01/04 06:02:58 PM","Khanpur"
"259008","Muhammad Fiaz","DR-206","EMDS Call","Road Crash","Minor Injuries","2026/01/04 06:03:45 PM","Rahim Yar Khan"
"259010","Muhammad Fiaz","DR-206","EMDS Call","Road Crash","Bleeding","2026/01/04 06:06:49 PM","Rahim Yar Khan"
"259011","Muhammad Fiaz","DR-206","EMDS Call","Medical Emergency","Unconscious","2026/01/04 06:12:35 PM","Sadiqabad"
"259012","Bushra Saleem","MR-5701","EMDS Call","Medical Emergency","Unconscious","2026/01/04 06:15:24 PM","Sadiqabad"
"259013","Rana M. Usman","DR-200","EMDS Call","Road Crash","Minor Injuries","2026/01/04 06:20:25 PM","Rahim Yar Khan"
"259014","Muhammad Fiaz","DR-206","EMDS Call","Medical Emergency","Vomiting","2026/01/04 06:25:37 PM","Rahim Yar Khan"
"75211","Rana M. Usman","DR-200","Direct Call","Patient Transfer Service","N/A","2026/01/04 06:29:38 PM","Sadiqabad"
"259015","Rana M. Usman","DR-200","EMDS Call","Medical Emergency","Others","2026/01/04 06:35:38 PM","Khanpur"
"259016","Rana M. Usman","DR-200","EMDS Call","Fire","Short Circuit","2026/01/04 06:40:08 PM","Rahim Yar Khan"
"259017","Rana M. Usman","DR-200","EMDS Call","Medical Emergency","Hypertension","2026/01/04 06:48:17 PM","Rahim Yar Khan"
"259018","Muhammad Fiaz","DR-206","EMDS Call","Medical Emergency","Others","2026/01/04 06:55:25 PM","Sadiqabad"
"259019","Rana M. Usman","DR-200","EMDS Call","Medical Emergency","Renal Disorders / Renal Colic ","2026/01/04 06:55:34 PM","Rahim Yar Khan"
"259020","Bushra Saleem","MR-5701","EMDS Call","Road Crash","Bleeding","2026/01/04 07:09:16 PM","Khanpur"
"259021","Rana M. Usman","DR-200","EMDS Call","Rescue Operations","Delivery Case","2026/01/04 07:15:13 PM","Rahim Yar Khan"
"259022","Bushra Saleem","MR-5701","EMDS Call","Medical Emergency","SOB/ Respiratory Distress","2026/01/04 07:29:25 PM","Sadiqabad"
"259023","Muhammad Fiaz","DR-206","EMDS Call","Medical Emergency","Hypertension","2026/01/04 07:31:24 PM","Rahim Yar Khan"
"259024","Rana M. Usman","DR-200","EMDS Call","Medical Emergency","Unconscious","2026/01/04 07:32:26 PM","Sadiqabad"
"259025","Bushra Saleem","MR-5701","Direct Call","Medical Emergency","Others","2026/01/04 07:35:07 PM","Rahim Yar Khan"
"259026","Adil Iqbal","DR-782","EMDS Call","Medical Emergency","Hypertension","2026/01/04 07:38:49 PM","Liaqatpur"
"259027","Adil Iqbal","DR-782","EMDS Call","Medical Emergency","Others","2026/01/04 07:41:48 PM","Rahim Yar Khan"
"75212","Bushra Saleem","MR-5701","Direct Call","Patient Transfer Service","N/A","2026/01/04 07:53:07 PM","Sadiqabad"
"259028","Bushra Saleem","MR-5701","EMDS Call","Medical Emergency","Others","2026/01/04 07:54:22 PM","Rahim Yar Khan"
"259029","Muhammad Fiaz","DR-206","EMDS Call","Road Crash","Bleeding","2026/01/04 07:58:22 PM","Khanpur"
"259030","Rana M. Usman","DR-200","EMDS Call","Medical Emergency","Others","2026/01/04 07:55:19 PM","Rahim Yar Khan"
"259031","Muhammad Fiaz","DR-206","EMDS Call","Medical Emergency","Hypertension","2026/01/04 08:01:18 PM","Rahim Yar Khan"
"259034","Bushra Saleem","MR-5701","EMDS Call","Medical Emergency","Renal Disorders / Renal Colic ","2026/01/04 07:59:27 PM","Khanpur"
"259032","Bushra Saleem","MR-5701","EMDS Call","Medical Emergency","Chest Pain","2026/01/04 08:04:08 PM","Rahim Yar Khan"
"259033","Rana M. Usman","DR-200","EMDS Call","Medical Emergency","Backache","2026/01/04 08:06:13 PM","Rahim Yar Khan"
"259035","Bushra Saleem","MR-5701","EMDS Call","Medical Emergency","Others","2026/01/04 08:10:30 PM","Sadiqabad"
"259036","Sajid Mehmood","DR-914","EMDS Call","Medical Emergency","Others","2026/01/04 08:18:46 PM","Rahim Yar Khan"
"259037","Bushra Saleem","MR-5701","EMDS Call","Medical Emergency","Others","2026/01/04 08:21:10 PM","Rahim Yar Khan"
"259038","Rana M. Usman","DR-200","EMDS Call","Medical Emergency","Others","2026/01/04 08:20:43 PM","Rahim Yar Khan"
"259042","Sajid Mehmood","DR-914","EMDS Call","Medical Emergency","SOB/ Respiratory Distress","2026/01/04 08:27:19 PM","Khanpur"
"259039","Bushra Saleem","MR-5701","Direct Call","Medical Emergency","Others","2026/01/04 08:32:01 PM","Liaqatpur"
"259040","Rana M. Usman","DR-200","EMDS Call","Medical Emergency","High Fever","2026/01/04 08:30:57 PM","Sadiqabad"
"259041","Bushra Saleem","MR-5701","EMDS Call","Medical Emergency","Others","2026/01/04 08:35:29 PM","Sadiqabad"
"259043","Muhammad Zahid","DR-888","EMDS Call","Medical Emergency","Domestic Injuries","2026/01/04 08:44:18 PM","Rahim Yar Khan"
"75213","Sajid Mehmood","DR-914","Direct Call","Patient Transfer Service","N/A","2026/01/04 08:47:12 PM","Liaqatpur"
"259044","Sajid Mehmood","DR-914","EMDS Call","Medical Emergency","SOB/ Respiratory Distress","2026/01/04 08:48:44 PM","Rahim Yar Khan"
"259045","Muhammad Zahid","DR-888","EMDS Call","Medical Emergency","Others","2026/01/04 08:52:25 PM","Khanpur"
"75214","Sajid Mehmood","DR-914","Direct Call","Patient Transfer Service","N/A","2026/01/04 08:58:18 PM","Liaqatpur"
"259046","Maheen Tahir","MR-6017","EMDS Call","Medical Emergency","Vomiting","2026/01/04 09:05:39 PM","Rahim Yar Khan"
"259047","Faiz Muhyy Ul Din","DR-892","EMDS Call","Medical Emergency","Hypertension","2026/01/04 09:09:46 PM","Rahim Yar Khan"
"259048","Maheen Tahir","MR-6017","EMDS Call","Medical Emergency","High Fever","2026/01/04 09:21:11 PM","Rahim Yar Khan"
"259050","Sajid Mehmood","DR-914","EMDS Call","Road Crash","Multiple Fractures","2026/01/04 09:24:47 PM","Rahim Yar Khan"
"259049","Muhammad Tariq Hameed","DR-885","EMDS Call","Medical Emergency","Domestic Injuries","2026/01/04 09:23:27 PM","Rahim Yar Khan"
"259051","Maheen Tahir","MR-6017","EMDS Call","Medical Emergency","Hypertension","2026/01/04 09:27:51 PM","Rahim Yar Khan"
"259052","Faiz Muhyy Ul Din","DR-892","EMDS Call","Road Crash","Severe Trauma","2026/01/04 09:34:52 PM","Rahim Yar Khan"
"Not Assigned","Sajid Mehmood","DR-914","EMDS Call","Road Crash","Bleeding","2026/01/04 09:41:11 PM","Khanpur"
"259053","Maheen Tahir","MR-6017","EMDS Call","Medical Emergency","Hypertension","2026/01/04 09:56:31 PM","Sadiqabad"
"259054","Maheen Tahir","MR-6017","EMDS Call","Medical Emergency","Others","2026/01/04 10:00:16 PM","Rahim Yar Khan"
"259055","Sajid Mehmood","DR-914","EMDS Call","Medical Emergency","Abdominal Pain","2026/01/04 10:06:15 PM","Rahim Yar Khan"
"259056","Faiz Muhyy Ul Din","DR-892","EMDS Call","Medical Emergency","Chest Pain","2026/01/04 10:06:16 PM","Rahim Yar Khan"
"75215","Sajid Mehmood","DR-914","Direct Call","Patient Transfer Service","N/A","2026/01/04 10:17:38 PM","Khanpur"
"75216","Sajid Mehmood","DR-914","Direct Call","Patient Transfer Service","N/A","2026/01/04 10:26:11 PM","Khanpur"
"259057","Faiz Muhyy Ul Din","DR-892","EMDS Call","Medical Emergency","Others","2026/01/04 10:27:49 PM","Khanpur"
"259058","Sajid Mehmood","DR-914","EMDS Call","Medical Emergency","Others","2026/01/04 10:27:47 PM","Rahim Yar Khan"
"259059","Faiz Muhyy Ul Din","DR-892","EMDS Call","Rescue Operations","Delivery Case","2026/01/04 10:39:39 PM","Sadiqabad"
"259060","Maheen Tahir","MR-6017","EMDS Call","Medical Emergency","Unconscious","2026/01/04 10:43:18 PM","Rahim Yar Khan"
"259061","Faiz Muhyy Ul Din","DR-892","EMDS Call","Medical Emergency","Hypertension","2026/01/04 10:48:02 PM","Sadiqabad"
"259062","Sajid Mehmood","DR-914","EMDS Call","Medical Emergency","Others","2026/01/04 11:03:50 PM","Sadiqabad"
"259063","Maheen Tahir","MR-6017","EMDS Call","Medical Emergency","Others","2026/01/04 11:10:21 PM","Rahim Yar Khan"
"259064","Faiz Muhyy Ul Din","DR-892","EMDS Call","Medical Emergency","Hypertension","2026/01/04 11:12:44 PM","Rahim Yar Khan"
"259066","Sajid Mehmood","DR-914","EMDS Call","Medical Emergency","High Fever","2026/01/04 11:14:35 PM","Sadiqabad"
"259065","Maheen Tahir","MR-6017","EMDS Call","Medical Emergency","Chest Pain","2026/01/04 11:13:42 PM","Rahim Yar Khan"
"259067","Maheen Tahir","MR-6017","EMDS Call","Rescue Operations","Delivery Case","2026/01/04 11:22:11 PM","Liaqatpur"
"259068","Faiz Muhyy Ul Din","DR-892","EMDS Call","Medical Emergency","Others","2026/01/04 11:27:47 PM","Rahim Yar Khan"
"259069","Maheen Tahir","MR-6017","EMDS Call","Medical Emergency","Backache","2026/01/04 11:34:08 PM","Liaqatpur"
"259070","Maheen Tahir","MR-6017","Direct Call","Medical Emergency","Chest Pain","2026/01/04 11:42:45 PM","Rahim Yar Khan"
"75217","Maheen Tahir","MR-6017","Direct Call","Patient Transfer Service","N/A","2026/01/04 11:48:36 PM","Sadiqabad"
"259071","Sajid Mehmood","DR-914","EMDS Call","Medical Emergency","Others","2026/01/04 11:52:29 PM","Rahim Yar Khan"
"259072","Faiz Muhyy Ul Din","DR-892","EMDS Call","Medical Emergency","Hypertension","2026/01/05 12:05:22 AM","Rahim Yar Khan"
"259073","Maheen Tahir","MR-6017","EMDS Call","Medical Emergency","Others","2026/01/05 12:07:29 AM","Rahim Yar Khan"
"259074","Faiz Muhyy Ul Din","DR-892","EMDS Call","Medical Emergency","Abdominal Pain","2026/01/05 12:17:19 AM","Sadiqabad"
"259075","Maheen Tahir","MR-6017","Direct Call","Rescue Operations","Mass Event Coverage","2026/01/05 12:18:33 AM","Rahim Yar Khan"
"259076","Maheen Tahir","MR-6017","EMDS Call","Medical Emergency","Hypertension","2026/01/05 12:26:03 AM","Rahim Yar Khan"
"259077","Sajid Mehmood","DR-914","EMDS Call","Medical Emergency","High Fever","2026/01/05 12:28:16 AM","Rahim Yar Khan"
"259078","Faiz Muhyy Ul Din","DR-892","EMDS Call","Medical Emergency","Renal Disorders / Renal Colic ","2026/01/05 12:37:59 AM","Rahim Yar Khan"
"259079","Maheen Tahir","MR-6017","EMDS Call","Medical Emergency","CVA/Stroke","2026/01/05 12:55:33 AM","Rahim Yar Khan"
"259080","Sajid Mehmood","DR-914","EMDS Call","Rescue Operations","Delivery Case","2026/01/05 12:55:35 AM","Rahim Yar Khan"
"259081","Faiz Muhyy Ul Din","DR-892","EMDS Call","Medical Emergency","Joints Pain","2026/01/05 01:51:50 AM","Rahim Yar Khan"
"259082","Maheen Tahir","MR-6017","EMDS Call","Medical Emergency","Abdominal Pain","2026/01/05 01:56:27 AM","Sadiqabad"
"259083","Maheen Tahir","MR-6017","EMDS Call","Medical Emergency","Others","2026/01/05 02:13:34 AM","Khanpur"
"259084","Sajid Mehmood","DR-914","EMDS Call","Medical Emergency","Hypertension","2026/01/05 02:21:44 AM","Rahim Yar Khan"
"259085","Faiz Muhyy Ul Din","DR-892","EMDS Call","Medical Emergency","Hypertension","2026/01/05 02:27:57 AM","Sadiqabad"
"75218","Sajid Mehmood","DR-914","Direct Call","Patient Transfer Service","N/A","2026/01/05 02:31:39 AM","Sadiqabad"
"259086","Maheen Tahir","MR-6017","EMDS Call","Medical Emergency","SOB/ Respiratory Distress","2026/01/05 02:33:11 AM","Khanpur"
"75219","Maheen Tahir","MR-6017","Direct Call","Patient Transfer Service","N/A","2026/01/05 02:38:32 AM","Sadiqabad"
"259087","Sajid Mehmood","DR-914","EMDS Call","Medical Emergency","Unconscious","2026/01/05 02:53:34 AM","Rahim Yar Khan"
"259088","Faiz Muhyy Ul Din","DR-892","EMDS Call","Medical Emergency","Chest Pain","2026/01/05 03:15:39 AM","Sadiqabad"
"259089","Farah Sadaqat","MR-5930","EMDS Call","Medical Emergency","Vomiting","2026/01/05 03:31:22 AM","Sadiqabad"
"259090","Saira Bibi","MR-5494","EMDS Call","Medical Emergency","Others","2026/01/05 03:43:45 AM","Rahim Yar Khan"
"259091","Muhammad Tariq Hameed","DR-885","EMDS Call","Medical Emergency","Hypertension","2026/01/05 03:52:07 AM","Liaqatpur"
"259092","Saira Bibi","MR-5494","EMDS Call","Medical Emergency","Hypertension","2026/01/05 04:16:52 AM","Rahim Yar Khan"
"259093","Muhammad Tariq Hameed","DR-885","EMDS Call","Medical Emergency","High Fever","2026/01/05 04:55:49 AM","Khanpur"
"259094","Farah Sadaqat","MR-5930","EMDS Call","Rescue Operations","Delivery Case","2026/01/05 05:11:43 AM","Khanpur"
"259095","Saira Bibi","MR-5494","EMDS Call","Medical Emergency","Domestic Injuries","2026/01/05 05:16:39 AM","Rahim Yar Khan"
"259096","Muhammad Tariq Hameed","DR-885","EMDS Call","Medical Emergency","Unconscious","2026/01/05 05:20:50 AM","Liaqatpur"
"259097","Saira Bibi","MR-5494","EMDS Call","Medical Emergency","SOB/ Respiratory Distress","2026/01/05 05:44:23 AM","Rahim Yar Khan"
"259098","Muhammad Tariq Hameed","DR-885","EMDS Call","Medical Emergency","Diarrhea","2026/01/05 06:00:32 AM","Rahim Yar Khan"
"259099","Muhammad Tariq Hameed","DR-885","EMDS Call","Medical Emergency","SOB/ Respiratory Distress","2026/01/05 06:42:53 AM","Sadiqabad"
"259100","Farah Sadaqat","MR-5930","EMDS Call","Medical Emergency","Others","2026/01/05 07:05:06 AM","Rahim Yar Khan"
"259101","Saira Bibi","MR-5494","EMDS Call","Medical Emergency","Others","2026/01/05 07:12:24 AM","Khanpur"
"259102","Saira Bibi","MR-5494","EMDS Call","Medical Emergency","Vomiting","2026/01/05 07:17:02 AM","Khanpur"
"259103","Saira Bibi","MR-5494","EMDS Call","Medical Emergency","High Fever","2026/01/05 07:32:28 AM","Rahim Yar Khan"
"259104","Nida Rahat","DR-1322","Direct Call","Rescue Operations","Mass Event Coverage","2026/01/05 07:39:00 AM","Rahim Yar Khan"
"259105","Saira Bibi","MR-5494","EMDS Call","Rescue Operations","Delivery Case","2026/01/05 07:50:02 AM","Rahim Yar Khan"
"259106","Nida Rahat","DR-1322","Direct Call","Rescue Operations","Mass Event Coverage","2026/01/05 07:53:28 AM","Rahim Yar Khan"
"259107","Saima Bashir","MR-5819","Direct Call","Rescue Operations","Mass Event Coverage","2026/01/05 08:02:42 AM","Sadiqabad"
"259108","Saima Bashir","MR-5819","EMDS Call","Medical Emergency","Others","2026/01/05 08:06:30 AM","Rahim Yar Khan"
"259109","Zia ul Haq","DR-328","EMDS Call","Medical Emergency","Others","2026/01/05 08:14:51 AM","Khanpur"
"Not Assigned","Fahad Hussain","DR-538","Direct Call","Fire","Others","2026/01/05 08:16:47 AM","Rahim Yar Khan"
"259111","Saima Bashir","MR-5819","EMDS Call","Medical Emergency","Renal Disorders / Renal Colic ","2026/01/05 08:15:30 AM","Sadiqabad"
"75220","Saima Bashir","MR-5819","Direct Call","Patient Transfer Service","N/A","2026/01/05 08:29:22 AM","Khanpur"
"259112","Saima Bashir","MR-5819","EMDS Call","Road Crash","Bleeding","2026/01/05 08:30:02 AM","Liaqatpur"
"259113","Saima Bashir","MR-5819","EMDS Call","Medical Emergency","Abdominal Pain","2026/01/05 08:39:44 AM","Rahim Yar Khan"
"259114","Nida Rahat","DR-1322","EMDS Call","Road Crash","Severe Trauma","2026/01/05 08:56:12 AM","Sadiqabad"
"259115","Zia ul Haq","DR-328","EMDS Call","Medical Emergency","Epilepsy","2026/01/05 08:57:14 AM","Khanpur"
"75221","Nida Rahat","DR-1322","Direct Call","Patient Transfer Service","N/A","2026/01/05 08:59:31 AM","Sadiqabad"
"259116","Zia ul Haq","DR-328","EMDS Call","Road Crash","Bleeding","2026/01/05 09:01:50 AM","Rahim Yar Khan"
"75222","Zia ul Haq","DR-328","Direct Call","Patient Transfer Service","N/A","2026/01/05 09:08:18 AM","Sadiqabad"
"259117","Muhammad Abid","DR-874","EMDS Call","Medical Emergency","Others","2026/01/05 09:10:36 AM","Liaqatpur"
"259118","Muhammad Arshad","DR-198","EMDS Call","Medical Emergency","Others","2026/01/05 09:24:07 AM","Rahim Yar Khan"
"259119","Nida Rahat","DR-1322","EMDS Call","Medical Emergency","High Fever","2026/01/05 09:27:56 AM","Khanpur"
"259120","Muhammad Abid","DR-874","EMDS Call","Medical Emergency","Others","2026/01/05 09:31:35 AM","Rahim Yar Khan"
"75223","Muhammad Abid","DR-874","Direct Call","Patient Transfer Service","N/A","2026/01/05 09:36:33 AM","Liaqatpur"
"259121","Shahid Jamil","DR-184","EMDS Call","Crime","Probable Suicide","2026/01/05 09:36:58 AM","Rahim Yar Khan"
"259122","Muhammad Abid","DR-874","EMDS Call","Medical Emergency","Others","2026/01/05 09:37:32 AM","Rahim Yar Khan"
"259123","Muhammad AAmar","DR-915","EMDS Call","Fire","Others","2026/01/05 09:42:10 AM","Khanpur"
"259124","Muhammad AAmar","DR-915","EMDS Call","Medical Emergency","Hypertension","2026/01/05 10:03:13 AM","Sadiqabad"
"259125","Muhammad Arshad","DR-198","EMDS Call","Road Crash","Bleeding","2026/01/05 10:13:35 AM","Sadiqabad"
"259127","Shahid Jamil","DR-184","EMDS Call","Medical Emergency","Chest Pain","2026/01/05 10:19:10 AM","Khanpur"
"259126","Muhammad Arshad","DR-198","EMDS Call","Medical Emergency","Unconscious","2026/01/05 10:20:06 AM","Rahim Yar Khan"
"259128","Muhammad Abid","DR-874","EMDS Call","Medical Emergency","Others","2026/01/05 10:19:56 AM","Rahim Yar Khan"
"259130","Muhammad Arshad","DR-198","EMDS Call","Fall","Slipped On Floor","2026/01/05 10:28:40 AM","Sadiqabad"
"259129","Saima Bashir","MR-5819","EMDS Call","Road Crash","Bleeding","2026/01/05 10:29:58 AM","Rahim Yar Khan"
"259129","Saima Bashir","MR-5819","EMDS Call","Road Crash","Bleeding","2026/01/05 10:29:58 AM","Rahim Yar Khan"
"259131","Muhammad AAmar","DR-915","EMDS Call","Medical Emergency","CVA/Stroke","2026/01/05 10:32:11 AM","Sadiqabad"
"259132","Shahid Jamil","DR-184","EMDS Call","Medical Emergency","Vomiting","2026/01/05 10:33:24 AM","Rahim Yar Khan"
"259133","Saima Bashir","MR-5819","EMDS Call","Road Crash","Bleeding","2026/01/05 10:34:25 AM","Liaqatpur"
"75224","Shahid Jamil","DR-184","Direct Call","Patient Transfer Service","N/A","2026/01/05 10:35:48 AM","Sadiqabad"
"259134","Muhammad Arshad","DR-198","EMDS Call","Medical Emergency","Others","2026/01/05 10:34:42 AM","Khanpur"
"259135","Shahid Jamil","DR-184","EMDS Call","Road Crash","Bleeding","2026/01/05 10:37:04 AM","Rahim Yar Khan"
"75225","Muhammad Arshad","DR-198","Direct Call","Patient Transfer Service","N/A","2026/01/05 10:40:31 AM","Sadiqabad"
"259136","Saima Bashir","MR-5819","EMDS Call","Medical Emergency","SOB/ Respiratory Distress","2026/01/05 10:45:50 AM","Sadiqabad"
"259137","Shahid Jamil","DR-184","EMDS Call","Medical Emergency","High Fever","2026/01/05 10:54:19 AM","Rahim Yar Khan"
"259139","Muhammad AAmar","DR-915","EMDS Call","Medical Emergency","Joints Pain","2026/01/05 11:03:31 AM","Rahim Yar Khan"
"259138","Saima Bashir","MR-5819","EMDS Call","Medical Emergency","Vomiting","2026/01/05 11:05:39 AM","Liaqatpur"
"75226","Saima Bashir","MR-5819","Direct Call","Patient Transfer Service","N/A","2026/01/05 11:08:06 AM","Khanpur"
"259140","Saima Bashir","MR-5819","EMDS Call","Medical Emergency","Renal Disorders / Renal Colic ","2026/01/05 11:10:13 AM","Khanpur"
"259141","Aasia Batool","MR-5198","EMDS Call","Medical Emergency","Hypertension","2026/01/05 11:16:18 AM","Rahim Yar Khan"
"259142","Muhammad AAmar","DR-915","EMDS Call","Medical Emergency","SOB/ Respiratory Distress","2026/01/05 11:17:01 AM","Khanpur"
"75227","Shahid Jamil","DR-184","Direct Call","Patient Transfer Service","N/A","2026/01/05 11:25:24 AM","Khanpur"
"259143","Muhammad AAmar","DR-915","EMDS Call","Medical Emergency","Hypertension","2026/01/05 11:22:24 AM","Khanpur"
"259144","Muhammad Arshad","DR-198","EMDS Call","Medical Emergency","Others","2026/01/05 11:24:50 AM","Sadiqabad"
"259145","Shahid Jamil","DR-184","EMDS Call","Medical Emergency","Unconscious","2026/01/05 11:29:40 AM","Sadiqabad"
"259146","Muhammad AAmar","DR-915","EMDS Call","Medical Emergency","Others","2026/01/05 11:36:41 AM","Rahim Yar Khan"
"Not Assigned","Saima Bashir","MR-5819","Direct Call","Community","Community Training","2026/01/05 11:40:38 AM","Sadiqabad"
"259148","Zia ul Haq","DR-328","EMDS Call","Medical Emergency","Others","2026/01/05 11:40:29 AM","Rahim Yar Khan"
"259149","Aasia Batool","MR-5198","EMDS Call","Medical Emergency","SOB/ Respiratory Distress","2026/01/05 11:44:08 AM","Sadiqabad"
"259150","Saima Bashir","MR-5819","EMDS Call","Road Crash","Bleeding","2026/01/05 11:46:36 AM","Rahim Yar Khan"
"259151","Zia ul Haq","DR-328","EMDS Call","Medical Emergency","Domestic Injuries","2026/01/05 11:58:27 AM","Rahim Yar Khan"
"259152","Zia ul Haq","DR-328","EMDS Call","Medical Emergency","Others","2026/01/05 12:01:45 PM","Rahim Yar Khan"
"259153","Aasia Batool","MR-5198","EMDS Call","Medical Emergency","Renal Disorders / Renal Colic ","2026/01/05 12:03:58 PM","Rahim Yar Khan"
"259153","Aasia Batool","MR-5198","EMDS Call","Medical Emergency","Renal Disorders / Renal Colic ","2026/01/05 12:03:58 PM","Rahim Yar Khan"
"259154","Saima Bashir","MR-5819","EMDS Call","Medical Emergency","High Fever","2026/01/05 12:06:07 PM","Khanpur"
"75228","Zia ul Haq","DR-328","Direct Call","Patient Transfer Service","N/A","2026/01/05 12:08:36 PM","Sadiqabad"
"259155","Aasia Batool","MR-5198","EMDS Call","Crime","Physical Assault/Violence","2026/01/05 12:12:33 PM","Sadiqabad"
"75229","Fahad Hussain","DR-538","Direct Call","Patient Transfer Service","N/A","2026/01/05 12:26:34 PM","Khanpur"
"259156","Saima Bashir","MR-5819","EMDS Call","Medical Emergency","SOB/ Respiratory Distress","2026/01/05 12:30:37 PM","Rahim Yar Khan"
"259157","Fahad Hussain","DR-538","EMDS Call","Medical Emergency","Vomiting","2026/01/05 12:35:54 PM","Rahim Yar Khan"
"259159","Nida Rahat","DR-1322","EMDS Call","Medical Emergency","Hypotension","2026/01/05 12:42:45 PM","Sadiqabad"
"259158","Fahad Hussain","DR-538","EMDS Call","Medical Emergency","Others","2026/01/05 12:44:07 PM","Rahim Yar Khan"
"259160","Saima Bashir","MR-5819","EMDS Call","Medical Emergency","Abdominal Pain","2026/01/05 12:45:49 PM","Sadiqabad"
"259161","Nida Rahat","DR-1322","EMDS Call","Medical Emergency","Chest Pain","2026/01/05 12:50:42 PM","Khanpur"
"259162","Fahad Hussain","DR-538","EMDS Call","Medical Emergency","SOB/ Respiratory Distress","2026/01/05 01:15:22 PM","Rahim Yar Khan"
"259163","Saima Bashir","MR-5819","EMDS Call","Road Crash","Bleeding","2026/01/05 01:16:54 PM","Khanpur"
"259163","Saima Bashir","MR-5819","EMDS Call","Road Crash","Bleeding","2026/01/05 01:16:54 PM","Khanpur"
"259164","Nida Rahat","DR-1322","EMDS Call","Road Crash","Bleeding","2026/01/05 01:26:33 PM","Rahim Yar Khan"
"259165","Nida Rahat","DR-1322","EMDS Call","Road Crash","Bleeding","2026/01/05 01:34:07 PM","Khanpur"
"259166","Fahad Hussain","DR-538","EMDS Call","Medical Emergency","SOB/ Respiratory Distress","2026/01/05 01:43:55 PM","Rahim Yar Khan"
"259167","Nida Rahat","DR-1322","EMDS Call","Medical Emergency","Others","2026/01/05 01:45:47 PM","Liaqatpur"
"259168","Muhammad AAmar","DR-915","EMDS Call","Road Crash","Bleeding","2026/01/05 01:56:52 PM","Rahim Yar Khan"
"259169","Nida Rahat","DR-1322","EMDS Call","Road Crash","Bleeding","2026/01/05 02:02:20 PM","Khanpur"
"259170","Muhammad Arshad","DR-198","EMDS Call","Medical Emergency","Vomiting","2026/01/05 02:04:31 PM","Rahim Yar Khan"
"259171","Muhammad Fiaz","DR-206","EMDS Call","Medical Emergency","Others","2026/01/05 02:11:32 PM","Rahim Yar Khan"
"259172","Bushra Saleem","MR-5701","EMDS Call","Medical Emergency","Chest Pain","2026/01/05 02:13:19 PM","Sadiqabad"
"259173","Muhammad Arshad","DR-198","EMDS Call","Road Crash","Bleeding","2026/01/05 02:13:40 PM","Khanpur"
"259174","Muhammad Fiaz","DR-206","Direct Call","Medical Emergency","Diabetic","2026/01/05 02:15:13 PM","Rahim Yar Khan"
"259175","Muhammad Fiaz","DR-206","EMDS Call","Medical Emergency","Others","2026/01/05 02:23:48 PM","Sadiqabad"
"259176","Muhammad AAmar","DR-915","EMDS Call","Medical Emergency","Others","2026/01/05 02:24:35 PM","Rahim Yar Khan"
"259177","Muhammad Fiaz","DR-206","EMDS Call","Medical Emergency","Others","2026/01/05 02:36:17 PM","Rahim Yar Khan"
"75230","Muhammad Abid","DR-874","Direct Call","Patient Transfer Service","N/A","2026/01/05 02:38:48 PM","Sadiqabad"
"259178","Muhammad Fiaz","DR-206","EMDS Call","Road Crash","Bleeding","2026/01/05 02:44:48 PM","Rahim Yar Khan"
"75231","Muhammad Abid","DR-874","Direct Call","Patient Transfer Service","N/A","2026/01/05 02:52:09 PM","Sadiqabad"
"259179","Muhammad Abid","DR-874","Direct Call","Medical Emergency","SOB/ Respiratory Distress","2026/01/05 03:01:44 PM","Sadiqabad"
"259180","Muhammad Rashid Saleem","DR-187","EMDS Call","Medical Emergency","Others","2026/01/05 03:06:31 PM","Rahim Yar Khan"
"75232","Muhammad Abid","DR-874","Direct Call","Patient Transfer Service","N/A","2026/01/05 03:12:58 PM","Sadiqabad"
"259181","Muhammad Fiaz","DR-206","EMDS Call","Medical Emergency","Vomiting","2026/01/05 03:16:32 PM","Liaqatpur"
"75233","Muhammad Fiaz","DR-206","Direct Call","Patient Transfer Service","N/A","2026/01/05 03:21:20 PM","Sadiqabad"
"259182","Muhammad Rashid Saleem","DR-187","EMDS Call","Road Crash","Bleeding","2026/01/05 03:24:45 PM","Rahim Yar Khan"
"259183","Muhammad Arshad","DR-198","EMDS Call","Medical Emergency","Others","2026/01/05 03:25:59 PM","Sadiqabad"
"259184","Muhammad Abid","DR-874","EMDS Call","Medical Emergency","Others","2026/01/05 03:29:33 PM","Rahim Yar Khan"
"75234","Muhammad Abid","DR-874","Direct Call","Patient Transfer Service","N/A","2026/01/05 03:32:28 PM","Khanpur"
"259185","Muhammad Fiaz","DR-206","EMDS Call","Medical Emergency","Hypotension","2026/01/05 03:33:13 PM","Rahim Yar Khan"
"259186","Muhammad Rashid Saleem","DR-187","EMDS Call","Medical Emergency","Diabetic","2026/01/05 03:35:27 PM","Rahim Yar Khan"
"259187","Muhammad Abid","DR-874","EMDS Call","Road Crash","Bleeding","2026/01/05 03:35:59 PM","Rahim Yar Khan"
"259188","Muhammad Fiaz","DR-206","EMDS Call","Medical Emergency","Others","2026/01/05 03:38:30 PM","Rahim Yar Khan"
"75235","Muhammad Abid","DR-874","Direct Call","Patient Transfer Service","N/A","2026/01/05 03:44:30 PM","Liaqatpur"
"259190","Muhammad Rashid Saleem","DR-187","EMDS Call","Medical Emergency","SOB/ Respiratory Distress","2026/01/05 03:46:11 PM","Rahim Yar Khan"
"259189","Muhammad Fiaz","DR-206","EMDS Call","Road Crash","Bleeding","2026/01/05 03:48:04 PM","Khanpur"
"75236","Muhammad Rashid Saleem","DR-187","Direct Call","Patient Transfer Service","N/A","2026/01/05 03:53:30 PM","Liaqatpur"
"259192","Muhammad Rashid Saleem","DR-187","EMDS Call","Road Crash","Bleeding","2026/01/05 03:57:30 PM","Rahim Yar Khan"
"259192","Muhammad Rashid Saleem","DR-187","EMDS Call","Road Crash","Bleeding","2026/01/05 03:57:30 PM","Rahim Yar Khan"
"259192","Muhammad Rashid Saleem","DR-187","EMDS Call","Road Crash","Bleeding","2026/01/05 03:57:30 PM","Rahim Yar Khan"
"259191","Muhammad Fiaz","DR-206","EMDS Call","Medical Emergency","Domestic Injuries","2026/01/05 03:54:44 PM","Rahim Yar Khan"
"259193","Muhammad Fiaz","DR-206","EMDS Call","Medical Emergency","Diarrhea","2026/01/05 04:00:51 PM","Rahim Yar Khan"
"259194","Muhammad Fiaz","DR-206","EMDS Call","Medical Emergency","Others","2026/01/05 04:19:33 PM","Rahim Yar Khan"
"259195","Muhammad Fiaz","DR-206","EMDS Call","Medical Emergency","Others","2026/01/05 04:25:26 PM","Sadiqabad"
"259196","Muhammad Rashid Saleem","DR-187","EMDS Call","Road Crash","Bleeding","2026/01/05 04:27:28 PM","Khanpur"
"259197","Muhammad Rashid Saleem","DR-187","EMDS Call","Road Crash","Bleeding","2026/01/05 04:28:16 PM","Rahim Yar Khan"
"259198","Muhammad Fiaz","DR-206","EMDS Call","Medical Emergency","Others","2026/01/05 04:28:28 PM","Sadiqabad"
"259199","Muhammad Rashid Saleem","DR-187","EMDS Call","Medical Emergency","Others","2026/01/05 04:32:58 PM","Rahim Yar Khan"
"259201","Muhammad Fiaz","DR-206","EMDS Call","Medical Emergency","Vomiting","2026/01/05 04:35:01 PM","Liaqatpur"
"259200","Shahla Nawaz","DR-185","EMDS Call","Medical Emergency","Hypertension","2026/01/05 04:30:01 PM","Rahim Yar Khan"
"259202","Muhammad Rashid Saleem","DR-187","EMDS Call","Medical Emergency","Chest Pain","2026/01/05 04:36:05 PM","Liaqatpur"
"259203","Shahla Nawaz","DR-185","EMDS Call","Medical Emergency","Others","2026/01/05 04:43:04 PM","Rahim Yar Khan"
"259204","Shahla Nawaz","DR-185","EMDS Call","Medical Emergency","Domestic Injuries","2026/01/05 04:49:25 PM","Rahim Yar Khan"
"259205","Shahla Nawaz","DR-185","EMDS Call","Medical Emergency","Others","2026/01/05 05:05:07 PM","Sadiqabad"
"259206","Sheeza Barkat","MR-5331","EMDS Call","Medical Emergency","Vomiting","2026/01/05 05:08:12 PM","Rahim Yar Khan"
"259207","Muhammad Fiaz","DR-206","EMDS Call","Medical Emergency","Others","2026/01/05 05:12:13 PM","Rahim Yar Khan"
"259209","Shahla Nawaz","DR-185","EMDS Call","Medical Emergency","Vomiting","2026/01/05 05:14:15 PM","Rahim Yar Khan"
"259208","Sheeza Barkat","MR-5331","EMDS Call","Medical Emergency","Others","2026/01/05 05:14:24 PM","Rahim Yar Khan"
"259210","Muhammad Fiaz","DR-206","EMDS Call","Road Crash","Bleeding","2026/01/05 05:18:30 PM","Sadiqabad"
"259211","Muhammad Fiaz","DR-206","EMDS Call","Medical Emergency","Others","2026/01/05 05:21:41 PM","Rahim Yar Khan"
"259212","Shahla Nawaz","DR-185","EMDS Call","Road Crash","Bleeding","2026/01/05 05:24:43 PM","Sadiqabad"
"259212","Shahla Nawaz","DR-185","EMDS Call","Road Crash","Bleeding","2026/01/05 05:24:43 PM","Sadiqabad"
"259213","Muhammad Fiaz","DR-206","EMDS Call","Road Crash","Bleeding","2026/01/05 05:26:23 PM","Sadiqabad"
"259213","Muhammad Fiaz","DR-206","EMDS Call","Road Crash","Bleeding","2026/01/05 05:26:23 PM","Sadiqabad"
"259214","Shahla Nawaz","DR-185","EMDS Call","Medical Emergency","SOB/ Respiratory Distress","2026/01/05 05:26:30 PM","Rahim Yar Khan"
"259216","Muhammad Fiaz","DR-206","EMDS Call","Medical Emergency","SOB/ Respiratory Distress","2026/01/05 05:33:26 PM","Rahim Yar Khan"
"259215","Sheeza Barkat","MR-5331","EMDS Call","Road Crash","Bleeding","2026/01/05 05:33:07 PM","Rahim Yar Khan"
"259217","Shahla Nawaz","DR-185","EMDS Call","Medical Emergency","Hypertension","2026/01/05 05:39:39 PM","Khanpur"
"75237","Sheeza Barkat","MR-5331","Direct Call","Patient Transfer Service","N/A","2026/01/05 05:46:51 PM","Khanpur"
"259218","Shahla Nawaz","DR-185","EMDS Call","Medical Emergency","Others","2026/01/05 05:47:18 PM","Rahim Yar Khan"
"259219","Shahla Nawaz","DR-185","EMDS Call","Medical Emergency","Hypertension","2026/01/05 05:52:35 PM","Sadiqabad"
"75238","Shahla Nawaz","DR-185","Direct Call","Patient Transfer Service","N/A","2026/01/05 05:59:15 PM","Khanpur"
"259220","Muhammad Fiaz","DR-206","EMDS Call","Road Crash","Bleeding","2026/01/05 06:01:19 PM","Liaqatpur"
"259221","Muhammad Fiaz","DR-206","EMDS Call","Medical Emergency","Others","2026/01/05 06:03:33 PM","Rahim Yar Khan"
"259222","Bushra Saleem","MR-5701","EMDS Call","Medical Emergency","Others","2026/01/05 06:13:27 PM","Rahim Yar Khan"
"259223","Muhammad Fiaz","DR-206","EMDS Call","Medical Emergency","Others","2026/01/05 06:25:20 PM","Khanpur"
"259224","Bushra Saleem","MR-5701","EMDS Call","Road Crash","Bleeding","2026/01/05 06:28:32 PM","Sadiqabad"
"259224","Bushra Saleem","MR-5701","EMDS Call","Road Crash","Bleeding","2026/01/05 06:28:32 PM","Sadiqabad"
"259226","Muhammad Fiaz","DR-206","EMDS Call","Road Crash","Bleeding","2026/01/05 06:34:32 PM","Sadiqabad"
"259225","Sheeza Barkat","MR-5331","EMDS Call","Medical Emergency","Others","2026/01/05 06:36:23 PM","Liaqatpur"
"259227","Muhammad Fiaz","DR-206","EMDS Call","Medical Emergency","Others","2026/01/05 06:37:53 PM","Rahim Yar Khan"
"259228","Bushra Saleem","MR-5701","EMDS Call","Medical Emergency","Hypertension","2026/01/05 06:44:09 PM","Rahim Yar Khan"
"259229","Muhammad Rashid Saleem","DR-187","EMDS Call","Medical Emergency","Abdominal Pain","2026/01/05 06:46:41 PM","Rahim Yar Khan"
"259230","Sheeza Barkat","MR-5331","EMDS Call","Rescue Operations","Delivery Case","2026/01/05 06:49:29 PM","Rahim Yar Khan"
"75239","Muhammad Fiaz","DR-206","Direct Call","Patient Transfer Service","N/A","2026/01/05 06:53:25 PM","Sadiqabad"
"259231","Sheeza Barkat","MR-5331","EMDS Call","Medical Emergency","Abdominal Pain","2026/01/05 07:03:56 PM","Liaqatpur"
"259232","Muhammad Rashid Saleem","DR-187","EMDS Call","Road Crash","Bleeding","2026/01/05 07:06:06 PM","Rahim Yar Khan"
"259234","Bushra Saleem","MR-5701","EMDS Call","Medical Emergency","SOB/ Respiratory Distress","2026/01/05 07:32:31 PM","Liaqatpur"
"259233","Sheeza Barkat","MR-5331","EMDS Call","Medical Emergency","Vomiting","2026/01/05 07:34:29 PM","Rahim Yar Khan"
"259235","Muhammad Rashid Saleem","DR-187","EMDS Call","Medical Emergency","Unconscious","2026/01/05 07:36:09 PM","Rahim Yar Khan"
"259236","Sheeza Barkat","MR-5331","EMDS Call","Medical Emergency","Hypertension","2026/01/05 07:37:19 PM","Rahim Yar Khan"
"259237","Farhad Iftikhar","DR-913","EMDS Call","Medical Emergency","Renal Disorders / Renal Colic ","2026/01/05 07:39:01 PM","Liaqatpur"
"259238","Sheeza Barkat","MR-5331","EMDS Call","Medical Emergency","Others","2026/01/05 07:48:29 PM","Rahim Yar Khan"
"259239","Sheeza Barkat","MR-5331","EMDS Call","Medical Emergency","SOB/ Respiratory Distress","2026/01/05 07:52:02 PM","Rahim Yar Khan"
"259240","Sheeza Barkat","MR-5331","EMDS Call","Medical Emergency","Others","2026/01/05 07:55:56 PM","Rahim Yar Khan"
"259241","Sheeza Barkat","MR-5331","EMDS Call","Medical Emergency","Hypertension","2026/01/05 08:13:59 PM","Rahim Yar Khan"
"259242","Farhad Iftikhar","DR-913","EMDS Call","Road Crash","Bleeding","2026/01/05 08:18:52 PM","Rahim Yar Khan"
"259242","Farhad Iftikhar","DR-913","EMDS Call","Road Crash","Bleeding","2026/01/05 08:18:52 PM","Rahim Yar Khan"
"259243","Bushra Saleem","MR-5701","EMDS Call","Medical Emergency","Unconscious","2026/01/05 08:35:43 PM","Rahim Yar Khan"
"259244","Farhad Iftikhar","DR-913","EMDS Call","Medical Emergency","Renal Disorders / Renal Colic ","2026/01/05 08:41:12 PM","Khanpur"
"259245","Faiz Muhyy Ul Din","DR-892","EMDS Call","Medical Emergency","Others","2026/01/05 09:00:36 PM","Rahim Yar Khan"
"259246","Faiz Muhyy Ul Din","DR-892","EMDS Call","Medical Emergency","Others","2026/01/05 09:03:31 PM","Rahim Yar Khan"
"259247","Farhad Iftikhar","DR-913","EMDS Call","Medical Emergency","Hypertension","2026/01/05 09:03:23 PM","Rahim Yar Khan"
"259248","Faiz Muhyy Ul Din","DR-892","EMDS Call","Medical Emergency","Diabetic","2026/01/05 09:09:45 PM","Rahim Yar Khan"
"75240","Faiz Muhyy Ul Din","DR-892","Direct Call","Patient Transfer Service","N/A","2026/01/05 09:17:50 PM","Sadiqabad"
"259249","Farhad Iftikhar","DR-913","EMDS Call","Medical Emergency","Others","2026/01/05 09:15:58 PM","Rahim Yar Khan"
"259250","Muhammad Zubair","DR-894","EMDS Call","Medical Emergency","SOB/ Respiratory Distress","2026/01/05 09:26:58 PM","Khanpur"
"259251","Muhammad Zubair","DR-894","EMDS Call","Medical Emergency","Others","2026/01/05 09:30:22 PM","Rahim Yar Khan"
"259252","Maheen Tahir","MR-6017","EMDS Call","Road Crash","Bleeding","2026/01/05 09:33:59 PM","Sadiqabad"
"259253","Farhad Iftikhar","DR-913","EMDS Call","Medical Emergency","Others","2026/01/05 09:35:12 PM","Khanpur"
"259254","Saira Bibi","MR-5494","EMDS Call","Medical Emergency","Others","2026/01/05 09:42:57 PM","Rahim Yar Khan"
"259255","Farah Sadaqat","MR-5930","EMDS Call","Medical Emergency","Hypertension","2026/01/05 09:50:12 PM","Sadiqabad"
"259256","Saira Bibi","MR-5494","EMDS Call","Medical Emergency","Hypertension","2026/01/05 09:55:42 PM","Rahim Yar Khan"
"259257","Farah Sadaqat","MR-5930","EMDS Call","Medical Emergency","Others","2026/01/05 09:55:49 PM","Rahim Yar Khan"
"259258","Maheen Tahir","MR-6017","EMDS Call","Medical Emergency","Others","2026/01/05 10:20:26 PM","Khanpur"
"259259","Saira Bibi","MR-5494","EMDS Call","Medical Emergency","Vomiting","2026/01/05 10:24:51 PM","Khanpur"
"259260","Maheen Tahir","MR-6017","EMDS Call","Medical Emergency","SOB/ Respiratory Distress","2026/01/05 10:37:19 PM","Rahim Yar Khan"
"259261","Farah Sadaqat","MR-5930","EMDS Call","Medical Emergency","Renal Disorders / Renal Colic ","2026/01/05 10:39:35 PM","Rahim Yar Khan"
"259262","Maheen Tahir","MR-6017","EMDS Call","Medical Emergency","Others","2026/01/05 10:40:04 PM","Sadiqabad"
"75241","Maheen Tahir","MR-6017","Direct Call","Patient Transfer Service","N/A","2026/01/05 10:51:53 PM","Sadiqabad"
"259263","Faiz Muhyy Ul Din","DR-892","EMDS Call","Medical Emergency","Others","2026/01/05 10:52:12 PM","Rahim Yar Khan"
"259264","Maheen Tahir","MR-6017","EMDS Call","Medical Emergency","Others","2026/01/05 10:53:29 PM","Rahim Yar Khan"
"259265","Farah Sadaqat","MR-5930","EMDS Call","Medical Emergency","Others","2026/01/05 10:54:39 PM","Rahim Yar Khan"
"259266","Faiz Muhyy Ul Din","DR-892","EMDS Call","Medical Emergency","Others","2026/01/05 11:02:01 PM","Rahim Yar Khan"
"259267","Maheen Tahir","MR-6017","EMDS Call","Medical Emergency","Hypertension","2026/01/05 11:39:15 PM","Sadiqabad"
"259268","Farah Sadaqat","MR-5930","EMDS Call","Medical Emergency","Others","2026/01/05 11:41:16 PM","Sadiqabad"
"259269","Maheen Tahir","MR-6017","Direct Call","Rescue Operations","Mass Event Coverage","2026/01/06 12:01:42 AM","Rahim Yar Khan"
"259270","Farah Sadaqat","MR-5930","EMDS Call","Rescue Operations","Delivery Case","2026/01/06 12:05:55 AM","Sadiqabad"
"259271","Maheen Tahir","MR-6017","EMDS Call","Medical Emergency","Others","2026/01/06 12:12:19 AM","Rahim Yar Khan"
"259272","Farah Sadaqat","MR-5930","EMDS Call","Medical Emergency","Hypertension","2026/01/06 12:12:41 AM","Rahim Yar Khan"
"259273","Faiz Muhyy Ul Din","DR-892","EMDS Call","Rescue Operations","Delivery Case","2026/01/06 12:13:55 AM","Rahim Yar Khan"
"75242","Maheen Tahir","MR-6017","Direct Call","Patient Transfer Service","N/A","2026/01/06 12:21:42 AM","Sadiqabad"
"259274","Maheen Tahir","MR-6017","EMDS Call","Medical Emergency","Abdominal Pain","2026/01/06 12:24:35 AM","Rahim Yar Khan"
"259275","Maheen Tahir","MR-6017","EMDS Call","Medical Emergency","SOB/ Respiratory Distress","2026/01/06 12:44:08 AM","Liaqatpur"
"259276","Farah Sadaqat","MR-5930","EMDS Call","Medical Emergency","Others","2026/01/06 12:53:01 AM","Rahim Yar Khan"
"259277","Shaheen Islam","DR-1171","EMDS Call","Medical Emergency","SOB/ Respiratory Distress","2026/01/06 01:05:05 AM","Khanpur"
"259278","Maheen Tahir","MR-6017","EMDS Call","Medical Emergency","Others","2026/01/06 01:06:52 AM","Rahim Yar Khan"
"259279","Farah Sadaqat","MR-5930","EMDS Call","Medical Emergency","Others","2026/01/06 01:13:54 AM","Khanpur"
"259280","Maheen Tahir","MR-6017","EMDS Call","Medical Emergency","Renal Disorders / Renal Colic ","2026/01/06 01:21:13 AM","Rahim Yar Khan"
"259281","Shaheen Islam","DR-1171","EMDS Call","Medical Emergency","Renal Disorders / Renal Colic ","2026/01/06 01:27:51 AM","Rahim Yar Khan"
"259283","Maheen Tahir","MR-6017","EMDS Call","Medical Emergency","Vomiting","2026/01/06 01:41:14 AM","Rahim Yar Khan"
"259282","Faiz Muhyy Ul Din","DR-892","EMDS Call","Medical Emergency","Others","2026/01/06 01:40:34 AM","Rahim Yar Khan"
"259284","Farah Sadaqat","MR-5930","EMDS Call","Rescue Operations","Delivery Case","2026/01/06 01:53:43 AM","Khanpur"
"259285","Shaheen Islam","DR-1171","EMDS Call","Medical Emergency","Hypertension","2026/01/06 01:58:00 AM","Rahim Yar Khan"
"259286","Faiz Muhyy Ul Din","DR-892","EMDS Call","Rescue Operations","Others","2026/01/06 02:17:00 AM","Rahim Yar Khan"
"259286","Faiz Muhyy Ul Din","DR-892","EMDS Call","Rescue Operations","Others","2026/01/06 02:17:00 AM","Rahim Yar Khan"
"259286","Faiz Muhyy Ul Din","DR-892","EMDS Call","Rescue Operations","Others","2026/01/06 02:17:00 AM","Rahim Yar Khan"
"259287","Shaheen Islam","DR-1171","EMDS Call","Medical Emergency","Renal Disorders / Renal Colic ","2026/01/06 02:36:42 AM","Sadiqabad"
"259288","Maheen Tahir","MR-6017","EMDS Call","Medical Emergency","Others","2026/01/06 02:42:45 AM","Rahim Yar Khan"
"259289","Farah Sadaqat","MR-5930","EMDS Call","Medical Emergency","Chest Pain","2026/01/06 02:48:19 AM","Sadiqabad"
"259290","Maheen Tahir","MR-6017","EMDS Call","Medical Emergency","Others","2026/01/06 02:58:13 AM","Rahim Yar Khan"
"259291","Farah Sadaqat","MR-5930","EMDS Call","Medical Emergency","High Fever","2026/01/06 03:10:47 AM","Khanpur"
"259292","Faiz Muhyy Ul Din","DR-892","EMDS Call","Medical Emergency","Others","2026/01/06 03:15:23 AM","Rahim Yar Khan"
"259293","Maheen Tahir","MR-6017","EMDS Call","Medical Emergency","Hypertension","2026/01/06 03:24:10 AM","Sadiqabad"
"259294","Faiz Muhyy Ul Din","DR-892","EMDS Call","Medical Emergency","Others","2026/01/06 03:26:31 AM","Liaqatpur"
"259295","Muhammad Zubair","DR-894","EMDS Call","Rescue Operations","Delivery Case","2026/01/06 03:52:04 AM","Khanpur"
"259296","Farhad Iftikhar","DR-913","EMDS Call","Rescue Operations","Delivery Case","2026/01/06 04:50:37 AM","Rahim Yar Khan"
"259297","Muhammad Zubair","DR-894","EMDS Call","Rescue Operations","Delivery Case","2026/01/06 04:55:19 AM","Liaqatpur"
"259298","Saira Bibi","MR-5494","EMDS Call","Medical Emergency","Others","2026/01/06 04:57:30 AM","Rahim Yar Khan"
"259299","Saira Bibi","MR-5494","EMDS Call","Medical Emergency","Hypertension","2026/01/06 06:02:13 AM","Rahim Yar Khan"
"259300","Muhammad Zubair","DR-894","EMDS Call","Medical Emergency","Vomiting","2026/01/06 06:05:07 AM","Liaqatpur"
"259301","Saira Bibi","MR-5494","EMDS Call","Medical Emergency","Unconscious","2026/01/06 06:05:43 AM","Sadiqabad"
"259302","Farhad Iftikhar","DR-913","EMDS Call","Medical Emergency","SOB/ Respiratory Distress","2026/01/06 06:16:24 AM","Rahim Yar Khan"
"259303","Saira Bibi","MR-5494","EMDS Call","Medical Emergency","SOB/ Respiratory Distress","2026/01/06 06:21:11 AM","Rahim Yar Khan"
"259304","Saira Bibi","MR-5494","EMDS Call","Medical Emergency","CVA/Stroke","2026/01/06 06:39:01 AM","Sadiqabad"
"259305","Saira Bibi","MR-5494","EMDS Call","Medical Emergency","High Fever","2026/01/06 06:56:59 AM","Khanpur"
"259306","Muhammad Zubair","DR-894","EMDS Call","Medical Emergency","Others","2026/01/06 07:04:05 AM","Rahim Yar Khan"
"259307","Saira Bibi","MR-5494","EMDS Call","Medical Emergency","SOB/ Respiratory Distress","2026/01/06 07:04:55 AM","Rahim Yar Khan"
"259308","Saira Bibi","MR-5494","EMDS Call","Medical Emergency","Diarrhea","2026/01/06 07:32:26 AM","Liaqatpur"
"259309","Zupasha Zia","MR-5758","EMDS Call","Medical Emergency","Chest Pain","2026/01/06 07:38:30 AM","Rahim Yar Khan"
"259310","Muhammad Zubair","DR-894","EMDS Call","Medical Emergency","Chest Pain","2026/01/06 07:43:30 AM","Liaqatpur"
"259311","Zia ul Haq","DR-328","EMDS Call","Road Crash","Minor Injuries","2026/01/06 07:59:05 AM","Rahim Yar Khan"
"259312","Zia ul Haq","DR-328","EMDS Call","Medical Emergency","Unconscious","2026/01/06 08:07:58 AM","Rahim Yar Khan"
"259313","Fahad Hussain","DR-538","EMDS Call","Medical Emergency","High Fever","2026/01/06 08:10:25 AM","Rahim Yar Khan"
"259314","Zia ul Haq","DR-328","Direct Call","Rescue Operations","Mass Event Coverage","2026/01/06 08:12:47 AM","Rahim Yar Khan"
"259315","Fahad Hussain","DR-538","EMDS Call","Rescue Operations","Delivery Case","2026/01/06 08:13:40 AM","Rahim Yar Khan"
"259316","Zia ul Haq","DR-328","Direct Call","Rescue Operations","Mass Event Coverage","2026/01/06 08:18:25 AM","Sadiqabad"
"259317","Muhammad Rashid Saleem","DR-187","EMDS Call","Medical Emergency","SOB/ Respiratory Distress","2026/01/06 08:22:55 AM","Rahim Yar Khan"
"259318","Nida Rahat","DR-1322","EMDS Call","Rescue Operations","Electric Shock","2026/01/06 08:28:14 AM","Rahim Yar Khan"
"259319","Fahad Hussain","DR-538","EMDS Call","Medical Emergency","Vomiting","2026/01/06 08:44:58 AM","Liaqatpur"
"75243","Zia ul Haq","DR-328","Direct Call","Patient Transfer Service","N/A","2026/01/06 09:00:33 AM","Sadiqabad"
"259320","Nida Rahat","DR-1322","EMDS Call","Medical Emergency","Chest Pain","2026/01/06 09:04:34 AM","Sadiqabad"
"259321","Muhammad Arshad","DR-198","EMDS Call","Medical Emergency","CVA/Stroke","2026/01/06 09:07:28 AM","Khanpur"
"259322","Muhammad AAmar","DR-915","EMDS Call","Medical Emergency","Unconscious","2026/01/06 09:08:08 AM","Khanpur"
"259323","Zia ul Haq","DR-328","EMDS Call","Medical Emergency","Others","2026/01/06 09:09:44 AM","Rahim Yar Khan"
"259324","Nida Rahat","DR-1322","EMDS Call","Medical Emergency","Domestic Injuries","2026/01/06 09:18:41 AM","Rahim Yar Khan"
"259325","Zia ul Haq","DR-328","EMDS Call","Medical Emergency","Others","2026/01/06 09:22:40 AM","Rahim Yar Khan"
"259326","Nida Rahat","DR-1322","EMDS Call","Medical Emergency","Hypertension","2026/01/06 09:27:45 AM","Sadiqabad"
"259328","Muhammad AAmar","DR-915","EMDS Call","Medical Emergency","SOB/ Respiratory Distress","2026/01/06 09:31:37 AM","Sadiqabad"
"259327","Zia ul Haq","DR-328","EMDS Call","Road Crash","Minor Injuries","2026/01/06 09:31:49 AM","Khanpur"
"259329","Nida Rahat","DR-1322","EMDS Call","Medical Emergency","Others","2026/01/06 09:33:22 AM","Khanpur"
"259330","Muhammad AAmar","DR-915","EMDS Call","Medical Emergency","Hypertension","2026/01/06 09:36:12 AM","Sadiqabad"
"259331","Muhammad AAmar","DR-915","EMDS Call","Medical Emergency","Chest Pain","2026/01/06 09:45:29 AM","Rahim Yar Khan"
"259332","Zia ul Haq","DR-328","EMDS Call","Road Crash","Severe Trauma","2026/01/06 09:47:14 AM","Rahim Yar Khan"
"259332","Zia ul Haq","DR-328","EMDS Call","Road Crash","Severe Trauma","2026/01/06 09:47:14 AM","Rahim Yar Khan"
"259333","Nida Rahat","DR-1322","EMDS Call","Medical Emergency","Others","2026/01/06 09:49:03 AM","Rahim Yar Khan"
"259334","Muhammad Arshad","DR-198","EMDS Call","Medical Emergency","High Fever","2026/01/06 09:58:45 AM","Rahim Yar Khan"
"259335","Muhammad ALi","DR-818","EMDS Call","Medical Emergency","Renal Disorders / Renal Colic ","2026/01/06 10:14:46 AM","Rahim Yar Khan"
"259336","Aasia Batool","MR-5198","EMDS Call","Road Crash","Minor Injuries","2026/01/06 10:15:01 AM","Khanpur"
"259339","Aasia Batool","MR-5198","EMDS Call","Medical Emergency","SOB/ Respiratory Distress","2026/01/06 10:22:54 AM","Khanpur"
"259337","Muhammad ALi","DR-818","EMDS Call","Medical Emergency","Hypertension","2026/01/06 10:23:40 AM","Sadiqabad"
"259338","Muhammad Arshad","DR-198","EMDS Call","Medical Emergency","Others","2026/01/06 10:24:50 AM","Sadiqabad"
"75244","Muhammad ALi","DR-818","Direct Call","Patient Transfer Service","N/A","2026/01/06 10:31:47 AM","Khanpur"
"75245","Muhammad ALi","DR-818","Direct Call","Patient Transfer Service","N/A","2026/01/06 10:33:52 AM","Khanpur"
"259340","Muhammad Arshad","DR-198","EMDS Call","Medical Emergency","Vomiting","2026/01/06 10:39:06 AM","Liaqatpur"
"259341","Aasia Batool","MR-5198","EMDS Call","Road Crash","Minor Injuries","2026/01/06 11:02:16 AM","Rahim Yar Khan"
"259342","Muhammad ALi","DR-818","EMDS Call","Medical Emergency","Unconscious","2026/01/06 11:04:04 AM","Rahim Yar Khan"
"259343","Aasia Batool","MR-5198","EMDS Call","Medical Emergency","Domestic Injuries","2026/01/06 11:12:32 AM","Sadiqabad"
"75246","Muhammad ALi","DR-818","Direct Call","Patient Transfer Service","N/A","2026/01/06 11:24:54 AM","Sadiqabad"
"75247","Aasia Batool","MR-5198","Direct Call","Patient Transfer Service","N/A","2026/01/06 11:36:00 AM","Sadiqabad"
"Not Assigned","Shahid Jamil","DR-184","Direct Call","Community","Community Training","2026/01/06 11:43:46 AM","Khanpur"
"259344","Nida Rahat","DR-1322","EMDS Call","Medical Emergency","Hypertension","2026/01/06 11:46:30 AM","Rahim Yar Khan"
"259346","Nida Rahat","DR-1322","EMDS Call","Road Crash","Minor Injuries","2026/01/06 11:49:52 AM","Khanpur"
"259347","Muhammad Arshad","DR-198","EMDS Call","Medical Emergency","Diabetic","2026/01/06 11:53:25 AM","Rahim Yar Khan"
"259348","Nida Rahat","DR-1322","EMDS Call","Medical Emergency","Others","2026/01/06 12:01:04 PM","Rahim Yar Khan"
"259349","Shahid Jamil","DR-184","EMDS Call","Medical Emergency","Renal Disorders / Renal Colic ","2026/01/06 12:10:33 PM","Rahim Yar Khan"
"259350","Shahid Jamil","DR-184","EMDS Call","Medical Emergency","High Fever","2026/01/06 12:16:21 PM","Rahim Yar Khan"
"259351","Fahad Hussain","DR-538","EMDS Call","Road Crash","Minor Injuries","2026/01/06 12:25:11 PM","Rahim Yar Khan"
"75248","Nida Rahat","DR-1322","Direct Call","Patient Transfer Service","N/A","2026/01/06 12:27:54 PM","Khanpur"
"259352","Shahid Jamil","DR-184","EMDS Call","Medical Emergency","Hypertension","2026/01/06 12:28:31 PM","Rahim Yar Khan"
"75249","Nida Rahat","DR-1322","Direct Call","Patient Transfer Service","N/A","2026/01/06 12:37:53 PM","Sadiqabad"
"259353","Fahad Hussain","DR-538","EMDS Call","Medical Emergency","Others","2026/01/06 12:36:51 PM","Rahim Yar Khan"
"259354","Nida Rahat","DR-1322","EMDS Call","Medical Emergency","Others","2026/01/06 12:41:36 PM","Rahim Yar Khan"
"259355","Fahad Hussain","DR-538","EMDS Call","Medical Emergency","Hypotension","2026/01/06 12:45:10 PM","Rahim Yar Khan"
"75250","Nida Rahat","DR-1322","Direct Call","Patient Transfer Service","N/A","2026/01/06 12:47:47 PM","Sadiqabad"
"259356","Nida Rahat","DR-1322","EMDS Call","Road Crash","Minor Injuries","2026/01/06 12:50:00 PM","Sadiqabad"
"259357","Muhammad Rashid Saleem","DR-187","EMDS Call","Medical Emergency","Others","2026/01/06 01:00:33 PM","Rahim Yar Khan"
"259358","Muhammad Arshad","DR-198","EMDS Call","Medical Emergency","Abdominal Pain","2026/01/06 02:02:59 PM","Khanpur"
"259359","Nida Rahat","DR-1322","EMDS Call","Medical Emergency","Others","2026/01/06 02:12:08 PM","Sadiqabad"
"259360","Muhammad Fiaz","DR-206","EMDS Call","Road Crash","Severe Trauma","2026/01/06 02:20:59 PM","Khanpur"
"259360","Muhammad Fiaz","DR-206","EMDS Call","Road Crash","Severe Trauma","2026/01/06 02:20:59 PM","Khanpur"
"259361","Muhammad AAmar","DR-915","EMDS Call","Medical Emergency","Others","2026/01/06 02:31:04 PM","Rahim Yar Khan"
"259362","Muhammad AAmar","DR-915","EMDS Call","Medical Emergency","Others","2026/01/06 02:35:30 PM","Rahim Yar Khan"
"259363","Shahla Nawaz","DR-185","EMDS Call","Medical Emergency","Chest Pain","2026/01/06 02:39:39 PM","Khanpur"
"259364","Muhammad Fiaz","DR-206","EMDS Call","Medical Emergency","SOB/ Respiratory Distress","2026/01/06 02:43:47 PM","Rahim Yar Khan"
"259365","Muhammad Arshad","DR-198","EMDS Call","Medical Emergency","High Fever","2026/01/06 02:57:28 PM","Rahim Yar Khan"
"75251","Muhammad Fiaz","DR-206","Direct Call","Patient Transfer Service","N/A","2026/01/06 02:59:29 PM","Khanpur"
"75252","Muhammad Fiaz","DR-206","Direct Call","Patient Transfer Service","N/A","2026/01/06 03:00:04 PM","Sadiqabad"
"259366","Shahla Nawaz","DR-185","EMDS Call","Medical Emergency","Hypertension","2026/01/06 03:05:45 PM","Sadiqabad"
"75253","Muhammad Arshad","DR-198","Direct Call","Patient Transfer Service","N/A","2026/01/06 03:13:01 PM","Sadiqabad"
"259367","Shahla Nawaz","DR-185","EMDS Call","Medical Emergency","Abdominal Pain","2026/01/06 03:15:27 PM","Rahim Yar Khan"
"259368","Rana M. Usman","DR-200","EMDS Call","Medical Emergency","Unconscious","2026/01/06 03:19:36 PM","Sadiqabad"
"75254","Muhammad Arshad","DR-198","Direct Call","Patient Transfer Service","N/A","2026/01/06 03:21:56 PM","Sadiqabad"
"259369","Muhammad Arshad","DR-198","EMDS Call","Medical Emergency","Others","2026/01/06 03:26:31 PM","Rahim Yar Khan"
"259370","Muhammad Fiaz","DR-206","EMDS Call","Medical Emergency","Others","2026/01/06 03:29:34 PM","Rahim Yar Khan"
"259371","Sheeza Barkat","MR-5331","EMDS Call","Medical Emergency","SOB/ Respiratory Distress","2026/01/06 03:28:44 PM","Rahim Yar Khan"
"259372","Sheeza Barkat","MR-5331","EMDS Call","Road Crash","Bleeding","2026/01/06 03:36:53 PM","Rahim Yar Khan"
"259373","Muhammad Fiaz","DR-206","EMDS Call","Road Crash","Minor Injuries","2026/01/06 03:36:07 PM","Rahim Yar Khan"
"75255","Muhammad Arshad","DR-198","Direct Call","Patient Transfer Service","N/A","2026/01/06 03:39:57 PM","Sadiqabad"
"259374","Muhammad Fiaz","DR-206","EMDS Call","Medical Emergency","Unconscious","2026/01/06 03:42:03 PM","Rahim Yar Khan"
"259375","Muhammad Fiaz","DR-206","EMDS Call","Medical Emergency","Others","2026/01/06 04:02:11 PM","Rahim Yar Khan"
"259376","Muhammad Fiaz","DR-206","EMDS Call","Medical Emergency","Others","2026/01/06 04:04:22 PM","Rahim Yar Khan"
"259377","Muhammad Fiaz","DR-206","EMDS Call","Road Crash","Bleeding","2026/01/06 04:06:24 PM","Khanpur"
"259378","Sheeza Barkat","MR-5331","EMDS Call","Medical Emergency","Others","2026/01/06 04:14:57 PM","Liaqatpur"
"259379","Muhammad Fiaz","DR-206","EMDS Call","Medical Emergency","Others","2026/01/06 04:22:10 PM","Rahim Yar Khan"
"259381","Sheeza Barkat","MR-5331","EMDS Call","Road Crash","Multiple Fractures","2026/01/06 04:25:14 PM","Sadiqabad"
"259380","Muhammad Arshad","DR-198","EMDS Call","Medical Emergency","Domestic Injuries","2026/01/06 04:25:44 PM","Rahim Yar Khan"
"259382","Muhammad Fiaz","DR-206","EMDS Call","Medical Emergency","Others","2026/01/06 04:32:54 PM","Rahim Yar Khan"
"259383","Muhammad Fiaz","DR-206","EMDS Call","Road Crash","Bleeding","2026/01/06 04:35:33 PM","Liaqatpur"
"259384","Muhammad Fiaz","DR-206","EMDS Call","Medical Emergency","Unconscious","2026/01/06 04:39:56 PM","Rahim Yar Khan"
"259385","Muhammad Arshad","DR-198","EMDS Call","Medical Emergency","Others","2026/01/06 04:41:06 PM","Rahim Yar Khan"
"259386","Muhammad Fiaz","DR-206","EMDS Call","Rescue Operations","Electric Shock","2026/01/06 04:43:15 PM","Rahim Yar Khan"
"259387","Shahla Nawaz","DR-185","EMDS Call","Medical Emergency","Others","2026/01/06 04:56:41 PM","Khanpur"
"75256","Muhammad Arshad","DR-198","Direct Call","Patient Transfer Service","N/A","2026/01/06 05:04:38 PM","Liaqatpur"
"259388","Sheeza Barkat","MR-5331","EMDS Call","Road Crash","Bleeding","2026/01/06 05:14:36 PM","Sadiqabad"
"259390","Muhammad Fiaz","DR-206","EMDS Call","Medical Emergency","Others","2026/01/06 05:26:45 PM","Rahim Yar Khan"
"259389","Sheeza Barkat","MR-5331","EMDS Call","Medical Emergency","Hypertension","2026/01/06 05:26:19 PM","Liaqatpur"
"259391","Muhammad Arshad","DR-198","EMDS Call","Medical Emergency","Others","2026/01/06 05:30:26 PM","Liaqatpur"
"259392","Sheeza Barkat","MR-5331","EMDS Call","Road Crash","Severe Trauma","2026/01/06 05:35:48 PM","Liaqatpur"
"75257","Muhammad Fiaz","DR-206","Direct Call","Patient Transfer Service","N/A","2026/01/06 05:42:30 PM","Khanpur"
"75258","Muhammad Fiaz","DR-206","Direct Call","Patient Transfer Service","N/A","2026/01/06 05:49:46 PM","Khanpur"
"259393","Muhammad Fiaz","DR-206","EMDS Call","Medical Emergency","Others","2026/01/06 05:51:16 PM","Sadiqabad"
"259394","Shahla Nawaz","DR-185","EMDS Call","Medical Emergency","Others","2026/01/06 05:51:11 PM","Rahim Yar Khan"
"75259","Muhammad Fiaz","DR-206","Direct Call","Patient Transfer Service","N/A","2026/01/06 05:57:10 PM","Sadiqabad"
"259395","Sheeza Barkat","MR-5331","EMDS Call","Road Crash","Bleeding","2026/01/06 05:57:28 PM","Rahim Yar Khan"
"259396","Muhammad Fiaz","DR-206","EMDS Call","Medical Emergency","Chest Pain","2026/01/06 05:58:41 PM","Sadiqabad"
"259397","Muhammad Fiaz","DR-206","EMDS Call","Road Crash","Minor Injuries","2026/01/06 06:03:47 PM","Rahim Yar Khan"
"259398","Shahla Nawaz","DR-185","EMDS Call","Crime","Physical Assault/Violence","2026/01/06 06:04:03 PM","Khanpur"
"259399","Muhammad Fiaz","DR-206","EMDS Call","Road Crash","Minor Injuries","2026/01/06 06:05:24 PM","Rahim Yar Khan"
"259401","Muhammad Fiaz","DR-206","EMDS Call","Road Crash","Multiple Fractures","2026/01/06 06:09:10 PM","Rahim Yar Khan"
"259400","Shahla Nawaz","DR-185","EMDS Call","Medical Emergency","Epilepsy","2026/01/06 06:09:37 PM","Rahim Yar Khan"
"259402","Muhammad Fiaz","DR-206","EMDS Call","Medical Emergency","Chest Pain","2026/01/06 06:16:48 PM","Rahim Yar Khan"
"259403","Sheeza Barkat","MR-5331","EMDS Call","Rescue Operations","Snake Emergency","2026/01/06 06:29:33 PM","Liaqatpur"
"259404","Muhammad Fiaz","DR-206","EMDS Call","Medical Emergency","Others","2026/01/06 06:28:51 PM","Sadiqabad"
"259405","Sheeza Barkat","MR-5331","EMDS Call","Road Crash","Bleeding","2026/01/06 06:36:52 PM","Rahim Yar Khan"
"259406","Shahla Nawaz","DR-185","EMDS Call","Medical Emergency","Others","2026/01/06 06:36:19 PM","Rahim Yar Khan"
"259407","Sheeza Barkat","MR-5331","EMDS Call","Medical Emergency","Hypertension","2026/01/06 06:42:51 PM","Rahim Yar Khan"
"259408","Sheeza Barkat","MR-5331","EMDS Call","Road Crash","Bleeding","2026/01/06 06:49:58 PM","Khanpur"
"259409","Muhammad Fiaz","DR-206","EMDS Call","Medical Emergency","Abdominal Pain","2026/01/06 06:50:52 PM","Rahim Yar Khan"
"259410","Shahla Nawaz","DR-185","EMDS Call","Medical Emergency","SOB/ Respiratory Distress","2026/01/06 06:54:06 PM","Liaqatpur"
"259411","Sheeza Barkat","MR-5331","EMDS Call","Medical Emergency","Others","2026/01/06 06:56:06 PM","Sadiqabad"
"259412","Shahla Nawaz","DR-185","EMDS Call","Medical Emergency","SOB/ Respiratory Distress","2026/01/06 07:03:40 PM","Rahim Yar Khan"
"259413","Muhammad Fiaz","DR-206","EMDS Call","Medical Emergency","Unconscious","2026/01/06 07:05:05 PM","Sadiqabad"
"75260","Muhammad Fiaz","DR-206","Direct Call","Patient Transfer Service","N/A","2026/01/06 07:11:37 PM","Sadiqabad"
"259414","Shahla Nawaz","DR-185","EMDS Call","Medical Emergency","Chest Pain","2026/01/06 07:18:19 PM","Khanpur"
"259415","Muhammad Fiaz","DR-206","EMDS Call","Road Crash","Bleeding","2026/01/06 07:20:46 PM","Rahim Yar Khan"
"259415","Muhammad Fiaz","DR-206","EMDS Call","Road Crash","Bleeding","2026/01/06 07:20:46 PM","Rahim Yar Khan"
"259416","Sheeza Barkat","MR-5331","EMDS Call","Medical Emergency","Diabetic","2026/01/06 07:23:30 PM","Rahim Yar Khan"
"259417","Muhammad Riaz","DR-654","Direct Call","Medical Emergency","Others","2026/01/06 07:28:20 PM","Rahim Yar Khan"
"259418","Muhammad Riaz","DR-654","EMDS Call","Medical Emergency","Vomiting","2026/01/06 07:32:19 PM","Rahim Yar Khan"
"259419","Shahla Nawaz","DR-185","EMDS Call","Medical Emergency","Others","2026/01/06 07:35:23 PM","Rahim Yar Khan"
"259420","Sheeza Barkat","MR-5331","EMDS Call","Road Crash","Minor Injuries","2026/01/06 07:43:30 PM","Rahim Yar Khan"
"259421","Muhammad Riaz","DR-654","EMDS Call","Medical Emergency","Hypertension","2026/01/06 07:43:17 PM","Sadiqabad"
"75261","Muhammad Fiaz","DR-206","Direct Call","Patient Transfer Service","N/A","2026/01/06 07:50:22 PM","Sadiqabad"
"259422","Shahla Nawaz","DR-185","EMDS Call","Medical Emergency","Others","2026/01/06 07:57:00 PM","Rahim Yar Khan"
"259423","Muhammad Riaz","DR-654","EMDS Call","Fire","Others","2026/01/06 08:00:01 PM","Rahim Yar Khan"
"259424","Shahla Nawaz","DR-185","EMDS Call","Road Crash","Bleeding","2026/01/06 08:07:51 PM","Rahim Yar Khan"
"259425","Muhammad Fiaz","DR-206","EMDS Call","Medical Emergency","Others","2026/01/06 08:15:53 PM","Liaqatpur"
"259426","Sheeza Barkat","MR-5331","EMDS Call","Medical Emergency","Others","2026/01/06 08:18:19 PM","Rahim Yar Khan"
"259427","Muhammad Fiaz","DR-206","EMDS Call","Rescue Operations","Delivery Case","2026/01/06 08:18:53 PM","Liaqatpur"
"259428","Sheeza Barkat","MR-5331","EMDS Call","Medical Emergency","Others","2026/01/06 08:21:42 PM","Sadiqabad"
"259429","Sheeza Barkat","MR-5331","EMDS Call","Medical Emergency","Others","2026/01/06 08:25:40 PM","Khanpur"
"259430","Sheeza Barkat","MR-5331","EMDS Call","Medical Emergency","Chest Pain","2026/01/06 08:35:44 PM","Khanpur"
"259431","Shahla Nawaz","DR-185","EMDS Call","Crime","Probable Suicide","2026/01/06 08:35:09 PM","Sadiqabad"
"259432","Sheeza Barkat","MR-5331","EMDS Call","Medical Emergency","Others","2026/01/06 08:48:25 PM","Rahim Yar Khan"
"259433","Muhammad Zubair","DR-894","EMDS Call","Medical Emergency","SOB/ Respiratory Distress","2026/01/06 08:51:32 PM","Sadiqabad"
"259434","Maheen Tahir","MR-6017","EMDS Call","Medical Emergency","Chest Pain","2026/01/06 09:12:27 PM","Khanpur"
"259435","Muhammad Zubair","DR-894","EMDS Call","Medical Emergency","Others","2026/01/06 09:17:30 PM","Rahim Yar Khan"
"259436","Muhammad Zubair","DR-894","EMDS Call","Medical Emergency","Chest Pain","2026/01/06 09:22:08 PM","Khanpur"
"259437","Maheen Tahir","MR-6017","EMDS Call","Road Crash","Bleeding","2026/01/06 09:35:27 PM","Rahim Yar Khan"
"259438","Saira Bibi","MR-5494","EMDS Call","Medical Emergency","SOB/ Respiratory Distress","2026/01/06 09:40:34 PM","Khanpur"
"259439","Maheen Tahir","MR-6017","EMDS Call","Medical Emergency","Unconscious","2026/01/06 09:55:42 PM","Rahim Yar Khan"
"259440","Maheen Tahir","MR-6017","EMDS Call","Medical Emergency","Hypertension","2026/01/06 10:08:42 PM","Rahim Yar Khan"
"259441","Sajid Mehmood","DR-914","EMDS Call","Medical Emergency","Hypertension","2026/01/06 10:13:48 PM","Khanpur"
"259442","Sajid Mehmood","DR-914","EMDS Call","Road Crash","Minor Injuries","2026/01/06 10:18:49 PM","Rahim Yar Khan"
"259443","Faiz Muhyy Ul Din","DR-892","EMDS Call","Medical Emergency","Others","2026/01/06 10:20:34 PM","Rahim Yar Khan"
"259444","Sajid Mehmood","DR-914","EMDS Call","Medical Emergency","SOB/ Respiratory Distress","2026/01/06 10:31:06 PM","Khanpur"
"259445","Maheen Tahir","MR-6017","EMDS Call","Medical Emergency","Others","2026/01/06 10:38:48 PM","Rahim Yar Khan"
"259446","Faiz Muhyy Ul Din","DR-892","Direct Call","Medical Emergency","Abdominal Pain","2026/01/06 10:41:00 PM","Khanpur"
"75262","Faiz Muhyy Ul Din","DR-892","Direct Call","Patient Transfer Service","N/A","2026/01/06 10:42:25 PM","Liaqatpur"
"259447","Faiz Muhyy Ul Din","DR-892","EMDS Call","Medical Emergency","SOB/ Respiratory Distress","2026/01/06 10:45:19 PM","Rahim Yar Khan"
"259448","Sajid Mehmood","DR-914","EMDS Call","Medical Emergency","Others","2026/01/06 10:55:29 PM","Rahim Yar Khan"
"259449","Faiz Muhyy Ul Din","DR-892","EMDS Call","Medical Emergency","Others","2026/01/06 11:15:56 PM","Sadiqabad"
"259450","Sajid Mehmood","DR-914","EMDS Call","Medical Emergency","Chest Pain","2026/01/06 11:20:57 PM","Rahim Yar Khan"
"259451","Maheen Tahir","MR-6017","EMDS Call","Medical Emergency","SOB/ Respiratory Distress","2026/01/06 11:20:37 PM","Rahim Yar Khan"
"259452","Faiz Muhyy Ul Din","DR-892","EMDS Call","Medical Emergency","SOB/ Respiratory Distress","2026/01/06 11:31:28 PM","Rahim Yar Khan"
"259454","Maheen Tahir","MR-6017","EMDS Call","Rescue Operations","Electric Shock","2026/01/06 11:35:43 PM","Rahim Yar Khan"
"259453","Sajid Mehmood","DR-914","EMDS Call","Medical Emergency","Epilepsy","2026/01/06 11:36:38 PM","Khanpur"
"259455","Faiz Muhyy Ul Din","DR-892","EMDS Call","Medical Emergency","SOB/ Respiratory Distress","2026/01/06 11:38:15 PM","Khanpur"
"259456","Maheen Tahir","MR-6017","EMDS Call","Rescue Operations","Delivery Case","2026/01/06 11:53:43 PM","Sadiqabad"
"259457","Maheen Tahir","MR-6017","Direct Call","Rescue Operations","Mass Event Coverage","2026/01/07 12:12:18 AM","Rahim Yar Khan"
"259458","Sajid Mehmood","DR-914","EMDS Call","Medical Emergency","Abdominal Pain","2026/01/07 12:34:16 AM","Khanpur"
"259459","Maheen Tahir","MR-6017","EMDS Call","Medical Emergency","Abdominal Pain","2026/01/07 12:38:01 AM","Sadiqabad"
"259460","Sajid Mehmood","DR-914","EMDS Call","Medical Emergency","Others","2026/01/07 01:01:32 AM","Rahim Yar Khan"
"259461","Maheen Tahir","MR-6017","Direct Call","Medical Emergency","SOB/ Respiratory Distress","2026/01/07 02:47:20 AM","Khanpur"
"259462","Sajid Mehmood","DR-914","Direct Call","Fall","Slipped On Floor","2026/01/07 03:15:07 AM","Khanpur"
"259463","Faiz Muhyy Ul Din","DR-892","EMDS Call","Medical Emergency","SOB/ Respiratory Distress","2026/01/07 03:32:05 AM","Rahim Yar Khan"
"259464","Saira Bibi","MR-5494","EMDS Call","Medical Emergency","Drug Addiction","2026/01/07 03:51:28 AM","Sadiqabad"
"259465","Saira Bibi","MR-5494","EMDS Call","Medical Emergency","Unconscious","2026/01/07 04:15:30 AM","Liaqatpur"
"259466","Faiz Muhyy Ul Din","DR-892","EMDS Call","Medical Emergency","Unconscious","2026/01/07 04:19:08 AM","Rahim Yar Khan"
"259467","Muhammad Zubair","DR-894","EMDS Call","Medical Emergency","Others","2026/01/07 04:45:33 AM","Rahim Yar Khan"
"259468","Saira Bibi","MR-5494","EMDS Call","Rescue Operations","Delivery Case","2026/01/07 04:51:16 AM","Sadiqabad"
"259469","Faiz Muhyy Ul Din","DR-892","EMDS Call","Road Crash","Bleeding","2026/01/07 04:44:19 AM","Rahim Yar Khan"
"259470","Saira Bibi","MR-5494","EMDS Call","Medical Emergency","Unconscious","2026/01/07 05:02:32 AM","Rahim Yar Khan"
"259471","Muhammad Zubair","DR-894","EMDS Call","Medical Emergency","Others","2026/01/07 05:04:19 AM","Liaqatpur"
"259472","Muhammad Zubair","DR-894","EMDS Call","Medical Emergency","Unconscious","2026/01/07 05:54:17 AM","Rahim Yar Khan"
"259473","Saira Bibi","MR-5494","EMDS Call","Medical Emergency","High Fever","2026/01/07 05:55:22 AM","Rahim Yar Khan"
"259474","Muhammad Zubair","DR-894","EMDS Call","Medical Emergency","Chest Pain","2026/01/07 06:53:04 AM","Rahim Yar Khan"
"259475","Muhammad Zubair","DR-894","Direct Call","Rescue Operations","Mass Event Coverage","2026/01/07 07:34:27 AM","Rahim Yar Khan"
"259476","Zupasha Zia","MR-5758","EMDS Call","Medical Emergency","Others","2026/01/07 07:45:22 AM","Rahim Yar Khan"
"259477","Zia ul Haq","DR-328","Direct Call","Rescue Operations","Mass Event Coverage","2026/01/07 07:58:48 AM","Rahim Yar Khan"
"259478","Zia ul Haq","DR-328","Direct Call","Rescue Operations","Mass Event Coverage","2026/01/07 08:06:33 AM","Sadiqabad"
"259479","Zupasha Zia","MR-5758","EMDS Call","Medical Emergency","Epilepsy","2026/01/07 08:08:07 AM","Rahim Yar Khan"
"259480","Fahad Hussain","DR-538","EMDS Call","Medical Emergency","Others","2026/01/07 08:16:02 AM","Khanpur"
"259481","Muhammad Rashid Saleem","DR-187","EMDS Call","Medical Emergency","Others","2026/01/07 08:31:13 AM","Rahim Yar Khan"
"259482","Zupasha Zia","MR-5758","Direct Call","Medical Emergency","Others","2026/01/07 08:52:00 AM","Rahim Yar Khan"
"259483","Nida Rahat","DR-1322","EMDS Call","Medical Emergency","Others","2026/01/07 09:07:56 AM","Sadiqabad"
"259484","Zia ul Haq","DR-328","EMDS Call","Medical Emergency","Vomiting","2026/01/07 09:11:08 AM","Rahim Yar Khan"
"259485","Zia ul Haq","DR-328","EMDS Call","Medical Emergency","Vomiting","2026/01/07 09:18:25 AM","Rahim Yar Khan"
"259486","Nida Rahat","DR-1322","EMDS Call","Road Crash","Bleeding","2026/01/07 09:18:28 AM","Rahim Yar Khan"
"259487","Nida Rahat","DR-1322","EMDS Call","Road Crash","Minor Injuries","2026/01/07 09:29:33 AM","Rahim Yar Khan"
"259489","Muhammad AAmar","DR-915","EMDS Call","Fall","Fall From Tree","2026/01/07 09:37:12 AM","Rahim Yar Khan"
"259488","Nida Rahat","DR-1322","EMDS Call","Medical Emergency","Others","2026/01/07 09:37:26 AM","Liaqatpur"
"259490","Zia ul Haq","DR-328","EMDS Call","Medical Emergency","Chest Pain","2026/01/07 09:37:27 AM","Liaqatpur"
"75263","Nida Rahat","DR-1322","Direct Call","Patient Transfer Service","N/A","2026/01/07 09:46:35 AM","Sadiqabad"
"75264","Nida Rahat","DR-1322","Direct Call","Patient Transfer Service","N/A","2026/01/07 09:50:21 AM","Sadiqabad"
"259491","Nida Rahat","DR-1322","EMDS Call","Road Crash","Bleeding","2026/01/07 09:50:37 AM","Rahim Yar Khan"
"75265","Muhammad Arshad","DR-198","Direct Call","Patient Transfer Service","N/A","2026/01/07 09:56:31 AM","Khanpur"
"259492","Muhammad AAmar","DR-915","EMDS Call","Rescue Operations","Delivery Case","2026/01/07 09:56:09 AM","Khanpur"
"259493","Muhammad ALi","DR-818","EMDS Call","Road Crash","Minor Injuries","2026/01/07 10:01:15 AM","Rahim Yar Khan"
"259494","Muhammad ALi","DR-818","EMDS Call","Medical Emergency","Chest Pain","2026/01/07 10:06:01 AM","Khanpur"
"259495","Muhammad ALi","DR-818","EMDS Call","Medical Emergency","Vomiting","2026/01/07 10:11:12 AM","Rahim Yar Khan"
"75266","Muhammad ALi","DR-818","Direct Call","Patient Transfer Service","N/A","2026/01/07 10:15:44 AM","Liaqatpur"
"259496","Zupasha Zia","MR-5758","EMDS Call","Medical Emergency","Vomiting","2026/01/07 10:15:37 AM","Rahim Yar Khan"
"259497","Muhammad Arshad","DR-198","EMDS Call","Rescue Operations","Delivery Case","2026/01/07 10:37:56 AM","Liaqatpur"
"259498","Muhammad ALi","DR-818","EMDS Call","Road Crash","Multiple Fractures","2026/01/07 10:43:57 AM","Rahim Yar Khan"
"259499","Muhammad ALi","DR-818","Direct Call","Rescue Operations","Mass Event Coverage","2026/01/07 10:45:28 AM","Rahim Yar Khan"
"259500","Muhammad ALi","DR-818","EMDS Call","Road Crash","Multiple Fractures","2026/01/07 10:46:57 AM","Liaqatpur"
"259501","Muhammad ALi","DR-818","EMDS Call","Road Crash","Minor Injuries","2026/01/07 10:51:23 AM","Rahim Yar Khan"
"259502","Muhammad Arshad","DR-198","EMDS Call","Medical Emergency","High Fever","2026/01/07 10:52:10 AM","Rahim Yar Khan"
"75267","Muhammad ALi","DR-818","Direct Call","Patient Transfer Service","N/A","2026/01/07 10:58:48 AM","Khanpur"
"Not Assigned","Muhammad Arshad","DR-198","Direct Call","Community","Community Training","2026/01/07 11:05:53 AM","Khanpur"
"259504","Muhammad ALi","DR-818","Direct Call","Medical Emergency","Others","2026/01/07 11:06:12 AM","Sadiqabad"
"259505","Muhammad AAmar","DR-915","EMDS Call","Medical Emergency","Abdominal Pain","2026/01/07 11:15:12 AM","Sadiqabad"
"259506","Muhammad AAmar","DR-915","EMDS Call","Medical Emergency","Others","2026/01/07 11:27:48 AM","Rahim Yar Khan"
"259507","Muhammad ALi","DR-818","EMDS Call","Medical Emergency","Hypertension","2026/01/07 11:35:03 AM","Rahim Yar Khan"
"259508","Zupasha Zia","MR-5758","EMDS Call","Road Crash","Severe Trauma","2026/01/07 11:35:29 AM","Liaqatpur"
"259509","Zupasha Zia","MR-5758","EMDS Call","Medical Emergency","SOB/ Respiratory Distress","2026/01/07 11:41:08 AM","Liaqatpur"
"259511","Muhammad Arshad","DR-198","EMDS Call","Rescue Operations","Snake Emergency","2026/01/07 11:43:59 AM","Liaqatpur"
"259510","Muhammad ALi","DR-818","EMDS Call","Medical Emergency","High Fever","2026/01/07 11:45:01 AM","Rahim Yar Khan"
"259512","Zupasha Zia","MR-5758","EMDS Call","Medical Emergency","Epilepsy","2026/01/07 11:46:03 AM","Liaqatpur"
"259513","Muhammad AAmar","DR-915","EMDS Call","Medical Emergency","Others","2026/01/07 11:57:51 AM","Rahim Yar Khan"
"259514","Nida Rahat","DR-1322","EMDS Call","Medical Emergency","SOB/ Respiratory Distress","2026/01/07 12:17:05 PM","Rahim Yar Khan"
"259515","Muhammad Arshad","DR-198","EMDS Call","Road Crash","Minor Injuries","2026/01/07 12:20:04 PM","Rahim Yar Khan"
"259516","Nida Rahat","DR-1322","EMDS Call","Medical Emergency","Others","2026/01/07 12:40:44 PM","Liaqatpur"
"259517","Nida Rahat","DR-1322","EMDS Call","Medical Emergency","Hypertension","2026/01/07 01:01:06 PM","Sadiqabad"
"259519","Zia ul Haq","DR-328","EMDS Call","Road Crash","Bleeding","2026/01/07 01:01:24 PM","Sadiqabad"
"259518","Muhammad ALi","DR-818","EMDS Call","Medical Emergency","High Fever","2026/01/07 01:04:40 PM","Rahim Yar Khan"
"259520","Nida Rahat","DR-1322","EMDS Call","Medical Emergency","Diabetic","2026/01/07 01:06:14 PM","Sadiqabad"
"259521","Zia ul Haq","DR-328","EMDS Call","Medical Emergency","Unconscious","2026/01/07 01:08:43 PM","Sadiqabad"
"259522","Zia ul Haq","DR-328","EMDS Call","Medical Emergency","Vomiting","2026/01/07 01:16:49 PM","Rahim Yar Khan"
"259523","Bushra Saleem","MR-5701","EMDS Call","Road Crash","Minor Injuries","2026/01/07 02:21:16 PM","Rahim Yar Khan"
"259524","Muhammad ALi","DR-818","EMDS Call","Medical Emergency","Vomiting","2026/01/07 02:22:01 PM","Sadiqabad"
"259525","Muhammad Arshad","DR-198","EMDS Call","Road Crash","Minor Injuries","2026/01/07 02:23:57 PM","Khanpur"
"259526","Muhammad ALi","DR-818","EMDS Call","Medical Emergency","Abdominal Pain","2026/01/07 02:36:15 PM","Sadiqabad"
"259527","Bushra Saleem","MR-5701","EMDS Call","Medical Emergency","Others","2026/01/07 02:36:54 PM","Rahim Yar Khan"
"259528","Muhammad Arshad","DR-198","EMDS Call","Rescue Operations","Snake Emergency","2026/01/07 02:42:40 PM","Rahim Yar Khan"
"259529","Bushra Saleem","MR-5701","EMDS Call","Medical Emergency","Joints Pain","2026/01/07 02:44:01 PM","Rahim Yar Khan"
"259530","Bushra Saleem","MR-5701","EMDS Call","Medical Emergency","High Fever","2026/01/07 02:46:36 PM","Sadiqabad"
"259531","Muhammad Fiaz","DR-206","EMDS Call","Road Crash","Minor Injuries","2026/01/07 02:55:52 PM","Liaqatpur"
"259532","Bushra Saleem","MR-5701","EMDS Call","Medical Emergency","Abdominal Pain","2026/01/07 03:00:04 PM","Rahim Yar Khan"
"259533","Bushra Saleem","MR-5701","EMDS Call","Medical Emergency","Hypotension","2026/01/07 03:03:55 PM","Rahim Yar Khan"
"259534","Bushra Saleem","MR-5701","EMDS Call","Medical Emergency","Abdominal Pain","2026/01/07 03:09:09 PM","Rahim Yar Khan"
"259535","Muhammad Fiaz","DR-206","EMDS Call","Medical Emergency","Vomiting","2026/01/07 03:14:17 PM","Rahim Yar Khan"
"75268","Bushra Saleem","MR-5701","Direct Call","Patient Transfer Service","N/A","2026/01/07 03:16:43 PM","Sadiqabad"
"75269","Bushra Saleem","MR-5701","Direct Call","Patient Transfer Service","N/A","2026/01/07 03:30:07 PM","Sadiqabad"
"259536","Adil Iqbal","DR-782","EMDS Call","Medical Emergency","SOB/ Respiratory Distress","2026/01/07 03:36:39 PM","Sadiqabad"
"259537","Bushra Saleem","MR-5701","EMDS Call","Medical Emergency","Others","2026/01/07 03:37:14 PM","Khanpur"
"259538","Shahla Nawaz","DR-185","EMDS Call","Medical Emergency","Unconscious","2026/01/07 03:39:18 PM","Rahim Yar Khan"
"75270","Adil Iqbal","DR-782","Direct Call","Patient Transfer Service","N/A","2026/01/07 03:45:47 PM","Sadiqabad"
"259539","Adil Iqbal","DR-782","EMDS Call","Road Crash","Bleeding","2026/01/07 03:48:58 PM","Rahim Yar Khan"
"259540","Bushra Saleem","MR-5701","EMDS Call","Medical Emergency","Others","2026/01/07 03:48:50 PM","Rahim Yar Khan"
"259541","Shahla Nawaz","DR-185","EMDS Call","Medical Emergency","SOB/ Respiratory Distress","2026/01/07 03:49:01 PM","Rahim Yar Khan"
"259542","Adil Iqbal","DR-782","EMDS Call","Medical Emergency","SOB/ Respiratory Distress","2026/01/07 04:11:08 PM","Sadiqabad"
"75271","Bushra Saleem","MR-5701","Direct Call","Patient Transfer Service","N/A","2026/01/07 04:20:20 PM","Sadiqabad"
"259543","Shahla Nawaz","DR-185","EMDS Call","Medical Emergency","Hypertension","2026/01/07 04:24:11 PM","Rahim Yar Khan"
"75272","Muhammad Fiaz","DR-206","Direct Call","Patient Transfer Service","N/A","2026/01/07 04:31:31 PM","Khanpur"
"259544","Bushra Saleem","MR-5701","EMDS Call","Medical Emergency","Others","2026/01/07 04:32:44 PM","Liaqatpur"
"259545","Muhammad Fiaz","DR-206","EMDS Call","Medical Emergency","Others","2026/01/07 04:32:27 PM","Khanpur"
"75273","Bushra Saleem","MR-5701","Direct Call","Patient Transfer Service","N/A","2026/01/07 04:40:04 PM","Sadiqabad"
"259546","Bushra Saleem","MR-5701","EMDS Call","Medical Emergency","Others","2026/01/07 04:52:49 PM","Rahim Yar Khan"
"259548","Muhammad Fiaz","DR-206","EMDS Call","Medical Emergency","Unconscious","2026/01/07 04:55:35 PM","Rahim Yar Khan"
"259547","Bushra Saleem","MR-5701","EMDS Call","Road Crash","Bleeding","2026/01/07 04:57:18 PM","Liaqatpur"
"259549","Bushra Saleem","MR-5701","EMDS Call","Road Crash","Bleeding","2026/01/07 05:03:12 PM","Rahim Yar Khan"
"259550","Muhammad Fiaz","DR-206","EMDS Call","Medical Emergency","Hypertension","2026/01/07 05:07:48 PM","Khanpur"
"259551","Muhammad Fiaz","DR-206","EMDS Call","Medical Emergency","Others","2026/01/07 05:11:02 PM","Rahim Yar Khan"
"259552","Muhammad Fiaz","DR-206","EMDS Call","Medical Emergency","Abdominal Pain","2026/01/07 05:14:46 PM","Khanpur"
"259553","Muhammad Fiaz","DR-206","EMDS Call","Medical Emergency","Others","2026/01/07 05:36:49 PM","Rahim Yar Khan"
"259554","Bushra Saleem","MR-5701","EMDS Call","Road Crash","Bleeding","2026/01/07 05:40:41 PM","Rahim Yar Khan"
"259555","Muhammad Fiaz","DR-206","EMDS Call","Road Crash","Bleeding","2026/01/07 05:41:21 PM","Sadiqabad"
"259556","Shahla Nawaz","DR-185","EMDS Call","Medical Emergency","Abdominal Pain","2026/01/07 05:48:30 PM","Sadiqabad"
"259557","Shahla Nawaz","DR-185","EMDS Call","Medical Emergency","Abdominal Pain","2026/01/07 05:52:52 PM","Khanpur"
"259558","Muhammad Riaz","DR-654","EMDS Call","Medical Emergency","Others","2026/01/07 06:02:26 PM","Rahim Yar Khan"
"259559","Muhammad Riaz","DR-654","EMDS Call","Rescue Operations","Delivery Case","2026/01/07 06:06:31 PM","Rahim Yar Khan"
"259560","Bushra Saleem","MR-5701","EMDS Call","Medical Emergency","Others","2026/01/07 06:06:49 PM","Rahim Yar Khan"
"259561","Muhammad Riaz","DR-654","EMDS Call","Rescue Operations","Delivery Case","2026/01/07 06:11:33 PM","Rahim Yar Khan"
"75274","Bushra Saleem","MR-5701","Direct Call","Patient Transfer Service","N/A","2026/01/07 06:16:58 PM","Sadiqabad"
"259562","Muhammad Fiaz","DR-206","EMDS Call","Medical Emergency","Hypertension","2026/01/07 06:15:24 PM","Rahim Yar Khan"
"259563","Muhammad Riaz","DR-654","EMDS Call","Medical Emergency","Others","2026/01/07 06:17:00 PM","Sadiqabad"
"259564","Muhammad Fiaz","DR-206","EMDS Call","Medical Emergency","Others","2026/01/07 06:19:03 PM","Rahim Yar Khan"
"259565","Muhammad Fiaz","DR-206","EMDS Call","Medical Emergency","Hypertension","2026/01/07 06:24:14 PM","Rahim Yar Khan"
"259566","Bushra Saleem","MR-5701","EMDS Call","Medical Emergency","Others","2026/01/07 06:29:45 PM","Rahim Yar Khan"
"259567","Muhammad Fiaz","DR-206","EMDS Call","Medical Emergency","SOB/ Respiratory Distress","2026/01/07 06:34:53 PM","Sadiqabad"
"259568","Muhammad Riaz","DR-654","EMDS Call","Medical Emergency","Others","2026/01/07 06:48:30 PM","Liaqatpur"
"259569","Muhammad Riaz","DR-654","EMDS Call","Medical Emergency","SOB/ Respiratory Distress","2026/01/07 06:52:10 PM","Rahim Yar Khan"
"75275","Muhammad Fiaz","DR-206","Direct Call","Patient Transfer Service","N/A","2026/01/07 06:56:13 PM","Sadiqabad"
"259570","Shahla Nawaz","DR-185","EMDS Call","Medical Emergency","Others","2026/01/07 06:55:32 PM","Rahim Yar Khan"
"75276","Muhammad Riaz","DR-654","Direct Call","Patient Transfer Service","N/A","2026/01/07 07:17:00 PM","Sadiqabad"
"259571","Muhammad Riaz","DR-654","EMDS Call","Medical Emergency","Hypertension","2026/01/07 07:18:10 PM","Khanpur"
"75277","Muhammad Fiaz","DR-206","Direct Call","Patient Transfer Service","N/A","2026/01/07 07:21:41 PM","Sadiqabad"
"259572","Muhammad Riaz","DR-654","EMDS Call","Medical Emergency","Others","2026/01/07 07:22:11 PM","Rahim Yar Khan"
"259573","Muhammad Fiaz","DR-206","EMDS Call","Medical Emergency","Others","2026/01/07 07:24:22 PM","Rahim Yar Khan"
"259574","Muhammad Fiaz","DR-206","EMDS Call","Medical Emergency","Abdominal Pain","2026/01/07 07:27:27 PM","Rahim Yar Khan"
"259575","Muhammad Riaz","DR-654","EMDS Call","Medical Emergency","High Fever","2026/01/07 07:34:35 PM","Rahim Yar Khan"
"259576","Muhammad Fiaz","DR-206","EMDS Call","Medical Emergency","Vomiting","2026/01/07 07:41:52 PM","Rahim Yar Khan"
"259577","Muhammad Riaz","DR-654","EMDS Call","Medical Emergency","Chest Pain","2026/01/07 07:46:10 PM","Sadiqabad"
"259578","Bushra Saleem","MR-5701","EMDS Call","Rescue Operations","Others","2026/01/07 07:44:46 PM","Rahim Yar Khan"
"259579","Muhammad Riaz","DR-654","EMDS Call","Medical Emergency","Abdominal Pain","2026/01/07 07:48:21 PM","Rahim Yar Khan"
"259580","Muhammad Riaz","DR-654","EMDS Call","Rescue Operations","Animal/Bird Rescue","2026/01/07 07:53:37 PM","Sadiqabad"
"259581","Muhammad Riaz","DR-654","EMDS Call","Medical Emergency","High Fever","2026/01/07 08:03:34 PM","Liaqatpur"
"259582","Shahla Nawaz","DR-185","EMDS Call","Rescue Operations","Delivery Case","2026/01/07 08:07:25 PM","Khanpur"
"259583","Bushra Saleem","MR-5701","EMDS Call","Medical Emergency","Vomiting","2026/01/07 08:12:15 PM","Rahim Yar Khan"
"75278","Muhammad Fiaz","DR-206","Direct Call","Patient Transfer Service","N/A","2026/01/07 08:13:34 PM","Khanpur"
"259584","Shahla Nawaz","DR-185","EMDS Call","Medical Emergency","Diabetic","2026/01/07 08:19:52 PM","Rahim Yar Khan"
"75279","Muhammad Fiaz","DR-206","Direct Call","Patient Transfer Service","N/A","2026/01/07 08:23:32 PM","Liaqatpur"
"259585","Bushra Saleem","MR-5701","EMDS Call","Medical Emergency","High Fever","2026/01/07 08:27:12 PM","Sadiqabad"
"259586","Shahla Nawaz","DR-185","EMDS Call","Medical Emergency","Abdominal Pain","2026/01/07 08:32:15 PM","Rahim Yar Khan"
"259587","Muhammad Fiaz","DR-206","EMDS Call","Medical Emergency","SOB/ Respiratory Distress","2026/01/07 08:33:55 PM","Khanpur"
"259588","Shahla Nawaz","DR-185","EMDS Call","Road Crash","Bleeding","2026/01/07 08:42:09 PM","Sadiqabad"
"259589","Muhammad Fiaz","DR-206","EMDS Call","Medical Emergency","Hypertension","2026/01/07 08:44:49 PM","Khanpur"
"259590","Muhammad Zubair","DR-894","EMDS Call","Medical Emergency","Unconscious","2026/01/07 09:08:33 PM","Rahim Yar Khan"
"259591","Farah Sadaqat","MR-5930","EMDS Call","Fire","Others","2026/01/07 09:12:40 PM","Sadiqabad"
"259592","Muhammad Zubair","DR-894","EMDS Call","Medical Emergency","Chest Pain","2026/01/07 09:16:50 PM","Sadiqabad"
"259593","Muhammad Zubair","DR-894","EMDS Call","Medical Emergency","SOB/ Respiratory Distress","2026/01/07 09:28:57 PM","Sadiqabad"
"259594","Muhammad Zubair","DR-894","EMDS Call","Medical Emergency","Hypertension","2026/01/07 09:38:23 PM","Rahim Yar Khan"
"259595","Zahid Manzoor","DR-887","EMDS Call","Medical Emergency","SOB/ Respiratory Distress","2026/01/07 09:39:09 PM","Sadiqabad"
"259596","Farah Sadaqat","MR-5930","EMDS Call","Medical Emergency","Others","2026/01/07 09:40:25 PM","Rahim Yar Khan"
"259597","Zahid Manzoor","DR-887","EMDS Call","Medical Emergency","Chest Pain","2026/01/07 09:48:04 PM","Liaqatpur"
"259598","Farah Sadaqat","MR-5930","EMDS Call","Medical Emergency","SOB/ Respiratory Distress","2026/01/07 09:55:48 PM","Rahim Yar Khan"
"259599","Saira Bibi","MR-5494","EMDS Call","Medical Emergency","Unconscious","2026/01/07 10:02:37 PM","Rahim Yar Khan"
"259600","Farah Sadaqat","MR-5930","EMDS Call","Medical Emergency","Chest Pain","2026/01/07 10:03:08 PM","Rahim Yar Khan"
"259601","Zahid Manzoor","DR-887","EMDS Call","Medical Emergency","Others","2026/01/07 10:03:36 PM","Rahim Yar Khan"
"259602","Saira Bibi","MR-5494","EMDS Call","Medical Emergency","Chest Pain","2026/01/07 10:04:22 PM","Rahim Yar Khan"
"259603","Saira Bibi","MR-5494","EMDS Call","Medical Emergency","Hypertension","2026/01/07 10:16:36 PM","Rahim Yar Khan"
"259604","Saira Bibi","MR-5494","EMDS Call","Rescue Operations","Delivery Case","2026/01/07 10:20:37 PM","Sadiqabad"
"259605","Farah Sadaqat","MR-5930","EMDS Call","Medical Emergency","Others","2026/01/07 10:38:48 PM","Khanpur"
"259607","Saira Bibi","MR-5494","EMDS Call","Medical Emergency","SOB/ Respiratory Distress","2026/01/07 10:42:44 PM","Rahim Yar Khan"
"259606","Zahid Manzoor","DR-887","EMDS Call","Medical Emergency","Others","2026/01/07 10:48:42 PM","Rahim Yar Khan"
"259608","Farah Sadaqat","MR-5930","EMDS Call","Medical Emergency","Unconscious","2026/01/07 11:02:59 PM","Rahim Yar Khan"
"259609","Faiz Muhyy Ul Din","DR-892","EMDS Call","Rescue Operations","Delivery Case","2026/01/07 11:17:45 PM","Sadiqabad"
"259610","Faiz Muhyy Ul Din","DR-892","EMDS Call","Medical Emergency","High Fever","2026/01/07 11:19:56 PM","Rahim Yar Khan"
"259611","Maheen Tahir","MR-6017","EMDS Call","Rescue Operations","Delivery Case","2026/01/07 11:28:59 PM","Rahim Yar Khan"
"259612","Maheen Tahir","MR-6017","EMDS Call","Medical Emergency","Others","2026/01/07 11:34:15 PM","Sadiqabad"
"75280","Farah Sadaqat","MR-5930","Direct Call","Patient Transfer Service","N/A","2026/01/07 11:37:55 PM","Khanpur"
"259613","Maheen Tahir","MR-6017","EMDS Call","Medical Emergency","Diabetic","2026/01/07 11:39:01 PM","Rahim Yar Khan"
"75281","Farah Sadaqat","MR-5930","Direct Call","Patient Transfer Service","N/A","2026/01/07 11:45:59 PM","Khanpur"
"259614","Faiz Muhyy Ul Din","DR-892","EMDS Call","Medical Emergency","SOB/ Respiratory Distress","2026/01/07 11:46:40 PM","Sadiqabad"
"259615","Maheen Tahir","MR-6017","Direct Call","Rescue Operations","Mass Event Coverage","2026/01/08 12:16:11 AM","Rahim Yar Khan"
"259616","Faiz Muhyy Ul Din","DR-892","EMDS Call","Medical Emergency","Hypertension","2026/01/08 12:45:43 AM","Liaqatpur"
"259617","Faiz Muhyy Ul Din","DR-892","EMDS Call","Medical Emergency","High Fever","2026/01/08 12:53:47 AM","Rahim Yar Khan"
"259618","Maheen Tahir","MR-6017","EMDS Call","Medical Emergency","Hypertension","2026/01/08 12:59:34 AM","Khanpur"
"259619","Farah Sadaqat","MR-5930","EMDS Call","Rescue Operations","Delivery Case","2026/01/08 12:59:56 AM","Khanpur"
"259620","Faiz Muhyy Ul Din","DR-892","EMDS Call","Medical Emergency","Unconscious","2026/01/08 01:18:58 AM","Rahim Yar Khan"
"259621","Maheen Tahir","MR-6017","EMDS Call","Medical Emergency","Others","2026/01/08 01:45:56 AM","Liaqatpur"
"Not Assigned","Farah Sadaqat","MR-5930","EMDS Call","Medical Emergency","SOB/ Respiratory Distress","2026/01/08 02:32:08 AM","Rahim Yar Khan"
"259623","Farah Sadaqat","MR-5930","EMDS Call","Medical Emergency","Unconscious","2026/01/08 02:37:05 AM","Sadiqabad"
"259624","Faiz Muhyy Ul Din","DR-892","EMDS Call","Medical Emergency","SOB/ Respiratory Distress","2026/01/08 03:16:39 AM","Rahim Yar Khan"
"259625","Muhammad Zubair","DR-894","Direct Call","Road Crash","Minor Injuries","2026/01/08 03:58:57 AM","Liaqatpur"
"259625","Muhammad Zubair","DR-894","Direct Call","Road Crash","Minor Injuries","2026/01/08 03:58:57 AM","Liaqatpur"
"259626","Saira Bibi","MR-5494","EMDS Call","Medical Emergency","High Fever","2026/01/08 04:01:39 AM","Rahim Yar Khan"
"259627","Muhammad Zubair","DR-894","EMDS Call","Medical Emergency","Abdominal Pain","2026/01/08 04:14:29 AM","Sadiqabad"
"259628","Zahid Manzoor","DR-887","EMDS Call","Medical Emergency","Others","2026/01/08 04:25:14 AM","Rahim Yar Khan"
"259629","Saira Bibi","MR-5494","EMDS Call","Medical Emergency","SOB/ Respiratory Distress","2026/01/08 04:33:28 AM","Sadiqabad"
"259630","Zahid Manzoor","DR-887","EMDS Call","Rescue Operations","Delivery Case","2026/01/08 05:01:13 AM","Rahim Yar Khan"
"259632","Saira Bibi","MR-5494","EMDS Call","Medical Emergency","High Fever","2026/01/08 05:33:03 AM","Rahim Yar Khan"
"259631","Muhammad Zubair","DR-894","EMDS Call","Medical Emergency","Diabetic","2026/01/08 05:34:08 AM","Sadiqabad"
"259633","Zahid Manzoor","DR-887","EMDS Call","Medical Emergency","Vomiting","2026/01/08 06:09:25 AM","Khanpur"
"259636","Saira Bibi","MR-5494","EMDS Call","Medical Emergency","High Fever","2026/01/08 06:40:17 AM","Khanpur"
"259634","Muhammad Zubair","DR-894","EMDS Call","Medical Emergency","Others","2026/01/08 06:43:18 AM","Rahim Yar Khan"
"259635","Zahid Manzoor","DR-887","EMDS Call","Medical Emergency","Chest Pain","2026/01/08 06:47:03 AM","Rahim Yar Khan"
"259637","Zahid Manzoor","DR-887","EMDS Call","Medical Emergency","Unconscious","2026/01/08 07:06:05 AM","Sadiqabad"
"Not Assigned","Saira Bibi","MR-5494","EMDS Call","Medical Emergency","Unconscious","2026/01/08 07:23:37 AM","Khanpur"
"259639","Zahid Manzoor","DR-887","EMDS Call","Medical Emergency","Abdominal Pain","2026/01/08 07:25:07 AM","Sadiqabad"
"259640","Muhammad Zubair","DR-894","EMDS Call","Medical Emergency","SOB/ Respiratory Distress","2026/01/08 07:30:20 AM","Rahim Yar Khan"
"259641","Saira Bibi","MR-5494","EMDS Call","Medical Emergency","Renal Disorders / Renal Colic ","2026/01/08 07:33:48 AM","Rahim Yar Khan"
"259642","Muhammad Zubair","DR-894","EMDS Call","Road Crash","Minor Injuries","2026/01/08 07:34:48 AM","Sadiqabad"
"259643","Saira Bibi","MR-5494","EMDS Call","Fall","Fall From Vehicle","2026/01/08 07:42:08 AM","Sadiqabad"
"259644","Muhammad Zubair","DR-894","EMDS Call","Medical Emergency","SOB/ Respiratory Distress","2026/01/08 07:41:56 AM","Sadiqabad"
"259645","Saira Bibi","MR-5494","Direct Call","Rescue Operations","Mass Event Coverage","2026/01/08 07:56:01 AM","Rahim Yar Khan"
"259646","Fahad Hussain","DR-538","EMDS Call","Road Crash","Minor Injuries","2026/01/08 08:13:46 AM","Liaqatpur"
"259646","Fahad Hussain","DR-538","EMDS Call","Road Crash","Minor Injuries","2026/01/08 08:13:46 AM","Liaqatpur"
"259647","Zupasha Zia","MR-5758","EMDS Call","Medical Emergency","Chest Pain","2026/01/08 08:16:19 AM","Khanpur"
"259648","Zupasha Zia","MR-5758","EMDS Call","Medical Emergency","Others","2026/01/08 08:22:29 AM","Sadiqabad"
"259649","Saima Bashir","MR-5819","EMDS Call","Road Crash","Bleeding","2026/01/08 08:24:06 AM","Sadiqabad"
"259649","Saima Bashir","MR-5819","EMDS Call","Road Crash","Bleeding","2026/01/08 08:24:06 AM","Sadiqabad"
"259650","Fahad Hussain","DR-538","EMDS Call","Medical Emergency","Vomiting","2026/01/08 08:25:17 AM","Sadiqabad"
"259651","Fahad Hussain","DR-538","Direct Call","Rescue Operations","Mass Event Coverage","2026/01/08 08:31:06 AM","Sadiqabad"
"259652","Fahad Hussain","DR-538","EMDS Call","Road Crash","Severe Trauma","2026/01/08 08:36:06 AM","Sadiqabad"
"259653","Fahad Hussain","DR-538","EMDS Call","Medical Emergency","Vomiting","2026/01/08 08:44:46 AM","Rahim Yar Khan"
"259654","Saima Bashir","MR-5819","EMDS Call","Medical Emergency","Others","2026/01/08 09:21:50 AM","Rahim Yar Khan"
"259655","Nida Rahat","DR-1322","EMDS Call","Medical Emergency","Hypertension","2026/01/08 09:24:14 AM","Rahim Yar Khan"
"259656","Zupasha Zia","MR-5758","Direct Call","Rescue Operations","Mass Event Coverage","2026/01/08 09:27:47 AM","Rahim Yar Khan"
"259657","Saima Bashir","MR-5819","EMDS Call","Medical Emergency","Backache","2026/01/08 09:31:08 AM","Khanpur"
"259658","Saima Bashir","MR-5819","EMDS Call","Medical Emergency","Chronic Illness","2026/01/08 09:41:54 AM","Rahim Yar Khan"
"259659","Saima Bashir","MR-5819","EMDS Call","Road Crash","Bleeding","2026/01/08 09:44:52 AM","Khanpur"
"259659","Saima Bashir","MR-5819","EMDS Call","Road Crash","Bleeding","2026/01/08 09:44:52 AM","Khanpur"
"Not Assigned","Muhammad Abid","DR-874","EMDS Call","Rescue Operations","Delivery Case","2026/01/08 09:45:38 AM","Khanpur"
"259661","Saima Bashir","MR-5819","EMDS Call","Medical Emergency","Abdominal Pain","2026/01/08 09:55:22 AM","Khanpur"
"259662","Saima Bashir","MR-5819","EMDS Call","Medical Emergency","Unconscious","2026/01/08 10:05:04 AM","Rahim Yar Khan"
"259663","Yasir Ilyas","DR-893","EMDS Call","Medical Emergency","Abdominal Pain","2026/01/08 10:17:59 AM","Rahim Yar Khan"
"259665","Muhammad Abid","DR-874","EMDS Call","Medical Emergency","Abdominal Pain","2026/01/08 10:16:42 AM","Khanpur"
"Not Assigned","Saima Bashir","MR-5819","Direct Call","Community","Community Training","2026/01/08 10:19:45 AM","Rahim Yar Khan"
"259666","Zia ul Haq","DR-328","EMDS Call","Medical Emergency","Domestic Injuries","2026/01/08 10:36:34 AM","Rahim Yar Khan"
"259667","Zia ul Haq","DR-328","EMDS Call","Medical Emergency","Epilepsy","2026/01/08 10:39:07 AM","Rahim Yar Khan"
"259668","Aasia Batool","MR-5198","EMDS Call","Medical Emergency","Chronic Illness","2026/01/08 10:49:17 AM","Sadiqabad"
"259669","Yasir Ilyas","DR-893","EMDS Call","Rescue Operations","Animal/Bird Rescue","2026/01/08 10:56:02 AM","Rahim Yar Khan"
"259671","Aasia Batool","MR-5198","EMDS Call","Medical Emergency","Unconscious","2026/01/08 10:57:49 AM","Khanpur"
"259670","Zia ul Haq","DR-328","EMDS Call","Medical Emergency","Chronic Illness","2026/01/08 10:57:20 AM","Khanpur"
"259672","Zia ul Haq","DR-328","EMDS Call","Road Crash","Minor Injuries","2026/01/08 11:13:52 AM","Rahim Yar Khan"
"259673","Yasir Ilyas","DR-893","EMDS Call","Road Crash","Severe Trauma","2026/01/08 11:27:57 AM","Liaqatpur"
"259674","Aasia Batool","MR-5198","EMDS Call","Medical Emergency","Chronic Illness","2026/01/08 11:29:26 AM","Rahim Yar Khan"
"259675","Aasia Batool","MR-5198","EMDS Call","Road Crash","Bleeding","2026/01/08 11:36:47 AM","Sadiqabad"
"259676","Muhammad AAmar","DR-915","EMDS Call","Medical Emergency","Hypertension","2026/01/08 11:40:14 AM","Khanpur"
"259677","Aasia Batool","MR-5198","EMDS Call","Road Crash","Bleeding","2026/01/08 11:52:02 AM","Khanpur"
"259678","Zupasha Zia","MR-5758","EMDS Call","Rescue Operations","Delivery Case","2026/01/08 11:54:06 AM","Rahim Yar Khan"
"259679","Yasir Ilyas","DR-893","EMDS Call","Road Crash","Bleeding","2026/01/08 11:57:45 AM","Rahim Yar Khan"
"75282","Yasir Ilyas","DR-893","Direct Call","Patient Transfer Service","N/A","2026/01/08 12:05:55 PM","Khanpur"
"75283","Aasia Batool","MR-5198","Direct Call","Patient Transfer Service","N/A","2026/01/08 12:12:21 PM","Sadiqabad"
"259680","Saima Bashir","MR-5819","EMDS Call","Road Crash","Bleeding","2026/01/08 12:11:07 PM","Sadiqabad"
"259680","Saima Bashir","MR-5819","EMDS Call","Road Crash","Bleeding","2026/01/08 12:11:07 PM","Sadiqabad"
"75284","Aasia Batool","MR-5198","Direct Call","Patient Transfer Service","N/A","2026/01/08 12:17:51 PM","Khanpur"
"259681","Yasir Ilyas","DR-893","EMDS Call","Road Crash","Bleeding","2026/01/08 12:22:16 PM","Sadiqabad"
"259682","Aasia Batool","MR-5198","EMDS Call","Medical Emergency","Others","2026/01/08 12:23:41 PM","Rahim Yar Khan"
"259683","Aasia Batool","MR-5198","EMDS Call","Medical Emergency","SOB/ Respiratory Distress","2026/01/08 12:26:43 PM","Rahim Yar Khan"
"259685","Saima Bashir","MR-5819","EMDS Call","Medical Emergency","Others","2026/01/08 12:20:32 PM","Rahim Yar Khan"
"259684","Aasia Batool","MR-5198","EMDS Call","Medical Emergency","Diabetic","2026/01/08 12:32:08 PM","Khanpur"
"259686","Aasia Batool","MR-5198","EMDS Call","Medical Emergency","Others","2026/01/08 12:37:51 PM","Rahim Yar Khan"
"259688","Aasia Batool","MR-5198","EMDS Call","Medical Emergency","Others","2026/01/08 12:43:27 PM","Liaqatpur"
"259687","Muhammad AAmar","DR-915","Direct Call","Medical Emergency","High Fever","2026/01/08 12:44:26 PM","Sadiqabad"
"259689","Saima Bashir","MR-5819","EMDS Call","Road Crash","Bleeding","2026/01/08 12:50:33 PM","Liaqatpur"
"259690","Aasia Batool","MR-5198","EMDS Call","Medical Emergency","Vomiting","2026/01/08 12:58:07 PM","Rahim Yar Khan"
"259691","Aasia Batool","MR-5198","EMDS Call","Medical Emergency","Others","2026/01/08 01:06:08 PM","Rahim Yar Khan"
"259692","Nida Rahat","DR-1322","EMDS Call","Medical Emergency","High Fever","2026/01/08 01:29:56 PM","Khanpur"
"259693","Aasia Batool","MR-5198","EMDS Call","Medical Emergency","Backache","2026/01/08 01:31:29 PM","Rahim Yar Khan"
"259694","Nida Rahat","DR-1322","EMDS Call","Crime","Physical Assault/Violence","2026/01/08 01:38:41 PM","Khanpur"
"259694","Nida Rahat","DR-1322","EMDS Call","Crime","Physical Assault/Violence","2026/01/08 01:38:41 PM","Khanpur"
"75285","Nida Rahat","DR-1322","Direct Call","Patient Transfer Service","N/A","2026/01/08 01:46:34 PM","Liaqatpur"
"259695","Aasia Batool","MR-5198","EMDS Call","Medical Emergency","Others","2026/01/08 01:45:41 PM","Rahim Yar Khan"
"259696","Fahad Hussain","DR-538","EMDS Call","Road Crash","Minor Injuries","2026/01/08 01:47:32 PM","Sadiqabad"
"259697","Fahad Hussain","DR-538","EMDS Call","Medical Emergency","Abdominal Pain","2026/01/08 01:53:36 PM","Sadiqabad"
"259698","Fahad Hussain","DR-538","EMDS Call","Medical Emergency","Vomiting","2026/01/08 01:59:52 PM","Rahim Yar Khan"
"259699","Fahad Hussain","DR-538","EMDS Call","Medical Emergency","SOB/ Respiratory Distress","2026/01/08 02:07:54 PM","Rahim Yar Khan"
"259700","Fahad Hussain","DR-538","EMDS Call","Medical Emergency","Domestic Injuries","2026/01/08 02:11:00 PM","Rahim Yar Khan"
"259701","Sheeza Barkat","MR-5331","EMDS Call","Medical Emergency","Diabetic","2026/01/08 02:17:01 PM","Sadiqabad"
"259702","Rana M. Usman","DR-200","EMDS Call","Medical Emergency","Unconscious","2026/01/08 02:17:17 PM","Rahim Yar Khan"
"259703","Rana M. Usman","DR-200","EMDS Call","Road Crash","Minor Injuries","2026/01/08 02:32:30 PM","Rahim Yar Khan"
"259704","Rana M. Usman","DR-200","EMDS Call","Medical Emergency","Others","2026/01/08 02:36:34 PM","Sadiqabad"
"259705","Bushra Saleem","MR-5701","EMDS Call","Road Crash","Severe Trauma","2026/01/08 02:45:07 PM","Rahim Yar Khan"
"259706","Rana M. Usman","DR-200","EMDS Call","Medical Emergency","Others","2026/01/08 02:47:41 PM","Rahim Yar Khan"
"259707","Sheeza Barkat","MR-5331","EMDS Call","Medical Emergency","Others","2026/01/08 02:52:24 PM","Rahim Yar Khan"
"259708","Sheeza Barkat","MR-5331","EMDS Call","Medical Emergency","Vomiting","2026/01/08 02:55:47 PM","Khanpur"
"259709","Bushra Saleem","MR-5701","EMDS Call","Medical Emergency","Chest Pain","2026/01/08 02:58:05 PM","Liaqatpur"
"259710","Bushra Saleem","MR-5701","EMDS Call","Medical Emergency","Others","2026/01/08 03:03:24 PM","Rahim Yar Khan"
"75286","Rana M. Usman","DR-200","Direct Call","Patient Transfer Service","N/A","2026/01/08 03:06:08 PM","Rahim Yar Khan"
"259711","Sheeza Barkat","MR-5331","EMDS Call","Medical Emergency","Others","2026/01/08 03:10:51 PM","Rahim Yar Khan"
"259712","Rana M. Usman","DR-200","Direct Call","Road Crash","Minor Injuries","2026/01/08 03:12:22 PM","Khanpur"
"259713","Sheeza Barkat","MR-5331","EMDS Call","Fire","Others","2026/01/08 03:14:49 PM","Rahim Yar Khan"
"259714","Muhammad Riaz","DR-654","EMDS Call","Medical Emergency","SOB/ Respiratory Distress","2026/01/08 03:17:12 PM","Rahim Yar Khan"
"75287","Rana M. Usman","DR-200","Direct Call","Patient Transfer Service","N/A","2026/01/08 03:19:35 PM","Sadiqabad"
"259715","Rana M. Usman","DR-200","Direct Call","Rescue Operations","Others","2026/01/08 03:20:29 PM","Sadiqabad"
"259716","Muhammad Riaz","DR-654","EMDS Call","Medical Emergency","Chest Pain","2026/01/08 03:32:04 PM","Rahim Yar Khan"
"259717","Rana M. Usman","DR-200","EMDS Call","Medical Emergency","Others","2026/01/08 03:33:17 PM","Rahim Yar Khan"
"75288","Bushra Saleem","MR-5701","Direct Call","Patient Transfer Service","N/A","2026/01/08 03:40:38 PM","Sadiqabad"
"259718","Sheeza Barkat","MR-5331","EMDS Call","Medical Emergency","High Fever","2026/01/08 03:43:35 PM","Rahim Yar Khan"
"259719","Rana M. Usman","DR-200","EMDS Call","Medical Emergency","Abdominal Pain","2026/01/08 03:56:59 PM","Sadiqabad"
"259720","Sheeza Barkat","MR-5331","EMDS Call","Medical Emergency","SOB/ Respiratory Distress","2026/01/08 03:59:07 PM","Khanpur"
"75289","Rana M. Usman","DR-200","Direct Call","Patient Transfer Service","N/A","2026/01/08 04:01:21 PM","Sadiqabad"
"75290","Bushra Saleem","MR-5701","Direct Call","Patient Transfer Service","N/A","2026/01/08 04:01:01 PM","Khanpur"
"259721","Shahla Nawaz","DR-185","EMDS Call","Road Crash","Minor Injuries","2026/01/08 04:27:02 PM","Rahim Yar Khan"
"259722","Rana M. Usman","DR-200","EMDS Call","Medical Emergency","Epilepsy","2026/01/08 04:25:28 PM","Khanpur"
"259723","Shahla Nawaz","DR-185","EMDS Call","Medical Emergency","High Fever","2026/01/08 04:32:35 PM","Liaqatpur"
"259724","Shahla Nawaz","DR-185","EMDS Call","Crime","Physical Assault/Violence","2026/01/08 04:37:36 PM","Sadiqabad"
"259725","Rana M. Usman","DR-200","EMDS Call","Rescue Operations","Scalds/Burn Due To Negligence","2026/01/08 04:37:28 PM","Rahim Yar Khan"
"259726","Rana M. Usman","DR-200","EMDS Call","Rescue Operations","Delivery Case","2026/01/08 04:43:33 PM","Rahim Yar Khan"
"259727","Muhammad Riaz","DR-654","EMDS Call","Medical Emergency","High Fever","2026/01/08 05:01:02 PM","Rahim Yar Khan"
"259728","Shahla Nawaz","DR-185","EMDS Call","Medical Emergency","Renal Disorders / Renal Colic ","2026/01/08 05:21:40 PM","Khanpur"
"259729","Muhammad Riaz","DR-654","EMDS Call","Medical Emergency","Hypertension","2026/01/08 05:30:57 PM","Rahim Yar Khan"
"259730","Rana M. Usman","DR-200","EMDS Call","Medical Emergency","Others","2026/01/08 05:31:28 PM","Rahim Yar Khan"
"75291","Rana M. Usman","DR-200","Direct Call","Patient Transfer Service","N/A","2026/01/08 05:36:53 PM","Khanpur"
"259731","Rana M. Usman","DR-200","EMDS Call","Medical Emergency","Domestic Injuries","2026/01/08 05:40:02 PM","Rahim Yar Khan"
"259732","Rana M. Usman","DR-200","EMDS Call","Road Crash","Bleeding","2026/01/08 05:43:40 PM","Rahim Yar Khan"
"259733","Shahla Nawaz","DR-185","EMDS Call","Medical Emergency","Others","2026/01/08 05:48:44 PM","Liaqatpur"
"75292","Rana M. Usman","DR-200","Direct Call","Patient Transfer Service","N/A","2026/01/08 05:50:07 PM","Khanpur"
"259734","Rana M. Usman","DR-200","EMDS Call","Road Crash","Minor Injuries","2026/01/08 05:52:59 PM","Khanpur"
"259735","Shahla Nawaz","DR-185","EMDS Call","Road Crash","Bleeding","2026/01/08 05:53:39 PM","Khanpur"
"259737","Shahla Nawaz","DR-185","EMDS Call","Fall","Fall From Tree","2026/01/08 06:06:59 PM","Khanpur"
"259736","Rana M. Usman","DR-200","EMDS Call","Medical Emergency","Unconscious","2026/01/08 06:10:20 PM","Sadiqabad"
"259738","Rana M. Usman","DR-200","EMDS Call","Road Crash","Severe Trauma","2026/01/08 06:13:45 PM","Liaqatpur"
"75293","Shahla Nawaz","DR-185","Direct Call","Patient Transfer Service","N/A","2026/01/08 06:15:44 PM","Khanpur"
"259739","Rana M. Usman","DR-200","EMDS Call","Road Crash","Bleeding","2026/01/08 06:19:14 PM","Rahim Yar Khan"
"259741","Bushra Saleem","MR-5701","EMDS Call","Medical Emergency","Others","2026/01/08 06:34:18 PM","Rahim Yar Khan"
"259740","Rana M. Usman","DR-200","EMDS Call","Rescue Operations","Delivery Case","2026/01/08 06:34:10 PM","Liaqatpur"
"259742","Shahla Nawaz","DR-185","EMDS Call","Medical Emergency","SOB/ Respiratory Distress","2026/01/08 06:34:24 PM","Khanpur"
"259743","Bushra Saleem","MR-5701","EMDS Call","Road Crash","Bleeding","2026/01/08 06:48:47 PM","Rahim Yar Khan"
"259744","Rana M. Usman","DR-200","EMDS Call","Medical Emergency","Others","2026/01/08 06:49:14 PM","Rahim Yar Khan"
"259745","Bushra Saleem","MR-5701","EMDS Call","Road Crash","Multiple Fractures","2026/01/08 06:52:24 PM","Rahim Yar Khan"
"259746","Rana M. Usman","DR-200","EMDS Call","Medical Emergency","Renal Disorders / Renal Colic ","2026/01/08 06:54:00 PM","Rahim Yar Khan"
"259747","Shahla Nawaz","DR-185","EMDS Call","Medical Emergency","Hypertension","2026/01/08 06:56:46 PM","Khanpur"
"259748","Bushra Saleem","MR-5701","EMDS Call","Road Crash","Bleeding","2026/01/08 06:59:16 PM","Rahim Yar Khan"
"75294","Shahla Nawaz","DR-185","Direct Call","Patient Transfer Service","N/A","2026/01/08 07:05:44 PM","Sadiqabad"
"259749","Rana M. Usman","DR-200","EMDS Call","Medical Emergency","Diabetic","2026/01/08 07:16:41 PM","Rahim Yar Khan"
"259750","Rana M. Usman","DR-200","EMDS Call","Medical Emergency","Renal Disorders / Renal Colic ","2026/01/08 07:22:22 PM","Khanpur"
"259751","Bushra Saleem","MR-5701","EMDS Call","Medical Emergency","Diabetic","2026/01/08 07:24:45 PM","Rahim Yar Khan"
"259752","Sheeza Barkat","MR-5331","EMDS Call","Medical Emergency","Chest Pain","2026/01/08 07:27:12 PM","Sadiqabad"
"75295","Rana M. Usman","DR-200","Direct Call","Patient Transfer Service","N/A","2026/01/08 07:28:27 PM","Sadiqabad"
"75296","Rana M. Usman","DR-200","Direct Call","Patient Transfer Service","N/A","2026/01/08 07:29:40 PM","Sadiqabad"
"259753","Bushra Saleem","MR-5701","EMDS Call","Road Crash","Bleeding","2026/01/08 07:29:23 PM","Khanpur"
"259754","Sheeza Barkat","MR-5331","EMDS Call","Medical Emergency","Vomiting","2026/01/08 07:48:12 PM","Rahim Yar Khan"
"259755","Shahla Nawaz","DR-185","EMDS Call","Medical Emergency","Abdominal Pain","2026/01/08 08:00:16 PM","Rahim Yar Khan"
"259756","Sheeza Barkat","MR-5331","EMDS Call","Medical Emergency","Hypertension","2026/01/08 08:10:59 PM","Liaqatpur"
"259757","Bushra Saleem","MR-5701","EMDS Call","Medical Emergency","Others","2026/01/08 08:19:57 PM","Khanpur"
"259758","Shahla Nawaz","DR-185","EMDS Call","Medical Emergency","SOB/ Respiratory Distress","2026/01/08 08:44:42 PM","Khanpur"
"259759","Shahla Nawaz","DR-185","EMDS Call","Road Crash","Multiple Fractures","2026/01/08 08:50:29 PM","Rahim Yar Khan"
"259760","Bushra Saleem","MR-5701","EMDS Call","Medical Emergency","Vomiting","2026/01/08 08:54:22 PM","Rahim Yar Khan"
"259761","Muhammad Zahid","DR-888","EMDS Call","Medical Emergency","Diabetic","2026/01/08 08:56:54 PM","Sadiqabad"
"259762","Shaheen Islam","DR-1171","EMDS Call","Medical Emergency","Hypertension","2026/01/08 08:57:25 PM","Rahim Yar Khan"
"259763","Shaheen Islam","DR-1171","EMDS Call","Rescue Operations","Electric Shock","2026/01/08 09:00:20 PM","Khanpur"
"259764","Muhammad Zahid","DR-888","EMDS Call","Medical Emergency","Unconscious","2026/01/08 09:00:55 PM","Rahim Yar Khan"
"259765","Muhammad Zahid","DR-888","EMDS Call","Medical Emergency","Others","2026/01/08 09:03:12 PM","Rahim Yar Khan"
"259766","Faiz Muhyy Ul Din","DR-892","EMDS Call","Road Crash","Severe Trauma","2026/01/08 09:06:48 PM","Khanpur"
"259767","Shaheen Islam","DR-1171","EMDS Call","Medical Emergency","Chest Pain","2026/01/08 09:22:14 PM","Khanpur"
"259768","Saira Bibi","MR-5494","EMDS Call","Fire","Short Circuit","2026/01/08 09:29:34 PM","Rahim Yar Khan"
"259769","Faiz Muhyy Ul Din","DR-892","EMDS Call","Medical Emergency","Chest Pain","2026/01/08 09:31:02 PM","Rahim Yar Khan"
"259770","Maheen Tahir","MR-6017","EMDS Call","Medical Emergency","Hypertension","2026/01/08 09:36:29 PM","Sadiqabad"
"259771","Faiz Muhyy Ul Din","DR-892","EMDS Call","Medical Emergency","Others","2026/01/08 09:39:59 PM","Sadiqabad"
"259772","Maheen Tahir","MR-6017","EMDS Call","Rescue Operations","Delivery Case","2026/01/08 09:46:48 PM","Sadiqabad"
"259773","Saira Bibi","MR-5494","EMDS Call","Medical Emergency","High Fever","2026/01/08 09:48:58 PM","Khanpur"
"259774","Faiz Muhyy Ul Din","DR-892","EMDS Call","Medical Emergency","Others","2026/01/08 09:52:59 PM","Rahim Yar Khan"
"259775","Saira Bibi","MR-5494","EMDS Call","Medical Emergency","Others","2026/01/08 09:56:31 PM","Khanpur"
"259776","Maheen Tahir","MR-6017","EMDS Call","Medical Emergency","Chest Pain","2026/01/08 10:04:34 PM","Rahim Yar Khan"
"259777","Saira Bibi","MR-5494","EMDS Call","Medical Emergency","Vomiting","2026/01/08 10:04:16 PM","Liaqatpur"
"259778","Maheen Tahir","MR-6017","EMDS Call","Medical Emergency","SOB/ Respiratory Distress","2026/01/08 10:08:55 PM","Liaqatpur"
"259779","Saira Bibi","MR-5494","EMDS Call","Medical Emergency","Others","2026/01/08 10:10:21 PM","Khanpur"
"259780","Maheen Tahir","MR-6017","EMDS Call","Medical Emergency","Hypertension","2026/01/08 10:13:35 PM","Rahim Yar Khan"
"259781","Faiz Muhyy Ul Din","DR-892","EMDS Call","Road Crash","Severe Trauma","2026/01/08 10:17:21 PM","Khanpur"
"259783","Maheen Tahir","MR-6017","EMDS Call","Medical Emergency","Vomiting","2026/01/08 10:23:58 PM","Rahim Yar Khan"
"259782","Saira Bibi","MR-5494","EMDS Call","Medical Emergency","SOB/ Respiratory Distress","2026/01/08 10:24:46 PM","Rahim Yar Khan"
"259784","Maheen Tahir","MR-6017","EMDS Call","Medical Emergency","Others","2026/01/08 10:37:56 PM","Sadiqabad"
"259785","Faiz Muhyy Ul Din","DR-892","EMDS Call","Medical Emergency","Others","2026/01/08 10:38:42 PM","Khanpur"
"259786","Saira Bibi","MR-5494","EMDS Call","Medical Emergency","Others","2026/01/08 10:49:19 PM","Rahim Yar Khan"
"259787","Saira Bibi","MR-5494","EMDS Call","Medical Emergency","SOB/ Respiratory Distress","2026/01/08 10:58:49 PM","Sadiqabad"
"259788","Maheen Tahir","MR-6017","EMDS Call","Medical Emergency","Vomiting","2026/01/08 11:08:50 PM","Rahim Yar Khan"
"259789","Faiz Muhyy Ul Din","DR-892","EMDS Call","Road Crash","Bleeding","2026/01/08 11:09:06 PM","Liaqatpur"
"259790","Maheen Tahir","MR-6017","EMDS Call","Medical Emergency","Vomiting","2026/01/08 11:11:21 PM","Sadiqabad"
"259791","Maheen Tahir","MR-6017","EMDS Call","Medical Emergency","Others","2026/01/08 11:17:30 PM","Rahim Yar Khan"
"259792","Faiz Muhyy Ul Din","DR-892","EMDS Call","Medical Emergency","Domestic Injuries","2026/01/08 11:39:14 PM","Rahim Yar Khan"
"259793","Maheen Tahir","MR-6017","EMDS Call","Medical Emergency","Abdominal Pain","2026/01/08 11:46:54 PM","Rahim Yar Khan"
"259795","Faiz Muhyy Ul Din","DR-892","EMDS Call","Medical Emergency","Others","2026/01/09 12:10:39 AM","Rahim Yar Khan"
"Not Assigned","Farhad Iftikhar","DR-913","EMDS Call","Medical Emergency","SOB/ Respiratory Distress","2026/01/09 12:12:45 AM","Rahim Yar Khan"
"259796","Maheen Tahir","MR-6017","EMDS Call","Medical Emergency","Others","2026/01/09 12:15:24 AM","Rahim Yar Khan"
"259797","Maheen Tahir","MR-6017","Direct Call","Rescue Operations","Mass Event Coverage","2026/01/09 12:18:56 AM","Rahim Yar Khan"
"259798","Farhad Iftikhar","DR-913","EMDS Call","Medical Emergency","Hypertension","2026/01/09 12:26:18 AM","Liaqatpur"
"259799","Maheen Tahir","MR-6017","EMDS Call","Medical Emergency","Chest Pain","2026/01/09 12:38:58 AM","Rahim Yar Khan"
"259800","Faiz Muhyy Ul Din","DR-892","EMDS Call","Medical Emergency","Domestic Injuries","2026/01/09 12:46:47 AM","Rahim Yar Khan"
"259801","Maheen Tahir","MR-6017","Direct Call","Medical Emergency","Diabetic","2026/01/09 01:18:58 AM","Rahim Yar Khan"
"259802","Faiz Muhyy Ul Din","DR-892","EMDS Call","Rescue Operations","Delivery Case","2026/01/09 01:19:59 AM","Rahim Yar Khan"
"259803","Faiz Muhyy Ul Din","DR-892","EMDS Call","Medical Emergency","Chest Pain","2026/01/09 01:28:42 AM","Liaqatpur"
"Not Assigned","Maheen Tahir","MR-6017","EMDS Call","Rescue Operations","Delivery Case","2026/01/09 01:39:58 AM","Rahim Yar Khan"
"259805","Maheen Tahir","MR-6017","EMDS Call","Road Crash","Bleeding","2026/01/09 02:07:27 AM","Sadiqabad"
"259806","Maheen Tahir","MR-6017","EMDS Call","Medical Emergency","Others","2026/01/09 02:21:14 AM","Rahim Yar Khan"
"259807","Faiz Muhyy Ul Din","DR-892","EMDS Call","Medical Emergency","Abdominal Pain","2026/01/09 02:32:45 AM","Rahim Yar Khan"
"259808","Maheen Tahir","MR-6017","EMDS Call","Medical Emergency","Renal Disorders / Renal Colic ","2026/01/09 02:39:50 AM","Khanpur"
"259809","Faiz Muhyy Ul Din","DR-892","EMDS Call","Medical Emergency","Renal Disorders / Renal Colic ","2026/01/09 02:43:38 AM","Sadiqabad"
"Not Assigned","Maheen Tahir","MR-6017","EMDS Call","Rescue Operations","Delivery Case","2026/01/09 02:49:48 AM","Rahim Yar Khan"
"259811","Maheen Tahir","MR-6017","EMDS Call","Medical Emergency","High Fever","2026/01/09 03:11:41 AM","Liaqatpur"
"259812","Saira Bibi","MR-5494","EMDS Call","Medical Emergency","Abdominal Pain","2026/01/09 03:43:03 AM","Rahim Yar Khan"
"259813","Faiz Muhyy Ul Din","DR-892","EMDS Call","Medical Emergency","Others","2026/01/09 03:45:10 AM","Rahim Yar Khan"
"259814","Farah Sadaqat","MR-5930","EMDS Call","Medical Emergency","Others","2026/01/09 03:46:25 AM","Sadiqabad"
"259815","Saira Bibi","MR-5494","EMDS Call","Medical Emergency","Others","2026/01/09 03:53:15 AM","Sadiqabad"
"259816","Faiz Muhyy Ul Din","DR-892","Direct Call","Medical Emergency","Hypertension","2026/01/09 04:37:10 AM","Khanpur"
"259817","Faiz Muhyy Ul Din","DR-892","EMDS Call","Medical Emergency","Abdominal Pain","2026/01/09 04:55:55 AM","Sadiqabad"
"259818","Farah Sadaqat","MR-5930","EMDS Call","Medical Emergency","Chest Pain","2026/01/09 05:06:22 AM","Sadiqabad"
"259819","Farah Sadaqat","MR-5930","EMDS Call","Medical Emergency","Renal Disorders / Renal Colic ","2026/01/09 05:12:57 AM","Sadiqabad"
"259820","Faiz Muhyy Ul Din","DR-892","EMDS Call","Medical Emergency","Others","2026/01/09 06:03:06 AM","Rahim Yar Khan"
"Not Assigned","Saira Bibi","MR-5494","EMDS Call","Medical Emergency","SOB/ Respiratory Distress","2026/01/09 06:26:28 AM","Rahim Yar Khan"
"259822","Saira Bibi","MR-5494","EMDS Call","Medical Emergency","Hypertension","2026/01/09 06:39:35 AM","Rahim Yar Khan"
"259823","Farah Sadaqat","MR-5930","EMDS Call","Medical Emergency","Unconscious","2026/01/09 06:41:59 AM","Liaqatpur"
"259824","Farah Sadaqat","MR-5930","EMDS Call","Medical Emergency","Renal Disorders / Renal Colic ","2026/01/09 06:47:00 AM","Rahim Yar Khan"
"259825","Faiz Muhyy Ul Din","DR-892","EMDS Call","Medical Emergency","Vomiting","2026/01/09 06:47:50 AM","Rahim Yar Khan"
"259826","Saira Bibi","MR-5494","EMDS Call","Medical Emergency","Diabetic","2026/01/09 07:46:56 AM","Sadiqabad"
"259827","Nida Rahat","DR-1322","EMDS Call","Medical Emergency","Others","2026/01/09 08:02:01 AM","Rahim Yar Khan"
"259828","Nida Rahat","DR-1322","Direct Call","Rescue Operations","Mass Event Coverage","2026/01/09 08:05:50 AM","Sadiqabad"
"259829","Zia ul Haq","DR-328","EMDS Call","Medical Emergency","Epilepsy","2026/01/09 08:19:25 AM","Liaqatpur"
"259830","Nida Rahat","DR-1322","EMDS Call","Medical Emergency","Unconscious","2026/01/09 08:21:58 AM","Liaqatpur"
"259831","Bushra Saleem","MR-5701","EMDS Call","Medical Emergency","High Fever","2026/01/09 08:27:44 AM","Liaqatpur"
"75297","Nida Rahat","DR-1322","Direct Call","Patient Transfer Service","N/A","2026/01/09 08:36:16 AM","Liaqatpur"
"259832","Nida Rahat","DR-1322","EMDS Call","Medical Emergency","Unconscious","2026/01/09 08:36:56 AM","Rahim Yar Khan"
"259833","Bushra Saleem","MR-5701","Direct Call","Rescue Operations","Mass Event Coverage","2026/01/09 08:41:17 AM","Rahim Yar Khan"
"259834","Bushra Saleem","MR-5701","Direct Call","Medical Emergency","Diabetic","2026/01/09 08:43:03 AM","Rahim Yar Khan"
"259835","Bushra Saleem","MR-5701","Direct Call","Rescue Operations","Mass Event Coverage","2026/01/09 08:44:22 AM","Rahim Yar Khan"
"259836","Nida Rahat","DR-1322","EMDS Call","Medical Emergency","Others","2026/01/09 08:45:22 AM","Rahim Yar Khan"
"75298","Nida Rahat","DR-1322","Direct Call","Patient Transfer Service","N/A","2026/01/09 08:51:02 AM","Liaqatpur"
"259837","Muhammad Saeed","DR-190","EMDS Call","Medical Emergency","SOB/ Respiratory Distress","2026/01/09 08:51:03 AM","Rahim Yar Khan"
"259838","Nida Rahat","DR-1322","EMDS Call","Medical Emergency","Chronic Illness","2026/01/09 08:52:28 AM","Sadiqabad"
"259839","Aasia Batool","MR-5198","EMDS Call","Rescue Operations","Delivery Case","2026/01/09 08:57:54 AM","Sadiqabad"
"259841","Muhammad Saeed","DR-190","EMDS Call","Medical Emergency","SOB/ Respiratory Distress","2026/01/09 08:57:53 AM","Sadiqabad"
"259840","Shahid Jamil","DR-184","EMDS Call","Medical Emergency","CVA/Stroke","2026/01/09 09:00:24 AM","Rahim Yar Khan"
"259842","Bushra Saleem","MR-5701","EMDS Call","Medical Emergency","Abdominal Pain","2026/01/09 09:03:32 AM","Khanpur"
"259843","Aasia Batool","MR-5198","EMDS Call","Medical Emergency","Others","2026/01/09 09:13:22 AM","Rahim Yar Khan"
"259844","Aasia Batool","MR-5198","EMDS Call","Medical Emergency","SOB/ Respiratory Distress","2026/01/09 09:21:37 AM","Rahim Yar Khan"
"259845","Saima Bashir","MR-5819","EMDS Call","Medical Emergency","Unconscious","2026/01/09 09:40:06 AM","Rahim Yar Khan"
"75299","Aasia Batool","MR-5198","Direct Call","Patient Transfer Service","N/A","2026/01/09 09:58:31 AM","Sadiqabad"
"75300","Aasia Batool","MR-5198","Direct Call","Patient Transfer Service","N/A","2026/01/09 10:10:02 AM","Sadiqabad"
"259846","Aasia Batool","MR-5198","EMDS Call","Medical Emergency","Hypertension","2026/01/09 10:10:56 AM","Rahim Yar Khan"
"259847","Aasia Batool","MR-5198","EMDS Call","Medical Emergency","Diabetic","2026/01/09 10:15:08 AM","Rahim Yar Khan"
"259848","Adil Iqbal","DR-782","EMDS Call","Medical Emergency","SOB/ Respiratory Distress","2026/01/09 10:31:11 AM","Rahim Yar Khan"
"259849","Muhammad Saeed","DR-190","EMDS Call","Medical Emergency","Joints Pain","2026/01/09 10:33:36 AM","Sadiqabad"
"259850","Shahid Jamil","DR-184","Direct Call","Rescue Operations","Mass Event Coverage","2026/01/09 10:37:45 AM","Rahim Yar Khan"
"259851","Shahid Jamil","DR-184","EMDS Call","Medical Emergency","High Fever","2026/01/09 10:39:58 AM","Rahim Yar Khan"
"259852","Muhammad AAmar","DR-915","EMDS Call","Medical Emergency","High Fever","2026/01/09 10:59:38 AM","Liaqatpur"
"259853","Adil Iqbal","DR-782","EMDS Call","Medical Emergency","Others","2026/01/09 11:03:12 AM","Khanpur"
"259854","Yasir Ilyas","DR-893","Direct Call","Rescue Operations","Delivery Case","2026/01/09 11:05:30 AM","Rahim Yar Khan"
"259855","Muhammad AAmar","DR-915","EMDS Call","Medical Emergency","Hypertension","2026/01/09 11:10:27 AM","Rahim Yar Khan"
"259858","Yasir Ilyas","DR-893","EMDS Call","Medical Emergency","Diabetic","2026/01/09 11:15:32 AM","Khanpur"
"259856","Adil Iqbal","DR-782","Direct Call","Medical Emergency","Others","2026/01/09 11:17:16 AM","Rahim Yar Khan"
"75301","Yasir Ilyas","DR-893","Direct Call","Patient Transfer Service","N/A","2026/01/09 11:18:35 AM","Khanpur"
"259857","Muhammad AAmar","DR-915","EMDS Call","Medical Emergency","Abdominal Pain","2026/01/09 11:18:57 AM","Sadiqabad"
"259859","Shahid Jamil","DR-184","EMDS Call","Medical Emergency","CVA/Stroke","2026/01/09 11:22:02 AM","Rahim Yar Khan"
"259860","Shahid Jamil","DR-184","EMDS Call","Medical Emergency","Vomiting","2026/01/09 11:33:07 AM","Rahim Yar Khan"
"259861","Muhammad AAmar","DR-915","EMDS Call","Medical Emergency","Hypertension","2026/01/09 11:34:50 AM","Rahim Yar Khan"
"259862","Shahid Jamil","DR-184","EMDS Call","Medical Emergency","Abdominal Pain","2026/01/09 11:38:03 AM","Sadiqabad"
"259863","Yasir Ilyas","DR-893","EMDS Call","Medical Emergency","Hypertension","2026/01/09 11:37:42 AM","Sadiqabad"
"259864","Adil Iqbal","DR-782","EMDS Call","Medical Emergency","Others","2026/01/09 11:41:43 AM","Rahim Yar Khan"
"259865","Yasir Ilyas","DR-893","EMDS Call","Medical Emergency","Epilepsy","2026/01/09 11:42:14 AM","Khanpur"
"259866","Adil Iqbal","DR-782","EMDS Call","Medical Emergency","Others","2026/01/09 12:10:06 PM","Rahim Yar Khan"
"259867","Aasia Batool","MR-5198","EMDS Call","Medical Emergency","High Fever","2026/01/09 12:17:52 PM","Liaqatpur"
"259868","Saima Bashir","MR-5819","EMDS Call","Medical Emergency","Unconscious","2026/01/09 12:24:37 PM","Khanpur"
"259869","Adil Iqbal","DR-782","EMDS Call","Crime","Physical Assault/Violence","2026/01/09 12:28:40 PM","Rahim Yar Khan"
"259870","Aasia Batool","MR-5198","EMDS Call","Medical Emergency","Vomiting","2026/01/09 12:29:04 PM","Sadiqabad"
"259872","Saima Bashir","MR-5819","EMDS Call","Fall","Fall From Stairs","2026/01/09 12:49:22 PM","Khanpur"
"259871","Bushra Saleem","MR-5701","EMDS Call","Medical Emergency","SOB/ Respiratory Distress","2026/01/09 12:48:55 PM","Rahim Yar Khan"
"259873","Bushra Saleem","MR-5701","EMDS Call","Medical Emergency","Abdominal Pain","2026/01/09 12:52:33 PM","Rahim Yar Khan"
"259874","Muhammad Arshad","DR-198","EMDS Call","Road Crash","Minor Injuries","2026/01/09 12:53:39 PM","Rahim Yar Khan"
"259875","Bushra Saleem","MR-5701","EMDS Call","Medical Emergency","Hypertension","2026/01/09 12:56:14 PM","Rahim Yar Khan"
"259876","Saima Bashir","MR-5819","EMDS Call","Road Crash","Minor Injuries","2026/01/09 01:12:39 PM","Rahim Yar Khan"
"259877","Saima Bashir","MR-5819","EMDS Call","Medical Emergency","Backache","2026/01/09 01:17:55 PM","Rahim Yar Khan"
"259878","Bushra Saleem","MR-5701","EMDS Call","Medical Emergency","SOB/ Respiratory Distress","2026/01/09 01:26:31 PM","Sadiqabad"
"259879","Bushra Saleem","MR-5701","EMDS Call","Medical Emergency","Domestic Injuries","2026/01/09 01:31:33 PM","Rahim Yar Khan"
"259880","Bushra Saleem","MR-5701","EMDS Call","Medical Emergency","SOB/ Respiratory Distress","2026/01/09 01:35:41 PM","Sadiqabad"
"259881","Muhammad Arshad","DR-198","EMDS Call","Road Crash","Multiple Fractures","2026/01/09 01:37:55 PM","Rahim Yar Khan"
"259882","Saima Bashir","MR-5819","EMDS Call","Medical Emergency","Epilepsy","2026/01/09 01:44:56 PM","Rahim Yar Khan"
"75302","Bushra Saleem","MR-5701","Direct Call","Patient Transfer Service","N/A","2026/01/09 01:47:07 PM","Khanpur"
"75303","Bushra Saleem","MR-5701","Direct Call","Patient Transfer Service","N/A","2026/01/09 01:55:37 PM","Sadiqabad"
"259883","Muhammad Fiaz","DR-206","EMDS Call","Medical Emergency","SOB/ Respiratory Distress","2026/01/09 01:53:24 PM","Rahim Yar Khan"
"259884","Muhammad Arshad","DR-198","Direct Call","Medical Emergency","SOB/ Respiratory Distress","2026/01/09 01:57:02 PM","Rahim Yar Khan"
"75304","Sheeza Barkat","MR-5331","Direct Call","Patient Transfer Service","N/A","2026/01/09 02:06:35 PM","Khanpur"
"259885","Sheeza Barkat","MR-5331","Direct Call","Crime","Physical Assault/Violence","2026/01/09 02:07:54 PM","Liaqatpur"
"259887","Rana M. Usman","DR-200","EMDS Call","Road Crash","Severe Trauma","2026/01/09 02:17:40 PM","Khanpur"
"259888","Sheeza Barkat","MR-5331","EMDS Call","Medical Emergency","Diabetic","2026/01/09 02:17:25 PM","Sadiqabad"
"259886","Muhammad Fiaz","DR-206","EMDS Call","Medical Emergency","Backache","2026/01/09 02:17:12 PM","Rahim Yar Khan"
"259889","Muhammad Arshad","DR-198","EMDS Call","Road Crash","Bleeding","2026/01/09 02:19:00 PM","Rahim Yar Khan"
"259890","Sheeza Barkat","MR-5331","EMDS Call","Medical Emergency","Chest Pain","2026/01/09 02:25:37 PM","Rahim Yar Khan"
"259891","Rana M. Usman","DR-200","EMDS Call","Road Crash","Severe Trauma","2026/01/09 02:27:15 PM","Sadiqabad"
"259892","Rana M. Usman","DR-200","EMDS Call","Medical Emergency","Hypertension","2026/01/09 02:34:35 PM","Rahim Yar Khan"
"259893","Muhammad Arshad","DR-198","EMDS Call","Medical Emergency","Vomiting","2026/01/09 02:37:29 PM","Rahim Yar Khan"
"259894","Muhammad Fiaz","DR-206","EMDS Call","Road Crash","Bleeding","2026/01/09 02:41:20 PM","Liaqatpur"
"75305","Muhammad Fiaz","DR-206","Direct Call","Patient Transfer Service","N/A","2026/01/09 02:45:40 PM","Rahim Yar Khan"
"259896","Muhammad Fiaz","DR-206","EMDS Call","Medical Emergency","Chronic Illness","2026/01/09 03:08:04 PM","Rahim Yar Khan"
"259895","Sheeza Barkat","MR-5331","EMDS Call","Medical Emergency","Hypertension","2026/01/09 03:08:31 PM","Sadiqabad"
"75306","Muhammad Arshad","DR-198","Direct Call","Patient Transfer Service","N/A","2026/01/09 03:12:35 PM","Sadiqabad"
"259897","Rana M. Usman","DR-200","EMDS Call","Road Crash","Severe Trauma","2026/01/09 03:11:19 PM","Rahim Yar Khan"
"259898","Muhammad Arshad","DR-198","EMDS Call","Fire","Short Circuit","2026/01/09 03:35:33 PM","Sadiqabad"
"259899","Zupasha Zia","MR-5758","EMDS Call","Road Crash","Bleeding","2026/01/09 03:37:17 PM","Rahim Yar Khan"
"259900","Muhammad Fiaz","DR-206","EMDS Call","Medical Emergency","Chest Pain","2026/01/09 03:42:10 PM","Rahim Yar Khan"
"259901","Zupasha Zia","MR-5758","EMDS Call","Medical Emergency","Others","2026/01/09 03:43:46 PM","Sadiqabad"
"259902","Muhammad Fiaz","DR-206","EMDS Call","Medical Emergency","Hypertension","2026/01/09 03:43:55 PM","Liaqatpur"
"259903","Zupasha Zia","MR-5758","EMDS Call","Road Crash","Minor Injuries","2026/01/09 03:47:30 PM","Rahim Yar Khan"
"259904","Rana M. Usman","DR-200","EMDS Call","Medical Emergency","SOB/ Respiratory Distress","2026/01/09 03:54:59 PM","Khanpur"
"259905","Sheeza Barkat","MR-5331","EMDS Call","Crime","Physical Assault/Violence","2026/01/09 03:55:58 PM","Khanpur"
"259906","Muhammad Riaz","DR-654","EMDS Call","Medical Emergency","Unconscious","2026/01/09 04:02:36 PM","Rahim Yar Khan"
"259907","Rana M. Usman","DR-200","EMDS Call","Rescue Operations","Animal/Bird Rescue","2026/01/09 04:04:27 PM","Rahim Yar Khan"
"259908","Sheeza Barkat","MR-5331","EMDS Call","Road Crash","Severe Trauma","2026/01/09 04:15:27 PM","Khanpur"
"259909","Sheeza Barkat","MR-5331","EMDS Call","Medical Emergency","CVA/Stroke","2026/01/09 04:25:35 PM","Rahim Yar Khan"
"75307","Muhammad Fiaz","DR-206","Direct Call","Patient Transfer Service","N/A","2026/01/09 04:29:28 PM","Sadiqabad"
"259910","Sheeza Barkat","MR-5331","EMDS Call","Road Crash","Bleeding","2026/01/09 04:33:20 PM","Khanpur"
"259911","Muhammad Riaz","DR-654","EMDS Call","Medical Emergency","High Fever","2026/01/09 04:34:57 PM","Liaqatpur"
"259912","Sheeza Barkat","MR-5331","EMDS Call","Medical Emergency","CVA/Stroke","2026/01/09 04:37:36 PM","Rahim Yar Khan"
"259913","Muhammad Riaz","DR-654","EMDS Call","Road Crash","Severe Trauma","2026/01/09 04:42:46 PM","Rahim Yar Khan"
"259913","Muhammad Riaz","DR-654","EMDS Call","Road Crash","Severe Trauma","2026/01/09 04:42:46 PM","Rahim Yar Khan"
"259914","Muhammad Fiaz","DR-206","Direct Call","Medical Emergency","SOB/ Respiratory Distress","2026/01/09 04:48:11 PM","Rahim Yar Khan"
"259915","Sheeza Barkat","MR-5331","EMDS Call","Medical Emergency","Others","2026/01/09 04:52:55 PM","Rahim Yar Khan"
"259916","Muhammad Riaz","DR-654","EMDS Call","Medical Emergency","Others","2026/01/09 04:54:05 PM","Liaqatpur"
"259917","Zupasha Zia","MR-5758","EMDS Call","Medical Emergency","High Fever","2026/01/09 04:55:53 PM","Sadiqabad"
"75308","Sheeza Barkat","MR-5331","Direct Call","Patient Transfer Service","N/A","2026/01/09 04:57:34 PM","Sadiqabad"
"75309","Sheeza Barkat","MR-5331","Direct Call","Patient Transfer Service","N/A","2026/01/09 05:06:55 PM","Sadiqabad"
"259918","Zupasha Zia","MR-5758","EMDS Call","Medical Emergency","High Fever","2026/01/09 05:20:57 PM","Sadiqabad"
"259919","Zupasha Zia","MR-5758","EMDS Call","Road Crash","Minor Injuries","2026/01/09 05:26:47 PM","Sadiqabad"
"259920","Sheeza Barkat","MR-5331","EMDS Call","Road Crash","Minor Injuries","2026/01/09 05:29:14 PM","Rahim Yar Khan"
"259921","Zupasha Zia","MR-5758","EMDS Call","Road Crash","Bleeding","2026/01/09 05:30:07 PM","Rahim Yar Khan"
"259922","Muhammad Fiaz","DR-206","EMDS Call","Medical Emergency","SOB/ Respiratory Distress","2026/01/09 05:36:09 PM","Khanpur"
"259923","Zupasha Zia","MR-5758","EMDS Call","Medical Emergency","High Fever","2026/01/09 05:39:07 PM","Khanpur"
"75310","Muhammad Fiaz","DR-206","Direct Call","Patient Transfer Service","N/A","2026/01/09 05:44:02 PM","Khanpur"
"259924","Zupasha Zia","MR-5758","EMDS Call","Medical Emergency","Vomiting","2026/01/09 05:43:26 PM","Rahim Yar Khan"
"259925","Muhammad Fiaz","DR-206","EMDS Call","Medical Emergency","Vomiting","2026/01/09 05:44:03 PM","Rahim Yar Khan"
"259926","Zupasha Zia","MR-5758","EMDS Call","Medical Emergency","Unconscious","2026/01/09 05:49:35 PM","Rahim Yar Khan"
"259927","Shahla Nawaz","DR-185","EMDS Call","Rescue Operations","Snake Emergency","2026/01/09 05:49:01 PM","Liaqatpur"
"259930","Zupasha Zia","MR-5758","EMDS Call","Medical Emergency","Others","2026/01/09 06:23:31 PM","Khanpur"
"259928","Muhammad Fiaz","DR-206","EMDS Call","Medical Emergency","Hypertension","2026/01/09 06:23:59 PM","Rahim Yar Khan"
"259929","Sheeza Barkat","MR-5331","EMDS Call","Medical Emergency","Others","2026/01/09 06:24:11 PM","Rahim Yar Khan"
"75311","Muhammad Fiaz","DR-206","Direct Call","Patient Transfer Service","N/A","2026/01/09 06:26:42 PM","Sadiqabad"
"Not Assigned","Muhammad Fiaz","DR-206","EMDS Call","Road Crash","Bleeding","2026/01/09 06:25:00 PM","Khanpur"
"259932","Muhammad Fiaz","DR-206","EMDS Call","Medical Emergency","Others","2026/01/09 06:40:25 PM","Sadiqabad"
"259933","Muhammad Riaz","DR-654","EMDS Call","Medical Emergency","SOB/ Respiratory Distress","2026/01/09 06:50:27 PM","Rahim Yar Khan"
"259934","Zupasha Zia","MR-5758","EMDS Call","Road Crash","Minor Injuries","2026/01/09 06:51:47 PM","Liaqatpur"
"259935","Muhammad Fiaz","DR-206","EMDS Call","Medical Emergency","Chest Pain","2026/01/09 06:59:07 PM","Rahim Yar Khan"
"259936","Zupasha Zia","MR-5758","EMDS Call","Road Crash","Bleeding","2026/01/09 07:01:15 PM","Sadiqabad"
"259937","Muhammad Riaz","DR-654","EMDS Call","Road Crash","Bleeding","2026/01/09 07:04:28 PM","Liaqatpur"
"259937","Muhammad Riaz","DR-654","EMDS Call","Road Crash","Bleeding","2026/01/09 07:04:28 PM","Liaqatpur"
"75312","Muhammad Fiaz","DR-206","Direct Call","Patient Transfer Service","N/A","2026/01/09 07:05:54 PM","Rahim Yar Khan"
"259938","Sheeza Barkat","MR-5331","EMDS Call","Medical Emergency","SOB/ Respiratory Distress","2026/01/09 07:08:11 PM","Rahim Yar Khan"
"259939","Muhammad Riaz","DR-654","EMDS Call","Medical Emergency","Others","2026/01/09 07:09:10 PM","Rahim Yar Khan"
"259940","Muhammad Fiaz","DR-206","EMDS Call","Medical Emergency","Others","2026/01/09 07:12:21 PM","Rahim Yar Khan"
"259941","Sheeza Barkat","MR-5331","EMDS Call","Medical Emergency","Hypertension","2026/01/09 07:12:55 PM","Khanpur"
"259942","Muhammad Fiaz","DR-206","EMDS Call","Medical Emergency","Others","2026/01/09 07:17:19 PM","Rahim Yar Khan"
"259943","Muhammad Fiaz","DR-206","EMDS Call","Medical Emergency","Hypertension","2026/01/09 07:20:29 PM","Rahim Yar Khan"
"259944","Sheeza Barkat","MR-5331","EMDS Call","Medical Emergency","Domestic Injuries","2026/01/09 07:23:08 PM","Sadiqabad"
"75313","Zupasha Zia","MR-5758","Direct Call","Patient Transfer Service","N/A","2026/01/09 07:36:35 PM","Sadiqabad"
"259945","Muhammad Fiaz","DR-206","EMDS Call","Medical Emergency","Others","2026/01/09 07:45:01 PM","Rahim Yar Khan"
"259946","Zupasha Zia","MR-5758","EMDS Call","Medical Emergency","Others","2026/01/09 07:52:31 PM","Rahim Yar Khan"
"259947","Zupasha Zia","MR-5758","EMDS Call","Medical Emergency","High Fever","2026/01/09 07:59:03 PM","Rahim Yar Khan"
"259948","Muhammad Fiaz","DR-206","EMDS Call","Fire","Others","2026/01/09 08:00:18 PM","Rahim Yar Khan"
"259949","Zupasha Zia","MR-5758","EMDS Call","Medical Emergency","Others","2026/01/09 08:02:12 PM","Liaqatpur"
"259950","Muhammad Riaz","DR-654","EMDS Call","Medical Emergency","Vomiting","2026/01/09 08:22:54 PM","Sadiqabad"
"259951","Sheeza Barkat","MR-5331","EMDS Call","Medical Emergency","Others","2026/01/09 08:24:53 PM","Sadiqabad"
"259952","Shahla Nawaz","DR-185","EMDS Call","Medical Emergency","SOB/ Respiratory Distress","2026/01/09 08:24:28 PM","Sadiqabad"
"259954","Zupasha Zia","MR-5758","EMDS Call","Medical Emergency","Others","2026/01/09 08:29:17 PM","Rahim Yar Khan"
"259953","Zupasha Zia","MR-5758","EMDS Call","Medical Emergency","SOB/ Respiratory Distress","2026/01/09 08:31:58 PM","Rahim Yar Khan"
"75314","Shahla Nawaz","DR-185","Direct Call","Patient Transfer Service","N/A","2026/01/09 08:35:30 PM","Rahim Yar Khan"
"259955","Sheeza Barkat","MR-5331","EMDS Call","Medical Emergency","High Fever","2026/01/09 08:36:22 PM","Rahim Yar Khan"
"259956","Shahla Nawaz","DR-185","EMDS Call","Rescue Operations","Delivery Case","2026/01/09 08:40:06 PM","Rahim Yar Khan"
"259957","Shahla Nawaz","DR-185","EMDS Call","Medical Emergency","Others","2026/01/09 08:43:22 PM","Rahim Yar Khan"
"259958","Zupasha Zia","MR-5758","EMDS Call","Medical Emergency","Hypertension","2026/01/09 08:45:30 PM","Rahim Yar Khan"
"259959","Farah Sadaqat","MR-5930","EMDS Call","Medical Emergency","SOB/ Respiratory Distress","2026/01/09 08:59:19 PM","Sadiqabad"
"75315","Faiz Muhyy Ul Din","DR-892","Direct Call","Patient Transfer Service","N/A","2026/01/09 09:02:38 PM","Khanpur"
"259960","Shaheen Islam","DR-1171","EMDS Call","Medical Emergency","SOB/ Respiratory Distress","2026/01/09 09:04:39 PM","Sadiqabad"
"259961","Faiz Muhyy Ul Din","DR-892","EMDS Call","Medical Emergency","Others","2026/01/09 09:10:14 PM","Rahim Yar Khan"
"75316","Farah Sadaqat","MR-5930","Direct Call","Patient Transfer Service","N/A","2026/01/09 09:21:50 PM","Khanpur"
"259962","Shaheen Islam","DR-1171","EMDS Call","Rescue Operations","Others","2026/01/09 09:24:06 PM","Sadiqabad"
"75317","Faiz Muhyy Ul Din","DR-892","Direct Call","Patient Transfer Service","N/A","2026/01/09 09:28:17 PM","Liaqatpur"
"259963","Farah Sadaqat","MR-5930","EMDS Call","Medical Emergency","Hypertension","2026/01/09 09:27:39 PM","Rahim Yar Khan"
"259964","Shaheen Islam","DR-1171","EMDS Call","Medical Emergency","SOB/ Respiratory Distress","2026/01/09 09:28:08 PM","Khanpur"
"75318","Faiz Muhyy Ul Din","DR-892","Direct Call","Patient Transfer Service","N/A","2026/01/09 09:32:49 PM","Liaqatpur"
"75319","Farah Sadaqat","MR-5930","Direct Call","Patient Transfer Service","N/A","2026/01/09 09:34:55 PM","Sadiqabad"
"75320","Farah Sadaqat","MR-5930","Direct Call","Patient Transfer Service","N/A","2026/01/09 09:38:56 PM","Sadiqabad"
"259965","Farah Sadaqat","MR-5930","EMDS Call","Medical Emergency","Renal Disorders / Renal Colic ","2026/01/09 09:39:15 PM","Sadiqabad"
"259966","Saira Bibi","MR-5494","EMDS Call","Fire","Others","2026/01/09 09:40:55 PM","Rahim Yar Khan"
"259967","Saira Bibi","MR-5494","EMDS Call","Medical Emergency","Others","2026/01/09 09:46:59 PM","Rahim Yar Khan"
"259968","Farah Sadaqat","MR-5930","EMDS Call","Medical Emergency","Abdominal Pain","2026/01/09 09:46:34 PM","Khanpur"
"259969","Shaheen Islam","DR-1171","EMDS Call","Medical Emergency","Others","2026/01/09 09:59:48 PM","Rahim Yar Khan"
"259970","Saira Bibi","MR-5494","EMDS Call","Medical Emergency","Hypertension","2026/01/09 10:15:39 PM","Sadiqabad"
"259971","Saira Bibi","MR-5494","EMDS Call","Medical Emergency","Chest Pain","2026/01/09 10:19:20 PM","Rahim Yar Khan"
"259972","Farah Sadaqat","MR-5930","EMDS Call","Medical Emergency","Hypertension","2026/01/09 10:26:07 PM","Rahim Yar Khan"
"259973","Farah Sadaqat","MR-5930","EMDS Call","Medical Emergency","Others","2026/01/09 10:54:54 PM","Sadiqabad"
"259974","Saira Bibi","MR-5494","EMDS Call","Medical Emergency","Others","2026/01/09 11:00:33 PM","Rahim Yar Khan"
"259975","Saira Bibi","MR-5494","EMDS Call","Rescue Operations","Delivery Case","2026/01/09 11:07:52 PM","Rahim Yar Khan"
"259976","Faiz Muhyy Ul Din","DR-892","EMDS Call","Medical Emergency","Others","2026/01/09 11:16:00 PM","Sadiqabad"
"259977","Saira Bibi","MR-5494","EMDS Call","Medical Emergency","Vomiting","2026/01/09 11:17:33 PM","Rahim Yar Khan"
"259978","Faiz Muhyy Ul Din","DR-892","EMDS Call","Medical Emergency","Domestic Injuries","2026/01/09 11:20:12 PM","Rahim Yar Khan"
"Not Assigned","Muhammad Tariq Hameed","DR-885","EMDS Call","Rescue Operations","Delivery Case","2026/01/09 11:54:27 PM","Sadiqabad"
"259980","Muhammad Tariq Hameed","DR-885","EMDS Call","Medical Emergency","Vomiting","2026/01/10 12:10:34 AM","Rahim Yar Khan"
"259981","Faiz Muhyy Ul Din","DR-892","EMDS Call","Road Crash","Minor Injuries","2026/01/10 12:18:01 AM","Rahim Yar Khan"
"259982","Faiz Muhyy Ul Din","DR-892","EMDS Call","Medical Emergency","Backache","2026/01/10 12:37:35 AM","Rahim Yar Khan"
"259983","Muhammad Tariq Hameed","DR-885","EMDS Call","Medical Emergency","Hypertension","2026/01/10 12:49:40 AM","Liaqatpur"
"75321","Farah Sadaqat","MR-5930","Direct Call","Patient Transfer Service","N/A","2026/01/10 12:55:10 AM","Sadiqabad"
"259984","Muhammad Tariq Hameed","DR-885","EMDS Call","Medical Emergency","Hypertension","2026/01/10 01:07:11 AM","Rahim Yar Khan"
"259986","Muhammad Tariq Hameed","DR-885","EMDS Call","Medical Emergency","SOB/ Respiratory Distress","2026/01/10 01:11:48 AM","Rahim Yar Khan"
"259985","Farah Sadaqat","MR-5930","EMDS Call","Medical Emergency","Renal Disorders / Renal Colic ","2026/01/10 01:11:30 AM","Khanpur"
"259987","Faiz Muhyy Ul Din","DR-892","EMDS Call","Medical Emergency","Renal Disorders / Renal Colic ","2026/01/10 01:22:12 AM","Rahim Yar Khan"
"259988","Farah Sadaqat","MR-5930","EMDS Call","Medical Emergency","SOB/ Respiratory Distress","2026/01/10 01:24:47 AM","Rahim Yar Khan"
"259989","Muhammad Tariq Hameed","DR-885","EMDS Call","Rescue Operations","Delivery Case","2026/01/10 01:26:13 AM","Liaqatpur"
"259990","Faiz Muhyy Ul Din","DR-892","Direct Call","Rescue Operations","Mass Event Coverage","2026/01/10 01:44:29 AM","Rahim Yar Khan"
"259991","Farah Sadaqat","MR-5930","EMDS Call","Medical Emergency","Others","2026/01/10 01:49:15 AM","Khanpur"
"259992","Muhammad Tariq Hameed","DR-885","EMDS Call","Rescue Operations","Delivery Case","2026/01/10 01:52:58 AM","Rahim Yar Khan"
"75322","Farah Sadaqat","MR-5930","Direct Call","Patient Transfer Service","N/A","2026/01/10 02:02:41 AM","Khanpur"
"259993","Farah Sadaqat","MR-5930","EMDS Call","Medical Emergency","Hypertension","2026/01/10 02:18:11 AM","Rahim Yar Khan"
"259994","Faiz Muhyy Ul Din","DR-892","EMDS Call","Medical Emergency","Vomiting","2026/01/10 02:17:46 AM","Sadiqabad"
"259995","Farah Sadaqat","MR-5930","EMDS Call","Medical Emergency","Chest Pain","2026/01/10 02:20:34 AM","Rahim Yar Khan"
"259996","Faiz Muhyy Ul Din","DR-892","EMDS Call","Medical Emergency","Chest Pain","2026/01/10 02:22:39 AM","Rahim Yar Khan"
"259997","Muhammad Tariq Hameed","DR-885","EMDS Call","Medical Emergency","Unconscious","2026/01/10 03:00:14 AM","Khanpur"
"259998","Muhammad Tariq Hameed","DR-885","EMDS Call","Rescue Operations","Delivery Case","2026/01/10 03:03:12 AM","Liaqatpur"
"259999","Muhammad Tariq Hameed","DR-885","EMDS Call","Rescue Operations","Delivery Case","2026/01/10 03:15:02 AM","Sadiqabad"
"75323","Muhammad Zubair","DR-894","Direct Call","Patient Transfer Service","N/A","2026/01/10 03:34:55 AM","Sadiqabad"
"260000","Muhammad Zubair","DR-894","EMDS Call","Medical Emergency","Hypertension","2026/01/10 03:58:09 AM","Khanpur"
"260001","Saira Bibi","MR-5494","EMDS Call","Medical Emergency","SOB/ Respiratory Distress","2026/01/10 04:07:05 AM","Liaqatpur"
"75324","Saira Bibi","MR-5494","Direct Call","Patient Transfer Service","N/A","2026/01/10 04:47:53 AM","Sadiqabad"
"260002","Shaheen Islam","DR-1171","EMDS Call","Medical Emergency","Renal Disorders / Renal Colic ","2026/01/10 05:10:25 AM","Rahim Yar Khan"
"260003","Shaheen Islam","DR-1171","EMDS Call","Medical Emergency","Vomiting","2026/01/10 06:11:10 AM","Sadiqabad"
"260004","Muhammad Zubair","DR-894","EMDS Call","Medical Emergency","SOB/ Respiratory Distress","2026/01/10 06:21:56 AM","Rahim Yar Khan"
"260005","Saira Bibi","MR-5494","EMDS Call","Medical Emergency","High Fever","2026/01/10 06:22:57 AM","Rahim Yar Khan"
"260006","Saira Bibi","MR-5494","EMDS Call","Medical Emergency","Vomiting","2026/01/10 06:32:55 AM","Liaqatpur"
"260007","Saira Bibi","MR-5494","EMDS Call","Medical Emergency","Unconscious","2026/01/10 06:48:17 AM","Liaqatpur"
"260008","Saira Bibi","MR-5494","EMDS Call","Medical Emergency","Others","2026/01/10 06:56:43 AM","Rahim Yar Khan"
"260009","Shaheen Islam","DR-1171","EMDS Call","Medical Emergency","Chest Pain","2026/01/10 07:05:23 AM","Sadiqabad"
"260010","Saira Bibi","MR-5494","EMDS Call","Medical Emergency","Others","2026/01/10 07:08:44 AM","Rahim Yar Khan"
"260011","Shaheen Islam","DR-1171","EMDS Call","Medical Emergency","High Fever","2026/01/10 07:29:06 AM","Khanpur"
"260012","Shaheen Islam","DR-1171","EMDS Call","Medical Emergency","Others","2026/01/10 07:32:12 AM","Liaqatpur"
"260014","Muhammad Zubair","DR-894","EMDS Call","Medical Emergency","SOB/ Respiratory Distress","2026/01/10 07:36:47 AM","Rahim Yar Khan"
"260013","Shaheen Islam","DR-1171","Direct Call","Medical Emergency","Vomiting","2026/01/10 07:37:48 AM","Rahim Yar Khan"
"260015","Shaheen Islam","DR-1171","EMDS Call","Medical Emergency","Hypertension","2026/01/10 07:47:13 AM","Rahim Yar Khan"
"260016","Muhammad Zubair","DR-894","EMDS Call","Medical Emergency","Abdominal Pain","2026/01/10 07:47:47 AM","Rahim Yar Khan"
"260017","Saira Bibi","MR-5494","EMDS Call","Fire","Others","2026/01/10 07:53:20 AM","Rahim Yar Khan"
"260019","Shaheen Islam","DR-1171","Direct Call","Rescue Operations","Mass Event Coverage","2026/01/10 07:57:19 AM","Sadiqabad"
"260018","Saira Bibi","MR-5494","EMDS Call","Medical Emergency","Diabetic","2026/01/10 07:57:43 AM","Sadiqabad"
"260020","Shaheen Islam","DR-1171","Direct Call","Medical Emergency","Others","2026/01/10 08:03:41 AM","Rahim Yar Khan"
"260021","Shaheen Islam","DR-1171","EMDS Call","Medical Emergency","Others","2026/01/10 08:04:30 AM","Rahim Yar Khan"
"260022","Fahad Hussain","DR-538","Direct Call","Rescue Operations","Mass Event Coverage","2026/01/10 08:08:26 AM","Rahim Yar Khan"
"260023","Nida Rahat","DR-1322","EMDS Call","Medical Emergency","Unconscious","2026/01/10 08:15:35 AM","Rahim Yar Khan"
"260024","Muhammad Rashid Saleem","DR-187","EMDS Call","Rescue Operations","Delivery Case","2026/01/10 08:23:05 AM","Rahim Yar Khan"
"260025","Fahad Hussain","DR-538","EMDS Call","Medical Emergency","Chest Pain","2026/01/10 08:28:58 AM","Rahim Yar Khan"
"260026","Muhammad Rashid Saleem","DR-187","EMDS Call","Medical Emergency","Others","2026/01/10 08:29:05 AM","Rahim Yar Khan"
"260027","Fahad Hussain","DR-538","EMDS Call","Medical Emergency","Unconscious","2026/01/10 08:34:36 AM","Sadiqabad"
"260028","Fahad Hussain","DR-538","EMDS Call","Medical Emergency","Hypertension","2026/01/10 08:39:10 AM","Liaqatpur"
"260029","Nida Rahat","DR-1322","EMDS Call","Medical Emergency","SOB/ Respiratory Distress","2026/01/10 08:42:34 AM","Rahim Yar Khan"
"260030","Muhammad Rashid Saleem","DR-187","EMDS Call","Medical Emergency","Chest Pain","2026/01/10 08:42:58 AM","Rahim Yar Khan"
"260031","Fahad Hussain","DR-538","EMDS Call","Medical Emergency","Abdominal Pain","2026/01/10 08:43:18 AM","Sadiqabad"
"260032","Nida Rahat","DR-1322","EMDS Call","Medical Emergency","Others","2026/01/10 08:46:34 AM","Rahim Yar Khan"
"260033","Fahad Hussain","DR-538","Direct Call","Rescue Operations","Mass Event Coverage","2026/01/10 08:49:22 AM","Rahim Yar Khan"
"260034","Muhammad Rashid Saleem","DR-187","EMDS Call","Road Crash","Bleeding","2026/01/10 08:49:39 AM","Sadiqabad"
"260035","Muhammad Rashid Saleem","DR-187","EMDS Call","Medical Emergency","Unconscious","2026/01/10 09:07:53 AM","Rahim Yar Khan"
"260036","Muhammad Saeed","DR-190","EMDS Call","Medical Emergency","Others","2026/01/10 09:10:14 AM","Rahim Yar Khan"
"260037","Mureed Abbas","DR-900","EMDS Call","Road Crash","Minor Injuries","2026/01/10 09:13:54 AM","Rahim Yar Khan"
"260038","Muhammad Rashid Saleem","DR-187","EMDS Call","Medical Emergency","Unconscious","2026/01/10 09:26:29 AM","Khanpur"
"260039","Muhammad AAmar","DR-915","Direct Call","Medical Emergency","Domestic Injuries","2026/01/10 09:35:46 AM","Rahim Yar Khan"
"260041","Muhammad Arshad","DR-198","EMDS Call","Medical Emergency","Unconscious","2026/01/10 09:38:44 AM","Khanpur"
"260040","Muhammad Saeed","DR-190","EMDS Call","Medical Emergency","Joints Pain","2026/01/10 09:37:32 AM","Rahim Yar Khan"
"75325","Mureed Abbas","DR-900","Direct Call","Patient Transfer Service","N/A","2026/01/10 09:39:25 AM","Sadiqabad"
"260043","Muhammad Saeed","DR-190","EMDS Call","Medical Emergency","Others","2026/01/10 09:45:31 AM","Sadiqabad"
"75326","Muhammad Rashid Saleem","DR-187","Direct Call","Patient Transfer Service","N/A","2026/01/10 09:48:35 AM","Sadiqabad"
"260042","Mureed Abbas","DR-900","EMDS Call","Medical Emergency","CVA/Stroke","2026/01/10 09:47:27 AM","Rahim Yar Khan"
"75327","Muhammad Rashid Saleem","DR-187","Direct Call","Patient Transfer Service","N/A","2026/01/10 09:49:23 AM","Liaqatpur"
"75328","Muhammad Rashid Saleem","DR-187","Direct Call","Patient Transfer Service","N/A","2026/01/10 09:53:18 AM","Liaqatpur"
"75329","Muhammad Rashid Saleem","DR-187","Direct Call","Patient Transfer Service","N/A","2026/01/10 09:59:52 AM","Khanpur"
"260044","Mureed Abbas","DR-900","EMDS Call","Medical Emergency","Others","2026/01/10 10:05:14 AM","Sadiqabad"
"260045","Aasia Batool","MR-5198","EMDS Call","Medical Emergency","SOB/ Respiratory Distress","2026/01/10 10:21:42 AM","Rahim Yar Khan"
"260046","Muhammad AAmar","DR-915","EMDS Call","Medical Emergency","Others","2026/01/10 10:21:04 AM","Liaqatpur"
"260047","Mureed Abbas","DR-900","EMDS Call","Medical Emergency","Hypertension","2026/01/10 10:28:29 AM","Rahim Yar Khan"
"260048","Muhammad Rashid Saleem","DR-187","EMDS Call","Medical Emergency","SOB/ Respiratory Distress","2026/01/10 10:52:00 AM","Rahim Yar Khan"
"75330","Mureed Abbas","DR-900","Direct Call","Patient Transfer Service","N/A","2026/01/10 10:54:12 AM","Khanpur"
"260049","Muhammad Arshad","DR-198","EMDS Call","Rescue Operations","Work/Occupational Injuries","2026/01/10 10:55:21 AM","Rahim Yar Khan"
"260050","Mureed Abbas","DR-900","Direct Call","Medical Emergency","Vomiting","2026/01/10 10:58:17 AM","Rahim Yar Khan"
"260051","Muhammad Saeed","DR-190","EMDS Call","Road Crash","Minor Injuries","2026/01/10 11:14:05 AM","Rahim Yar Khan"
"260052","Muhammad AAmar","DR-915","EMDS Call","Medical Emergency","Others","2026/01/10 11:25:24 AM","Rahim Yar Khan"
"260053","Saima Bashir","MR-5819","EMDS Call","Rescue Operations","Scalds/Burn Due To Negligence","2026/01/10 11:24:29 AM","Rahim Yar Khan"
"260054","Muhammad Saeed","DR-190","EMDS Call","Medical Emergency","High Fever","2026/01/10 11:29:59 AM","Liaqatpur"
"260055","Muhammad Saeed","DR-190","EMDS Call","Medical Emergency","Others","2026/01/10 11:40:37 AM","Khanpur"
"260056","Mureed Abbas","DR-900","EMDS Call","Medical Emergency","Vomiting","2026/01/10 11:52:08 AM","Sadiqabad"
"260057","Muhammad Saeed","DR-190","EMDS Call","Medical Emergency","Unconscious","2026/01/10 11:54:58 AM","Rahim Yar Khan"
"260058","Muhammad Rashid Saleem","DR-187","EMDS Call","Medical Emergency","Others","2026/01/10 11:56:44 AM","Rahim Yar Khan"
"260059","Muhammad Rashid Saleem","DR-187","EMDS Call","Road Crash","Severe Trauma","2026/01/10 12:02:48 PM","Rahim Yar Khan"
"260060","Muhammad Rashid Saleem","DR-187","EMDS Call","Medical Emergency","High Fever","2026/01/10 12:05:50 PM","Liaqatpur"
"260061","Saima Bashir","MR-5819","EMDS Call","Medical Emergency","Abdominal Pain","2026/01/10 12:07:36 PM","Rahim Yar Khan"
"260062","Aasia Batool","MR-5198","EMDS Call","Medical Emergency","Unconscious","2026/01/10 12:10:33 PM","Rahim Yar Khan"
"260063","Aasia Batool","MR-5198","EMDS Call","Medical Emergency","SOB/ Respiratory Distress","2026/01/10 12:14:06 PM","Sadiqabad"
"260064","Muhammad Rashid Saleem","DR-187","EMDS Call","Medical Emergency","Domestic Injuries","2026/01/10 12:14:57 PM","Sadiqabad"
"75331","Aasia Batool","MR-5198","Direct Call","Patient Transfer Service","N/A","2026/01/10 12:22:26 PM","Sadiqabad"
"260065","Saima Bashir","MR-5819","EMDS Call","Medical Emergency","Others","2026/01/10 12:20:49 PM","Rahim Yar Khan"
"260066","Saima Bashir","MR-5819","EMDS Call","Medical Emergency","Domestic Injuries","2026/01/10 12:44:12 PM","Rahim Yar Khan"
"260067","Fahad Hussain","DR-538","EMDS Call","Crime","Physical Assault/Violence","2026/01/10 12:44:04 PM","Rahim Yar Khan"
"260068","Aasia Batool","MR-5198","EMDS Call","Medical Emergency","Unconscious","2026/01/10 12:49:19 PM","Rahim Yar Khan"
"260069","Aasia Batool","MR-5198","EMDS Call","Fall","Fall From Roof","2026/01/10 12:54:36 PM","Rahim Yar Khan"
"260070","Fahad Hussain","DR-538","EMDS Call","Medical Emergency","High Fever","2026/01/10 01:02:52 PM","Rahim Yar Khan"
"260071","Saima Bashir","MR-5819","EMDS Call","Road Crash","Minor Injuries","2026/01/10 01:06:02 PM","Rahim Yar Khan"
"260072","Aasia Batool","MR-5198","EMDS Call","Medical Emergency","Others","2026/01/10 01:15:32 PM","Rahim Yar Khan"
"260073","Saima Bashir","MR-5819","EMDS Call","Road Crash","Minor Injuries","2026/01/10 01:20:52 PM","Khanpur"
"260074","Rana M. Usman","DR-200","EMDS Call","Road Crash","Minor Injuries","2026/01/10 01:28:53 PM","Sadiqabad"
"260075","Aasia Batool","MR-5198","EMDS Call","Medical Emergency","Others","2026/01/10 01:36:27 PM","Khanpur"
"Not Assigned","Rana M. Usman","DR-200","Direct Call","Community","Community Training","2026/01/10 01:42:09 PM","Rahim Yar Khan"
"260077","Rana M. Usman","DR-200","EMDS Call","Medical Emergency","Domestic Injuries","2026/01/10 01:50:07 PM","Rahim Yar Khan"
"260078","Rana M. Usman","DR-200","EMDS Call","Medical Emergency","Others","2026/01/10 02:02:05 PM","Rahim Yar Khan"
"260079","Rana M. Usman","DR-200","EMDS Call","Medical Emergency","Hypertension","2026/01/10 02:11:47 PM","Rahim Yar Khan"
"260080","Muhammad Fiaz","DR-206","Direct Call","Medical Emergency","Abdominal Pain","2026/01/10 02:30:25 PM","Sadiqabad"
"260081","Rana M. Usman","DR-200","EMDS Call","Medical Emergency","Chest Pain","2026/01/10 02:30:36 PM","Rahim Yar Khan"
"260082","Zupasha Zia","MR-5758","EMDS Call","Medical Emergency","Unconscious","2026/01/10 02:44:30 PM","Sadiqabad"
"260083","Zupasha Zia","MR-5758","EMDS Call","Road Crash","Minor Injuries","2026/01/10 02:50:08 PM","Khanpur"
"260084","Muhammad Fiaz","DR-206","EMDS Call","Medical Emergency","Domestic Injuries","2026/01/10 02:54:37 PM","Rahim Yar Khan"
"260085","Rana M. Usman","DR-200","EMDS Call","Medical Emergency","Others","2026/01/10 02:55:43 PM","Rahim Yar Khan"
"260086","Muhammad Fiaz","DR-206","EMDS Call","Road Crash","Bleeding","2026/01/10 02:58:00 PM","Sadiqabad"
"260088","Rana M. Usman","DR-200","EMDS Call","Road Crash","Bleeding","2026/01/10 03:03:54 PM","Sadiqabad"
"260087","Muhammad Fiaz","DR-206","EMDS Call","Medical Emergency","Unconscious","2026/01/10 03:03:24 PM","Rahim Yar Khan"
"260089","Sheeza Barkat","MR-5331","EMDS Call","Medical Emergency","CVA/Stroke","2026/01/10 03:05:38 PM","Sadiqabad"
"75332","Zupasha Zia","MR-5758","Direct Call","Patient Transfer Service","N/A","2026/01/10 03:09:40 PM","Khanpur"
"260090","Muhammad Fiaz","DR-206","EMDS Call","Medical Emergency","High Fever","2026/01/10 03:14:55 PM","Sadiqabad"
"260091","Zupasha Zia","MR-5758","EMDS Call","Medical Emergency","Epilepsy","2026/01/10 03:25:55 PM","Rahim Yar Khan"
"260092","Zupasha Zia","MR-5758","EMDS Call","Medical Emergency","High Fever","2026/01/10 03:32:28 PM","Rahim Yar Khan"
"260093","Zia ul Haq","DR-328","EMDS Call","Medical Emergency","Chronic Illness","2026/01/10 03:31:41 PM","Rahim Yar Khan"
"75333","Muhammad Fiaz","DR-206","Direct Call","Patient Transfer Service","N/A","2026/01/10 03:37:58 PM","Sadiqabad"
"75334","Muhammad Fiaz","DR-206","Direct Call","Patient Transfer Service","N/A","2026/01/10 03:38:37 PM","Liaqatpur"
"260094","Zia ul Haq","DR-328","EMDS Call","Medical Emergency","Abdominal Pain","2026/01/10 03:42:57 PM","Liaqatpur"
"260095","Zupasha Zia","MR-5758","EMDS Call","Medical Emergency","Abdominal Pain","2026/01/10 03:47:12 PM","Rahim Yar Khan"
"75335","Muhammad Fiaz","DR-206","Direct Call","Patient Transfer Service","N/A","2026/01/10 03:53:52 PM","Sadiqabad"
"75336","Zupasha Zia","MR-5758","Direct Call","Patient Transfer Service","N/A","2026/01/10 03:54:09 PM","Khanpur"
"260096","Zia ul Haq","DR-328","EMDS Call","Rescue Operations","Delivery Case","2026/01/10 03:53:09 PM","Rahim Yar Khan"
"260097","Muhammad Fiaz","DR-206","EMDS Call","Road Crash","Minor Injuries","2026/01/10 04:02:22 PM","Rahim Yar Khan"
"260098","Zupasha Zia","MR-5758","EMDS Call","Medical Emergency","Vomiting","2026/01/10 04:07:52 PM","Rahim Yar Khan"
"260099","Muhammad Fiaz","DR-206","EMDS Call","Medical Emergency","Unconscious","2026/01/10 04:09:52 PM","Khanpur"
"260100","Zia ul Haq","DR-328","EMDS Call","Road Crash","Multiple Fractures","2026/01/10 04:07:51 PM","Rahim Yar Khan"
"260101","Zupasha Zia","MR-5758","EMDS Call","Medical Emergency","High Fever","2026/01/10 04:16:40 PM","Rahim Yar Khan"
"260102","Muhammad Fiaz","DR-206","EMDS Call","Medical Emergency","Hypertension","2026/01/10 04:19:37 PM","Sadiqabad"
"260103","Muhammad Fiaz","DR-206","EMDS Call","Medical Emergency","Vomiting","2026/01/10 04:28:36 PM","Rahim Yar Khan"
"75337","Zupasha Zia","MR-5758","Direct Call","Patient Transfer Service","N/A","2026/01/10 04:31:22 PM","Sadiqabad"
"75338","Zupasha Zia","MR-5758","Direct Call","Patient Transfer Service","N/A","2026/01/10 04:34:15 PM","Khanpur"
"75339","Muhammad Fiaz","DR-206","Direct Call","Patient Transfer Service","N/A","2026/01/10 04:44:15 PM","Sadiqabad"
"260104","Muhammad Fiaz","DR-206","EMDS Call","Medical Emergency","Others","2026/01/10 04:45:41 PM","Rahim Yar Khan"
"260105","Zupasha Zia","MR-5758","EMDS Call","Rescue Operations","Delivery Case","2026/01/10 04:46:16 PM","Sadiqabad"
"260106","Muhammad Fiaz","DR-206","EMDS Call","Road Crash","Minor Injuries","2026/01/10 04:48:48 PM","Khanpur"
"260107","Muhammad Fiaz","DR-206","EMDS Call","Medical Emergency","Others","2026/01/10 04:51:21 PM","Rahim Yar Khan"
"75340","Sheeza Barkat","MR-5331","Direct Call","Patient Transfer Service","N/A","2026/01/10 04:55:13 PM","Khanpur"
"260108","Sheeza Barkat","MR-5331","EMDS Call","Medical Emergency","SOB/ Respiratory Distress","2026/01/10 04:57:53 PM","Rahim Yar Khan"
"260109","Sheeza Barkat","MR-5331","EMDS Call","Medical Emergency","Others","2026/01/10 05:04:03 PM","Liaqatpur"
"260110","Zupasha Zia","MR-5758","EMDS Call","Road Crash","Minor Injuries","2026/01/10 05:08:52 PM","Rahim Yar Khan"
"260111","Shahla Nawaz","DR-185","EMDS Call","Medical Emergency","Unconscious","2026/01/10 05:11:37 PM","Rahim Yar Khan"
"260112","Muhammad Fiaz","DR-206","EMDS Call","Rescue Operations","Delivery Case","2026/01/10 05:15:12 PM","Sadiqabad"
"260113","Sheeza Barkat","MR-5331","EMDS Call","Medical Emergency","High Fever","2026/01/10 05:16:30 PM","Liaqatpur"
"260114","Muhammad Fiaz","DR-206","EMDS Call","Medical Emergency","Abdominal Pain","2026/01/10 05:25:44 PM","Rahim Yar Khan"
"260116","Zupasha Zia","MR-5758","EMDS Call","Medical Emergency","Others","2026/01/10 05:33:41 PM","Rahim Yar Khan"
"260115","Muhammad Fiaz","DR-206","EMDS Call","Road Crash","Bleeding","2026/01/10 05:33:48 PM","Rahim Yar Khan"
"260117","Zupasha Zia","MR-5758","EMDS Call","Medical Emergency","Hypertension","2026/01/10 05:49:56 PM","Rahim Yar Khan"
"260118","Zupasha Zia","MR-5758","EMDS Call","Medical Emergency","Others","2026/01/10 05:54:47 PM","Rahim Yar Khan"
"260119","Shahla Nawaz","DR-185","EMDS Call","Medical Emergency","Abdominal Pain","2026/01/10 06:03:09 PM","Rahim Yar Khan"
"260120","Zupasha Zia","MR-5758","EMDS Call","Medical Emergency","Diabetic","2026/01/10 06:04:07 PM","Rahim Yar Khan"
"260121","Sheeza Barkat","MR-5331","EMDS Call","Medical Emergency","Vomiting","2026/01/10 06:06:09 PM","Rahim Yar Khan"
"260122","Zupasha Zia","MR-5758","EMDS Call","Medical Emergency","Renal Disorders / Renal Colic ","2026/01/10 06:08:47 PM","Sadiqabad"
"260123","Sheeza Barkat","MR-5331","EMDS Call","Medical Emergency","SOB/ Respiratory Distress","2026/01/10 06:15:14 PM","Rahim Yar Khan"
"260124","Zupasha Zia","MR-5758","EMDS Call","Medical Emergency","SOB/ Respiratory Distress","2026/01/10 06:15:32 PM","Rahim Yar Khan"
"260125","Zupasha Zia","MR-5758","EMDS Call","Medical Emergency","Others","2026/01/10 06:21:33 PM","Sadiqabad"
"260126","Sheeza Barkat","MR-5331","EMDS Call","Medical Emergency","Others","2026/01/10 06:23:17 PM","Rahim Yar Khan"
"260127","Zupasha Zia","MR-5758","Direct Call","Road Crash","Severe Trauma","2026/01/10 06:35:01 PM","Rahim Yar Khan"
"260129","Shahla Nawaz","DR-185","EMDS Call","Medical Emergency","Vomiting","2026/01/10 06:33:47 PM","Rahim Yar Khan"
"260128","Sheeza Barkat","MR-5331","EMDS Call","Medical Emergency","Others","2026/01/10 06:38:32 PM","Rahim Yar Khan"
"260130","Sheeza Barkat","MR-5331","EMDS Call","Medical Emergency","SOB/ Respiratory Distress","2026/01/10 06:43:48 PM","Rahim Yar Khan"
"260131","Sheeza Barkat","MR-5331","EMDS Call","Medical Emergency","Unconscious","2026/01/10 06:49:18 PM","Rahim Yar Khan"
"260132","Muhammad Fiaz","DR-206","EMDS Call","Medical Emergency","High Fever","2026/01/10 06:52:13 PM","Rahim Yar Khan"
"260133","Sheeza Barkat","MR-5331","EMDS Call","Medical Emergency","Others","2026/01/10 06:58:17 PM","Rahim Yar Khan"
"260134","Muhammad Fiaz","DR-206","EMDS Call","Rescue Operations","Animal/Bird Rescue","2026/01/10 07:06:17 PM","Khanpur"
"260135","Shahla Nawaz","DR-185","EMDS Call","Medical Emergency","Unconscious","2026/01/10 07:11:36 PM","Sadiqabad"
"260136","Muhammad Fiaz","DR-206","EMDS Call","Medical Emergency","Others","2026/01/10 07:12:49 PM","Sadiqabad"
"260137","Zupasha Zia","MR-5758","EMDS Call","Medical Emergency","Others","2026/01/10 07:14:23 PM","Rahim Yar Khan"
"75341","Muhammad Fiaz","DR-206","Direct Call","Patient Transfer Service","N/A","2026/01/10 07:15:47 PM","Rahim Yar Khan"
"260138","Zia ul Haq","DR-328","EMDS Call","Medical Emergency","Renal Disorders / Renal Colic ","2026/01/10 07:13:55 PM","Rahim Yar Khan"
"260139","Muhammad Fiaz","DR-206","EMDS Call","Medical Emergency","Hypertension","2026/01/10 07:21:14 PM","Sadiqabad"
"260140","Sheeza Barkat","MR-5331","EMDS Call","Rescue Operations","Delivery Case","2026/01/10 07:25:11 PM","Rahim Yar Khan"
"260141","Sheeza Barkat","MR-5331","EMDS Call","Medical Emergency","Vomiting","2026/01/10 07:28:47 PM","Sadiqabad"
"260143","Muhammad Fiaz","DR-206","EMDS Call","Road Crash","Bleeding","2026/01/10 07:31:32 PM","Khanpur"
"260142","Shahla Nawaz","DR-185","EMDS Call","Medical Emergency","Others","2026/01/10 07:31:16 PM","Rahim Yar Khan"
"260144","Sheeza Barkat","MR-5331","EMDS Call","Medical Emergency","High Fever","2026/01/10 07:32:19 PM","Liaqatpur"
"75342","Muhammad Fiaz","DR-206","Direct Call","Patient Transfer Service","N/A","2026/01/10 07:36:25 PM","Sadiqabad"
"260145","Zupasha Zia","MR-5758","EMDS Call","Medical Emergency","Epilepsy","2026/01/10 07:35:57 PM","Khanpur"
"260146","Sheeza Barkat","MR-5331","EMDS Call","Road Crash","Severe Trauma","2026/01/10 07:35:28 PM","Sadiqabad"
"260147","Shahla Nawaz","DR-185","EMDS Call","Road Crash","Bleeding","2026/01/10 07:36:49 PM","Rahim Yar Khan"
"75343","Muhammad Fiaz","DR-206","Direct Call","Patient Transfer Service","N/A","2026/01/10 07:47:43 PM","Sadiqabad"
"260148","Muhammad Fiaz","DR-206","EMDS Call","Rescue Operations","Scalds/Burn Due To Negligence","2026/01/10 07:48:44 PM","Rahim Yar Khan"
"260149","Zia ul Haq","DR-328","EMDS Call","Medical Emergency","High Fever","2026/01/10 07:50:39 PM","Rahim Yar Khan"
"260151","Shahla Nawaz","DR-185","EMDS Call","Rescue Operations","Delivery Case","2026/01/10 07:57:25 PM","Liaqatpur"
"260150","Zupasha Zia","MR-5758","EMDS Call","Medical Emergency","Hypertension","2026/01/10 07:57:38 PM","Rahim Yar Khan"
"260152","Sheeza Barkat","MR-5331","EMDS Call","Medical Emergency","Others","2026/01/10 08:09:25 PM","Rahim Yar Khan"
"260153","Zupasha Zia","MR-5758","EMDS Call","Road Crash","Bleeding","2026/01/10 08:09:44 PM","Rahim Yar Khan"
"260154","Shahla Nawaz","DR-185","EMDS Call","Medical Emergency","Chest Pain","2026/01/10 08:07:49 PM","Khanpur"
"Not Assigned","Zupasha Zia","MR-5758","EMDS Call","Medical Emergency","Unconscious","2026/01/10 08:15:10 PM","Liaqatpur"
"260156","Sheeza Barkat","MR-5331","EMDS Call","Medical Emergency","Others","2026/01/10 08:18:57 PM","Rahim Yar Khan"
"260157","Zupasha Zia","MR-5758","EMDS Call","Medical Emergency","SOB/ Respiratory Distress","2026/01/10 08:26:58 PM","Rahim Yar Khan"
"260158","Sheeza Barkat","MR-5331","EMDS Call","Medical Emergency","Others","2026/01/10 08:29:29 PM","Rahim Yar Khan"
"260159","Zupasha Zia","MR-5758","EMDS Call","Crime","Physical Assault/Violence","2026/01/10 08:36:12 PM","Sadiqabad"
"260160","Zupasha Zia","MR-5758","EMDS Call","Medical Emergency","Chest Pain","2026/01/10 08:46:15 PM","Khanpur"
"260161","Zupasha Zia","MR-5758","EMDS Call","Road Crash","Multiple Fractures","2026/01/10 08:52:02 PM","Rahim Yar Khan"
"260162","Muhammad Zubair","DR-894","EMDS Call","Road Crash","Severe Trauma","2026/01/10 08:55:27 PM","Khanpur"
"260163","Muhammad Zubair","DR-894","EMDS Call","Medical Emergency","High Fever","2026/01/10 08:56:57 PM","Rahim Yar Khan"
"260164","Muhammad Zubair","DR-894","EMDS Call","Medical Emergency","Vomiting","2026/01/10 09:06:54 PM","Khanpur"
"260165","Zahid Manzoor","DR-887","EMDS Call","Medical Emergency","Others","2026/01/10 09:11:47 PM","Rahim Yar Khan"
"260166","Zahid Manzoor","DR-887","EMDS Call","Medical Emergency","Vomiting","2026/01/10 09:23:08 PM","Rahim Yar Khan"
"260167","Muhammad Zahid","DR-888","EMDS Call","Medical Emergency","Others","2026/01/10 09:29:18 PM","Rahim Yar Khan"
"260168","Zahid Manzoor","DR-887","EMDS Call","Road Crash","Minor Injuries","2026/01/10 09:35:10 PM","Rahim Yar Khan"
"260169","Saqib Nasim","DR-197","EMDS Call","Medical Emergency","Hypertension","2026/01/10 09:36:44 PM","Sadiqabad"
"75344","Muhammad Zubair","DR-894","Direct Call","Patient Transfer Service","N/A","2026/01/10 09:40:01 PM","Khanpur"
"75345","Zahid Manzoor","DR-887","Direct Call","Patient Transfer Service","N/A","2026/01/10 09:45:05 PM","Sadiqabad"
"260170","Zahid Manzoor","DR-887","EMDS Call","Medical Emergency","Abdominal Pain","2026/01/10 09:50:13 PM","Rahim Yar Khan"
"260171","Saqib Nasim","DR-197","EMDS Call","Road Crash","Minor Injuries","2026/01/10 09:59:27 PM","Rahim Yar Khan"
"260172","Zahid Manzoor","DR-887","Direct Call","Medical Emergency","Chest Pain","2026/01/10 10:11:05 PM","Rahim Yar Khan"
"260173","Saqib Nasim","DR-197","EMDS Call","Medical Emergency","Backache","2026/01/10 10:15:36 PM","Liaqatpur"
"260174","Saqib Nasim","DR-197","EMDS Call","Medical Emergency","Hypertension","2026/01/10 10:20:31 PM","Rahim Yar Khan"
"260175","Zahid Manzoor","DR-887","EMDS Call","Medical Emergency","CVA/Stroke","2026/01/10 10:26:13 PM","Khanpur"
"260176","Zahid Manzoor","DR-887","EMDS Call","Medical Emergency","SOB/ Respiratory Distress","2026/01/10 10:29:28 PM","Rahim Yar Khan"
"260177","Farah Sadaqat","MR-5930","EMDS Call","Medical Emergency","SOB/ Respiratory Distress","2026/01/10 10:30:30 PM","Khanpur"
"260178","Farah Sadaqat","MR-5930","EMDS Call","Medical Emergency","Others","2026/01/10 10:40:56 PM","Rahim Yar Khan"
"260179","Zahid Manzoor","DR-887","Direct Call","Medical Emergency","SOB/ Respiratory Distress","2026/01/10 10:47:12 PM","Rahim Yar Khan"
"260180","Saqib Nasim","DR-197","EMDS Call","Medical Emergency","Hypertension","2026/01/10 10:49:49 PM","Rahim Yar Khan"
"260181","Saqib Nasim","DR-197","EMDS Call","Rescue Operations","Delivery Case","2026/01/10 10:52:41 PM","Khanpur"
"Not Assigned","Zahid Manzoor","DR-887","EMDS Call","Medical Emergency","Others","2026/01/10 10:51:18 PM","Rahim Yar Khan"
"Not Assigned","Farah Sadaqat","MR-5930","EMDS Call","Medical Emergency","Unconscious","2026/01/10 10:57:07 PM","Rahim Yar Khan"
"260183","Farah Sadaqat","MR-5930","EMDS Call","Medical Emergency","SOB/ Respiratory Distress","2026/01/10 11:19:01 PM","Liaqatpur"
"260184","Saqib Nasim","DR-197","EMDS Call","Medical Emergency","Abdominal Pain","2026/01/10 11:26:03 PM","Rahim Yar Khan"
"260185","Farah Sadaqat","MR-5930","EMDS Call","Medical Emergency","Hypotension","2026/01/10 11:51:04 PM","Sadiqabad"
"260186","Zahid Manzoor","DR-887","EMDS Call","Medical Emergency","Hypertension","2026/01/11 12:09:33 AM","Liaqatpur"
"260187","Saqib Nasim","DR-197","EMDS Call","Medical Emergency","Others","2026/01/11 12:13:36 AM","Sadiqabad"
"260188","Farah Sadaqat","MR-5930","EMDS Call","Medical Emergency","Renal Disorders / Renal Colic ","2026/01/11 12:16:12 AM","Rahim Yar Khan"
"260189","Farah Sadaqat","MR-5930","EMDS Call","Medical Emergency","Chest Pain","2026/01/11 12:22:50 AM","Rahim Yar Khan"
"260190","Saqib Nasim","DR-197","EMDS Call","Road Crash","Multiple Fractures","2026/01/11 12:28:45 AM","Rahim Yar Khan"
"260191","Farah Sadaqat","MR-5930","EMDS Call","Medical Emergency","SOB/ Respiratory Distress","2026/01/11 12:29:03 AM","Sadiqabad"
"260192","Saqib Nasim","DR-197","Direct Call","Rescue Operations","Mass Event Coverage","2026/01/11 12:33:53 AM","Rahim Yar Khan"
"260193","Saqib Nasim","DR-197","EMDS Call","Medical Emergency","Hypertension","2026/01/11 12:34:05 AM","Sadiqabad"
"260194","Farah Sadaqat","MR-5930","EMDS Call","Medical Emergency","Chest Pain","2026/01/11 12:43:05 AM","Rahim Yar Khan"
"260195","Zahid Manzoor","DR-887","EMDS Call","Medical Emergency","Vomiting","2026/01/11 12:44:54 AM","Sadiqabad"
"260196","Farah Sadaqat","MR-5930","EMDS Call","Crime","Probable Suicide","2026/01/11 12:48:33 AM","Khanpur"
"Not Assigned","Saqib Nasim","DR-197","EMDS Call","Medical Emergency","Chest Pain","2026/01/11 12:57:23 AM","Rahim Yar Khan"
"260198","Zahid Manzoor","DR-887","EMDS Call","Medical Emergency","Others","2026/01/11 01:00:48 AM","Sadiqabad"
"260199","Farah Sadaqat","MR-5930","EMDS Call","Medical Emergency","Renal Disorders / Renal Colic ","2026/01/11 01:07:52 AM","Khanpur"
"260200","Zahid Manzoor","DR-887","EMDS Call","Medical Emergency","Others","2026/01/11 01:20:25 AM","Khanpur"
"260201","Saqib Nasim","DR-197","EMDS Call","Medical Emergency","Others","2026/01/11 01:20:42 AM","Sadiqabad"
"260202","Farah Sadaqat","MR-5930","EMDS Call","Rescue Operations","Delivery Case","2026/01/11 01:21:11 AM","Rahim Yar Khan"
"260203","Zahid Manzoor","DR-887","EMDS Call","Medical Emergency","Vomiting","2026/01/11 01:23:53 AM","Rahim Yar Khan"
"260204","Farah Sadaqat","MR-5930","EMDS Call","Medical Emergency","Abdominal Pain","2026/01/11 01:36:23 AM","Khanpur"
"260205","Zahid Manzoor","DR-887","EMDS Call","Medical Emergency","Unconscious","2026/01/11 01:37:38 AM","Rahim Yar Khan"
"260206","Saqib Nasim","DR-197","EMDS Call","Medical Emergency","Hypertension","2026/01/11 01:59:11 AM","Rahim Yar Khan"
"260207","Farah Sadaqat","MR-5930","EMDS Call","Medical Emergency","Others","2026/01/11 02:00:35 AM","Rahim Yar Khan"
"260208","Farah Sadaqat","MR-5930","EMDS Call","Medical Emergency","Unconscious","2026/01/11 02:16:38 AM","Liaqatpur"
"260209","Farah Sadaqat","MR-5930","EMDS Call","Medical Emergency","Abdominal Pain","2026/01/11 02:33:37 AM","Khanpur"
"260210","Zahid Manzoor","DR-887","EMDS Call","Medical Emergency","SOB/ Respiratory Distress","2026/01/11 02:39:26 AM","Khanpur"
"260211","Farah Sadaqat","MR-5930","EMDS Call","Medical Emergency","Others","2026/01/11 02:48:34 AM","Rahim Yar Khan"
"260212","Saqib Nasim","DR-197","EMDS Call","Medical Emergency","Vomiting","2026/01/11 02:53:52 AM","Rahim Yar Khan"
"Not Assigned","Farah Sadaqat","MR-5930","EMDS Call","Medical Emergency","Abdominal Pain","2026/01/11 02:57:15 AM","Rahim Yar Khan"
"260214","Zahid Manzoor","DR-887","EMDS Call","Medical Emergency","Others","2026/01/11 03:06:03 AM","Rahim Yar Khan"
"260215","Saqib Nasim","DR-197","Direct Call","Rescue Operations","Delivery Case","2026/01/11 03:18:08 AM","Rahim Yar Khan"
"260216","Saqib Nasim","DR-197","EMDS Call","Medical Emergency","Renal Disorders / Renal Colic ","2026/01/11 03:23:51 AM","Sadiqabad"
"260217","Muhammad Zubair","DR-894","Direct Call","Medical Emergency","Cardiac Arrest","2026/01/11 03:33:27 AM","Liaqatpur"
"260218","Saira Bibi","MR-5494","EMDS Call","Medical Emergency","Hypertension","2026/01/11 03:43:15 AM","Rahim Yar Khan"
"260219","Saira Bibi","MR-5494","EMDS Call","Medical Emergency","Abdominal Pain","2026/01/11 04:02:59 AM","Sadiqabad"
"260220","Saira Bibi","MR-5494","EMDS Call","Medical Emergency","Epilepsy","2026/01/11 04:07:09 AM","Khanpur"
"260221","Saira Bibi","MR-5494","EMDS Call","Medical Emergency","Others","2026/01/11 04:31:43 AM","Rahim Yar Khan"
"260222","Muhammad Zubair","DR-894","EMDS Call","Medical Emergency","Others","2026/01/11 04:44:42 AM","Rahim Yar Khan"
"260223","Saira Bibi","MR-5494","EMDS Call","Medical Emergency","Renal Disorders / Renal Colic ","2026/01/11 04:59:24 AM","Rahim Yar Khan"
"260224","Muhammad Zahid","DR-888","EMDS Call","Medical Emergency","Hypertension","2026/01/11 04:59:33 AM","Sadiqabad"
"260225","Saira Bibi","MR-5494","EMDS Call","Medical Emergency","Unconscious","2026/01/11 05:26:17 AM","Khanpur"
"260226","Muhammad Zahid","DR-888","EMDS Call","Medical Emergency","Hypertension","2026/01/11 05:27:22 AM","Rahim Yar Khan"
"260227","Muhammad Zubair","DR-894","EMDS Call","Medical Emergency","SOB/ Respiratory Distress","2026/01/11 05:37:49 AM","Rahim Yar Khan"
"260228","Saira Bibi","MR-5494","EMDS Call","Rescue Operations","Delivery Case","2026/01/11 05:50:44 AM","Sadiqabad"
"260230","Muhammad Zahid","DR-888","EMDS Call","Rescue Operations","Delivery Case","2026/01/11 05:51:33 AM","Sadiqabad"
"260229","Muhammad Zubair","DR-894","EMDS Call","Rescue Operations","Delivery Case","2026/01/11 05:52:35 AM","Rahim Yar Khan"
"260231","Saira Bibi","MR-5494","EMDS Call","Medical Emergency","Epilepsy","2026/01/11 05:54:20 AM","Khanpur"
"260232","Muhammad Zubair","DR-894","EMDS Call","Medical Emergency","Unconscious","2026/01/11 05:55:55 AM","Sadiqabad"
"260233","Saira Bibi","MR-5494","EMDS Call","Medical Emergency","Others","2026/01/11 06:02:24 AM","Rahim Yar Khan"
"Not Assigned","Muhammad Zahid","DR-888","EMDS Call","Rescue Operations","Delivery Case","2026/01/11 06:02:44 AM","Liaqatpur"
"260235","Saira Bibi","MR-5494","EMDS Call","Medical Emergency","Vomiting","2026/01/11 06:12:58 AM","Rahim Yar Khan"
"260236","Muhammad Zahid","DR-888","EMDS Call","Medical Emergency","High Fever","2026/01/11 06:19:22 AM","Rahim Yar Khan"
"260237","Saira Bibi","MR-5494","EMDS Call","Medical Emergency","Chest Pain","2026/01/11 06:29:09 AM","Liaqatpur"
"260238","Muhammad Zahid","DR-888","EMDS Call","Medical Emergency","High Fever","2026/01/11 06:35:35 AM","Khanpur"
"260239","Muhammad Zubair","DR-894","EMDS Call","Medical Emergency","Abdominal Pain","2026/01/11 06:38:55 AM","Khanpur"
"260240","Saira Bibi","MR-5494","EMDS Call","Medical Emergency","Vomiting","2026/01/11 06:42:02 AM","Rahim Yar Khan"
"260241","Saira Bibi","MR-5494","EMDS Call","Medical Emergency","High Fever","2026/01/11 06:59:37 AM","Rahim Yar Khan"
"260242","Muhammad Zahid","DR-888","EMDS Call","Medical Emergency","Others","2026/01/11 07:04:54 AM","Khanpur"
"260243","Muhammad Zubair","DR-894","EMDS Call","Medical Emergency","SOB/ Respiratory Distress","2026/01/11 07:10:11 AM","Sadiqabad"
"260244","Saira Bibi","MR-5494","EMDS Call","Medical Emergency","Unconscious","2026/01/11 07:10:02 AM","Rahim Yar Khan"
"260245","Saira Bibi","MR-5494","EMDS Call","Medical Emergency","Unconscious","2026/01/11 07:21:26 AM","Rahim Yar Khan"
"260246","Muhammad Zubair","DR-894","EMDS Call","Medical Emergency","Hypertension","2026/01/11 07:35:22 AM","Sadiqabad"
"260247","Muhammad Zubair","DR-894","EMDS Call","Medical Emergency","Others","2026/01/11 07:40:01 AM","Rahim Yar Khan"
"260248","Muhammad Zahid","DR-888","EMDS Call","Medical Emergency","Epilepsy","2026/01/11 07:39:33 AM","Liaqatpur"
"260249","Saira Bibi","MR-5494","EMDS Call","Medical Emergency","Others","2026/01/11 07:40:11 AM","Rahim Yar Khan"
"260250","Muhammad Zubair","DR-894","EMDS Call","Rescue Operations","Delivery Case","2026/01/11 07:42:36 AM","Rahim Yar Khan"
"260251","Saira Bibi","MR-5494","EMDS Call","Medical Emergency","Unconscious","2026/01/11 07:43:43 AM","Rahim Yar Khan"
"260252","Saira Bibi","MR-5494","EMDS Call","Medical Emergency","Others","2026/01/11 08:07:44 AM","Rahim Yar Khan"
"260253","Aasia Batool","MR-5198","EMDS Call","Medical Emergency","Hypertension","2026/01/11 08:36:15 AM","Sadiqabad"
"260254","Saira Bibi","MR-5494","EMDS Call","Medical Emergency","Others","2026/01/11 08:38:37 AM","Rahim Yar Khan"
"260255","Aasia Batool","MR-5198","EMDS Call","Rescue Operations","Delivery Case","2026/01/11 08:41:12 AM","Rahim Yar Khan"
"260256","Saira Bibi","MR-5494","EMDS Call","Rescue Operations","Delivery Case","2026/01/11 08:50:22 AM","Rahim Yar Khan"
"260257","Saira Bibi","MR-5494","EMDS Call","Medical Emergency","Others","2026/01/11 08:53:38 AM","Rahim Yar Khan"
"260259","Bushra Saleem","MR-5701","EMDS Call","Medical Emergency","Hypertension","2026/01/11 09:09:28 AM","Khanpur"
"260258","Fahad Hussain","DR-538","EMDS Call","Rescue Operations","Delivery Case","2026/01/11 09:09:45 AM","Liaqatpur"
"260260","Bushra Saleem","MR-5701","EMDS Call","Medical Emergency","Others","2026/01/11 09:15:25 AM","Rahim Yar Khan"
"260261","Fahad Hussain","DR-538","EMDS Call","Medical Emergency","Others","2026/01/11 09:16:43 AM","Rahim Yar Khan"
"260262","Aasia Batool","MR-5198","EMDS Call","Medical Emergency","Others","2026/01/11 09:20:57 AM","Rahim Yar Khan"
"260263","Bushra Saleem","MR-5701","EMDS Call","Medical Emergency","Others","2026/01/11 09:35:24 AM","Rahim Yar Khan"
"260265","Bushra Saleem","MR-5701","EMDS Call","Medical Emergency","Hypertension","2026/01/11 09:40:07 AM","Rahim Yar Khan"
"260264","Fahad Hussain","DR-538","EMDS Call","Road Crash","Minor Injuries","2026/01/11 09:40:28 AM","Rahim Yar Khan"
"260266","Muhammad ALi","DR-818","EMDS Call","Medical Emergency","Unconscious","2026/01/11 09:41:38 AM","Rahim Yar Khan"
"260267","Fahad Hussain","DR-538","EMDS Call","Medical Emergency","Hypertension","2026/01/11 10:03:01 AM","Rahim Yar Khan"
"260268","Aasia Batool","MR-5198","EMDS Call","Medical Emergency","High Fever","2026/01/11 10:04:50 AM","Liaqatpur"
"260269","Aasia Batool","MR-5198","EMDS Call","Medical Emergency","Hypertension","2026/01/11 10:08:01 AM","Khanpur"
"Not Assigned","Muhammad ALi","DR-818","EMDS Call","Medical Emergency","Unconscious","2026/01/11 10:09:50 AM","Khanpur"
"260270","Fahad Hussain","DR-538","EMDS Call","Medical Emergency","Hypertension","2026/01/11 10:13:42 AM","Khanpur"
"260271","Aasia Batool","MR-5198","EMDS Call","Fall","Fall From Stairs","2026/01/11 10:22:27 AM","Rahim Yar Khan"
"260272","Aasia Batool","MR-5198","EMDS Call","Medical Emergency","Unconscious","2026/01/11 10:35:48 AM","Rahim Yar Khan"
"260273","Muhammad ALi","DR-818","EMDS Call","Rescue Operations","Work/Occupational Injuries","2026/01/11 11:04:05 AM","Khanpur"
"260274","Aasia Batool","MR-5198","EMDS Call","Medical Emergency","Unconscious","2026/01/11 11:09:26 AM","Rahim Yar Khan"
"260275","Aasia Batool","MR-5198","EMDS Call","Medical Emergency","Unconscious","2026/01/11 11:17:41 AM","Rahim Yar Khan"
"260276","Muhammad ALi","DR-818","EMDS Call","Medical Emergency","Hypotension","2026/01/11 11:15:10 AM","Sadiqabad"
"260277","Bushra Saleem","MR-5701","EMDS Call","Road Crash","Bleeding","2026/01/11 11:24:39 AM","Rahim Yar Khan"
"260278","Fahad Hussain","DR-538","EMDS Call","Crime","Probable Suicide","2026/01/11 11:25:46 AM","Khanpur"
"260279","Aasia Batool","MR-5198","EMDS Call","Medical Emergency","Abdominal Pain","2026/01/11 11:29:17 AM","Rahim Yar Khan"
"260280","Muhammad ALi","DR-818","EMDS Call","Rescue Operations","Delivery Case","2026/01/11 11:32:04 AM","Khanpur"
"Not Assigned","Saira Bibi","MR-5494","EMDS Call","Medical Emergency","Others","2026/01/11 11:46:54 AM","Rahim Yar Khan"
"260282","Fahad Hussain","DR-538","EMDS Call","Rescue Operations","Delivery Case","2026/01/11 12:01:04 PM","Khanpur"
"260283","Muhammad ALi","DR-818","EMDS Call","Medical Emergency","Hypotension","2026/01/11 12:02:10 PM","Khanpur"
"260284","Aasia Batool","MR-5198","EMDS Call","Medical Emergency","Abdominal Pain","2026/01/11 12:12:17 PM","Liaqatpur"
"260285","Aasia Batool","MR-5198","EMDS Call","Medical Emergency","Unconscious","2026/01/11 12:22:30 PM","Rahim Yar Khan"
"260286","Saira Bibi","MR-5494","EMDS Call","Medical Emergency","SOB/ Respiratory Distress","2026/01/11 12:22:05 PM","Sadiqabad"
"260287","Saira Bibi","MR-5494","EMDS Call","Medical Emergency","Others","2026/01/11 12:31:12 PM","Sadiqabad"
"260288","Saira Bibi","MR-5494","EMDS Call","Road Crash","Bleeding","2026/01/11 12:35:04 PM","Sadiqabad"
"260288","Saira Bibi","MR-5494","EMDS Call","Road Crash","Bleeding","2026/01/11 12:35:04 PM","Sadiqabad"
"260288","Saira Bibi","MR-5494","EMDS Call","Road Crash","Bleeding","2026/01/11 12:35:04 PM","Sadiqabad"
"260289","Aasia Batool","MR-5198","EMDS Call","Medical Emergency","Others","2026/01/11 12:45:19 PM","Rahim Yar Khan"
"260290","Aasia Batool","MR-5198","EMDS Call","Medical Emergency","Renal Disorders / Renal Colic ","2026/01/11 12:48:34 PM","Rahim Yar Khan"
"260291","Aasia Batool","MR-5198","EMDS Call","Road Crash","Bleeding","2026/01/11 12:51:57 PM","Rahim Yar Khan"
"75346","Saira Bibi","MR-5494","Direct Call","Patient Transfer Service","N/A","2026/01/11 12:54:13 PM","Khanpur"
"75347","Aasia Batool","MR-5198","Direct Call","Patient Transfer Service","N/A","2026/01/11 01:00:08 PM","Sadiqabad"
"75348","Aasia Batool","MR-5198","Direct Call","Patient Transfer Service","N/A","2026/01/11 01:02:41 PM","Khanpur"
"260292","Muhammad ALi","DR-818","EMDS Call","Medical Emergency","Vomiting","2026/01/11 01:20:47 PM","Sadiqabad"
"260293","Fahad Hussain","DR-538","EMDS Call","Road Crash","Bleeding","2026/01/11 01:27:44 PM","Sadiqabad"
"260294","Aasia Batool","MR-5198","EMDS Call","Fire","Others","2026/01/11 01:49:42 PM","Rahim Yar Khan"
"260295","Aasia Batool","MR-5198","EMDS Call","Medical Emergency","Chest Pain","2026/01/11 01:59:06 PM","Rahim Yar Khan"
"260296","Aasia Batool","MR-5198","EMDS Call","Medical Emergency","Backache","2026/01/11 02:02:34 PM","Sadiqabad"
"260297","Rana M. Usman","DR-200","EMDS Call","Medical Emergency","Others","2026/01/11 02:11:22 PM","Rahim Yar Khan"
"260298","Rana M. Usman","DR-200","EMDS Call","Medical Emergency","Hypertension","2026/01/11 02:31:54 PM","Liaqatpur"
"260299","Zupasha Zia","MR-5758","EMDS Call","Medical Emergency","Diabetic","2026/01/11 02:32:57 PM","Rahim Yar Khan"
"260300","Rana M. Usman","DR-200","EMDS Call","Medical Emergency","Others","2026/01/11 02:53:39 PM","Sadiqabad"
"260301","Zupasha Zia","MR-5758","EMDS Call","Fall","Slipped On Floor","2026/01/11 02:58:32 PM","Rahim Yar Khan"
"260302","Muhammad Fiaz","DR-206","EMDS Call","Rescue Operations","Delivery Case","2026/01/11 02:59:03 PM","Rahim Yar Khan"
"260303","Rana M. Usman","DR-200","EMDS Call","Medical Emergency","Hypertension","2026/01/11 03:00:23 PM","Khanpur"
"260304","Muhammad Fiaz","DR-206","EMDS Call","Road Crash","Bleeding","2026/01/11 03:05:27 PM","Sadiqabad"
"260305","Zupasha Zia","MR-5758","Direct Call","Medical Emergency","High Fever","2026/01/11 03:06:45 PM","Rahim Yar Khan"
"75349","Muhammad Fiaz","DR-206","Direct Call","Patient Transfer Service","N/A","2026/01/11 03:07:59 PM","Sadiqabad"
"260306","Rana M. Usman","DR-200","EMDS Call","Medical Emergency","Unconscious","2026/01/11 03:08:22 PM","Rahim Yar Khan"
"260307","Muhammad Fiaz","DR-206","EMDS Call","Road Crash","Bleeding","2026/01/11 03:11:27 PM","Sadiqabad"
"260308","Rana M. Usman","DR-200","EMDS Call","Medical Emergency","Others","2026/01/11 03:12:38 PM","Rahim Yar Khan"
"260309","Rana M. Usman","DR-200","EMDS Call","Road Crash","Multiple Fractures","2026/01/11 03:21:48 PM","Rahim Yar Khan"
"260310","Zupasha Zia","MR-5758","Direct Call","Medical Emergency","Others","2026/01/11 03:25:11 PM","Liaqatpur"
"260311","Rana M. Usman","DR-200","EMDS Call","Medical Emergency","Diabetic","2026/01/11 03:26:49 PM","Khanpur"
"75350","Zupasha Zia","MR-5758","Direct Call","Patient Transfer Service","N/A","2026/01/11 03:31:18 PM","Khanpur"
"260312","Rana M. Usman","DR-200","EMDS Call","Medical Emergency","SOB/ Respiratory Distress","2026/01/11 03:33:53 PM","Sadiqabad"
"260313","Rana M. Usman","DR-200","EMDS Call","Medical Emergency","Chest Pain","2026/01/11 03:37:49 PM","Rahim Yar Khan"
"75351","Zupasha Zia","MR-5758","Direct Call","Patient Transfer Service","N/A","2026/01/11 03:40:51 PM","Sadiqabad"
"260315","Muhammad Fiaz","DR-206","EMDS Call","Medical Emergency","Vomiting","2026/01/11 03:47:55 PM","Sadiqabad"
"260314","Muhammad Riaz","DR-654","EMDS Call","Medical Emergency","Others","2026/01/11 03:48:25 PM","Sadiqabad"
"260316","Muhammad Riaz","DR-654","EMDS Call","Medical Emergency","Hypertension","2026/01/11 04:01:50 PM","Rahim Yar Khan"
"260317","Muhammad Riaz","DR-654","EMDS Call","Road Crash","Bleeding","2026/01/11 04:04:56 PM","Rahim Yar Khan"
"260320","Zupasha Zia","MR-5758","EMDS Call","Medical Emergency","Chronic Illness","2026/01/11 04:08:25 PM","Rahim Yar Khan"
"260319","Muhammad Fiaz","DR-206","EMDS Call","Road Crash","Bleeding","2026/01/11 04:09:38 PM","Khanpur"
"260318","Muhammad Riaz","DR-654","EMDS Call","Medical Emergency","Hypertension","2026/01/11 04:10:19 PM","Khanpur"
"260321","Muhammad Fiaz","DR-206","EMDS Call","Road Crash","Bleeding","2026/01/11 04:11:12 PM","Rahim Yar Khan"
"260322","Muhammad Riaz","DR-654","EMDS Call","Road Crash","Bleeding","2026/01/11 04:15:27 PM","Sadiqabad"
"260323","Zupasha Zia","MR-5758","EMDS Call","Medical Emergency","Chronic Illness","2026/01/11 04:18:01 PM","Sadiqabad"
"75352","Muhammad Fiaz","DR-206","Direct Call","Patient Transfer Service","N/A","2026/01/11 04:28:10 PM","Sadiqabad"
"260324","Zupasha Zia","MR-5758","EMDS Call","Medical Emergency","Abdominal Pain","2026/01/11 04:41:26 PM","Khanpur"
"75353","Zupasha Zia","MR-5758","Direct Call","Patient Transfer Service","N/A","2026/01/11 04:47:09 PM","Sadiqabad"
"260325","Zupasha Zia","MR-5758","EMDS Call","Medical Emergency","Chest Pain","2026/01/11 04:54:28 PM","Sadiqabad"
"260326","Sheeza Barkat","MR-5331","EMDS Call","Medical Emergency","Others","2026/01/11 05:00:15 PM","Rahim Yar Khan"
"260327","Zupasha Zia","MR-5758","EMDS Call","Medical Emergency","Renal Disorders / Renal Colic ","2026/01/11 05:03:00 PM","Rahim Yar Khan"
"260328","Zupasha Zia","MR-5758","EMDS Call","Medical Emergency","Others","2026/01/11 05:10:24 PM","Rahim Yar Khan"
"260329","Sheeza Barkat","MR-5331","EMDS Call","Road Crash","Bleeding","2026/01/11 05:09:22 PM","Khanpur"
"260330","Muhammad Fiaz","DR-206","EMDS Call","Road Crash","Bleeding","2026/01/11 05:10:43 PM","Sadiqabad"
"260331","Sheeza Barkat","MR-5331","EMDS Call","Road Crash","Bleeding","2026/01/11 05:14:15 PM","Rahim Yar Khan"
"260332","Muhammad Fiaz","DR-206","EMDS Call","Road Crash","Severe Trauma","2026/01/11 05:29:50 PM","Khanpur"
"260333","Muhammad Fiaz","DR-206","EMDS Call","Medical Emergency","Others","2026/01/11 05:35:08 PM","Rahim Yar Khan"
"260334","Sheeza Barkat","MR-5331","EMDS Call","Medical Emergency","High Fever","2026/01/11 05:35:27 PM","Rahim Yar Khan"
"260335","Muhammad Fiaz","DR-206","EMDS Call","Road Crash","Bleeding","2026/01/11 05:40:15 PM","Khanpur"
"260336","Sheeza Barkat","MR-5331","EMDS Call","Medical Emergency","Others","2026/01/11 05:44:30 PM","Liaqatpur"
"260337","Muhammad Riaz","DR-654","EMDS Call","Medical Emergency","Abdominal Pain","2026/01/11 05:46:31 PM","Sadiqabad"
"260338","Sheeza Barkat","MR-5331","EMDS Call","Crime","Physical Assault/Violence","2026/01/11 05:46:34 PM","Khanpur"
"260339","Muhammad Riaz","DR-654","EMDS Call","Medical Emergency","Vomiting","2026/01/11 05:51:54 PM","Rahim Yar Khan"
"260340","Zupasha Zia","MR-5758","EMDS Call","Medical Emergency","SOB/ Respiratory Distress","2026/01/11 05:56:12 PM","Rahim Yar Khan"
"260341","Zupasha Zia","MR-5758","EMDS Call","Medical Emergency","Renal Disorders / Renal Colic ","2026/01/11 06:00:19 PM","Sadiqabad"
"260342","Sheeza Barkat","MR-5331","EMDS Call","Medical Emergency","Diabetic","2026/01/11 06:02:00 PM","Rahim Yar Khan"
"75354","Zupasha Zia","MR-5758","Direct Call","Patient Transfer Service","N/A","2026/01/11 06:04:20 PM","Khanpur"
"260343","Zupasha Zia","MR-5758","EMDS Call","Medical Emergency","Diabetic","2026/01/11 06:05:59 PM","Sadiqabad"
"Not Assigned","Muhammad Riaz","DR-654","EMDS Call","Medical Emergency","Abdominal Pain","2026/01/11 05:58:48 PM","Rahim Yar Khan"
"260345","Zupasha Zia","MR-5758","EMDS Call","Medical Emergency","Chest Pain","2026/01/11 06:14:34 PM","Rahim Yar Khan"
"260344","Muhammad Riaz","DR-654","EMDS Call","Medical Emergency","Renal Disorders / Renal Colic ","2026/01/11 06:14:20 PM","Liaqatpur"
"260347","Sheeza Barkat","MR-5331","EMDS Call","Medical Emergency","Hypertension","2026/01/11 06:15:35 PM","Khanpur"
"260348","Zupasha Zia","MR-5758","EMDS Call","Medical Emergency","Hypertension","2026/01/11 06:18:57 PM","Rahim Yar Khan"
"260349","Zupasha Zia","MR-5758","EMDS Call","Rescue Operations","Delivery Case","2026/01/11 06:24:59 PM","Khanpur"
"260350","Muhammad Fiaz","DR-206","EMDS Call","Medical Emergency","Others","2026/01/11 06:27:03 PM","Rahim Yar Khan"
"260351","Zupasha Zia","MR-5758","EMDS Call","Road Crash","Minor Injuries","2026/01/11 06:29:53 PM","Rahim Yar Khan"
"260352","Muhammad Riaz","DR-654","EMDS Call","Medical Emergency","Vomiting","2026/01/11 06:35:45 PM","Rahim Yar Khan"
"260353","Sheeza Barkat","MR-5331","EMDS Call","Road Crash","Bleeding","2026/01/11 06:35:12 PM","Rahim Yar Khan"
"260354","Muhammad Fiaz","DR-206","EMDS Call","Medical Emergency","Others","2026/01/11 06:40:03 PM","Rahim Yar Khan"
"260355","Muhammad Fiaz","DR-206","EMDS Call","Road Crash","Bleeding","2026/01/11 06:42:28 PM","Rahim Yar Khan"
"260356","Muhammad Fiaz","DR-206","EMDS Call","Medical Emergency","Others","2026/01/11 06:52:23 PM","Rahim Yar Khan"
"260357","Muhammad Riaz","DR-654","EMDS Call","Medical Emergency","Others","2026/01/11 07:01:15 PM","Khanpur"
"260358","Sheeza Barkat","MR-5331","EMDS Call","Road Crash","Bleeding","2026/01/11 07:03:46 PM","Sadiqabad"
"260359","Muhammad Fiaz","DR-206","EMDS Call","Medical Emergency","High Fever","2026/01/11 07:05:16 PM","Rahim Yar Khan"
"260360","Zupasha Zia","MR-5758","EMDS Call","Medical Emergency","Renal Disorders / Renal Colic ","2026/01/11 07:06:57 PM","Rahim Yar Khan"
"260361","Muhammad Fiaz","DR-206","EMDS Call","Medical Emergency","Others","2026/01/11 07:07:53 PM","Rahim Yar Khan"
"260362","Sheeza Barkat","MR-5331","EMDS Call","Road Crash","Bleeding","2026/01/11 07:07:53 PM","Rahim Yar Khan"
"260363","Muhammad Riaz","DR-654","EMDS Call","Rescue Operations","Delivery Case","2026/01/11 07:12:38 PM","Liaqatpur"
"260364","Sheeza Barkat","MR-5331","Direct Call","Medical Emergency","Others","2026/01/11 07:18:48 PM","Rahim Yar Khan"
"260365","Zupasha Zia","MR-5758","EMDS Call","Road Crash","Bleeding","2026/01/11 07:20:05 PM","Rahim Yar Khan"
"75355","Zupasha Zia","MR-5758","Direct Call","Patient Transfer Service","N/A","2026/01/11 07:33:54 PM","Sadiqabad"
"260366","Sheeza Barkat","MR-5331","EMDS Call","Medical Emergency","SOB/ Respiratory Distress","2026/01/11 07:32:10 PM","Khanpur"
"260367","Zupasha Zia","MR-5758","EMDS Call","Medical Emergency","Others","2026/01/11 07:37:11 PM","Sadiqabad"
"75356","Muhammad Fiaz","DR-206","Direct Call","Patient Transfer Service","N/A","2026/01/11 07:42:14 PM","Sadiqabad"
"260369","Sheeza Barkat","MR-5331","EMDS Call","Medical Emergency","Others","2026/01/11 07:39:17 PM","Liaqatpur"
"260368","Zupasha Zia","MR-5758","EMDS Call","Medical Emergency","Chest Pain","2026/01/11 07:41:56 PM","Sadiqabad"
"260370","Muhammad Fiaz","DR-206","EMDS Call","Medical Emergency","SOB/ Respiratory Distress","2026/01/11 07:50:04 PM","Khanpur"
"260371","Zupasha Zia","MR-5758","EMDS Call","Rescue Operations","Delivery Case","2026/01/11 07:49:55 PM","Rahim Yar Khan"
"260372","Sheeza Barkat","MR-5331","EMDS Call","Road Crash","Bleeding","2026/01/11 07:55:48 PM","Liaqatpur"
"260375","Sheeza Barkat","MR-5331","EMDS Call","Medical Emergency","CVA/Stroke","2026/01/11 08:07:26 PM","Sadiqabad"
"260373","Zupasha Zia","MR-5758","EMDS Call","Medical Emergency","Others","2026/01/11 08:09:21 PM","Sadiqabad"
"260374","Sheeza Barkat","MR-5331","EMDS Call","Medical Emergency","Renal Disorders / Renal Colic ","2026/01/11 08:14:28 PM","Khanpur"
"75357","Zupasha Zia","MR-5758","Direct Call","Patient Transfer Service","N/A","2026/01/11 08:24:51 PM","Sadiqabad"
"260376","Saima Bashir","MR-5819","EMDS Call","Road Crash","Bleeding","2026/01/11 08:25:28 PM","Rahim Yar Khan"
"260378","Sheeza Barkat","MR-5331","EMDS Call","Medical Emergency","SOB/ Respiratory Distress","2026/01/11 08:44:44 PM","Sadiqabad"
"260377","Zupasha Zia","MR-5758","EMDS Call","Medical Emergency","Unconscious","2026/01/11 08:45:34 PM","Sadiqabad"
"260379","Saima Bashir","MR-5819","EMDS Call","Medical Emergency","Hypertension","2026/01/11 08:46:39 PM","Rahim Yar Khan"
"260380","Farah Sadaqat","MR-5930","EMDS Call","Medical Emergency","Hypertension","2026/01/11 08:56:01 PM","Rahim Yar Khan"
"260382","Faiz Muhyy Ul Din","DR-892","EMDS Call","Medical Emergency","Vomiting","2026/01/11 08:58:06 PM","Khanpur"
"260381","Saima Bashir","MR-5819","EMDS Call","Medical Emergency","Diarrhea","2026/01/11 08:57:05 PM","Rahim Yar Khan"
"260383","Farah Sadaqat","MR-5930","EMDS Call","Medical Emergency","High Fever","2026/01/11 09:08:45 PM","Rahim Yar Khan"
"260384","Saima Bashir","MR-5819","EMDS Call","Medical Emergency","Chest Pain","2026/01/11 09:09:14 PM","Khanpur"
"260385","Farah Sadaqat","MR-5930","EMDS Call","Medical Emergency","Hypertension","2026/01/11 09:14:36 PM","Sadiqabad"
"260386","Saima Bashir","MR-5819","EMDS Call","Medical Emergency","Hypertension","2026/01/11 09:15:01 PM","Rahim Yar Khan"
"260387","Faiz Muhyy Ul Din","DR-892","EMDS Call","Medical Emergency","Others","2026/01/11 09:17:27 PM","Rahim Yar Khan"
"260388","Farah Sadaqat","MR-5930","EMDS Call","Medical Emergency","SOB/ Respiratory Distress","2026/01/11 09:32:24 PM","Sadiqabad"
"260389","Saima Bashir","MR-5819","EMDS Call","Medical Emergency","Joints Pain","2026/01/11 09:35:04 PM","Khanpur"
"75358","Sajid Mehmood","DR-914","Direct Call","Patient Transfer Service","N/A","2026/01/11 09:44:31 PM","Khanpur"
"260390","Saima Bashir","MR-5819","EMDS Call","Medical Emergency","Hypotension","2026/01/11 09:51:15 PM","Rahim Yar Khan"
"260391","Farah Sadaqat","MR-5930","EMDS Call","Medical Emergency","High Fever","2026/01/11 10:09:35 PM","Rahim Yar Khan"
"260392","Saima Bashir","MR-5819","EMDS Call","Road Crash","Bleeding","2026/01/11 10:17:19 PM","Sadiqabad"
"260393","Farah Sadaqat","MR-5930","EMDS Call","Medical Emergency","Hypertension","2026/01/11 10:19:23 PM","Rahim Yar Khan"
"260394","Sajid Mehmood","DR-914","EMDS Call","Rescue Operations","Scalds/Burn Due To Negligence","2026/01/11 10:18:32 PM","Rahim Yar Khan"
"260396","Farah Sadaqat","MR-5930","EMDS Call","Road Crash","Multiple Fractures","2026/01/11 10:25:01 PM","Khanpur"
"260395","Saima Bashir","MR-5819","EMDS Call","Medical Emergency","Others","2026/01/11 10:25:44 PM","Sadiqabad"
"260397","Saima Bashir","MR-5819","EMDS Call","Medical Emergency","Others","2026/01/11 10:40:12 PM","Khanpur"
"260398","Sajid Mehmood","DR-914","EMDS Call","Medical Emergency","Vomiting","2026/01/11 10:41:07 PM","Rahim Yar Khan"
"260399","Saima Bashir","MR-5819","EMDS Call","Medical Emergency","SOB/ Respiratory Distress","2026/01/11 10:45:34 PM","Rahim Yar Khan"
"260400","Sajid Mehmood","DR-914","EMDS Call","Medical Emergency","Chest Pain","2026/01/11 10:46:00 PM","Sadiqabad"
"Not Assigned","Sajid Mehmood","DR-914","EMDS Call","Medical Emergency","Cardiac Arrest","2026/01/11 10:53:21 PM","Rahim Yar Khan"
"260402","Saima Bashir","MR-5819","EMDS Call","Medical Emergency","Chest Pain","2026/01/11 10:53:37 PM","Liaqatpur"
"260405","Sajid Mehmood","DR-914","EMDS Call","Medical Emergency","SOB/ Respiratory Distress","2026/01/11 10:58:47 PM","Rahim Yar Khan"
"260403","Farah Sadaqat","MR-5930","EMDS Call","Road Crash","Bleeding","2026/01/11 11:02:03 PM","Khanpur"
"260404","Saima Bashir","MR-5819","EMDS Call","Medical Emergency","Abdominal Pain","2026/01/11 11:05:48 PM","Khanpur"
"260407","Sajid Mehmood","DR-914","EMDS Call","Medical Emergency","Vomiting","2026/01/11 11:09:20 PM","Khanpur"
"260406","Saqib Nasim","DR-197","EMDS Call","Medical Emergency","Others","2026/01/11 11:11:54 PM","Rahim Yar Khan"
"260408","Sajid Mehmood","DR-914","EMDS Call","Medical Emergency","Hypertension","2026/01/11 11:16:22 PM","Rahim Yar Khan"
"260409","Saqib Nasim","DR-197","EMDS Call","Medical Emergency","Unconscious","2026/01/11 11:24:42 PM","Rahim Yar Khan"
"260410","Saqib Nasim","DR-197","Direct Call","Medical Emergency","Others","2026/01/11 11:36:20 PM","Rahim Yar Khan"
"260411","Farah Sadaqat","MR-5930","EMDS Call","Medical Emergency","Vomiting","2026/01/11 11:38:08 PM","Rahim Yar Khan"
"260412","Sajid Mehmood","DR-914","EMDS Call","Medical Emergency","Vomiting","2026/01/11 11:51:21 PM","Rahim Yar Khan"
"260413","Sajid Mehmood","DR-914","EMDS Call","Medical Emergency","Vomiting","2026/01/12 12:05:18 AM","Sadiqabad"
"75359","Sajid Mehmood","DR-914","Direct Call","Patient Transfer Service","N/A","2026/01/12 12:08:01 AM","Sadiqabad"
"260414","Saqib Nasim","DR-197","EMDS Call","Medical Emergency","Others","2026/01/12 12:06:55 AM","Sadiqabad"
"260415","Saqib Nasim","DR-197","EMDS Call","Medical Emergency","Others","2026/01/12 12:13:16 AM","Sadiqabad"
"260416","Sajid Mehmood","DR-914","EMDS Call","Medical Emergency","SOB/ Respiratory Distress","2026/01/12 12:15:40 AM","Rahim Yar Khan"
"260417","Saqib Nasim","DR-197","EMDS Call","Medical Emergency","SOB/ Respiratory Distress","2026/01/12 12:37:04 AM","Khanpur"
"260418","Sajid Mehmood","DR-914","EMDS Call","Medical Emergency","Others","2026/01/12 12:45:19 AM","Rahim Yar Khan"
"260419","Saqib Nasim","DR-197","EMDS Call","Rescue Operations","Delivery Case","2026/01/12 12:45:22 AM","Khanpur"
"260420","Farah Sadaqat","MR-5930","EMDS Call","Medical Emergency","Hypertension","2026/01/12 12:50:43 AM","Liaqatpur"
"260421","Sajid Mehmood","DR-914","Direct Call","Rescue Operations","Mass Event Coverage","2026/01/12 01:08:15 AM","Rahim Yar Khan"
"260422","Farah Sadaqat","MR-5930","EMDS Call","Medical Emergency","Others","2026/01/12 01:27:07 AM","Rahim Yar Khan"
"260424","Farah Sadaqat","MR-5930","EMDS Call","Medical Emergency","Hypertension","2026/01/12 01:45:52 AM","Liaqatpur"
"260423","Saqib Nasim","DR-197","EMDS Call","Rescue Operations","Delivery Case","2026/01/12 01:45:22 AM","Khanpur"
"260425","Saqib Nasim","DR-197","EMDS Call","Medical Emergency","SOB/ Respiratory Distress","2026/01/12 01:49:34 AM","Sadiqabad"
"260426","Sajid Mehmood","DR-914","EMDS Call","Medical Emergency","Hypertension","2026/01/12 01:51:12 AM","Rahim Yar Khan"
"260427","Saqib Nasim","DR-197","EMDS Call","Medical Emergency","Vomiting","2026/01/12 01:55:21 AM","Rahim Yar Khan"
"260428","Farah Sadaqat","MR-5930","EMDS Call","Medical Emergency","Unconscious","2026/01/12 02:00:29 AM","Khanpur"
"260429","Sajid Mehmood","DR-914","EMDS Call","Medical Emergency","Others","2026/01/12 02:56:10 AM","Rahim Yar Khan"
"260430","Saqib Nasim","DR-197","EMDS Call","Medical Emergency","Others","2026/01/12 02:58:41 AM","Sadiqabad"
"260431","Farah Sadaqat","MR-5930","EMDS Call","Rescue Operations","Delivery Case","2026/01/12 03:01:22 AM","Rahim Yar Khan"
"260432","Farah Sadaqat","MR-5930","EMDS Call","Medical Emergency","Others","2026/01/12 03:21:28 AM","Rahim Yar Khan"
"260433","Sajid Mehmood","DR-914","EMDS Call","Medical Emergency","Chronic Illness","2026/01/12 03:27:11 AM","Sadiqabad"
"260434","Sajid Mehmood","DR-914","EMDS Call","Medical Emergency","Hypotension","2026/01/12 03:31:37 AM","Rahim Yar Khan"
"Not Assigned","Farah Sadaqat","MR-5930","EMDS Call","Rescue Operations","Delivery Case","2026/01/12 03:42:38 AM","Rahim Yar Khan"
"260436","Muhammad Zubair","DR-894","EMDS Call","Medical Emergency","Hypertension","2026/01/12 03:46:14 AM","Khanpur"
"260437","Muhammad Tariq Hameed","DR-885","EMDS Call","Medical Emergency","Hypertension","2026/01/12 03:58:36 AM","Rahim Yar Khan"
"260438","Muhammad Zubair","DR-894","EMDS Call","Medical Emergency","Others","2026/01/12 04:04:24 AM","Rahim Yar Khan"
"260439","Saima Bashir","MR-5819","EMDS Call","Medical Emergency","Vomiting","2026/01/12 04:13:51 AM","Rahim Yar Khan"
"260440","Muhammad Tariq Hameed","DR-885","EMDS Call","Rescue Operations","Delivery Case","2026/01/12 04:19:53 AM","Khanpur"
"260442","Muhammad Zubair","DR-894","EMDS Call","Medical Emergency","Others","2026/01/12 04:44:40 AM","Rahim Yar Khan"
"260441","Muhammad Tariq Hameed","DR-885","EMDS Call","Medical Emergency","Others","2026/01/12 04:43:32 AM","Rahim Yar Khan"
"260443","Saima Bashir","MR-5819","EMDS Call","Medical Emergency","Vomiting","2026/01/12 04:48:21 AM","Sadiqabad"
"260444","Muhammad Zubair","DR-894","EMDS Call","Rescue Operations","Delivery Case","2026/01/12 05:01:25 AM","Rahim Yar Khan"
"260445","Muhammad Tariq Hameed","DR-885","EMDS Call","Medical Emergency","Domestic Injuries","2026/01/12 05:37:50 AM","Khanpur"
"260446","Saima Bashir","MR-5819","EMDS Call","Medical Emergency","SOB/ Respiratory Distress","2026/01/12 05:46:02 AM","Khanpur"
"260447","Muhammad Tariq Hameed","DR-885","EMDS Call","Medical Emergency","Unconscious","2026/01/12 05:56:36 AM","Rahim Yar Khan"
"260448","Saima Bashir","MR-5819","EMDS Call","Medical Emergency","Others","2026/01/12 06:11:12 AM","Sadiqabad"
"260449","Muhammad Zubair","DR-894","EMDS Call","Medical Emergency","Others","2026/01/12 06:15:50 AM","Rahim Yar Khan"
"260450","Muhammad Tariq Hameed","DR-885","EMDS Call","Rescue Operations","Delivery Case","2026/01/12 06:14:09 AM","Rahim Yar Khan"
"260451","Saima Bashir","MR-5819","EMDS Call","Medical Emergency","Unconscious","2026/01/12 06:28:12 AM","Rahim Yar Khan"
"260452","Saima Bashir","MR-5819","EMDS Call","Medical Emergency","Others","2026/01/12 06:41:20 AM","Rahim Yar Khan"
"260453","Muhammad Tariq Hameed","DR-885","EMDS Call","Road Crash","Severe Trauma","2026/01/12 06:45:46 AM","Rahim Yar Khan"
"260454","Saima Bashir","MR-5819","EMDS Call","Medical Emergency","Diabetic","2026/01/12 06:52:20 AM","Rahim Yar Khan"
"260455","Muhammad Tariq Hameed","DR-885","EMDS Call","Rescue Operations","Delivery Case","2026/01/12 06:52:39 AM","Sadiqabad"
"260456","Muhammad Zubair","DR-894","EMDS Call","Medical Emergency","Others","2026/01/12 07:30:01 AM","Sadiqabad"
"260457","Muhammad Tariq Hameed","DR-885","EMDS Call","Medical Emergency","Unconscious","2026/01/12 07:34:38 AM","Rahim Yar Khan"
"260458","Muhammad Zubair","DR-894","EMDS Call","Road Crash","Minor Injuries","2026/01/12 07:43:08 AM","Sadiqabad"
"260458","Muhammad Zubair","DR-894","EMDS Call","Road Crash","Minor Injuries","2026/01/12 07:43:08 AM","Sadiqabad"
"260459","Nida Rahat","DR-1322","EMDS Call","Medical Emergency","Diabetic","2026/01/12 08:01:16 AM","Rahim Yar Khan"
"260460","Muhammad Zubair","DR-894","Direct Call","Rescue Operations","Mass Event Coverage","2026/01/12 08:08:01 AM","Rahim Yar Khan"
"260461","Nida Rahat","DR-1322","EMDS Call","Road Crash","Bleeding","2026/01/12 08:09:54 AM","Rahim Yar Khan"
"260462","Zia ul Haq","DR-328","EMDS Call","Medical Emergency","Renal Disorders / Renal Colic ","2026/01/12 08:12:07 AM","Rahim Yar Khan"
"260464","Nida Rahat","DR-1322","EMDS Call","Medical Emergency","High Fever","2026/01/12 08:14:38 AM","Liaqatpur"
"260463","Zia ul Haq","DR-328","EMDS Call","Road Crash","Severe Trauma","2026/01/12 08:15:16 AM","Liaqatpur"
"260465","Nida Rahat","DR-1322","EMDS Call","Medical Emergency","Unconscious","2026/01/12 08:17:05 AM","Sadiqabad"
"260466","Zia ul Haq","DR-328","EMDS Call","Medical Emergency","SOB/ Respiratory Distress","2026/01/12 08:18:27 AM","Rahim Yar Khan"
"260467","Nida Rahat","DR-1322","EMDS Call","Medical Emergency","CVA/Stroke","2026/01/12 08:22:17 AM","Khanpur"
"260469","Nida Rahat","DR-1322","Direct Call","Rescue Operations","Mass Event Coverage","2026/01/12 08:34:25 AM","Sadiqabad"
"260468","Nida Rahat","DR-1322","EMDS Call","Medical Emergency","SOB/ Respiratory Distress","2026/01/12 08:35:54 AM","Liaqatpur"
"260470","Fahad Hussain","DR-538","EMDS Call","Medical Emergency","High Fever","2026/01/12 08:40:11 AM","Sadiqabad"
"260471","Zia ul Haq","DR-328","EMDS Call","Medical Emergency","Hypertension","2026/01/12 08:46:05 AM","Rahim Yar Khan"
"260472","Muhammad AAmar","DR-915","EMDS Call","Medical Emergency","Unconscious","2026/01/12 08:46:30 AM","Khanpur"
"260473","Nida Rahat","DR-1322","EMDS Call","Medical Emergency","Chest Pain","2026/01/12 08:51:45 AM","Rahim Yar Khan"
"260474","Zia ul Haq","DR-328","EMDS Call","Road Crash","Minor Injuries","2026/01/12 08:51:53 AM","Sadiqabad"
"260475","Muhammad AAmar","DR-915","EMDS Call","Rescue Operations","Work/Occupational Injuries","2026/01/12 08:56:20 AM","Rahim Yar Khan"
"75360","Mureed Abbas","DR-900","Direct Call","Patient Transfer Service","N/A","2026/01/12 09:01:50 AM","Sadiqabad"
"260476","Mureed Abbas","DR-900","EMDS Call","Medical Emergency","Renal Disorders / Renal Colic ","2026/01/12 09:13:29 AM","Sadiqabad"
"260477","Muhammad AAmar","DR-915","EMDS Call","Medical Emergency","Chronic Illness","2026/01/12 09:16:14 AM","Sadiqabad"
"75361","Shahid Jamil","DR-184","Direct Call","Patient Transfer Service","N/A","2026/01/12 09:21:01 AM","Sadiqabad"
"260478","Shahid Jamil","DR-184","EMDS Call","Medical Emergency","Unconscious","2026/01/12 09:22:49 AM","Rahim Yar Khan"
"260479","Muhammad AAmar","DR-915","EMDS Call","Medical Emergency","Hypertension","2026/01/12 09:31:06 AM","Rahim Yar Khan"
"260480","Muhammad Arshad","DR-198","EMDS Call","Medical Emergency","Others","2026/01/12 09:49:35 AM","Sadiqabad"
"260481","Muhammad Arshad","DR-198","EMDS Call","Medical Emergency","Backache","2026/01/12 09:56:34 AM","Rahim Yar Khan"
"260482","Muhammad Saeed","DR-190","EMDS Call","Rescue Operations","Delivery Case","2026/01/12 09:59:30 AM","Khanpur"
"260483","Adil Iqbal","DR-782","EMDS Call","Medical Emergency","Others","2026/01/12 10:00:21 AM","Rahim Yar Khan"
"260484","Muhammad Arshad","DR-198","EMDS Call","Medical Emergency","Others","2026/01/12 10:04:09 AM","Rahim Yar Khan"
"260486","Muhammad Saeed","DR-190","EMDS Call","Medical Emergency","Others","2026/01/12 10:03:20 AM","Sadiqabad"
"260485","Adil Iqbal","DR-782","EMDS Call","Medical Emergency","Others","2026/01/12 10:04:14 AM","Liaqatpur"
"75362","Mureed Abbas","DR-900","Direct Call","Patient Transfer Service","N/A","2026/01/12 10:11:06 AM","Khanpur"
"260487","Muhammad Saeed","DR-190","Direct Call","Medical Emergency","Others","2026/01/12 10:14:54 AM","Rahim Yar Khan"
"260488","Muhammad Saeed","DR-190","EMDS Call","Road Crash","Multiple Fractures","2026/01/12 10:28:59 AM","Rahim Yar Khan"
"260489","Mureed Abbas","DR-900","EMDS Call","Medical Emergency","Hypertension","2026/01/12 10:28:52 AM","Rahim Yar Khan"
"260491","Adil Iqbal","DR-782","EMDS Call","Road Crash","Minor Injuries","2026/01/12 10:29:56 AM","Rahim Yar Khan"
"260490","Muhammad Saeed","DR-190","EMDS Call","Medical Emergency","Unconscious","2026/01/12 10:30:49 AM","Rahim Yar Khan"
"260492","Muhammad AAmar","DR-915","Direct Call","Crime","Probable Suicide","2026/01/12 10:38:12 AM","Khanpur"
"260495","Adil Iqbal","DR-782","EMDS Call","Medical Emergency","Others","2026/01/12 10:47:39 AM","Rahim Yar Khan"
"260493","Mureed Abbas","DR-900","EMDS Call","Medical Emergency","Chronic Illness","2026/01/12 10:51:03 AM","Khanpur"
"260494","Muhammad Saeed","DR-190","EMDS Call","Medical Emergency","Vomiting","2026/01/12 10:52:13 AM","Rahim Yar Khan"
"260496","Mureed Abbas","DR-900","EMDS Call","Medical Emergency","High Fever","2026/01/12 10:56:57 AM","Liaqatpur"
"260497","Muhammad Saeed","DR-190","EMDS Call","Rescue Operations","Work/Occupational Injuries","2026/01/12 11:02:07 AM","Khanpur"
"260498","Aasia Batool","MR-5198","EMDS Call","Rescue Operations","Delivery Case","2026/01/12 11:04:04 AM","Rahim Yar Khan"
"260499","Aasia Batool","MR-5198","EMDS Call","Medical Emergency","Others","2026/01/12 11:11:50 AM","Rahim Yar Khan"
"260500","Mureed Abbas","DR-900","EMDS Call","Medical Emergency","Diabetic","2026/01/12 11:17:30 AM","Rahim Yar Khan"
"260501","Muhammad AAmar","DR-915","EMDS Call","Medical Emergency","Chest Pain","2026/01/12 11:21:21 AM","Rahim Yar Khan"
"260502","Muhammad Saeed","DR-190","EMDS Call","Medical Emergency","Others","2026/01/12 11:24:00 AM","Rahim Yar Khan"
"260503","Muhammad AAmar","DR-915","EMDS Call","Medical Emergency","Vomiting","2026/01/12 11:27:57 AM","Rahim Yar Khan"
"75363","Aasia Batool","MR-5198","Direct Call","Patient Transfer Service","N/A","2026/01/12 11:33:36 AM","Liaqatpur"
"260504","Muhammad Saeed","DR-190","EMDS Call","Medical Emergency","Others","2026/01/12 11:38:37 AM","Khanpur"
"75364","Mureed Abbas","DR-900","Direct Call","Patient Transfer Service","N/A","2026/01/12 11:40:03 AM","Sadiqabad"
"75365","Aasia Batool","MR-5198","Direct Call","Patient Transfer Service","N/A","2026/01/12 11:47:08 AM","Sadiqabad"
"75366","Mureed Abbas","DR-900","Direct Call","Patient Transfer Service","N/A","2026/01/12 11:55:06 AM","Sadiqabad"
"260505","Adil Iqbal","DR-782","EMDS Call","Fire","Short Circuit","2026/01/12 11:58:12 AM","Sadiqabad"
"260506","Muhammad Saeed","DR-190","EMDS Call","Medical Emergency","High Fever","2026/01/12 12:02:12 PM","Sadiqabad"
"260507","Aasia Batool","MR-5198","EMDS Call","Road Crash","Bleeding","2026/01/12 12:04:15 PM","Liaqatpur"
"260508","Muhammad Saeed","DR-190","EMDS Call","Medical Emergency","Others","2026/01/12 12:07:39 PM","Rahim Yar Khan"
"260509","Mureed Abbas","DR-900","EMDS Call","Medical Emergency","SOB/ Respiratory Distress","2026/01/12 12:11:59 PM","Rahim Yar Khan"
"260510","Yasir Ilyas","DR-893","EMDS Call","Medical Emergency","SOB/ Respiratory Distress","2026/01/12 12:12:35 PM","Rahim Yar Khan"
"75367","Mureed Abbas","DR-900","Direct Call","Patient Transfer Service","N/A","2026/01/12 12:18:12 PM","Khanpur"
"260511","Yasir Ilyas","DR-893","EMDS Call","Medical Emergency","Others","2026/01/12 12:23:03 PM","Rahim Yar Khan"
"260512","Mureed Abbas","DR-900","EMDS Call","Medical Emergency","Others","2026/01/12 12:33:47 PM","Rahim Yar Khan"
"260513","Mureed Abbas","DR-900","EMDS Call","Medical Emergency","Unconscious","2026/01/12 12:37:48 PM","Sadiqabad"
"260515","Yasir Ilyas","DR-893","EMDS Call","Road Crash","Minor Injuries","2026/01/12 12:42:13 PM","Rahim Yar Khan"
"260514","Mureed Abbas","DR-900","EMDS Call","Rescue Operations","Delivery Case","2026/01/12 12:41:50 PM","Khanpur"
"260516","Muhammad Arshad","DR-198","EMDS Call","Medical Emergency","Diabetic","2026/01/12 12:43:10 PM","Liaqatpur"
"260517","Mureed Abbas","DR-900","EMDS Call","Medical Emergency","Others","2026/01/12 01:01:18 PM","Rahim Yar Khan"
"260518","Muhammad Arshad","DR-198","EMDS Call","Fire","Others","2026/01/12 01:08:37 PM","Liaqatpur"
"260519","Yasir Ilyas","DR-893","EMDS Call","Medical Emergency","Chest Pain","2026/01/12 01:11:44 PM","Khanpur"
"260520","Muhammad Arshad","DR-198","EMDS Call","Medical Emergency","Others","2026/01/12 01:14:12 PM","Liaqatpur"
"260521","Yasir Ilyas","DR-893","EMDS Call","Medical Emergency","Others","2026/01/12 01:17:36 PM","Khanpur"
"260522","Yasir Ilyas","DR-893","EMDS Call","Medical Emergency","Domestic Injuries","2026/01/12 01:24:01 PM","Rahim Yar Khan"
"260523","Aasia Batool","MR-5198","EMDS Call","Road Crash","Minor Injuries","2026/01/12 01:40:23 PM","Khanpur"
"260524","Mureed Abbas","DR-900","EMDS Call","Fall","Fall From Stairs","2026/01/12 01:46:32 PM","Rahim Yar Khan"
"260525","Aasia Batool","MR-5198","EMDS Call","Medical Emergency","SOB/ Respiratory Distress","2026/01/12 01:45:28 PM","Khanpur"
"260526","Rana M. Usman","DR-200","EMDS Call","Road Crash","Minor Injuries","2026/01/12 01:47:44 PM","Rahim Yar Khan"
"260527","Nida Rahat","DR-1322","Direct Call","Medical Emergency","Vomiting","2026/01/12 01:51:16 PM","Liaqatpur"
"260528","Nida Rahat","DR-1322","Direct Call","Medical Emergency","Abdominal Pain","2026/01/12 02:00:33 PM","Sadiqabad"
"260529","Rana M. Usman","DR-200","EMDS Call","Rescue Operations","Delivery Case","2026/01/12 02:02:24 PM","Rahim Yar Khan"
"260530","Mureed Abbas","DR-900","EMDS Call","Medical Emergency","Chest Pain","2026/01/12 02:04:37 PM","Sadiqabad"
"260531","Muhammad Rashid Saleem","DR-187","EMDS Call","Medical Emergency","Hypertension","2026/01/12 02:04:53 PM","Liaqatpur"
"260532","Rana M. Usman","DR-200","EMDS Call","Medical Emergency","Chest Pain","2026/01/12 02:06:22 PM","Khanpur"
"260533","Mureed Abbas","DR-900","EMDS Call","Medical Emergency","Renal Disorders / Renal Colic ","2026/01/12 02:07:08 PM","Sadiqabad"
"260534","Muhammad Rashid Saleem","DR-187","EMDS Call","Road Crash","Minor Injuries","2026/01/12 02:15:37 PM","Rahim Yar Khan"
"260535","Rana M. Usman","DR-200","EMDS Call","Medical Emergency","Others","2026/01/12 02:15:56 PM","Rahim Yar Khan"
"260536","Mureed Abbas","DR-900","EMDS Call","Rescue Operations","Delivery Case","2026/01/12 02:17:49 PM","Sadiqabad"
"260537","Muhammad Rashid Saleem","DR-187","EMDS Call","Medical Emergency","SOB/ Respiratory Distress","2026/01/12 02:22:25 PM","Rahim Yar Khan"
"260538","Shahla Nawaz","DR-185","EMDS Call","Medical Emergency","Epilepsy","2026/01/12 02:23:25 PM","Rahim Yar Khan"
"260539","Shahla Nawaz","DR-185","EMDS Call","Medical Emergency","Others","2026/01/12 02:34:15 PM","Khanpur"
"75368","Muhammad Rashid Saleem","DR-187","Direct Call","Patient Transfer Service","N/A","2026/01/12 02:35:02 PM","Sadiqabad"
"75369","Mureed Abbas","DR-900","Direct Call","Patient Transfer Service","N/A","2026/01/12 02:43:32 PM","Sadiqabad"
"260540","Shahla Nawaz","DR-185","EMDS Call","Medical Emergency","Others","2026/01/12 02:43:05 PM","Rahim Yar Khan"
"260541","Mureed Abbas","DR-900","EMDS Call","Medical Emergency","CVA/Stroke","2026/01/12 02:47:53 PM","Khanpur"
"260542","Mureed Abbas","DR-900","EMDS Call","Medical Emergency","Abdominal Pain","2026/01/12 03:00:14 PM","Liaqatpur"
"260543","Shahla Nawaz","DR-185","EMDS Call","Medical Emergency","Vomiting","2026/01/12 03:00:05 PM","Khanpur"
"260544","Mureed Abbas","DR-900","EMDS Call","Medical Emergency","Others","2026/01/12 03:05:14 PM","Khanpur"
"260545","Muhammad Rashid Saleem","DR-187","EMDS Call","Medical Emergency","CVA/Stroke","2026/01/12 03:14:15 PM","Khanpur"
"260546","Shahla Nawaz","DR-185","EMDS Call","Medical Emergency","High Fever","2026/01/12 03:15:19 PM","Rahim Yar Khan"
"260547","Muhammad Riaz","DR-654","EMDS Call","Medical Emergency","Unconscious","2026/01/12 03:18:43 PM","Rahim Yar Khan"
"260548","Rana M. Usman","DR-200","EMDS Call","Medical Emergency","SOB/ Respiratory Distress","2026/01/12 03:14:30 PM","Liaqatpur"
"260549","Muhammad Rashid Saleem","DR-187","EMDS Call","Medical Emergency","Unconscious","2026/01/12 03:24:09 PM","Rahim Yar Khan"
"260550","Rana M. Usman","DR-200","EMDS Call","Medical Emergency","Vomiting","2026/01/12 03:24:38 PM","Rahim Yar Khan"
"260551","Muhammad Riaz","DR-654","EMDS Call","Fire","Carelessness/Smoking","2026/01/12 03:28:42 PM","Rahim Yar Khan"
"260552","Muhammad Rashid Saleem","DR-187","EMDS Call","Medical Emergency","SOB/ Respiratory Distress","2026/01/12 03:28:12 PM","Rahim Yar Khan"
"260553","Muhammad Riaz","DR-654","EMDS Call","Road Crash","Bleeding","2026/01/12 03:43:40 PM","Sadiqabad"
"260554","Muhammad Riaz","DR-654","EMDS Call","Medical Emergency","Vomiting","2026/01/12 03:47:28 PM","Liaqatpur"
"260555","Muhammad Arshad","DR-198","EMDS Call","Medical Emergency","SOB/ Respiratory Distress","2026/01/12 03:48:47 PM","Khanpur"
"Not Assigned","Rana M. Usman","DR-200","EMDS Call","Road Crash","Severe Trauma","2026/01/12 03:54:18 PM","Rahim Yar Khan"
"260556","Muhammad Riaz","DR-654","EMDS Call","Rescue Operations","Delivery Case","2026/01/12 04:01:36 PM","Rahim Yar Khan"
"260557","Muhammad Rashid Saleem","DR-187","EMDS Call","Fall","Fall From Wall","2026/01/12 04:07:31 PM","Rahim Yar Khan"
"260559","Muhammad Riaz","DR-654","EMDS Call","Medical Emergency","Vomiting","2026/01/12 04:11:17 PM","Rahim Yar Khan"
"260558","Muhammad Rashid Saleem","DR-187","EMDS Call","Medical Emergency","Unconscious","2026/01/12 04:11:17 PM","Khanpur"
"260560","Sheeza Barkat","MR-5331","EMDS Call","Rescue Operations","Snake Emergency","2026/01/12 04:31:37 PM","Rahim Yar Khan"
"260561","Muhammad Rashid Saleem","DR-187","EMDS Call","Medical Emergency","Abdominal Pain","2026/01/12 04:33:09 PM","Rahim Yar Khan"
"260562","Muhammad Rashid Saleem","DR-187","EMDS Call","Road Crash","Bleeding","2026/01/12 04:36:33 PM","Liaqatpur"
"260563","Rana M. Usman","DR-200","EMDS Call","Road Crash","Minor Injuries","2026/01/12 04:39:43 PM","Sadiqabad"
"260564","Sheeza Barkat","MR-5331","EMDS Call","Road Crash","Bleeding","2026/01/12 04:38:47 PM","Rahim Yar Khan"
"260565","Rana M. Usman","DR-200","EMDS Call","Medical Emergency","High Fever","2026/01/12 04:42:50 PM","Rahim Yar Khan"
"260566","Rana M. Usman","DR-200","EMDS Call","Medical Emergency","Abdominal Pain","2026/01/12 04:44:49 PM","Khanpur"
"260567","Muhammad Rashid Saleem","DR-187","EMDS Call","Road Crash","Bleeding","2026/01/12 04:47:57 PM","Liaqatpur"
"260568","Sheeza Barkat","MR-5331","EMDS Call","Road Crash","Bleeding","2026/01/12 04:49:51 PM","Khanpur"
"260569","Muhammad Rashid Saleem","DR-187","EMDS Call","Medical Emergency","Hypertension","2026/01/12 04:49:56 PM","Rahim Yar Khan"
"75370","Rana M. Usman","DR-200","Direct Call","Patient Transfer Service","N/A","2026/01/12 04:59:14 PM","Sadiqabad"
"260570","Sheeza Barkat","MR-5331","Direct Call","Medical Emergency","Abdominal Pain","2026/01/12 05:02:47 PM","Khanpur"
"260571","Shahla Nawaz","DR-185","EMDS Call","Medical Emergency","Unconscious","2026/01/12 05:03:52 PM","Rahim Yar Khan"
"260572","Muhammad Rashid Saleem","DR-187","EMDS Call","Medical Emergency","Others","2026/01/12 05:04:55 PM","Rahim Yar Khan"
"260573","Sheeza Barkat","MR-5331","EMDS Call","Road Crash","Bleeding","2026/01/12 05:04:56 PM","Rahim Yar Khan"
"260574","Muhammad Rashid Saleem","DR-187","EMDS Call","Medical Emergency","Abdominal Pain","2026/01/12 05:10:00 PM","Sadiqabad"
"260575","Muhammad Rashid Saleem","DR-187","EMDS Call","Medical Emergency","High Fever","2026/01/12 05:15:16 PM","Khanpur"
"260576","Shahla Nawaz","DR-185","EMDS Call","Medical Emergency","Unconscious","2026/01/12 05:14:14 PM","Sadiqabad"
"260577","Sheeza Barkat","MR-5331","EMDS Call","Rescue Operations","Scalds/Burn Due To Negligence","2026/01/12 05:16:37 PM","Sadiqabad"
"260578","Muhammad Rashid Saleem","DR-187","EMDS Call","Medical Emergency","Chest Pain","2026/01/12 05:19:56 PM","Rahim Yar Khan"
"75371","Rana M. Usman","DR-200","Direct Call","Patient Transfer Service","N/A","2026/01/12 05:23:28 PM","Sadiqabad"
"75372","Rana M. Usman","DR-200","Direct Call","Patient Transfer Service","N/A","2026/01/12 05:28:27 PM","Liaqatpur"
"260579","Rana M. Usman","DR-200","EMDS Call","Medical Emergency","Hypertension","2026/01/12 05:32:58 PM","Rahim Yar Khan"
"75373","Sheeza Barkat","MR-5331","Direct Call","Patient Transfer Service","N/A","2026/01/12 05:40:14 PM","Liaqatpur"
"260580","Muhammad Rashid Saleem","DR-187","EMDS Call","Rescue Operations","Snake Emergency","2026/01/12 05:39:18 PM","Liaqatpur"
"260581","Muhammad Rashid Saleem","DR-187","EMDS Call","Crime","Probable Suicide","2026/01/12 05:44:13 PM","Rahim Yar Khan"
"260582","Shahla Nawaz","DR-185","EMDS Call","Road Crash","Minor Injuries","2026/01/12 05:53:59 PM","Rahim Yar Khan"
"260583","Muhammad Rashid Saleem","DR-187","EMDS Call","Medical Emergency","Hypertension","2026/01/12 06:00:57 PM","Sadiqabad"
"260583","Muhammad Rashid Saleem","DR-187","EMDS Call","Medical Emergency","Hypertension","2026/01/12 06:00:57 PM","Sadiqabad"
"260584","Shahla Nawaz","DR-185","EMDS Call","Road Crash","Bleeding","2026/01/12 06:01:36 PM","Sadiqabad"
"260585","Sheeza Barkat","MR-5331","EMDS Call","Road Crash","Severe Trauma","2026/01/12 06:06:28 PM","Sadiqabad"
"260586","Shahla Nawaz","DR-185","EMDS Call","Medical Emergency","Hypertension","2026/01/12 06:08:43 PM","Khanpur"
"75374","Shahla Nawaz","DR-185","Direct Call","Patient Transfer Service","N/A","2026/01/12 06:12:51 PM","Sadiqabad"
"260587","Sheeza Barkat","MR-5331","EMDS Call","Rescue Operations","Animal/Bird Rescue","2026/01/12 06:14:03 PM","Khanpur"
"260588","Shahla Nawaz","DR-185","EMDS Call","Medical Emergency","Hypertension","2026/01/12 06:16:09 PM","Sadiqabad"
"260589","Muhammad Riaz","DR-654","EMDS Call","Road Crash","Bleeding","2026/01/12 06:17:00 PM","Sadiqabad"
"260590","Sheeza Barkat","MR-5331","EMDS Call","Road Crash","Severe Trauma","2026/01/12 06:21:48 PM","Rahim Yar Khan"
"260591","Muhammad Riaz","DR-654","EMDS Call","Road Crash","Minor Injuries","2026/01/12 06:25:34 PM","Rahim Yar Khan"
"260592","Shahla Nawaz","DR-185","EMDS Call","Medical Emergency","Vomiting","2026/01/12 06:25:14 PM","Rahim Yar Khan"
"260593","Muhammad Rashid Saleem","DR-187","EMDS Call","Medical Emergency","Vomiting","2026/01/12 06:31:56 PM","Khanpur"
"75375","Shahla Nawaz","DR-185","Direct Call","Patient Transfer Service","N/A","2026/01/12 06:35:44 PM","Khanpur"
"260594","Shahla Nawaz","DR-185","EMDS Call","Medical Emergency","Abdominal Pain","2026/01/12 06:36:00 PM","Khanpur"
"75376","Shahla Nawaz","DR-185","Direct Call","Patient Transfer Service","N/A","2026/01/12 06:47:44 PM","Khanpur"
"260595","Shahla Nawaz","DR-185","EMDS Call","Road Crash","Bleeding","2026/01/12 06:52:52 PM","Rahim Yar Khan"
"260596","Shahla Nawaz","DR-185","EMDS Call","Medical Emergency","Others","2026/01/12 06:59:57 PM","Rahim Yar Khan"
"260597","Sheeza Barkat","MR-5331","EMDS Call","Road Crash","Severe Trauma","2026/01/12 07:04:20 PM","Khanpur"
"260598","Shahla Nawaz","DR-185","EMDS Call","Road Crash","Bleeding","2026/01/12 07:05:22 PM","Rahim Yar Khan"
"260598","Shahla Nawaz","DR-185","EMDS Call","Road Crash","Bleeding","2026/01/12 07:05:22 PM","Rahim Yar Khan"
"260599","Muhammad Rashid Saleem","DR-187","EMDS Call","Medical Emergency","Others","2026/01/12 07:11:17 PM","Liaqatpur"
"260600","Muhammad Riaz","DR-654","EMDS Call","Road Crash","Minor Injuries","2026/01/12 07:14:32 PM","Khanpur"
"260601","Sheeza Barkat","MR-5331","EMDS Call","Medical Emergency","Domestic Injuries","2026/01/12 07:18:44 PM","Rahim Yar Khan"
"260602","Sheeza Barkat","MR-5331","EMDS Call","Medical Emergency","Others","2026/01/12 07:32:47 PM","Liaqatpur"
"260603","Shahla Nawaz","DR-185","EMDS Call","Rescue Operations","Delivery Case","2026/01/12 07:37:14 PM","Rahim Yar Khan"
"75377","Sheeza Barkat","MR-5331","Direct Call","Patient Transfer Service","N/A","2026/01/12 07:41:04 PM","Khanpur"
"260604","Shahla Nawaz","DR-185","EMDS Call","Rescue Operations","Delivery Case","2026/01/12 07:45:08 PM","Sadiqabad"
"260605","Muhammad Rashid Saleem","DR-187","EMDS Call","Medical Emergency","Vomiting","2026/01/12 07:47:40 PM","Rahim Yar Khan"
"260606","Sheeza Barkat","MR-5331","EMDS Call","Medical Emergency","SOB/ Respiratory Distress","2026/01/12 07:49:15 PM","Khanpur"
"75378","Muhammad Riaz","DR-654","Direct Call","Patient Transfer Service","N/A","2026/01/12 07:53:14 PM","Khanpur"
"260607","Shahla Nawaz","DR-185","EMDS Call","Medical Emergency","SOB/ Respiratory Distress","2026/01/12 07:51:24 PM","Rahim Yar Khan"
"260608","Sheeza Barkat","MR-5331","EMDS Call","Medical Emergency","Others","2026/01/12 07:54:57 PM","Sadiqabad"
"75379","Shahla Nawaz","DR-185","Direct Call","Patient Transfer Service","N/A","2026/01/12 07:56:59 PM","Sadiqabad"
"260609","Sheeza Barkat","MR-5331","EMDS Call","Medical Emergency","Chest Pain","2026/01/12 08:05:02 PM","Liaqatpur"
"260610","Muhammad Riaz","DR-654","EMDS Call","Medical Emergency","Others","2026/01/12 08:12:22 PM","Rahim Yar Khan"
"260612","Sheeza Barkat","MR-5331","EMDS Call","Road Crash","Severe Trauma","2026/01/12 08:14:20 PM","Sadiqabad"
"260611","Muhammad Riaz","DR-654","EMDS Call","Rescue Operations","Animal/Bird Rescue","2026/01/12 08:15:17 PM","Rahim Yar Khan"
"260613","Muhammad Riaz","DR-654","EMDS Call","Medical Emergency","Others","2026/01/12 08:16:45 PM","Rahim Yar Khan"
"260614","Sheeza Barkat","MR-5331","EMDS Call","Medical Emergency","Chest Pain","2026/01/12 08:17:27 PM","Rahim Yar Khan"
"260616","Sheeza Barkat","MR-5331","EMDS Call","Medical Emergency","Unconscious","2026/01/12 08:20:27 PM","Rahim Yar Khan"
"260615","Muhammad Riaz","DR-654","EMDS Call","Medical Emergency","High Fever","2026/01/12 08:21:32 PM","Khanpur"
"260617","Farhad Iftikhar","DR-913","EMDS Call","Medical Emergency","SOB/ Respiratory Distress","2026/01/12 08:22:18 PM","Sadiqabad"
"260618","Muhammad Riaz","DR-654","EMDS Call","Road Crash","Minor Injuries","2026/01/12 08:40:35 PM","Sadiqabad"
"260619","Muhammad Riaz","DR-654","EMDS Call","Medical Emergency","Vomiting","2026/01/12 08:50:02 PM","Rahim Yar Khan"
"260620","Muhammad Zubair","DR-894","EMDS Call","Medical Emergency","Hypertension","2026/01/12 09:03:39 PM","Rahim Yar Khan"
"260621","Farhad Iftikhar","DR-913","EMDS Call","Medical Emergency","Chest Pain","2026/01/12 09:10:17 PM","Rahim Yar Khan"
"260622","Muhammad Zubair","DR-894","EMDS Call","Medical Emergency","Hypertension","2026/01/12 09:19:46 PM","Sadiqabad"
"260623","Farhad Iftikhar","DR-913","EMDS Call","Road Crash","Severe Trauma","2026/01/12 09:20:57 PM","Rahim Yar Khan"
"260624","Farah Sadaqat","MR-5930","EMDS Call","Medical Emergency","Abdominal Pain","2026/01/12 09:32:13 PM","Liaqatpur"
"260625","Muhammad Zubair","DR-894","EMDS Call","Medical Emergency","Others","2026/01/12 09:33:19 PM","Rahim Yar Khan"
"75380","Farah Sadaqat","MR-5930","Direct Call","Patient Transfer Service","N/A","2026/01/12 09:42:12 PM","Sadiqabad"
"260626","Muhammad Zubair","DR-894","EMDS Call","Medical Emergency","Others","2026/01/12 09:53:19 PM","Rahim Yar Khan"
"260627","Muhammad Zubair","DR-894","EMDS Call","Medical Emergency","Others","2026/01/12 09:57:00 PM","Rahim Yar Khan"
"260628","Muhammad Zubair","DR-894","EMDS Call","Medical Emergency","Others","2026/01/12 10:02:17 PM","Rahim Yar Khan"
"260629","Farhad Iftikhar","DR-913","Direct Call","Rescue Operations","Snake Emergency","2026/01/12 10:23:21 PM","Rahim Yar Khan"
"260630","Shaheen Islam","DR-1171","EMDS Call","Medical Emergency","Others","2026/01/12 10:23:59 PM","Rahim Yar Khan"
"75381","Muhammad Zubair","DR-894","Direct Call","Patient Transfer Service","N/A","2026/01/12 11:00:48 PM","Sadiqabad"
"75382","Muhammad Zubair","DR-894","Direct Call","Patient Transfer Service","N/A","2026/01/12 11:05:49 PM","Khanpur"
"260631","Muhammad Zubair","DR-894","EMDS Call","Medical Emergency","Others","2026/01/12 11:15:23 PM","Liaqatpur"
"260632","Farah Sadaqat","MR-5930","EMDS Call","Medical Emergency","Others","2026/01/12 11:18:43 PM","Rahim Yar Khan"
"260633","Muhammad Zubair","DR-894","EMDS Call","Medical Emergency","Hypertension","2026/01/12 11:24:57 PM","Khanpur"
"260634","Farah Sadaqat","MR-5930","EMDS Call","Medical Emergency","Others","2026/01/12 11:25:59 PM","Rahim Yar Khan"
"260635","Muhammad Zubair","DR-894","EMDS Call","Medical Emergency","Others","2026/01/12 11:29:25 PM","Rahim Yar Khan"
"260636","Farah Sadaqat","MR-5930","EMDS Call","Medical Emergency","Hypertension","2026/01/12 11:33:25 PM","Rahim Yar Khan"
"260637","Farah Sadaqat","MR-5930","EMDS Call","Medical Emergency","Abdominal Pain","2026/01/12 11:38:14 PM","Sadiqabad"
"260638","Farah Sadaqat","MR-5930","EMDS Call","Medical Emergency","Unconscious","2026/01/12 11:44:56 PM","Rahim Yar Khan"
"260639","Maheen Tahir","MR-6017","EMDS Call","Medical Emergency","Unconscious","2026/01/12 11:46:10 PM","Rahim Yar Khan"
"260640","Maheen Tahir","MR-6017","EMDS Call","Medical Emergency","Chest Pain","2026/01/12 11:52:32 PM","Rahim Yar Khan"
"260641","Farhad Iftikhar","DR-913","EMDS Call","Medical Emergency","Others","2026/01/13 12:01:46 AM","Rahim Yar Khan"
"260642","Faiz Muhyy Ul Din","DR-892","EMDS Call","Medical Emergency","High Fever","2026/01/13 12:06:43 AM","Rahim Yar Khan"
"260643","Faiz Muhyy Ul Din","DR-892","EMDS Call","Medical Emergency","Others","2026/01/13 12:18:25 AM","Rahim Yar Khan"
"260644","Shaheen Islam","DR-1171","EMDS Call","Medical Emergency","Domestic Injuries","2026/01/13 12:39:58 AM","Khanpur"
"260645","Faiz Muhyy Ul Din","DR-892","EMDS Call","Medical Emergency","Unconscious","2026/01/13 12:44:25 AM","Rahim Yar Khan"
"260647","Shaheen Islam","DR-1171","EMDS Call","Medical Emergency","Hypertension","2026/01/13 12:45:13 AM","Sadiqabad"
"260646","Farhad Iftikhar","DR-913","EMDS Call","Medical Emergency","Others","2026/01/13 12:48:15 AM","Rahim Yar Khan"
"260648","Shaheen Islam","DR-1171","EMDS Call","Rescue Operations","Delivery Case","2026/01/13 01:21:39 AM","Rahim Yar Khan"
"260649","Faiz Muhyy Ul Din","DR-892","EMDS Call","Medical Emergency","Others","2026/01/13 01:21:27 AM","Rahim Yar Khan"
"260650","Farhad Iftikhar","DR-913","EMDS Call","Medical Emergency","High Fever","2026/01/13 01:46:24 AM","Rahim Yar Khan"
"260651","Faiz Muhyy Ul Din","DR-892","EMDS Call","Medical Emergency","Others","2026/01/13 01:47:23 AM","Rahim Yar Khan"
"260652","Muhammad Zahid","DR-888","EMDS Call","Medical Emergency","Hypertension","2026/01/13 01:47:25 AM","Rahim Yar Khan"
"260653","Muhammad Zahid","DR-888","EMDS Call","Medical Emergency","Others","2026/01/13 01:58:09 AM","Sadiqabad"
"260654","Muhammad Zahid","DR-888","EMDS Call","Medical Emergency","Others","2026/01/13 02:07:20 AM","Sadiqabad"
"260655","Faiz Muhyy Ul Din","DR-892","EMDS Call","Medical Emergency","Others","2026/01/13 02:22:44 AM","Sadiqabad"
"260656","Faiz Muhyy Ul Din","DR-892","EMDS Call","Medical Emergency","Vomiting","2026/01/13 02:34:32 AM","Rahim Yar Khan"
"260657","Muhammad Zahid","DR-888","EMDS Call","Road Crash","Minor Injuries","2026/01/13 02:34:49 AM","Rahim Yar Khan"
"260658","Faiz Muhyy Ul Din","DR-892","EMDS Call","Medical Emergency","SOB/ Respiratory Distress","2026/01/13 02:49:20 AM","Rahim Yar Khan"
"260659","Faiz Muhyy Ul Din","DR-892","Direct Call","Rescue Operations","Mass Event Coverage","2026/01/13 02:59:07 AM","Rahim Yar Khan"
"260660","Farhad Iftikhar","DR-913","EMDS Call","Medical Emergency","Unconscious","2026/01/13 02:59:03 AM","Rahim Yar Khan"
"260661","Faiz Muhyy Ul Din","DR-892","EMDS Call","Medical Emergency","Chronic Illness","2026/01/13 03:02:12 AM","Rahim Yar Khan"
"260662","Muhammad Zahid","DR-888","EMDS Call","Medical Emergency","High Fever","2026/01/13 03:14:44 AM","Rahim Yar Khan"
"260663","Farah Sadaqat","MR-5930","EMDS Call","Medical Emergency","Others","2026/01/13 03:45:03 AM","Rahim Yar Khan"
"260664","Muhammad Zubair","DR-894","EMDS Call","Medical Emergency","Others","2026/01/13 03:48:00 AM","Rahim Yar Khan"
"75383","Maheen Tahir","MR-6017","Direct Call","Patient Transfer Service","N/A","2026/01/13 04:11:51 AM","Sadiqabad"
"260665","Maheen Tahir","MR-6017","EMDS Call","Medical Emergency","Others","2026/01/13 04:13:21 AM","Sadiqabad"
"260666","Farah Sadaqat","MR-5930","EMDS Call","Rescue Operations","Delivery Case","2026/01/13 05:03:09 AM","Khanpur"
"260667","Farah Sadaqat","MR-5930","EMDS Call","Medical Emergency","High Fever","2026/01/13 05:12:53 AM","Khanpur"
"260668","Maheen Tahir","MR-6017","EMDS Call","Medical Emergency","Vomiting","2026/01/13 05:56:09 AM","Rahim Yar Khan"
"260669","Farah Sadaqat","MR-5930","EMDS Call","Medical Emergency","Others","2026/01/13 06:03:12 AM","Liaqatpur"
"75384","Farah Sadaqat","MR-5930","Direct Call","Patient Transfer Service","N/A","2026/01/13 06:42:22 AM","Sadiqabad"
"75385","Farah Sadaqat","MR-5930","Direct Call","Patient Transfer Service","N/A","2026/01/13 06:47:53 AM","Sadiqabad"
"260670","Maheen Tahir","MR-6017","EMDS Call","Medical Emergency","Chest Pain","2026/01/13 06:53:06 AM","Rahim Yar Khan"
"260671","Farah Sadaqat","MR-5930","EMDS Call","Medical Emergency","Unconscious","2026/01/13 06:57:26 AM","Liaqatpur"
"260672","Farah Sadaqat","MR-5930","EMDS Call","Medical Emergency","Unconscious","2026/01/13 07:05:27 AM","Khanpur"
"260673","Muhammad Zubair","DR-894","EMDS Call","Medical Emergency","SOB/ Respiratory Distress","2026/01/13 07:16:11 AM","Rahim Yar Khan"
"260674","Maheen Tahir","MR-6017","EMDS Call","Medical Emergency","Abdominal Pain","2026/01/13 07:29:56 AM","Rahim Yar Khan"
"260675","Muhammad Zubair","DR-894","EMDS Call","Medical Emergency","Unconscious","2026/01/13 07:38:25 AM","Rahim Yar Khan"
"260676","Muhammad Zubair","DR-894","Direct Call","Rescue Operations","Mass Event Coverage","2026/01/13 07:43:27 AM","Rahim Yar Khan"
"260677","Maheen Tahir","MR-6017","EMDS Call","Medical Emergency","Vomiting","2026/01/13 07:48:55 AM","Rahim Yar Khan"
"260678","Muhammad Rashid Saleem","DR-187","Direct Call","Rescue Operations","Mass Event Coverage","2026/01/13 08:01:45 AM","Rahim Yar Khan"
"260679","Zupasha Zia","MR-5758","EMDS Call","Medical Emergency","Diarrhea","2026/01/13 08:09:24 AM","Rahim Yar Khan"
"260680","Muhammad Rashid Saleem","DR-187","EMDS Call","Rescue Operations","Snake Emergency","2026/01/13 08:23:03 AM","Khanpur"
"260681","Zupasha Zia","MR-5758","EMDS Call","Road Crash","Minor Injuries","2026/01/13 08:28:38 AM","Rahim Yar Khan"
"260682","Zupasha Zia","MR-5758","EMDS Call","Medical Emergency","Others","2026/01/13 08:40:36 AM","Rahim Yar Khan"
"260683","Zia ul Haq","DR-328","EMDS Call","Medical Emergency","High Fever","2026/01/13 08:42:05 AM","Sadiqabad"
"260684","Muhammad Rashid Saleem","DR-187","EMDS Call","Medical Emergency","Chest Pain","2026/01/13 08:51:34 AM","Rahim Yar Khan"
"260685","Muhammad Abid","DR-874","EMDS Call","Medical Emergency","Vomiting","2026/01/13 08:56:45 AM","Khanpur"
"260686","Shahid Jamil","DR-184","EMDS Call","Medical Emergency","Others","2026/01/13 09:02:43 AM","Sadiqabad"
"260687","Muhammad Rashid Saleem","DR-187","EMDS Call","Medical Emergency","Others","2026/01/13 09:14:37 AM","Rahim Yar Khan"
"260688","Mureed Abbas","DR-900","EMDS Call","Medical Emergency","SOB/ Respiratory Distress","2026/01/13 09:27:32 AM","Khanpur"
"260689","Mureed Abbas","DR-900","EMDS Call","Medical Emergency","SOB/ Respiratory Distress","2026/01/13 09:38:23 AM","Khanpur"
"260691","Mureed Abbas","DR-900","EMDS Call","Road Crash","Multiple Fractures","2026/01/13 09:47:40 AM","Khanpur"
"260690","Muhammad Rashid Saleem","DR-187","EMDS Call","Medical Emergency","Others","2026/01/13 09:47:44 AM","Liaqatpur"
"Not Assigned","Muhammad Rashid Saleem","DR-187","Direct Call","Community","Community Training","2026/01/13 09:49:16 AM","Khanpur"
"260692","Mureed Abbas","DR-900","EMDS Call","Medical Emergency","Others","2026/01/13 09:50:46 AM","Rahim Yar Khan"
"260693","Mureed Abbas","DR-900","EMDS Call","Medical Emergency","Diabetic","2026/01/13 09:54:55 AM","Rahim Yar Khan"
"260694","Muhammad Arshad","DR-198","EMDS Call","Medical Emergency","Unconscious","2026/01/13 09:54:39 AM","Sadiqabad"
"260695","Shahid Jamil","DR-184","EMDS Call","Medical Emergency","SOB/ Respiratory Distress","2026/01/13 10:01:55 AM","Khanpur"
"260696","Muhammad Arshad","DR-198","EMDS Call","Medical Emergency","Others","2026/01/13 10:02:21 AM","Sadiqabad"
"260697","Muhammad Rashid Saleem","DR-187","EMDS Call","Medical Emergency","Others","2026/01/13 10:16:05 AM","Rahim Yar Khan"
"260698","Muhammad Arshad","DR-198","EMDS Call","Medical Emergency","Unconscious","2026/01/13 10:48:20 AM","Sadiqabad"
"260699","Mureed Abbas","DR-900","EMDS Call","Medical Emergency","High Fever","2026/01/13 10:51:20 AM","Liaqatpur"
"260700","Mureed Abbas","DR-900","EMDS Call","Medical Emergency","Others","2026/01/13 11:01:48 AM","Sadiqabad"
"260701","Muhammad Rashid Saleem","DR-187","EMDS Call","Medical Emergency","Others","2026/01/13 11:14:53 AM","Rahim Yar Khan"
"75386","Mureed Abbas","DR-900","Direct Call","Patient Transfer Service","N/A","2026/01/13 11:16:40 AM","Rahim Yar Khan"
"260703","Muhammad AAmar","DR-915","EMDS Call","Medical Emergency","CVA/Stroke","2026/01/13 11:22:56 AM","Rahim Yar Khan"
"260702","Mureed Abbas","DR-900","EMDS Call","Medical Emergency","Hypotension","2026/01/13 11:22:54 AM","Rahim Yar Khan"
"260704","Mureed Abbas","DR-900","EMDS Call","Road Crash","Bleeding","2026/01/13 11:26:31 AM","Rahim Yar Khan"
"260705","Muhammad Saeed","DR-190","EMDS Call","Road Crash","Minor Injuries","2026/01/13 11:27:08 AM","Sadiqabad"
"75387","Muhammad Rashid Saleem","DR-187","Direct Call","Patient Transfer Service","N/A","2026/01/13 11:37:21 AM","Khanpur"
"75388","Muhammad Rashid Saleem","DR-187","Direct Call","Patient Transfer Service","N/A","2026/01/13 11:39:44 AM","Khanpur"
"260706","Mureed Abbas","DR-900","EMDS Call","Fire","Gas Leakage","2026/01/13 11:42:58 AM","Khanpur"
"260708","Mureed Abbas","DR-900","EMDS Call","Medical Emergency","SOB/ Respiratory Distress","2026/01/13 11:51:18 AM","Sadiqabad"
"260707","Muhammad Rashid Saleem","DR-187","EMDS Call","Road Crash","Minor Injuries","2026/01/13 11:52:33 AM","Rahim Yar Khan"
"260709","Mureed Abbas","DR-900","EMDS Call","Medical Emergency","Others","2026/01/13 11:54:38 AM","Khanpur"
"75389","Mureed Abbas","DR-900","Direct Call","Patient Transfer Service","N/A","2026/01/13 11:58:18 AM","Khanpur"
"260710","Aasia Batool","MR-5198","EMDS Call","Medical Emergency","SOB/ Respiratory Distress","2026/01/13 11:58:16 AM","Sadiqabad"
"75390","Mureed Abbas","DR-900","Direct Call","Patient Transfer Service","N/A","2026/01/13 12:01:04 PM","Sadiqabad"
"260711","Muhammad Rashid Saleem","DR-187","EMDS Call","Medical Emergency","Abdominal Pain","2026/01/13 12:06:10 PM","Rahim Yar Khan"
"260712","Aasia Batool","MR-5198","EMDS Call","Medical Emergency","SOB/ Respiratory Distress","2026/01/13 12:05:41 PM","Khanpur"
"75391","Muhammad Rashid Saleem","DR-187","Direct Call","Patient Transfer Service","N/A","2026/01/13 12:13:01 PM","Sadiqabad"
"260713","Mureed Abbas","DR-900","EMDS Call","Medical Emergency","Hypertension","2026/01/13 12:19:25 PM","Khanpur"
"260715","Muhammad Rashid Saleem","DR-187","EMDS Call","Medical Emergency","Others","2026/01/13 12:22:38 PM","Liaqatpur"
"260714","Aasia Batool","MR-5198","EMDS Call","Medical Emergency","Domestic Injuries","2026/01/13 12:23:06 PM","Sadiqabad"
"260716","Muhammad Rashid Saleem","DR-187","EMDS Call","Medical Emergency","Others","2026/01/13 12:27:58 PM","Liaqatpur"
"260717","Mureed Abbas","DR-900","EMDS Call","Fire","Others","2026/01/13 12:30:54 PM","Khanpur"
"260718","Aasia Batool","MR-5198","EMDS Call","Medical Emergency","Others","2026/01/13 12:33:50 PM","Liaqatpur"
"260719","Aasia Batool","MR-5198","EMDS Call","Medical Emergency","High Fever","2026/01/13 12:43:31 PM","Liaqatpur"
"260720","Muhammad Rashid Saleem","DR-187","EMDS Call","Fall","Fall From Stairs","2026/01/13 12:46:57 PM","Rahim Yar Khan"
"260721","Zia ul Haq","DR-328","EMDS Call","Medical Emergency","Chronic Illness","2026/01/13 12:52:20 PM","Khanpur"
"260722","Muhammad Saeed","DR-190","EMDS Call","Medical Emergency","Vomiting","2026/01/13 01:00:47 PM","Liaqatpur"
"260723","Aasia Batool","MR-5198","EMDS Call","Medical Emergency","Unconscious","2026/01/13 01:10:00 PM","Rahim Yar Khan"
"260724","Muhammad Saeed","DR-190","EMDS Call","Medical Emergency","Chronic Illness","2026/01/13 01:11:30 PM","Khanpur"
"260725","Muhammad Saeed","DR-190","EMDS Call","Medical Emergency","Others","2026/01/13 01:19:02 PM","Rahim Yar Khan"
"260726","Aasia Batool","MR-5198","EMDS Call","Medical Emergency","Epilepsy","2026/01/13 01:23:02 PM","Rahim Yar Khan"
"260727","Zia ul Haq","DR-328","EMDS Call","Medical Emergency","Vomiting","2026/01/13 01:23:11 PM","Rahim Yar Khan"
"260728","Muhammad Saeed","DR-190","EMDS Call","Medical Emergency","Chest Pain","2026/01/13 01:26:46 PM","Rahim Yar Khan"
"260730","Nida Rahat","DR-1322","EMDS Call","Medical Emergency","Others","2026/01/13 01:26:50 PM","Rahim Yar Khan"
"260729","Aasia Batool","MR-5198","EMDS Call","Road Crash","Multiple Fractures","2026/01/13 01:27:22 PM","Rahim Yar Khan"
"260731","Zia ul Haq","DR-328","EMDS Call","Medical Emergency","Hypertension","2026/01/13 01:28:32 PM","Rahim Yar Khan"
"260733","Muhammad Saeed","DR-190","EMDS Call","Road Crash","Bleeding","2026/01/13 01:28:58 PM","Sadiqabad"
"260732","Mureed Abbas","DR-900","EMDS Call","Medical Emergency","SOB/ Respiratory Distress","2026/01/13 01:26:53 PM","Khanpur"
"260735","Nida Rahat","DR-1322","EMDS Call","Medical Emergency","Others","2026/01/13 01:30:17 PM","Sadiqabad"
"260734","Mureed Abbas","DR-900","EMDS Call","Road Crash","Bleeding","2026/01/13 01:31:16 PM","Sadiqabad"
"75392","Nida Rahat","DR-1322","Direct Call","Patient Transfer Service","N/A","2026/01/13 01:33:43 PM","Sadiqabad"
"260736","Nida Rahat","DR-1322","EMDS Call","Fall","Fall From Roof","2026/01/13 01:37:32 PM","Rahim Yar Khan"
"260737","Zia ul Haq","DR-328","EMDS Call","Road Crash","Multiple Fractures","2026/01/13 01:42:52 PM","Rahim Yar Khan"
"260738","Zia ul Haq","DR-328","EMDS Call","Medical Emergency","Domestic Injuries","2026/01/13 01:48:08 PM","Rahim Yar Khan"
"260739","Mureed Abbas","DR-900","EMDS Call","Medical Emergency","Unconscious","2026/01/13 01:59:46 PM","Sadiqabad"
"260740","Muhammad Rashid Saleem","DR-187","EMDS Call","Medical Emergency","SOB/ Respiratory Distress","2026/01/13 02:03:38 PM","Rahim Yar Khan"
"75393","Mureed Abbas","DR-900","Direct Call","Patient Transfer Service","N/A","2026/01/13 02:15:40 PM","Liaqatpur"
"260741","Bushra Saleem","MR-5701","EMDS Call","Medical Emergency","SOB/ Respiratory Distress","2026/01/13 02:16:54 PM","Rahim Yar Khan"
"260742","Muhammad Riaz","DR-654","EMDS Call","Medical Emergency","Unconscious","2026/01/13 02:20:19 PM","Sadiqabad"
"260743","Muhammad Riaz","DR-654","EMDS Call","Medical Emergency","Others","2026/01/13 02:22:45 PM","Rahim Yar Khan"
"260744","Shahla Nawaz","DR-185","EMDS Call","Medical Emergency","Chest Pain","2026/01/13 02:22:48 PM","Sadiqabad"
"Not Assigned","Muhammad Riaz","DR-654","Direct Call","Community","Community Training","2026/01/13 02:25:47 PM","Rahim Yar Khan"
"260745","Mureed Abbas","DR-900","Direct Call","Medical Emergency","Vomiting","2026/01/13 02:37:16 PM","Rahim Yar Khan"
"260746","Shahla Nawaz","DR-185","EMDS Call","Medical Emergency","Diabetic","2026/01/13 02:40:49 PM","Khanpur"
"260747","Bushra Saleem","MR-5701","EMDS Call","Medical Emergency","Unconscious","2026/01/13 02:41:32 PM","Sadiqabad"
"75394","Bushra Saleem","MR-5701","Direct Call","Patient Transfer Service","N/A","2026/01/13 02:44:57 PM","Sadiqabad"
"260749","Mureed Abbas","DR-900","Direct Call","Medical Emergency","Hypertension","2026/01/13 02:47:41 PM","Rahim Yar Khan"
"260748","Bushra Saleem","MR-5701","EMDS Call","Fire","Carelessness/Smoking","2026/01/13 02:46:57 PM","Rahim Yar Khan"
"260750","Bushra Saleem","MR-5701","EMDS Call","Road Crash","Minor Injuries","2026/01/13 02:52:19 PM","Liaqatpur"
"260751","Shahla Nawaz","DR-185","EMDS Call","Medical Emergency","Hypertension","2026/01/13 02:54:09 PM","Rahim Yar Khan"
"75395","Bushra Saleem","MR-5701","Direct Call","Patient Transfer Service","N/A","2026/01/13 02:59:21 PM","Sadiqabad"
"260752","Shahla Nawaz","DR-185","EMDS Call","Medical Emergency","Abdominal Pain","2026/01/13 02:59:00 PM","Khanpur"
"75396","Bushra Saleem","MR-5701","Direct Call","Patient Transfer Service","N/A","2026/01/13 03:00:08 PM","Khanpur"
"260754","Adil Iqbal","DR-782","EMDS Call","Medical Emergency","Unconscious","2026/01/13 03:01:38 PM","Rahim Yar Khan"
"260753","Bushra Saleem","MR-5701","EMDS Call","Medical Emergency","Hypertension","2026/01/13 03:02:36 PM","Rahim Yar Khan"
"260755","Sheeza Barkat","MR-5331","EMDS Call","Road Crash","Bleeding","2026/01/13 03:16:32 PM","Sadiqabad"
"260756","Sheeza Barkat","MR-5331","EMDS Call","Medical Emergency","Unconscious","2026/01/13 03:20:54 PM","Rahim Yar Khan"
"260757","Sheeza Barkat","MR-5331","EMDS Call","Road Crash","Bleeding","2026/01/13 03:25:51 PM","Khanpur"
"260758","Bushra Saleem","MR-5701","EMDS Call","Medical Emergency","Others","2026/01/13 03:31:11 PM","Rahim Yar Khan"
"260759","Shahla Nawaz","DR-185","EMDS Call","Medical Emergency","Others","2026/01/13 03:34:33 PM","Rahim Yar Khan"
"75397","Bushra Saleem","MR-5701","Direct Call","Patient Transfer Service","N/A","2026/01/13 03:36:18 PM","Sadiqabad"
"260760","Adil Iqbal","DR-782","EMDS Call","Medical Emergency","Others","2026/01/13 03:38:18 PM","Sadiqabad"
"260761","Bushra Saleem","MR-5701","EMDS Call","Medical Emergency","Abdominal Pain","2026/01/13 03:48:57 PM","Khanpur"
"260762","Adil Iqbal","DR-782","EMDS Call","Road Crash","Bleeding","2026/01/13 03:49:41 PM","Rahim Yar Khan"
"260763","Sheeza Barkat","MR-5331","EMDS Call","Medical Emergency","Domestic Injuries","2026/01/13 03:50:00 PM","Sadiqabad"
"260764","Bushra Saleem","MR-5701","EMDS Call","Medical Emergency","Abdominal Pain","2026/01/13 03:58:12 PM","Khanpur"
"260765","Adil Iqbal","DR-782","EMDS Call","Medical Emergency","SOB/ Respiratory Distress","2026/01/13 04:02:38 PM","Khanpur"
"260766","Sheeza Barkat","MR-5331","EMDS Call","Rescue Operations","Delivery Case","2026/01/13 04:09:04 PM","Rahim Yar Khan"
"Not Assigned","Adil Iqbal","DR-782","EMDS Call","Road Crash","Bleeding","2026/01/13 04:19:45 PM","Liaqatpur"
"260767","Bushra Saleem","MR-5701","EMDS Call","Medical Emergency","Others","2026/01/13 04:27:08 PM","Rahim Yar Khan"
"260768","Sheeza Barkat","MR-5331","EMDS Call","Medical Emergency","Others","2026/01/13 04:27:23 PM","Sadiqabad"
"260769","Bushra Saleem","MR-5701","EMDS Call","Medical Emergency","SOB/ Respiratory Distress","2026/01/13 04:30:19 PM","Liaqatpur"
"260770","Sheeza Barkat","MR-5331","EMDS Call","Medical Emergency","Hypertension","2026/01/13 04:38:09 PM","Rahim Yar Khan"
"260771","Sheeza Barkat","MR-5331","EMDS Call","Medical Emergency","SOB/ Respiratory Distress","2026/01/13 04:42:43 PM","Rahim Yar Khan"
"260772","Bushra Saleem","MR-5701","EMDS Call","Medical Emergency","SOB/ Respiratory Distress","2026/01/13 04:48:11 PM","Sadiqabad"
"260773","Shahla Nawaz","DR-185","EMDS Call","Medical Emergency","SOB/ Respiratory Distress","2026/01/13 04:53:07 PM","Rahim Yar Khan"
"260774","Adil Iqbal","DR-782","EMDS Call","Road Crash","Severe Trauma","2026/01/13 04:55:57 PM","Khanpur"
"260775","Bushra Saleem","MR-5701","Direct Call","Medical Emergency","Others","2026/01/13 05:03:57 PM","Rahim Yar Khan"
"260776","Bushra Saleem","MR-5701","EMDS Call","Road Crash","Minor Injuries","2026/01/13 05:12:27 PM","Rahim Yar Khan"
"260777","Adil Iqbal","DR-782","EMDS Call","Medical Emergency","Chest Pain","2026/01/13 05:12:57 PM","Khanpur"
"260778","Adil Iqbal","DR-782","EMDS Call","Medical Emergency","High Fever","2026/01/13 05:14:41 PM","Liaqatpur"
"260779","Shahla Nawaz","DR-185","EMDS Call","Medical Emergency","CVA/Stroke","2026/01/13 05:22:21 PM","Rahim Yar Khan"
"260780","Sheeza Barkat","MR-5331","EMDS Call","Rescue Operations","Electric Shock","2026/01/13 05:28:04 PM","Sadiqabad"
"260781","Sheeza Barkat","MR-5331","EMDS Call","Medical Emergency","Others","2026/01/13 05:34:27 PM","Sadiqabad"
"260782","Adil Iqbal","DR-782","EMDS Call","Medical Emergency","Abdominal Pain","2026/01/13 05:45:18 PM","Sadiqabad"
"260783","Bushra Saleem","MR-5701","EMDS Call","Medical Emergency","Diabetic","2026/01/13 05:54:51 PM","Rahim Yar Khan"
"260784","Sheeza Barkat","MR-5331","EMDS Call","Medical Emergency","Vomiting","2026/01/13 05:54:47 PM","Sadiqabad"
"260785","Shahla Nawaz","DR-185","EMDS Call","Medical Emergency","SOB/ Respiratory Distress","2026/01/13 05:51:37 PM","Khanpur"
"260786","Sheeza Barkat","MR-5331","EMDS Call","Medical Emergency","Others","2026/01/13 06:02:50 PM","Rahim Yar Khan"
"260787","Bushra Saleem","MR-5701","EMDS Call","Rescue Operations","Delivery Case","2026/01/13 06:08:55 PM","Rahim Yar Khan"
"75398","Bushra Saleem","MR-5701","Direct Call","Patient Transfer Service","N/A","2026/01/13 06:10:58 PM","Khanpur"
"260788","Shahla Nawaz","DR-185","EMDS Call","Medical Emergency","Abdominal Pain","2026/01/13 06:12:39 PM","Liaqatpur"
"75399","Bushra Saleem","MR-5701","Direct Call","Patient Transfer Service","N/A","2026/01/13 06:28:14 PM","Sadiqabad"
"260790","Adil Iqbal","DR-782","EMDS Call","Medical Emergency","Unconscious","2026/01/13 06:25:48 PM","Sadiqabad"
"260789","Shahla Nawaz","DR-185","EMDS Call","Medical Emergency","Unconscious","2026/01/13 06:26:15 PM","Khanpur"
"260792","Bushra Saleem","MR-5701","EMDS Call","Medical Emergency","Others","2026/01/13 06:31:15 PM","Rahim Yar Khan"
"260791","Sheeza Barkat","MR-5331","EMDS Call","Road Crash","Bleeding","2026/01/13 06:37:54 PM","Sadiqabad"
"260793","Sheeza Barkat","MR-5331","Direct Call","Medical Emergency","High Fever","2026/01/13 06:41:09 PM","Rahim Yar Khan"
"75400","Bushra Saleem","MR-5701","Direct Call","Patient Transfer Service","N/A","2026/01/13 06:42:31 PM","Sadiqabad"
"260795","Sheeza Barkat","MR-5331","EMDS Call","Road Crash","Bleeding","2026/01/13 06:41:52 PM","Khanpur"
"260794","Bushra Saleem","MR-5701","EMDS Call","Road Crash","Minor Injuries","2026/01/13 06:45:39 PM","Rahim Yar Khan"
"260796","Shahla Nawaz","DR-185","EMDS Call","Medical Emergency","Others","2026/01/13 06:55:07 PM","Sadiqabad"
"260797","Shahla Nawaz","DR-185","EMDS Call","Medical Emergency","High Fever","2026/01/13 07:10:04 PM","Liaqatpur"
"260798","Muhammad Riaz","DR-654","EMDS Call","Medical Emergency","Unconscious","2026/01/13 07:15:55 PM","Rahim Yar Khan"
"260799","Bushra Saleem","MR-5701","EMDS Call","Medical Emergency","Abdominal Pain","2026/01/13 07:17:30 PM","Rahim Yar Khan"
"260800","Muhammad Riaz","DR-654","EMDS Call","Road Crash","Minor Injuries","2026/01/13 07:24:06 PM","Sadiqabad"
"260801","Muhammad Riaz","DR-654","EMDS Call","Medical Emergency","Others","2026/01/13 07:26:38 PM","Rahim Yar Khan"
"260802","Muhammad Riaz","DR-654","EMDS Call","Fire","Others","2026/01/13 07:35:35 PM","Rahim Yar Khan"
"260803","Muhammad Riaz","DR-654","EMDS Call","Medical Emergency","High Fever","2026/01/13 07:38:55 PM","Rahim Yar Khan"
"260804","Bushra Saleem","MR-5701","EMDS Call","Medical Emergency","Others","2026/01/13 07:42:20 PM","Liaqatpur"
"260805","Bushra Saleem","MR-5701","EMDS Call","Road Crash","Minor Injuries","2026/01/13 07:55:37 PM","Rahim Yar Khan"
"260806","Adil Iqbal","DR-782","EMDS Call","Medical Emergency","Abdominal Pain","2026/01/13 07:55:46 PM","Rahim Yar Khan"
"260807","Shahla Nawaz","DR-185","EMDS Call","Road Crash","Bleeding","2026/01/13 08:11:19 PM","Rahim Yar Khan"
"260808","Shahla Nawaz","DR-185","EMDS Call","Medical Emergency","High Fever","2026/01/13 08:16:31 PM","Sadiqabad"
"260809","Sheeza Barkat","MR-5331","EMDS Call","Road Crash","Bleeding","2026/01/13 08:21:49 PM","Rahim Yar Khan"
"260810","Sheeza Barkat","MR-5331","EMDS Call","Medical Emergency","Abdominal Pain","2026/01/13 08:33:44 PM","Rahim Yar Khan"
"260811","Bushra Saleem","MR-5701","EMDS Call","Medical Emergency","SOB/ Respiratory Distress","2026/01/13 08:36:05 PM","Khanpur"
"260812","Muhammad Zahid","DR-888","EMDS Call","Medical Emergency","SOB/ Respiratory Distress","2026/01/13 08:52:59 PM","Rahim Yar Khan"
"260813","Muhammad Zahid","DR-888","EMDS Call","Fire","Others","2026/01/13 08:59:18 PM","Rahim Yar Khan"
"260814","Faiz Muhyy Ul Din","DR-892","EMDS Call","Medical Emergency","Others","2026/01/13 09:04:27 PM","Rahim Yar Khan"
"260815","Muhammad Zubair","DR-894","EMDS Call","Medical Emergency","Others","2026/01/13 09:12:37 PM","Rahim Yar Khan"
"75401","Muhammad Zubair","DR-894","Direct Call","Patient Transfer Service","N/A","2026/01/13 09:22:16 PM","Khanpur"
"260816","Maheen Tahir","MR-6017","EMDS Call","Medical Emergency","Abdominal Pain","2026/01/13 09:24:50 PM","Sadiqabad"
"260817","Sajid Mehmood","DR-914","EMDS Call","Medical Emergency","Chest Pain","2026/01/13 09:37:19 PM","Khanpur"
"260818","Faiz Muhyy Ul Din","DR-892","EMDS Call","Fire","Others","2026/01/13 09:39:12 PM","Rahim Yar Khan"
"75402","Muhammad Zubair","DR-894","Direct Call","Patient Transfer Service","N/A","2026/01/13 09:43:17 PM","Khanpur"
"260819","Sajid Mehmood","DR-914","EMDS Call","Rescue Operations","Delivery Case","2026/01/13 09:43:04 PM","Rahim Yar Khan"
"260821","Muhammad Zubair","DR-894","EMDS Call","Medical Emergency","Joints Pain","2026/01/13 09:44:57 PM","Sadiqabad"
"260820","Faiz Muhyy Ul Din","DR-892","EMDS Call","Medical Emergency","Domestic Injuries","2026/01/13 09:44:18 PM","Sadiqabad"
"Not Assigned","Maheen Tahir","MR-6017","EMDS Call","Patient Transfer Service","N/A","2026/01/13 09:48:20 PM","Rahim Yar Khan"
"Not Assigned","Sajid Mehmood","DR-914","EMDS Call","Road Crash","Bleeding","2026/01/13 09:50:25 PM","Sadiqabad"
"260823","Faiz Muhyy Ul Din","DR-892","EMDS Call","Medical Emergency","Diarrhea","2026/01/13 09:59:37 PM","Rahim Yar Khan"
"260824","Faiz Muhyy Ul Din","DR-892","EMDS Call","Rescue Operations","Animal/Bird Rescue","2026/01/13 10:05:02 PM","Khanpur"
"75404","Muhammad Zubair","DR-894","Direct Call","Patient Transfer Service","N/A","2026/01/13 10:11:31 PM","Liaqatpur"
"260825","Sajid Mehmood","DR-914","EMDS Call","Medical Emergency","Epilepsy","2026/01/13 10:16:06 PM","Rahim Yar Khan"
"260826","Muhammad Zubair","DR-894","EMDS Call","Road Crash","Bleeding","2026/01/13 10:14:50 PM","Khanpur"
"75405","Maheen Tahir","MR-6017","Direct Call","Patient Transfer Service","N/A","2026/01/13 10:18:35 PM","Liaqatpur"
"260827","Maheen Tahir","MR-6017","EMDS Call","Fire","Others","2026/01/13 10:21:13 PM","Khanpur"
"260828","Maheen Tahir","MR-6017","EMDS Call","Medical Emergency","Hypertension","2026/01/13 10:26:24 PM","Rahim Yar Khan"
"75406","Muhammad Zubair","DR-894","Direct Call","Patient Transfer Service","N/A","2026/01/13 10:29:27 PM","Sadiqabad"
"260829","Maheen Tahir","MR-6017","EMDS Call","Medical Emergency","Chest Pain","2026/01/13 10:38:20 PM","Khanpur"
"260830","Sajid Mehmood","DR-914","EMDS Call","Medical Emergency","SOB/ Respiratory Distress","2026/01/13 10:40:38 PM","Sadiqabad"
"260831","Maheen Tahir","MR-6017","EMDS Call","Medical Emergency","Chest Pain","2026/01/13 10:42:27 PM","Liaqatpur"
"260832","Maheen Tahir","MR-6017","EMDS Call","Medical Emergency","Others","2026/01/13 10:49:33 PM","Sadiqabad"
"260833","Maheen Tahir","MR-6017","EMDS Call","Medical Emergency","Hypertension","2026/01/13 10:55:14 PM","Rahim Yar Khan"
"260834","Maheen Tahir","MR-6017","EMDS Call","Medical Emergency","SOB/ Respiratory Distress","2026/01/13 11:01:51 PM","Khanpur"
"75407","Sajid Mehmood","DR-914","Direct Call","Patient Transfer Service","N/A","2026/01/13 11:02:45 PM","Sadiqabad"
"260835","Maheen Tahir","MR-6017","EMDS Call","Crime","Probable Suicide","2026/01/13 11:03:43 PM","Rahim Yar Khan"
"260836","Shaheen Islam","DR-1171","EMDS Call","Medical Emergency","Others","2026/01/13 11:09:02 PM","Sadiqabad"
"260838","Maheen Tahir","MR-6017","EMDS Call","Medical Emergency","Hypertension","2026/01/13 11:13:35 PM","Rahim Yar Khan"
"260837","Sajid Mehmood","DR-914","EMDS Call","Medical Emergency","SOB/ Respiratory Distress","2026/01/13 11:13:36 PM","Sadiqabad"
"260839","Sajid Mehmood","DR-914","EMDS Call","Medical Emergency","Abdominal Pain","2026/01/13 11:16:37 PM","Rahim Yar Khan"
"260840","Maheen Tahir","MR-6017","EMDS Call","Medical Emergency","SOB/ Respiratory Distress","2026/01/13 11:18:13 PM","Khanpur"
"260841","Sajid Mehmood","DR-914","EMDS Call","Medical Emergency","Hypertension","2026/01/13 11:25:06 PM","Rahim Yar Khan"
"260842","Sajid Mehmood","DR-914","EMDS Call","Medical Emergency","Domestic Injuries","2026/01/13 11:28:54 PM","Sadiqabad"
"260843","Sajid Mehmood","DR-914","EMDS Call","Medical Emergency","Chest Pain","2026/01/13 11:35:54 PM","Khanpur"
"260844","Maheen Tahir","MR-6017","EMDS Call","Medical Emergency","Chest Pain","2026/01/13 11:39:39 PM","Rahim Yar Khan"
"260845","Maheen Tahir","MR-6017","EMDS Call","Medical Emergency","Vomiting","2026/01/13 11:47:49 PM","Rahim Yar Khan"
"260846","Maheen Tahir","MR-6017","EMDS Call","Medical Emergency","Hypertension","2026/01/14 12:10:03 AM","Rahim Yar Khan"
"260847","Sajid Mehmood","DR-914","EMDS Call","Medical Emergency","SOB/ Respiratory Distress","2026/01/14 12:12:53 AM","Sadiqabad"
"260848","Shaheen Islam","DR-1171","EMDS Call","Medical Emergency","Others","2026/01/14 12:24:53 AM","Sadiqabad"
"260849","Sajid Mehmood","DR-914","EMDS Call","Medical Emergency","Others","2026/01/14 12:36:12 AM","Rahim Yar Khan"
"75408","Muhammad Zahid","DR-888","Direct Call","Patient Transfer Service","N/A","2026/01/14 12:41:28 AM","Sadiqabad"
"260850","Muhammad Zahid","DR-888","EMDS Call","Medical Emergency","Abdominal Pain","2026/01/14 12:42:39 AM","Rahim Yar Khan"
"260851","Sajid Mehmood","DR-914","EMDS Call","Medical Emergency","Diabetic","2026/01/14 12:51:03 AM","Rahim Yar Khan"
"260852","Shaheen Islam","DR-1171","EMDS Call","Medical Emergency","Vomiting","2026/01/14 12:54:19 AM","Rahim Yar Khan"
"260853","Muhammad Zahid","DR-888","EMDS Call","Medical Emergency","Vomiting","2026/01/14 01:00:03 AM","Rahim Yar Khan"
"260854","Muhammad Zahid","DR-888","EMDS Call","Medical Emergency","Chronic Illness","2026/01/14 01:11:36 AM","Liaqatpur"
"260855","Sajid Mehmood","DR-914","EMDS Call","Medical Emergency","Joints Pain","2026/01/14 01:16:49 AM","Rahim Yar Khan"
"260856","Muhammad Zahid","DR-888","EMDS Call","Crime","Probable Suicide","2026/01/14 01:18:44 AM","Khanpur"
"260857","Sajid Mehmood","DR-914","EMDS Call","Rescue Operations","Delivery Case","2026/01/14 01:23:20 AM","Sadiqabad"
"75409","Maheen Tahir","MR-6017","Direct Call","Patient Transfer Service","N/A","2026/01/14 01:41:42 AM","Rahim Yar Khan"
"260858","Muhammad Zahid","DR-888","EMDS Call","Medical Emergency","Hypertension","2026/01/14 01:40:34 AM","Rahim Yar Khan"
"260859","Maheen Tahir","MR-6017","EMDS Call","Medical Emergency","Vomiting","2026/01/14 01:45:28 AM","Khanpur"
"260860","Shaheen Islam","DR-1171","EMDS Call","Medical Emergency","Chronic Illness","2026/01/14 02:05:02 AM","Rahim Yar Khan"
"260861","Muhammad Zahid","DR-888","EMDS Call","Rescue Operations","Delivery Case","2026/01/14 02:14:58 AM","Khanpur"
"260862","Maheen Tahir","MR-6017","EMDS Call","Medical Emergency","Vomiting","2026/01/14 02:17:06 AM","Sadiqabad"
"260863","Sajid Mehmood","DR-914","EMDS Call","Medical Emergency","Joints Pain","2026/01/14 02:19:42 AM","Rahim Yar Khan"
"260864","Shaheen Islam","DR-1171","EMDS Call","Medical Emergency","Abdominal Pain","2026/01/14 02:37:31 AM","Khanpur"
"260865","Muhammad Zahid","DR-888","EMDS Call","Medical Emergency","Chronic Illness","2026/01/14 02:39:24 AM","Khanpur"
"260866","Maheen Tahir","MR-6017","EMDS Call","Medical Emergency","Vomiting","2026/01/14 02:44:51 AM","Rahim Yar Khan"
"260867","Farah Sadaqat","MR-5930","EMDS Call","Medical Emergency","SOB/ Respiratory Distress","2026/01/14 03:47:47 AM","Rahim Yar Khan"
"260868","Faiz Muhyy Ul Din","DR-892","EMDS Call","Medical Emergency","Others","2026/01/14 03:48:05 AM","Rahim Yar Khan"
"260869","Muhammad Zubair","DR-894","EMDS Call","Medical Emergency","High Fever","2026/01/14 04:57:03 AM","Khanpur"
"260870","Farah Sadaqat","MR-5930","EMDS Call","Medical Emergency","SOB/ Respiratory Distress","2026/01/14 05:03:26 AM","Rahim Yar Khan"
"260871","Faiz Muhyy Ul Din","DR-892","EMDS Call","Medical Emergency","High Fever","2026/01/14 05:15:51 AM","Rahim Yar Khan"
"260872","Muhammad Zubair","DR-894","EMDS Call","Medical Emergency","Epilepsy","2026/01/14 05:45:13 AM","Rahim Yar Khan"
"260873","Farah Sadaqat","MR-5930","EMDS Call","Medical Emergency","SOB/ Respiratory Distress","2026/01/14 05:53:36 AM","Sadiqabad"
"260874","Faiz Muhyy Ul Din","DR-892","EMDS Call","Medical Emergency","Hypertension","2026/01/14 06:04:44 AM","Rahim Yar Khan"
"260875","Farah Sadaqat","MR-5930","EMDS Call","Crime","Physical Assault/Violence","2026/01/14 06:06:56 AM","Khanpur"
"260876","Faiz Muhyy Ul Din","DR-892","EMDS Call","Medical Emergency","Unconscious","2026/01/14 06:13:50 AM","Rahim Yar Khan"
"260877","Muhammad Zubair","DR-894","EMDS Call","Medical Emergency","Vomiting","2026/01/14 06:22:45 AM","Rahim Yar Khan"
"260878","Farah Sadaqat","MR-5930","EMDS Call","Medical Emergency","SOB/ Respiratory Distress","2026/01/14 06:36:04 AM","Sadiqabad"
"260879","Farah Sadaqat","MR-5930","EMDS Call","Medical Emergency","Diarrhea","2026/01/14 07:02:55 AM","Rahim Yar Khan"
"260880","Faiz Muhyy Ul Din","DR-892","EMDS Call","Medical Emergency","Epilepsy","2026/01/14 07:05:13 AM","Rahim Yar Khan"
"260881","Farah Sadaqat","MR-5930","EMDS Call","Medical Emergency","SOB/ Respiratory Distress","2026/01/14 07:23:03 AM","Liaqatpur"
"260882","Faiz Muhyy Ul Din","DR-892","Direct Call","Rescue Operations","Mass Event Coverage","2026/01/14 07:46:12 AM","Rahim Yar Khan"
"260883","Faiz Muhyy Ul Din","DR-892","Direct Call","Rescue Operations","Mass Event Coverage","2026/01/14 07:47:02 AM","Rahim Yar Khan"
"260884","Muhammad Zubair","DR-894","EMDS Call","Road Crash","Minor Injuries","2026/01/14 07:47:43 AM","Khanpur"
"260886","Muhammad Rashid Saleem","DR-187","EMDS Call","Medical Emergency","CVA/Stroke","2026/01/14 07:47:48 AM","Rahim Yar Khan"
"260885","Faiz Muhyy Ul Din","DR-892","EMDS Call","Medical Emergency","Domestic Injuries","2026/01/14 07:48:22 AM","Khanpur"
"260887","Faiz Muhyy Ul Din","DR-892","EMDS Call","Medical Emergency","SOB/ Respiratory Distress","2026/01/14 07:50:37 AM","Rahim Yar Khan"
"260888","Faiz Muhyy Ul Din","DR-892","Direct Call","Medical Emergency","Others","2026/01/14 07:53:38 AM","Rahim Yar Khan"
"260889","Muhammad Rashid Saleem","DR-187","Direct Call","Rescue Operations","Mass Event Coverage","2026/01/14 08:04:21 AM","Rahim Yar Khan"
"260890","Shahla Nawaz","DR-185","EMDS Call","Medical Emergency","Chronic Illness","2026/01/14 08:11:48 AM","Rahim Yar Khan"
"260891","Muhammad Rashid Saleem","DR-187","EMDS Call","Medical Emergency","Joints Pain","2026/01/14 08:14:07 AM","Sadiqabad"
"260892","Saima Bashir","MR-5819","EMDS Call","Medical Emergency","Hypertension","2026/01/14 08:14:57 AM","Rahim Yar Khan"
"260893","Fahad Hussain","DR-538","EMDS Call","Medical Emergency","Joints Pain","2026/01/14 08:16:48 AM","Sadiqabad"
"260894","Shahla Nawaz","DR-185","EMDS Call","Medical Emergency","Vomiting","2026/01/14 08:23:19 AM","Liaqatpur"
"260895","Muhammad Rashid Saleem","DR-187","EMDS Call","Medical Emergency","Unconscious","2026/01/14 08:34:13 AM","Khanpur"
"260896","Shahla Nawaz","DR-185","EMDS Call","Medical Emergency","Others","2026/01/14 08:34:44 AM","Rahim Yar Khan"
"Not Assigned","Muhammad Rashid Saleem","DR-187","EMDS Call","Medical Emergency","Unconscious","2026/01/14 08:41:59 AM","Rahim Yar Khan"
"260897","Muhammad Abid","DR-874","EMDS Call","Medical Emergency","Domestic Injuries","2026/01/14 08:41:40 AM","Sadiqabad"
"260899","Muhammad Rashid Saleem","DR-187","EMDS Call","Medical Emergency","Chest Pain","2026/01/14 09:07:10 AM","Rahim Yar Khan"
"75410","Nida Rahat","DR-1322","Direct Call","Patient Transfer Service","N/A","2026/01/14 09:08:48 AM","Sadiqabad"
"260900","Saima Bashir","MR-5819","EMDS Call","Medical Emergency","SOB/ Respiratory Distress","2026/01/14 09:09:01 AM","Khanpur"
"75411","Fahad Hussain","DR-538","Direct Call","Patient Transfer Service","N/A","2026/01/14 09:20:02 AM","Liaqatpur"
"260901","Muhammad Rashid Saleem","DR-187","EMDS Call","Medical Emergency","Hypertension","2026/01/14 09:31:09 AM","Liaqatpur"
"260902","Saima Bashir","MR-5819","EMDS Call","Medical Emergency","Diabetic","2026/01/14 09:31:54 AM","Rahim Yar Khan"
"260903","Nida Rahat","DR-1322","EMDS Call","Medical Emergency","High Fever","2026/01/14 09:33:30 AM","Liaqatpur"
"260904","Muhammad Rashid Saleem","DR-187","EMDS Call","Medical Emergency","Chest Pain","2026/01/14 09:34:27 AM","Sadiqabad"
"Not Assigned","Nida Rahat","DR-1322","Direct Call","Community","Community Training","2026/01/14 09:37:14 AM","Sadiqabad"
"260905","Muhammad Rashid Saleem","DR-187","EMDS Call","Crime","Probable Suicide","2026/01/14 09:44:02 AM","Rahim Yar Khan"
"260906","Saima Bashir","MR-5819","EMDS Call","Medical Emergency","SOB/ Respiratory Distress","2026/01/14 09:46:07 AM","Rahim Yar Khan"
"75412","Muhammad Rashid Saleem","DR-187","Direct Call","Patient Transfer Service","N/A","2026/01/14 09:50:33 AM","Sadiqabad"
"260907","Nida Rahat","DR-1322","EMDS Call","Medical Emergency","Domestic Injuries","2026/01/14 09:52:57 AM","Rahim Yar Khan"
"260908","Muhammad Rashid Saleem","DR-187","EMDS Call","Medical Emergency","Others","2026/01/14 09:53:52 AM","Rahim Yar Khan"
"260909","Saima Bashir","MR-5819","EMDS Call","Road Crash","Bleeding","2026/01/14 09:55:46 AM","Rahim Yar Khan"
"260910","Muhammad Rashid Saleem","DR-187","EMDS Call","Medical Emergency","Chronic Illness","2026/01/14 09:58:06 AM","Rahim Yar Khan"
"260911","Nida Rahat","DR-1322","EMDS Call","Medical Emergency","Unconscious","2026/01/14 10:02:33 AM","Sadiqabad"
"260912","Muhammad Rashid Saleem","DR-187","EMDS Call","Medical Emergency","Vomiting","2026/01/14 10:08:57 AM","Rahim Yar Khan"
"260913","Muhammad Rashid Saleem","DR-187","EMDS Call","Medical Emergency","High Fever","2026/01/14 10:13:37 AM","Rahim Yar Khan"
"260914","Nida Rahat","DR-1322","EMDS Call","Rescue Operations","Delivery Case","2026/01/14 10:13:41 AM","Sadiqabad"
"260915","Muhammad ALi","DR-818","EMDS Call","Medical Emergency","SOB/ Respiratory Distress","2026/01/14 10:25:18 AM","Rahim Yar Khan"
"260916","Nida Rahat","DR-1322","EMDS Call","Rescue Operations","Delivery Case","2026/01/14 10:29:14 AM","Rahim Yar Khan"
"260917","Muhammad ALi","DR-818","EMDS Call","Road Crash","Minor Injuries","2026/01/14 10:30:01 AM","Rahim Yar Khan"
"260918","Muhammad Rashid Saleem","DR-187","EMDS Call","Medical Emergency","Backache","2026/01/14 10:36:20 AM","Rahim Yar Khan"
"260920","Muhammad ALi","DR-818","EMDS Call","Medical Emergency","Epilepsy","2026/01/14 10:38:57 AM","Khanpur"
"260919","Muhammad Rashid Saleem","DR-187","EMDS Call","Road Crash","Bleeding","2026/01/14 10:39:19 AM","Sadiqabad"
"260921","Muhammad Rashid Saleem","DR-187","EMDS Call","Medical Emergency","Vomiting","2026/01/14 10:43:50 AM","Rahim Yar Khan"
"260922","Nida Rahat","DR-1322","EMDS Call","Medical Emergency","Others","2026/01/14 10:44:49 AM","Rahim Yar Khan"
"260923","Muhammad Rashid Saleem","DR-187","EMDS Call","Road Crash","Minor Injuries","2026/01/14 10:46:37 AM","Sadiqabad"
"75413","Nida Rahat","DR-1322","Direct Call","Patient Transfer Service","N/A","2026/01/14 10:49:46 AM","Khanpur"
"260925","Nida Rahat","DR-1322","EMDS Call","Fall","Slipped On Floor","2026/01/14 10:49:54 AM","Liaqatpur"
"260924","Muhammad ALi","DR-818","EMDS Call","Medical Emergency","Abdominal Pain","2026/01/14 10:49:54 AM","Rahim Yar Khan"
"260926","Yasir Ilyas","DR-893","Direct Call","Medical Emergency","Joints Pain","2026/01/14 10:57:14 AM","Rahim Yar Khan"
"260927","Muhammad ALi","DR-818","EMDS Call","Medical Emergency","Vomiting","2026/01/14 11:02:19 AM","Rahim Yar Khan"
"260928","Muhammad ALi","DR-818","EMDS Call","Medical Emergency","SOB/ Respiratory Distress","2026/01/14 11:16:05 AM","Sadiqabad"
"260929","Muhammad ALi","DR-818","EMDS Call","Medical Emergency","Others","2026/01/14 11:22:05 AM","Rahim Yar Khan"
"260930","Yasir Ilyas","DR-893","Direct Call","Road Crash","Bleeding","2026/01/14 11:24:22 AM","Sadiqabad"
"260931","Muhammad Rashid Saleem","DR-187","EMDS Call","Medical Emergency","Joints Pain","2026/01/14 11:29:38 AM","Rahim Yar Khan"
"260932","Muhammad ALi","DR-818","EMDS Call","Medical Emergency","SOB/ Respiratory Distress","2026/01/14 11:39:29 AM","Khanpur"
"260933","Muhammad Rashid Saleem","DR-187","EMDS Call","Medical Emergency","Chest Pain","2026/01/14 11:40:41 AM","Khanpur"
"260934","Yasir Ilyas","DR-893","EMDS Call","Road Crash","Bleeding","2026/01/14 11:42:03 AM","Rahim Yar Khan"
"260935","Muhammad Rashid Saleem","DR-187","EMDS Call","Medical Emergency","Chronic Illness","2026/01/14 11:43:17 AM","Rahim Yar Khan"
"260936","Muhammad ALi","DR-818","EMDS Call","Fall","Fall From Stairs","2026/01/14 11:44:45 AM","Liaqatpur"
"260937","Yasir Ilyas","DR-893","EMDS Call","Medical Emergency","SOB/ Respiratory Distress","2026/01/14 11:47:46 AM","Sadiqabad"
"260938","Muhammad Rashid Saleem","DR-187","EMDS Call","Road Crash","Bleeding","2026/01/14 12:06:58 PM","Rahim Yar Khan"
"260939","Muhammad ALi","DR-818","EMDS Call","Medical Emergency","Unconscious","2026/01/14 12:09:51 PM","Rahim Yar Khan"
"260940","Muhammad Rashid Saleem","DR-187","EMDS Call","Medical Emergency","Others","2026/01/14 12:12:49 PM","Rahim Yar Khan"
"260941","Muhammad ALi","DR-818","EMDS Call","Road Crash","Bleeding","2026/01/14 12:12:40 PM","Rahim Yar Khan"
"260942","Muhammad ALi","DR-818","EMDS Call","Medical Emergency","Chronic Illness","2026/01/14 12:14:46 PM","Sadiqabad"
"260943","Shahla Nawaz","DR-185","Direct Call","Rescue Operations","Delivery Case","2026/01/14 12:21:51 PM","Rahim Yar Khan"
"75414","Muhammad ALi","DR-818","Direct Call","Patient Transfer Service","N/A","2026/01/14 12:24:03 PM","Sadiqabad"
"260944","Muhammad ALi","DR-818","EMDS Call","Fall","Slipped On Floor","2026/01/14 12:24:27 PM","Sadiqabad"
"260946","Saima Bashir","MR-5819","EMDS Call","Medical Emergency","Diabetic","2026/01/14 12:25:31 PM","Rahim Yar Khan"
"260945","Shahla Nawaz","DR-185","EMDS Call","Medical Emergency","High Fever","2026/01/14 12:26:24 PM","Rahim Yar Khan"
"260947","Shahla Nawaz","DR-185","EMDS Call","Fire","Others","2026/01/14 12:31:47 PM","Rahim Yar Khan"
"260948","Saima Bashir","MR-5819","EMDS Call","Road Crash","Multiple Fractures","2026/01/14 12:32:42 PM","Khanpur"
"260949","Muhammad ALi","DR-818","EMDS Call","Medical Emergency","Diabetic","2026/01/14 12:35:10 PM","Sadiqabad"
"75415","Saima Bashir","MR-5819","Direct Call","Patient Transfer Service","N/A","2026/01/14 12:39:18 PM","Sadiqabad"
"260950","Shahla Nawaz","DR-185","EMDS Call","Road Crash","Multiple Fractures","2026/01/14 12:42:15 PM","Rahim Yar Khan"
"260951","Shahla Nawaz","DR-185","EMDS Call","Road Crash","Bleeding","2026/01/14 12:47:16 PM","Rahim Yar Khan"
"260952","Muhammad ALi","DR-818","EMDS Call","Road Crash","Severe Trauma","2026/01/14 12:53:48 PM","Sadiqabad"
"260953","Saima Bashir","MR-5819","EMDS Call","Road Crash","Bleeding","2026/01/14 12:57:26 PM","Rahim Yar Khan"
"75416","Shahla Nawaz","DR-185","Direct Call","Patient Transfer Service","N/A","2026/01/14 01:03:36 PM","Sadiqabad"
"260954","Shahla Nawaz","DR-185","EMDS Call","Road Crash","Severe Trauma","2026/01/14 01:04:39 PM","Rahim Yar Khan"
"260955","Saima Bashir","MR-5819","EMDS Call","Road Crash","Bleeding","2026/01/14 01:11:00 PM","Rahim Yar Khan"
"260956","Muhammad ALi","DR-818","EMDS Call","Medical Emergency","SOB/ Respiratory Distress","2026/01/14 01:11:59 PM","Liaqatpur"
"260957","Muhammad ALi","DR-818","EMDS Call","Medical Emergency","Chest Pain","2026/01/14 01:14:49 PM","Khanpur"
"260958","Muhammad Arshad","DR-198","EMDS Call","Road Crash","Bleeding","2026/01/14 01:25:09 PM","Rahim Yar Khan"
"260959","Muhammad ALi","DR-818","EMDS Call","Medical Emergency","Domestic Injuries","2026/01/14 01:28:28 PM","Rahim Yar Khan"
"261155","Muhammad Arshad","DR-198","EMDS Call","Medical Emergency","Others","2026/01/14 01:30:16 PM","Rahim Yar Khan"
"260960","Saima Bashir","MR-5819","Direct Call","Medical Emergency","Others","2026/01/14 01:34:05 PM","Rahim Yar Khan"
"260961","Fahad Hussain","DR-538","EMDS Call","Road Crash","Bleeding","2026/01/14 01:34:41 PM","Khanpur"
"260962","Fahad Hussain","DR-538","EMDS Call","Road Crash","Minor Injuries","2026/01/14 01:40:14 PM","Rahim Yar Khan"
"260963","Muhammad ALi","DR-818","EMDS Call","Medical Emergency","Chronic Illness","2026/01/14 01:53:56 PM","Liaqatpur"
"260964","Muhammad ALi","DR-818","EMDS Call","Medical Emergency","Backache","2026/01/14 01:55:46 PM","Rahim Yar Khan"
"260965","Muhammad Arshad","DR-198","EMDS Call","Medical Emergency","Chronic Illness","2026/01/14 02:09:32 PM","Khanpur"
"260966","Rana M. Usman","DR-200","EMDS Call","Medical Emergency","Abdominal Pain","2026/01/14 02:09:49 PM","Rahim Yar Khan"
"260967","Rana M. Usman","DR-200","EMDS Call","Rescue Operations","Delivery Case","2026/01/14 02:15:26 PM","Rahim Yar Khan"
"260968","Rana M. Usman","DR-200","EMDS Call","Medical Emergency","Chronic Illness","2026/01/14 02:23:00 PM","Rahim Yar Khan"
"260969","Rana M. Usman","DR-200","EMDS Call","Medical Emergency","Others","2026/01/14 02:28:29 PM","Rahim Yar Khan"
"260970","Zupasha Zia","MR-5758","Direct Call","Rescue Operations","Delivery Case","2026/01/14 02:29:25 PM","Rahim Yar Khan"
"260971","Adil Iqbal","DR-782","EMDS Call","Medical Emergency","High Fever","2026/01/14 02:33:52 PM","Rahim Yar Khan"
"260972","Rana M. Usman","DR-200","EMDS Call","Medical Emergency","Domestic Injuries","2026/01/14 02:34:58 PM","Rahim Yar Khan"
"260973","Zupasha Zia","MR-5758","EMDS Call","Road Crash","Severe Trauma","2026/01/14 02:39:44 PM","Rahim Yar Khan"
"260974","Rana M. Usman","DR-200","EMDS Call","Road Crash","Severe Trauma","2026/01/14 02:48:26 PM","Sadiqabad"
"260975","Rana M. Usman","DR-200","EMDS Call","Medical Emergency","Others","2026/01/14 02:50:51 PM","Rahim Yar Khan"
"75417","Zupasha Zia","MR-5758","Direct Call","Patient Transfer Service","N/A","2026/01/14 02:57:58 PM","Khanpur"
"260976","Muhammad Arshad","DR-198","EMDS Call","Road Crash","Bleeding","2026/01/14 02:57:47 PM","Sadiqabad"
"260977","Zupasha Zia","MR-5758","EMDS Call","Medical Emergency","Diabetic","2026/01/14 02:59:09 PM","Khanpur"
"75418","Zupasha Zia","MR-5758","Direct Call","Patient Transfer Service","N/A","2026/01/14 03:01:58 PM","Khanpur"
"260978","Rana M. Usman","DR-200","EMDS Call","Medical Emergency","Hypertension","2026/01/14 03:05:06 PM","Liaqatpur"
"260979","Adil Iqbal","DR-782","EMDS Call","Medical Emergency","Joints Pain","2026/01/14 03:04:22 PM","Rahim Yar Khan"
"260980","Bushra Saleem","MR-5701","EMDS Call","Medical Emergency","Diabetic","2026/01/14 03:09:56 PM","Rahim Yar Khan"
"260981","Rana M. Usman","DR-200","EMDS Call","Medical Emergency","Hypertension","2026/01/14 03:11:09 PM","Liaqatpur"
"260982","Adil Iqbal","DR-782","EMDS Call","Medical Emergency","SOB/ Respiratory Distress","2026/01/14 03:11:57 PM","Rahim Yar Khan"
"260983","Bushra Saleem","MR-5701","EMDS Call","Medical Emergency","Epilepsy","2026/01/14 03:18:34 PM","Rahim Yar Khan"
"75419","Bushra Saleem","MR-5701","Direct Call","Patient Transfer Service","N/A","2026/01/14 03:21:57 PM","Khanpur"
"75420","Zupasha Zia","MR-5758","Direct Call","Patient Transfer Service","N/A","2026/01/14 03:23:31 PM","Sadiqabad"
"260984","Bushra Saleem","MR-5701","EMDS Call","Fall","Fall From Stairs","2026/01/14 03:23:15 PM","Khanpur"
"260985","Adil Iqbal","DR-782","EMDS Call","Road Crash","Minor Injuries","2026/01/14 03:24:53 PM","Sadiqabad"
"260986","Bushra Saleem","MR-5701","EMDS Call","Medical Emergency","Hypertension","2026/01/14 03:36:37 PM","Sadiqabad"
"260987","Rana M. Usman","DR-200","EMDS Call","Rescue Operations","Animal/Bird Rescue","2026/01/14 03:42:16 PM","Rahim Yar Khan"
"75421","Bushra Saleem","MR-5701","Direct Call","Patient Transfer Service","N/A","2026/01/14 03:45:28 PM","Sadiqabad"
"260988","Rana M. Usman","DR-200","EMDS Call","Medical Emergency","Vomiting","2026/01/14 03:48:17 PM","Sadiqabad"
"75423","Zupasha Zia","MR-5758","Direct Call","Patient Transfer Service","N/A","2026/01/14 03:50:53 PM","Liaqatpur"
"75422","Bushra Saleem","MR-5701","Direct Call","Patient Transfer Service","N/A","2026/01/14 03:51:12 PM","Sadiqabad"
"260989","Zupasha Zia","MR-5758","EMDS Call","Medical Emergency","Hypertension","2026/01/14 03:57:09 PM","Rahim Yar Khan"
"260990","Zupasha Zia","MR-5758","EMDS Call","Road Crash","Bleeding","2026/01/14 03:59:11 PM","Sadiqabad"
"75424","Rana M. Usman","DR-200","Direct Call","Patient Transfer Service","N/A","2026/01/14 04:02:44 PM","Sadiqabad"
"260991","Rana M. Usman","DR-200","EMDS Call","Medical Emergency","Hypertension","2026/01/14 04:05:32 PM","Khanpur"
"260992","Zupasha Zia","MR-5758","EMDS Call","Medical Emergency","Vomiting","2026/01/14 04:05:18 PM","Rahim Yar Khan"
"75425","Bushra Saleem","MR-5701","Direct Call","Patient Transfer Service","N/A","2026/01/14 04:11:18 PM","Liaqatpur"
"260996","Rana M. Usman","DR-200","EMDS Call","Medical Emergency","Diabetic","2026/01/14 04:11:09 PM","Rahim Yar Khan"
"260993","Bushra Saleem","MR-5701","EMDS Call","Medical Emergency","Unconscious","2026/01/14 04:14:05 PM","Rahim Yar Khan"
"260994","Rana M. Usman","DR-200","EMDS Call","Medical Emergency","Hypertension","2026/01/14 04:17:45 PM","Khanpur"
"260995","Rana M. Usman","DR-200","EMDS Call","Road Crash","Bleeding","2026/01/14 04:21:07 PM","Liaqatpur"
"260997","Adil Iqbal","DR-782","EMDS Call","Road Crash","Bleeding","2026/01/14 04:27:55 PM","Rahim Yar Khan"
"260998","Adil Iqbal","DR-782","EMDS Call","Medical Emergency","Chronic Illness","2026/01/14 04:35:53 PM","Liaqatpur"
"260999","Adil Iqbal","DR-782","EMDS Call","Medical Emergency","Hypertension","2026/01/14 04:41:37 PM","Sadiqabad"
"261000","Rana M. Usman","DR-200","EMDS Call","Medical Emergency","Hypertension","2026/01/14 05:14:30 PM","Liaqatpur"
"261001","Rana M. Usman","DR-200","EMDS Call","Medical Emergency","SOB/ Respiratory Distress","2026/01/14 05:23:24 PM","Sadiqabad"
"261002","Zupasha Zia","MR-5758","EMDS Call","Medical Emergency","Vomiting","2026/01/14 05:31:51 PM","Rahim Yar Khan"
"261003","Rana M. Usman","DR-200","EMDS Call","Road Crash","Severe Trauma","2026/01/14 05:33:41 PM","Rahim Yar Khan"
"261004","Zupasha Zia","MR-5758","EMDS Call","Medical Emergency","SOB/ Respiratory Distress","2026/01/14 05:38:09 PM","Khanpur"
"261005","Rana M. Usman","DR-200","EMDS Call","Medical Emergency","Hypotension","2026/01/14 05:50:22 PM","Rahim Yar Khan"
"261006","Zupasha Zia","MR-5758","EMDS Call","Medical Emergency","SOB/ Respiratory Distress","2026/01/14 06:03:53 PM","Rahim Yar Khan"
"75426","Bushra Saleem","MR-5701","Direct Call","Patient Transfer Service","N/A","2026/01/14 06:17:06 PM","Khanpur"
"261007","Zupasha Zia","MR-5758","EMDS Call","Medical Emergency","Joints Pain","2026/01/14 06:20:11 PM","Rahim Yar Khan"
"261008","Muhammad Fiaz","DR-206","EMDS Call","Rescue Operations","Animal/Bird Rescue","2026/01/14 06:22:05 PM","Khanpur"
"261009","Bushra Saleem","MR-5701","EMDS Call","Road Crash","Minor Injuries","2026/01/14 06:21:58 PM","Rahim Yar Khan"
"261010","Adil Iqbal","DR-782","EMDS Call","Medical Emergency","High Fever","2026/01/14 06:25:14 PM","Rahim Yar Khan"
"261011","Zupasha Zia","MR-5758","EMDS Call","Medical Emergency","Others","2026/01/14 06:31:45 PM","Rahim Yar Khan"
"261012","Muhammad Fiaz","DR-206","EMDS Call","Medical Emergency","Others","2026/01/14 06:34:32 PM","Rahim Yar Khan"
"261013","Zupasha Zia","MR-5758","EMDS Call","Medical Emergency","Vomiting","2026/01/14 06:39:03 PM","Sadiqabad"
"261015","Muhammad Fiaz","DR-206","EMDS Call","Medical Emergency","Domestic Injuries","2026/01/14 06:41:11 PM","Rahim Yar Khan"
"261014","Bushra Saleem","MR-5701","EMDS Call","Road Crash","Bleeding","2026/01/14 06:41:07 PM","Sadiqabad"
"261016","Muhammad Fiaz","DR-206","EMDS Call","Medical Emergency","Others","2026/01/14 06:50:38 PM","Rahim Yar Khan"
"261017","Bushra Saleem","MR-5701","EMDS Call","Rescue Operations","Scalds/Burn Due To Negligence","2026/01/14 06:49:40 PM","Rahim Yar Khan"
"75427","Muhammad Fiaz","DR-206","Direct Call","Patient Transfer Service","N/A","2026/01/14 06:52:37 PM","Sadiqabad"
"75428","Zupasha Zia","MR-5758","Direct Call","Patient Transfer Service","N/A","2026/01/14 06:58:42 PM","Sadiqabad"
"261018","Muhammad Fiaz","DR-206","EMDS Call","Road Crash","Bleeding","2026/01/14 07:03:40 PM","Rahim Yar Khan"
"261019","Muhammad Fiaz","DR-206","EMDS Call","Medical Emergency","Chest Pain","2026/01/14 07:14:59 PM","Rahim Yar Khan"
"261020","Muhammad Riaz","DR-654","EMDS Call","Rescue Operations","Delivery Case","2026/01/14 07:19:40 PM","Rahim Yar Khan"
"261021","Zupasha Zia","MR-5758","EMDS Call","Medical Emergency","Others","2026/01/14 07:23:01 PM","Rahim Yar Khan"
"261022","Muhammad Riaz","DR-654","EMDS Call","Medical Emergency","Vomiting","2026/01/14 07:34:57 PM","Sadiqabad"
"261023","Bushra Saleem","MR-5701","EMDS Call","Road Crash","Multiple Fractures","2026/01/14 07:37:20 PM","Liaqatpur"
"261024","Muhammad Riaz","DR-654","EMDS Call","Medical Emergency","Unconscious","2026/01/14 07:39:21 PM","Sadiqabad"
"261025","Bushra Saleem","MR-5701","EMDS Call","Medical Emergency","High Fever","2026/01/14 07:42:48 PM","Liaqatpur"
"261026","Muhammad Riaz","DR-654","EMDS Call","Medical Emergency","Others","2026/01/14 07:46:16 PM","Rahim Yar Khan"
"261027","Bushra Saleem","MR-5701","EMDS Call","Medical Emergency","Hypertension","2026/01/14 08:06:46 PM","Khanpur"
"261028","Muhammad Riaz","DR-654","EMDS Call","Medical Emergency","Others","2026/01/14 08:05:41 PM","Rahim Yar Khan"
"261029","Zupasha Zia","MR-5758","EMDS Call","Medical Emergency","Hypertension","2026/01/14 08:12:58 PM","Rahim Yar Khan"
"261030","Muhammad Fiaz","DR-206","EMDS Call","Medical Emergency","Unconscious","2026/01/14 08:12:57 PM","Sadiqabad"
"261031","Bushra Saleem","MR-5701","EMDS Call","Medical Emergency","SOB/ Respiratory Distress","2026/01/14 08:15:52 PM","Khanpur"
"261032","Muhammad Fiaz","DR-206","EMDS Call","Road Crash","Bleeding","2026/01/14 08:21:30 PM","Rahim Yar Khan"
"261033","Adil Iqbal","DR-782","EMDS Call","Medical Emergency","High Fever","2026/01/14 08:26:04 PM","Liaqatpur"
"261034","Adil Iqbal","DR-782","EMDS Call","Medical Emergency","Others","2026/01/14 08:33:24 PM","Rahim Yar Khan"
"261036","Zupasha Zia","MR-5758","EMDS Call","Fire","Others","2026/01/14 08:42:50 PM","Rahim Yar Khan"
"261035","Bushra Saleem","MR-5701","EMDS Call","Medical Emergency","Chest Pain","2026/01/14 08:47:02 PM","Rahim Yar Khan"
"261037","Bushra Saleem","MR-5701","Direct Call","Rescue Operations","Delivery Case","2026/01/14 08:52:55 PM","Rahim Yar Khan"
"261038","Muhammad Zubair","DR-894","EMDS Call","Medical Emergency","Others","2026/01/14 08:53:14 PM","Rahim Yar Khan"
"75429","Farah Sadaqat","MR-5930","Direct Call","Patient Transfer Service","N/A","2026/01/14 09:02:10 PM","Khanpur"
"261039","Saqib Nasim","DR-197","EMDS Call","Medical Emergency","Others","2026/01/14 09:01:40 PM","Rahim Yar Khan"
"261041","Muhammad Zubair","DR-894","EMDS Call","Medical Emergency","Chest Pain","2026/01/14 09:07:42 PM","Sadiqabad"
"Not Assigned","Maheen Tahir","MR-6017","EMDS Call","Road Crash","Bleeding","2026/01/14 09:07:42 PM","Khanpur"
"261042","Maheen Tahir","MR-6017","EMDS Call","Medical Emergency","SOB/ Respiratory Distress","2026/01/14 09:12:38 PM","Rahim Yar Khan"
"261043","Saqib Nasim","DR-197","EMDS Call","Medical Emergency","High Fever","2026/01/14 09:13:15 PM","Sadiqabad"
"261044","Muhammad Zubair","DR-894","EMDS Call","Medical Emergency","High Fever","2026/01/14 09:21:29 PM","Liaqatpur"
"261045","Maheen Tahir","MR-6017","EMDS Call","Medical Emergency","SOB/ Respiratory Distress","2026/01/14 09:25:31 PM","Rahim Yar Khan"
"261046","Saqib Nasim","DR-197","EMDS Call","Medical Emergency","Chronic Illness","2026/01/14 09:30:52 PM","Khanpur"
"261047","Farah Sadaqat","MR-5930","EMDS Call","Medical Emergency","High Fever","2026/01/14 09:30:36 PM","Rahim Yar Khan"
"261049","Saqib Nasim","DR-197","EMDS Call","Medical Emergency","Renal Disorders / Renal Colic ","2026/01/14 09:33:15 PM","Rahim Yar Khan"
"261048","Farah Sadaqat","MR-5930","EMDS Call","Medical Emergency","Vomiting","2026/01/14 09:33:36 PM","Rahim Yar Khan"
"261050","Saqib Nasim","DR-197","EMDS Call","Road Crash","Severe Trauma","2026/01/14 09:47:05 PM","Rahim Yar Khan"
"261051","Farah Sadaqat","MR-5930","EMDS Call","Medical Emergency","SOB/ Respiratory Distress","2026/01/14 09:48:07 PM","Rahim Yar Khan"
"261052","Farah Sadaqat","MR-5930","EMDS Call","Medical Emergency","Chest Pain","2026/01/14 09:59:05 PM","Rahim Yar Khan"
"Not Assigned","Saqib Nasim","DR-197","EMDS Call","Crime","Physical Assault/Violence","2026/01/14 10:07:55 PM","Rahim Yar Khan"
"75430","Zahid Manzoor","DR-887","Direct Call","Patient Transfer Service","N/A","2026/01/14 10:13:19 PM","Sadiqabad"
"261054","Maheen Tahir","MR-6017","EMDS Call","Medical Emergency","Renal Disorders / Renal Colic ","2026/01/14 10:13:24 PM","Khanpur"
"261055","Farah Sadaqat","MR-5930","EMDS Call","Medical Emergency","Others","2026/01/14 10:19:09 PM","Khanpur"
"261056","Maheen Tahir","MR-6017","EMDS Call","Medical Emergency","Abdominal Pain","2026/01/14 10:20:44 PM","Sadiqabad"
"261057","Farah Sadaqat","MR-5930","EMDS Call","Road Crash","Bleeding","2026/01/14 10:36:09 PM","Rahim Yar Khan"
"261058","Maheen Tahir","MR-6017","EMDS Call","Medical Emergency","High Fever","2026/01/14 10:39:56 PM","Rahim Yar Khan"
"261059","Zahid Manzoor","DR-887","EMDS Call","Medical Emergency","Others","2026/01/14 10:59:38 PM","Rahim Yar Khan"
"261060","Farah Sadaqat","MR-5930","EMDS Call","Road Crash","Bleeding","2026/01/14 10:59:38 PM","Sadiqabad"
"261061","Maheen Tahir","MR-6017","EMDS Call","Medical Emergency","Hypotension","2026/01/14 11:00:48 PM","Rahim Yar Khan"
"75431","Maheen Tahir","MR-6017","Direct Call","Patient Transfer Service","N/A","2026/01/14 11:07:03 PM","Khanpur"
"261062","Zahid Manzoor","DR-887","EMDS Call","Medical Emergency","Others","2026/01/14 11:07:08 PM","Sadiqabad"
"261063","Farah Sadaqat","MR-5930","EMDS Call","Medical Emergency","SOB/ Respiratory Distress","2026/01/14 11:12:51 PM","Khanpur"
"261064","Farah Sadaqat","MR-5930","EMDS Call","Medical Emergency","High Fever","2026/01/14 11:32:03 PM","Rahim Yar Khan"
"75432","Zahid Manzoor","DR-887","Direct Call","Patient Transfer Service","N/A","2026/01/14 11:36:27 PM","Sadiqabad"
"261065","Zahid Manzoor","DR-887","EMDS Call","Medical Emergency","Abdominal Pain","2026/01/14 11:41:31 PM","Rahim Yar Khan"
"261066","Farah Sadaqat","MR-5930","EMDS Call","Medical Emergency","Abdominal Pain","2026/01/14 11:45:49 PM","Sadiqabad"
"261068","Maheen Tahir","MR-6017","EMDS Call","Medical Emergency","Others","2026/01/15 12:04:41 AM","Sadiqabad"
"261067","Zahid Manzoor","DR-887","EMDS Call","Rescue Operations","Delivery Case","2026/01/15 12:05:02 AM","Rahim Yar Khan"
"261069","Farah Sadaqat","MR-5930","EMDS Call","Medical Emergency","Hypertension","2026/01/15 12:09:08 AM","Rahim Yar Khan"
"261070","Farah Sadaqat","MR-5930","EMDS Call","Medical Emergency","SOB/ Respiratory Distress","2026/01/15 12:29:27 AM","Sadiqabad"
"261071","Zahid Manzoor","DR-887","EMDS Call","Medical Emergency","Others","2026/01/15 12:47:32 AM","Rahim Yar Khan"
"261072","Farah Sadaqat","MR-5930","EMDS Call","Medical Emergency","Abdominal Pain","2026/01/15 12:48:36 AM","Rahim Yar Khan"
"261073","Farah Sadaqat","MR-5930","EMDS Call","Medical Emergency","Hypertension","2026/01/15 01:16:06 AM","Sadiqabad"
"261074","Zahid Manzoor","DR-887","EMDS Call","Medical Emergency","Others","2026/01/15 01:16:53 AM","Khanpur"
"261075","Farah Sadaqat","MR-5930","EMDS Call","Medical Emergency","Others","2026/01/15 01:31:47 AM","Rahim Yar Khan"
"261076","Maheen Tahir","MR-6017","EMDS Call","Medical Emergency","Others","2026/01/15 01:35:25 AM","Rahim Yar Khan"
"261077","Zahid Manzoor","DR-887","EMDS Call","Medical Emergency","SOB/ Respiratory Distress","2026/01/15 01:38:58 AM","Rahim Yar Khan"
"75433","Maheen Tahir","MR-6017","Direct Call","Patient Transfer Service","N/A","2026/01/15 01:50:14 AM","Sadiqabad"
"261078","Zahid Manzoor","DR-887","EMDS Call","Medical Emergency","Others","2026/01/15 01:54:27 AM","Rahim Yar Khan"
"Not Assigned","Zahid Manzoor","DR-887","Direct Call","Crime","Bullet Injury","2026/01/15 02:02:03 AM","Rahim Yar Khan"
"261080","Saqib Nasim","DR-197","EMDS Call","Medical Emergency","SOB/ Respiratory Distress","2026/01/15 02:02:52 AM","Sadiqabad"
"261081","Maheen Tahir","MR-6017","EMDS Call","Medical Emergency","Hypertension","2026/01/15 02:08:05 AM","Rahim Yar Khan"
"261082","Zahid Manzoor","DR-887","EMDS Call","Medical Emergency","Others","2026/01/15 02:12:16 AM","Rahim Yar Khan"
"261083","Saqib Nasim","DR-197","EMDS Call","Medical Emergency","Others","2026/01/15 02:13:28 AM","Rahim Yar Khan"
"261084","Maheen Tahir","MR-6017","EMDS Call","Medical Emergency","Unconscious","2026/01/15 02:28:13 AM","Sadiqabad"
"261085","Zahid Manzoor","DR-887","EMDS Call","Rescue Operations","Delivery Case","2026/01/15 02:35:48 AM","Sadiqabad"
"261086","Saqib Nasim","DR-197","EMDS Call","Medical Emergency","Renal Disorders / Renal Colic ","2026/01/15 02:40:15 AM","Rahim Yar Khan"
"261087","Farah Sadaqat","MR-5930","EMDS Call","Medical Emergency","Epilepsy","2026/01/15 02:48:34 AM","Liaqatpur"
"261088","Maheen Tahir","MR-6017","EMDS Call","Medical Emergency","Renal Disorders / Renal Colic ","2026/01/15 03:27:03 AM","Rahim Yar Khan"
"261089","Saqib Nasim","DR-197","EMDS Call","Medical Emergency","Others","2026/01/15 03:42:28 AM","Rahim Yar Khan"
"261090","Saqib Nasim","DR-197","EMDS Call","Medical Emergency","SOB/ Respiratory Distress","2026/01/15 04:16:18 AM","Rahim Yar Khan"
"261091","Muhammad Zahid","DR-888","EMDS Call","Medical Emergency","Others","2026/01/15 04:29:10 AM","Rahim Yar Khan"
"261092","Saqib Nasim","DR-197","EMDS Call","Medical Emergency","Vomiting","2026/01/15 04:48:29 AM","Rahim Yar Khan"
"261093","Muhammad Zubair","DR-894","EMDS Call","Road Crash","Bleeding","2026/01/15 05:01:41 AM","Khanpur"
"261094","Saqib Nasim","DR-197","EMDS Call","Medical Emergency","Chronic Illness","2026/01/15 05:04:52 AM","Khanpur"
"261095","Muhammad Zubair","DR-894","EMDS Call","Medical Emergency","SOB/ Respiratory Distress","2026/01/15 05:26:21 AM","Sadiqabad"
"261096","Saqib Nasim","DR-197","EMDS Call","Rescue Operations","Delivery Case","2026/01/15 05:34:51 AM","Rahim Yar Khan"
"261097","Saqib Nasim","DR-197","EMDS Call","Medical Emergency","SOB/ Respiratory Distress","2026/01/15 05:55:13 AM","Sadiqabad"
"75434","Saqib Nasim","DR-197","Direct Call","Patient Transfer Service","N/A","2026/01/15 06:04:03 AM","Liaqatpur"
"261098","Muhammad Zahid","DR-888","EMDS Call","Medical Emergency","Unconscious","2026/01/15 06:05:24 AM","Rahim Yar Khan"
"75435","Muhammad Zahid","DR-888","Direct Call","Patient Transfer Service","N/A","2026/01/15 06:13:46 AM","Liaqatpur"
"261099","Saqib Nasim","DR-197","EMDS Call","Medical Emergency","High Fever","2026/01/15 06:33:06 AM","Sadiqabad"
"75436","Muhammad Zubair","DR-894","Direct Call","Patient Transfer Service","N/A","2026/01/15 06:38:53 AM","Rahim Yar Khan"
"261100","Muhammad Zubair","DR-894","EMDS Call","Medical Emergency","SOB/ Respiratory Distress","2026/01/15 07:04:11 AM","Khanpur"
"261101","Shaheen Islam","DR-1171","EMDS Call","Rescue Operations","Delivery Case","2026/01/15 07:04:06 AM","Sadiqabad"
"261102","Saqib Nasim","DR-197","EMDS Call","Medical Emergency","Diabetic","2026/01/15 07:21:00 AM","Khanpur"
"261103","Muhammad Zubair","DR-894","Direct Call","Rescue Operations","Mass Event Coverage","2026/01/15 07:39:33 AM","Rahim Yar Khan"
"261104","Shaheen Islam","DR-1171","Direct Call","Medical Emergency","Others","2026/01/15 07:44:12 AM","Rahim Yar Khan"
"261105","Muhammad Zubair","DR-894","Direct Call","Rescue Operations","Mass Event Coverage","2026/01/15 07:49:12 AM","Rahim Yar Khan"
"261106","Shaheen Islam","DR-1171","EMDS Call","Medical Emergency","Others","2026/01/15 07:54:02 AM","Rahim Yar Khan"
"261107","Muhammad Rashid Saleem","DR-187","EMDS Call","Medical Emergency","Others","2026/01/15 08:02:17 AM","Sadiqabad"
"261108","Zupasha Zia","MR-5758","EMDS Call","Medical Emergency","Vomiting","2026/01/15 08:04:36 AM","Rahim Yar Khan"
"261109","Saima Bashir","MR-5819","EMDS Call","Medical Emergency","Hypertension","2026/01/15 08:05:33 AM","Rahim Yar Khan"
"261110","Muhammad Rashid Saleem","DR-187","Direct Call","Rescue Operations","Mass Event Coverage","2026/01/15 08:08:13 AM","Rahim Yar Khan"
"261111","Muhammad Rashid Saleem","DR-187","EMDS Call","Medical Emergency","Hypertension","2026/01/15 08:10:23 AM","Rahim Yar Khan"
"261112","Saima Bashir","MR-5819","EMDS Call","Medical Emergency","Diabetic","2026/01/15 08:09:50 AM","Rahim Yar Khan"
"261113","Fahad Hussain","DR-538","EMDS Call","Medical Emergency","CVA/Stroke","2026/01/15 08:22:09 AM","Rahim Yar Khan"
"261114","Saima Bashir","MR-5819","EMDS Call","Road Crash","Bleeding","2026/01/15 08:22:28 AM","Sadiqabad"
"261115","Muhammad Rashid Saleem","DR-187","EMDS Call","Road Crash","Minor Injuries","2026/01/15 08:27:02 AM","Sadiqabad"
"Not Assigned","Fahad Hussain","DR-538","Direct Call","Rescue Operations","Mass Event Coverage","2026/01/15 08:28:34 AM","Rahim Yar Khan"
"261117","Zupasha Zia","MR-5758","EMDS Call","Medical Emergency","Abdominal Pain","2026/01/15 08:28:47 AM","Rahim Yar Khan"
"261118","Saima Bashir","MR-5819","EMDS Call","Medical Emergency","Chronic Illness","2026/01/15 08:33:16 AM","Liaqatpur"
"261119","Zupasha Zia","MR-5758","EMDS Call","Road Crash","Bleeding","2026/01/15 08:34:57 AM","Rahim Yar Khan"
"261120","Muhammad Rashid Saleem","DR-187","EMDS Call","Medical Emergency","Diabetic","2026/01/15 08:57:35 AM","Sadiqabad"
"261121","Saima Bashir","MR-5819","EMDS Call","Medical Emergency","Joints Pain","2026/01/15 08:55:52 AM","Rahim Yar Khan"
"261122","Muhammad Rashid Saleem","DR-187","EMDS Call","Medical Emergency","Abdominal Pain","2026/01/15 09:03:22 AM","Rahim Yar Khan"
"261124","Fahad Hussain","DR-538","EMDS Call","Medical Emergency","Others","2026/01/15 09:20:30 AM","Khanpur"
"261123","Muhammad Saeed","DR-190","EMDS Call","Medical Emergency","Hypertension","2026/01/15 09:21:43 AM","Rahim Yar Khan"
"261125","Zupasha Zia","MR-5758","EMDS Call","Medical Emergency","Others","2026/01/15 09:25:15 AM","Rahim Yar Khan"
"261126","Muhammad Saeed","DR-190","EMDS Call","Road Crash","Bleeding","2026/01/15 09:34:17 AM","Rahim Yar Khan"
"261127","Aasia Batool","MR-5198","EMDS Call","Medical Emergency","SOB/ Respiratory Distress","2026/01/15 09:34:51 AM","Rahim Yar Khan"
"261128","Shahid Jamil","DR-184","EMDS Call","Crime","Drug/Doping/Poisoning","2026/01/15 09:37:29 AM","Rahim Yar Khan"
"261129","Fahad Hussain","DR-538","EMDS Call","Medical Emergency","SOB/ Respiratory Distress","2026/01/15 09:42:16 AM","Sadiqabad"
"261130","Muhammad Saeed","DR-190","EMDS Call","Medical Emergency","Hypertension","2026/01/15 09:42:25 AM","Rahim Yar Khan"
"261131","Fahad Hussain","DR-538","EMDS Call","Medical Emergency","Abdominal Pain","2026/01/15 09:51:25 AM","Sadiqabad"
"261132","Aasia Batool","MR-5198","EMDS Call","Medical Emergency","Joints Pain","2026/01/15 09:54:58 AM","Liaqatpur"
"261133","Muhammad AAmar","DR-915","EMDS Call","Medical Emergency","Chronic Illness","2026/01/15 10:01:58 AM","Sadiqabad"
"261134","Muhammad Saeed","DR-190","EMDS Call","Medical Emergency","Chronic Illness","2026/01/15 10:04:30 AM","Liaqatpur"
"261135","Muhammad Saeed","DR-190","EMDS Call","Medical Emergency","Others","2026/01/15 10:24:23 AM","Rahim Yar Khan"
"75437","Imran Anjum","DR-204","Direct Call","Patient Transfer Service","N/A","2026/01/15 10:26:10 AM","Khanpur"
"75438","Imran Anjum","DR-204","Direct Call","Patient Transfer Service","N/A","2026/01/15 10:30:05 AM","Sadiqabad"
"261136","Muhammad AAmar","DR-915","EMDS Call","Road Crash","Bleeding","2026/01/15 10:29:54 AM","Rahim Yar Khan"
"261136","Muhammad AAmar","DR-915","EMDS Call","Road Crash","Bleeding","2026/01/15 10:29:54 AM","Rahim Yar Khan"
"261137","Imran Anjum","DR-204","EMDS Call","Medical Emergency","Vomiting","2026/01/15 10:36:28 AM","Rahim Yar Khan"
"75439","Imran Anjum","DR-204","Direct Call","Patient Transfer Service","N/A","2026/01/15 10:41:35 AM","Khanpur"
"261138","Shahid Jamil","DR-184","Direct Call","Medical Emergency","Diabetic","2026/01/15 10:43:05 AM","Rahim Yar Khan"
"75440","Imran Anjum","DR-204","Direct Call","Patient Transfer Service","N/A","2026/01/15 10:48:33 AM","Khanpur"
"261139","Aasia Batool","MR-5198","EMDS Call","Road Crash","Bleeding","2026/01/15 10:48:17 AM","Sadiqabad"
"261140","Aasia Batool","MR-5198","EMDS Call","Road Crash","Bleeding","2026/01/15 10:53:22 AM","Khanpur"
"261141","Imran Anjum","DR-204","EMDS Call","Medical Emergency","Hypertension","2026/01/15 10:53:48 AM","Rahim Yar Khan"
"261142","Aasia Batool","MR-5198","EMDS Call","Medical Emergency","Chronic Illness","2026/01/15 10:56:06 AM","Rahim Yar Khan"
"261143","Aasia Batool","MR-5198","EMDS Call","Medical Emergency","Others","2026/01/15 11:03:16 AM","Rahim Yar Khan"
"261144","Imran Anjum","DR-204","EMDS Call","Medical Emergency","Vomiting","2026/01/15 11:04:49 AM","Rahim Yar Khan"
"75441","Aasia Batool","MR-5198","Direct Call","Patient Transfer Service","N/A","2026/01/15 11:08:10 AM","Khanpur"
"261145","Imran Anjum","DR-204","EMDS Call","Medical Emergency","Renal Disorders / Renal Colic ","2026/01/15 11:11:58 AM","Rahim Yar Khan"
"261146","Shahid Jamil","DR-184","EMDS Call","Medical Emergency","Unconscious","2026/01/15 11:13:28 AM","Rahim Yar Khan"
"261147","Imran Anjum","DR-204","EMDS Call","Medical Emergency","Unconscious","2026/01/15 11:16:23 AM","Rahim Yar Khan"
"261148","Shahid Jamil","DR-184","EMDS Call","Medical Emergency","Vomiting","2026/01/15 11:24:34 AM","Sadiqabad"
"261149","Aasia Batool","MR-5198","EMDS Call","Rescue Operations","Delivery Case","2026/01/15 11:25:28 AM","Rahim Yar Khan"
"261150","Shahid Jamil","DR-184","EMDS Call","Medical Emergency","High Fever","2026/01/15 11:26:52 AM","Rahim Yar Khan"
"261151","Muhammad Saeed","DR-190","EMDS Call","Medical Emergency","Others","2026/01/15 11:34:08 AM","Rahim Yar Khan"
"261152","Zia ul Haq","DR-328","EMDS Call","Medical Emergency","Joints Pain","2026/01/15 11:35:44 AM","Rahim Yar Khan"
"261154","Shahid Jamil","DR-184","EMDS Call","Medical Emergency","Hypertension","2026/01/15 11:39:12 AM","Sadiqabad"
"261153","Imran Anjum","DR-204","EMDS Call","Medical Emergency","High Fever","2026/01/15 11:38:21 AM","Rahim Yar Khan"
"261155","Imran Anjum","DR-204","EMDS Call","Road Crash","Bleeding","2026/01/15 11:44:59 AM","Rahim Yar Khan"
"261156","Zia ul Haq","DR-328","EMDS Call","Road Crash","Bleeding","2026/01/15 11:46:47 AM","Sadiqabad"
"261157","Aasia Batool","MR-5198","EMDS Call","Medical Emergency","Vomiting","2026/01/15 11:52:48 AM","Rahim Yar Khan"
"75442","Shahid Jamil","DR-184","Direct Call","Patient Transfer Service","N/A","2026/01/15 11:54:47 AM","Liaqatpur"
"261158","Shahid Jamil","DR-184","EMDS Call","Medical Emergency","SOB/ Respiratory Distress","2026/01/15 12:03:41 PM","Sadiqabad"
"261159","Imran Anjum","DR-204","EMDS Call","Medical Emergency","SOB/ Respiratory Distress","2026/01/15 12:12:41 PM","Sadiqabad"
"261160","Aasia Batool","MR-5198","EMDS Call","Rescue Operations","Snake Emergency","2026/01/15 12:39:16 PM","Khanpur"
"261161","Saima Bashir","MR-5819","EMDS Call","Medical Emergency","Renal Disorders / Renal Colic ","2026/01/15 12:43:32 PM","Sadiqabad"
"261162","Zia ul Haq","DR-328","EMDS Call","Medical Emergency","Chronic Illness","2026/01/15 12:44:51 PM","Khanpur"
"75443","Imran Anjum","DR-204","Direct Call","Patient Transfer Service","N/A","2026/01/15 12:48:07 PM","Sadiqabad"
"261163","Imran Anjum","DR-204","EMDS Call","Medical Emergency","Chronic Illness","2026/01/15 12:49:40 PM","Sadiqabad"
"261164","Saima Bashir","MR-5819","EMDS Call","Medical Emergency","SOB/ Respiratory Distress","2026/01/15 12:47:44 PM","Khanpur"
"261165","Aasia Batool","MR-5198","EMDS Call","Road Crash","Bleeding","2026/01/15 12:52:21 PM","Rahim Yar Khan"
"261167","Saima Bashir","MR-5819","EMDS Call","Road Crash","Bleeding","2026/01/15 01:04:54 PM","Rahim Yar Khan"
"261166","Imran Anjum","DR-204","Direct Call","Road Crash","Bleeding","2026/01/15 01:04:17 PM","Liaqatpur"
"261166","Imran Anjum","DR-204","Direct Call","Road Crash","Bleeding","2026/01/15 01:04:17 PM","Liaqatpur"
"75444","Aasia Batool","MR-5198","Direct Call","Patient Transfer Service","N/A","2026/01/15 01:07:17 PM","Sadiqabad"
"261168","Imran Anjum","DR-204","EMDS Call","Road Crash","Bleeding","2026/01/15 01:06:45 PM","Sadiqabad"
"261169","Zia ul Haq","DR-328","EMDS Call","Road Crash","Bleeding","2026/01/15 01:09:39 PM","Rahim Yar Khan"
"261170","Saima Bashir","MR-5819","EMDS Call","Medical Emergency","SOB/ Respiratory Distress","2026/01/15 01:09:21 PM","Liaqatpur"
"261171","Imran Anjum","DR-204","EMDS Call","Road Crash","Bleeding","2026/01/15 01:09:44 PM","Liaqatpur"
"261172","Zia ul Haq","DR-328","EMDS Call","Medical Emergency","Chest Pain","2026/01/15 01:18:38 PM","Khanpur"
"261173","Imran Anjum","DR-204","EMDS Call","Road Crash","Bleeding","2026/01/15 01:22:35 PM","Rahim Yar Khan"
"261174","Saima Bashir","MR-5819","EMDS Call","Medical Emergency","High Fever","2026/01/15 01:25:41 PM","Rahim Yar Khan"
"261175","Imran Anjum","DR-204","EMDS Call","Medical Emergency","Vomiting","2026/01/15 01:27:53 PM","Sadiqabad"
"261176","Zia ul Haq","DR-328","Direct Call","Medical Emergency","Chronic Illness","2026/01/15 01:28:11 PM","Rahim Yar Khan"
"261177","Aasia Batool","MR-5198","EMDS Call","Medical Emergency","Others","2026/01/15 01:34:21 PM","Rahim Yar Khan"
"261178","Saima Bashir","MR-5819","EMDS Call","Medical Emergency","Chronic Illness","2026/01/15 01:39:25 PM","Rahim Yar Khan"
"261179","Aasia Batool","MR-5198","EMDS Call","Medical Emergency","Abdominal Pain","2026/01/15 01:45:11 PM","Rahim Yar Khan"
"261180","Aasia Batool","MR-5198","EMDS Call","Medical Emergency","Chest Pain","2026/01/15 01:49:46 PM","Khanpur"
"261181","Imran Anjum","DR-204","EMDS Call","Road Crash","Bleeding","2026/01/15 01:51:35 PM","Rahim Yar Khan"
"261182","Imran Anjum","DR-204","EMDS Call","Road Crash","Bleeding","2026/01/15 01:54:13 PM","Khanpur"
"261182","Imran Anjum","DR-204","EMDS Call","Road Crash","Bleeding","2026/01/15 01:54:13 PM","Khanpur"
"261183","Imran Anjum","DR-204","EMDS Call","Medical Emergency","Diabetic","2026/01/15 02:05:38 PM","Khanpur"
"261184","Aasia Batool","MR-5198","EMDS Call","Medical Emergency","Unconscious","2026/01/15 02:08:44 PM","Rahim Yar Khan"
"261185","Imran Anjum","DR-204","EMDS Call","Crime","Probable Suicide","2026/01/15 02:13:06 PM","Sadiqabad"
"261186","Rana M. Usman","DR-200","EMDS Call","Medical Emergency","Joints Pain","2026/01/15 02:16:50 PM","Sadiqabad"
"261187","Bushra Saleem","MR-5701","EMDS Call","Medical Emergency","Others","2026/01/15 02:18:43 PM","Khanpur"
"261188","Bushra Saleem","MR-5701","EMDS Call","Medical Emergency","Abdominal Pain","2026/01/15 02:24:29 PM","Khanpur"
"261189","Adil Iqbal","DR-782","EMDS Call","Medical Emergency","Diabetic","2026/01/15 02:32:28 PM","Rahim Yar Khan"
"261190","Rana M. Usman","DR-200","EMDS Call","Road Crash","Bleeding","2026/01/15 02:32:43 PM","Sadiqabad"
"261191","Adil Iqbal","DR-782","EMDS Call","Medical Emergency","SOB/ Respiratory Distress","2026/01/15 02:34:18 PM","Rahim Yar Khan"
"261192","Bushra Saleem","MR-5701","EMDS Call","Medical Emergency","Domestic Injuries","2026/01/15 02:41:09 PM","Rahim Yar Khan"
"261193","Rana M. Usman","DR-200","EMDS Call","Medical Emergency","Chronic Illness","2026/01/15 02:45:38 PM","Khanpur"
"261194","Rana M. Usman","DR-200","EMDS Call","Medical Emergency","Diabetic","2026/01/15 02:51:40 PM","Liaqatpur"
"261195","Bushra Saleem","MR-5701","EMDS Call","Road Crash","Bleeding","2026/01/15 02:52:25 PM","Sadiqabad"
"261196","Bushra Saleem","MR-5701","EMDS Call","Medical Emergency","Chest Pain","2026/01/15 02:56:35 PM","Rahim Yar Khan"
"261197","Shahla Nawaz","DR-185","EMDS Call","Medical Emergency","SOB/ Respiratory Distress","2026/01/15 02:56:47 PM","Rahim Yar Khan"
"261198","Rana M. Usman","DR-200","EMDS Call","Road Crash","Bleeding","2026/01/15 02:58:33 PM","Rahim Yar Khan"
"261199","Bushra Saleem","MR-5701","EMDS Call","Medical Emergency","Chronic Illness","2026/01/15 03:04:13 PM","Rahim Yar Khan"
"261200","Bushra Saleem","MR-5701","EMDS Call","Medical Emergency","Domestic Injuries","2026/01/15 03:07:47 PM","Sadiqabad"
"75445","Rana M. Usman","DR-200","Direct Call","Patient Transfer Service","N/A","2026/01/15 03:10:41 PM","Sadiqabad"
"Not Assigned","Bushra Saleem","MR-5701","Direct Call","Community","Community Training","2026/01/15 03:13:23 PM","Liaqatpur"
"261201","Rana M. Usman","DR-200","EMDS Call","Road Crash","Bleeding","2026/01/15 03:19:09 PM","Liaqatpur"
"261202","Bushra Saleem","MR-5701","EMDS Call","Medical Emergency","Unconscious","2026/01/15 03:18:56 PM","Rahim Yar Khan"
"261203","Rana M. Usman","DR-200","EMDS Call","Medical Emergency","Chronic Illness","2026/01/15 03:20:34 PM","Khanpur"
"75446","Bushra Saleem","MR-5701","Direct Call","Patient Transfer Service","N/A","2026/01/15 03:22:32 PM","Sadiqabad"
"261204","Shahla Nawaz","DR-185","EMDS Call","Medical Emergency","Vomiting","2026/01/15 03:19:30 PM","Sadiqabad"
"75447","Rana M. Usman","DR-200","Direct Call","Patient Transfer Service","N/A","2026/01/15 03:32:53 PM","Sadiqabad"
"261205","Adil Iqbal","DR-782","EMDS Call","Medical Emergency","Vomiting","2026/01/15 03:32:04 PM","Sadiqabad"
"75448","Bushra Saleem","MR-5701","Direct Call","Patient Transfer Service","N/A","2026/01/15 03:34:53 PM","Sadiqabad"
"261206","Rana M. Usman","DR-200","EMDS Call","Medical Emergency","Chest Pain","2026/01/15 03:33:03 PM","Khanpur"
"261208","Bushra Saleem","MR-5701","EMDS Call","Rescue Operations","Electric Shock","2026/01/15 03:35:18 PM","Khanpur"
"261207","Rana M. Usman","DR-200","EMDS Call","Road Crash","Bleeding","2026/01/15 03:36:28 PM","Rahim Yar Khan"
"261209","Rana M. Usman","DR-200","EMDS Call","Fire","Carelessness/Smoking","2026/01/15 03:39:04 PM","Sadiqabad"
"261210","Adil Iqbal","DR-782","EMDS Call","Medical Emergency","SOB/ Respiratory Distress","2026/01/15 03:43:47 PM","Rahim Yar Khan"
"261211","Adil Iqbal","DR-782","EMDS Call","Rescue Operations","Snake Emergency","2026/01/15 03:48:02 PM","Liaqatpur"
"261212","Rana M. Usman","DR-200","EMDS Call","Medical Emergency","Unconscious","2026/01/15 03:46:39 PM","Khanpur"
"261213","Bushra Saleem","MR-5701","EMDS Call","Medical Emergency","Others","2026/01/15 04:03:40 PM","Rahim Yar Khan"
"261214","Shahla Nawaz","DR-185","EMDS Call","Medical Emergency","Vomiting","2026/01/15 04:05:04 PM","Khanpur"
"75449","Rana M. Usman","DR-200","Direct Call","Patient Transfer Service","N/A","2026/01/15 04:15:05 PM","Sadiqabad"
"261215","Rana M. Usman","DR-200","EMDS Call","Medical Emergency","SOB/ Respiratory Distress","2026/01/15 04:23:20 PM","Rahim Yar Khan"
"261216","Muhammad Riaz","DR-654","EMDS Call","Fire","Carelessness/Smoking","2026/01/15 04:29:20 PM","Khanpur"
"75450","Rana M. Usman","DR-200","Direct Call","Patient Transfer Service","N/A","2026/01/15 04:42:23 PM","Khanpur"
"261217","Rana M. Usman","DR-200","EMDS Call","Medical Emergency","Unconscious","2026/01/15 04:46:00 PM","Sadiqabad"
"261218","Muhammad Riaz","DR-654","EMDS Call","Medical Emergency","Abdominal Pain","2026/01/15 04:49:10 PM","Sadiqabad"
"261219","Rana M. Usman","DR-200","EMDS Call","Medical Emergency","SOB/ Respiratory Distress","2026/01/15 04:57:50 PM","Rahim Yar Khan"
"261220","Shahla Nawaz","DR-185","EMDS Call","Road Crash","Minor Injuries","2026/01/15 05:12:30 PM","Rahim Yar Khan"
"261221","Bushra Saleem","MR-5701","EMDS Call","Medical Emergency","Hypertension","2026/01/15 05:13:18 PM","Sadiqabad"
"261222","Rana M. Usman","DR-200","EMDS Call","Medical Emergency","Hypertension","2026/01/15 05:18:37 PM","Rahim Yar Khan"
"261223","Bushra Saleem","MR-5701","EMDS Call","Road Crash","Bleeding","2026/01/15 05:17:42 PM","Sadiqabad"
"261223","Bushra Saleem","MR-5701","EMDS Call","Road Crash","Bleeding","2026/01/15 05:17:42 PM","Sadiqabad"
"261224","Shahla Nawaz","DR-185","EMDS Call","Medical Emergency","Vomiting","2026/01/15 05:19:01 PM","Liaqatpur"
"261225","Rana M. Usman","DR-200","EMDS Call","Fire","Short Circuit","2026/01/15 05:24:26 PM","Rahim Yar Khan"
"261226","Bushra Saleem","MR-5701","EMDS Call","Road Crash","Bleeding","2026/01/15 05:43:43 PM","Khanpur"
"261227","Muhammad Fiaz","DR-206","EMDS Call","Medical Emergency","High Fever","2026/01/15 05:50:07 PM","Sadiqabad"
"261228","Shahla Nawaz","DR-185","EMDS Call","Medical Emergency","Abdominal Pain","2026/01/15 05:58:54 PM","Rahim Yar Khan"
"261229","Shahla Nawaz","DR-185","EMDS Call","Medical Emergency","SOB/ Respiratory Distress","2026/01/15 06:04:25 PM","Rahim Yar Khan"
"261230","Bushra Saleem","MR-5701","EMDS Call","Medical Emergency","SOB/ Respiratory Distress","2026/01/15 06:14:42 PM","Rahim Yar Khan"
"261231","Adil Iqbal","DR-782","EMDS Call","Medical Emergency","Others","2026/01/15 06:15:09 PM","Rahim Yar Khan"
"261233","Adil Iqbal","DR-782","EMDS Call","Medical Emergency","Hypertension","2026/01/15 06:21:08 PM","Sadiqabad"
"261232","Adil Iqbal","DR-782","EMDS Call","Medical Emergency","SOB/ Respiratory Distress","2026/01/15 06:28:11 PM","Khanpur"
"261235","Bushra Saleem","MR-5701","EMDS Call","Medical Emergency","Hypertension","2026/01/15 06:31:25 PM","Rahim Yar Khan"
"261234","Adil Iqbal","DR-782","EMDS Call","Medical Emergency","Hypertension","2026/01/15 06:31:18 PM","Liaqatpur"
"75451","Muhammad Fiaz","DR-206","Direct Call","Patient Transfer Service","N/A","2026/01/15 06:31:12 PM","Rahim Yar Khan"
"75452","Muhammad Fiaz","DR-206","Direct Call","Patient Transfer Service","N/A","2026/01/15 06:34:34 PM","Liaqatpur"
"261236","Adil Iqbal","DR-782","EMDS Call","Road Crash","Bleeding","2026/01/15 06:34:20 PM","Sadiqabad"
"261236","Adil Iqbal","DR-782","EMDS Call","Road Crash","Bleeding","2026/01/15 06:34:20 PM","Sadiqabad"
"261237","Bushra Saleem","MR-5701","EMDS Call","Road Crash","Bleeding","2026/01/15 06:36:49 PM","Sadiqabad"
"261237","Bushra Saleem","MR-5701","EMDS Call","Road Crash","Bleeding","2026/01/15 06:36:49 PM","Sadiqabad"
"261237","Bushra Saleem","MR-5701","EMDS Call","Road Crash","Bleeding","2026/01/15 06:36:49 PM","Sadiqabad"
"Not Assigned","Adil Iqbal","DR-782","EMDS Call","Road Crash","Bleeding","2026/01/15 06:38:31 PM","Rahim Yar Khan"
"261238","Bushra Saleem","MR-5701","EMDS Call","Rescue Operations","Animal/Bird Rescue","2026/01/15 06:41:02 PM","Khanpur"
"261239","Adil Iqbal","DR-782","EMDS Call","Road Crash","Bleeding","2026/01/15 06:41:59 PM","Rahim Yar Khan"
"75453","Muhammad Fiaz","DR-206","Direct Call","Patient Transfer Service","N/A","2026/01/15 06:52:28 PM","Khanpur"
"261240","Bushra Saleem","MR-5701","EMDS Call","Medical Emergency","Hypertension","2026/01/15 07:08:01 PM","Rahim Yar Khan"
"75454","Muhammad Fiaz","DR-206","Direct Call","Patient Transfer Service","N/A","2026/01/15 07:13:22 PM","Sadiqabad"
"261241","Muhammad Fiaz","DR-206","EMDS Call","Medical Emergency","Chronic Illness","2026/01/15 07:15:14 PM","Rahim Yar Khan"
"261242","Adil Iqbal","DR-782","EMDS Call","Road Crash","Severe Trauma","2026/01/15 07:21:38 PM","Rahim Yar Khan"
"75455","Muhammad Fiaz","DR-206","Direct Call","Patient Transfer Service","N/A","2026/01/15 07:27:29 PM","Sadiqabad"
"261244","Muhammad Fiaz","DR-206","EMDS Call","Road Crash","Bleeding","2026/01/15 07:28:26 PM","Rahim Yar Khan"
"261243","Shahla Nawaz","DR-185","Direct Call","Medical Emergency","Hypertension","2026/01/15 07:26:31 PM","Rahim Yar Khan"
"261245","Bushra Saleem","MR-5701","EMDS Call","Medical Emergency","Vomiting","2026/01/15 07:30:13 PM","Khanpur"
"261246","Adil Iqbal","DR-782","EMDS Call","Medical Emergency","Hypertension","2026/01/15 07:39:27 PM","Sadiqabad"
"75456","Bushra Saleem","MR-5701","Direct Call","Patient Transfer Service","N/A","2026/01/15 07:43:56 PM","Sadiqabad"
"261247","Shahla Nawaz","DR-185","EMDS Call","Road Crash","Bleeding","2026/01/15 07:44:02 PM","Rahim Yar Khan"
"261247","Shahla Nawaz","DR-185","EMDS Call","Road Crash","Bleeding","2026/01/15 07:44:02 PM","Rahim Yar Khan"
"261248","Bushra Saleem","MR-5701","EMDS Call","Medical Emergency","SOB/ Respiratory Distress","2026/01/15 07:45:40 PM","Khanpur"
"75457","Bushra Saleem","MR-5701","Direct Call","Patient Transfer Service","N/A","2026/01/15 07:47:33 PM","Sadiqabad"
"261249","Bushra Saleem","MR-5701","EMDS Call","Medical Emergency","Others","2026/01/15 07:59:00 PM","Sadiqabad"
"261250","Adil Iqbal","DR-782","EMDS Call","Medical Emergency","High Fever","2026/01/15 08:08:51 PM","Rahim Yar Khan"
"261251","Shahla Nawaz","DR-185","EMDS Call","Medical Emergency","Epilepsy","2026/01/15 08:13:14 PM","Liaqatpur"
"261252","Shahla Nawaz","DR-185","EMDS Call","Medical Emergency","Hypertension","2026/01/15 08:26:09 PM","Rahim Yar Khan"
"261253","Adil Iqbal","DR-782","EMDS Call","Medical Emergency","SOB/ Respiratory Distress","2026/01/15 08:25:52 PM","Rahim Yar Khan"
"261254","Shahla Nawaz","DR-185","EMDS Call","Medical Emergency","Others","2026/01/15 08:33:19 PM","Rahim Yar Khan"
"261255","Adil Iqbal","DR-782","EMDS Call","Medical Emergency","Chest Pain","2026/01/15 08:35:18 PM","Sadiqabad"
"261256","Bushra Saleem","MR-5701","EMDS Call","Road Crash","Minor Injuries","2026/01/15 08:37:20 PM","Liaqatpur"
"261257","Bushra Saleem","MR-5701","EMDS Call","Medical Emergency","Others","2026/01/15 08:42:46 PM","Rahim Yar Khan"
"261258","Shahla Nawaz","DR-185","Direct Call","Medical Emergency","Chronic Illness","2026/01/15 08:43:47 PM","Rahim Yar Khan"
"261259","Shahla Nawaz","DR-185","Direct Call","Medical Emergency","Others","2026/01/15 08:48:04 PM","Rahim Yar Khan"
"261260","Adil Iqbal","DR-782","EMDS Call","Medical Emergency","Hypertension","2026/01/15 08:49:52 PM","Rahim Yar Khan"
"261261","Bushra Saleem","MR-5701","EMDS Call","Rescue Operations","Snake Emergency","2026/01/15 08:51:44 PM","Liaqatpur"
"261262","Muhammad Zahid","DR-888","EMDS Call","Rescue Operations","Delivery Case","2026/01/15 08:54:55 PM","Rahim Yar Khan"
"261263","Zahid Manzoor","DR-887","EMDS Call","Medical Emergency","Hypertension","2026/01/15 09:04:09 PM","Rahim Yar Khan"
"261264","Maheen Tahir","MR-6017","EMDS Call","Medical Emergency","Chronic Illness","2026/01/15 09:05:44 PM","Rahim Yar Khan"
"261265","Zahid Manzoor","DR-887","EMDS Call","Medical Emergency","Others","2026/01/15 09:07:16 PM","Rahim Yar Khan"
"261266","Zahid Manzoor","DR-887","EMDS Call","Medical Emergency","Others","2026/01/15 09:12:40 PM","Sadiqabad"
"261267","Maheen Tahir","MR-6017","EMDS Call","Fire","Others","2026/01/15 09:15:37 PM","Khanpur"
"261268","Zahid Manzoor","DR-887","EMDS Call","Medical Emergency","Others","2026/01/15 09:17:18 PM","Rahim Yar Khan"
"261269","Maheen Tahir","MR-6017","EMDS Call","Fall","Slipped On Floor","2026/01/15 09:21:51 PM","Rahim Yar Khan"
"261271","Maheen Tahir","MR-6017","EMDS Call","Medical Emergency","Renal Disorders / Renal Colic ","2026/01/15 09:26:01 PM","Rahim Yar Khan"
"261270","Farah Sadaqat","MR-5930","EMDS Call","Medical Emergency","Diabetic","2026/01/15 09:25:28 PM","Liaqatpur"
"261272","Maheen Tahir","MR-6017","EMDS Call","Medical Emergency","Abdominal Pain","2026/01/15 09:37:10 PM","Sadiqabad"
"261273","Farah Sadaqat","MR-5930","EMDS Call","Medical Emergency","Vomiting","2026/01/15 09:40:41 PM","Rahim Yar Khan"
"261274","Zahid Manzoor","DR-887","EMDS Call","Medical Emergency","Abdominal Pain","2026/01/15 09:45:41 PM","Rahim Yar Khan"
"75458","Zahid Manzoor","DR-887","Direct Call","Patient Transfer Service","N/A","2026/01/15 09:53:55 PM","Sadiqabad"
"261275","Maheen Tahir","MR-6017","EMDS Call","Rescue Operations","Delivery Case","2026/01/15 10:00:55 PM","Liaqatpur"
"261276","Maheen Tahir","MR-6017","EMDS Call","Medical Emergency","Hypertension","2026/01/15 10:03:51 PM","Sadiqabad"
"261277","Maheen Tahir","MR-6017","EMDS Call","Medical Emergency","Abdominal Pain","2026/01/15 10:10:14 PM","Khanpur"
"75459","Farah Sadaqat","MR-5930","Direct Call","Patient Transfer Service","N/A","2026/01/15 10:16:20 PM","Khanpur"
"261278","Farah Sadaqat","MR-5930","EMDS Call","Medical Emergency","Others","2026/01/15 10:24:12 PM","Rahim Yar Khan"
"261279","Maheen Tahir","MR-6017","EMDS Call","Rescue Operations","Delivery Case","2026/01/15 10:25:16 PM","Sadiqabad"
"261280","Farah Sadaqat","MR-5930","EMDS Call","Medical Emergency","Renal Disorders / Renal Colic ","2026/01/15 10:33:16 PM","Khanpur"
"261281","Zahid Manzoor","DR-887","EMDS Call","Medical Emergency","Unconscious","2026/01/15 10:38:07 PM","Rahim Yar Khan"
"261282","Farah Sadaqat","MR-5930","EMDS Call","Medical Emergency","Others","2026/01/15 10:39:09 PM","Rahim Yar Khan"
"261283","Maheen Tahir","MR-6017","EMDS Call","Medical Emergency","High Fever","2026/01/15 10:40:11 PM","Rahim Yar Khan"
"261284","Farah Sadaqat","MR-5930","EMDS Call","Medical Emergency","Chest Pain","2026/01/15 10:43:20 PM","Rahim Yar Khan"
"261285","Maheen Tahir","MR-6017","EMDS Call","Fire","Others","2026/01/15 10:47:15 PM","Rahim Yar Khan"
"261286","Farah Sadaqat","MR-5930","EMDS Call","Road Crash","Minor Injuries","2026/01/15 10:54:42 PM","Sadiqabad"
"261287","Farah Sadaqat","MR-5930","EMDS Call","Medical Emergency","Hypertension","2026/01/15 11:00:12 PM","Sadiqabad"
"261288","Maheen Tahir","MR-6017","EMDS Call","Medical Emergency","High Fever","2026/01/15 11:02:24 PM","Rahim Yar Khan"
"261289","Maheen Tahir","MR-6017","EMDS Call","Road Crash","Bleeding","2026/01/15 11:09:40 PM","Rahim Yar Khan"
"261290","Zahid Manzoor","DR-887","EMDS Call","Medical Emergency","Unconscious","2026/01/15 11:17:26 PM","Rahim Yar Khan"
"261291","Farah Sadaqat","MR-5930","EMDS Call","Medical Emergency","Unconscious","2026/01/15 11:19:36 PM","Liaqatpur"
"261292","Maheen Tahir","MR-6017","EMDS Call","Crime","Physical Assault/Violence","2026/01/15 11:28:50 PM","Liaqatpur"
"261293","Zahid Manzoor","DR-887","EMDS Call","Medical Emergency","Abdominal Pain","2026/01/15 11:41:55 PM","Rahim Yar Khan"
"261294","Zahid Manzoor","DR-887","EMDS Call","Medical Emergency","Hypertension","2026/01/15 11:48:57 PM","Rahim Yar Khan"
"75460","Maheen Tahir","MR-6017","Direct Call","Patient Transfer Service","N/A","2026/01/15 11:51:48 PM","Liaqatpur"
"261295","Maheen Tahir","MR-6017","Direct Call","Medical Emergency","Others","2026/01/16 12:01:36 AM","Rahim Yar Khan"
"261296","Zahid Manzoor","DR-887","EMDS Call","Medical Emergency","Hypertension","2026/01/16 12:11:40 AM","Rahim Yar Khan"
"261297","Zahid Manzoor","DR-887","EMDS Call","Medical Emergency","Abdominal Pain","2026/01/16 12:26:31 AM","Liaqatpur"
"261298","Muhammad Zahid","DR-888","EMDS Call","Medical Emergency","SOB/ Respiratory Distress","2026/01/16 12:55:22 AM","Rahim Yar Khan"
"261299","Zahid Manzoor","DR-887","EMDS Call","Medical Emergency","Hypertension","2026/01/16 01:06:46 AM","Rahim Yar Khan"
"261300","Zahid Manzoor","DR-887","EMDS Call","Medical Emergency","SOB/ Respiratory Distress","2026/01/16 01:26:13 AM","Sadiqabad"
"261301","Muhammad Zahid","DR-888","EMDS Call","Medical Emergency","Others","2026/01/16 01:27:45 AM","Rahim Yar Khan"
"261302","Maheen Tahir","MR-6017","EMDS Call","Medical Emergency","Renal Disorders / Renal Colic ","2026/01/16 01:40:33 AM","Rahim Yar Khan"
"261303","Zahid Manzoor","DR-887","EMDS Call","Medical Emergency","Hypertension","2026/01/16 01:46:18 AM","Rahim Yar Khan"
"75461","Maheen Tahir","MR-6017","Direct Call","Patient Transfer Service","N/A","2026/01/16 02:00:24 AM","Khanpur"
"261304","Maheen Tahir","MR-6017","Direct Call","Medical Emergency","Abdominal Pain","2026/01/16 02:05:13 AM","Rahim Yar Khan"
"261305","Zahid Manzoor","DR-887","EMDS Call","Medical Emergency","Diabetic","2026/01/16 02:22:24 AM","Rahim Yar Khan"
"261306","Maheen Tahir","MR-6017","Direct Call","Rescue Operations","Delivery Case","2026/01/16 02:32:56 AM","Khanpur"
"261307","Zahid Manzoor","DR-887","EMDS Call","Medical Emergency","Unconscious","2026/01/16 02:35:13 AM","Sadiqabad"
"261308","Muhammad Zahid","DR-888","EMDS Call","Rescue Operations","Delivery Case","2026/01/16 03:07:32 AM","Khanpur"
"261309","Muhammad Zahid","DR-888","EMDS Call","Medical Emergency","SOB/ Respiratory Distress","2026/01/16 03:32:59 AM","Rahim Yar Khan"
"261310","Farah Sadaqat","MR-5930","EMDS Call","Medical Emergency","Renal Disorders / Renal Colic ","2026/01/16 04:01:48 AM","Rahim Yar Khan"
"261311","Muhammad Zubair","DR-894","EMDS Call","Medical Emergency","Abdominal Pain","2026/01/16 04:04:52 AM","Rahim Yar Khan"
"261312","Farah Sadaqat","MR-5930","EMDS Call","Medical Emergency","Chest Pain","2026/01/16 04:13:13 AM","Sadiqabad"
"75462","Farah Sadaqat","MR-5930","Direct Call","Patient Transfer Service","N/A","2026/01/16 04:20:49 AM","Khanpur"
"261313","Shaheen Islam","DR-1171","EMDS Call","Road Crash","Minor Injuries","2026/01/16 04:59:31 AM","Liaqatpur"
"261314","Muhammad Zubair","DR-894","EMDS Call","Medical Emergency","Diabetic","2026/01/16 05:43:56 AM","Rahim Yar Khan"
"261315","Shaheen Islam","DR-1171","Direct Call","Medical Emergency","High Fever","2026/01/16 05:44:03 AM","Liaqatpur"
"261316","Farah Sadaqat","MR-5930","EMDS Call","Medical Emergency","Hypertension","2026/01/16 05:59:47 AM","Rahim Yar Khan"
"261317","Muhammad Zubair","DR-894","Direct Call","Rescue Operations","Mass Event Coverage","2026/01/16 06:06:31 AM","Rahim Yar Khan"
"261318","Shaheen Islam","DR-1171","EMDS Call","Medical Emergency","Vomiting","2026/01/16 06:26:44 AM","Rahim Yar Khan"
"261319","Farah Sadaqat","MR-5930","EMDS Call","Medical Emergency","Renal Disorders / Renal Colic ","2026/01/16 06:27:25 AM","Rahim Yar Khan"
"261320","Shaheen Islam","DR-1171","EMDS Call","Medical Emergency","Domestic Injuries","2026/01/16 06:36:35 AM","Rahim Yar Khan"
"261321","Farah Sadaqat","MR-5930","EMDS Call","Medical Emergency","Others","2026/01/16 07:19:41 AM","Rahim Yar Khan"
"261322","Farah Sadaqat","MR-5930","EMDS Call","Medical Emergency","Chest Pain","2026/01/16 07:50:03 AM","Khanpur"
"75463","Shaheen Islam","DR-1171","Direct Call","Patient Transfer Service","N/A","2026/01/16 07:51:48 AM","Sadiqabad"
"261323","Shaheen Islam","DR-1171","EMDS Call","Medical Emergency","Vomiting","2026/01/16 07:53:43 AM","Khanpur"
"261324","Adil Iqbal","DR-782","Direct Call","Rescue Operations","Mass Event Coverage","2026/01/16 07:56:03 AM","Rahim Yar Khan"
"261325","Zia ul Haq","DR-328","EMDS Call","Medical Emergency","Vomiting","2026/01/16 08:00:56 AM","Rahim Yar Khan"
"261326","Zia ul Haq","DR-328","Direct Call","Rescue Operations","Mass Event Coverage","2026/01/16 08:07:28 AM","Rahim Yar Khan"
"261327","Aasia Batool","MR-5198","EMDS Call","Medical Emergency","Unconscious","2026/01/16 08:16:33 AM","Rahim Yar Khan"
"261328","Saima Bashir","MR-5819","EMDS Call","Road Crash","Bleeding","2026/01/16 08:20:09 AM","Sadiqabad"
"261329","Zia ul Haq","DR-328","EMDS Call","Medical Emergency","SOB/ Respiratory Distress","2026/01/16 08:22:16 AM","Rahim Yar Khan"
"261330","Muhammad ALi","DR-818","EMDS Call","Road Crash","Bleeding","2026/01/16 08:29:41 AM","Rahim Yar Khan"
"261331","Saima Bashir","MR-5819","EMDS Call","Medical Emergency","Backache","2026/01/16 08:58:49 AM","Rahim Yar Khan"
"261332","Saima Bashir","MR-5819","EMDS Call","Medical Emergency","SOB/ Respiratory Distress","2026/01/16 09:06:13 AM","Rahim Yar Khan"
"261333","Zia ul Haq","DR-328","EMDS Call","Road Crash","Bleeding","2026/01/16 09:06:35 AM","Rahim Yar Khan"
"261334","Muhammad ALi","DR-818","EMDS Call","Medical Emergency","Joints Pain","2026/01/16 09:06:14 AM","Rahim Yar Khan"
"261335","Saima Bashir","MR-5819","EMDS Call","Medical Emergency","Chest Pain","2026/01/16 09:17:25 AM","Rahim Yar Khan"
"261336","Zia ul Haq","DR-328","Direct Call","Medical Emergency","Abdominal Pain","2026/01/16 09:20:34 AM","Liaqatpur"
"261337","Muhammad ALi","DR-818","EMDS Call","Fall","Fall From Stairs","2026/01/16 09:36:19 AM","Rahim Yar Khan"
"261338","Muhammad Saeed","DR-190","EMDS Call","Rescue Operations","Delivery Case","2026/01/16 09:38:03 AM","Rahim Yar Khan"
"261339","Zia ul Haq","DR-328","EMDS Call","Medical Emergency","High Fever","2026/01/16 09:48:02 AM","Rahim Yar Khan"
"75464","Zia ul Haq","DR-328","Direct Call","Patient Transfer Service","N/A","2026/01/16 09:51:28 AM","Liaqatpur"
"Not Assigned","Zia ul Haq","DR-328","Direct Call","Community","Community Training","2026/01/16 09:53:39 AM","Liaqatpur"
"261340","Muhammad Saeed","DR-190","EMDS Call","Medical Emergency","Chest Pain","2026/01/16 09:54:38 AM","Khanpur"
"261341","Shahid Jamil","DR-184","EMDS Call","Medical Emergency","SOB/ Respiratory Distress","2026/01/16 09:56:08 AM","Khanpur"
"Not Assigned","Zia ul Haq","DR-328","Direct Call","Community","Community Training","2026/01/16 09:56:42 AM","Khanpur"
"261342","Muhammad ALi","DR-818","EMDS Call","Road Crash","Minor Injuries","2026/01/16 09:59:52 AM","Sadiqabad"
"75465","Zia ul Haq","DR-328","Direct Call","Patient Transfer Service","N/A","2026/01/16 10:02:41 AM","Liaqatpur"
"261343","Shahid Jamil","DR-184","EMDS Call","Medical Emergency","Abdominal Pain","2026/01/16 10:02:23 AM","Rahim Yar Khan"
"261344","Zia ul Haq","DR-328","Direct Call","Rescue Operations","Mass Event Coverage","2026/01/16 10:16:31 AM","Sadiqabad"
"261345","Muhammad ALi","DR-818","EMDS Call","Road Crash","Minor Injuries","2026/01/16 10:18:36 AM","Rahim Yar Khan"
"261346","Zia ul Haq","DR-328","EMDS Call","Medical Emergency","Others","2026/01/16 10:16:50 AM","Rahim Yar Khan"
"261347","Shahid Jamil","DR-184","EMDS Call","Medical Emergency","Hypertension","2026/01/16 10:18:51 AM","Sadiqabad"
"261348","Shahid Jamil","DR-184","EMDS Call","Medical Emergency","Hypotension","2026/01/16 10:30:52 AM","Rahim Yar Khan"
"261349","Muhammad AAmar","DR-915","EMDS Call","Road Crash","Minor Injuries","2026/01/16 10:33:24 AM","Rahim Yar Khan"
"261350","Muhammad ALi","DR-818","EMDS Call","Road Crash","Minor Injuries","2026/01/16 10:36:03 AM","Rahim Yar Khan"
"75466","Aasia Batool","MR-5198","Direct Call","Patient Transfer Service","N/A","2026/01/16 10:38:24 AM","Khanpur"
"261351","Aasia Batool","MR-5198","EMDS Call","Medical Emergency","Hypertension","2026/01/16 10:42:20 AM","Rahim Yar Khan"
"75467","Aasia Batool","MR-5198","Direct Call","Patient Transfer Service","N/A","2026/01/16 10:45:35 AM","Khanpur"
"261352","Muhammad AAmar","DR-915","EMDS Call","Medical Emergency","Chest Pain","2026/01/16 10:49:17 AM","Sadiqabad"
"75468","Muhammad ALi","DR-818","Direct Call","Patient Transfer Service","N/A","2026/01/16 10:53:07 AM","Sadiqabad"
"261353","Muhammad ALi","DR-818","EMDS Call","Rescue Operations","Delivery Case","2026/01/16 10:57:12 AM","Liaqatpur"
"261354","Muhammad AAmar","DR-915","EMDS Call","Medical Emergency","Joints Pain","2026/01/16 11:00:40 AM","Rahim Yar Khan"
"75469","Aasia Batool","MR-5198","Direct Call","Patient Transfer Service","N/A","2026/01/16 11:05:05 AM","Sadiqabad"
"261355","Aasia Batool","MR-5198","EMDS Call","Road Crash","Minor Injuries","2026/01/16 11:12:44 AM","Rahim Yar Khan"
"261356","Muhammad AAmar","DR-915","EMDS Call","Medical Emergency","Chronic Illness","2026/01/16 11:18:54 AM","Liaqatpur"
"261357","Muhammad Saeed","DR-190","EMDS Call","Medical Emergency","Abdominal Pain","2026/01/16 11:25:13 AM","Khanpur"
"261358","Muhammad Saeed","DR-190","EMDS Call","Road Crash","Minor Injuries","2026/01/16 11:32:27 AM","Rahim Yar Khan"
"261359","Shahid Jamil","DR-184","EMDS Call","Medical Emergency","Chest Pain","2026/01/16 11:33:49 AM","Rahim Yar Khan"
"261360","Muhammad ALi","DR-818","EMDS Call","Medical Emergency","Abdominal Pain","2026/01/16 11:37:19 AM","Rahim Yar Khan"
"75470","Aasia Batool","MR-5198","Direct Call","Patient Transfer Service","N/A","2026/01/16 11:49:59 AM","Rahim Yar Khan"
"261361","Muhammad Saeed","DR-190","EMDS Call","Road Crash","Severe Trauma","2026/01/16 12:07:46 PM","Khanpur"
"261361","Muhammad Saeed","DR-190","EMDS Call","Road Crash","Severe Trauma","2026/01/16 12:07:46 PM","Khanpur"
"261362","Saima Bashir","MR-5819","EMDS Call","Medical Emergency","Others","2026/01/16 12:08:06 PM","Sadiqabad"
"261363","Muhammad AAmar","DR-915","EMDS Call","Medical Emergency","Joints Pain","2026/01/16 12:14:21 PM","Khanpur"
"261364","Saima Bashir","MR-5819","EMDS Call","Medical Emergency","Hypertension","2026/01/16 12:15:58 PM","Rahim Yar Khan"
"261365","Saima Bashir","MR-5819","EMDS Call","Medical Emergency","Others","2026/01/16 12:26:41 PM","Sadiqabad"
"261366","Muhammad Saeed","DR-190","EMDS Call","Road Crash","Minor Injuries","2026/01/16 12:41:21 PM","Rahim Yar Khan"
"261367","Muhammad Abid","DR-874","EMDS Call","Road Crash","Bleeding","2026/01/16 12:53:23 PM","Liaqatpur"
"261368","Muhammad ALi","DR-818","EMDS Call","Medical Emergency","SOB/ Respiratory Distress","2026/01/16 12:55:23 PM","Khanpur"
"261369","Aasia Batool","MR-5198","EMDS Call","Medical Emergency","Abdominal Pain","2026/01/16 12:56:59 PM","Rahim Yar Khan"
"261370","Muhammad ALi","DR-818","EMDS Call","Road Crash","Severe Trauma","2026/01/16 01:01:26 PM","Khanpur"
"261370","Muhammad ALi","DR-818","EMDS Call","Road Crash","Severe Trauma","2026/01/16 01:01:26 PM","Khanpur"
"261371","Saima Bashir","MR-5819","EMDS Call","Medical Emergency","Unconscious","2026/01/16 01:15:12 PM","Rahim Yar Khan"
"261372","Saima Bashir","MR-5819","EMDS Call","Medical Emergency","Epilepsy","2026/01/16 01:18:04 PM","Khanpur"
"261373","Muhammad Saeed","DR-190","EMDS Call","Road Crash","Multiple Fractures","2026/01/16 01:18:08 PM","Rahim Yar Khan"
"261374","Aasia Batool","MR-5198","EMDS Call","Medical Emergency","Abdominal Pain","2026/01/16 01:29:00 PM","Khanpur"
"261375","Nida Rahat","DR-1322","EMDS Call","Crime","Physical Assault/Violence","2026/01/16 01:32:16 PM","Rahim Yar Khan"
"261376","Muhammad Saeed","DR-190","Direct Call","Medical Emergency","High Fever","2026/01/16 01:33:32 PM","Rahim Yar Khan"
"261377","Muhammad Saeed","DR-190","EMDS Call","Road Crash","Severe Trauma","2026/01/16 01:41:54 PM","Rahim Yar Khan"
"261378","Aasia Batool","MR-5198","EMDS Call","Medical Emergency","Joints Pain","2026/01/16 01:48:11 PM","Rahim Yar Khan"
"261379","Zia ul Haq","DR-328","Direct Call","Medical Emergency","Diabetic","2026/01/16 01:48:43 PM","Rahim Yar Khan"
"261380","Zia ul Haq","DR-328","EMDS Call","Crime","Bullet Injury","2026/01/16 02:13:53 PM","Rahim Yar Khan"
"261381","Aasia Batool","MR-5198","EMDS Call","Medical Emergency","Hypertension","2026/01/16 02:20:50 PM","Rahim Yar Khan"
"261382","Bushra Saleem","MR-5701","EMDS Call","Road Crash","Bleeding","2026/01/16 02:24:22 PM","Liaqatpur"
"75471","Bushra Saleem","MR-5701","Direct Call","Patient Transfer Service","N/A","2026/01/16 02:26:30 PM","Khanpur"
"261383","Muhammad Rashid Saleem","DR-187","EMDS Call","Road Crash","Minor Injuries","2026/01/16 02:27:34 PM","Rahim Yar Khan"
"261384","Rana M. Usman","DR-200","EMDS Call","Medical Emergency","Renal Disorders / Renal Colic ","2026/01/16 02:28:50 PM","Sadiqabad"
"261385","Bushra Saleem","MR-5701","EMDS Call","Medical Emergency","Others","2026/01/16 02:30:47 PM","Sadiqabad"
"75472","Bushra Saleem","MR-5701","Direct Call","Patient Transfer Service","N/A","2026/01/16 02:36:12 PM","Khanpur"
"261386","Muhammad Rashid Saleem","DR-187","EMDS Call","Medical Emergency","Chest Pain","2026/01/16 02:35:08 PM","Rahim Yar Khan"
"261389","Sheeza Barkat","MR-5331","EMDS Call","Medical Emergency","High Fever","2026/01/16 02:35:34 PM","Rahim Yar Khan"
"261387","Rana M. Usman","DR-200","EMDS Call","Medical Emergency","Chest Pain","2026/01/16 02:38:48 PM","Sadiqabad"
"261388","Rana M. Usman","DR-200","EMDS Call","Medical Emergency","Abdominal Pain","2026/01/16 02:43:03 PM","Khanpur"
"261390","Rana M. Usman","DR-200","EMDS Call","Medical Emergency","SOB/ Respiratory Distress","2026/01/16 02:46:22 PM","Rahim Yar Khan"
"261391","Bushra Saleem","MR-5701","EMDS Call","Medical Emergency","SOB/ Respiratory Distress","2026/01/16 02:48:21 PM","Sadiqabad"
"75473","Sheeza Barkat","MR-5331","Direct Call","Patient Transfer Service","N/A","2026/01/16 02:51:39 PM","Khanpur"
"261392","Bushra Saleem","MR-5701","EMDS Call","Medical Emergency","Unconscious","2026/01/16 02:55:25 PM","Rahim Yar Khan"
"261393","Muhammad Rashid Saleem","DR-187","EMDS Call","Road Crash","Bleeding","2026/01/16 02:56:17 PM","Rahim Yar Khan"
"261394","Rana M. Usman","DR-200","EMDS Call","Medical Emergency","Epilepsy","2026/01/16 02:58:18 PM","Sadiqabad"
"261395","Muhammad Rashid Saleem","DR-187","EMDS Call","Road Crash","Minor Injuries","2026/01/16 03:03:02 PM","Rahim Yar Khan"
"261396","Bushra Saleem","MR-5701","EMDS Call","Medical Emergency","Hypertension","2026/01/16 03:02:28 PM","Rahim Yar Khan"
"261397","Muhammad Rashid Saleem","DR-187","EMDS Call","Medical Emergency","Chronic Illness","2026/01/16 03:04:07 PM","Rahim Yar Khan"
"261398","Muhammad Rashid Saleem","DR-187","EMDS Call","Road Crash","Bleeding","2026/01/16 03:07:24 PM","Sadiqabad"
"261399","Muhammad Rashid Saleem","DR-187","EMDS Call","Medical Emergency","High Fever","2026/01/16 03:17:08 PM","Liaqatpur"
"261400","Rana M. Usman","DR-200","EMDS Call","Medical Emergency","Unconscious","2026/01/16 03:18:26 PM","Liaqatpur"
"261401","Shahla Nawaz","DR-185","EMDS Call","Medical Emergency","Unconscious","2026/01/16 03:17:03 PM","Rahim Yar Khan"
"75474","Rana M. Usman","DR-200","Direct Call","Patient Transfer Service","N/A","2026/01/16 03:21:43 PM","Sadiqabad"
"261402","Muhammad Rashid Saleem","DR-187","EMDS Call","Road Crash","Minor Injuries","2026/01/16 03:21:44 PM","Sadiqabad"
"261403","Shahla Nawaz","DR-185","EMDS Call","Road Crash","Bleeding","2026/01/16 03:31:00 PM","Liaqatpur"
"261404","Rana M. Usman","DR-200","EMDS Call","Rescue Operations","Animal/Bird Rescue","2026/01/16 03:31:43 PM","Khanpur"
"261405","Shahla Nawaz","DR-185","EMDS Call","Medical Emergency","Joints Pain","2026/01/16 03:35:44 PM","Khanpur"
"261406","Rana M. Usman","DR-200","EMDS Call","Medical Emergency","Vomiting","2026/01/16 03:37:28 PM","Rahim Yar Khan"
"261407","Shahla Nawaz","DR-185","EMDS Call","Medical Emergency","Abdominal Pain","2026/01/16 03:55:17 PM","Rahim Yar Khan"
"261408","Muhammad Riaz","DR-654","EMDS Call","Rescue Operations","Delivery Case","2026/01/16 03:56:51 PM","Rahim Yar Khan"
"261409","Muhammad Riaz","DR-654","EMDS Call","Medical Emergency","Vomiting","2026/01/16 04:02:24 PM","Rahim Yar Khan"
"261410","Sheeza Barkat","MR-5331","EMDS Call","Medical Emergency","Diarrhea","2026/01/16 04:03:53 PM","Rahim Yar Khan"
"261411","Muhammad Riaz","DR-654","EMDS Call","Fire","Carelessness/Smoking","2026/01/16 04:04:47 PM","Khanpur"
"261412","Bushra Saleem","MR-5701","EMDS Call","Medical Emergency","SOB/ Respiratory Distress","2026/01/16 04:18:43 PM","Rahim Yar Khan"
"261413","Muhammad Riaz","DR-654","EMDS Call","Medical Emergency","Domestic Injuries","2026/01/16 04:20:56 PM","Rahim Yar Khan"
"75475","Bushra Saleem","MR-5701","Direct Call","Patient Transfer Service","N/A","2026/01/16 04:23:43 PM","Liaqatpur"
"261414","Muhammad Riaz","DR-654","EMDS Call","Road Crash","Bleeding","2026/01/16 04:24:33 PM","Khanpur"
"75476","Sheeza Barkat","MR-5331","Direct Call","Patient Transfer Service","N/A","2026/01/16 04:25:25 PM","Rahim Yar Khan"
"261415","Muhammad Riaz","DR-654","EMDS Call","Medical Emergency","Abdominal Pain","2026/01/16 04:26:26 PM","Rahim Yar Khan"
"75479","Muhammad Riaz","DR-654","Direct Call","Patient Transfer Service","N/A","2026/01/16 04:40:57 PM","Sadiqabad"
"261416","Bushra Saleem","MR-5701","EMDS Call","Medical Emergency","Vomiting","2026/01/16 04:39:27 PM","Khanpur"
"75477","Sheeza Barkat","MR-5331","Direct Call","Patient Transfer Service","N/A","2026/01/16 04:41:39 PM","Liaqatpur"
"75478","Muhammad Riaz","DR-654","Direct Call","Patient Transfer Service","N/A","2026/01/16 04:42:36 PM","Khanpur"
"261417","Sheeza Barkat","MR-5331","EMDS Call","Medical Emergency","Domestic Injuries","2026/01/16 04:51:27 PM","Rahim Yar Khan"
"261418","Muhammad Riaz","DR-654","EMDS Call","Medical Emergency","Others","2026/01/16 04:52:19 PM","Sadiqabad"
"261419","Sheeza Barkat","MR-5331","EMDS Call","Crime","Physical Assault/Violence","2026/01/16 04:57:44 PM","Rahim Yar Khan"
"75480","Muhammad Riaz","DR-654","Direct Call","Patient Transfer Service","N/A","2026/01/16 05:06:49 PM","Sadiqabad"
"75481","Muhammad Riaz","DR-654","Direct Call","Patient Transfer Service","N/A","2026/01/16 05:07:55 PM","Khanpur"
"261420","Shahla Nawaz","DR-185","EMDS Call","Medical Emergency","Hypertension","2026/01/16 05:15:30 PM","Rahim Yar Khan"
"261421","Sheeza Barkat","MR-5331","EMDS Call","Medical Emergency","Hypertension","2026/01/16 05:15:57 PM","Rahim Yar Khan"
"261422","Muhammad Riaz","DR-654","EMDS Call","Medical Emergency","Others","2026/01/16 05:16:47 PM","Rahim Yar Khan"
"261423","Sheeza Barkat","MR-5331","EMDS Call","Road Crash","Severe Trauma","2026/01/16 05:19:09 PM","Rahim Yar Khan"
"261424","Muhammad Riaz","DR-654","EMDS Call","Medical Emergency","High Fever","2026/01/16 05:21:12 PM","Rahim Yar Khan"
"261425","Shahla Nawaz","DR-185","EMDS Call","Medical Emergency","Vomiting","2026/01/16 05:22:13 PM","Rahim Yar Khan"
"261426","Shahla Nawaz","DR-185","EMDS Call","Medical Emergency","SOB/ Respiratory Distress","2026/01/16 05:26:35 PM","Liaqatpur"
"261427","Shahla Nawaz","DR-185","EMDS Call","Medical Emergency","Hypertension","2026/01/16 05:34:51 PM","Sadiqabad"
"261428","Muhammad Riaz","DR-654","EMDS Call","Road Crash","Bleeding","2026/01/16 05:37:59 PM","Khanpur"
"261429","Shahla Nawaz","DR-185","EMDS Call","Road Crash","Severe Trauma","2026/01/16 05:39:35 PM","Khanpur"
"261430","Sheeza Barkat","MR-5331","EMDS Call","Medical Emergency","Diabetic","2026/01/16 05:47:14 PM","Sadiqabad"
"75482","Muhammad Riaz","DR-654","Direct Call","Patient Transfer Service","N/A","2026/01/16 05:49:09 PM","Sadiqabad"
"261431","Muhammad Riaz","DR-654","EMDS Call","Medical Emergency","Hypertension","2026/01/16 05:56:34 PM","Liaqatpur"
"261432","Sheeza Barkat","MR-5331","EMDS Call","Rescue Operations","Delivery Case","2026/01/16 05:56:09 PM","Sadiqabad"
"75483","Muhammad Riaz","DR-654","Direct Call","Patient Transfer Service","N/A","2026/01/16 06:05:22 PM","Sadiqabad"
"261433","Muhammad Riaz","DR-654","EMDS Call","Medical Emergency","Others","2026/01/16 06:10:22 PM","Rahim Yar Khan"
"261434","Muhammad Riaz","DR-654","EMDS Call","Road Crash","Minor Injuries","2026/01/16 06:19:23 PM","Rahim Yar Khan"
"261435","Bushra Saleem","MR-5701","EMDS Call","Medical Emergency","Unconscious","2026/01/16 06:21:41 PM","Rahim Yar Khan"
"261436","Sheeza Barkat","MR-5331","EMDS Call","Medical Emergency","Others","2026/01/16 06:22:50 PM","Rahim Yar Khan"
"261437","Muhammad Riaz","DR-654","EMDS Call","Road Crash","Severe Trauma","2026/01/16 06:24:18 PM","Khanpur"
"261437","Muhammad Riaz","DR-654","EMDS Call","Road Crash","Severe Trauma","2026/01/16 06:24:18 PM","Khanpur"
"261438","Bushra Saleem","MR-5701","EMDS Call","Medical Emergency","Others","2026/01/16 06:25:05 PM","Sadiqabad"
"261439","Muhammad Riaz","DR-654","EMDS Call","Medical Emergency","Hypertension","2026/01/16 06:32:43 PM","Rahim Yar Khan"
"75484","Muhammad Riaz","DR-654","Direct Call","Patient Transfer Service","N/A","2026/01/16 06:35:31 PM","Rahim Yar Khan"
"261440","Bushra Saleem","MR-5701","EMDS Call","Medical Emergency","Diabetic","2026/01/16 06:35:02 PM","Rahim Yar Khan"
"261441","Muhammad Riaz","DR-654","EMDS Call","Rescue Operations","Delivery Case","2026/01/16 06:46:48 PM","Rahim Yar Khan"
"261442","Sheeza Barkat","MR-5331","EMDS Call","Medical Emergency","Others","2026/01/16 06:47:17 PM","Rahim Yar Khan"
"75485","Bushra Saleem","MR-5701","Direct Call","Patient Transfer Service","N/A","2026/01/16 06:49:34 PM","Khanpur"
"261443","Bushra Saleem","MR-5701","EMDS Call","Rescue Operations","Electric Shock","2026/01/16 07:01:02 PM","Rahim Yar Khan"
"261444","Muhammad Riaz","DR-654","EMDS Call","Medical Emergency","Hypertension","2026/01/16 07:05:57 PM","Sadiqabad"
"261445","Sheeza Barkat","MR-5331","EMDS Call","Medical Emergency","Others","2026/01/16 07:07:36 PM","Rahim Yar Khan"
"261446","Bushra Saleem","MR-5701","EMDS Call","Medical Emergency","SOB/ Respiratory Distress","2026/01/16 07:12:29 PM","Liaqatpur"
"261447","Sheeza Barkat","MR-5331","EMDS Call","Medical Emergency","Others","2026/01/16 07:15:15 PM","Rahim Yar Khan"
"261448","Bushra Saleem","MR-5701","EMDS Call","Medical Emergency","Renal Disorders / Renal Colic ","2026/01/16 07:46:45 PM","Sadiqabad"
"261449","Bushra Saleem","MR-5701","EMDS Call","Medical Emergency","Diarrhea","2026/01/16 07:58:00 PM","Rahim Yar Khan"
"261450","Sheeza Barkat","MR-5331","EMDS Call","Medical Emergency","Diabetic","2026/01/16 08:01:56 PM","Rahim Yar Khan"
"75486","Bushra Saleem","MR-5701","Direct Call","Patient Transfer Service","N/A","2026/01/16 08:07:13 PM","Khanpur"
"261451","Sheeza Barkat","MR-5331","EMDS Call","Medical Emergency","Chest Pain","2026/01/16 08:09:50 PM","Khanpur"
"261452","Bushra Saleem","MR-5701","EMDS Call","Medical Emergency","Others","2026/01/16 08:11:02 PM","Rahim Yar Khan"
"261453","Shahla Nawaz","DR-185","EMDS Call","Medical Emergency","Chest Pain","2026/01/16 08:19:13 PM","Sadiqabad"
"261454","Sheeza Barkat","MR-5331","EMDS Call","Medical Emergency","High Fever","2026/01/16 08:30:24 PM","Rahim Yar Khan"
"261455","Bushra Saleem","MR-5701","EMDS Call","Road Crash","Minor Injuries","2026/01/16 08:32:37 PM","Rahim Yar Khan"
"75487","Shahla Nawaz","DR-185","Direct Call","Patient Transfer Service","N/A","2026/01/16 08:36:35 PM","Sadiqabad"
"261456","Bushra Saleem","MR-5701","EMDS Call","Medical Emergency","High Fever","2026/01/16 08:43:16 PM","Rahim Yar Khan"
"261457","Bushra Saleem","MR-5701","EMDS Call","Road Crash","Bleeding","2026/01/16 08:45:29 PM","Khanpur"
"75488","Faiz Muhyy Ul Din","DR-892","Direct Call","Patient Transfer Service","N/A","2026/01/16 08:48:57 PM","Sadiqabad"
"261458","Muhammad Zahid","DR-888","EMDS Call","Fall","Fall From Vehicle","2026/01/16 08:49:17 PM","Liaqatpur"
"261459","Faiz Muhyy Ul Din","DR-892","EMDS Call","Medical Emergency","Others","2026/01/16 08:54:57 PM","Rahim Yar Khan"
"261460","Muhammad Zahid","DR-888","EMDS Call","Road Crash","Bleeding","2026/01/16 08:54:42 PM","Rahim Yar Khan"
"261461","Faiz Muhyy Ul Din","DR-892","EMDS Call","Medical Emergency","SOB/ Respiratory Distress","2026/01/16 08:55:46 PM","Sadiqabad"
"261462","Muhammad Zahid","DR-888","EMDS Call","Medical Emergency","Hypertension","2026/01/16 08:56:41 PM","Rahim Yar Khan"
"75489","Faiz Muhyy Ul Din","DR-892","Direct Call","Patient Transfer Service","N/A","2026/01/16 09:05:11 PM","Liaqatpur"
"261463","Faiz Muhyy Ul Din","DR-892","EMDS Call","Crime","Probable Suicide","2026/01/16 09:06:56 PM","Khanpur"
"261464","Shaheen Islam","DR-1171","EMDS Call","Medical Emergency","Vomiting","2026/01/16 09:09:19 PM","Rahim Yar Khan"
"261465","Muhammad Zahid","DR-888","EMDS Call","Medical Emergency","Abdominal Pain","2026/01/16 09:10:42 PM","Rahim Yar Khan"
"261466","Faiz Muhyy Ul Din","DR-892","EMDS Call","Medical Emergency","Abdominal Pain","2026/01/16 09:13:18 PM","Sadiqabad"
"261467","Saira Bibi","MR-5494","EMDS Call","Rescue Operations","Delivery Case","2026/01/16 09:25:26 PM","Sadiqabad"
"75490","Saira Bibi","MR-5494","Direct Call","Patient Transfer Service","N/A","2026/01/16 09:30:44 PM","Sadiqabad"
"261468","Faiz Muhyy Ul Din","DR-892","EMDS Call","Medical Emergency","Diabetic","2026/01/16 09:45:59 PM","Rahim Yar Khan"
"261469","Faiz Muhyy Ul Din","DR-892","Direct Call","Medical Emergency","Others","2026/01/16 09:50:00 PM","Sadiqabad"
"261470","Faiz Muhyy Ul Din","DR-892","EMDS Call","Fall","Slipped On Floor","2026/01/16 09:50:07 PM","Sadiqabad"
"261471","Faiz Muhyy Ul Din","DR-892","EMDS Call","Medical Emergency","Hypertension","2026/01/16 09:58:06 PM","Khanpur"
"261472","Maheen Tahir","MR-6017","EMDS Call","Medical Emergency","SOB/ Respiratory Distress","2026/01/16 09:59:04 PM","Sadiqabad"
"75491","Faiz Muhyy Ul Din","DR-892","Direct Call","Patient Transfer Service","N/A","2026/01/16 10:01:19 PM","Khanpur"
"261473","Saira Bibi","MR-5494","EMDS Call","Road Crash","Bleeding","2026/01/16 10:11:27 PM","Rahim Yar Khan"
"261474","Maheen Tahir","MR-6017","EMDS Call","Medical Emergency","Unconscious","2026/01/16 10:18:20 PM","Rahim Yar Khan"
"75492","Farah Sadaqat","MR-5930","Direct Call","Patient Transfer Service","N/A","2026/01/16 10:23:56 PM","Khanpur"
"261475","Faiz Muhyy Ul Din","DR-892","EMDS Call","Medical Emergency","Others","2026/01/16 10:45:32 PM","Rahim Yar Khan"
"261476","Maheen Tahir","MR-6017","EMDS Call","Medical Emergency","Hypertension","2026/01/16 10:51:17 PM","Khanpur"
"261477","Farah Sadaqat","MR-5930","EMDS Call","Medical Emergency","Chest Pain","2026/01/16 11:07:20 PM","Rahim Yar Khan"
"261478","Faiz Muhyy Ul Din","DR-892","Direct Call","Medical Emergency","High Fever","2026/01/16 11:18:55 PM","Sadiqabad"
"261479","Maheen Tahir","MR-6017","EMDS Call","Medical Emergency","Unconscious","2026/01/16 11:22:00 PM","Sadiqabad"
"261480","Faiz Muhyy Ul Din","DR-892","EMDS Call","Medical Emergency","Unconscious","2026/01/16 11:28:13 PM","Rahim Yar Khan"
"261481","Maheen Tahir","MR-6017","EMDS Call","Medical Emergency","Others","2026/01/16 11:29:26 PM","Liaqatpur"
"261482","Farah Sadaqat","MR-5930","EMDS Call","Medical Emergency","Renal Disorders / Renal Colic ","2026/01/16 11:30:34 PM","Khanpur"
"261483","Farah Sadaqat","MR-5930","EMDS Call","Medical Emergency","SOB/ Respiratory Distress","2026/01/16 11:41:13 PM","Khanpur"
"261484","Faiz Muhyy Ul Din","DR-892","EMDS Call","Medical Emergency","Vomiting","2026/01/16 11:44:14 PM","Rahim Yar Khan"
"261485","Faiz Muhyy Ul Din","DR-892","EMDS Call","Medical Emergency","SOB/ Respiratory Distress","2026/01/16 11:47:41 PM","Liaqatpur"
"261486","Maheen Tahir","MR-6017","EMDS Call","Medical Emergency","SOB/ Respiratory Distress","2026/01/16 11:53:06 PM","Rahim Yar Khan"
"261487","Maheen Tahir","MR-6017","EMDS Call","Rescue Operations","Delivery Case","2026/01/16 11:57:55 PM","Khanpur"
"261488","Faiz Muhyy Ul Din","DR-892","EMDS Call","Medical Emergency","High Fever","2026/01/17 12:10:14 AM","Liaqatpur"
"261489","Faiz Muhyy Ul Din","DR-892","EMDS Call","Fire","Others","2026/01/17 12:17:19 AM","Sadiqabad"
"261490","Maheen Tahir","MR-6017","EMDS Call","Medical Emergency","Vomiting","2026/01/17 12:23:08 AM","Rahim Yar Khan"
"261491","Farah Sadaqat","MR-5930","EMDS Call","Rescue Operations","Delivery Case","2026/01/17 12:35:39 AM","Rahim Yar Khan"
"261492","Farah Sadaqat","MR-5930","EMDS Call","Medical Emergency","CVA/Stroke","2026/01/17 12:41:01 AM","Khanpur"
"261493","Faiz Muhyy Ul Din","DR-892","EMDS Call","Medical Emergency","Abdominal Pain","2026/01/17 12:42:00 AM","Khanpur"
"261494","Maheen Tahir","MR-6017","EMDS Call","Medical Emergency","Renal Disorders / Renal Colic ","2026/01/17 12:46:19 AM","Rahim Yar Khan"
"261495","Maheen Tahir","MR-6017","EMDS Call","Crime","Bullet Injury","2026/01/17 01:09:01 AM","Sadiqabad"
"261495","Maheen Tahir","MR-6017","EMDS Call","Crime","Bullet Injury","2026/01/17 01:09:01 AM","Sadiqabad"
"261496","Maheen Tahir","MR-6017","EMDS Call","Medical Emergency","Chest Pain","2026/01/17 01:23:05 AM","Rahim Yar Khan"
"261497","Faiz Muhyy Ul Din","DR-892","EMDS Call","Medical Emergency","Unconscious","2026/01/17 01:23:05 AM","Rahim Yar Khan"
"Not Assigned","Farah Sadaqat","MR-5930","EMDS Call","Medical Emergency","Diarrhea","2026/01/17 01:23:58 AM","Rahim Yar Khan"
"261499","Faiz Muhyy Ul Din","DR-892","EMDS Call","Medical Emergency","Abdominal Pain","2026/01/17 01:46:50 AM","Rahim Yar Khan"
"261500","Maheen Tahir","MR-6017","EMDS Call","Medical Emergency","SOB/ Respiratory Distress","2026/01/17 01:53:38 AM","Sadiqabad"
"75493","Muhammad Zahid","DR-888","Direct Call","Patient Transfer Service","N/A","2026/01/17 02:16:27 AM","Khanpur"
"261501","Farah Sadaqat","MR-5930","EMDS Call","Medical Emergency","Unconscious","2026/01/17 02:36:40 AM","Rahim Yar Khan"
"261502","Muhammad Zahid","DR-888","EMDS Call","Medical Emergency","Chest Pain","2026/01/17 02:38:13 AM","Rahim Yar Khan"
"261503","Maheen Tahir","MR-6017","EMDS Call","Medical Emergency","Others","2026/01/17 02:50:40 AM","Rahim Yar Khan"
"261504","Farah Sadaqat","MR-5930","EMDS Call","Medical Emergency","Chest Pain","2026/01/17 02:58:15 AM","Rahim Yar Khan"
"261505","Farah Sadaqat","MR-5930","EMDS Call","Medical Emergency","Renal Disorders / Renal Colic ","2026/01/17 03:15:01 AM","Liaqatpur"
"261506","Muhammad Zahid","DR-888","EMDS Call","Medical Emergency","Hypertension","2026/01/17 03:21:23 AM","Sadiqabad"
"261507","Farah Sadaqat","MR-5930","EMDS Call","Medical Emergency","Renal Disorders / Renal Colic ","2026/01/17 03:41:28 AM","Liaqatpur"
"261508","Muhammad Zahid","DR-888","EMDS Call","Medical Emergency","Diabetic","2026/01/17 04:10:04 AM","Rahim Yar Khan"
"261509","Muhammad Tariq Hameed","DR-885","EMDS Call","Medical Emergency","Hypertension","2026/01/17 04:13:29 AM","Khanpur"
"261510","Muhammad Zahid","DR-888","EMDS Call","Medical Emergency","Joints Pain","2026/01/17 04:15:28 AM","Rahim Yar Khan"
"261511","Saira Bibi","MR-5494","EMDS Call","Medical Emergency","Unconscious","2026/01/17 04:17:19 AM","Rahim Yar Khan"
"261512","Muhammad Tariq Hameed","DR-885","EMDS Call","Rescue Operations","Delivery Case","2026/01/17 04:31:15 AM","Rahim Yar Khan"
"261513","Saira Bibi","MR-5494","EMDS Call","Medical Emergency","High Fever","2026/01/17 04:56:57 AM","Khanpur"
"261514","Muhammad Tariq Hameed","DR-885","EMDS Call","Medical Emergency","Others","2026/01/17 05:11:08 AM","Rahim Yar Khan"
"261515","Saira Bibi","MR-5494","EMDS Call","Rescue Operations","Delivery Case","2026/01/17 05:37:17 AM","Liaqatpur"
"261516","Saira Bibi","MR-5494","EMDS Call","Medical Emergency","Hypertension","2026/01/17 05:51:39 AM","Rahim Yar Khan"
"75494","Muhammad Zahid","DR-888","Direct Call","Patient Transfer Service","N/A","2026/01/17 05:57:09 AM","Khanpur"
"261517","Muhammad Zahid","DR-888","EMDS Call","Medical Emergency","Vomiting","2026/01/17 06:02:06 AM","Rahim Yar Khan"
"261518","Muhammad Tariq Hameed","DR-885","EMDS Call","Road Crash","Bleeding","2026/01/17 06:06:13 AM","Rahim Yar Khan"
"75495","Muhammad Zahid","DR-888","Direct Call","Patient Transfer Service","N/A","2026/01/17 06:13:27 AM","Khanpur"
"261519","Saira Bibi","MR-5494","EMDS Call","Medical Emergency","Abdominal Pain","2026/01/17 06:52:49 AM","Liaqatpur"
"261520","Muhammad Zahid","DR-888","EMDS Call","Medical Emergency","Chest Pain","2026/01/17 06:59:50 AM","Rahim Yar Khan"
"261521","Muhammad Zahid","DR-888","EMDS Call","Medical Emergency","Chest Pain","2026/01/17 07:23:06 AM","Rahim Yar Khan"
"261522","Muhammad Tariq Hameed","DR-885","EMDS Call","Medical Emergency","Vomiting","2026/01/17 07:25:02 AM","Sadiqabad"
"261523","Muhammad Zahid","DR-888","EMDS Call","Medical Emergency","Vomiting","2026/01/17 07:26:24 AM","Rahim Yar Khan"
"261524","Saira Bibi","MR-5494","EMDS Call","Medical Emergency","Chest Pain","2026/01/17 07:45:00 AM","Rahim Yar Khan"
"261525","Muhammad Tariq Hameed","DR-885","EMDS Call","Road Crash","Minor Injuries","2026/01/17 07:45:54 AM","Sadiqabad"
"261526","Muhammad Tariq Hameed","DR-885","Direct Call","Rescue Operations","Mass Event Coverage","2026/01/17 07:48:52 AM","Rahim Yar Khan"
"261527","Aasia Batool","MR-5198","Direct Call","Rescue Operations","Mass Event Coverage","2026/01/17 08:13:27 AM","Rahim Yar Khan"
"261528","Saima Bashir","MR-5819","EMDS Call","Road Crash","Bleeding","2026/01/17 08:19:11 AM","Rahim Yar Khan"
"261529","Aasia Batool","MR-5198","Direct Call","Rescue Operations","Mass Event Coverage","2026/01/17 08:35:04 AM","Sadiqabad"
"261530","Aasia Batool","MR-5198","EMDS Call","Road Crash","Minor Injuries","2026/01/17 08:49:54 AM","Rahim Yar Khan"
"75496","Aasia Batool","MR-5198","Direct Call","Patient Transfer Service","N/A","2026/01/17 08:53:48 AM","Sadiqabad"
"261531","Saima Bashir","MR-5819","Direct Call","Medical Emergency","Others","2026/01/17 08:57:50 AM","Rahim Yar Khan"
"Not Assigned","Aasia Batool","MR-5198","EMDS Call","Road Crash","Bleeding","2026/01/17 09:04:44 AM","Khanpur"
"261533","Mureed Abbas","DR-900","EMDS Call","Medical Emergency","Abdominal Pain","2026/01/17 09:09:13 AM","Khanpur"
"261534","Adnan Shabbir","DR-205","EMDS Call","Medical Emergency","Chest Pain","2026/01/17 09:10:20 AM","Sadiqabad"
"75497","Adnan Shabbir","DR-205","Direct Call","Patient Transfer Service","N/A","2026/01/17 09:13:23 AM","Sadiqabad"
"261535","Muhammad ALi","DR-818","EMDS Call","Road Crash","Minor Injuries","2026/01/17 09:18:23 AM","Rahim Yar Khan"
"261536","Muhammad ALi","DR-818","Direct Call","Crime","Probable Suicide","2026/01/17 09:22:03 AM","Rahim Yar Khan"
"261537","Muhammad Saeed","DR-190","Direct Call","Medical Emergency","Others","2026/01/17 09:22:54 AM","Rahim Yar Khan"
"261539","Muhammad ALi","DR-818","EMDS Call","Medical Emergency","Joints Pain","2026/01/17 09:27:41 AM","Sadiqabad"
"261538","Mureed Abbas","DR-900","EMDS Call","Medical Emergency","High Fever","2026/01/17 09:27:59 AM","Rahim Yar Khan"
"261540","Adnan Shabbir","DR-205","EMDS Call","Medical Emergency","SOB/ Respiratory Distress","2026/01/17 09:40:28 AM","Sadiqabad"
"261541","Muhammad ALi","DR-818","EMDS Call","Medical Emergency","Hypertension","2026/01/17 09:50:50 AM","Rahim Yar Khan"
"261542","Muhammad Saeed","DR-190","EMDS Call","Medical Emergency","SOB/ Respiratory Distress","2026/01/17 09:50:46 AM","Rahim Yar Khan"
"261543","Muhammad Saeed","DR-190","EMDS Call","Road Crash","Severe Trauma","2026/01/17 10:07:39 AM","Rahim Yar Khan"
"261543","Muhammad Saeed","DR-190","EMDS Call","Road Crash","Severe Trauma","2026/01/17 10:07:39 AM","Rahim Yar Khan"
"261544","Adnan Shabbir","DR-205","EMDS Call","Medical Emergency","Abdominal Pain","2026/01/17 10:14:57 AM","Khanpur"
"261545","Muhammad ALi","DR-818","EMDS Call","Road Crash","Multiple Fractures","2026/01/17 10:25:03 AM","Rahim Yar Khan"
"261546","Shahid Jamil","DR-184","EMDS Call","Medical Emergency","Others","2026/01/17 10:24:47 AM","Rahim Yar Khan"
"Not Assigned","Adnan Shabbir","DR-205","EMDS Call","Road Crash","Severe Trauma","2026/01/17 10:26:16 AM","Rahim Yar Khan"
"75498","Muhammad ALi","DR-818","Direct Call","Patient Transfer Service","N/A","2026/01/17 10:29:13 AM","Khanpur"
"75499","Adnan Shabbir","DR-205","Direct Call","Patient Transfer Service","N/A","2026/01/17 10:44:03 AM","Khanpur"
"261548","Muhammad Saeed","DR-190","EMDS Call","Medical Emergency","SOB/ Respiratory Distress","2026/01/17 10:45:59 AM","Khanpur"
"261549","Muhammad Saeed","DR-190","Direct Call","Rescue Operations","Vehicle Extrication","2026/01/17 10:54:21 AM","Rahim Yar Khan"
"261550","Muhammad Saeed","DR-190","EMDS Call","Medical Emergency","Unconscious","2026/01/17 11:02:06 AM","Rahim Yar Khan"
"261551","Muhammad Saeed","DR-190","EMDS Call","Road Crash","Minor Injuries","2026/01/17 11:13:47 AM","Rahim Yar Khan"
"261552","Aasia Batool","MR-5198","EMDS Call","Road Crash","Bleeding","2026/01/17 11:13:53 AM","Rahim Yar Khan"
"261553","Aasia Batool","MR-5198","EMDS Call","Medical Emergency","SOB/ Respiratory Distress","2026/01/17 11:21:05 AM","Rahim Yar Khan"
"75500","Muhammad Saeed","DR-190","Direct Call","Patient Transfer Service","N/A","2026/01/17 11:25:04 AM","Rahim Yar Khan"
"261554","Mureed Abbas","DR-900","EMDS Call","Medical Emergency","Hypertension","2026/01/17 11:24:06 AM","Rahim Yar Khan"
"261555","Aasia Batool","MR-5198","EMDS Call","Medical Emergency","Joints Pain","2026/01/17 11:27:24 AM","Rahim Yar Khan"
"261556","Aasia Batool","MR-5198","EMDS Call","Crime","Physical Assault/Violence","2026/01/17 11:33:55 AM","Rahim Yar Khan"
"261556","Aasia Batool","MR-5198","EMDS Call","Crime","Physical Assault/Violence","2026/01/17 11:33:55 AM","Rahim Yar Khan"
"261557","Adnan Shabbir","DR-205","EMDS Call","Medical Emergency","Diabetic","2026/01/17 11:43:59 AM","Liaqatpur"
"261558","Shahla Nawaz","DR-185","EMDS Call","Medical Emergency","Unconscious","2026/01/17 11:43:39 AM","Rahim Yar Khan"
"75501","Adnan Shabbir","DR-205","Direct Call","Patient Transfer Service","N/A","2026/01/17 11:58:50 AM","Sadiqabad"
"261559","Muhammad Abid","DR-874","Direct Call","Medical Emergency","Others","2026/01/17 12:09:59 PM","Rahim Yar Khan"
"75502","Adnan Shabbir","DR-205","Direct Call","Patient Transfer Service","N/A","2026/01/17 12:13:11 PM","Khanpur"
"261560","Adnan Shabbir","DR-205","EMDS Call","Medical Emergency","Hypertension","2026/01/17 12:15:33 PM","Rahim Yar Khan"
"75503","Muhammad Abid","DR-874","Direct Call","Patient Transfer Service","N/A","2026/01/17 12:19:52 PM","Khanpur"
"261561","Adnan Shabbir","DR-205","EMDS Call","Medical Emergency","High Fever","2026/01/17 12:19:11 PM","Rahim Yar Khan"
"261562","Shahla Nawaz","DR-185","EMDS Call","Medical Emergency","High Fever","2026/01/17 12:19:40 PM","Rahim Yar Khan"
"261563","Imran Anjum","DR-204","EMDS Call","Rescue Operations","Delivery Case","2026/01/17 12:25:28 PM","Rahim Yar Khan"
"261564","Shahla Nawaz","DR-185","EMDS Call","Road Crash","Bleeding","2026/01/17 12:30:22 PM","Khanpur"
"261565","Imran Anjum","DR-204","EMDS Call","Medical Emergency","Hypertension","2026/01/17 12:35:00 PM","Sadiqabad"
"261566","Shahla Nawaz","DR-185","EMDS Call","Medical Emergency","Others","2026/01/17 12:35:33 PM","Sadiqabad"
"75504","Muhammad Abid","DR-874","Direct Call","Patient Transfer Service","N/A","2026/01/17 12:40:47 PM","Sadiqabad"
"261567","Muhammad AAmar","DR-915","EMDS Call","Medical Emergency","Renal Disorders / Renal Colic ","2026/01/17 12:40:56 PM","Rahim Yar Khan"
"261568","Imran Anjum","DR-204","EMDS Call","Medical Emergency","High Fever","2026/01/17 12:40:33 PM","Liaqatpur"
"261569","Muhammad Abid","DR-874","EMDS Call","Medical Emergency","SOB/ Respiratory Distress","2026/01/17 12:46:23 PM","Sadiqabad"
"261570","Imran Anjum","DR-204","EMDS Call","Medical Emergency","Hypertension","2026/01/17 12:46:32 PM","Rahim Yar Khan"
"75505","Muhammad Abid","DR-874","Direct Call","Patient Transfer Service","N/A","2026/01/17 12:49:00 PM","Sadiqabad"
"261571","Muhammad Abid","DR-874","EMDS Call","Medical Emergency","High Fever","2026/01/17 12:49:56 PM","Sadiqabad"
"261572","Muhammad AAmar","DR-915","EMDS Call","Road Crash","Minor Injuries","2026/01/17 01:01:43 PM","Khanpur"
"261573","Muhammad Abid","DR-874","EMDS Call","Road Crash","Minor Injuries","2026/01/17 01:02:11 PM","Sadiqabad"
"Not Assigned","Imran Anjum","DR-204","Direct Call","Community","Community Training","2026/01/17 01:03:33 PM","Rahim Yar Khan"
"261574","Imran Anjum","DR-204","EMDS Call","Medical Emergency","Domestic Injuries","2026/01/17 01:18:16 PM","Sadiqabad"
"75506","Muhammad Abid","DR-874","EMDS Call","Patient Transfer Service","N/A","2026/01/17 01:17:41 PM","Liaqatpur"
"261575","Imran Anjum","DR-204","EMDS Call","Medical Emergency","SOB/ Respiratory Distress","2026/01/17 01:27:07 PM","Rahim Yar Khan"
"261576","Imran Anjum","DR-204","EMDS Call","Medical Emergency","Vomiting","2026/01/17 01:34:54 PM","Rahim Yar Khan"
"261577","Imran Anjum","DR-204","EMDS Call","Medical Emergency","Abdominal Pain","2026/01/17 01:44:49 PM","Rahim Yar Khan"
"261578","Muhammad ALi","DR-818","EMDS Call","Road Crash","Severe Trauma","2026/01/17 01:50:38 PM","Rahim Yar Khan"
"261579","Aasia Batool","MR-5198","EMDS Call","Road Crash","Minor Injuries","2026/01/17 01:57:43 PM","Sadiqabad"
"261580","Imran Anjum","DR-204","EMDS Call","Medical Emergency","Diabetic","2026/01/17 02:05:38 PM","Rahim Yar Khan"
"261581","Muhammad ALi","DR-818","EMDS Call","Medical Emergency","Chest Pain","2026/01/17 02:07:25 PM","Rahim Yar Khan"
"261582","Muhammad ALi","DR-818","EMDS Call","Medical Emergency","Others","2026/01/17 02:12:15 PM","Rahim Yar Khan"
"261583","Imran Anjum","DR-204","EMDS Call","Rescue Operations","Delivery Case","2026/01/17 02:14:59 PM","Rahim Yar Khan"
"261584","Muhammad ALi","DR-818","EMDS Call","Road Crash","Severe Trauma","2026/01/17 02:19:34 PM","Sadiqabad"
"261585","Rana M. Usman","DR-200","EMDS Call","Road Crash","Minor Injuries","2026/01/17 02:20:15 PM","Rahim Yar Khan"
"261586","Muhammad Fiaz","DR-206","EMDS Call","Medical Emergency","Vomiting","2026/01/17 02:21:41 PM","Rahim Yar Khan"
"261587","Muhammad ALi","DR-818","EMDS Call","Road Crash","Bleeding","2026/01/17 02:26:24 PM","Liaqatpur"
"261588","Sheeza Barkat","MR-5331","EMDS Call","Medical Emergency","Others","2026/01/17 02:28:07 PM","Khanpur"
"261589","Imran Anjum","DR-204","EMDS Call","Medical Emergency","Abdominal Pain","2026/01/17 02:30:10 PM","Sadiqabad"
"261591","Sheeza Barkat","MR-5331","EMDS Call","Medical Emergency","Abdominal Pain","2026/01/17 02:41:36 PM","Khanpur"
"261590","Muhammad Rashid Saleem","DR-187","EMDS Call","Rescue Operations","Delivery Case","2026/01/17 02:41:13 PM","Rahim Yar Khan"
"261592","Rana M. Usman","DR-200","EMDS Call","Medical Emergency","Others","2026/01/17 02:44:55 PM","Rahim Yar Khan"
"261593","Rana M. Usman","DR-200","EMDS Call","Road Crash","Minor Injuries","2026/01/17 02:50:40 PM","Rahim Yar Khan"
"261594","Sheeza Barkat","MR-5331","EMDS Call","Medical Emergency","Others","2026/01/17 02:53:58 PM","Rahim Yar Khan"
"261595","Rana M. Usman","DR-200","EMDS Call","Fire","Others","2026/01/17 02:54:54 PM","Sadiqabad"
"Not Assigned","Muhammad Rashid Saleem","DR-187","Direct Call","Community","Community Training","2026/01/17 02:56:00 PM","Rahim Yar Khan"
"261596","Sheeza Barkat","MR-5331","EMDS Call","Medical Emergency","Abdominal Pain","2026/01/17 02:58:11 PM","Rahim Yar Khan"
"261597","Rana M. Usman","DR-200","EMDS Call","Medical Emergency","Vomiting","2026/01/17 03:01:42 PM","Rahim Yar Khan"
"261598","Sheeza Barkat","MR-5331","EMDS Call","Rescue Operations","Delivery Case","2026/01/17 03:18:54 PM","Rahim Yar Khan"
"261599","Muhammad Rashid Saleem","DR-187","EMDS Call","Medical Emergency","Others","2026/01/17 03:20:33 PM","Rahim Yar Khan"
"261600","Rana M. Usman","DR-200","EMDS Call","Medical Emergency","Chest Pain","2026/01/17 03:20:20 PM","Rahim Yar Khan"
"261601","Bushra Saleem","MR-5701","EMDS Call","Medical Emergency","Others","2026/01/17 03:20:35 PM","Sadiqabad"
"261602","Muhammad Rashid Saleem","DR-187","EMDS Call","Medical Emergency","SOB/ Respiratory Distress","2026/01/17 03:23:02 PM","Rahim Yar Khan"
"75507","Bushra Saleem","MR-5701","Direct Call","Patient Transfer Service","N/A","2026/01/17 03:25:40 PM","Liaqatpur"
"261603","Bushra Saleem","MR-5701","EMDS Call","Rescue Operations","Snake Emergency","2026/01/17 03:27:23 PM","Liaqatpur"
"75508","Bushra Saleem","MR-5701","Direct Call","Patient Transfer Service","N/A","2026/01/17 03:30:22 PM","Liaqatpur"
"75509","Rana M. Usman","DR-200","Direct Call","Patient Transfer Service","N/A","2026/01/17 03:32:25 PM","Sadiqabad"
"261604","Bushra Saleem","MR-5701","EMDS Call","Medical Emergency","Others","2026/01/17 03:42:05 PM","Rahim Yar Khan"
"261605","Muhammad Fiaz","DR-206","EMDS Call","Medical Emergency","Others","2026/01/17 03:43:27 PM","Rahim Yar Khan"
"75510","Bushra Saleem","MR-5701","Direct Call","Patient Transfer Service","N/A","2026/01/17 03:51:45 PM","Sadiqabad"
"75511","Bushra Saleem","MR-5701","Direct Call","Patient Transfer Service","N/A","2026/01/17 03:53:21 PM","Khanpur"
"75512","Zupasha Zia","MR-5758","Direct Call","Patient Transfer Service","N/A","2026/01/17 04:04:01 PM","Khanpur"
"261606","Bushra Saleem","MR-5701","EMDS Call","Road Crash","Bleeding","2026/01/17 04:07:09 PM","Rahim Yar Khan"
"261607","Zupasha Zia","MR-5758","EMDS Call","Medical Emergency","Others","2026/01/17 04:15:54 PM","Rahim Yar Khan"
"261611","Zupasha Zia","MR-5758","EMDS Call","Medical Emergency","SOB/ Respiratory Distress","2026/01/17 04:22:42 PM","Sadiqabad"
"261609","Bushra Saleem","MR-5701","EMDS Call","Road Crash","Bleeding","2026/01/17 04:25:25 PM","Liaqatpur"
"261610","Muhammad Fiaz","DR-206","EMDS Call","Medical Emergency","Domestic Injuries","2026/01/17 04:31:22 PM","Sadiqabad"
"261612","Zupasha Zia","MR-5758","EMDS Call","Medical Emergency","Chest Pain","2026/01/17 04:47:34 PM","Rahim Yar Khan"
"75513","Muhammad Fiaz","DR-206","Direct Call","Patient Transfer Service","N/A","2026/01/17 04:51:22 PM","Sadiqabad"
"261613","Zupasha Zia","MR-5758","EMDS Call","Road Crash","Severe Trauma","2026/01/17 04:55:41 PM","Rahim Yar Khan"
"261614","Muhammad Fiaz","DR-206","EMDS Call","Medical Emergency","High Fever","2026/01/17 04:56:47 PM","Liaqatpur"
"261615","Bushra Saleem","MR-5701","EMDS Call","Medical Emergency","Domestic Injuries","2026/01/17 04:56:20 PM","Rahim Yar Khan"
"261617","Zupasha Zia","MR-5758","EMDS Call","Road Crash","Minor Injuries","2026/01/17 04:59:04 PM","Sadiqabad"
"261616","Muhammad Fiaz","DR-206","EMDS Call","Medical Emergency","Unconscious","2026/01/17 04:56:45 PM","Khanpur"
"261618","Bushra Saleem","MR-5701","EMDS Call","Medical Emergency","Others","2026/01/17 05:02:36 PM","Liaqatpur"
"75514","Zupasha Zia","MR-5758","Direct Call","Patient Transfer Service","N/A","2026/01/17 05:20:16 PM","Sadiqabad"
"261619","Zupasha Zia","MR-5758","EMDS Call","Medical Emergency","SOB/ Respiratory Distress","2026/01/17 05:23:15 PM","Rahim Yar Khan"
"261620","Bushra Saleem","MR-5701","EMDS Call","Medical Emergency","SOB/ Respiratory Distress","2026/01/17 05:22:47 PM","Khanpur"
"261621","Muhammad Fiaz","DR-206","Direct Call","Rescue Operations","Mass Event Coverage","2026/01/17 05:24:50 PM","Sadiqabad"
"261622","Bushra Saleem","MR-5701","EMDS Call","Road Crash","Minor Injuries","2026/01/17 05:26:55 PM","Liaqatpur"
"261623","Bushra Saleem","MR-5701","EMDS Call","Medical Emergency","Others","2026/01/17 05:31:14 PM","Rahim Yar Khan"
"261624","Bushra Saleem","MR-5701","EMDS Call","Medical Emergency","Others","2026/01/17 05:34:08 PM","Liaqatpur"
"261625","Sheeza Barkat","MR-5331","EMDS Call","Medical Emergency","Others","2026/01/17 05:52:12 PM","Rahim Yar Khan"
"261626","Bushra Saleem","MR-5701","EMDS Call","Road Crash","Minor Injuries","2026/01/17 05:56:25 PM","Rahim Yar Khan"
"261627","Zupasha Zia","MR-5758","EMDS Call","Road Crash","Bleeding","2026/01/17 05:57:42 PM","Rahim Yar Khan"
"261628","Sheeza Barkat","MR-5331","EMDS Call","Road Crash","Minor Injuries","2026/01/17 06:03:50 PM","Rahim Yar Khan"
"261629","Zupasha Zia","MR-5758","EMDS Call","Crime","Probable Suicide","2026/01/17 06:11:54 PM","Rahim Yar Khan"
"261630","Zupasha Zia","MR-5758","EMDS Call","Road Crash","Severe Trauma","2026/01/17 06:19:23 PM","Khanpur"
"261631","Muhammad Fiaz","DR-206","EMDS Call","Rescue Operations","Delivery Case","2026/01/17 06:19:34 PM","Khanpur"
"75515","Bushra Saleem","MR-5701","Direct Call","Patient Transfer Service","N/A","2026/01/17 06:21:50 PM","Khanpur"
"75516","Bushra Saleem","MR-5701","Direct Call","Patient Transfer Service","N/A","2026/01/17 06:28:00 PM","Khanpur"
"261632","Muhammad Fiaz","DR-206","EMDS Call","Medical Emergency","High Fever","2026/01/17 06:30:29 PM","Liaqatpur"
"261633","Bushra Saleem","MR-5701","EMDS Call","Medical Emergency","Abdominal Pain","2026/01/17 06:33:56 PM","Liaqatpur"
"261634","Muhammad Fiaz","DR-206","EMDS Call","Road Crash","Minor Injuries","2026/01/17 06:46:43 PM","Rahim Yar Khan"
"261635","Zupasha Zia","MR-5758","EMDS Call","Medical Emergency","Chronic Illness","2026/01/17 06:53:21 PM","Rahim Yar Khan"
"261636","Bushra Saleem","MR-5701","EMDS Call","Road Crash","Bleeding","2026/01/17 06:53:41 PM","Rahim Yar Khan"
"261637","Bushra Saleem","MR-5701","EMDS Call","Medical Emergency","Renal Disorders / Renal Colic ","2026/01/17 06:55:53 PM","Rahim Yar Khan"
"261639","Zupasha Zia","MR-5758","EMDS Call","Road Crash","Bleeding","2026/01/17 07:04:17 PM","Rahim Yar Khan"
"261638","Muhammad Fiaz","DR-206","EMDS Call","Road Crash","Multiple Fractures","2026/01/17 07:04:25 PM","Rahim Yar Khan"
"261640","Muhammad Fiaz","DR-206","EMDS Call","Medical Emergency","Chronic Illness","2026/01/17 07:10:14 PM","Khanpur"
"261642","Muhammad Fiaz","DR-206","Direct Call","Medical Emergency","Chronic Illness","2026/01/17 07:17:12 PM","Rahim Yar Khan"
"261641","Zupasha Zia","MR-5758","EMDS Call","Road Crash","Minor Injuries","2026/01/17 07:16:47 PM","Rahim Yar Khan"
"261643","Muhammad Fiaz","DR-206","EMDS Call","Medical Emergency","Diabetic","2026/01/17 07:19:14 PM","Sadiqabad"
"261644","Zupasha Zia","MR-5758","EMDS Call","Medical Emergency","Others","2026/01/17 07:20:07 PM","Sadiqabad"
"75517","Muhammad Fiaz","DR-206","Direct Call","Patient Transfer Service","N/A","2026/01/17 07:21:50 PM","Sadiqabad"
"261645","Bushra Saleem","MR-5701","EMDS Call","Medical Emergency","Unconscious","2026/01/17 07:20:40 PM","Rahim Yar Khan"
"261646","Muhammad Fiaz","DR-206","EMDS Call","Road Crash","Minor Injuries","2026/01/17 07:21:07 PM","Rahim Yar Khan"
"261647","Bushra Saleem","MR-5701","EMDS Call","Medical Emergency","Others","2026/01/17 07:24:51 PM","Rahim Yar Khan"
"261648","Muhammad Fiaz","DR-206","EMDS Call","Medical Emergency","High Fever","2026/01/17 07:27:31 PM","Sadiqabad"
"261649","Bushra Saleem","MR-5701","EMDS Call","Medical Emergency","Vomiting","2026/01/17 07:34:37 PM","Rahim Yar Khan"
"261650","Zupasha Zia","MR-5758","EMDS Call","Medical Emergency","Others","2026/01/17 07:40:00 PM","Sadiqabad"
"261651","Zupasha Zia","MR-5758","EMDS Call","Road Crash","Severe Trauma","2026/01/17 07:44:26 PM","Rahim Yar Khan"
"261651","Zupasha Zia","MR-5758","EMDS Call","Road Crash","Severe Trauma","2026/01/17 07:44:26 PM","Rahim Yar Khan"
"261652","Bushra Saleem","MR-5701","EMDS Call","Medical Emergency","Others","2026/01/17 07:49:15 PM","Rahim Yar Khan"
"261653","Bushra Saleem","MR-5701","EMDS Call","Medical Emergency","Vomiting","2026/01/17 07:53:08 PM","Liaqatpur"
"261654","Bushra Saleem","MR-5701","Direct Call","Medical Emergency","Vomiting","2026/01/17 08:05:43 PM","Rahim Yar Khan"
"261655","Zupasha Zia","MR-5758","EMDS Call","Medical Emergency","Unconscious","2026/01/17 07:59:23 PM","Rahim Yar Khan"
"261656","Bushra Saleem","MR-5701","EMDS Call","Medical Emergency","Others","2026/01/17 08:07:17 PM","Sadiqabad"
"261658","Muhammad Zubair","DR-894","EMDS Call","Medical Emergency","SOB/ Respiratory Distress","2026/01/17 08:10:07 PM","Liaqatpur"
"261657","Zupasha Zia","MR-5758","EMDS Call","Medical Emergency","Epilepsy","2026/01/17 08:12:18 PM","Rahim Yar Khan"
"261659","Zupasha Zia","MR-5758","EMDS Call","Medical Emergency","Renal Disorders / Renal Colic ","2026/01/17 08:17:25 PM","Sadiqabad"
"261660","Muhammad Zubair","DR-894","EMDS Call","Medical Emergency","Hypertension","2026/01/17 08:16:07 PM","Liaqatpur"
"261661","Bushra Saleem","MR-5701","EMDS Call","Medical Emergency","Diabetic","2026/01/17 08:31:13 PM","Rahim Yar Khan"
"75518","Muhammad Zubair","DR-894","Direct Call","Patient Transfer Service","N/A","2026/01/17 08:35:53 PM","Khanpur"
"261662","Zupasha Zia","MR-5758","EMDS Call","Medical Emergency","Others","2026/01/17 08:39:29 PM","Rahim Yar Khan"
"261663","Muhammad Zubair","DR-894","EMDS Call","Medical Emergency","Others","2026/01/17 08:44:49 PM","Rahim Yar Khan"
"261664","Muhammad Tariq Hameed","DR-885","EMDS Call","Fire","Others","2026/01/17 08:57:38 PM","Khanpur"
"261665","Muhammad Zubair","DR-894","EMDS Call","Medical Emergency","Chest Pain","2026/01/17 09:05:54 PM","Khanpur"
"261666","Saira Bibi","MR-5494","EMDS Call","Road Crash","Minor Injuries","2026/01/17 09:11:11 PM","Rahim Yar Khan"
"261667","Farah Sadaqat","MR-5930","EMDS Call","Medical Emergency","Others","2026/01/17 09:12:09 PM","Rahim Yar Khan"
"261668","Muhammad Zubair","DR-894","EMDS Call","Medical Emergency","Others","2026/01/17 09:18:51 PM","Rahim Yar Khan"
"261669","Saira Bibi","MR-5494","EMDS Call","Medical Emergency","High Fever","2026/01/17 09:19:33 PM","Rahim Yar Khan"
"261670","Saira Bibi","MR-5494","EMDS Call","Road Crash","Minor Injuries","2026/01/17 09:22:10 PM","Rahim Yar Khan"
"261671","Farah Sadaqat","MR-5930","EMDS Call","Medical Emergency","SOB/ Respiratory Distress","2026/01/17 09:24:08 PM","Liaqatpur"
"261672","Saira Bibi","MR-5494","EMDS Call","Medical Emergency","Unconscious","2026/01/17 09:32:31 PM","Rahim Yar Khan"
"261673","Farah Sadaqat","MR-5930","Direct Call","Medical Emergency","Others","2026/01/17 09:34:33 PM","Rahim Yar Khan"
"261674","Saira Bibi","MR-5494","EMDS Call","Medical Emergency","SOB/ Respiratory Distress","2026/01/17 09:37:53 PM","Khanpur"
"261675","Farah Sadaqat","MR-5930","EMDS Call","Medical Emergency","Others","2026/01/17 09:38:48 PM","Khanpur"
"75519","Muhammad Zubair","DR-894","Direct Call","Patient Transfer Service","N/A","2026/01/17 09:42:41 PM","Sadiqabad"
"261676","Muhammad Zubair","DR-894","Direct Call","Medical Emergency","Others","2026/01/17 09:52:43 PM","Rahim Yar Khan"
"261677","Farah Sadaqat","MR-5930","EMDS Call","Road Crash","Minor Injuries","2026/01/17 09:52:44 PM","Rahim Yar Khan"
"261678","Muhammad Zubair","DR-894","EMDS Call","Medical Emergency","SOB/ Respiratory Distress","2026/01/17 10:02:32 PM","Rahim Yar Khan"
"Not Assigned","Saira Bibi","MR-5494","EMDS Call","Medical Emergency","Vomiting","2026/01/17 10:04:12 PM","Rahim Yar Khan"
"261679","Farah Sadaqat","MR-5930","EMDS Call","Medical Emergency","Others","2026/01/17 10:07:28 PM","Sadiqabad"
"75520","Muhammad Zubair","DR-894","Direct Call","Patient Transfer Service","N/A","2026/01/17 10:11:37 PM","Sadiqabad"
"261680","Muhammad Zubair","DR-894","EMDS Call","Medical Emergency","Others","2026/01/17 10:12:13 PM","Rahim Yar Khan"
"261681","Farah Sadaqat","MR-5930","EMDS Call","Medical Emergency","Hypertension","2026/01/17 10:16:20 PM","Sadiqabad"
"261682","Farah Sadaqat","MR-5930","EMDS Call","Medical Emergency","Others","2026/01/17 10:22:56 PM","Rahim Yar Khan"
"261684","Farah Sadaqat","MR-5930","EMDS Call","Medical Emergency","Others","2026/01/17 10:35:35 PM","Rahim Yar Khan"
"261683","Muhammad Zubair","DR-894","EMDS Call","Medical Emergency","Chest Pain","2026/01/17 10:40:58 PM","Liaqatpur"
"75521","Farah Sadaqat","MR-5930","Direct Call","Patient Transfer Service","N/A","2026/01/17 10:50:53 PM","Sadiqabad"
"261685","Farah Sadaqat","MR-5930","EMDS Call","Road Crash","Minor Injuries","2026/01/17 10:53:21 PM","Rahim Yar Khan"
"261686","Farah Sadaqat","MR-5930","EMDS Call","Medical Emergency","Hypotension","2026/01/17 10:59:23 PM","Rahim Yar Khan"
"261687","Saira Bibi","MR-5494","EMDS Call","Rescue Operations","Vehicle Extrication","2026/01/17 11:01:49 PM","Rahim Yar Khan"
"75522","Saqib Nasim","DR-197","Direct Call","Patient Transfer Service","N/A","2026/01/17 11:05:54 PM","Liaqatpur"
"75523","Farah Sadaqat","MR-5930","Direct Call","Patient Transfer Service","N/A","2026/01/17 11:07:29 PM","Sadiqabad"
"261688","Saqib Nasim","DR-197","EMDS Call","Medical Emergency","Renal Disorders / Renal Colic ","2026/01/17 11:15:54 PM","Rahim Yar Khan"
"261689","Farah Sadaqat","MR-5930","EMDS Call","Medical Emergency","SOB/ Respiratory Distress","2026/01/17 11:17:19 PM","Rahim Yar Khan"
"261690","Saqib Nasim","DR-197","EMDS Call","Medical Emergency","Abdominal Pain","2026/01/17 11:19:48 PM","Sadiqabad"
"261691","Muhammad Zahid","DR-888","EMDS Call","Medical Emergency","Others","2026/01/17 11:20:21 PM","Sadiqabad"
"75524","Muhammad Zahid","DR-888","Direct Call","Patient Transfer Service","N/A","2026/01/17 11:25:52 PM","Liaqatpur"
"261692","Saqib Nasim","DR-197","EMDS Call","Medical Emergency","SOB/ Respiratory Distress","2026/01/17 11:58:33 PM","Rahim Yar Khan"
"75525","Saqib Nasim","DR-197","Direct Call","Patient Transfer Service","N/A","2026/01/18 12:03:55 AM","Khanpur"
"261693","Muhammad Zahid","DR-888","EMDS Call","Medical Emergency","Vomiting","2026/01/18 12:02:57 AM","Rahim Yar Khan"
"75526","Farah Sadaqat","MR-5930","Direct Call","Patient Transfer Service","N/A","2026/01/18 12:07:41 AM","Khanpur"
"261694","Muhammad Zahid","DR-888","EMDS Call","Medical Emergency","High Fever","2026/01/18 12:20:57 AM","Rahim Yar Khan"
"261695","Farah Sadaqat","MR-5930","EMDS Call","Medical Emergency","Hypertension","2026/01/18 12:25:53 AM","Khanpur"
"261696","Saqib Nasim","DR-197","EMDS Call","Medical Emergency","SOB/ Respiratory Distress","2026/01/18 12:37:25 AM","Sadiqabad"
"261697","Farah Sadaqat","MR-5930","EMDS Call","Medical Emergency","Others","2026/01/18 12:37:51 AM","Rahim Yar Khan"
"261698","Saqib Nasim","DR-197","EMDS Call","Medical Emergency","Vomiting","2026/01/18 12:42:43 AM","Khanpur"
"261699","Muhammad Zahid","DR-888","EMDS Call","Rescue Operations","Vehicle Extrication","2026/01/18 12:42:59 AM","Rahim Yar Khan"
"75527","Saqib Nasim","DR-197","Direct Call","Patient Transfer Service","N/A","2026/01/18 12:56:11 AM","Sadiqabad"
"261700","Muhammad Zahid","DR-888","EMDS Call","Medical Emergency","Vomiting","2026/01/18 01:21:06 AM","Khanpur"
"261701","Farah Sadaqat","MR-5930","EMDS Call","Medical Emergency","Unconscious","2026/01/18 01:23:38 AM","Rahim Yar Khan"
"261702","Saqib Nasim","DR-197","EMDS Call","Medical Emergency","Hypertension","2026/01/18 01:25:58 AM","Rahim Yar Khan"
"261703","Muhammad Zahid","DR-888","EMDS Call","Medical Emergency","High Fever","2026/01/18 01:29:37 AM","Rahim Yar Khan"
"261704","Farah Sadaqat","MR-5930","EMDS Call","Road Crash","Minor Injuries","2026/01/18 01:33:40 AM","Rahim Yar Khan"
"261705","Farah Sadaqat","MR-5930","EMDS Call","Medical Emergency","Unconscious","2026/01/18 01:41:53 AM","Rahim Yar Khan"
"261706","Muhammad Zahid","DR-888","EMDS Call","Medical Emergency","Others","2026/01/18 01:48:33 AM","Rahim Yar Khan"
"75528","Saqib Nasim","DR-197","Direct Call","Patient Transfer Service","N/A","2026/01/18 02:08:05 AM","Sadiqabad"
"261707","Farah Sadaqat","MR-5930","EMDS Call","Medical Emergency","Renal Disorders / Renal Colic ","2026/01/18 02:10:29 AM","Rahim Yar Khan"
"261708","Farah Sadaqat","MR-5930","EMDS Call","Medical Emergency","Domestic Injuries","2026/01/18 02:24:32 AM","Rahim Yar Khan"
"Not Assigned","Saqib Nasim","DR-197","EMDS Call","Medical Emergency","SOB/ Respiratory Distress","2026/01/18 02:27:47 AM","Rahim Yar Khan"
"261710","Muhammad Zahid","DR-888","EMDS Call","Medical Emergency","SOB/ Respiratory Distress","2026/01/18 02:36:56 AM","Khanpur"
"261711","Saqib Nasim","DR-197","EMDS Call","Medical Emergency","High Fever","2026/01/18 02:45:38 AM","Sadiqabad"
"261712","Farah Sadaqat","MR-5930","EMDS Call","Medical Emergency","Hypertension","2026/01/18 03:00:16 AM","Sadiqabad"
"261713","Muhammad Zahid","DR-888","EMDS Call","Medical Emergency","Chest Pain","2026/01/18 03:15:44 AM","Rahim Yar Khan"
"261714","Muhammad Zahid","DR-888","EMDS Call","Medical Emergency","Others","2026/01/18 03:27:30 AM","Rahim Yar Khan"
"261715","Muhammad Tariq Hameed","DR-885","EMDS Call","Medical Emergency","Unconscious","2026/01/18 04:02:28 AM","Rahim Yar Khan"
"261716","Saira Bibi","MR-5494","EMDS Call","Medical Emergency","Diabetic","2026/01/18 04:09:18 AM","Rahim Yar Khan"
"75529","Muhammad Zubair","DR-894","Direct Call","Patient Transfer Service","N/A","2026/01/18 04:11:42 AM","Khanpur"
"261717","Muhammad Tariq Hameed","DR-885","EMDS Call","Medical Emergency","Hypertension","2026/01/18 04:17:35 AM","Sadiqabad"
"261718","Muhammad Zubair","DR-894","EMDS Call","Medical Emergency","SOB/ Respiratory Distress","2026/01/18 04:57:12 AM","Rahim Yar Khan"
"261719","Muhammad Tariq Hameed","DR-885","EMDS Call","Medical Emergency","Domestic Injuries","2026/01/18 05:21:40 AM","Rahim Yar Khan"
"261720","Muhammad Zubair","DR-894","EMDS Call","Medical Emergency","Others","2026/01/18 06:16:09 AM","Rahim Yar Khan"
"261721","Muhammad Zubair","DR-894","EMDS Call","Medical Emergency","Others","2026/01/18 06:46:46 AM","Sadiqabad"
"261722","Saira Bibi","MR-5494","EMDS Call","Road Crash","Bleeding","2026/01/18 06:47:13 AM","Rahim Yar Khan"
"261723","Muhammad Tariq Hameed","DR-885","EMDS Call","Medical Emergency","Others","2026/01/18 06:50:51 AM","Khanpur"
"261724","Saira Bibi","MR-5494","EMDS Call","Medical Emergency","Chest Pain","2026/01/18 07:05:30 AM","Rahim Yar Khan"
"261725","Saira Bibi","MR-5494","EMDS Call","Medical Emergency","Others","2026/01/18 07:27:32 AM","Sadiqabad"
"261727","Muhammad Zubair","DR-894","EMDS Call","Medical Emergency","Hypertension","2026/01/18 07:28:15 AM","Rahim Yar Khan"
"261726","Muhammad Tariq Hameed","DR-885","EMDS Call","Medical Emergency","Others","2026/01/18 07:25:10 AM","Sadiqabad"
"261728","Muhammad Tariq Hameed","DR-885","EMDS Call","Road Crash","Bleeding","2026/01/18 07:30:13 AM","Sadiqabad"
"261729","Muhammad Tariq Hameed","DR-885","EMDS Call","Medical Emergency","Unconscious","2026/01/18 07:41:35 AM","Khanpur"
"261730","Muhammad Zubair","DR-894","EMDS Call","Medical Emergency","Vomiting","2026/01/18 07:44:17 AM","Rahim Yar Khan"
"261731","Muhammad Tariq Hameed","DR-885","EMDS Call","Medical Emergency","Unconscious","2026/01/18 07:48:00 AM","Sadiqabad"
"261732","Saima Bashir","MR-5819","EMDS Call","Medical Emergency","Others","2026/01/18 07:55:56 AM","Sadiqabad"
"261733","Fahad Hussain","DR-538","EMDS Call","Medical Emergency","Vomiting","2026/01/18 08:03:35 AM","Rahim Yar Khan"
"261734","Fahad Hussain","DR-538","Direct Call","Rescue Operations","Mass Event Coverage","2026/01/18 08:10:23 AM","Sadiqabad"
"261735","Fahad Hussain","DR-538","EMDS Call","Medical Emergency","Hypertension","2026/01/18 08:11:07 AM","Rahim Yar Khan"
"261736","Zupasha Zia","MR-5758","EMDS Call","Road Crash","Bleeding","2026/01/18 08:20:07 AM","Sadiqabad"
"261736","Zupasha Zia","MR-5758","EMDS Call","Road Crash","Bleeding","2026/01/18 08:20:07 AM","Sadiqabad"
"261737","Fahad Hussain","DR-538","EMDS Call","Medical Emergency","Renal Disorders / Renal Colic ","2026/01/18 08:22:52 AM","Rahim Yar Khan"
"261738","Fahad Hussain","DR-538","EMDS Call","Medical Emergency","Others","2026/01/18 08:28:55 AM","Khanpur"
"261739","Zupasha Zia","MR-5758","EMDS Call","Medical Emergency","Unconscious","2026/01/18 08:35:09 AM","Sadiqabad"
"261740","Muhammad ALi","DR-818","EMDS Call","Medical Emergency","Hypertension","2026/01/18 08:35:46 AM","Rahim Yar Khan"
"261741","Fahad Hussain","DR-538","EMDS Call","Medical Emergency","Others","2026/01/18 08:37:08 AM","Rahim Yar Khan"
"261742","Zupasha Zia","MR-5758","EMDS Call","Road Crash","Bleeding","2026/01/18 08:37:45 AM","Khanpur"
"261743","Muhammad ALi","DR-818","EMDS Call","Rescue Operations","Delivery Case","2026/01/18 08:41:12 AM","Khanpur"
"261744","Muhammad ALi","DR-818","Direct Call","Rescue Operations","Mass Event Coverage","2026/01/18 08:48:35 AM","Rahim Yar Khan"
"261745","Zupasha Zia","MR-5758","EMDS Call","Road Crash","Severe Trauma","2026/01/18 08:52:30 AM","Rahim Yar Khan"
"261746","Muhammad ALi","DR-818","EMDS Call","Medical Emergency","Unconscious","2026/01/18 08:55:59 AM","Rahim Yar Khan"
"75530","Fahad Hussain","DR-538","Direct Call","Patient Transfer Service","N/A","2026/01/18 09:00:54 AM","Khanpur"
"261747","Zupasha Zia","MR-5758","EMDS Call","Road Crash","Severe Trauma","2026/01/18 09:01:27 AM","Khanpur"
"261748","Aasia Batool","MR-5198","EMDS Call","Medical Emergency","Unconscious","2026/01/18 09:08:55 AM","Khanpur"
"261749","Zupasha Zia","MR-5758","EMDS Call","Medical Emergency","Unconscious","2026/01/18 09:17:24 AM","Khanpur"
"261750","Aasia Batool","MR-5198","EMDS Call","Medical Emergency","Vomiting","2026/01/18 09:24:48 AM","Sadiqabad"
"261754","Aasia Batool","MR-5198","EMDS Call","Road Crash","Bleeding","2026/01/18 09:34:05 AM","Rahim Yar Khan"
"261751","Zupasha Zia","MR-5758","EMDS Call","Road Crash","Minor Injuries","2026/01/18 09:39:46 AM","Khanpur"
"261752","Muhammad ALi","DR-818","EMDS Call","Medical Emergency","Vomiting","2026/01/18 09:42:43 AM","Rahim Yar Khan"
"261753","Saima Bashir","MR-5819","EMDS Call","Medical Emergency","Others","2026/01/18 09:46:28 AM","Rahim Yar Khan"
"261755","Saima Bashir","MR-5819","EMDS Call","Medical Emergency","Abdominal Pain","2026/01/18 10:04:11 AM","Rahim Yar Khan"
"261756","Aasia Batool","MR-5198","EMDS Call","Medical Emergency","SOB/ Respiratory Distress","2026/01/18 10:05:42 AM","Khanpur"
"261758","Muhammad ALi","DR-818","EMDS Call","Medical Emergency","Chronic Illness","2026/01/18 10:07:05 AM","Liaqatpur"
"261757","Saima Bashir","MR-5819","EMDS Call","Medical Emergency","Unconscious","2026/01/18 10:08:11 AM","Rahim Yar Khan"
"261759","Aasia Batool","MR-5198","EMDS Call","Medical Emergency","Vomiting","2026/01/18 10:09:17 AM","Sadiqabad"
"261760","Saima Bashir","MR-5819","EMDS Call","Medical Emergency","Others","2026/01/18 10:19:29 AM","Sadiqabad"
"75531","Saima Bashir","MR-5819","Direct Call","Patient Transfer Service","N/A","2026/01/18 10:25:58 AM","Sadiqabad"
"261761","Muhammad ALi","DR-818","EMDS Call","Medical Emergency","Domestic Injuries","2026/01/18 10:26:33 AM","Rahim Yar Khan"
"261762","Muhammad ALi","DR-818","EMDS Call","Road Crash","Minor Injuries","2026/01/18 10:29:37 AM","Rahim Yar Khan"
"261763","Saima Bashir","MR-5819","EMDS Call","Medical Emergency","Diabetic","2026/01/18 10:30:09 AM","Khanpur"
"261764","Muhammad ALi","DR-818","EMDS Call","Medical Emergency","Vomiting","2026/01/18 10:31:42 AM","Rahim Yar Khan"
"261765","Zupasha Zia","MR-5758","EMDS Call","Road Crash","Bleeding","2026/01/18 10:35:12 AM","Sadiqabad"
"Not Assigned","Saima Bashir","MR-5819","EMDS Call","Medical Emergency","Epilepsy","2026/01/18 10:49:49 AM","Sadiqabad"
"261766","Muhammad ALi","DR-818","Direct Call","Medical Emergency","Diabetic","2026/01/18 10:49:17 AM","Sadiqabad"
"261768","Muhammad ALi","DR-818","EMDS Call","Medical Emergency","Chronic Illness","2026/01/18 10:53:16 AM","Khanpur"
"261769","Muhammad ALi","DR-818","EMDS Call","Rescue Operations","Delivery Case","2026/01/18 10:59:42 AM","Rahim Yar Khan"
"261770","Saima Bashir","MR-5819","EMDS Call","Road Crash","Severe Trauma","2026/01/18 11:05:40 AM","Khanpur"
"261771","Zupasha Zia","MR-5758","EMDS Call","Crime","Physical Assault/Violence","2026/01/18 11:14:12 AM","Sadiqabad"
"261771","Zupasha Zia","MR-5758","EMDS Call","Crime","Physical Assault/Violence","2026/01/18 11:14:12 AM","Sadiqabad"
"261772","Zupasha Zia","MR-5758","EMDS Call","Medical Emergency","Others","2026/01/18 11:40:07 AM","Liaqatpur"
"261773","Muhammad ALi","DR-818","EMDS Call","Rescue Operations","Delivery Case","2026/01/18 11:42:41 AM","Rahim Yar Khan"
"75532","Zupasha Zia","MR-5758","Direct Call","Patient Transfer Service","N/A","2026/01/18 11:46:24 AM","Khanpur"
"261774","Saima Bashir","MR-5819","EMDS Call","Medical Emergency","Abdominal Pain","2026/01/18 11:46:30 AM","Liaqatpur"
"261775","Aasia Batool","MR-5198","EMDS Call","Road Crash","Minor Injuries","2026/01/18 11:48:17 AM","Rahim Yar Khan"
"261776","Muhammad ALi","DR-818","EMDS Call","Medical Emergency","Backache","2026/01/18 11:50:06 AM","Rahim Yar Khan"
"261777","Muhammad ALi","DR-818","EMDS Call","Medical Emergency","Vomiting","2026/01/18 11:53:59 AM","Sadiqabad"
"261778","Aasia Batool","MR-5198","EMDS Call","Medical Emergency","Chronic Illness","2026/01/18 11:56:02 AM","Rahim Yar Khan"
"261779","Zupasha Zia","MR-5758","EMDS Call","Medical Emergency","Others","2026/01/18 11:59:01 AM","Rahim Yar Khan"
"261780","Muhammad ALi","DR-818","EMDS Call","Road Crash","Minor Injuries","2026/01/18 12:05:24 PM","Rahim Yar Khan"
"261781","Saima Bashir","MR-5819","EMDS Call","Medical Emergency","Joints Pain","2026/01/18 12:05:46 PM","Rahim Yar Khan"
"261782","Saima Bashir","MR-5819","EMDS Call","Medical Emergency","High Fever","2026/01/18 12:12:31 PM","Liaqatpur"
"261783","Zupasha Zia","MR-5758","EMDS Call","Medical Emergency","Unconscious","2026/01/18 12:16:18 PM","Sadiqabad"
"261784","Muhammad ALi","DR-818","EMDS Call","Medical Emergency","Hypertension","2026/01/18 12:16:57 PM","Khanpur"
"75533","Zupasha Zia","MR-5758","Direct Call","Patient Transfer Service","N/A","2026/01/18 12:20:26 PM","Liaqatpur"
"261785","Muhammad ALi","DR-818","EMDS Call","Medical Emergency","Hypertension","2026/01/18 12:21:37 PM","Rahim Yar Khan"
"261786","Zupasha Zia","MR-5758","EMDS Call","Road Crash","Severe Trauma","2026/01/18 12:24:57 PM","Khanpur"
"261786","Zupasha Zia","MR-5758","EMDS Call","Road Crash","Severe Trauma","2026/01/18 12:24:57 PM","Khanpur"
"261787","Muhammad ALi","DR-818","EMDS Call","Road Crash","Minor Injuries","2026/01/18 12:27:34 PM","Sadiqabad"
"261788","Aasia Batool","MR-5198","EMDS Call","Medical Emergency","Hypertension","2026/01/18 12:28:32 PM","Rahim Yar Khan"
"261789","Zupasha Zia","MR-5758","EMDS Call","Road Crash","Minor Injuries","2026/01/18 12:29:31 PM","Rahim Yar Khan"
"261790","Zupasha Zia","MR-5758","EMDS Call","Medical Emergency","SOB/ Respiratory Distress","2026/01/18 12:35:05 PM","Liaqatpur"
"261791","Zupasha Zia","MR-5758","EMDS Call","Fall","Fall From Roof","2026/01/18 12:39:53 PM","Sadiqabad"
"75534","Saima Bashir","MR-5819","Direct Call","Patient Transfer Service","N/A","2026/01/18 12:51:39 PM","Sadiqabad"
"261792","Muhammad ALi","DR-818","EMDS Call","Medical Emergency","Hypertension","2026/01/18 01:00:28 PM","Sadiqabad"
"261793","Fahad Hussain","DR-538","EMDS Call","Road Crash","Severe Trauma","2026/01/18 01:07:09 PM","Khanpur"
"261794","Zupasha Zia","MR-5758","EMDS Call","Medical Emergency","Chronic Illness","2026/01/18 01:09:11 PM","Rahim Yar Khan"
"75535","Fahad Hussain","DR-538","Direct Call","Patient Transfer Service","N/A","2026/01/18 01:12:49 PM","Sadiqabad"
"261795","Zupasha Zia","MR-5758","EMDS Call","Medical Emergency","High Fever","2026/01/18 01:19:34 PM","Liaqatpur"
"75536","Fahad Hussain","DR-538","Direct Call","Patient Transfer Service","N/A","2026/01/18 01:22:46 PM","Sadiqabad"
"261796","Muhammad ALi","DR-818","EMDS Call","Medical Emergency","Others","2026/01/18 01:30:55 PM","Rahim Yar Khan"
"261797","Zupasha Zia","MR-5758","EMDS Call","Medical Emergency","SOB/ Respiratory Distress","2026/01/18 01:37:56 PM","Liaqatpur"
"261798","Zupasha Zia","MR-5758","EMDS Call","Medical Emergency","SOB/ Respiratory Distress","2026/01/18 01:44:34 PM","Rahim Yar Khan"
"261799","Zupasha Zia","MR-5758","EMDS Call","Medical Emergency","Abdominal Pain","2026/01/18 01:53:31 PM","Rahim Yar Khan"
"261800","Rana M. Usman","DR-200","EMDS Call","Crime","Probable Suicide","2026/01/18 01:58:04 PM","Rahim Yar Khan"
"261801","Muhammad ALi","DR-818","EMDS Call","Medical Emergency","Chronic Illness","2026/01/18 02:04:37 PM","Khanpur"
"261802","Rana M. Usman","DR-200","EMDS Call","Medical Emergency","Domestic Injuries","2026/01/18 02:14:08 PM","Rahim Yar Khan"
"261803","Muhammad Fiaz","DR-206","EMDS Call","Medical Emergency","Joints Pain","2026/01/18 02:17:08 PM","Rahim Yar Khan"
"261804","Muhammad Fiaz","DR-206","EMDS Call","Medical Emergency","Others","2026/01/18 02:23:12 PM","Rahim Yar Khan"
"261805","Rana M. Usman","DR-200","EMDS Call","Road Crash","Bleeding","2026/01/18 02:24:28 PM","Rahim Yar Khan"
"261806","Rana M. Usman","DR-200","EMDS Call","Medical Emergency","Vomiting","2026/01/18 02:32:07 PM","Khanpur"
"261807","Bushra Saleem","MR-5701","EMDS Call","Road Crash","Minor Injuries","2026/01/18 02:37:44 PM","Sadiqabad"
"261809","Bushra Saleem","MR-5701","EMDS Call","Medical Emergency","Vomiting","2026/01/18 02:41:59 PM","Rahim Yar Khan"
"261808","Rana M. Usman","DR-200","EMDS Call","Rescue Operations","Delivery Case","2026/01/18 02:43:20 PM","Sadiqabad"
"75537","Muhammad Fiaz","DR-206","Direct Call","Patient Transfer Service","N/A","2026/01/18 02:52:57 PM","Sadiqabad"
"75538","Muhammad Fiaz","DR-206","Direct Call","Patient Transfer Service","N/A","2026/01/18 03:13:03 PM","Sadiqabad"
"261810","Muhammad Riaz","DR-654","EMDS Call","Medical Emergency","Abdominal Pain","2026/01/18 03:14:41 PM","Liaqatpur"
"261811","Muhammad Fiaz","DR-206","EMDS Call","Fire","Kitchen Fire","2026/01/18 03:32:29 PM","Liaqatpur"
"261812","Muhammad Fiaz","DR-206","EMDS Call","Medical Emergency","Hypertension","2026/01/18 03:45:53 PM","Sadiqabad"
"261813","Muhammad Riaz","DR-654","EMDS Call","Road Crash","Minor Injuries","2026/01/18 03:47:35 PM","Sadiqabad"
"261815","Rana M. Usman","DR-200","EMDS Call","Road Crash","Minor Injuries","2026/01/18 03:55:38 PM","Sadiqabad"
"261814","Muhammad Riaz","DR-654","EMDS Call","Road Crash","Minor Injuries","2026/01/18 03:56:54 PM","Khanpur"
"261816","Sheeza Barkat","MR-5331","EMDS Call","Medical Emergency","Diabetic","2026/01/18 04:02:03 PM","Rahim Yar Khan"
"261817","Muhammad Fiaz","DR-206","EMDS Call","Road Crash","Severe Trauma","2026/01/18 04:06:02 PM","Liaqatpur"
"261818","Sheeza Barkat","MR-5331","EMDS Call","Medical Emergency","Vomiting","2026/01/18 04:27:24 PM","Rahim Yar Khan"
"261819","Muhammad Riaz","DR-654","EMDS Call","Medical Emergency","Others","2026/01/18 04:32:48 PM","Rahim Yar Khan"
"261820","Sheeza Barkat","MR-5331","EMDS Call","Road Crash","Severe Trauma","2026/01/18 04:34:35 PM","Khanpur"
"261821","Muhammad Riaz","DR-654","EMDS Call","Medical Emergency","Hypertension","2026/01/18 04:35:57 PM","Liaqatpur"
"261822","Muhammad Riaz","DR-654","EMDS Call","Medical Emergency","Domestic Injuries","2026/01/18 04:41:57 PM","Rahim Yar Khan"
"261823","Sheeza Barkat","MR-5331","EMDS Call","Medical Emergency","Hypertension","2026/01/18 04:42:44 PM","Sadiqabad"
"261824","Muhammad Fiaz","DR-206","EMDS Call","Medical Emergency","Vomiting","2026/01/18 04:45:12 PM","Khanpur"
"261825","Bushra Saleem","MR-5701","EMDS Call","Medical Emergency","Abdominal Pain","2026/01/18 04:47:41 PM","Khanpur"
"261826","Muhammad Fiaz","DR-206","EMDS Call","Medical Emergency","Others","2026/01/18 05:04:51 PM","Rahim Yar Khan"
"261827","Sheeza Barkat","MR-5331","EMDS Call","Road Crash","Bleeding","2026/01/18 05:10:30 PM","Rahim Yar Khan"
"261828","Sheeza Barkat","MR-5331","EMDS Call","Road Crash","Severe Trauma","2026/01/18 05:14:47 PM","Rahim Yar Khan"
"261829","Bushra Saleem","MR-5701","EMDS Call","Road Crash","Multiple Fractures","2026/01/18 05:18:08 PM","Rahim Yar Khan"
"261830","Muhammad Fiaz","DR-206","EMDS Call","Road Crash","Bleeding","2026/01/18 05:18:53 PM","Rahim Yar Khan"
"261831","Sheeza Barkat","MR-5331","EMDS Call","Medical Emergency","Hypertension","2026/01/18 05:24:15 PM","Rahim Yar Khan"
"75539","Bushra Saleem","MR-5701","Direct Call","Patient Transfer Service","N/A","2026/01/18 05:27:27 PM","Sadiqabad"
"261832","Muhammad Fiaz","DR-206","EMDS Call","Road Crash","Bleeding","2026/01/18 05:36:07 PM","Khanpur"
"261833","Bushra Saleem","MR-5701","EMDS Call","Medical Emergency","Hypertension","2026/01/18 05:35:28 PM","Liaqatpur"
"261834","Sheeza Barkat","MR-5331","EMDS Call","Medical Emergency","Hypertension","2026/01/18 05:36:08 PM","Khanpur"
"261835","Bushra Saleem","MR-5701","EMDS Call","Medical Emergency","Others","2026/01/18 05:40:05 PM","Sadiqabad"
"261836","Sheeza Barkat","MR-5331","EMDS Call","Medical Emergency","Abdominal Pain","2026/01/18 05:39:36 PM","Liaqatpur"
"261837","Muhammad Fiaz","DR-206","EMDS Call","Medical Emergency","Abdominal Pain","2026/01/18 05:41:09 PM","Sadiqabad"
"261838","Sheeza Barkat","MR-5331","EMDS Call","Medical Emergency","Renal Disorders / Renal Colic ","2026/01/18 05:53:05 PM","Rahim Yar Khan"
"261839","Muhammad Fiaz","DR-206","EMDS Call","Rescue Operations","Delivery Case","2026/01/18 05:53:01 PM","Rahim Yar Khan"
"261840","Sheeza Barkat","MR-5331","EMDS Call","Medical Emergency","Unconscious","2026/01/18 05:59:02 PM","Rahim Yar Khan"
"75540","Sheeza Barkat","MR-5331","Direct Call","Patient Transfer Service","N/A","2026/01/18 06:05:34 PM","Khanpur"
"261841","Muhammad Riaz","DR-654","EMDS Call","Medical Emergency","SOB/ Respiratory Distress","2026/01/18 06:06:24 PM","Rahim Yar Khan"
"261842","Muhammad Fiaz","DR-206","EMDS Call","Road Crash","Minor Injuries","2026/01/18 06:15:44 PM","Sadiqabad"
"261843","Muhammad Riaz","DR-654","EMDS Call","Medical Emergency","Others","2026/01/18 06:18:38 PM","Khanpur"
"261844","Muhammad Fiaz","DR-206","EMDS Call","Medical Emergency","Others","2026/01/18 06:30:20 PM","Rahim Yar Khan"
"75541","Bushra Saleem","MR-5701","Direct Call","Patient Transfer Service","N/A","2026/01/18 06:37:21 PM","Sadiqabad"
"261845","Sheeza Barkat","MR-5331","EMDS Call","Medical Emergency","Abdominal Pain","2026/01/18 06:46:59 PM","Sadiqabad"
"261846","Muhammad Fiaz","DR-206","Direct Call","Medical Emergency","Others","2026/01/18 06:53:33 PM","Rahim Yar Khan"
"75542","Bushra Saleem","MR-5701","Direct Call","Patient Transfer Service","N/A","2026/01/18 06:54:53 PM","Rahim Yar Khan"
"261847","Muhammad Fiaz","DR-206","EMDS Call","Medical Emergency","Abdominal Pain","2026/01/18 07:01:58 PM","Rahim Yar Khan"
"261848","Bushra Saleem","MR-5701","EMDS Call","Medical Emergency","High Fever","2026/01/18 07:11:28 PM","Khanpur"
"261849","Sheeza Barkat","MR-5331","EMDS Call","Road Crash","Severe Trauma","2026/01/18 07:27:45 PM","Rahim Yar Khan"
"261850","Muhammad Fiaz","DR-206","EMDS Call","Medical Emergency","Chest Pain","2026/01/18 07:32:17 PM","Rahim Yar Khan"
"75543","Muhammad Fiaz","DR-206","Direct Call","Patient Transfer Service","N/A","2026/01/18 07:34:20 PM","Liaqatpur"
"261852","Bushra Saleem","MR-5701","EMDS Call","Medical Emergency","Hypertension","2026/01/18 07:35:15 PM","Sadiqabad"
"261851","Sheeza Barkat","MR-5331","EMDS Call","Medical Emergency","Hypertension","2026/01/18 07:36:20 PM","Rahim Yar Khan"
"261853","Muhammad Fiaz","DR-206","EMDS Call","Medical Emergency","Renal Disorders / Renal Colic ","2026/01/18 07:37:46 PM","Khanpur"
"261855","Bushra Saleem","MR-5701","EMDS Call","Rescue Operations","Animal/Bird Rescue","2026/01/18 07:42:01 PM","Sadiqabad"
"261854","Sheeza Barkat","MR-5331","EMDS Call","Medical Emergency","Others","2026/01/18 07:43:57 PM","Rahim Yar Khan"
"261856","Bushra Saleem","MR-5701","EMDS Call","Road Crash","Minor Injuries","2026/01/18 07:46:21 PM","Rahim Yar Khan"
"75544","Muhammad Fiaz","DR-206","Direct Call","Patient Transfer Service","N/A","2026/01/18 07:50:14 PM","Sadiqabad"
"75545","Bushra Saleem","MR-5701","Direct Call","Patient Transfer Service","N/A","2026/01/18 07:52:33 PM","Sadiqabad"
"261857","Sheeza Barkat","MR-5331","EMDS Call","Medical Emergency","Hypertension","2026/01/18 07:53:21 PM","Rahim Yar Khan"
"261858","Bushra Saleem","MR-5701","EMDS Call","Medical Emergency","Vomiting","2026/01/18 07:53:29 PM","Rahim Yar Khan"
"261859","Muhammad Fiaz","DR-206","EMDS Call","Road Crash","Minor Injuries","2026/01/18 07:55:28 PM","Rahim Yar Khan"
"261860","Sheeza Barkat","MR-5331","EMDS Call","Medical Emergency","Unconscious","2026/01/18 08:03:10 PM","Liaqatpur"
"261861","Bushra Saleem","MR-5701","EMDS Call","Medical Emergency","Hypertension","2026/01/18 08:06:38 PM","Sadiqabad"
"261862","Sheeza Barkat","MR-5331","EMDS Call","Medical Emergency","Hypertension","2026/01/18 08:09:32 PM","Rahim Yar Khan"
"261863","Bushra Saleem","MR-5701","EMDS Call","Medical Emergency","Others","2026/01/18 08:10:59 PM","Rahim Yar Khan"
"261864","Bushra Saleem","MR-5701","EMDS Call","Road Crash","Bleeding","2026/01/18 08:15:25 PM","Rahim Yar Khan"
"261865","Bushra Saleem","MR-5701","EMDS Call","Medical Emergency","Others","2026/01/18 08:26:42 PM","Rahim Yar Khan"
"261866","Saima Bashir","MR-5819","EMDS Call","Medical Emergency","Others","2026/01/18 08:27:33 PM","Sadiqabad"
"261867","Sheeza Barkat","MR-5331","EMDS Call","Medical Emergency","Others","2026/01/18 08:35:52 PM","Rahim Yar Khan"
"261868","Saima Bashir","MR-5819","EMDS Call","Rescue Operations","Delivery Case","2026/01/18 08:38:56 PM","Sadiqabad"
"261869","Bushra Saleem","MR-5701","EMDS Call","Medical Emergency","SOB/ Respiratory Distress","2026/01/18 08:45:32 PM","Sadiqabad"
"75546","Muhammad Zahid","DR-888","Direct Call","Patient Transfer Service","N/A","2026/01/18 08:55:19 PM","Khanpur"
"261870","Maheen Tahir","MR-6017","EMDS Call","Medical Emergency","Others","2026/01/18 09:00:22 PM","Rahim Yar Khan"
"261871","Saima Bashir","MR-5819","EMDS Call","Medical Emergency","High Fever","2026/01/18 09:01:15 PM","Rahim Yar Khan"
"261872","Maheen Tahir","MR-6017","EMDS Call","Rescue Operations","Snake Emergency","2026/01/18 09:03:53 PM","Liaqatpur"
"261873","Saima Bashir","MR-5819","EMDS Call","Medical Emergency","Diabetic","2026/01/18 09:06:48 PM","Rahim Yar Khan"
"261874","Maheen Tahir","MR-6017","EMDS Call","Medical Emergency","Hypertension","2026/01/18 09:12:21 PM","Sadiqabad"
"75547","Saira Bibi","MR-5494","Direct Call","Patient Transfer Service","N/A","2026/01/18 09:17:13 PM","Khanpur"
"261875","Maheen Tahir","MR-6017","EMDS Call","Medical Emergency","Drug Addiction","2026/01/18 09:18:45 PM","Rahim Yar Khan"
"261876","Saima Bashir","MR-5819","EMDS Call","Medical Emergency","SOB/ Respiratory Distress","2026/01/18 09:18:26 PM","Rahim Yar Khan"
"261877","Saira Bibi","MR-5494","EMDS Call","Road Crash","Multiple Fractures","2026/01/18 09:20:14 PM","Khanpur"
"261879","Saira Bibi","MR-5494","EMDS Call","Medical Emergency","Domestic Injuries","2026/01/18 09:22:54 PM","Rahim Yar Khan"
"261878","Maheen Tahir","MR-6017","Direct Call","Medical Emergency","Others","2026/01/18 09:23:46 PM","Sadiqabad"
"261880","Maheen Tahir","MR-6017","EMDS Call","Road Crash","Bleeding","2026/01/18 09:30:34 PM","Khanpur"
"261881","Farhad Iftikhar","DR-913","EMDS Call","Medical Emergency","Others","2026/01/18 09:37:08 PM","Rahim Yar Khan"
"261882","Sajid Mehmood","DR-914","EMDS Call","Medical Emergency","Abdominal Pain","2026/01/18 09:50:23 PM","Khanpur"
"261883","Saira Bibi","MR-5494","EMDS Call","Road Crash","Minor Injuries","2026/01/18 09:56:06 PM","Rahim Yar Khan"
"261884","Maheen Tahir","MR-6017","EMDS Call","Medical Emergency","SOB/ Respiratory Distress","2026/01/18 10:05:07 PM","Rahim Yar Khan"
"261885","Sajid Mehmood","DR-914","EMDS Call","Rescue Operations","Delivery Case","2026/01/18 10:26:55 PM","Liaqatpur"
"261886","Maheen Tahir","MR-6017","EMDS Call","Medical Emergency","SOB/ Respiratory Distress","2026/01/18 10:28:58 PM","Sadiqabad"
"261887","Saira Bibi","MR-5494","EMDS Call","Medical Emergency","SOB/ Respiratory Distress","2026/01/18 10:29:39 PM","Sadiqabad"
"261888","Sajid Mehmood","DR-914","EMDS Call","Medical Emergency","Chronic Illness","2026/01/18 10:30:57 PM","Rahim Yar Khan"
"261889","Maheen Tahir","MR-6017","EMDS Call","Medical Emergency","Allergy","2026/01/18 10:34:07 PM","Khanpur"
"75548","Maheen Tahir","MR-6017","Direct Call","Patient Transfer Service","N/A","2026/01/18 10:53:18 PM","Sadiqabad"
"261890","Sajid Mehmood","DR-914","EMDS Call","Rescue Operations","Delivery Case","2026/01/18 10:57:37 PM","Khanpur"
"261891","Maheen Tahir","MR-6017","EMDS Call","Medical Emergency","Others","2026/01/18 11:03:19 PM","Rahim Yar Khan"
"261892","Sajid Mehmood","DR-914","EMDS Call","Medical Emergency","SOB/ Respiratory Distress","2026/01/18 11:08:32 PM","Rahim Yar Khan"
"261893","Maheen Tahir","MR-6017","EMDS Call","Medical Emergency","High Fever","2026/01/18 11:25:14 PM","Rahim Yar Khan"
"261894","Maheen Tahir","MR-6017","EMDS Call","Medical Emergency","Abdominal Pain","2026/01/18 11:39:47 PM","Rahim Yar Khan"
"261895","Sajid Mehmood","DR-914","EMDS Call","Medical Emergency","Others","2026/01/18 11:40:57 PM","Rahim Yar Khan"
"261896","Maheen Tahir","MR-6017","EMDS Call","Medical Emergency","Others","2026/01/18 11:41:58 PM","Rahim Yar Khan"
"261897","Maheen Tahir","MR-6017","EMDS Call","Fall","Fall From Stairs","2026/01/18 11:44:03 PM","Sadiqabad"
"261898","Sajid Mehmood","DR-914","EMDS Call","Medical Emergency","Abdominal Pain","2026/01/18 11:44:44 PM","Liaqatpur"
"261899","Sajid Mehmood","DR-914","EMDS Call","Medical Emergency","Unconscious","2026/01/19 12:06:07 AM","Sadiqabad"
"261900","Farhad Iftikhar","DR-913","EMDS Call","Rescue Operations","Delivery Case","2026/01/19 12:16:16 AM","Rahim Yar Khan"
"261901","Maheen Tahir","MR-6017","EMDS Call","Rescue Operations","Delivery Case","2026/01/19 12:43:12 AM","Khanpur"
"261902","Sajid Mehmood","DR-914","EMDS Call","Rescue Operations","Delivery Case","2026/01/19 12:51:39 AM","Khanpur"
"261903","Farhad Iftikhar","DR-913","EMDS Call","Medical Emergency","SOB/ Respiratory Distress","2026/01/19 12:53:00 AM","Rahim Yar Khan"
"261904","Sajid Mehmood","DR-914","EMDS Call","Medical Emergency","Abdominal Pain","2026/01/19 01:12:37 AM","Liaqatpur"
"261905","Sajid Mehmood","DR-914","EMDS Call","Medical Emergency","Vomiting","2026/01/19 01:24:20 AM","Rahim Yar Khan"
"261906","Sajid Mehmood","DR-914","EMDS Call","Medical Emergency","Vomiting","2026/01/19 01:32:07 AM","Rahim Yar Khan"
"261907","Sajid Mehmood","DR-914","EMDS Call","Road Crash","Minor Injuries","2026/01/19 01:37:35 AM","Khanpur"
"261908","Maheen Tahir","MR-6017","EMDS Call","Medical Emergency","Others","2026/01/19 01:39:33 AM","Sadiqabad"
"261909","Maheen Tahir","MR-6017","EMDS Call","Medical Emergency","Hypertension","2026/01/19 01:49:49 AM","Rahim Yar Khan"
"261910","Farhad Iftikhar","DR-913","EMDS Call","Medical Emergency","Vomiting","2026/01/19 01:51:00 AM","Rahim Yar Khan"
"261911","Sajid Mehmood","DR-914","EMDS Call","Medical Emergency","SOB/ Respiratory Distress","2026/01/19 02:15:59 AM","Rahim Yar Khan"
"75549","Farhad Iftikhar","DR-913","Direct Call","Patient Transfer Service","N/A","2026/01/19 02:32:03 AM","Khanpur"
"261912","Maheen Tahir","MR-6017","EMDS Call","Medical Emergency","SOB/ Respiratory Distress","2026/01/19 02:37:52 AM","Rahim Yar Khan"
"261913","Sajid Mehmood","DR-914","EMDS Call","Medical Emergency","Renal Disorders / Renal Colic ","2026/01/19 03:07:06 AM","Rahim Yar Khan"
"261914","Sajid Mehmood","DR-914","EMDS Call","Rescue Operations","Delivery Case","2026/01/19 03:13:19 AM","Khanpur"
"261915","Maheen Tahir","MR-6017","EMDS Call","Medical Emergency","Diabetic","2026/01/19 03:23:07 AM","Rahim Yar Khan"
"75550","Saima Bashir","MR-5819","Direct Call","Patient Transfer Service","N/A","2026/01/19 03:34:37 AM","Sadiqabad"
"261916","Saima Bashir","MR-5819","EMDS Call","Medical Emergency","Unconscious","2026/01/19 03:39:55 AM","Rahim Yar Khan"
"261917","Saima Bashir","MR-5819","EMDS Call","Medical Emergency","Chest Pain","2026/01/19 04:37:01 AM","Sadiqabad"
"261918","Saima Bashir","MR-5819","EMDS Call","Medical Emergency","Unconscious","2026/01/19 05:00:53 AM","Khanpur"
"261919","Faiz Muhyy Ul Din","DR-892","EMDS Call","Medical Emergency","Chest Pain","2026/01/19 05:05:14 AM","Sadiqabad"
"261920","Saira Bibi","MR-5494","EMDS Call","Medical Emergency","Renal Disorders / Renal Colic ","2026/01/19 05:23:43 AM","Rahim Yar Khan"
"261921","Saima Bashir","MR-5819","EMDS Call","Medical Emergency","Backache","2026/01/19 05:33:42 AM","Liaqatpur"
"261922","Saima Bashir","MR-5819","EMDS Call","Medical Emergency","Epilepsy","2026/01/19 05:43:24 AM","Khanpur"
"261923","Saira Bibi","MR-5494","EMDS Call","Rescue Operations","Delivery Case","2026/01/19 05:53:06 AM","Liaqatpur"
"261924","Faiz Muhyy Ul Din","DR-892","EMDS Call","Fire","Others","2026/01/19 06:35:50 AM","Khanpur"
"261925","Saira Bibi","MR-5494","EMDS Call","Medical Emergency","Others","2026/01/19 06:42:31 AM","Khanpur"
"261926","Faiz Muhyy Ul Din","DR-892","EMDS Call","Medical Emergency","Hypertension","2026/01/19 07:18:05 AM","Rahim Yar Khan"
"261927","Saima Bashir","MR-5819","EMDS Call","Rescue Operations","Delivery Case","2026/01/19 07:20:58 AM","Rahim Yar Khan"
"261928","Saima Bashir","MR-5819","EMDS Call","Medical Emergency","High Fever","2026/01/19 07:28:15 AM","Rahim Yar Khan"
"261929","Saira Bibi","MR-5494","EMDS Call","Medical Emergency","Abdominal Pain","2026/01/19 07:32:33 AM","Rahim Yar Khan"
"75551","Nida Rahat","DR-1322","Direct Call","Patient Transfer Service","N/A","2026/01/19 07:35:31 AM","Khanpur"
"261930","Saira Bibi","MR-5494","Direct Call","Rescue Operations","Mass Event Coverage","2026/01/19 07:39:49 AM","Rahim Yar Khan"
"261931","Saima Bashir","MR-5819","EMDS Call","Fire","Short Circuit","2026/01/19 07:38:53 AM","Sadiqabad"
"261932","Zia ul Haq","DR-328","Direct Call","Rescue Operations","Mass Event Coverage","2026/01/19 07:59:32 AM","Rahim Yar Khan"
"261933","Nida Rahat","DR-1322","EMDS Call","Road Crash","Minor Injuries","2026/01/19 08:05:38 AM","Rahim Yar Khan"
"261934","Aasia Batool","MR-5198","EMDS Call","Medical Emergency","Chest Pain","2026/01/19 08:11:25 AM","Liaqatpur"
"261935","Nida Rahat","DR-1322","EMDS Call","Medical Emergency","Vomiting","2026/01/19 08:13:24 AM","Rahim Yar Khan"
"261936","Zia ul Haq","DR-328","EMDS Call","Road Crash","Minor Injuries","2026/01/19 08:16:09 AM","Khanpur"
"261937","Aasia Batool","MR-5198","EMDS Call","Medical Emergency","Joints Pain","2026/01/19 08:18:45 AM","Rahim Yar Khan"
"261938","Nida Rahat","DR-1322","EMDS Call","Road Crash","Severe Trauma","2026/01/19 08:21:58 AM","Rahim Yar Khan"
"261938","Nida Rahat","DR-1322","EMDS Call","Road Crash","Severe Trauma","2026/01/19 08:21:58 AM","Rahim Yar Khan"
"261939","Zia ul Haq","DR-328","EMDS Call","Medical Emergency","Unconscious","2026/01/19 08:22:05 AM","Liaqatpur"
"261940","Nida Rahat","DR-1322","EMDS Call","Road Crash","Severe Trauma","2026/01/19 08:36:49 AM","Rahim Yar Khan"
"261941","Zia ul Haq","DR-328","EMDS Call","Medical Emergency","SOB/ Respiratory Distress","2026/01/19 08:46:33 AM","Sadiqabad"
"261943","Muhammad ALi","DR-818","EMDS Call","Road Crash","Multiple Fractures","2026/01/19 08:47:45 AM","Rahim Yar Khan"
"261943","Muhammad ALi","DR-818","EMDS Call","Road Crash","Multiple Fractures","2026/01/19 08:47:45 AM","Rahim Yar Khan"
"261942","Muhammad Saeed","DR-190","EMDS Call","Medical Emergency","SOB/ Respiratory Distress","2026/01/19 08:48:27 AM","Sadiqabad"
"261945","Nida Rahat","DR-1322","EMDS Call","Medical Emergency","SOB/ Respiratory Distress","2026/01/19 08:51:31 AM","Khanpur"
"261944","Zia ul Haq","DR-328","Direct Call","Rescue Operations","Mass Event Coverage","2026/01/19 08:52:20 AM","Sadiqabad"
"261947","Zia ul Haq","DR-328","EMDS Call","Medical Emergency","CVA/Stroke","2026/01/19 08:57:13 AM","Khanpur"
"261946","Muhammad ALi","DR-818","EMDS Call","Road Crash","Bleeding","2026/01/19 08:59:58 AM","Rahim Yar Khan"
"75552","Muhammad ALi","DR-818","Direct Call","Patient Transfer Service","N/A","2026/01/19 09:06:21 AM","Rahim Yar Khan"
"261948","Muhammad Saeed","DR-190","EMDS Call","Medical Emergency","Vomiting","2026/01/19 09:19:59 AM","Rahim Yar Khan"
"261949","Adnan Shabbir","DR-205","EMDS Call","Medical Emergency","Hypertension","2026/01/19 09:26:54 AM","Khanpur"
"261950","Adnan Shabbir","DR-205","EMDS Call","Fall","Others","2026/01/19 09:42:37 AM","Khanpur"
"261951","Yasir Ilyas","DR-893","EMDS Call","Road Crash","Bleeding","2026/01/19 09:46:24 AM","Rahim Yar Khan"
"261952","Muhammad ALi","DR-818","EMDS Call","Medical Emergency","Unconscious","2026/01/19 09:47:32 AM","Rahim Yar Khan"
"261954","Yasir Ilyas","DR-893","EMDS Call","Medical Emergency","Diarrhea","2026/01/19 09:51:47 AM","Rahim Yar Khan"
"261953","Muhammad Saeed","DR-190","EMDS Call","Medical Emergency","Chronic Illness","2026/01/19 09:52:16 AM","Rahim Yar Khan"
"75553","Muhammad ALi","DR-818","Direct Call","Patient Transfer Service","N/A","2026/01/19 09:54:01 AM","Khanpur"
"261955","Adnan Shabbir","DR-205","EMDS Call","Road Crash","Minor Injuries","2026/01/19 09:55:30 AM","Sadiqabad"
"261955","Adnan Shabbir","DR-205","EMDS Call","Road Crash","Minor Injuries","2026/01/19 09:55:30 AM","Sadiqabad"
"261956","Yasir Ilyas","DR-893","EMDS Call","Rescue Operations","Delivery Case","2026/01/19 09:56:34 AM","Khanpur"
"261957","Muhammad ALi","DR-818","EMDS Call","Road Crash","Bleeding","2026/01/19 09:58:11 AM","Liaqatpur"
"261958","Adnan Shabbir","DR-205","EMDS Call","Road Crash","Bleeding","2026/01/19 10:00:38 AM","Sadiqabad"
"261958","Adnan Shabbir","DR-205","EMDS Call","Road Crash","Bleeding","2026/01/19 10:00:38 AM","Sadiqabad"
"261959","Adnan Shabbir","DR-205","EMDS Call","Medical Emergency","High Fever","2026/01/19 10:03:57 AM","Sadiqabad"
"261960","Muhammad Saeed","DR-190","EMDS Call","Medical Emergency","SOB/ Respiratory Distress","2026/01/19 10:03:40 AM","Rahim Yar Khan"
"261961","Adnan Shabbir","DR-205","EMDS Call","Medical Emergency","High Fever","2026/01/19 10:07:49 AM","Rahim Yar Khan"
"261962","Yasir Ilyas","DR-893","EMDS Call","Road Crash","Minor Injuries","2026/01/19 10:12:25 AM","Rahim Yar Khan"
"75554","Muhammad ALi","DR-818","Direct Call","Patient Transfer Service","N/A","2026/01/19 10:18:02 AM","Khanpur"
"261963","Adnan Shabbir","DR-205","EMDS Call","Road Crash","Bleeding","2026/01/19 10:17:58 AM","Khanpur"
"75555","Yasir Ilyas","DR-893","Direct Call","Patient Transfer Service","N/A","2026/01/19 10:19:34 AM","Sadiqabad"
"261964","Yasir Ilyas","DR-893","EMDS Call","Road Crash","Minor Injuries","2026/01/19 10:20:29 AM","Rahim Yar Khan"
"261965","Adnan Shabbir","DR-205","EMDS Call","Medical Emergency","Hypertension","2026/01/19 10:27:39 AM","Rahim Yar Khan"
"261966","Muhammad ALi","DR-818","EMDS Call","Medical Emergency","Chronic Illness","2026/01/19 10:32:34 AM","Khanpur"
"261967","Adnan Shabbir","DR-205","EMDS Call","Road Crash","Bleeding","2026/01/19 10:58:36 AM","Rahim Yar Khan"
"261968","Muhammad ALi","DR-818","EMDS Call","Medical Emergency","Diarrhea","2026/01/19 11:07:00 AM","Rahim Yar Khan"
"261970","Yasir Ilyas","DR-893","EMDS Call","Medical Emergency","Chronic Illness","2026/01/19 11:18:15 AM","Sadiqabad"
"261969","Shahid Jamil","DR-184","EMDS Call","Medical Emergency","Vomiting","2026/01/19 11:19:02 AM","Rahim Yar Khan"
"261971","Yasir Ilyas","DR-893","Direct Call","Medical Emergency","Chronic Illness","2026/01/19 11:23:00 AM","Rahim Yar Khan"
"261972","Shahid Jamil","DR-184","EMDS Call","Medical Emergency","Hypertension","2026/01/19 11:29:56 AM","Rahim Yar Khan"
"261973","Muhammad Saeed","DR-190","EMDS Call","Medical Emergency","Hypotension","2026/01/19 11:39:21 AM","Liaqatpur"
"261974","Yasir Ilyas","DR-893","EMDS Call","Road Crash","Bleeding","2026/01/19 11:47:56 AM","Rahim Yar Khan"
"261975","Yasir Ilyas","DR-893","EMDS Call","Road Crash","Bleeding","2026/01/19 12:00:32 PM","Rahim Yar Khan"
"261976","Yasir Ilyas","DR-893","EMDS Call","Medical Emergency","Abdominal Pain","2026/01/19 12:03:51 PM","Sadiqabad"
"261978","Yasir Ilyas","DR-893","EMDS Call","Road Crash","Minor Injuries","2026/01/19 12:09:07 PM","Sadiqabad"
"261977","Muhammad ALi","DR-818","EMDS Call","Medical Emergency","Renal Disorders / Renal Colic ","2026/01/19 12:10:44 PM","Rahim Yar Khan"
"75556","Shahid Jamil","DR-184","Direct Call","Patient Transfer Service","N/A","2026/01/19 12:13:26 PM","Sadiqabad"
"261979","Imran Anjum","DR-204","EMDS Call","Medical Emergency","Chronic Illness","2026/01/19 12:15:38 PM","Khanpur"
"261980","Aasia Batool","MR-5198","EMDS Call","Medical Emergency","Unconscious","2026/01/19 12:16:58 PM","Rahim Yar Khan"
"261981","Imran Anjum","DR-204","EMDS Call","Medical Emergency","Unconscious","2026/01/19 12:22:10 PM","Rahim Yar Khan"
"261982","Aasia Batool","MR-5198","EMDS Call","Medical Emergency","Chest Pain","2026/01/19 12:21:08 PM","Liaqatpur"
"261983","Muhammad ALi","DR-818","EMDS Call","Rescue Operations","Delivery Case","2026/01/19 12:25:31 PM","Rahim Yar Khan"
"261984","Shahid Jamil","DR-184","EMDS Call","Medical Emergency","Vomiting","2026/01/19 12:26:56 PM","Sadiqabad"
"261985","Muhammad ALi","DR-818","EMDS Call","Medical Emergency","Diabetic","2026/01/19 12:28:47 PM","Rahim Yar Khan"
"261986","Imran Anjum","DR-204","EMDS Call","Medical Emergency","High Fever","2026/01/19 12:42:59 PM","Rahim Yar Khan"
"261987","Shahid Jamil","DR-184","EMDS Call","Medical Emergency","High Fever","2026/01/19 12:45:30 PM","Rahim Yar Khan"
"261988","Imran Anjum","DR-204","EMDS Call","Road Crash","Minor Injuries","2026/01/19 12:50:23 PM","Rahim Yar Khan"
"261989","Shahid Jamil","DR-184","EMDS Call","Medical Emergency","Vomiting","2026/01/19 12:51:21 PM","Rahim Yar Khan"
"261990","Aasia Batool","MR-5198","EMDS Call","Medical Emergency","Backache","2026/01/19 12:57:56 PM","Rahim Yar Khan"
"261991","Aasia Batool","MR-5198","EMDS Call","Medical Emergency","Diabetic","2026/01/19 01:02:58 PM","Sadiqabad"
"261992","Muhammad Fiaz","DR-206","EMDS Call","Medical Emergency","Diabetic","2026/01/19 01:03:55 PM","Liaqatpur"
"261993","Imran Anjum","DR-204","EMDS Call","Medical Emergency","Vomiting","2026/01/19 01:06:16 PM","Rahim Yar Khan"
"261994","Muhammad Fiaz","DR-206","EMDS Call","Road Crash","Bleeding","2026/01/19 01:07:09 PM","Sadiqabad"
"75557","Muhammad Fiaz","DR-206","Direct Call","Patient Transfer Service","N/A","2026/01/19 01:14:00 PM","Sadiqabad"
"261995","Muhammad Fiaz","DR-206","EMDS Call","Road Crash","Bleeding","2026/01/19 01:21:10 PM","Khanpur"
"261996","Imran Anjum","DR-204","EMDS Call","Medical Emergency","SOB/ Respiratory Distress","2026/01/19 01:20:36 PM","Sadiqabad"
"261997","Imran Anjum","DR-204","EMDS Call","Medical Emergency","CVA/Stroke","2026/01/19 01:25:15 PM","Sadiqabad"
"75558","Nida Rahat","DR-1322","Direct Call","Patient Transfer Service","N/A","2026/01/19 01:26:47 PM","Khanpur"
"261998","Nida Rahat","DR-1322","EMDS Call","Medical Emergency","High Fever","2026/01/19 01:41:51 PM","Khanpur"
"261999","Muhammad Fiaz","DR-206","EMDS Call","Medical Emergency","Hypertension","2026/01/19 01:51:23 PM","Rahim Yar Khan"
"262000","Imran Anjum","DR-204","EMDS Call","Medical Emergency","Abdominal Pain","2026/01/19 01:53:55 PM","Rahim Yar Khan"
"262001","Muhammad Fiaz","DR-206","EMDS Call","Road Crash","Bleeding","2026/01/19 01:57:08 PM","Khanpur"
"262002","Imran Anjum","DR-204","EMDS Call","Medical Emergency","Diabetic","2026/01/19 01:58:39 PM","Liaqatpur"
"262003","Muhammad Fiaz","DR-206","EMDS Call","Medical Emergency","Others","2026/01/19 02:08:13 PM","Khanpur"
"262004","Muhammad Rashid Saleem","DR-187","EMDS Call","Road Crash","Bleeding","2026/01/19 02:15:03 PM","Khanpur"
"262004","Muhammad Rashid Saleem","DR-187","EMDS Call","Road Crash","Bleeding","2026/01/19 02:15:03 PM","Khanpur"
"262004","Muhammad Rashid Saleem","DR-187","EMDS Call","Road Crash","Bleeding","2026/01/19 02:15:03 PM","Khanpur"
"262005","Sheeza Barkat","MR-5331","EMDS Call","Medical Emergency","Unconscious","2026/01/19 02:28:41 PM","Rahim Yar Khan"
"262006","Shahla Nawaz","DR-185","EMDS Call","Medical Emergency","Unconscious","2026/01/19 02:35:53 PM","Rahim Yar Khan"
"262007","Shahla Nawaz","DR-185","EMDS Call","Medical Emergency","Diabetic","2026/01/19 02:51:35 PM","Sadiqabad"
"262008","Muhammad Fiaz","DR-206","EMDS Call","Crime","Physical Assault/Violence","2026/01/19 02:54:15 PM","Rahim Yar Khan"
"262009","Shahla Nawaz","DR-185","EMDS Call","Medical Emergency","SOB/ Respiratory Distress","2026/01/19 02:56:58 PM","Khanpur"
"262010","Sheeza Barkat","MR-5331","EMDS Call","Road Crash","Bleeding","2026/01/19 03:01:16 PM","Sadiqabad"
"262011","Shahla Nawaz","DR-185","EMDS Call","Medical Emergency","Joints Pain","2026/01/19 03:04:39 PM","Rahim Yar Khan"
"262012","Sheeza Barkat","MR-5331","EMDS Call","Medical Emergency","SOB/ Respiratory Distress","2026/01/19 03:11:04 PM","Sadiqabad"
"262013","Muhammad ALi","DR-818","EMDS Call","Medical Emergency","Others","2026/01/19 03:22:24 PM","Sadiqabad"
"262014","Sheeza Barkat","MR-5331","EMDS Call","Medical Emergency","SOB/ Respiratory Distress","2026/01/19 03:26:31 PM","Rahim Yar Khan"
"262015","Shahla Nawaz","DR-185","EMDS Call","Road Crash","Minor Injuries","2026/01/19 03:29:23 PM","Khanpur"
"75559","Muhammad Fiaz","DR-206","Direct Call","Patient Transfer Service","N/A","2026/01/19 03:36:56 PM","Sadiqabad"
"75560","Shahla Nawaz","DR-185","Direct Call","Patient Transfer Service","N/A","2026/01/19 03:36:59 PM","Liaqatpur"
"262017","Muhammad Fiaz","DR-206","EMDS Call","Medical Emergency","Diabetic","2026/01/19 03:41:28 PM","Rahim Yar Khan"
"262016","Sheeza Barkat","MR-5331","EMDS Call","Road Crash","Severe Trauma","2026/01/19 03:43:02 PM","Liaqatpur"
"75561","Shahla Nawaz","DR-185","Direct Call","Patient Transfer Service","N/A","2026/01/19 03:43:27 PM","Sadiqabad"
"75562","Bushra Saleem","MR-5701","Direct Call","Patient Transfer Service","N/A","2026/01/19 03:51:08 PM","Liaqatpur"
"262018","Bushra Saleem","MR-5701","EMDS Call","Medical Emergency","SOB/ Respiratory Distress","2026/01/19 03:54:29 PM","Sadiqabad"
"75563","Bushra Saleem","MR-5701","Direct Call","Patient Transfer Service","N/A","2026/01/19 04:05:04 PM","Khanpur"
"262019","Bushra Saleem","MR-5701","EMDS Call","Rescue Operations","Delivery Case","2026/01/19 04:13:25 PM","Rahim Yar Khan"
"262020","Sheeza Barkat","MR-5331","EMDS Call","Medical Emergency","Abdominal Pain","2026/01/19 04:12:13 PM","Liaqatpur"
"262021","Bushra Saleem","MR-5701","EMDS Call","Road Crash","Bleeding","2026/01/19 04:20:43 PM","Rahim Yar Khan"
"262021","Bushra Saleem","MR-5701","EMDS Call","Road Crash","Bleeding","2026/01/19 04:20:43 PM","Rahim Yar Khan"
"262022","Muhammad Fiaz","DR-206","EMDS Call","Fire","Others","2026/01/19 04:24:25 PM","Rahim Yar Khan"
"75564","Bushra Saleem","MR-5701","Direct Call","Patient Transfer Service","N/A","2026/01/19 04:31:44 PM","Khanpur"
"262023","Muhammad Rashid Saleem","DR-187","EMDS Call","Road Crash","Severe Trauma","2026/01/19 04:33:18 PM","Rahim Yar Khan"
"262024","Muhammad Fiaz","DR-206","EMDS Call","Medical Emergency","Abdominal Pain","2026/01/19 04:33:45 PM","Liaqatpur"
"262025","Muhammad Fiaz","DR-206","EMDS Call","Road Crash","Bleeding","2026/01/19 04:37:36 PM","Rahim Yar Khan"
"262026","Sheeza Barkat","MR-5331","EMDS Call","Fall","Fall From Stairs","2026/01/19 04:43:55 PM","Sadiqabad"
"262027","Sheeza Barkat","MR-5331","EMDS Call","Road Crash","Minor Injuries","2026/01/19 04:48:57 PM","Sadiqabad"
"262028","Sheeza Barkat","MR-5331","EMDS Call","Medical Emergency","Others","2026/01/19 04:59:01 PM","Rahim Yar Khan"
"75565","Muhammad Rashid Saleem","DR-187","Direct Call","Patient Transfer Service","N/A","2026/01/19 04:49:30 PM","Rahim Yar Khan"
"262029","Shahla Nawaz","DR-185","EMDS Call","Road Crash","Multiple Fractures","2026/01/19 05:04:32 PM","Rahim Yar Khan"
"262029","Shahla Nawaz","DR-185","EMDS Call","Road Crash","Multiple Fractures","2026/01/19 05:04:32 PM","Rahim Yar Khan"
"262030","Sheeza Barkat","MR-5331","EMDS Call","Road Crash","Severe Trauma","2026/01/19 05:06:55 PM","Rahim Yar Khan"
"262031","Shahla Nawaz","DR-185","EMDS Call","Road Crash","Severe Trauma","2026/01/19 05:17:33 PM","Rahim Yar Khan"
"262032","Muhammad Rashid Saleem","DR-187","EMDS Call","Medical Emergency","Others","2026/01/19 05:18:58 PM","Rahim Yar Khan"
"75566","Sheeza Barkat","MR-5331","Direct Call","Patient Transfer Service","N/A","2026/01/19 05:24:33 PM","Sadiqabad"
"262033","Shahla Nawaz","DR-185","EMDS Call","Rescue Operations","Animal/Bird Rescue","2026/01/19 05:28:07 PM","Liaqatpur"
"262034","Muhammad Fiaz","DR-206","EMDS Call","Crime","Physical Assault/Violence","2026/01/19 05:31:18 PM","Rahim Yar Khan"
"262035","Muhammad Fiaz","DR-206","Direct Call","Medical Emergency","Others","2026/01/19 05:32:54 PM","Rahim Yar Khan"
"262036","Sheeza Barkat","MR-5331","EMDS Call","Medical Emergency","SOB/ Respiratory Distress","2026/01/19 05:37:29 PM","Sadiqabad"
"262037","Muhammad Rashid Saleem","DR-187","EMDS Call","Medical Emergency","SOB/ Respiratory Distress","2026/01/19 05:39:45 PM","Khanpur"
"262039","Sheeza Barkat","MR-5331","EMDS Call","Medical Emergency","SOB/ Respiratory Distress","2026/01/19 05:49:45 PM","Khanpur"
"262038","Muhammad Fiaz","DR-206","EMDS Call","Medical Emergency","Chronic Illness","2026/01/19 05:52:10 PM","Sadiqabad"
"262040","Bushra Saleem","MR-5701","EMDS Call","Crime","Probable Suicide","2026/01/19 05:54:18 PM","Khanpur"
"262041","Sheeza Barkat","MR-5331","EMDS Call","Road Crash","Minor Injuries","2026/01/19 05:59:11 PM","Rahim Yar Khan"
"262042","Muhammad Fiaz","DR-206","EMDS Call","Road Crash","Minor Injuries","2026/01/19 06:01:13 PM","Rahim Yar Khan"
"262043","Muhammad Rashid Saleem","DR-187","EMDS Call","Medical Emergency","Others","2026/01/19 06:03:48 PM","Sadiqabad"
"262044","Sheeza Barkat","MR-5331","EMDS Call","Rescue Operations","Delivery Case","2026/01/19 06:03:41 PM","Liaqatpur"
"262045","Sheeza Barkat","MR-5331","EMDS Call","Medical Emergency","Unconscious","2026/01/19 06:08:21 PM","Rahim Yar Khan"
"262046","Bushra Saleem","MR-5701","EMDS Call","Fall","Fall From Stairs","2026/01/19 06:08:02 PM","Rahim Yar Khan"
"262047","Muhammad Fiaz","DR-206","EMDS Call","Medical Emergency","Domestic Injuries","2026/01/19 06:16:01 PM","Rahim Yar Khan"
"262048","Muhammad Rashid Saleem","DR-187","EMDS Call","Medical Emergency","Others","2026/01/19 06:16:19 PM","Sadiqabad"
"262049","Sheeza Barkat","MR-5331","EMDS Call","Medical Emergency","Domestic Injuries","2026/01/19 06:24:01 PM","Sadiqabad"
"75567","Muhammad Fiaz","DR-206","Direct Call","Patient Transfer Service","N/A","2026/01/19 06:31:24 PM","Sadiqabad"
"262050","Muhammad Rashid Saleem","DR-187","EMDS Call","Medical Emergency","Others","2026/01/19 06:43:51 PM","Rahim Yar Khan"
"262051","Muhammad Rashid Saleem","DR-187","EMDS Call","Road Crash","Minor Injuries","2026/01/19 06:48:40 PM","Rahim Yar Khan"
"262052","Shahla Nawaz","DR-185","EMDS Call","Road Crash","Minor Injuries","2026/01/19 06:46:37 PM","Sadiqabad"
"262053","Bushra Saleem","MR-5701","EMDS Call","Road Crash","Bleeding","2026/01/19 06:50:52 PM","Rahim Yar Khan"
"262054","Sheeza Barkat","MR-5331","EMDS Call","Medical Emergency","Others","2026/01/19 06:51:39 PM","Rahim Yar Khan"
"262055","Sheeza Barkat","MR-5331","EMDS Call","Medical Emergency","CVA/Stroke","2026/01/19 07:09:44 PM","Rahim Yar Khan"
"262056","Bushra Saleem","MR-5701","EMDS Call","Medical Emergency","SOB/ Respiratory Distress","2026/01/19 07:21:12 PM","Khanpur"
"262057","Sheeza Barkat","MR-5331","EMDS Call","Medical Emergency","Unconscious","2026/01/19 07:23:23 PM","Rahim Yar Khan"
"262058","Shahla Nawaz","DR-185","EMDS Call","Rescue Operations","Delivery Case","2026/01/19 07:25:22 PM","Rahim Yar Khan"
"262059","Shahla Nawaz","DR-185","EMDS Call","Road Crash","Bleeding","2026/01/19 07:32:08 PM","Sadiqabad"
"262060","Sheeza Barkat","MR-5331","EMDS Call","Medical Emergency","SOB/ Respiratory Distress","2026/01/19 07:32:57 PM","Khanpur"
"262061","Bushra Saleem","MR-5701","EMDS Call","Medical Emergency","Abdominal Pain","2026/01/19 07:33:15 PM","Liaqatpur"
"262062","Shahla Nawaz","DR-185","EMDS Call","Medical Emergency","SOB/ Respiratory Distress","2026/01/19 07:35:09 PM","Sadiqabad"
"262063","Sheeza Barkat","MR-5331","EMDS Call","Medical Emergency","SOB/ Respiratory Distress","2026/01/19 07:50:24 PM","Khanpur"
"262064","Bushra Saleem","MR-5701","EMDS Call","Medical Emergency","Hypertension","2026/01/19 08:02:55 PM","Sadiqabad"
"262066","Shahla Nawaz","DR-185","EMDS Call","Medical Emergency","Others","2026/01/19 08:05:43 PM","Rahim Yar Khan"
"262065","Bushra Saleem","MR-5701","EMDS Call","Medical Emergency","SOB/ Respiratory Distress","2026/01/19 08:11:08 PM","Rahim Yar Khan"
"262067","Bushra Saleem","MR-5701","EMDS Call","Road Crash","Bleeding","2026/01/19 08:14:14 PM","Sadiqabad"
"262068","Sheeza Barkat","MR-5331","EMDS Call","Medical Emergency","Others","2026/01/19 08:18:19 PM","Rahim Yar Khan"
"262069","Sheeza Barkat","MR-5331","EMDS Call","Road Crash","Minor Injuries","2026/01/19 08:24:01 PM","Rahim Yar Khan"
"262070","Bushra Saleem","MR-5701","EMDS Call","Medical Emergency","Others","2026/01/19 08:31:19 PM","Rahim Yar Khan"
"262071","Sheeza Barkat","MR-5331","EMDS Call","Road Crash","Severe Trauma","2026/01/19 08:31:50 PM","Sadiqabad"
"262072","Farhad Iftikhar","DR-913","EMDS Call","Medical Emergency","Others","2026/01/19 08:32:28 PM","Khanpur"
"262073","Bushra Saleem","MR-5701","EMDS Call","Medical Emergency","Vomiting","2026/01/19 08:36:15 PM","Rahim Yar Khan"
"262074","Faiz Muhyy Ul Din","DR-892","EMDS Call","Medical Emergency","Unconscious","2026/01/19 08:45:14 PM","Rahim Yar Khan"
"262075","Muhammad Zubair","DR-894","EMDS Call","Medical Emergency","SOB/ Respiratory Distress","2026/01/19 08:48:58 PM","Khanpur"
"262077","Farhad Iftikhar","DR-913","EMDS Call","Medical Emergency","Joints Pain","2026/01/19 08:48:14 PM","Rahim Yar Khan"
"262076","Faiz Muhyy Ul Din","DR-892","EMDS Call","Medical Emergency","Diabetic","2026/01/19 08:50:06 PM","Rahim Yar Khan"
"262078","Farhad Iftikhar","DR-913","EMDS Call","Medical Emergency","SOB/ Respiratory Distress","2026/01/19 08:55:51 PM","Rahim Yar Khan"
"262079","Farhad Iftikhar","DR-913","Direct Call","Rescue Operations","Snake Emergency","2026/01/19 09:08:50 PM","Rahim Yar Khan"
"75568","Maheen Tahir","MR-6017","Direct Call","Patient Transfer Service","N/A","2026/01/19 09:14:36 PM","Sadiqabad"
"75569","Maheen Tahir","MR-6017","Direct Call","Patient Transfer Service","N/A","2026/01/19 09:22:01 PM","Sadiqabad"
"262080","Muhammad Zubair","DR-894","EMDS Call","Medical Emergency","Hypertension","2026/01/19 09:23:00 PM","Rahim Yar Khan"
"75570","Farhad Iftikhar","DR-913","Direct Call","Patient Transfer Service","N/A","2026/01/19 09:24:51 PM","Sadiqabad"
"75571","Farhad Iftikhar","DR-913","Direct Call","Patient Transfer Service","N/A","2026/01/19 09:26:24 PM","Khanpur"
"262081","Farhad Iftikhar","DR-913","EMDS Call","Medical Emergency","Others","2026/01/19 09:33:31 PM","Rahim Yar Khan"
"262082","Farah Sadaqat","MR-5930","EMDS Call","Medical Emergency","Abdominal Pain","2026/01/19 09:34:54 PM","Rahim Yar Khan"
"262083","Maheen Tahir","MR-6017","EMDS Call","Rescue Operations","Scalds/Burn Due To Negligence","2026/01/19 09:34:47 PM","Rahim Yar Khan"
"75572","Maheen Tahir","MR-6017","Direct Call","Patient Transfer Service","N/A","2026/01/19 09:53:25 PM","Sadiqabad"
"75573","Maheen Tahir","MR-6017","Direct Call","Patient Transfer Service","N/A","2026/01/19 09:55:39 PM","Liaqatpur"
"75574","Maheen Tahir","MR-6017","Direct Call","Patient Transfer Service","N/A","2026/01/19 09:58:29 PM","Liaqatpur"
"262084","Maheen Tahir","MR-6017","EMDS Call","Medical Emergency","High Fever","2026/01/19 10:00:46 PM","Rahim Yar Khan"
"262085","Muhammad Zubair","DR-894","EMDS Call","Medical Emergency","Diarrhea","2026/01/19 10:02:33 PM","Sadiqabad"
"262086","Farah Sadaqat","MR-5930","EMDS Call","Medical Emergency","Abdominal Pain","2026/01/19 10:01:03 PM","Rahim Yar Khan"
"262087","Farah Sadaqat","MR-5930","EMDS Call","Medical Emergency","Others","2026/01/19 10:26:44 PM","Rahim Yar Khan"
"262089","Farhad Iftikhar","DR-913","EMDS Call","Medical Emergency","Joints Pain","2026/01/19 10:36:00 PM","Sadiqabad"
"262088","Farah Sadaqat","MR-5930","EMDS Call","Rescue Operations","Delivery Case","2026/01/19 10:36:03 PM","Liaqatpur"
"262090","Maheen Tahir","MR-6017","EMDS Call","Medical Emergency","Abdominal Pain","2026/01/19 10:36:35 PM","Sadiqabad"
"262091","Farah Sadaqat","MR-5930","EMDS Call","Medical Emergency","High Fever","2026/01/19 10:49:03 PM","Rahim Yar Khan"
"262092","Maheen Tahir","MR-6017","EMDS Call","Medical Emergency","SOB/ Respiratory Distress","2026/01/19 10:53:17 PM","Sadiqabad"
"262093","Farah Sadaqat","MR-5930","EMDS Call","Medical Emergency","Others","2026/01/19 10:54:34 PM","Rahim Yar Khan"
"262094","Maheen Tahir","MR-6017","EMDS Call","Medical Emergency","Others","2026/01/19 10:59:53 PM","Rahim Yar Khan"
"262095","Maheen Tahir","MR-6017","EMDS Call","Medical Emergency","Hypertension","2026/01/19 11:12:35 PM","Rahim Yar Khan"
"262096","Maheen Tahir","MR-6017","EMDS Call","Medical Emergency","Hypertension","2026/01/19 11:16:54 PM","Khanpur"
"262097","Shaheen Islam","DR-1171","EMDS Call","Medical Emergency","Abdominal Pain","2026/01/19 11:27:57 PM","Sadiqabad"
"262098","Maheen Tahir","MR-6017","EMDS Call","Medical Emergency","Abdominal Pain","2026/01/19 11:29:18 PM","Rahim Yar Khan"
"262099","Shaheen Islam","DR-1171","EMDS Call","Medical Emergency","SOB/ Respiratory Distress","2026/01/19 11:31:45 PM","Rahim Yar Khan"
"262100","Farhad Iftikhar","DR-913","EMDS Call","Medical Emergency","Others","2026/01/19 11:33:51 PM","Rahim Yar Khan"
"262101","Shaheen Islam","DR-1171","EMDS Call","Medical Emergency","Others","2026/01/19 11:37:26 PM","Sadiqabad"
"262102","Maheen Tahir","MR-6017","EMDS Call","Medical Emergency","Abdominal Pain","2026/01/19 11:53:04 PM","Rahim Yar Khan"
"262103","Shaheen Islam","DR-1171","EMDS Call","Medical Emergency","Renal Disorders / Renal Colic ","2026/01/19 11:53:23 PM","Khanpur"
"262104","Shaheen Islam","DR-1171","EMDS Call","Medical Emergency","Hypertension","2026/01/19 11:57:59 PM","Liaqatpur"
"262105","Shaheen Islam","DR-1171","Direct Call","Medical Emergency","Unconscious","2026/01/20 12:20:12 AM","Rahim Yar Khan"
"262107","Shaheen Islam","DR-1171","EMDS Call","Medical Emergency","Renal Disorders / Renal Colic ","2026/01/20 12:21:44 AM","Rahim Yar Khan"
"262106","Farhad Iftikhar","DR-913","EMDS Call","Rescue Operations","Delivery Case","2026/01/20 12:22:34 AM","Khanpur"
"262108","Maheen Tahir","MR-6017","EMDS Call","Medical Emergency","SOB/ Respiratory Distress","2026/01/20 12:25:01 AM","Khanpur"
"262109","Shaheen Islam","DR-1171","EMDS Call","Medical Emergency","Abdominal Pain","2026/01/20 12:29:58 AM","Rahim Yar Khan"
"262110","Farhad Iftikhar","DR-913","EMDS Call","Medical Emergency","Abdominal Pain","2026/01/20 12:30:25 AM","Rahim Yar Khan"
"75575","Farhad Iftikhar","DR-913","Direct Call","Patient Transfer Service","N/A","2026/01/20 12:35:52 AM","Sadiqabad"
"262111","Shaheen Islam","DR-1171","EMDS Call","Medical Emergency","Others","2026/01/20 12:36:54 AM","Sadiqabad"
"262112","Farhad Iftikhar","DR-913","EMDS Call","Medical Emergency","Joints Pain","2026/01/20 12:40:55 AM","Sadiqabad"
"262113","Maheen Tahir","MR-6017","EMDS Call","Road Crash","Bleeding","2026/01/20 12:51:31 AM","Sadiqabad"
"262117","Shaheen Islam","DR-1171","EMDS Call","Medical Emergency","SOB/ Respiratory Distress","2026/01/20 12:54:09 AM","Rahim Yar Khan"
"262114","Shaheen Islam","DR-1171","EMDS Call","Medical Emergency","Unconscious","2026/01/20 12:58:34 AM","Rahim Yar Khan"
"262115","Maheen Tahir","MR-6017","EMDS Call","Medical Emergency","Renal Disorders / Renal Colic ","2026/01/20 12:58:30 AM","Rahim Yar Khan"
"262116","Farhad Iftikhar","DR-913","EMDS Call","Medical Emergency","Renal Disorders / Renal Colic ","2026/01/20 01:00:48 AM","Sadiqabad"
"262118","Maheen Tahir","MR-6017","EMDS Call","Medical Emergency","Hypertension","2026/01/20 01:11:40 AM","Rahim Yar Khan"
"262119","Shaheen Islam","DR-1171","EMDS Call","Medical Emergency","Vomiting","2026/01/20 01:15:03 AM","Liaqatpur"
"75576","Farhad Iftikhar","DR-913","Direct Call","Patient Transfer Service","N/A","2026/01/20 01:37:39 AM","Sadiqabad"
"262120","Maheen Tahir","MR-6017","EMDS Call","Medical Emergency","High Fever","2026/01/20 02:05:39 AM","Rahim Yar Khan"
"75577","Shaheen Islam","DR-1171","Direct Call","Patient Transfer Service","N/A","2026/01/20 02:09:19 AM","Khanpur"
"262121","Shaheen Islam","DR-1171","EMDS Call","Medical Emergency","Abdominal Pain","2026/01/20 02:18:41 AM","Liaqatpur"
"262122","Farhad Iftikhar","DR-913","EMDS Call","Medical Emergency","SOB/ Respiratory Distress","2026/01/20 02:29:49 AM","Rahim Yar Khan"
"75578","Farhad Iftikhar","DR-913","Direct Call","Patient Transfer Service","N/A","2026/01/20 02:37:11 AM","Khanpur"
"262123","Shaheen Islam","DR-1171","EMDS Call","Medical Emergency","Abdominal Pain","2026/01/20 02:36:46 AM","Sadiqabad"
"262124","Farhad Iftikhar","DR-913","EMDS Call","Medical Emergency","High Fever","2026/01/20 02:51:14 AM","Liaqatpur"
"262125","Maheen Tahir","MR-6017","EMDS Call","Rescue Operations","Delivery Case","2026/01/20 02:51:40 AM","Liaqatpur"
"262126","Shaheen Islam","DR-1171","EMDS Call","Medical Emergency","Others","2026/01/20 03:00:22 AM","Rahim Yar Khan"
"262127","Farah Sadaqat","MR-5930","EMDS Call","Medical Emergency","Diabetic","2026/01/20 04:21:39 AM","Rahim Yar Khan"
"262128","Saira Bibi","MR-5494","EMDS Call","Medical Emergency","Vomiting","2026/01/20 04:25:13 AM","Rahim Yar Khan"
"262129","Muhammad Zubair","DR-894","EMDS Call","Medical Emergency","Hypertension","2026/01/20 04:29:28 AM","Rahim Yar Khan"
"75579","Farah Sadaqat","MR-5930","Direct Call","Patient Transfer Service","N/A","2026/01/20 04:32:29 AM","Khanpur"
"75580","Farah Sadaqat","MR-5930","Direct Call","Patient Transfer Service","N/A","2026/01/20 04:39:47 AM","Liaqatpur"
"75581","Farah Sadaqat","MR-5930","Direct Call","Patient Transfer Service","N/A","2026/01/20 04:45:50 AM","Liaqatpur"
"262130","Saira Bibi","MR-5494","EMDS Call","Medical Emergency","Hypertension","2026/01/20 04:55:59 AM","Rahim Yar Khan"
"262131","Farah Sadaqat","MR-5930","EMDS Call","Medical Emergency","Abdominal Pain","2026/01/20 05:13:48 AM","Liaqatpur"
"262132","Muhammad Zubair","DR-894","EMDS Call","Rescue Operations","Delivery Case","2026/01/20 05:29:35 AM","Rahim Yar Khan"
"262133","Farah Sadaqat","MR-5930","EMDS Call","Medical Emergency","Others","2026/01/20 06:04:31 AM","Khanpur"
"262134","Muhammad Zubair","DR-894","EMDS Call","Road Crash","Bleeding","2026/01/20 06:31:12 AM","Sadiqabad"
"262134","Muhammad Zubair","DR-894","EMDS Call","Road Crash","Bleeding","2026/01/20 06:31:12 AM","Sadiqabad"
"262135","Farah Sadaqat","MR-5930","EMDS Call","Medical Emergency","SOB/ Respiratory Distress","2026/01/20 07:01:12 AM","Sadiqabad"
"262136","Saira Bibi","MR-5494","EMDS Call","Medical Emergency","Others","2026/01/20 07:05:34 AM","Rahim Yar Khan"
"262137","Farah Sadaqat","MR-5930","EMDS Call","Medical Emergency","SOB/ Respiratory Distress","2026/01/20 07:14:04 AM","Rahim Yar Khan"
"262138","Saira Bibi","MR-5494","EMDS Call","Medical Emergency","Others","2026/01/20 07:18:04 AM","Rahim Yar Khan"
"262139","Saira Bibi","MR-5494","Direct Call","Rescue Operations","Mass Event Coverage","2026/01/20 07:41:16 AM","Rahim Yar Khan"
"262140","Farah Sadaqat","MR-5930","EMDS Call","Medical Emergency","Unconscious","2026/01/20 07:57:13 AM","Rahim Yar Khan"
"262141","Zia ul Haq","DR-328","Direct Call","Rescue Operations","Mass Event Coverage","2026/01/20 08:05:58 AM","Rahim Yar Khan"
"262142","Zupasha Zia","MR-5758","Direct Call","Rescue Operations","Mass Event Coverage","2026/01/20 08:07:45 AM","Sadiqabad"
"75582","Zia ul Haq","DR-328","Direct Call","Patient Transfer Service","N/A","2026/01/20 08:08:04 AM","Rahim Yar Khan"
"262143","Aasia Batool","MR-5198","EMDS Call","Medical Emergency","SOB/ Respiratory Distress","2026/01/20 08:08:56 AM","Sadiqabad"
"262144","Zupasha Zia","MR-5758","EMDS Call","Road Crash","Bleeding","2026/01/20 08:14:32 AM","Sadiqabad"
"262145","Aasia Batool","MR-5198","EMDS Call","Medical Emergency","Vomiting","2026/01/20 08:16:09 AM","Rahim Yar Khan"
"262146","Zia ul Haq","DR-328","EMDS Call","Medical Emergency","Others","2026/01/20 08:26:14 AM","Khanpur"
"262147","Aasia Batool","MR-5198","EMDS Call","Road Crash","Multiple Fractures","2026/01/20 08:31:27 AM","Sadiqabad"
"262148","Zupasha Zia","MR-5758","EMDS Call","Road Crash","Bleeding","2026/01/20 08:32:18 AM","Khanpur"
"262149","Zupasha Zia","MR-5758","EMDS Call","Road Crash","Bleeding","2026/01/20 08:44:48 AM","Rahim Yar Khan"
"262150","Zupasha Zia","MR-5758","EMDS Call","Medical Emergency","Others","2026/01/20 08:52:25 AM","Rahim Yar Khan"
"262151","Zia ul Haq","DR-328","EMDS Call","Medical Emergency","High Fever","2026/01/20 08:57:15 AM","Liaqatpur"
"262152","Aasia Batool","MR-5198","EMDS Call","Medical Emergency","Chronic Illness","2026/01/20 08:58:51 AM","Rahim Yar Khan"
"75583","Zupasha Zia","MR-5758","Direct Call","Patient Transfer Service","N/A","2026/01/20 09:00:35 AM","Sadiqabad"
"262153","Aasia Batool","MR-5198","EMDS Call","Medical Emergency","Others","2026/01/20 09:03:19 AM","Rahim Yar Khan"
"262154","Zia ul Haq","DR-328","EMDS Call","Road Crash","Multiple Fractures","2026/01/20 09:08:17 AM","Khanpur"
"262155","Aasia Batool","MR-5198","EMDS Call","Medical Emergency","Unconscious","2026/01/20 09:36:18 AM","Khanpur"
"262157","Shahid Jamil","DR-184","EMDS Call","Medical Emergency","Vomiting","2026/01/20 09:44:01 AM","Rahim Yar Khan"
"262156","Muhammad AAmar","DR-915","EMDS Call","Medical Emergency","SOB/ Respiratory Distress","2026/01/20 09:44:34 AM","Sadiqabad"
"262158","Aasia Batool","MR-5198","EMDS Call","Medical Emergency","Abdominal Pain","2026/01/20 09:50:31 AM","Rahim Yar Khan"
"262160","Muhammad AAmar","DR-915","EMDS Call","Crime","Physical Assault/Violence","2026/01/20 09:51:46 AM","Sadiqabad"
"262159","Yasir Ilyas","DR-893","EMDS Call","Medical Emergency","Chronic Illness","2026/01/20 09:53:43 AM","Rahim Yar Khan"
"262161","Aasia Batool","MR-5198","EMDS Call","Medical Emergency","Diabetic","2026/01/20 09:54:23 AM","Liaqatpur"
"262162","Muhammad AAmar","DR-915","EMDS Call","Road Crash","Minor Injuries","2026/01/20 09:55:16 AM","Liaqatpur"
"262165","Shahid Jamil","DR-184","EMDS Call","Medical Emergency","Abdominal Pain","2026/01/20 10:15:17 AM","Rahim Yar Khan"
"262163","Muhammad Saeed","DR-190","EMDS Call","Medical Emergency","Joints Pain","2026/01/20 10:15:56 AM","Rahim Yar Khan"
"262164","Yasir Ilyas","DR-893","EMDS Call","Medical Emergency","Others","2026/01/20 10:15:35 AM","Khanpur"
"262166","Aasia Batool","MR-5198","EMDS Call","Medical Emergency","Renal Disorders / Renal Colic ","2026/01/20 10:23:32 AM","Sadiqabad"
"262167","Shahid Jamil","DR-184","Direct Call","Rescue Operations","Mass Event Coverage","2026/01/20 10:26:40 AM","Rahim Yar Khan"
"262168","Shahid Jamil","DR-184","EMDS Call","Medical Emergency","SOB/ Respiratory Distress","2026/01/20 10:41:25 AM","Sadiqabad"
"262169","Yasir Ilyas","DR-893","EMDS Call","Road Crash","Severe Trauma","2026/01/20 10:48:27 AM","Rahim Yar Khan"
"262170","Muhammad Saeed","DR-190","EMDS Call","Medical Emergency","Others","2026/01/20 10:48:56 AM","Sadiqabad"
"262171","Fahad Hussain","DR-538","EMDS Call","Road Crash","Bleeding","2026/01/20 11:01:41 AM","Rahim Yar Khan"
"262172","Muhammad Saeed","DR-190","EMDS Call","Medical Emergency","Chest Pain","2026/01/20 11:01:21 AM","Liaqatpur"
"262173","Imran Anjum","DR-204","EMDS Call","Road Crash","Bleeding","2026/01/20 11:15:02 AM","Sadiqabad"
"Not Assigned","Adnan Shabbir","DR-205","Direct Call","Community","Community Training","2026/01/20 11:27:48 AM","Liaqatpur"
"262174","Fahad Hussain","DR-538","Direct Call","Fire","Others","2026/01/20 11:30:22 AM","Liaqatpur"
"75584","Adnan Shabbir","DR-205","Direct Call","Patient Transfer Service","N/A","2026/01/20 11:32:07 AM","Liaqatpur"
"262175","Adnan Shabbir","DR-205","EMDS Call","Medical Emergency","Others","2026/01/20 11:49:50 AM","Rahim Yar Khan"
"262176","Muhammad Saeed","DR-190","EMDS Call","Medical Emergency","SOB/ Respiratory Distress","2026/01/20 11:59:28 AM","Khanpur"
"262177","Imran Anjum","DR-204","EMDS Call","Medical Emergency","Chronic Illness","2026/01/20 12:02:02 PM","Sadiqabad"
"262178","Zia ul Haq","DR-328","EMDS Call","Medical Emergency","Vomiting","2026/01/20 12:03:41 PM","Liaqatpur"
"262179","Aasia Batool","MR-5198","EMDS Call","Medical Emergency","Abdominal Pain","2026/01/20 12:04:07 PM","Sadiqabad"
"262180","Imran Anjum","DR-204","EMDS Call","Medical Emergency","Chronic Illness","2026/01/20 12:10:47 PM","Rahim Yar Khan"
"75585","Adnan Shabbir","DR-205","Direct Call","Patient Transfer Service","N/A","2026/01/20 12:20:09 PM","Khanpur"
"262181","Adnan Shabbir","DR-205","EMDS Call","Medical Emergency","SOB/ Respiratory Distress","2026/01/20 12:23:10 PM","Khanpur"
"262182","Aasia Batool","MR-5198","EMDS Call","Medical Emergency","Unconscious","2026/01/20 12:26:21 PM","Sadiqabad"
"75586","Adnan Shabbir","DR-205","Direct Call","Patient Transfer Service","N/A","2026/01/20 12:28:44 PM","Khanpur"
"262183","Nida Rahat","DR-1322","EMDS Call","Medical Emergency","Unconscious","2026/01/20 12:30:18 PM","Rahim Yar Khan"
"262184","Muhammad Saeed","DR-190","EMDS Call","Rescue Operations","Electric Shock","2026/01/20 12:34:59 PM","Rahim Yar Khan"
"262185","Aasia Batool","MR-5198","EMDS Call","Medical Emergency","Hypotension","2026/01/20 12:34:39 PM","Sadiqabad"
"262186","Muhammad Saeed","DR-190","EMDS Call","Medical Emergency","Hypertension","2026/01/20 12:41:35 PM","Rahim Yar Khan"
"262187","Imran Anjum","DR-204","EMDS Call","Road Crash","Minor Injuries","2026/01/20 12:58:11 PM","Rahim Yar Khan"
"262188","Nida Rahat","DR-1322","EMDS Call","Medical Emergency","Diabetic","2026/01/20 12:59:30 PM","Rahim Yar Khan"
"262189","Zupasha Zia","MR-5758","EMDS Call","Medical Emergency","Others","2026/01/20 01:00:02 PM","Rahim Yar Khan"
"75587","Aasia Batool","MR-5198","Direct Call","Patient Transfer Service","N/A","2026/01/20 01:01:46 PM","Sadiqabad"
"262191","Aasia Batool","MR-5198","EMDS Call","Road Crash","Bleeding","2026/01/20 01:03:58 PM","Rahim Yar Khan"
"262190","Aasia Batool","MR-5198","EMDS Call","Medical Emergency","Chest Pain","2026/01/20 01:06:08 PM","Liaqatpur"
"262192","Nida Rahat","DR-1322","EMDS Call","Medical Emergency","Others","2026/01/20 01:24:14 PM","Rahim Yar Khan"
"262193","Nida Rahat","DR-1322","EMDS Call","Medical Emergency","Others","2026/01/20 01:30:51 PM","Rahim Yar Khan"
"262194","Zupasha Zia","MR-5758","EMDS Call","Road Crash","Bleeding","2026/01/20 01:35:37 PM","Rahim Yar Khan"
"262195","Zupasha Zia","MR-5758","EMDS Call","Road Crash","Bleeding","2026/01/20 01:43:34 PM","Sadiqabad"
"262196","Aasia Batool","MR-5198","EMDS Call","Medical Emergency","Diarrhea","2026/01/20 01:45:46 PM","Khanpur"
"262197","Nida Rahat","DR-1322","EMDS Call","Road Crash","Bleeding","2026/01/20 01:46:33 PM","Liaqatpur"
"262198","Aasia Batool","MR-5198","EMDS Call","Medical Emergency","SOB/ Respiratory Distress","2026/01/20 01:49:41 PM","Khanpur"
"262199","Zupasha Zia","MR-5758","EMDS Call","Medical Emergency","SOB/ Respiratory Distress","2026/01/20 01:53:05 PM","Rahim Yar Khan"
"262200","Rana M. Usman","DR-200","EMDS Call","Medical Emergency","Others","2026/01/20 01:59:02 PM","Rahim Yar Khan"
"262201","Sheeza Barkat","MR-5331","EMDS Call","Medical Emergency","Others","2026/01/20 02:14:59 PM","Rahim Yar Khan"
"262202","Rana M. Usman","DR-200","EMDS Call","Medical Emergency","SOB/ Respiratory Distress","2026/01/20 02:15:25 PM","Khanpur"
"262203","Imran Anjum","DR-204","EMDS Call","Road Crash","Minor Injuries","2026/01/20 02:17:19 PM","Sadiqabad"
"262204","Rana M. Usman","DR-200","EMDS Call","Medical Emergency","Others","2026/01/20 02:22:02 PM","Liaqatpur"
"262205","Shahla Nawaz","DR-185","EMDS Call","Medical Emergency","High Fever","2026/01/20 02:27:40 PM","Rahim Yar Khan"
"262206","Shahla Nawaz","DR-185","EMDS Call","Medical Emergency","SOB/ Respiratory Distress","2026/01/20 02:32:43 PM","Khanpur"
"262207","Rana M. Usman","DR-200","EMDS Call","Fire","Others","2026/01/20 02:34:27 PM","Khanpur"
"262208","Rana M. Usman","DR-200","EMDS Call","Road Crash","Minor Injuries","2026/01/20 02:37:48 PM","Rahim Yar Khan"
"262210","Shahla Nawaz","DR-185","EMDS Call","Medical Emergency","Others","2026/01/20 02:37:06 PM","Sadiqabad"
"262209","Shahla Nawaz","DR-185","EMDS Call","Medical Emergency","SOB/ Respiratory Distress","2026/01/20 02:42:43 PM","Rahim Yar Khan"
"262211","Adil Iqbal","DR-782","EMDS Call","Road Crash","Minor Injuries","2026/01/20 02:45:28 PM","Rahim Yar Khan"
"262212","Shahla Nawaz","DR-185","EMDS Call","Crime","Probable Suicide","2026/01/20 02:53:12 PM","Khanpur"
"262213","Shahla Nawaz","DR-185","EMDS Call","Medical Emergency","SOB/ Respiratory Distress","2026/01/20 03:01:35 PM","Rahim Yar Khan"
"75588","Rana M. Usman","DR-200","Direct Call","Patient Transfer Service","N/A","2026/01/20 03:06:16 PM","Sadiqabad"
"75589","Adil Iqbal","DR-782","Direct Call","Patient Transfer Service","N/A","2026/01/20 03:13:35 PM","Sadiqabad"
"262214","Rana M. Usman","DR-200","EMDS Call","Medical Emergency","Abdominal Pain","2026/01/20 03:12:37 PM","Rahim Yar Khan"
"262215","Adil Iqbal","DR-782","EMDS Call","Medical Emergency","Renal Disorders / Renal Colic ","2026/01/20 03:13:53 PM","Liaqatpur"
"262216","Shahla Nawaz","DR-185","EMDS Call","Medical Emergency","Unconscious","2026/01/20 03:17:06 PM","Sadiqabad"
"262217","Adil Iqbal","DR-782","EMDS Call","Fall","Fall From Roof","2026/01/20 03:18:11 PM","Khanpur"
"262218","Rana M. Usman","DR-200","EMDS Call","Medical Emergency","Joints Pain","2026/01/20 03:19:41 PM","Khanpur"
"262219","Shahla Nawaz","DR-185","EMDS Call","Medical Emergency","Hypertension","2026/01/20 03:21:14 PM","Rahim Yar Khan"
"262220","Shahla Nawaz","DR-185","EMDS Call","Medical Emergency","Joints Pain","2026/01/20 03:26:41 PM","Khanpur"
"262221","Adil Iqbal","DR-782","EMDS Call","Medical Emergency","Epilepsy","2026/01/20 03:34:01 PM","Khanpur"
"262222","Muhammad Fiaz","DR-206","EMDS Call","Medical Emergency","Others","2026/01/20 03:37:46 PM","Rahim Yar Khan"
"75590","Muhammad Fiaz","DR-206","Direct Call","Patient Transfer Service","N/A","2026/01/20 03:41:23 PM","Khanpur"
"262223","Muhammad Fiaz","DR-206","EMDS Call","Medical Emergency","Domestic Injuries","2026/01/20 03:41:35 PM","Rahim Yar Khan"
"262224","Muhammad Fiaz","DR-206","EMDS Call","Medical Emergency","Others","2026/01/20 03:43:44 PM","Sadiqabad"
"262226","Adil Iqbal","DR-782","EMDS Call","Medical Emergency","Others","2026/01/20 03:58:32 PM","Sadiqabad"
"262225","Muhammad Fiaz","DR-206","EMDS Call","Rescue Operations","Scalds/Burn Due To Negligence","2026/01/20 04:02:07 PM","Rahim Yar Khan"
"262227","Sheeza Barkat","MR-5331","EMDS Call","Road Crash","Bleeding","2026/01/20 04:09:11 PM","Rahim Yar Khan"
"75591","Adil Iqbal","DR-782","Direct Call","Patient Transfer Service","N/A","2026/01/20 04:10:00 PM","Khanpur"
"262229","Adil Iqbal","DR-782","EMDS Call","Road Crash","Severe Trauma","2026/01/20 04:19:04 PM","Khanpur"
"262228","Sheeza Barkat","MR-5331","EMDS Call","Medical Emergency","Chest Pain","2026/01/20 04:20:29 PM","Sadiqabad"
"262230","Sheeza Barkat","MR-5331","EMDS Call","Medical Emergency","Others","2026/01/20 04:23:45 PM","Rahim Yar Khan"
"75592","Muhammad Fiaz","DR-206","Direct Call","Patient Transfer Service","N/A","2026/01/20 04:26:50 PM","Khanpur"
"262231","Adil Iqbal","DR-782","EMDS Call","Medical Emergency","Others","2026/01/20 04:33:20 PM","Sadiqabad"
"262232","Muhammad Fiaz","DR-206","EMDS Call","Medical Emergency","Abdominal Pain","2026/01/20 04:35:57 PM","Khanpur"
"262233","Adil Iqbal","DR-782","EMDS Call","Medical Emergency","Hypertension","2026/01/20 04:36:35 PM","Rahim Yar Khan"
"262234","Muhammad Fiaz","DR-206","EMDS Call","Medical Emergency","Chest Pain","2026/01/20 04:48:30 PM","Liaqatpur"
"262235","Muhammad Riaz","DR-654","Direct Call","Medical Emergency","SOB/ Respiratory Distress","2026/01/20 04:53:28 PM","Sadiqabad"
"75593","Muhammad Fiaz","DR-206","Direct Call","Patient Transfer Service","N/A","2026/01/20 04:59:27 PM","Sadiqabad"
"262236","Sheeza Barkat","MR-5331","EMDS Call","Road Crash","Multiple Fractures","2026/01/20 05:04:20 PM","Sadiqabad"
"262237","Sheeza Barkat","MR-5331","EMDS Call","Road Crash","Bleeding","2026/01/20 05:07:21 PM","Rahim Yar Khan"
"262238","Muhammad Fiaz","DR-206","EMDS Call","Medical Emergency","Abdominal Pain","2026/01/20 05:08:50 PM","Khanpur"
"262240","Shahla Nawaz","DR-185","EMDS Call","Medical Emergency","Unconscious","2026/01/20 05:10:33 PM","Khanpur"
"262239","Adil Iqbal","DR-782","EMDS Call","Medical Emergency","Domestic Injuries","2026/01/20 05:12:24 PM","Rahim Yar Khan"
"262241","Sheeza Barkat","MR-5331","EMDS Call","Medical Emergency","Unconscious","2026/01/20 05:13:53 PM","Rahim Yar Khan"
"262242","Sheeza Barkat","MR-5331","EMDS Call","Medical Emergency","Diabetic","2026/01/20 05:34:31 PM","Liaqatpur"
"262243","Shahla Nawaz","DR-185","EMDS Call","Medical Emergency","SOB/ Respiratory Distress","2026/01/20 05:36:32 PM","Rahim Yar Khan"
"75594","Adil Iqbal","DR-782","Direct Call","Patient Transfer Service","N/A","2026/01/20 05:39:25 PM","Sadiqabad"
"75595","Shahla Nawaz","DR-185","EMDS Call","Patient Transfer Service","N/A","2026/01/20 05:46:30 PM","Rahim Yar Khan"
"262244","Muhammad Fiaz","DR-206","EMDS Call","Road Crash","Multiple Fractures","2026/01/20 05:49:43 PM","Rahim Yar Khan"
"262245","Sheeza Barkat","MR-5331","EMDS Call","Medical Emergency","Others","2026/01/20 05:50:19 PM","Rahim Yar Khan"
"262246","Muhammad Fiaz","DR-206","EMDS Call","Medical Emergency","Hypertension","2026/01/20 05:52:08 PM","Rahim Yar Khan"
"262247","Shahla Nawaz","DR-185","EMDS Call","Rescue Operations","Scorpion Bite/Other Animal/Insect Bite","2026/01/20 05:52:32 PM","Sadiqabad"
"262248","Muhammad Fiaz","DR-206","EMDS Call","Medical Emergency","SOB/ Respiratory Distress","2026/01/20 05:55:19 PM","Rahim Yar Khan"
"262249","Sheeza Barkat","MR-5331","EMDS Call","Road Crash","Severe Trauma","2026/01/20 05:55:22 PM","Khanpur"
"262250","Shahla Nawaz","DR-185","EMDS Call","Medical Emergency","Hypertension","2026/01/20 05:56:15 PM","Sadiqabad"
"262251","Muhammad Fiaz","DR-206","EMDS Call","Rescue Operations","Others","2026/01/20 05:59:10 PM","Rahim Yar Khan"
"262252","Muhammad Fiaz","DR-206","EMDS Call","Medical Emergency","Domestic Injuries","2026/01/20 06:16:45 PM","Rahim Yar Khan"
"262253","Adil Iqbal","DR-782","EMDS Call","Medical Emergency","SOB/ Respiratory Distress","2026/01/20 06:23:17 PM","Khanpur"
"262254","Muhammad Fiaz","DR-206","EMDS Call","Rescue Operations","Delivery Case","2026/01/20 06:25:41 PM","Rahim Yar Khan"
"262255","Muhammad Riaz","DR-654","EMDS Call","Medical Emergency","Unconscious","2026/01/20 06:33:39 PM","Sadiqabad"
"262256","Muhammad Riaz","DR-654","EMDS Call","Medical Emergency","Vomiting","2026/01/20 06:36:16 PM","Sadiqabad"
"262257","Sheeza Barkat","MR-5331","EMDS Call","Road Crash","Severe Trauma","2026/01/20 06:39:47 PM","Liaqatpur"
"262258","Muhammad Riaz","DR-654","EMDS Call","Medical Emergency","SOB/ Respiratory Distress","2026/01/20 06:44:28 PM","Khanpur"
"262259","Sheeza Barkat","MR-5331","EMDS Call","Medical Emergency","Abdominal Pain","2026/01/20 06:51:11 PM","Liaqatpur"
"262261","Muhammad Riaz","DR-654","EMDS Call","Road Crash","Severe Trauma","2026/01/20 07:04:30 PM","Rahim Yar Khan"
"262260","Sheeza Barkat","MR-5331","EMDS Call","Medical Emergency","Others","2026/01/20 07:08:14 PM","Rahim Yar Khan"
"75596","Muhammad Fiaz","DR-206","Direct Call","Patient Transfer Service","N/A","2026/01/20 07:09:30 PM","Khanpur"
"262262","Muhammad Fiaz","DR-206","EMDS Call","Road Crash","Bleeding","2026/01/20 07:14:25 PM","Khanpur"
"75597","Sheeza Barkat","MR-5331","Direct Call","Patient Transfer Service","N/A","2026/01/20 07:19:01 PM","Liaqatpur"
"262263","Sheeza Barkat","MR-5331","EMDS Call","Medical Emergency","Chronic Illness","2026/01/20 07:21:54 PM","Rahim Yar Khan"
"262264","Sheeza Barkat","MR-5331","EMDS Call","Medical Emergency","Others","2026/01/20 07:30:43 PM","Rahim Yar Khan"
"262265","Shahla Nawaz","DR-185","EMDS Call","Medical Emergency","High Fever","2026/01/20 07:39:11 PM","Rahim Yar Khan"
"262266","Muhammad Fiaz","DR-206","Direct Call","Medical Emergency","Renal Disorders / Renal Colic ","2026/01/20 07:43:14 PM","Sadiqabad"
"262267","Muhammad Fiaz","DR-206","EMDS Call","Medical Emergency","High Fever","2026/01/20 07:44:07 PM","Rahim Yar Khan"
"262268","Sheeza Barkat","MR-5331","EMDS Call","Medical Emergency","SOB/ Respiratory Distress","2026/01/20 07:43:17 PM","Khanpur"
"75598","Muhammad Fiaz","DR-206","Direct Call","Patient Transfer Service","N/A","2026/01/20 07:48:42 PM","Sadiqabad"
"75599","Muhammad Fiaz","DR-206","Direct Call","Patient Transfer Service","N/A","2026/01/20 07:52:43 PM","Khanpur"
"262269","Muhammad Fiaz","DR-206","EMDS Call","Medical Emergency","Hypertension","2026/01/20 07:52:42 PM","Sadiqabad"
"262270","Shahla Nawaz","DR-185","EMDS Call","Fire","Others","2026/01/20 07:52:37 PM","Rahim Yar Khan"
"262273","Shahla Nawaz","DR-185","EMDS Call","Medical Emergency","SOB/ Respiratory Distress","2026/01/20 08:11:59 PM","Sadiqabad"
"262271","Sheeza Barkat","MR-5331","EMDS Call","Medical Emergency","High Fever","2026/01/20 08:13:58 PM","Sadiqabad"
"262272","Adil Iqbal","DR-782","EMDS Call","Medical Emergency","Hypertension","2026/01/20 08:13:49 PM","Rahim Yar Khan"
"262274","Shahla Nawaz","DR-185","EMDS Call","Road Crash","Minor Injuries","2026/01/20 08:35:13 PM","Rahim Yar Khan"
"262275","Adil Iqbal","DR-782","EMDS Call","Medical Emergency","Chest Pain","2026/01/20 08:36:35 PM","Sadiqabad"
"262276","Shahla Nawaz","DR-185","EMDS Call","Medical Emergency","Unconscious","2026/01/20 08:43:09 PM","Rahim Yar Khan"
"262277","Muhammad Zubair","DR-894","EMDS Call","Medical Emergency","Abdominal Pain","2026/01/20 08:53:11 PM","Khanpur"
"75600","Sajid Mehmood","DR-914","Direct Call","Patient Transfer Service","N/A","2026/01/20 09:02:52 PM","Rahim Yar Khan"
"262279","Saira Bibi","MR-5494","EMDS Call","Road Crash","Bleeding","2026/01/20 09:04:52 PM","Liaqatpur"
"262278","Sajid Mehmood","DR-914","EMDS Call","Rescue Operations","Delivery Case","2026/01/20 09:06:18 PM","Rahim Yar Khan"
"262280","Saira Bibi","MR-5494","EMDS Call","Medical Emergency","Chest Pain","2026/01/20 09:10:39 PM","Rahim Yar Khan"
"262281","Muhammad Zubair","DR-894","EMDS Call","Medical Emergency","Chest Pain","2026/01/20 09:16:20 PM","Rahim Yar Khan"
"262282","Saira Bibi","MR-5494","EMDS Call","Rescue Operations","Electric Shock","2026/01/20 09:21:33 PM","Rahim Yar Khan"
"262283","Sajid Mehmood","DR-914","EMDS Call","Medical Emergency","Diabetic","2026/01/20 09:24:11 PM","Sadiqabad"
"262284","Sajid Mehmood","DR-914","EMDS Call","Rescue Operations","Delivery Case","2026/01/20 09:25:50 PM","Sadiqabad"
"262285","Saira Bibi","MR-5494","EMDS Call","Medical Emergency","Others","2026/01/20 09:24:37 PM","Sadiqabad"
"Not Assigned","Muhammad Zubair","DR-894","EMDS Call","Road Crash","Minor Injuries","2026/01/20 09:31:48 PM","Khanpur"
"75601","Sajid Mehmood","DR-914","Direct Call","Patient Transfer Service","N/A","2026/01/20 09:39:09 PM","Khanpur"
"262287","Muhammad Zubair","DR-894","EMDS Call","Medical Emergency","Epilepsy","2026/01/20 09:44:06 PM","Rahim Yar Khan"
"262288","Saira Bibi","MR-5494","EMDS Call","Road Crash","Severe Trauma","2026/01/20 09:47:10 PM","Khanpur"
"262288","Saira Bibi","MR-5494","EMDS Call","Road Crash","Severe Trauma","2026/01/20 09:47:10 PM","Khanpur"
"262288","Saira Bibi","MR-5494","EMDS Call","Road Crash","Severe Trauma","2026/01/20 09:47:10 PM","Khanpur"
"75602","Sajid Mehmood","DR-914","Direct Call","Patient Transfer Service","N/A","2026/01/20 09:46:39 PM","Khanpur"
"262289","Sajid Mehmood","DR-914","EMDS Call","Medical Emergency","Hypertension","2026/01/20 09:53:08 PM","Rahim Yar Khan"
"262290","Saira Bibi","MR-5494","EMDS Call","Road Crash","Bleeding","2026/01/20 09:54:07 PM","Rahim Yar Khan"
"262291","Sajid Mehmood","DR-914","EMDS Call","Medical Emergency","Joints Pain","2026/01/20 09:56:02 PM","Sadiqabad"
"262292","Sajid Mehmood","DR-914","EMDS Call","Medical Emergency","SOB/ Respiratory Distress","2026/01/20 09:59:58 PM","Khanpur"
"262293","Saira Bibi","MR-5494","EMDS Call","Medical Emergency","SOB/ Respiratory Distress","2026/01/20 10:05:16 PM","Khanpur"
"262294","Saira Bibi","MR-5494","EMDS Call","Rescue Operations","Animal/Bird Rescue","2026/01/20 10:15:31 PM","Khanpur"
"75603","Muhammad Zubair","DR-894","Direct Call","Patient Transfer Service","N/A","2026/01/20 10:16:38 PM","Sadiqabad"
"262295","Muhammad Zubair","DR-894","EMDS Call","Medical Emergency","Hypertension","2026/01/20 10:22:38 PM","Rahim Yar Khan"
"75604","Sajid Mehmood","DR-914","Direct Call","Patient Transfer Service","N/A","2026/01/20 10:26:44 PM","Rahim Yar Khan"
"262296","Sajid Mehmood","DR-914","EMDS Call","Medical Emergency","Abdominal Pain","2026/01/20 10:31:22 PM","Rahim Yar Khan"
"75605","Maheen Tahir","MR-6017","Direct Call","Patient Transfer Service","N/A","2026/01/20 10:34:17 PM","Sadiqabad"
"262297","Saira Bibi","MR-5494","EMDS Call","Medical Emergency","SOB/ Respiratory Distress","2026/01/20 10:44:30 PM","Rahim Yar Khan"
"262298","Sajid Mehmood","DR-914","EMDS Call","Road Crash","Severe Trauma","2026/01/20 10:53:04 PM","Rahim Yar Khan"
"262299","Maheen Tahir","MR-6017","EMDS Call","Medical Emergency","Chronic Illness","2026/01/20 10:52:39 PM","Liaqatpur"
"262300","Saira Bibi","MR-5494","EMDS Call","Medical Emergency","Joints Pain","2026/01/20 10:55:21 PM","Sadiqabad"
"75606","Sajid Mehmood","DR-914","Direct Call","Patient Transfer Service","N/A","2026/01/20 11:03:45 PM","Sadiqabad"
"262301","Maheen Tahir","MR-6017","EMDS Call","Medical Emergency","Others","2026/01/20 11:10:14 PM","Rahim Yar Khan"
"75607","Sajid Mehmood","DR-914","Direct Call","Patient Transfer Service","N/A","2026/01/20 11:17:24 PM","Sadiqabad"
"262302","Sajid Mehmood","DR-914","EMDS Call","Medical Emergency","Chest Pain","2026/01/20 11:19:12 PM","Khanpur"
"262304","Maheen Tahir","MR-6017","EMDS Call","Medical Emergency","Others","2026/01/20 11:20:56 PM","Sadiqabad"
"262303","Saqib Nasim","DR-197","EMDS Call","Medical Emergency","Abdominal Pain","2026/01/20 11:21:32 PM","Rahim Yar Khan"
"262305","Saqib Nasim","DR-197","EMDS Call","Medical Emergency","Chest Pain","2026/01/20 11:26:15 PM","Rahim Yar Khan"
"262306","Sajid Mehmood","DR-914","EMDS Call","Rescue Operations","Delivery Case","2026/01/20 11:32:44 PM","Rahim Yar Khan"
"262307","Maheen Tahir","MR-6017","EMDS Call","Medical Emergency","Others","2026/01/20 11:38:39 PM","Sadiqabad"
"262308","Saqib Nasim","DR-197","EMDS Call","Medical Emergency","Vomiting","2026/01/20 11:52:08 PM","Rahim Yar Khan"
"262309","Sajid Mehmood","DR-914","EMDS Call","Medical Emergency","Diabetic","2026/01/20 11:54:10 PM","Sadiqabad"
"262310","Sajid Mehmood","DR-914","EMDS Call","Medical Emergency","Others","2026/01/21 12:01:28 AM","Rahim Yar Khan"
"262311","Maheen Tahir","MR-6017","EMDS Call","Medical Emergency","SOB/ Respiratory Distress","2026/01/21 12:02:57 AM","Khanpur"
"262312","Saqib Nasim","DR-197","EMDS Call","Medical Emergency","Others","2026/01/21 12:07:00 AM","Rahim Yar Khan"
"262313","Sajid Mehmood","DR-914","EMDS Call","Medical Emergency","Abdominal Pain","2026/01/21 12:10:37 AM","Rahim Yar Khan"
"262314","Maheen Tahir","MR-6017","EMDS Call","Medical Emergency","Others","2026/01/21 12:12:25 AM","Rahim Yar Khan"
"262315","Saqib Nasim","DR-197","EMDS Call","Medical Emergency","SOB/ Respiratory Distress","2026/01/21 12:37:09 AM","Rahim Yar Khan"
"262316","Saqib Nasim","DR-197","EMDS Call","Medical Emergency","Vomiting","2026/01/21 12:44:28 AM","Rahim Yar Khan"
"262317","Maheen Tahir","MR-6017","EMDS Call","Medical Emergency","Others","2026/01/21 12:54:21 AM","Rahim Yar Khan"
"75608","Saqib Nasim","DR-197","Direct Call","Patient Transfer Service","N/A","2026/01/21 01:05:13 AM","Khanpur"
"75609","Saqib Nasim","DR-197","Direct Call","Patient Transfer Service","N/A","2026/01/21 01:10:36 AM","Khanpur"
"75610","Sajid Mehmood","DR-914","Direct Call","Patient Transfer Service","N/A","2026/01/21 01:16:41 AM","Sadiqabad"
"262318","Maheen Tahir","MR-6017","EMDS Call","Medical Emergency","Vomiting","2026/01/21 01:28:01 AM","Rahim Yar Khan"
"262319","Saqib Nasim","DR-197","EMDS Call","Rescue Operations","Delivery Case","2026/01/21 01:28:28 AM","Rahim Yar Khan"
"262320","Sajid Mehmood","DR-914","EMDS Call","Medical Emergency","Others","2026/01/21 01:31:30 AM","Rahim Yar Khan"
"262321","Maheen Tahir","MR-6017","EMDS Call","Medical Emergency","Abdominal Pain","2026/01/21 01:45:33 AM","Rahim Yar Khan"
"262322","Saqib Nasim","DR-197","EMDS Call","Rescue Operations","Delivery Case","2026/01/21 01:48:02 AM","Rahim Yar Khan"
"262323","Sajid Mehmood","DR-914","EMDS Call","Medical Emergency","Chronic Illness","2026/01/21 02:07:29 AM","Khanpur"
"262324","Maheen Tahir","MR-6017","EMDS Call","Medical Emergency","Renal Disorders / Renal Colic ","2026/01/21 02:10:26 AM","Rahim Yar Khan"
"Not Assigned","Sajid Mehmood","DR-914","EMDS Call","Medical Emergency","Abdominal Pain","2026/01/21 02:11:16 AM","Rahim Yar Khan"
"262326","Saqib Nasim","DR-197","EMDS Call","Medical Emergency","Others","2026/01/21 02:16:15 AM","Sadiqabad"
"262327","Maheen Tahir","MR-6017","EMDS Call","Medical Emergency","Vomiting","2026/01/21 02:20:22 AM","Liaqatpur"
"262328","Saqib Nasim","DR-197","EMDS Call","Medical Emergency","Domestic Injuries","2026/01/21 02:29:48 AM","Rahim Yar Khan"
"262329","Sajid Mehmood","DR-914","EMDS Call","Medical Emergency","Joints Pain","2026/01/21 02:31:38 AM","Rahim Yar Khan"
"262330","Maheen Tahir","MR-6017","EMDS Call","Medical Emergency","Abdominal Pain","2026/01/21 02:31:55 AM","Rahim Yar Khan"
"262331","Saqib Nasim","DR-197","EMDS Call","Medical Emergency","Others","2026/01/21 02:34:44 AM","Rahim Yar Khan"
"262332","Sajid Mehmood","DR-914","EMDS Call","Rescue Operations","Delivery Case","2026/01/21 02:41:15 AM","Sadiqabad"
"262333","Maheen Tahir","MR-6017","EMDS Call","Medical Emergency","Hypotension","2026/01/21 02:49:21 AM","Sadiqabad"
"262334","Sajid Mehmood","DR-914","EMDS Call","Medical Emergency","Epilepsy","2026/01/21 03:02:46 AM","Rahim Yar Khan"
"262335","Maheen Tahir","MR-6017","EMDS Call","Medical Emergency","Abdominal Pain","2026/01/21 03:10:49 AM","Rahim Yar Khan"
"262336","Saqib Nasim","DR-197","EMDS Call","Medical Emergency","Unconscious","2026/01/21 03:27:01 AM","Rahim Yar Khan"
"262337","Saqib Nasim","DR-197","EMDS Call","Medical Emergency","High Fever","2026/01/21 04:17:01 AM","Rahim Yar Khan"
"262338","Saira Bibi","MR-5494","EMDS Call","Medical Emergency","Abdominal Pain","2026/01/21 04:18:39 AM","Rahim Yar Khan"
"262339","Saqib Nasim","DR-197","EMDS Call","Medical Emergency","SOB/ Respiratory Distress","2026/01/21 04:26:40 AM","Liaqatpur"
"262340","Saira Bibi","MR-5494","EMDS Call","Medical Emergency","Hypertension","2026/01/21 04:44:29 AM","Liaqatpur"
"262341","Saqib Nasim","DR-197","EMDS Call","Medical Emergency","Diabetic","2026/01/21 04:49:21 AM","Khanpur"
"262342","Saira Bibi","MR-5494","EMDS Call","Road Crash","Minor Injuries","2026/01/21 04:54:54 AM","Liaqatpur"
"262343","Saira Bibi","MR-5494","EMDS Call","Medical Emergency","Others","2026/01/21 05:00:00 AM","Rahim Yar Khan"
"262344","Muhammad Zubair","DR-894","EMDS Call","Medical Emergency","Abdominal Pain","2026/01/21 05:34:49 AM","Sadiqabad"
"262345","Saqib Nasim","DR-197","EMDS Call","Medical Emergency","Unconscious","2026/01/21 06:04:04 AM","Rahim Yar Khan"
"262346","Saira Bibi","MR-5494","EMDS Call","Medical Emergency","Unconscious","2026/01/21 06:14:08 AM","Rahim Yar Khan"
"262347","Saqib Nasim","DR-197","EMDS Call","Medical Emergency","Abdominal Pain","2026/01/21 06:28:28 AM","Rahim Yar Khan"
"262348","Muhammad Zubair","DR-894","EMDS Call","Medical Emergency","Abdominal Pain","2026/01/21 06:40:28 AM","Liaqatpur"
"262349","Saqib Nasim","DR-197","EMDS Call","Medical Emergency","Unconscious","2026/01/21 06:41:33 AM","Sadiqabad"
"262350","Saira Bibi","MR-5494","EMDS Call","Medical Emergency","Vomiting","2026/01/21 07:17:33 AM","Rahim Yar Khan"
"262351","Muhammad Zubair","DR-894","EMDS Call","Medical Emergency","Chronic Illness","2026/01/21 07:32:31 AM","Khanpur"
"262352","Shaheen Islam","DR-1171","EMDS Call","Medical Emergency","Vomiting","2026/01/21 07:33:02 AM","Rahim Yar Khan"
"262353","Muhammad Zubair","DR-894","EMDS Call","Road Crash","Bleeding","2026/01/21 07:39:49 AM","Khanpur"
"262354","Muhammad Zubair","DR-894","Direct Call","Rescue Operations","Mass Event Coverage","2026/01/21 07:41:40 AM","Rahim Yar Khan"
"262355","Muhammad Zubair","DR-894","EMDS Call","Road Crash","Severe Trauma","2026/01/21 07:47:16 AM","Rahim Yar Khan"
"262355","Muhammad Zubair","DR-894","EMDS Call","Road Crash","Severe Trauma","2026/01/21 07:47:16 AM","Rahim Yar Khan"
"262356","Shaheen Islam","DR-1171","EMDS Call","Medical Emergency","Unconscious","2026/01/21 07:51:51 AM","Khanpur"
"262357","Zia ul Haq","DR-328","EMDS Call","Medical Emergency","Others","2026/01/21 07:58:54 AM","Rahim Yar Khan"
"262358","Zia ul Haq","DR-328","Direct Call","Rescue Operations","Mass Event Coverage","2026/01/21 08:04:16 AM","Rahim Yar Khan"
"262359","Nida Rahat","DR-1322","EMDS Call","Medical Emergency","Vomiting","2026/01/21 08:09:23 AM","Rahim Yar Khan"
"262360","Zia ul Haq","DR-328","EMDS Call","Road Crash","Bleeding","2026/01/21 08:18:38 AM","Sadiqabad"
"262361","Muhammad ALi","DR-818","EMDS Call","Road Crash","Minor Injuries","2026/01/21 08:34:23 AM","Rahim Yar Khan"
"262362","Saima Bashir","MR-5819","EMDS Call","Road Crash","Multiple Fractures","2026/01/21 08:37:37 AM","Rahim Yar Khan"
"262363","Saima Bashir","MR-5819","Direct Call","Rescue Operations","Mass Event Coverage","2026/01/21 08:40:12 AM","Sadiqabad"
"262364","Muhammad ALi","DR-818","EMDS Call","Road Crash","Minor Injuries","2026/01/21 08:43:26 AM","Rahim Yar Khan"
"262365","Zia ul Haq","DR-328","EMDS Call","Medical Emergency","Diabetic","2026/01/21 08:46:16 AM","Sadiqabad"
"262366","Muhammad ALi","DR-818","EMDS Call","Medical Emergency","Hypertension","2026/01/21 08:47:22 AM","Rahim Yar Khan"
"262367","Zia ul Haq","DR-328","EMDS Call","Road Crash","Minor Injuries","2026/01/21 08:48:54 AM","Liaqatpur"
"75611","Saima Bashir","MR-5819","Direct Call","Patient Transfer Service","N/A","2026/01/21 08:54:17 AM","Sadiqabad"
"262368","Zia ul Haq","DR-328","Direct Call","Rescue Operations","Mass Event Coverage","2026/01/21 09:03:20 AM","Sadiqabad"
"262369","Muhammad ALi","DR-818","EMDS Call","Medical Emergency","SOB/ Respiratory Distress","2026/01/21 09:03:24 AM","Sadiqabad"
"262370","Zia ul Haq","DR-328","EMDS Call","Medical Emergency","High Fever","2026/01/21 09:04:18 AM","Sadiqabad"
"262371","Zia ul Haq","DR-328","EMDS Call","Rescue Operations","Animal/Bird Rescue","2026/01/21 09:08:20 AM","Khanpur"
"262372","Nida Rahat","DR-1322","EMDS Call","Medical Emergency","Chest Pain","2026/01/21 09:14:57 AM","Rahim Yar Khan"
"Not Assigned","Fahad Hussain","DR-538","Direct Call","Community","Community Training","2026/01/21 09:24:53 AM","Liaqatpur"
"262373","Fahad Hussain","DR-538","EMDS Call","Road Crash","Minor Injuries","2026/01/21 09:34:06 AM","Khanpur"
"262374","Zia ul Haq","DR-328","EMDS Call","Medical Emergency","Abdominal Pain","2026/01/21 09:38:18 AM","Sadiqabad"
"262376","Saima Bashir","MR-5819","EMDS Call","Road Crash","Minor Injuries","2026/01/21 09:41:01 AM","Rahim Yar Khan"
"262375","Fahad Hussain","DR-538","EMDS Call","Medical Emergency","Others","2026/01/21 09:40:50 AM","Rahim Yar Khan"
"262377","Adnan Shabbir","DR-205","Direct Call","Medical Emergency","Diabetic","2026/01/21 09:43:08 AM","Rahim Yar Khan"
"75612","Saima Bashir","MR-5819","Direct Call","Patient Transfer Service","N/A","2026/01/21 09:44:18 AM","Khanpur"
"75613","Saima Bashir","MR-5819","Direct Call","Patient Transfer Service","N/A","2026/01/21 10:00:15 AM","Liaqatpur"
"262378","Saima Bashir","MR-5819","EMDS Call","Fall","Fall From Roof","2026/01/21 10:02:08 AM","Sadiqabad"
"262379","Adnan Shabbir","DR-205","EMDS Call","Medical Emergency","SOB/ Respiratory Distress","2026/01/21 10:07:55 AM","Khanpur"
"262381","Saima Bashir","MR-5819","EMDS Call","Medical Emergency","SOB/ Respiratory Distress","2026/01/21 10:10:30 AM","Rahim Yar Khan"
"262380","Adnan Shabbir","DR-205","EMDS Call","Medical Emergency","Chronic Illness","2026/01/21 10:11:26 AM","Rahim Yar Khan"
"Not Assigned","Fahad Hussain","DR-538","Direct Call","Community","Community Training","2026/01/21 10:14:47 AM","Rahim Yar Khan"
"262382","Yasir Ilyas","DR-893","EMDS Call","Medical Emergency","Hypertension","2026/01/21 10:14:20 AM","Rahim Yar Khan"
"262383","Adnan Shabbir","DR-205","EMDS Call","Medical Emergency","SOB/ Respiratory Distress","2026/01/21 10:20:36 AM","Khanpur"
"262384","Fahad Hussain","DR-538","EMDS Call","Road Crash","Minor Injuries","2026/01/21 10:22:51 AM","Liaqatpur"
"262385","Adnan Shabbir","DR-205","EMDS Call","Medical Emergency","Abdominal Pain","2026/01/21 10:26:10 AM","Liaqatpur"
"262386","Saima Bashir","MR-5819","EMDS Call","Medical Emergency","Renal Disorders / Renal Colic ","2026/01/21 10:37:58 AM","Rahim Yar Khan"
"262387","Adnan Shabbir","DR-205","EMDS Call","Medical Emergency","Others","2026/01/21 10:39:36 AM","Rahim Yar Khan"
"262388","Muhammad Saeed","DR-190","EMDS Call","Medical Emergency","Hypertension","2026/01/21 10:43:36 AM","Rahim Yar Khan"
"262389","Adnan Shabbir","DR-205","EMDS Call","Road Crash","Minor Injuries","2026/01/21 10:44:58 AM","Sadiqabad"
"262390","Yasir Ilyas","DR-893","EMDS Call","Medical Emergency","Others","2026/01/21 10:45:36 AM","Rahim Yar Khan"
"262391","Adnan Shabbir","DR-205","EMDS Call","Medical Emergency","Chronic Illness","2026/01/21 10:49:25 AM","Rahim Yar Khan"
"262392","Adnan Shabbir","DR-205","EMDS Call","Medical Emergency","Chest Pain","2026/01/21 10:57:47 AM","Sadiqabad"
"262393","Muhammad Saeed","DR-190","EMDS Call","Medical Emergency","Abdominal Pain","2026/01/21 11:07:39 AM","Liaqatpur"
"262394","Adnan Shabbir","DR-205","EMDS Call","Rescue Operations","Delivery Case","2026/01/21 11:14:53 AM","Liaqatpur"
"262397","Adnan Shabbir","DR-205","EMDS Call","Medical Emergency","Abdominal Pain","2026/01/21 11:24:16 AM","Liaqatpur"
"262395","Muhammad Abid","DR-874","EMDS Call","Medical Emergency","Vomiting","2026/01/21 11:23:46 AM","Rahim Yar Khan"
"262398","Muhammad Saeed","DR-190","EMDS Call","Medical Emergency","Hypertension","2026/01/21 11:27:58 AM","Rahim Yar Khan"
"262396","Mureed Abbas","DR-900","EMDS Call","Medical Emergency","Vomiting","2026/01/21 11:28:49 AM","Rahim Yar Khan"
"262400","Yasir Ilyas","DR-893","EMDS Call","Medical Emergency","Hypertension","2026/01/21 11:36:25 AM","Rahim Yar Khan"
"262399","Muhammad Abid","DR-874","EMDS Call","Medical Emergency","Abdominal Pain","2026/01/21 11:41:32 AM","Sadiqabad"
"262401","Muhammad Abid","DR-874","EMDS Call","Medical Emergency","Hypotension","2026/01/21 11:47:55 AM","Sadiqabad"
"75614","Muhammad Abid","DR-874","Direct Call","Patient Transfer Service","N/A","2026/01/21 11:53:09 AM","Rahim Yar Khan"
"262403","Mureed Abbas","DR-900","EMDS Call","Medical Emergency","Others","2026/01/21 11:58:44 AM","Sadiqabad"
"262402","Muhammad Abid","DR-874","EMDS Call","Medical Emergency","Chronic Illness","2026/01/21 11:59:50 AM","Rahim Yar Khan"
"262404","Adnan Shabbir","DR-205","EMDS Call","Medical Emergency","CVA/Stroke","2026/01/21 12:05:28 PM","Rahim Yar Khan"
"262405","Adnan Shabbir","DR-205","EMDS Call","Medical Emergency","Others","2026/01/21 12:13:13 PM","Rahim Yar Khan"
"262406","Yasir Ilyas","DR-893","EMDS Call","Medical Emergency","High Fever","2026/01/21 12:14:11 PM","Rahim Yar Khan"
"262407","Yasir Ilyas","DR-893","EMDS Call","Road Crash","Bleeding","2026/01/21 12:23:13 PM","Sadiqabad"
"262407","Yasir Ilyas","DR-893","EMDS Call","Road Crash","Bleeding","2026/01/21 12:23:13 PM","Sadiqabad"
"262408","Mureed Abbas","DR-900","EMDS Call","Medical Emergency","Vomiting","2026/01/21 12:24:13 PM","Rahim Yar Khan"
"262409","Adnan Shabbir","DR-205","EMDS Call","Medical Emergency","Others","2026/01/21 12:25:48 PM","Rahim Yar Khan"
"262410","Yasir Ilyas","DR-893","EMDS Call","Road Crash","Bleeding","2026/01/21 12:28:59 PM","Rahim Yar Khan"
"262411","Yasir Ilyas","DR-893","EMDS Call","Medical Emergency","Others","2026/01/21 12:33:46 PM","Sadiqabad"
"262412","Yasir Ilyas","DR-893","EMDS Call","Medical Emergency","SOB/ Respiratory Distress","2026/01/21 12:38:01 PM","Rahim Yar Khan"
"262413","Yasir Ilyas","DR-893","EMDS Call","Medical Emergency","Abdominal Pain","2026/01/21 12:41:01 PM","Liaqatpur"
"262414","Mureed Abbas","DR-900","EMDS Call","Medical Emergency","SOB/ Respiratory Distress","2026/01/21 12:41:13 PM","Sadiqabad"
"262415","Zia ul Haq","DR-328","EMDS Call","Road Crash","Severe Trauma","2026/01/21 01:08:53 PM","Sadiqabad"
"262416","Zia ul Haq","DR-328","EMDS Call","Medical Emergency","Epilepsy","2026/01/21 01:11:23 PM","Liaqatpur"
"262417","Muhammad Abid","DR-874","Direct Call","Medical Emergency","SOB/ Respiratory Distress","2026/01/21 01:34:19 PM","Rahim Yar Khan"
"262418","Shahla Nawaz","DR-185","EMDS Call","Medical Emergency","Abdominal Pain","2026/01/21 01:33:27 PM","Rahim Yar Khan"
"262419","Nida Rahat","DR-1322","EMDS Call","Medical Emergency","Chronic Illness","2026/01/21 01:32:31 PM","Rahim Yar Khan"
"262420","Shahid Jamil","DR-184","EMDS Call","Medical Emergency","CVA/Stroke","2026/01/21 01:39:48 PM","Khanpur"
"262421","Shahla Nawaz","DR-185","EMDS Call","Medical Emergency","SOB/ Respiratory Distress","2026/01/21 01:40:05 PM","Khanpur"
"262422","Muhammad Abid","DR-874","EMDS Call","Road Crash","Minor Injuries","2026/01/21 01:42:18 PM","Liaqatpur"
"262423","Shahid Jamil","DR-184","EMDS Call","Rescue Operations","Delivery Case","2026/01/21 01:44:00 PM","Khanpur"
"Not Assigned","Nida Rahat","DR-1322","Direct Call","Community","Community Training","2026/01/21 01:46:03 PM","Liaqatpur"
"262424","Shahid Jamil","DR-184","EMDS Call","Medical Emergency","Vomiting","2026/01/21 01:55:01 PM","Rahim Yar Khan"
"262425","Muhammad Abid","DR-874","EMDS Call","Road Crash","Minor Injuries","2026/01/21 01:56:40 PM","Rahim Yar Khan"
"262426","Shahla Nawaz","DR-185","EMDS Call","Road Crash","Minor Injuries","2026/01/21 01:58:30 PM","Rahim Yar Khan"
"262427","Muhammad ALi","DR-818","EMDS Call","Medical Emergency","Hypertension","2026/01/21 02:05:48 PM","Rahim Yar Khan"
"262428","Muhammad Abid","DR-874","EMDS Call","Road Crash","Minor Injuries","2026/01/21 02:18:25 PM","Rahim Yar Khan"
"75615","Muhammad Abid","DR-874","Direct Call","Patient Transfer Service","N/A","2026/01/21 02:21:36 PM","Sadiqabad"
"Not Assigned","Zupasha Zia","MR-5758","Direct Call","Community","Community Training","2026/01/21 02:29:09 PM","Rahim Yar Khan"
"262429","Zupasha Zia","MR-5758","EMDS Call","Fire","Others","2026/01/21 02:30:19 PM","Liaqatpur"
"262430","Bushra Saleem","MR-5701","EMDS Call","Road Crash","Minor Injuries","2026/01/21 02:42:44 PM","Rahim Yar Khan"
"262431","Bushra Saleem","MR-5701","EMDS Call","Road Crash","Minor Injuries","2026/01/21 02:44:35 PM","Liaqatpur"
"262432","Zupasha Zia","MR-5758","EMDS Call","Medical Emergency","Hypertension","2026/01/21 02:47:39 PM","Rahim Yar Khan"
"262433","Bushra Saleem","MR-5701","EMDS Call","Road Crash","Bleeding","2026/01/21 02:47:48 PM","Rahim Yar Khan"
"262434","Rana M. Usman","DR-200","EMDS Call","Medical Emergency","Diabetic","2026/01/21 02:49:38 PM","Rahim Yar Khan"
"262435","Bushra Saleem","MR-5701","EMDS Call","Medical Emergency","Others","2026/01/21 03:00:00 PM","Rahim Yar Khan"
"262436","Bushra Saleem","MR-5701","EMDS Call","Medical Emergency","SOB/ Respiratory Distress","2026/01/21 03:10:18 PM","Khanpur"
"262437","Zupasha Zia","MR-5758","EMDS Call","Medical Emergency","Diabetic","2026/01/21 03:09:45 PM","Sadiqabad"
"262438","Rana M. Usman","DR-200","EMDS Call","Medical Emergency","Others","2026/01/21 03:12:29 PM","Rahim Yar Khan"
"262439","Bushra Saleem","MR-5701","EMDS Call","Road Crash","Bleeding","2026/01/21 03:12:01 PM","Rahim Yar Khan"
"262440","Rana M. Usman","DR-200","EMDS Call","Medical Emergency","Domestic Injuries","2026/01/21 03:17:37 PM","Khanpur"
"262442","Rana M. Usman","DR-200","EMDS Call","Rescue Operations","Delivery Case","2026/01/21 03:20:57 PM","Sadiqabad"
"262441","Bushra Saleem","MR-5701","EMDS Call","Medical Emergency","Chest Pain","2026/01/21 03:20:25 PM","Khanpur"
"262443","Zupasha Zia","MR-5758","EMDS Call","Medical Emergency","Vomiting","2026/01/21 03:23:07 PM","Liaqatpur"
"75616","Bushra Saleem","MR-5701","Direct Call","Patient Transfer Service","N/A","2026/01/21 03:30:15 PM","Khanpur"
"262444","Zupasha Zia","MR-5758","EMDS Call","Road Crash","Bleeding","2026/01/21 03:33:41 PM","Rahim Yar Khan"
"262445","Bushra Saleem","MR-5701","EMDS Call","Medical Emergency","Chronic Illness","2026/01/21 03:33:37 PM","Rahim Yar Khan"
"75617","Rana M. Usman","DR-200","Direct Call","Patient Transfer Service","N/A","2026/01/21 03:38:31 PM","Sadiqabad"
"262446","Bushra Saleem","MR-5701","EMDS Call","Medical Emergency","SOB/ Respiratory Distress","2026/01/21 03:44:12 PM","Rahim Yar Khan"
"75618","Shahid Jamil","DR-184","Direct Call","Patient Transfer Service","N/A","2026/01/21 03:52:34 PM","Sadiqabad"
"262447","Zupasha Zia","MR-5758","EMDS Call","Medical Emergency","Hypertension","2026/01/21 03:54:03 PM","Rahim Yar Khan"
"262448","Zupasha Zia","MR-5758","EMDS Call","Medical Emergency","Others","2026/01/21 03:57:40 PM","Rahim Yar Khan"
"262449","Shahid Jamil","DR-184","EMDS Call","Medical Emergency","Hypertension","2026/01/21 03:59:14 PM","Rahim Yar Khan"
"262451","Bushra Saleem","MR-5701","EMDS Call","Medical Emergency","Vomiting","2026/01/21 04:00:15 PM","Sadiqabad"
"262450","Shahid Jamil","DR-184","EMDS Call","Medical Emergency","Chronic Illness","2026/01/21 04:04:23 PM","Liaqatpur"
"75619","Shahid Jamil","DR-184","Direct Call","Patient Transfer Service","N/A","2026/01/21 04:22:56 PM","Liaqatpur"
"262452","Zupasha Zia","MR-5758","EMDS Call","Medical Emergency","SOB/ Respiratory Distress","2026/01/21 04:22:22 PM","Rahim Yar Khan"
"262453","Rana M. Usman","DR-200","EMDS Call","Medical Emergency","Vomiting","2026/01/21 04:23:40 PM","Rahim Yar Khan"
"262456","Bushra Saleem","MR-5701","EMDS Call","Medical Emergency","Vomiting","2026/01/21 04:23:54 PM","Sadiqabad"
"262455","Zupasha Zia","MR-5758","EMDS Call","Medical Emergency","SOB/ Respiratory Distress","2026/01/21 04:27:11 PM","Khanpur"
"262454","Rana M. Usman","DR-200","EMDS Call","Road Crash","Minor Injuries","2026/01/21 04:27:59 PM","Rahim Yar Khan"
"262457","Muhammad Riaz","DR-654","EMDS Call","Road Crash","Severe Trauma","2026/01/21 04:38:17 PM","Khanpur"
"262457","Muhammad Riaz","DR-654","EMDS Call","Road Crash","Severe Trauma","2026/01/21 04:38:17 PM","Khanpur"
"262458","Bushra Saleem","MR-5701","EMDS Call","Medical Emergency","Hypertension","2026/01/21 04:39:50 PM","Rahim Yar Khan"
"262459","Rana M. Usman","DR-200","EMDS Call","Medical Emergency","Others","2026/01/21 04:42:29 PM","Rahim Yar Khan"
"75620","Muhammad Riaz","DR-654","Direct Call","Patient Transfer Service","N/A","2026/01/21 04:44:35 PM","Liaqatpur"
"262460","Zupasha Zia","MR-5758","EMDS Call","Medical Emergency","Abdominal Pain","2026/01/21 04:53:05 PM","Rahim Yar Khan"
"262461","Bushra Saleem","MR-5701","EMDS Call","Medical Emergency","Chronic Illness","2026/01/21 04:55:12 PM","Rahim Yar Khan"
"262462","Zupasha Zia","MR-5758","EMDS Call","Medical Emergency","Hypertension","2026/01/21 05:00:44 PM","Rahim Yar Khan"
"262463","Muhammad Fiaz","DR-206","EMDS Call","Medical Emergency","Diarrhea","2026/01/21 05:08:37 PM","Khanpur"
"262464","Zupasha Zia","MR-5758","EMDS Call","Rescue Operations","Electric Shock","2026/01/21 05:20:28 PM","Khanpur"
"262465","Bushra Saleem","MR-5701","EMDS Call","Road Crash","Bleeding","2026/01/21 05:25:26 PM","Rahim Yar Khan"
"262466","Muhammad Fiaz","DR-206","EMDS Call","Medical Emergency","Others","2026/01/21 05:26:36 PM","Sadiqabad"
"262467","Zupasha Zia","MR-5758","EMDS Call","Medical Emergency","Abdominal Pain","2026/01/21 05:30:20 PM","Sadiqabad"
"75621","Zupasha Zia","MR-5758","Direct Call","Patient Transfer Service","N/A","2026/01/21 05:33:08 PM","Sadiqabad"
"262468","Bushra Saleem","MR-5701","EMDS Call","Crime","Probable Suicide","2026/01/21 05:46:33 PM","Rahim Yar Khan"
"262469","Muhammad Fiaz","DR-206","EMDS Call","Road Crash","Minor Injuries","2026/01/21 05:47:56 PM","Rahim Yar Khan"
"262470","Rana M. Usman","DR-200","EMDS Call","Medical Emergency","SOB/ Respiratory Distress","2026/01/21 05:49:23 PM","Khanpur"
"75622","Muhammad Fiaz","DR-206","Direct Call","Patient Transfer Service","N/A","2026/01/21 05:53:14 PM","Sadiqabad"
"262471","Rana M. Usman","DR-200","EMDS Call","Road Crash","Bleeding","2026/01/21 05:54:47 PM","Rahim Yar Khan"
"262472","Bushra Saleem","MR-5701","EMDS Call","Medical Emergency","Domestic Injuries","2026/01/21 05:54:05 PM","Rahim Yar Khan"
"262473","Rana M. Usman","DR-200","EMDS Call","Medical Emergency","SOB/ Respiratory Distress","2026/01/21 05:56:40 PM","Sadiqabad"
"75623","Muhammad Fiaz","DR-206","Direct Call","Patient Transfer Service","N/A","2026/01/21 05:59:38 PM","Sadiqabad"
"262474","Bushra Saleem","MR-5701","EMDS Call","Rescue Operations","Animal/Bird Rescue","2026/01/21 05:56:59 PM","Khanpur"
"262475","Bushra Saleem","MR-5701","EMDS Call","Road Crash","Severe Trauma","2026/01/21 06:03:40 PM","Rahim Yar Khan"
"262476","Rana M. Usman","DR-200","EMDS Call","Road Crash","Severe Trauma","2026/01/21 06:04:50 PM","Khanpur"
"262477","Rana M. Usman","DR-200","EMDS Call","Medical Emergency","High Fever","2026/01/21 06:13:00 PM","Liaqatpur"
"262478","Muhammad Fiaz","DR-206","EMDS Call","Road Crash","Multiple Fractures","2026/01/21 06:19:13 PM","Rahim Yar Khan"
"262479","Bushra Saleem","MR-5701","EMDS Call","Road Crash","Minor Injuries","2026/01/21 06:18:36 PM","Rahim Yar Khan"
"262480","Muhammad Fiaz","DR-206","Direct Call","Medical Emergency","Others","2026/01/21 06:23:35 PM","Rahim Yar Khan"
"262481","Rana M. Usman","DR-200","EMDS Call","Medical Emergency","Others","2026/01/21 06:24:56 PM","Khanpur"
"262483","Bushra Saleem","MR-5701","EMDS Call","Road Crash","Minor Injuries","2026/01/21 06:27:26 PM","Rahim Yar Khan"
"262482","Zupasha Zia","MR-5758","EMDS Call","Road Crash","Severe Trauma","2026/01/21 06:31:50 PM","Rahim Yar Khan"
"262484","Muhammad Riaz","DR-654","EMDS Call","Medical Emergency","Diabetic","2026/01/21 06:39:46 PM","Rahim Yar Khan"
"262486","Rana M. Usman","DR-200","EMDS Call","Medical Emergency","Others","2026/01/21 06:40:28 PM","Sadiqabad"
"262485","Bushra Saleem","MR-5701","EMDS Call","Medical Emergency","Others","2026/01/21 06:40:30 PM","Rahim Yar Khan"
"262489","Rana M. Usman","DR-200","EMDS Call","Road Crash","Bleeding","2026/01/21 06:43:39 PM","Rahim Yar Khan"
"262490","Muhammad Riaz","DR-654","EMDS Call","Road Crash","Minor Injuries","2026/01/21 06:45:00 PM","Rahim Yar Khan"
"262488","Muhammad Riaz","DR-654","EMDS Call","Medical Emergency","High Fever","2026/01/21 06:46:30 PM","Rahim Yar Khan"
"262491","Muhammad Riaz","DR-654","EMDS Call","Road Crash","Minor Injuries","2026/01/21 06:56:18 PM","Rahim Yar Khan"
"262492","Muhammad Riaz","DR-654","EMDS Call","Medical Emergency","Vomiting","2026/01/21 07:00:21 PM","Rahim Yar Khan"
"262493","Bushra Saleem","MR-5701","EMDS Call","Medical Emergency","Abdominal Pain","2026/01/21 07:05:11 PM","Sadiqabad"
"262494","Zupasha Zia","MR-5758","EMDS Call","Road Crash","Bleeding","2026/01/21 07:09:58 PM","Rahim Yar Khan"
"262495","Rana M. Usman","DR-200","EMDS Call","Medical Emergency","Others","2026/01/21 07:16:12 PM","Rahim Yar Khan"
"262496","Zupasha Zia","MR-5758","EMDS Call","Medical Emergency","Hypotension","2026/01/21 07:19:55 PM","Rahim Yar Khan"
"262497","Muhammad Riaz","DR-654","EMDS Call","Road Crash","Bleeding","2026/01/21 07:21:30 PM","Rahim Yar Khan"
"262498","Bushra Saleem","MR-5701","EMDS Call","Medical Emergency","Backache","2026/01/21 07:21:45 PM","Rahim Yar Khan"
"262500","Zupasha Zia","MR-5758","EMDS Call","Medical Emergency","CVA/Stroke","2026/01/21 07:23:41 PM","Rahim Yar Khan"
"262499","Muhammad Riaz","DR-654","EMDS Call","Road Crash","Bleeding","2026/01/21 07:24:26 PM","Sadiqabad"
"75624","Bushra Saleem","MR-5701","Direct Call","Patient Transfer Service","N/A","2026/01/21 07:28:12 PM","Khanpur"
"262501","Muhammad Riaz","DR-654","EMDS Call","Medical Emergency","Others","2026/01/21 07:30:09 PM","Rahim Yar Khan"
"262502","Zupasha Zia","MR-5758","EMDS Call","Rescue Operations","Delivery Case","2026/01/21 07:32:49 PM","Khanpur"
"262503","Rana M. Usman","DR-200","EMDS Call","Medical Emergency","Diabetic","2026/01/21 07:34:33 PM","Rahim Yar Khan"
"75625","Zupasha Zia","MR-5758","Direct Call","Patient Transfer Service","N/A","2026/01/21 07:36:25 PM","Khanpur"
"262504","Rana M. Usman","DR-200","EMDS Call","Medical Emergency","Chest Pain","2026/01/21 07:43:26 PM","Rahim Yar Khan"
"262505","Bushra Saleem","MR-5701","EMDS Call","Medical Emergency","Domestic Injuries","2026/01/21 07:44:01 PM","Rahim Yar Khan"
"262506","Muhammad Riaz","DR-654","EMDS Call","Rescue Operations","Delivery Case","2026/01/21 07:50:58 PM","Liaqatpur"
"262507","Rana M. Usman","DR-200","EMDS Call","Medical Emergency","High Fever","2026/01/21 07:55:48 PM","Sadiqabad"
"262508","Zupasha Zia","MR-5758","EMDS Call","Medical Emergency","Joints Pain","2026/01/21 07:57:19 PM","Sadiqabad"
"262509","Zupasha Zia","MR-5758","EMDS Call","Rescue Operations","Delivery Case","2026/01/21 08:00:38 PM","Rahim Yar Khan"
"262510","Zupasha Zia","MR-5758","EMDS Call","Medical Emergency","Chest Pain","2026/01/21 08:07:26 PM","Khanpur"
"262511","Rana M. Usman","DR-200","EMDS Call","Medical Emergency","Domestic Injuries","2026/01/21 08:09:34 PM","Sadiqabad"
"262512","Bushra Saleem","MR-5701","EMDS Call","Road Crash","Bleeding","2026/01/21 08:20:08 PM","Rahim Yar Khan"
"262514","Zupasha Zia","MR-5758","EMDS Call","Medical Emergency","Vomiting","2026/01/21 08:24:12 PM","Liaqatpur"
"262513","Bushra Saleem","MR-5701","EMDS Call","Medical Emergency","Others","2026/01/21 08:26:18 PM","Khanpur"
"262515","Bushra Saleem","MR-5701","EMDS Call","Medical Emergency","Hypertension","2026/01/21 08:47:17 PM","Sadiqabad"
"262517","Maheen Tahir","MR-6017","EMDS Call","Rescue Operations","Delivery Case","2026/01/21 08:53:26 PM","Rahim Yar Khan"
"262516","Muhammad Zahid","DR-888","EMDS Call","Rescue Operations","Others","2026/01/21 08:54:25 PM","Khanpur"
"262518","Muhammad Zubair","DR-894","EMDS Call","Rescue Operations","Delivery Case","2026/01/21 09:06:40 PM","Rahim Yar Khan"
"262519","Muhammad Zubair","DR-894","EMDS Call","Medical Emergency","Vomiting","2026/01/21 09:11:40 PM","Rahim Yar Khan"
"Not Assigned","Maheen Tahir","MR-6017","EMDS Call","Medical Emergency","Unconscious","2026/01/21 09:14:09 PM","Rahim Yar Khan"
"262521","Muhammad Zubair","DR-894","EMDS Call","Medical Emergency","Others","2026/01/21 09:15:27 PM","Rahim Yar Khan"
"262522","Saira Bibi","MR-5494","EMDS Call","Medical Emergency","Chronic Illness","2026/01/21 09:18:12 PM","Khanpur"
"262523","Saira Bibi","MR-5494","EMDS Call","Medical Emergency","High Fever","2026/01/21 09:33:29 PM","Liaqatpur"
"75626","Saira Bibi","MR-5494","Direct Call","Patient Transfer Service","N/A","2026/01/21 09:39:02 PM","Khanpur"
"262524","Muhammad Zubair","DR-894","Direct Call","Medical Emergency","High Fever","2026/01/21 09:45:40 PM","Sadiqabad"
"262525","Muhammad Zubair","DR-894","EMDS Call","Medical Emergency","SOB/ Respiratory Distress","2026/01/21 09:49:50 PM","Rahim Yar Khan"
"262526","Saira Bibi","MR-5494","EMDS Call","Medical Emergency","Others","2026/01/21 09:52:37 PM","Rahim Yar Khan"
"75627","Muhammad Zubair","DR-894","Direct Call","Patient Transfer Service","N/A","2026/01/21 10:11:34 PM","Liaqatpur"
"262527","Saira Bibi","MR-5494","EMDS Call","Rescue Operations","Delivery Case","2026/01/21 10:33:04 PM","Rahim Yar Khan"
"262528","Saira Bibi","MR-5494","EMDS Call","Medical Emergency","SOB/ Respiratory Distress","2026/01/21 10:41:31 PM","Rahim Yar Khan"
"262529","Maheen Tahir","MR-6017","EMDS Call","Medical Emergency","Hypertension","2026/01/21 10:47:44 PM","Rahim Yar Khan"
"262530","Maheen Tahir","MR-6017","EMDS Call","Medical Emergency","Vomiting","2026/01/21 10:50:19 PM","Sadiqabad"
"262531","Saira Bibi","MR-5494","EMDS Call","Medical Emergency","Others","2026/01/21 10:55:13 PM","Rahim Yar Khan"
"262532","Saira Bibi","MR-5494","EMDS Call","Medical Emergency","Unconscious","2026/01/21 11:01:50 PM","Liaqatpur"
"262533","Muhammad Zahid","DR-888","EMDS Call","Road Crash","Minor Injuries","2026/01/21 11:08:37 PM","Rahim Yar Khan"
"262534","Maheen Tahir","MR-6017","EMDS Call","Rescue Operations","Delivery Case","2026/01/21 11:11:16 PM","Sadiqabad"
"262535","Muhammad Zahid","DR-888","EMDS Call","Rescue Operations","Delivery Case","2026/01/21 11:21:28 PM","Rahim Yar Khan"
"262536","Shaheen Islam","DR-1171","EMDS Call","Medical Emergency","Chest Pain","2026/01/21 11:26:28 PM","Rahim Yar Khan"
"262537","Maheen Tahir","MR-6017","EMDS Call","Medical Emergency","Others","2026/01/21 11:46:28 PM","Rahim Yar Khan"
"262538","Muhammad Zahid","DR-888","EMDS Call","Medical Emergency","Others","2026/01/21 11:51:10 PM","Rahim Yar Khan"
"262539","Shaheen Islam","DR-1171","EMDS Call","Rescue Operations","Delivery Case","2026/01/22 12:00:41 AM","Khanpur"
"75628","Muhammad Zahid","DR-888","Direct Call","Patient Transfer Service","N/A","2026/01/22 12:21:23 AM","Sadiqabad"
"75629","Maheen Tahir","MR-6017","Direct Call","Patient Transfer Service","N/A","2026/01/22 12:23:55 AM","Liaqatpur"
"262540","Shaheen Islam","DR-1171","EMDS Call","Medical Emergency","Abdominal Pain","2026/01/22 12:21:18 AM","Rahim Yar Khan"
"75630","Muhammad Zahid","DR-888","Direct Call","Patient Transfer Service","N/A","2026/01/22 12:36:35 AM","Sadiqabad"
"262541","Maheen Tahir","MR-6017","EMDS Call","Medical Emergency","Others","2026/01/22 12:40:05 AM","Rahim Yar Khan"
"262542","Maheen Tahir","MR-6017","EMDS Call","Medical Emergency","SOB/ Respiratory Distress","2026/01/22 12:55:35 AM","Rahim Yar Khan"
"262543","Shaheen Islam","DR-1171","EMDS Call","Medical Emergency","SOB/ Respiratory Distress","2026/01/22 12:55:10 AM","Sadiqabad"
"262544","Muhammad Zahid","DR-888","EMDS Call","Medical Emergency","Others","2026/01/22 12:58:36 AM","Rahim Yar Khan"
"262545","Maheen Tahir","MR-6017","EMDS Call","Medical Emergency","Chest Pain","2026/01/22 01:00:55 AM","Sadiqabad"
"262546","Maheen Tahir","MR-6017","EMDS Call","Medical Emergency","Hypertension","2026/01/22 01:22:16 AM","Rahim Yar Khan"
"262547","Shaheen Islam","DR-1171","EMDS Call","Rescue Operations","Others","2026/01/22 01:22:45 AM","Khanpur"
"262548","Maheen Tahir","MR-6017","EMDS Call","Medical Emergency","Others","2026/01/22 01:26:05 AM","Rahim Yar Khan"
"262549","Muhammad Zahid","DR-888","EMDS Call","Medical Emergency","Hypertension","2026/01/22 01:30:27 AM","Rahim Yar Khan"
"262550","Maheen Tahir","MR-6017","EMDS Call","Medical Emergency","Abdominal Pain","2026/01/22 01:31:19 AM","Khanpur"
"262551","Muhammad Zahid","DR-888","EMDS Call","Medical Emergency","Others","2026/01/22 01:38:50 AM","Liaqatpur"
"262552","Shaheen Islam","DR-1171","EMDS Call","Medical Emergency","Abdominal Pain","2026/01/22 01:40:59 AM","Rahim Yar Khan"
"262553","Shaheen Islam","DR-1171","EMDS Call","Medical Emergency","SOB/ Respiratory Distress","2026/01/22 01:55:52 AM","Rahim Yar Khan"
"262554","Maheen Tahir","MR-6017","EMDS Call","Medical Emergency","High Fever","2026/01/22 02:18:17 AM","Sadiqabad"
"262555","Maheen Tahir","MR-6017","EMDS Call","Rescue Operations","Delivery Case","2026/01/22 02:31:24 AM","Rahim Yar Khan"
"262556","Muhammad Zahid","DR-888","EMDS Call","Medical Emergency","Others","2026/01/22 02:45:55 AM","Khanpur"
"262557","Shaheen Islam","DR-1171","EMDS Call","Medical Emergency","Hypertension","2026/01/22 02:52:56 AM","Rahim Yar Khan"
"262558","Muhammad Zahid","DR-888","EMDS Call","Medical Emergency","Unconscious","2026/01/22 03:03:09 AM","Khanpur"
"262559","Muhammad Zahid","DR-888","EMDS Call","Medical Emergency","Vomiting","2026/01/22 03:07:31 AM","Rahim Yar Khan"
"262560","Maheen Tahir","MR-6017","EMDS Call","Medical Emergency","Others","2026/01/22 03:08:24 AM","Khanpur"
"262561","Muhammad Zubair","DR-894","EMDS Call","Medical Emergency","Others","2026/01/22 03:42:46 AM","Sadiqabad"
"262562","Muhammad Zubair","DR-894","EMDS Call","Rescue Operations","Delivery Case","2026/01/22 04:27:32 AM","Sadiqabad"
"262563","Muhammad Zubair","DR-894","EMDS Call","Medical Emergency","Renal Disorders / Renal Colic ","2026/01/22 05:20:54 AM","Khanpur"
"262566","Saira Bibi","MR-5494","EMDS Call","Rescue Operations","Delivery Case","2026/01/22 05:58:47 AM","Khanpur"
"262564","Muhammad Zubair","DR-894","EMDS Call","Medical Emergency","High Fever","2026/01/22 05:59:32 AM","Sadiqabad"
"262565","Zahid Manzoor","DR-887","EMDS Call","Rescue Operations","Delivery Case","2026/01/22 06:02:30 AM","Rahim Yar Khan"
"262567","Saira Bibi","MR-5494","EMDS Call","Medical Emergency","SOB/ Respiratory Distress","2026/01/22 06:15:13 AM","Rahim Yar Khan"
"262568","Zahid Manzoor","DR-887","EMDS Call","Medical Emergency","Unconscious","2026/01/22 06:34:54 AM","Rahim Yar Khan"
"262569","Muhammad Zubair","DR-894","Direct Call","Road Crash","Bleeding","2026/01/22 06:45:10 AM","Liaqatpur"
"262569","Muhammad Zubair","DR-894","Direct Call","Road Crash","Bleeding","2026/01/22 06:45:10 AM","Liaqatpur"
"262569","Muhammad Zubair","DR-894","Direct Call","Road Crash","Bleeding","2026/01/22 06:45:10 AM","Liaqatpur"
"262569","Muhammad Zubair","DR-894","Direct Call","Road Crash","Bleeding","2026/01/22 06:45:10 AM","Liaqatpur"
"262570","Zahid Manzoor","DR-887","Direct Call","Rescue Operations","Mass Event Coverage","2026/01/22 06:52:35 AM","Rahim Yar Khan"
"262571","Zahid Manzoor","DR-887","EMDS Call","Road Crash","Multiple Fractures","2026/01/22 06:54:02 AM","Rahim Yar Khan"
"262572","Muhammad Zubair","DR-894","EMDS Call","Medical Emergency","Unconscious","2026/01/22 07:12:36 AM","Rahim Yar Khan"
"262573","Zahid Manzoor","DR-887","EMDS Call","Medical Emergency","Others","2026/01/22 07:24:03 AM","Rahim Yar Khan"
"262574","Zahid Manzoor","DR-887","EMDS Call","Medical Emergency","Vomiting","2026/01/22 07:38:24 AM","Rahim Yar Khan"
"262575","Muhammad Zubair","DR-894","EMDS Call","Medical Emergency","Chest Pain","2026/01/22 07:42:49 AM","Sadiqabad"
"262576","Zahid Manzoor","DR-887","EMDS Call","Road Crash","Minor Injuries","2026/01/22 07:45:10 AM","Rahim Yar Khan"
"262577","Saima Bashir","MR-5819","Direct Call","Rescue Operations","Mass Event Coverage","2026/01/22 07:58:09 AM","Rahim Yar Khan"
"262578","Zia ul Haq","DR-328","EMDS Call","Medical Emergency","Epilepsy","2026/01/22 08:00:59 AM","Rahim Yar Khan"
"262579","Zia ul Haq","DR-328","Direct Call","Rescue Operations","Mass Event Coverage","2026/01/22 08:16:00 AM","Rahim Yar Khan"
"262580","Saima Bashir","MR-5819","Direct Call","Rescue Operations","Mass Event Coverage","2026/01/22 08:17:14 AM","Sadiqabad"
"262580","Saima Bashir","MR-5819","Direct Call","Rescue Operations","Mass Event Coverage","2026/01/22 08:17:14 AM","Sadiqabad"
"262580","Saima Bashir","MR-5819","Direct Call","Rescue Operations","Mass Event Coverage","2026/01/22 08:17:14 AM","Sadiqabad"
"262581","Aasia Batool","MR-5198","EMDS Call","Medical Emergency","Vomiting","2026/01/22 08:21:34 AM","Khanpur"
"262582","Aasia Batool","MR-5198","EMDS Call","Road Crash","Minor Injuries","2026/01/22 08:29:07 AM","Liaqatpur"
"262583","Aasia Batool","MR-5198","EMDS Call","Medical Emergency","High Fever","2026/01/22 08:32:55 AM","Rahim Yar Khan"
"262584","Aasia Batool","MR-5198","EMDS Call","Road Crash","Minor Injuries","2026/01/22 08:36:30 AM","Rahim Yar Khan"
"262585","Saima Bashir","MR-5819","EMDS Call","Medical Emergency","Abdominal Pain","2026/01/22 08:44:16 AM","Rahim Yar Khan"
"262587","Saima Bashir","MR-5819","EMDS Call","Road Crash","Severe Trauma","2026/01/22 08:53:29 AM","Sadiqabad"
"262587","Saima Bashir","MR-5819","EMDS Call","Road Crash","Severe Trauma","2026/01/22 08:53:29 AM","Sadiqabad"
"262586","Zia ul Haq","DR-328","EMDS Call","Medical Emergency","Joints Pain","2026/01/22 08:54:17 AM","Sadiqabad"
"262588","Saima Bashir","MR-5819","EMDS Call","Medical Emergency","Chest Pain","2026/01/22 08:55:50 AM","Khanpur"
"75631","Zia ul Haq","DR-328","Direct Call","Patient Transfer Service","N/A","2026/01/22 08:58:42 AM","Rahim Yar Khan"
"Not Assigned","Aasia Batool","MR-5198","Direct Call","Community","Community Training","2026/01/22 08:59:08 AM","Liaqatpur"
"262589","Aasia Batool","MR-5198","EMDS Call","Medical Emergency","High Fever","2026/01/22 09:02:55 AM","Rahim Yar Khan"
"262590","Muhammad Abid","DR-874","Direct Call","Road Crash","Severe Trauma","2026/01/22 09:04:27 AM","Khanpur"
"262590","Muhammad Abid","DR-874","Direct Call","Road Crash","Severe Trauma","2026/01/22 09:04:27 AM","Khanpur"
"262591","Adnan Shabbir","DR-205","EMDS Call","Road Crash","Minor Injuries","2026/01/22 09:12:25 AM","Rahim Yar Khan"
"262592","Adnan Shabbir","DR-205","EMDS Call","Medical Emergency","Diabetic","2026/01/22 09:16:12 AM","Sadiqabad"
"262593","Aasia Batool","MR-5198","EMDS Call","Road Crash","Bleeding","2026/01/22 09:18:02 AM","Khanpur"
"262594","Muhammad Abid","DR-874","Direct Call","Medical Emergency","SOB/ Respiratory Distress","2026/01/22 09:20:38 AM","Liaqatpur"
"262595","Adnan Shabbir","DR-205","EMDS Call","Road Crash","Minor Injuries","2026/01/22 09:28:15 AM","Rahim Yar Khan"
"262596","Muhammad Saeed","DR-190","EMDS Call","Medical Emergency","Abdominal Pain","2026/01/22 09:33:34 AM","Rahim Yar Khan"
"262597","Adnan Shabbir","DR-205","Direct Call","Medical Emergency","Others","2026/01/22 09:38:14 AM","Rahim Yar Khan"
"75632","Adnan Shabbir","DR-205","Direct Call","Patient Transfer Service","N/A","2026/01/22 09:40:30 AM","Sadiqabad"
"262598","Muhammad Saeed","DR-190","EMDS Call","Rescue Operations","Snake Emergency","2026/01/22 09:45:08 AM","Rahim Yar Khan"
"262599","Muhammad Abid","DR-874","EMDS Call","Medical Emergency","Others","2026/01/22 09:46:39 AM","Rahim Yar Khan"
"75633","Muhammad Abid","DR-874","Direct Call","Patient Transfer Service","N/A","2026/01/22 09:53:13 AM","Sadiqabad"
"262600","Muhammad Saeed","DR-190","EMDS Call","Medical Emergency","Others","2026/01/22 09:56:29 AM","Rahim Yar Khan"
"262601","Adnan Shabbir","DR-205","EMDS Call","Medical Emergency","Others","2026/01/22 09:58:06 AM","Rahim Yar Khan"
"262602","Muhammad Abid","DR-874","EMDS Call","Medical Emergency","Domestic Injuries","2026/01/22 09:56:14 AM","Liaqatpur"
"262603","Muhammad Saeed","DR-190","EMDS Call","Medical Emergency","Abdominal Pain","2026/01/22 10:01:59 AM","Khanpur"
"262604","Adnan Shabbir","DR-205","EMDS Call","Road Crash","Minor Injuries","2026/01/22 10:09:39 AM","Sadiqabad"
"262605","Adnan Shabbir","DR-205","EMDS Call","Medical Emergency","Hypertension","2026/01/22 10:16:32 AM","Khanpur"
"262606","Shahid Jamil","DR-184","EMDS Call","Medical Emergency","Others","2026/01/22 10:18:34 AM","Sadiqabad"
"262607","Muhammad Saeed","DR-190","EMDS Call","Road Crash","Severe Trauma","2026/01/22 10:20:41 AM","Khanpur"
"262608","Muhammad Abid","DR-874","EMDS Call","Road Crash","Minor Injuries","2026/01/22 10:26:21 AM","Rahim Yar Khan"
"262609","Adnan Shabbir","DR-205","EMDS Call","Medical Emergency","Others","2026/01/22 10:39:13 AM","Rahim Yar Khan"
"75634","Adnan Shabbir","DR-205","Direct Call","Patient Transfer Service","N/A","2026/01/22 10:44:07 AM","Sadiqabad"
"262610","Adnan Shabbir","DR-205","EMDS Call","Medical Emergency","Diabetic","2026/01/22 10:53:04 AM","Sadiqabad"
"262611","Muhammad Abid","DR-874","EMDS Call","Rescue Operations","Electric Shock","2026/01/22 10:53:38 AM","Rahim Yar Khan"
"75635","Adnan Shabbir","DR-205","Direct Call","Patient Transfer Service","N/A","2026/01/22 10:55:26 AM","Sadiqabad"
"262612","Adnan Shabbir","DR-205","EMDS Call","Road Crash","Minor Injuries","2026/01/22 10:55:32 AM","Rahim Yar Khan"
"262613","Shahid Jamil","DR-184","EMDS Call","Medical Emergency","High Fever","2026/01/22 11:10:18 AM","Rahim Yar Khan"
"262614","Muhammad Saeed","DR-190","EMDS Call","Road Crash","Multiple Fractures","2026/01/22 11:20:30 AM","Rahim Yar Khan"
"262614","Muhammad Saeed","DR-190","EMDS Call","Road Crash","Multiple Fractures","2026/01/22 11:20:30 AM","Rahim Yar Khan"
"262616","Muhammad Abid","DR-874","EMDS Call","Medical Emergency","Hypertension","2026/01/22 11:23:20 AM","Rahim Yar Khan"
"262615","Shahid Jamil","DR-184","EMDS Call","Medical Emergency","Abdominal Pain","2026/01/22 11:23:17 AM","Liaqatpur"
"262618","Adnan Shabbir","DR-205","EMDS Call","Road Crash","Severe Trauma","2026/01/22 11:24:08 AM","Sadiqabad"
"262618","Adnan Shabbir","DR-205","EMDS Call","Road Crash","Severe Trauma","2026/01/22 11:24:08 AM","Sadiqabad"
"262617","Muhammad Abid","DR-874","Direct Call","Medical Emergency","Others","2026/01/22 11:25:09 AM","Rahim Yar Khan"
"262619","Adnan Shabbir","DR-205","EMDS Call","Medical Emergency","Domestic Injuries","2026/01/22 11:28:42 AM","Rahim Yar Khan"
"262620","Muhammad Saeed","DR-190","EMDS Call","Crime","Bullet Injury","2026/01/22 11:31:32 AM","Rahim Yar Khan"
"75636","Shahid Jamil","DR-184","Direct Call","Patient Transfer Service","N/A","2026/01/22 11:39:33 AM","Khanpur"
"262621","Muhammad Abid","DR-874","EMDS Call","Medical Emergency","Diabetic","2026/01/22 11:42:53 AM","Rahim Yar Khan"
"262622","Muhammad Saeed","DR-190","EMDS Call","Medical Emergency","Others","2026/01/22 11:44:55 AM","Rahim Yar Khan"
"262623","Adnan Shabbir","DR-205","EMDS Call","Medical Emergency","Others","2026/01/22 11:50:57 AM","Rahim Yar Khan"
"262624","Yasir Ilyas","DR-893","EMDS Call","Road Crash","Minor Injuries","2026/01/22 12:16:14 PM","Khanpur"
"262625","Aasia Batool","MR-5198","EMDS Call","Road Crash","Bleeding","2026/01/22 12:20:46 PM","Khanpur"
"262626","Muhammad Saeed","DR-190","EMDS Call","Medical Emergency","Vomiting","2026/01/22 12:25:21 PM","Sadiqabad"
"262627","Aasia Batool","MR-5198","EMDS Call","Medical Emergency","Others","2026/01/22 12:29:17 PM","Rahim Yar Khan"
"262628","Aasia Batool","MR-5198","EMDS Call","Rescue Operations","Delivery Case","2026/01/22 12:34:17 PM","Sadiqabad"
"262629","Imran Anjum","DR-204","EMDS Call","Medical Emergency","SOB/ Respiratory Distress","2026/01/22 12:49:20 PM","Liaqatpur"
"262630","Imran Anjum","DR-204","EMDS Call","Medical Emergency","Unconscious","2026/01/22 12:55:21 PM","Rahim Yar Khan"
"262633","Nida Rahat","DR-1322","EMDS Call","Medical Emergency","Chest Pain","2026/01/22 12:56:42 PM","Khanpur"
"262632","Aasia Batool","MR-5198","EMDS Call","Medical Emergency","SOB/ Respiratory Distress","2026/01/22 12:58:23 PM","Sadiqabad"
"75637","Aasia Batool","MR-5198","Direct Call","Patient Transfer Service","N/A","2026/01/22 01:06:51 PM","Sadiqabad"
"262634","Imran Anjum","DR-204","EMDS Call","Road Crash","Minor Injuries","2026/01/22 01:07:42 PM","Rahim Yar Khan"
"75638","Aasia Batool","MR-5198","Direct Call","Patient Transfer Service","N/A","2026/01/22 01:12:32 PM","Sadiqabad"
"262635","Yasir Ilyas","DR-893","EMDS Call","Road Crash","Bleeding","2026/01/22 01:14:46 PM","Liaqatpur"
"262636","Aasia Batool","MR-5198","EMDS Call","Medical Emergency","High Fever","2026/01/22 01:16:50 PM","Khanpur"
"75639","Aasia Batool","MR-5198","Direct Call","Patient Transfer Service","N/A","2026/01/22 01:18:17 PM","Sadiqabad"
"262637","Yasir Ilyas","DR-893","EMDS Call","Medical Emergency","Abdominal Pain","2026/01/22 01:23:29 PM","Khanpur"
"262638","Yasir Ilyas","DR-893","EMDS Call","Medical Emergency","Hypertension","2026/01/22 01:38:16 PM","Rahim Yar Khan"
"262639","Imran Anjum","DR-204","EMDS Call","Crime","Bullet Injury","2026/01/22 01:41:24 PM","Sadiqabad"
"262640","Imran Anjum","DR-204","EMDS Call","Medical Emergency","Diarrhea","2026/01/22 01:56:31 PM","Rahim Yar Khan"
"262641","Aasia Batool","MR-5198","EMDS Call","Medical Emergency","Unconscious","2026/01/22 01:58:41 PM","Khanpur"
"75640","Aasia Batool","MR-5198","Direct Call","Patient Transfer Service","N/A","2026/01/22 02:02:12 PM","Khanpur"
"75641","Saima Bashir","MR-5819","Direct Call","Patient Transfer Service","N/A","2026/01/22 02:02:02 PM","Rahim Yar Khan"
"262642","Rana M. Usman","DR-200","EMDS Call","Medical Emergency","Others","2026/01/22 02:02:15 PM","Rahim Yar Khan"
"262643","Imran Anjum","DR-204","EMDS Call","Road Crash","Minor Injuries","2026/01/22 02:09:33 PM","Rahim Yar Khan"
"262644","Rana M. Usman","DR-200","EMDS Call","Medical Emergency","Epilepsy","2026/01/22 02:11:27 PM","Liaqatpur"
"262645","Imran Anjum","DR-204","EMDS Call","Rescue Operations","Delivery Case","2026/01/22 02:12:24 PM","Khanpur"
"262646","Imran Anjum","DR-204","EMDS Call","Medical Emergency","Others","2026/01/22 02:15:40 PM","Rahim Yar Khan"
"262647","Rana M. Usman","DR-200","EMDS Call","Medical Emergency","Hypertension","2026/01/22 02:16:36 PM","Sadiqabad"
"262648","Bushra Saleem","MR-5701","EMDS Call","Medical Emergency","Hypertension","2026/01/22 02:19:38 PM","Rahim Yar Khan"
"262649","Bushra Saleem","MR-5701","EMDS Call","Medical Emergency","CVA/Stroke","2026/01/22 02:29:42 PM","Sadiqabad"
"262650","Sheeza Barkat","MR-5331","EMDS Call","Road Crash","Bleeding","2026/01/22 02:30:37 PM","Rahim Yar Khan"
"262651","Bushra Saleem","MR-5701","EMDS Call","Road Crash","Minor Injuries","2026/01/22 02:32:30 PM","Sadiqabad"
"75642","Rana M. Usman","DR-200","Direct Call","Patient Transfer Service","N/A","2026/01/22 02:34:39 PM","Khanpur"
"262652","Sheeza Barkat","MR-5331","EMDS Call","Rescue Operations","Delivery Case","2026/01/22 02:33:47 PM","Khanpur"
"Not Assigned","Rana M. Usman","DR-200","EMDS Call","Road Crash","Bleeding","2026/01/22 02:34:37 PM","Rahim Yar Khan"
"262654","Sheeza Barkat","MR-5331","EMDS Call","Road Crash","Severe Trauma","2026/01/22 02:40:47 PM","Rahim Yar Khan"
"262655","Bushra Saleem","MR-5701","EMDS Call","Rescue Operations","Snake Emergency","2026/01/22 02:41:56 PM","Liaqatpur"
"262656","Muhammad Abid","DR-874","EMDS Call","Medical Emergency","Diabetic","2026/01/22 02:54:17 PM","Rahim Yar Khan"
"262657","Sheeza Barkat","MR-5331","EMDS Call","Road Crash","Bleeding","2026/01/22 02:56:34 PM","Sadiqabad"
"262658","Bushra Saleem","MR-5701","EMDS Call","Road Crash","Multiple Fractures","2026/01/22 03:02:39 PM","Rahim Yar Khan"
"262659","Zupasha Zia","MR-5758","EMDS Call","Road Crash","Bleeding","2026/01/22 03:03:26 PM","Sadiqabad"
"262659","Zupasha Zia","MR-5758","EMDS Call","Road Crash","Bleeding","2026/01/22 03:03:26 PM","Sadiqabad"
"262660","Zupasha Zia","MR-5758","EMDS Call","Rescue Operations","Others","2026/01/22 03:06:47 PM","Rahim Yar Khan"
"262661","Sheeza Barkat","MR-5331","EMDS Call","Medical Emergency","SOB/ Respiratory Distress","2026/01/22 03:10:23 PM","Rahim Yar Khan"
"262662","Muhammad Abid","DR-874","EMDS Call","Fire","Others","2026/01/22 03:30:52 PM","Rahim Yar Khan"
"262663","Bushra Saleem","MR-5701","EMDS Call","Medical Emergency","Vomiting","2026/01/22 03:31:33 PM","Khanpur"
"262664","Muhammad Abid","DR-874","EMDS Call","Fire","Others","2026/01/22 03:36:24 PM","Khanpur"
"262665","Muhammad Abid","DR-874","EMDS Call","Medical Emergency","Vomiting","2026/01/22 03:41:31 PM","Rahim Yar Khan"
"262667","Muhammad Abid","DR-874","EMDS Call","Road Crash","Bleeding","2026/01/22 03:54:20 PM","Rahim Yar Khan"
"262666","Zupasha Zia","MR-5758","EMDS Call","Medical Emergency","Renal Disorders / Renal Colic ","2026/01/22 03:53:59 PM","Sadiqabad"
"262668","Zupasha Zia","MR-5758","EMDS Call","Road Crash","Minor Injuries","2026/01/22 03:57:13 PM","Rahim Yar Khan"
"262669","Muhammad Abid","DR-874","EMDS Call","Road Crash","Bleeding","2026/01/22 03:58:12 PM","Sadiqabad"
"262670","Sheeza Barkat","MR-5331","EMDS Call","Road Crash","Severe Trauma","2026/01/22 04:05:51 PM","Rahim Yar Khan"
"262671","Bushra Saleem","MR-5701","EMDS Call","Road Crash","Minor Injuries","2026/01/22 04:09:54 PM","Rahim Yar Khan"
"262672","Rana M. Usman","DR-200","EMDS Call","Road Crash","Minor Injuries","2026/01/22 04:13:44 PM","Sadiqabad"
"262673","Bushra Saleem","MR-5701","EMDS Call","Road Crash","Bleeding","2026/01/22 04:16:17 PM","Khanpur"
"262674","Zupasha Zia","MR-5758","EMDS Call","Medical Emergency","Abdominal Pain","2026/01/22 04:17:03 PM","Rahim Yar Khan"
"262675","Bushra Saleem","MR-5701","EMDS Call","Road Crash","Severe Trauma","2026/01/22 04:18:17 PM","Liaqatpur"
"262676","Sheeza Barkat","MR-5331","Direct Call","Rescue Operations","Others","2026/01/22 04:21:15 PM","Rahim Yar Khan"
"262677","Zupasha Zia","MR-5758","EMDS Call","Medical Emergency","High Fever","2026/01/22 04:20:37 PM","Rahim Yar Khan"
"75643","Bushra Saleem","MR-5701","Direct Call","Patient Transfer Service","N/A","2026/01/22 04:31:16 PM","Rahim Yar Khan"
"75644","Rana M. Usman","DR-200","Direct Call","Patient Transfer Service","N/A","2026/01/22 04:32:15 PM","Sadiqabad"
"262678","Sheeza Barkat","MR-5331","EMDS Call","Medical Emergency","Others","2026/01/22 04:37:57 PM","Rahim Yar Khan"
"262679","Sheeza Barkat","MR-5331","EMDS Call","Road Crash","Severe Trauma","2026/01/22 04:44:23 PM","Khanpur"
"262680","Zupasha Zia","MR-5758","EMDS Call","Medical Emergency","Others","2026/01/22 04:46:59 PM","Sadiqabad"
"262681","Sheeza Barkat","MR-5331","EMDS Call","Medical Emergency","Hypertension","2026/01/22 04:49:24 PM","Liaqatpur"
"262682","Zupasha Zia","MR-5758","EMDS Call","Medical Emergency","SOB/ Respiratory Distress","2026/01/22 04:53:09 PM","Rahim Yar Khan"
"75645","Rana M. Usman","DR-200","Direct Call","Patient Transfer Service","N/A","2026/01/22 04:56:31 PM","Sadiqabad"
"262683","Zupasha Zia","MR-5758","EMDS Call","Medical Emergency","Chest Pain","2026/01/22 05:04:03 PM","Sadiqabad"
"262684","Rana M. Usman","DR-200","EMDS Call","Medical Emergency","Unconscious","2026/01/22 05:04:06 PM","Sadiqabad"
"Not Assigned","Sheeza Barkat","MR-5331","Direct Call","Community","Community Training","2026/01/22 05:14:14 PM","Liaqatpur"
"262685","Rana M. Usman","DR-200","EMDS Call","Medical Emergency","Vomiting","2026/01/22 05:15:02 PM","Rahim Yar Khan"
"262686","Zupasha Zia","MR-5758","EMDS Call","Medical Emergency","SOB/ Respiratory Distress","2026/01/22 05:15:25 PM","Rahim Yar Khan"
"Not Assigned","Rana M. Usman","DR-200","Direct Call","Community","Community Training","2026/01/22 05:16:36 PM","Rahim Yar Khan"
"262687","Rana M. Usman","DR-200","Direct Call","Medical Emergency","Others","2026/01/22 05:19:18 PM","Rahim Yar Khan"
"262688","Bushra Saleem","MR-5701","EMDS Call","Medical Emergency","Vomiting","2026/01/22 05:19:43 PM","Rahim Yar Khan"
"262689","Sheeza Barkat","MR-5331","EMDS Call","Medical Emergency","High Fever","2026/01/22 05:22:24 PM","Rahim Yar Khan"
"262690","Muhammad Riaz","DR-654","EMDS Call","Medical Emergency","Abdominal Pain","2026/01/22 05:36:23 PM","Rahim Yar Khan"
"262691","Sheeza Barkat","MR-5331","EMDS Call","Medical Emergency","Unconscious","2026/01/22 05:42:30 PM","Rahim Yar Khan"
"262692","Muhammad Riaz","DR-654","EMDS Call","Medical Emergency","Chest Pain","2026/01/22 05:54:22 PM","Rahim Yar Khan"
"75646","Bushra Saleem","MR-5701","Direct Call","Patient Transfer Service","N/A","2026/01/22 06:00:46 PM","Sadiqabad"
"262693","Sheeza Barkat","MR-5331","EMDS Call","Road Crash","Minor Injuries","2026/01/22 06:05:36 PM","Rahim Yar Khan"
"262694","Muhammad Riaz","DR-654","EMDS Call","Medical Emergency","Unconscious","2026/01/22 06:07:26 PM","Sadiqabad"
"262695","Sheeza Barkat","MR-5331","EMDS Call","Medical Emergency","Hypertension","2026/01/22 06:08:30 PM","Liaqatpur"
"262696","Zupasha Zia","MR-5758","EMDS Call","Road Crash","Severe Trauma","2026/01/22 06:10:48 PM","Rahim Yar Khan"
"262696","Zupasha Zia","MR-5758","EMDS Call","Road Crash","Severe Trauma","2026/01/22 06:10:48 PM","Rahim Yar Khan"
"262697","Sheeza Barkat","MR-5331","EMDS Call","Medical Emergency","Abdominal Pain","2026/01/22 06:13:54 PM","Sadiqabad"
"75647","Bushra Saleem","MR-5701","Direct Call","Patient Transfer Service","N/A","2026/01/22 06:15:37 PM","Khanpur"
"262699","Sheeza Barkat","MR-5331","EMDS Call","Medical Emergency","Others","2026/01/22 06:23:59 PM","Rahim Yar Khan"
"262698","Bushra Saleem","MR-5701","EMDS Call","Medical Emergency","Unconscious","2026/01/22 06:22:45 PM","Sadiqabad"
"262700","Muhammad Riaz","DR-654","EMDS Call","Medical Emergency","Unconscious","2026/01/22 06:25:36 PM","Rahim Yar Khan"
"262701","Sheeza Barkat","MR-5331","EMDS Call","Medical Emergency","High Fever","2026/01/22 06:27:13 PM","Rahim Yar Khan"
"262702","Bushra Saleem","MR-5701","EMDS Call","Road Crash","Bleeding","2026/01/22 06:28:49 PM","Liaqatpur"
"262703","Zupasha Zia","MR-5758","EMDS Call","Medical Emergency","Hypertension","2026/01/22 06:37:36 PM","Rahim Yar Khan"
"262704","Bushra Saleem","MR-5701","EMDS Call","Medical Emergency","Others","2026/01/22 06:37:51 PM","Khanpur"
"262705","Sheeza Barkat","MR-5331","Direct Call","Medical Emergency","High Fever","2026/01/22 06:44:50 PM","Rahim Yar Khan"
"262706","Zupasha Zia","MR-5758","EMDS Call","Medical Emergency","SOB/ Respiratory Distress","2026/01/22 06:45:56 PM","Khanpur"
"262709","Bushra Saleem","MR-5701","EMDS Call","Medical Emergency","SOB/ Respiratory Distress","2026/01/22 06:47:27 PM","Liaqatpur"
"262707","Zupasha Zia","MR-5758","EMDS Call","Rescue Operations","Delivery Case","2026/01/22 06:48:02 PM","Khanpur"
"262708","Sheeza Barkat","MR-5331","EMDS Call","Medical Emergency","High Fever","2026/01/22 06:49:58 PM","Rahim Yar Khan"
"262711","Bushra Saleem","MR-5701","EMDS Call","Medical Emergency","Others","2026/01/22 06:50:10 PM","Sadiqabad"
"262710","Zupasha Zia","MR-5758","EMDS Call","Medical Emergency","Others","2026/01/22 06:50:41 PM","Rahim Yar Khan"
"262712","Bushra Saleem","MR-5701","EMDS Call","Medical Emergency","Food Poisoning","2026/01/22 07:04:12 PM","Rahim Yar Khan"
"262713","Sheeza Barkat","MR-5331","EMDS Call","Medical Emergency","Vomiting","2026/01/22 07:04:27 PM","Sadiqabad"
"75648","Rana M. Usman","DR-200","Direct Call","Patient Transfer Service","N/A","2026/01/22 07:12:32 PM","Sadiqabad"
"262714","Bushra Saleem","MR-5701","EMDS Call","Fire","Others","2026/01/22 07:11:08 PM","Liaqatpur"
"262715","Rana M. Usman","DR-200","EMDS Call","Medical Emergency","Abdominal Pain","2026/01/22 07:14:09 PM","Rahim Yar Khan"
"262716","Sheeza Barkat","MR-5331","EMDS Call","Medical Emergency","Abdominal Pain","2026/01/22 07:17:29 PM","Rahim Yar Khan"
"262717","Sheeza Barkat","MR-5331","EMDS Call","Rescue Operations","Delivery Case","2026/01/22 07:23:27 PM","Khanpur"
"262718","Sheeza Barkat","MR-5331","EMDS Call","Medical Emergency","Others","2026/01/22 07:28:25 PM","Rahim Yar Khan"
"262719","Rana M. Usman","DR-200","EMDS Call","Medical Emergency","Others","2026/01/22 07:31:00 PM","Rahim Yar Khan"
"262720","Bushra Saleem","MR-5701","Direct Call","Medical Emergency","Abdominal Pain","2026/01/22 07:35:22 PM","Rahim Yar Khan"
"75649","Rana M. Usman","DR-200","Direct Call","Patient Transfer Service","N/A","2026/01/22 07:36:00 PM","Sadiqabad"
"262721","Rana M. Usman","DR-200","EMDS Call","Medical Emergency","SOB/ Respiratory Distress","2026/01/22 07:36:19 PM","Rahim Yar Khan"
"262722","Sheeza Barkat","MR-5331","EMDS Call","Medical Emergency","Chronic Illness","2026/01/22 07:37:56 PM","Rahim Yar Khan"
"262723","Bushra Saleem","MR-5701","EMDS Call","Medical Emergency","SOB/ Respiratory Distress","2026/01/22 07:42:43 PM","Rahim Yar Khan"
"262724","Sheeza Barkat","MR-5331","EMDS Call","Medical Emergency","Others","2026/01/22 07:42:44 PM","Liaqatpur"
"262725","Bushra Saleem","MR-5701","EMDS Call","Medical Emergency","Others","2026/01/22 07:46:03 PM","Rahim Yar Khan"
"262726","Sheeza Barkat","MR-5331","EMDS Call","Medical Emergency","Chronic Illness","2026/01/22 07:54:29 PM","Khanpur"
"262727","Rana M. Usman","DR-200","EMDS Call","Medical Emergency","Others","2026/01/22 07:54:36 PM","Rahim Yar Khan"
"262728","Sheeza Barkat","MR-5331","EMDS Call","Medical Emergency","SOB/ Respiratory Distress","2026/01/22 08:02:06 PM","Khanpur"
"262729","Bushra Saleem","MR-5701","EMDS Call","Medical Emergency","Hypertension","2026/01/22 08:08:23 PM","Rahim Yar Khan"
"262730","Sheeza Barkat","MR-5331","EMDS Call","Rescue Operations","Vehicle Extrication","2026/01/22 08:21:58 PM","Rahim Yar Khan"
"262731","Bushra Saleem","MR-5701","EMDS Call","Medical Emergency","Others","2026/01/22 08:33:05 PM","Rahim Yar Khan"
"262732","Zupasha Zia","MR-5758","EMDS Call","Medical Emergency","Hypertension","2026/01/22 08:32:52 PM","Rahim Yar Khan"
"262733","Bushra Saleem","MR-5701","EMDS Call","Medical Emergency","High Fever","2026/01/22 08:42:32 PM","Rahim Yar Khan"
"262734","Zupasha Zia","MR-5758","EMDS Call","Medical Emergency","Vomiting","2026/01/22 08:44:51 PM","Sadiqabad"
"262735","Bushra Saleem","MR-5701","EMDS Call","Medical Emergency","Others","2026/01/22 08:45:39 PM","Rahim Yar Khan"
"262736","Sheeza Barkat","MR-5331","EMDS Call","Medical Emergency","Abdominal Pain","2026/01/22 08:47:02 PM","Liaqatpur"
"262737","Zupasha Zia","MR-5758","EMDS Call","Medical Emergency","Others","2026/01/22 08:57:19 PM","Sadiqabad"
"262738","Maheen Tahir","MR-6017","EMDS Call","Medical Emergency","Vomiting","2026/01/22 09:03:08 PM","Rahim Yar Khan"
"262739","Muhammad Zahid","DR-888","EMDS Call","Medical Emergency","Others","2026/01/22 09:06:52 PM","Rahim Yar Khan"
"262740","Yasir Ilyas","DR-893","EMDS Call","Medical Emergency","Others","2026/01/22 09:14:23 PM","Rahim Yar Khan"
"262741","Yasir Ilyas","DR-893","EMDS Call","Medical Emergency","High Fever","2026/01/22 09:20:33 PM","Sadiqabad"
"262742","Saira Bibi","MR-5494","EMDS Call","Medical Emergency","SOB/ Respiratory Distress","2026/01/22 09:30:04 PM","Khanpur"
"262743","Saira Bibi","MR-5494","EMDS Call","Fire","Others","2026/01/22 09:40:04 PM","Liaqatpur"
"262744","Maheen Tahir","MR-6017","EMDS Call","Road Crash","Minor Injuries","2026/01/22 09:45:00 PM","Rahim Yar Khan"
"262745","Saira Bibi","MR-5494","EMDS Call","Medical Emergency","Others","2026/01/22 10:01:46 PM","Rahim Yar Khan"
"262746","Saira Bibi","MR-5494","EMDS Call","Road Crash","Minor Injuries","2026/01/22 10:04:18 PM","Rahim Yar Khan"
"262747","Maheen Tahir","MR-6017","EMDS Call","Medical Emergency","Others","2026/01/22 10:06:43 PM","Rahim Yar Khan"
"262748","Yasir Ilyas","DR-893","EMDS Call","Medical Emergency","Domestic Injuries","2026/01/22 10:06:54 PM","Rahim Yar Khan"
"262749","Maheen Tahir","MR-6017","EMDS Call","Fire","Short Circuit","2026/01/22 10:17:34 PM","Rahim Yar Khan"
"262750","Maheen Tahir","MR-6017","EMDS Call","Medical Emergency","SOB/ Respiratory Distress","2026/01/22 10:25:57 PM","Liaqatpur"
"75650","Maheen Tahir","MR-6017","Direct Call","Patient Transfer Service","N/A","2026/01/22 10:30:51 PM","Sadiqabad"
"262751","Saira Bibi","MR-5494","EMDS Call","Medical Emergency","SOB/ Respiratory Distress","2026/01/22 10:33:06 PM","Liaqatpur"
"262752","Saira Bibi","MR-5494","EMDS Call","Medical Emergency","Hypertension","2026/01/22 10:35:38 PM","Rahim Yar Khan"
"262753","Maheen Tahir","MR-6017","EMDS Call","Medical Emergency","Unconscious","2026/01/22 10:36:51 PM","Sadiqabad"
"262754","Maheen Tahir","MR-6017","EMDS Call","Medical Emergency","Abdominal Pain","2026/01/22 10:55:58 PM","Khanpur"
"262755","Yasir Ilyas","DR-893","EMDS Call","Medical Emergency","SOB/ Respiratory Distress","2026/01/22 10:56:01 PM","Rahim Yar Khan"
"262756","Maheen Tahir","MR-6017","EMDS Call","Medical Emergency","Others","2026/01/22 11:00:54 PM","Rahim Yar Khan"
"262757","Yasir Ilyas","DR-893","Direct Call","Medical Emergency","SOB/ Respiratory Distress","2026/01/22 11:13:50 PM","Rahim Yar Khan"
"75651","Yasir Ilyas","DR-893","Direct Call","Patient Transfer Service","N/A","2026/01/22 11:17:25 PM","Khanpur"
"262758","Maheen Tahir","MR-6017","EMDS Call","Medical Emergency","SOB/ Respiratory Distress","2026/01/22 11:15:27 PM","Rahim Yar Khan"
"75652","Yasir Ilyas","DR-893","Direct Call","Patient Transfer Service","N/A","2026/01/22 11:25:45 PM","Khanpur"
"262759","Shaheen Islam","DR-1171","EMDS Call","Medical Emergency","Others","2026/01/22 11:23:29 PM","Rahim Yar Khan"
"75653","Maheen Tahir","MR-6017","Direct Call","Patient Transfer Service","N/A","2026/01/22 11:33:35 PM","Sadiqabad"
"75654","Yasir Ilyas","DR-893","Direct Call","Patient Transfer Service","N/A","2026/01/22 11:38:04 PM","Sadiqabad"
"262760","Shaheen Islam","DR-1171","EMDS Call","Medical Emergency","Others","2026/01/22 11:46:23 PM","Sadiqabad"
"262761","Shaheen Islam","DR-1171","EMDS Call","Medical Emergency","Others","2026/01/22 11:54:40 PM","Rahim Yar Khan"
"262762","Maheen Tahir","MR-6017","EMDS Call","Medical Emergency","Unconscious","2026/01/23 12:02:43 AM","Khanpur"
"262763","Shaheen Islam","DR-1171","EMDS Call","Fire","Others","2026/01/23 12:11:21 AM","Sadiqabad"
"262764","Maheen Tahir","MR-6017","EMDS Call","Medical Emergency","SOB/ Respiratory Distress","2026/01/23 12:13:38 AM","Khanpur"
"262765","Maheen Tahir","MR-6017","EMDS Call","Medical Emergency","Renal Disorders / Renal Colic ","2026/01/23 12:25:55 AM","Sadiqabad"
"262766","Shaheen Islam","DR-1171","EMDS Call","Medical Emergency","Vomiting","2026/01/23 12:26:10 AM","Sadiqabad"
"75655","Farhad Iftikhar","DR-913","Direct Call","Patient Transfer Service","N/A","2026/01/23 12:35:08 AM","Khanpur"
"262767","Maheen Tahir","MR-6017","EMDS Call","Medical Emergency","Abdominal Pain","2026/01/23 12:51:49 AM","Liaqatpur"
"262768","Shaheen Islam","DR-1171","EMDS Call","Medical Emergency","Hypertension","2026/01/23 12:52:31 AM","Rahim Yar Khan"
"262769","Maheen Tahir","MR-6017","EMDS Call","Medical Emergency","Vomiting","2026/01/23 12:55:04 AM","Rahim Yar Khan"
"262770","Maheen Tahir","MR-6017","EMDS Call","Medical Emergency","SOB/ Respiratory Distress","2026/01/23 01:03:46 AM","Sadiqabad"
"262771","Farhad Iftikhar","DR-913","EMDS Call","Medical Emergency","Chest Pain","2026/01/23 01:06:09 AM","Rahim Yar Khan"
"262772","Maheen Tahir","MR-6017","EMDS Call","Medical Emergency","Unconscious","2026/01/23 01:06:50 AM","Sadiqabad"
"262773","Farhad Iftikhar","DR-913","EMDS Call","Medical Emergency","Unconscious","2026/01/23 01:10:06 AM","Rahim Yar Khan"
"262774","Shaheen Islam","DR-1171","EMDS Call","Medical Emergency","Hypertension","2026/01/23 01:09:55 AM","Rahim Yar Khan"
"262775","Shaheen Islam","DR-1171","Direct Call","Rescue Operations","Vehicle Extrication","2026/01/23 01:37:46 AM","Rahim Yar Khan"
"262776","Shaheen Islam","DR-1171","EMDS Call","Medical Emergency","Others","2026/01/23 01:55:37 AM","Rahim Yar Khan"
"262777","Shaheen Islam","DR-1171","EMDS Call","Medical Emergency","SOB/ Respiratory Distress","2026/01/23 02:21:49 AM","Khanpur"
"262779","Maheen Tahir","MR-6017","EMDS Call","Medical Emergency","SOB/ Respiratory Distress","2026/01/23 02:47:43 AM","Sadiqabad"
"262778","Shaheen Islam","DR-1171","EMDS Call","Crime","Physical Assault/Violence","2026/01/23 02:48:07 AM","Rahim Yar Khan"
"262780","Shaheen Islam","DR-1171","Direct Call","Medical Emergency","Others","2026/01/23 03:24:48 AM","Rahim Yar Khan"
"75656","Saira Bibi","MR-5494","Direct Call","Patient Transfer Service","N/A","2026/01/23 04:55:46 AM","Khanpur"
"75657","Saira Bibi","MR-5494","Direct Call","Patient Transfer Service","N/A","2026/01/23 04:59:51 AM","Khanpur"
"262781","Saira Bibi","MR-5494","EMDS Call","Rescue Operations","Delivery Case","2026/01/23 05:00:37 AM","Rahim Yar Khan"
"262782","Saira Bibi","MR-5494","EMDS Call","Medical Emergency","SOB/ Respiratory Distress","2026/01/23 05:10:02 AM","Rahim Yar Khan"
"262783","Saira Bibi","MR-5494","EMDS Call","Medical Emergency","Abdominal Pain","2026/01/23 05:40:14 AM","Khanpur"
"262784","Saira Bibi","MR-5494","EMDS Call","Road Crash","Bleeding","2026/01/23 05:58:18 AM","Rahim Yar Khan"
"262785","Shahid Jamil","DR-184","EMDS Call","Medical Emergency","Hypertension","2026/01/23 06:09:11 AM","Rahim Yar Khan"
"262786","Yasir Ilyas","DR-893","EMDS Call","Medical Emergency","Hypertension","2026/01/23 06:36:04 AM","Rahim Yar Khan"
"262787","Shahid Jamil","DR-184","EMDS Call","Medical Emergency","Chronic Illness","2026/01/23 06:36:21 AM","Rahim Yar Khan"
"262788","Saira Bibi","MR-5494","EMDS Call","Road Crash","Minor Injuries","2026/01/23 06:44:27 AM","Rahim Yar Khan"
"262789","Saira Bibi","MR-5494","EMDS Call","Medical Emergency","Abdominal Pain","2026/01/23 06:56:40 AM","Sadiqabad"
"262790","Shahid Jamil","DR-184","EMDS Call","Medical Emergency","Diarrhea","2026/01/23 07:07:13 AM","Rahim Yar Khan"
"262791","Saira Bibi","MR-5494","EMDS Call","Medical Emergency","Hypertension","2026/01/23 07:09:40 AM","Khanpur"
"262792","Yasir Ilyas","DR-893","EMDS Call","Medical Emergency","Chest Pain","2026/01/23 07:10:47 AM","Sadiqabad"
"262793","Shahid Jamil","DR-184","EMDS Call","Rescue Operations","Delivery Case","2026/01/23 07:10:55 AM","Khanpur"
"262794","Shahid Jamil","DR-184","EMDS Call","Medical Emergency","Unconscious","2026/01/23 07:41:17 AM","Sadiqabad"
"262795","Yasir Ilyas","DR-893","EMDS Call","Medical Emergency","High Fever","2026/01/23 07:38:25 AM","Rahim Yar Khan"
"262796","Saira Bibi","MR-5494","Direct Call","Rescue Operations","Mass Event Coverage","2026/01/23 07:47:38 AM","Rahim Yar Khan"
"75658","Shahid Jamil","DR-184","Direct Call","Patient Transfer Service","N/A","2026/01/23 07:52:39 AM","Sadiqabad"
"262797","Shahid Jamil","DR-184","EMDS Call","Medical Emergency","SOB/ Respiratory Distress","2026/01/23 07:58:12 AM","Rahim Yar Khan"
"262798","Aasia Batool","MR-5198","EMDS Call","Road Crash","Bleeding","2026/01/23 08:03:02 AM","Rahim Yar Khan"
"75659","Nida Rahat","DR-1322","Direct Call","Patient Transfer Service","N/A","2026/01/23 08:09:04 AM","Sadiqabad"
"262799","Aasia Batool","MR-5198","Direct Call","Rescue Operations","Mass Event Coverage","2026/01/23 08:13:07 AM","Rahim Yar Khan"
"262800","Aasia Batool","MR-5198","EMDS Call","Medical Emergency","Unconscious","2026/01/23 08:14:21 AM","Khanpur"
"262801","Fahad Hussain","DR-538","EMDS Call","Medical Emergency","Abdominal Pain","2026/01/23 08:30:06 AM","Khanpur"
"262802","Aasia Batool","MR-5198","EMDS Call","Medical Emergency","Hypertension","2026/01/23 08:36:33 AM","Khanpur"
"262803","Saima Bashir","MR-5819","EMDS Call","Medical Emergency","Chronic Illness","2026/01/23 08:42:07 AM","Rahim Yar Khan"
"Not Assigned","Muhammad Saeed","DR-190","EMDS Call","Medical Emergency","Chronic Illness","2026/01/23 08:43:39 AM","Rahim Yar Khan"
"262804","Nida Rahat","DR-1322","EMDS Call","Road Crash","Minor Injuries","2026/01/23 08:46:23 AM","Khanpur"
"262804","Nida Rahat","DR-1322","EMDS Call","Road Crash","Minor Injuries","2026/01/23 08:46:23 AM","Khanpur"
"262804","Nida Rahat","DR-1322","EMDS Call","Road Crash","Minor Injuries","2026/01/23 08:46:23 AM","Khanpur"
"262805","Aasia Batool","MR-5198","EMDS Call","Medical Emergency","Domestic Injuries","2026/01/23 08:47:22 AM","Rahim Yar Khan"
"262807","Saima Bashir","MR-5819","EMDS Call","Medical Emergency","Chronic Illness","2026/01/23 08:51:24 AM","Khanpur"
"262806","Nida Rahat","DR-1322","Direct Call","Rescue Operations","Mass Event Coverage","2026/01/23 08:54:00 AM","Sadiqabad"
"262808","Aasia Batool","MR-5198","EMDS Call","Road Crash","Minor Injuries","2026/01/23 08:54:56 AM","Rahim Yar Khan"
"Not Assigned","Aasia Batool","MR-5198","Direct Call","Community","Community Training","2026/01/23 08:58:16 AM","Liaqatpur"
"262809","Muhammad Saeed","DR-190","EMDS Call","Medical Emergency","SOB/ Respiratory Distress","2026/01/23 09:00:33 AM","Sadiqabad"
"262810","Muhammad Saeed","DR-190","EMDS Call","Medical Emergency","Hypertension","2026/01/23 09:10:52 AM","Liaqatpur"
"262811","Adnan Shabbir","DR-205","EMDS Call","Medical Emergency","SOB/ Respiratory Distress","2026/01/23 09:24:26 AM","Rahim Yar Khan"
"262812","Aasia Batool","MR-5198","EMDS Call","Medical Emergency","Chronic Illness","2026/01/23 09:34:27 AM","Sadiqabad"
"262813","Muhammad Saeed","DR-190","EMDS Call","Rescue Operations","Delivery Case","2026/01/23 09:37:42 AM","Khanpur"
"262814","Muhammad Abid","DR-874","Direct Call","Medical Emergency","Others","2026/01/23 09:41:17 AM","Rahim Yar Khan"
"262817","Muhammad Abid","DR-874","EMDS Call","Medical Emergency","Abdominal Pain","2026/01/23 09:47:40 AM","Sadiqabad"
"262815","Adnan Shabbir","DR-205","EMDS Call","Road Crash","Minor Injuries","2026/01/23 09:48:30 AM","Rahim Yar Khan"
"262816","Muhammad Saeed","DR-190","EMDS Call","Medical Emergency","Unconscious","2026/01/23 09:48:28 AM","Sadiqabad"
"75660","Shahid Jamil","DR-184","Direct Call","Patient Transfer Service","N/A","2026/01/23 09:49:39 AM","Sadiqabad"
"262818","Muhammad Abid","DR-874","Direct Call","Medical Emergency","Vomiting","2026/01/23 09:52:48 AM","Rahim Yar Khan"
"75661","Shahid Jamil","DR-184","Direct Call","Patient Transfer Service","N/A","2026/01/23 09:55:25 AM","Khanpur"
"262819","Muhammad Abid","DR-874","EMDS Call","Medical Emergency","SOB/ Respiratory Distress","2026/01/23 09:57:37 AM","Rahim Yar Khan"
"Not Assigned","Muhammad Abid","DR-874","Direct Call","Community","Community Training","2026/01/23 10:00:27 AM","Khanpur"
"75662","Muhammad Abid","DR-874","Direct Call","Patient Transfer Service","N/A","2026/01/23 10:15:27 AM","Khanpur"
"262820","Adnan Shabbir","DR-205","EMDS Call","Medical Emergency","Abdominal Pain","2026/01/23 10:17:56 AM","Khanpur"
"262821","Muhammad Abid","DR-874","EMDS Call","Road Crash","Minor Injuries","2026/01/23 10:20:01 AM","Rahim Yar Khan"
"262822","Muhammad Abid","DR-874","Direct Call","Medical Emergency","SOB/ Respiratory Distress","2026/01/23 10:22:12 AM","Rahim Yar Khan"
"262823","Muhammad Saeed","DR-190","EMDS Call","Medical Emergency","SOB/ Respiratory Distress","2026/01/23 10:26:27 AM","Rahim Yar Khan"
"262824","Adnan Shabbir","DR-205","EMDS Call","Medical Emergency","Unconscious","2026/01/23 10:29:12 AM","Sadiqabad"
"262825","Muhammad Abid","DR-874","EMDS Call","Medical Emergency","Hypertension","2026/01/23 10:32:41 AM","Sadiqabad"
"262826","Adnan Shabbir","DR-205","EMDS Call","Medical Emergency","Others","2026/01/23 10:38:40 AM","Sadiqabad"
"262827","Muhammad Saeed","DR-190","EMDS Call","Medical Emergency","Others","2026/01/23 10:40:06 AM","Sadiqabad"
"75663","Muhammad Abid","DR-874","Direct Call","Patient Transfer Service","N/A","2026/01/23 10:44:51 AM","Sadiqabad"
"262829","Adnan Shabbir","DR-205","EMDS Call","Medical Emergency","Domestic Injuries","2026/01/23 10:46:14 AM","Rahim Yar Khan"
"262828","Muhammad Saeed","DR-190","EMDS Call","Medical Emergency","Unconscious","2026/01/23 10:46:08 AM","Rahim Yar Khan"
"262830","Shahid Jamil","DR-184","Direct Call","Rescue Operations","Mass Event Coverage","2026/01/23 10:51:29 AM","Sadiqabad"
"262831","Muhammad Abid","DR-874","EMDS Call","Medical Emergency","High Fever","2026/01/23 10:56:30 AM","Rahim Yar Khan"
"262832","Shahid Jamil","DR-184","EMDS Call","Medical Emergency","Hypertension","2026/01/23 11:03:29 AM","Sadiqabad"
"75664","Shahid Jamil","DR-184","Direct Call","Patient Transfer Service","N/A","2026/01/23 11:07:16 AM","Sadiqabad"
"262833","Muhammad Abid","DR-874","EMDS Call","Road Crash","Minor Injuries","2026/01/23 11:23:01 AM","Sadiqabad"
"262834","Muhammad Abid","DR-874","EMDS Call","Road Crash","Bleeding","2026/01/23 11:29:54 AM","Khanpur"
"75665","Adnan Shabbir","DR-205","Direct Call","Patient Transfer Service","N/A","2026/01/23 11:33:50 AM","Khanpur"
"75666","Muhammad Abid","DR-874","Direct Call","Patient Transfer Service","N/A","2026/01/23 11:35:33 AM","Rahim Yar Khan"
"262835","Nida Rahat","DR-1322","EMDS Call","Medical Emergency","SOB/ Respiratory Distress","2026/01/23 11:41:37 AM","Khanpur"
"262836","Zupasha Zia","MR-5758","EMDS Call","Road Crash","Bleeding","2026/01/23 11:42:47 AM","Liaqatpur"
"262837","Saima Bashir","MR-5819","EMDS Call","Medical Emergency","Others","2026/01/23 11:44:04 AM","Rahim Yar Khan"
"262838","Zupasha Zia","MR-5758","EMDS Call","Fire","Others","2026/01/23 11:50:16 AM","Rahim Yar Khan"
"262840","Nida Rahat","DR-1322","EMDS Call","Medical Emergency","High Fever","2026/01/23 12:01:01 PM","Sadiqabad"
"262839","Saima Bashir","MR-5819","EMDS Call","Road Crash","Minor Injuries","2026/01/23 12:00:59 PM","Rahim Yar Khan"
"262841","Zupasha Zia","MR-5758","EMDS Call","Medical Emergency","Unconscious","2026/01/23 12:00:55 PM","Khanpur"
"262842","Saima Bashir","MR-5819","EMDS Call","Road Crash","Bleeding","2026/01/23 12:08:13 PM","Rahim Yar Khan"
"262843","Zupasha Zia","MR-5758","EMDS Call","Medical Emergency","Others","2026/01/23 12:09:02 PM","Rahim Yar Khan"
"262844","Nida Rahat","DR-1322","EMDS Call","Medical Emergency","Chronic Illness","2026/01/23 12:11:04 PM","Rahim Yar Khan"
"262845","Saima Bashir","MR-5819","EMDS Call","Medical Emergency","Abdominal Pain","2026/01/23 12:13:27 PM","Rahim Yar Khan"
"262846","Zupasha Zia","MR-5758","Direct Call","Medical Emergency","Chronic Illness","2026/01/23 12:25:03 PM","Rahim Yar Khan"
"75667","Saima Bashir","MR-5819","Direct Call","Patient Transfer Service","N/A","2026/01/23 12:27:27 PM","Sadiqabad"
"262847","Nida Rahat","DR-1322","EMDS Call","Medical Emergency","Unconscious","2026/01/23 12:42:25 PM","Sadiqabad"
"262848","Nida Rahat","DR-1322","EMDS Call","Road Crash","Minor Injuries","2026/01/23 12:46:08 PM","Rahim Yar Khan"
"75668","Nida Rahat","DR-1322","Direct Call","Patient Transfer Service","N/A","2026/01/23 12:49:55 PM","Sadiqabad"
"262849","Zupasha Zia","MR-5758","EMDS Call","Medical Emergency","Unconscious","2026/01/23 12:50:36 PM","Khanpur"
"262850","Saima Bashir","MR-5819","EMDS Call","Fire","Others","2026/01/23 12:51:42 PM","Khanpur"
"75669","Zupasha Zia","MR-5758","Direct Call","Patient Transfer Service","N/A","2026/01/23 12:56:02 PM","Sadiqabad"
"262851","Zupasha Zia","MR-5758","EMDS Call","Medical Emergency","Hypertension","2026/01/23 12:57:45 PM","Rahim Yar Khan"
"262852","Saima Bashir","MR-5819","Direct Call","Medical Emergency","Joints Pain","2026/01/23 01:04:18 PM","Sadiqabad"
"262853","Nida Rahat","DR-1322","Direct Call","Medical Emergency","Unconscious","2026/01/23 01:06:37 PM","Liaqatpur"
"262854","Nida Rahat","DR-1322","EMDS Call","Medical Emergency","High Fever","2026/01/23 01:09:42 PM","Rahim Yar Khan"
"Not Assigned","Saima Bashir","MR-5819","EMDS Call","Fire","Others","2026/01/23 01:06:05 PM","Rahim Yar Khan"
"262856","Nida Rahat","DR-1322","EMDS Call","Road Crash","Minor Injuries","2026/01/23 01:15:12 PM","Sadiqabad"
"262857","Nida Rahat","DR-1322","EMDS Call","Medical Emergency","Others","2026/01/23 01:24:32 PM","Sadiqabad"
"262858","Saima Bashir","MR-5819","EMDS Call","Medical Emergency","Hypertension","2026/01/23 01:24:34 PM","Liaqatpur"
"262859","Zupasha Zia","MR-5758","EMDS Call","Road Crash","Bleeding","2026/01/23 01:26:25 PM","Sadiqabad"
"262860","Saima Bashir","MR-5819","EMDS Call","Medical Emergency","Vomiting","2026/01/23 01:40:02 PM","Rahim Yar Khan"
"262861","Saima Bashir","MR-5819","EMDS Call","Medical Emergency","Diabetic","2026/01/23 01:45:33 PM","Liaqatpur"
"262862","Zupasha Zia","MR-5758","EMDS Call","Fire","Others","2026/01/23 01:44:55 PM","Sadiqabad"
"262863","Nida Rahat","DR-1322","EMDS Call","Medical Emergency","Others","2026/01/23 01:46:46 PM","Sadiqabad"
"262864","Zupasha Zia","MR-5758","EMDS Call","Medical Emergency","Others","2026/01/23 01:48:12 PM","Rahim Yar Khan"
"262865","Rana M. Usman","DR-200","EMDS Call","Medical Emergency","SOB/ Respiratory Distress","2026/01/23 01:55:10 PM","Liaqatpur"
"262866","Rana M. Usman","DR-200","EMDS Call","Medical Emergency","Others","2026/01/23 02:11:37 PM","Rahim Yar Khan"
"262867","Shahla Nawaz","DR-185","EMDS Call","Road Crash","Bleeding","2026/01/23 02:15:45 PM","Sadiqabad"
"262868","Imran Anjum","DR-204","EMDS Call","Medical Emergency","Joints Pain","2026/01/23 02:18:04 PM","Sadiqabad"
"262869","Imran Anjum","DR-204","EMDS Call","Rescue Operations","Delivery Case","2026/01/23 02:20:07 PM","Rahim Yar Khan"
"262870","Imran Anjum","DR-204","EMDS Call","Road Crash","Severe Trauma","2026/01/23 02:25:10 PM","Rahim Yar Khan"
"262871","Shahla Nawaz","DR-185","EMDS Call","Road Crash","Bleeding","2026/01/23 02:25:54 PM","Sadiqabad"
"262871","Shahla Nawaz","DR-185","EMDS Call","Road Crash","Bleeding","2026/01/23 02:25:54 PM","Sadiqabad"
"262872","Rana M. Usman","DR-200","EMDS Call","Road Crash","Bleeding","2026/01/23 02:25:41 PM","Sadiqabad"
"262873","Shahla Nawaz","DR-185","EMDS Call","Road Crash","Severe Trauma","2026/01/23 02:32:58 PM","Khanpur"
"262873","Shahla Nawaz","DR-185","EMDS Call","Road Crash","Severe Trauma","2026/01/23 02:32:58 PM","Khanpur"
"262874","Imran Anjum","DR-204","EMDS Call","Road Crash","Bleeding","2026/01/23 02:36:33 PM","Liaqatpur"
"262877","Sheeza Barkat","MR-5331","EMDS Call","Road Crash","Severe Trauma","2026/01/23 02:36:25 PM","Rahim Yar Khan"
"262875","Sheeza Barkat","MR-5331","EMDS Call","Medical Emergency","High Fever","2026/01/23 02:39:05 PM","Rahim Yar Khan"
"262876","Rana M. Usman","DR-200","Direct Call","Medical Emergency","Others","2026/01/23 02:41:36 PM","Liaqatpur"
"262878","Rana M. Usman","DR-200","EMDS Call","Medical Emergency","SOB/ Respiratory Distress","2026/01/23 02:50:19 PM","Sadiqabad"
"262879","Muhammad Rashid Saleem","DR-187","EMDS Call","Medical Emergency","Chest Pain","2026/01/23 02:52:49 PM","Rahim Yar Khan"
"262880","Rana M. Usman","DR-200","EMDS Call","Fire","Others","2026/01/23 02:56:12 PM","Rahim Yar Khan"
"262881","Bushra Saleem","MR-5701","Direct Call","Fire","Others","2026/01/23 02:56:38 PM","Sadiqabad"
"75670","Sheeza Barkat","MR-5331","Direct Call","Patient Transfer Service","N/A","2026/01/23 03:00:03 PM","Khanpur"
"75671","Sheeza Barkat","MR-5331","Direct Call","Patient Transfer Service","N/A","2026/01/23 03:05:21 PM","Khanpur"
"262882","Bushra Saleem","MR-5701","EMDS Call","Medical Emergency","SOB/ Respiratory Distress","2026/01/23 03:05:05 PM","Rahim Yar Khan"
"262883","Bushra Saleem","MR-5701","EMDS Call","Medical Emergency","Hypertension","2026/01/23 03:11:35 PM","Rahim Yar Khan"
"262884","Sheeza Barkat","MR-5331","EMDS Call","Fire","Carelessness/Smoking","2026/01/23 03:15:05 PM","Khanpur"
"75672","Sheeza Barkat","MR-5331","Direct Call","Patient Transfer Service","N/A","2026/01/23 03:20:34 PM","Khanpur"
"262885","Bushra Saleem","MR-5701","EMDS Call","Medical Emergency","Others","2026/01/23 03:18:48 PM","Rahim Yar Khan"
"262886","Rana M. Usman","DR-200","EMDS Call","Medical Emergency","Others","2026/01/23 03:35:51 PM","Rahim Yar Khan"
"262887","Rana M. Usman","DR-200","EMDS Call","Medical Emergency","Unconscious","2026/01/23 03:41:16 PM","Sadiqabad"
"262888","Bushra Saleem","MR-5701","EMDS Call","Medical Emergency","Others","2026/01/23 03:45:17 PM","Rahim Yar Khan"
"262889","Imran Anjum","DR-204","EMDS Call","Medical Emergency","Others","2026/01/23 03:47:02 PM","Sadiqabad"
"262890","Sheeza Barkat","MR-5331","EMDS Call","Road Crash","Bleeding","2026/01/23 03:52:45 PM","Rahim Yar Khan"
"262891","Sheeza Barkat","MR-5331","EMDS Call","Road Crash","Bleeding","2026/01/23 03:57:40 PM","Rahim Yar Khan"
"262892","Imran Anjum","DR-204","EMDS Call","Road Crash","Minor Injuries","2026/01/23 04:24:40 PM","Rahim Yar Khan"
"262893","Sheeza Barkat","MR-5331","EMDS Call","Medical Emergency","High Fever","2026/01/23 04:27:40 PM","Rahim Yar Khan"
"262894","Rana M. Usman","DR-200","EMDS Call","Rescue Operations","Electric Shock","2026/01/23 04:27:41 PM","Khanpur"
"262895","Imran Anjum","DR-204","EMDS Call","Road Crash","Minor Injuries","2026/01/23 04:33:50 PM","Rahim Yar Khan"
"75673","Sheeza Barkat","MR-5331","Direct Call","Patient Transfer Service","N/A","2026/01/23 04:35:02 PM","Liaqatpur"
"262896","Rana M. Usman","DR-200","EMDS Call","Medical Emergency","Others","2026/01/23 04:37:33 PM","Rahim Yar Khan"
"262897","Sheeza Barkat","MR-5331","EMDS Call","Medical Emergency","SOB/ Respiratory Distress","2026/01/23 04:40:40 PM","Liaqatpur"
"262898","Sheeza Barkat","MR-5331","EMDS Call","Medical Emergency","Hypertension","2026/01/23 04:46:48 PM","Rahim Yar Khan"
"262899","Shahla Nawaz","DR-185","EMDS Call","Medical Emergency","SOB/ Respiratory Distress","2026/01/23 04:47:28 PM","Rahim Yar Khan"
"262900","Muhammad Rashid Saleem","DR-187","EMDS Call","Medical Emergency","Others","2026/01/23 04:49:38 PM","Sadiqabad"
"262901","Shahla Nawaz","DR-185","EMDS Call","Rescue Operations","Scalds/Burn Due To Negligence","2026/01/23 04:54:25 PM","Rahim Yar Khan"
"75674","Muhammad Rashid Saleem","DR-187","Direct Call","Patient Transfer Service","N/A","2026/01/23 05:08:49 PM","Rahim Yar Khan"
"75675","Sheeza Barkat","MR-5331","Direct Call","Patient Transfer Service","N/A","2026/01/23 05:12:26 PM","Liaqatpur"
"262902","Sheeza Barkat","MR-5331","EMDS Call","Medical Emergency","Others","2026/01/23 05:14:21 PM","Rahim Yar Khan"
"262903","Shahla Nawaz","DR-185","EMDS Call","Medical Emergency","Chest Pain","2026/01/23 05:23:54 PM","Sadiqabad"
"262904","Sheeza Barkat","MR-5331","EMDS Call","Road Crash","Severe Trauma","2026/01/23 05:24:55 PM","Rahim Yar Khan"
"262905","Shahla Nawaz","DR-185","EMDS Call","Road Crash","Severe Trauma","2026/01/23 05:28:57 PM","Khanpur"
"262906","Rana M. Usman","DR-200","EMDS Call","Medical Emergency","Unconscious","2026/01/23 05:30:34 PM","Khanpur"
"262907","Shahla Nawaz","DR-185","EMDS Call","Medical Emergency","Unconscious","2026/01/23 05:36:42 PM","Rahim Yar Khan"
"262908","Sheeza Barkat","MR-5331","EMDS Call","Medical Emergency","Vomiting","2026/01/23 05:37:50 PM","Sadiqabad"
"262909","Rana M. Usman","DR-200","EMDS Call","Medical Emergency","Others","2026/01/23 05:40:15 PM","Rahim Yar Khan"
"75676","Rana M. Usman","DR-200","Direct Call","Patient Transfer Service","N/A","2026/01/23 05:43:27 PM","Sadiqabad"
"75677","Rana M. Usman","DR-200","Direct Call","Patient Transfer Service","N/A","2026/01/23 05:45:11 PM","Rahim Yar Khan"
"262910","Muhammad Rashid Saleem","DR-187","EMDS Call","Medical Emergency","Chronic Illness","2026/01/23 05:50:58 PM","Khanpur"
"262911","Shahla Nawaz","DR-185","EMDS Call","Medical Emergency","High Fever","2026/01/23 06:01:35 PM","Rahim Yar Khan"
"75678","Sheeza Barkat","MR-5331","Direct Call","Patient Transfer Service","N/A","2026/01/23 06:16:14 PM","Khanpur"
"262912","Bushra Saleem","MR-5701","EMDS Call","Road Crash","Bleeding","2026/01/23 06:15:20 PM","Rahim Yar Khan"
"262913","Muhammad Rashid Saleem","DR-187","EMDS Call","Medical Emergency","High Fever","2026/01/23 06:20:17 PM","Rahim Yar Khan"
"262914","Bushra Saleem","MR-5701","EMDS Call","Medical Emergency","Hypertension","2026/01/23 06:22:45 PM","Rahim Yar Khan"
"262915","Sheeza Barkat","MR-5331","EMDS Call","Medical Emergency","Vomiting","2026/01/23 06:23:11 PM","Rahim Yar Khan"
"262916","Sheeza Barkat","MR-5331","EMDS Call","Medical Emergency","Vomiting","2026/01/23 06:29:12 PM","Rahim Yar Khan"
"262917","Bushra Saleem","MR-5701","EMDS Call","Road Crash","Bleeding","2026/01/23 06:36:19 PM","Rahim Yar Khan"
"262918","Sheeza Barkat","MR-5331","EMDS Call","Medical Emergency","CVA/Stroke","2026/01/23 06:42:30 PM","Sadiqabad"
"75679","Rana M. Usman","DR-200","Direct Call","Patient Transfer Service","N/A","2026/01/23 06:43:44 PM","Sadiqabad"
"262919","Bushra Saleem","MR-5701","EMDS Call","Medical Emergency","SOB/ Respiratory Distress","2026/01/23 06:42:38 PM","Khanpur"
"262920","Rana M. Usman","DR-200","EMDS Call","Medical Emergency","Others","2026/01/23 06:43:47 PM","Rahim Yar Khan"
"262921","Bushra Saleem","MR-5701","EMDS Call","Medical Emergency","Hypertension","2026/01/23 06:50:19 PM","Rahim Yar Khan"
"75680","Sheeza Barkat","MR-5331","Direct Call","Patient Transfer Service","N/A","2026/01/23 06:55:19 PM","Sadiqabad"
"262922","Bushra Saleem","MR-5701","EMDS Call","Medical Emergency","Domestic Injuries","2026/01/23 06:58:20 PM","Rahim Yar Khan"
"262923","Bushra Saleem","MR-5701","EMDS Call","Medical Emergency","Chronic Illness","2026/01/23 07:07:25 PM","Rahim Yar Khan"
"75681","Rana M. Usman","DR-200","Direct Call","Patient Transfer Service","N/A","2026/01/23 07:23:25 PM","Sadiqabad"
"262924","Rana M. Usman","DR-200","EMDS Call","Medical Emergency","High Fever","2026/01/23 07:29:53 PM","Liaqatpur"
"262925","Bushra Saleem","MR-5701","EMDS Call","Road Crash","Severe Trauma","2026/01/23 07:32:41 PM","Rahim Yar Khan"
"262925","Bushra Saleem","MR-5701","EMDS Call","Road Crash","Severe Trauma","2026/01/23 07:32:41 PM","Rahim Yar Khan"
"262926","Rana M. Usman","DR-200","EMDS Call","Rescue Operations","Delivery Case","2026/01/23 07:37:10 PM","Khanpur"
"262927","Rana M. Usman","DR-200","EMDS Call","Medical Emergency","Others","2026/01/23 07:43:11 PM","Sadiqabad"
"262928","Bushra Saleem","MR-5701","EMDS Call","Medical Emergency","SOB/ Respiratory Distress","2026/01/23 07:44:44 PM","Sadiqabad"
"262929","Rana M. Usman","DR-200","EMDS Call","Medical Emergency","Others","2026/01/23 07:53:35 PM","Rahim Yar Khan"
"262930","Rana M. Usman","DR-200","EMDS Call","Medical Emergency","Abdominal Pain","2026/01/23 08:00:41 PM","Sadiqabad"
"75682","Bushra Saleem","MR-5701","Direct Call","Patient Transfer Service","N/A","2026/01/23 08:12:14 PM","Rahim Yar Khan"
"262931","Shahla Nawaz","DR-185","EMDS Call","Medical Emergency","High Fever","2026/01/23 08:17:04 PM","Rahim Yar Khan"
"262932","Bushra Saleem","MR-5701","EMDS Call","Medical Emergency","Others","2026/01/23 08:19:49 PM","Liaqatpur"
"262933","Sheeza Barkat","MR-5331","EMDS Call","Medical Emergency","Hypotension","2026/01/23 08:19:04 PM","Khanpur"
"262934","Shahla Nawaz","DR-185","EMDS Call","Medical Emergency","Hypertension","2026/01/23 08:25:03 PM","Rahim Yar Khan"
"262935","Sheeza Barkat","MR-5331","EMDS Call","Medical Emergency","Unconscious","2026/01/23 08:35:20 PM","Sadiqabad"
"262936","Shahla Nawaz","DR-185","EMDS Call","Rescue Operations","Others","2026/01/23 08:34:26 PM","Rahim Yar Khan"
"262937","Maheen Tahir","MR-6017","EMDS Call","Medical Emergency","Hypertension","2026/01/23 08:58:45 PM","Liaqatpur"
"262938","Muhammad Tariq Hameed","DR-885","EMDS Call","Medical Emergency","Unconscious","2026/01/23 09:05:47 PM","Rahim Yar Khan"
"262939","Maheen Tahir","MR-6017","EMDS Call","Medical Emergency","Domestic Injuries","2026/01/23 09:17:15 PM","Rahim Yar Khan"
"262940","Maheen Tahir","MR-6017","EMDS Call","Medical Emergency","Hypertension","2026/01/23 09:19:52 PM","Rahim Yar Khan"
"262941","Maheen Tahir","MR-6017","EMDS Call","Medical Emergency","Hypertension","2026/01/23 09:33:15 PM","Rahim Yar Khan"
"262942","Saira Bibi","MR-5494","EMDS Call","Medical Emergency","SOB/ Respiratory Distress","2026/01/23 09:36:52 PM","Khanpur"
"262943","Muhammad Tariq Hameed","DR-885","EMDS Call","Medical Emergency","Chest Pain","2026/01/23 09:38:48 PM","Rahim Yar Khan"
"75683","Maheen Tahir","MR-6017","Direct Call","Patient Transfer Service","N/A","2026/01/23 09:42:30 PM","Sadiqabad"
"262944","Saira Bibi","MR-5494","EMDS Call","Rescue Operations","Snake Emergency","2026/01/23 09:43:00 PM","Liaqatpur"
"262945","Muhammad Tariq Hameed","DR-885","EMDS Call","Medical Emergency","Renal Disorders / Renal Colic ","2026/01/23 09:44:00 PM","Rahim Yar Khan"
"75684","Maheen Tahir","MR-6017","Direct Call","Patient Transfer Service","N/A","2026/01/23 09:52:20 PM","Sadiqabad"
"262946","Maheen Tahir","MR-6017","EMDS Call","Medical Emergency","Others","2026/01/23 10:01:19 PM","Rahim Yar Khan"
"262947","Maheen Tahir","MR-6017","EMDS Call","Medical Emergency","Hypertension","2026/01/23 10:04:02 PM","Sadiqabad"
"262948","Saira Bibi","MR-5494","EMDS Call","Medical Emergency","Chronic Illness","2026/01/23 10:05:39 PM","Rahim Yar Khan"
"75685","Maheen Tahir","MR-6017","Direct Call","Patient Transfer Service","N/A","2026/01/23 10:08:41 PM","Liaqatpur"
"262949","Muhammad Zubair","DR-894","EMDS Call","Medical Emergency","Chest Pain","2026/01/23 10:21:21 PM","Rahim Yar Khan"
"75686","Maheen Tahir","MR-6017","Direct Call","Patient Transfer Service","N/A","2026/01/23 10:23:37 PM","Khanpur"
"262950","Maheen Tahir","MR-6017","EMDS Call","Medical Emergency","Others","2026/01/23 10:23:56 PM","Rahim Yar Khan"
"262951","Saira Bibi","MR-5494","EMDS Call","Medical Emergency","Hypertension","2026/01/23 10:27:25 PM","Sadiqabad"
"262952","Muhammad Zubair","DR-894","EMDS Call","Fire","Others","2026/01/23 10:28:48 PM","Rahim Yar Khan"
"262953","Maheen Tahir","MR-6017","Direct Call","Medical Emergency","Others","2026/01/23 10:30:42 PM","Sadiqabad"
"262954","Saira Bibi","MR-5494","EMDS Call","Rescue Operations","Delivery Case","2026/01/23 10:37:58 PM","Khanpur"
"262955","Maheen Tahir","MR-6017","EMDS Call","Medical Emergency","Others","2026/01/23 10:37:10 PM","Rahim Yar Khan"
"Not Assigned","Maheen Tahir","MR-6017","EMDS Call","Medical Emergency","Hypotension","2026/01/23 10:40:56 PM","Sadiqabad"
"75687","Maheen Tahir","MR-6017","Direct Call","Patient Transfer Service","N/A","2026/01/23 10:51:56 PM","Sadiqabad"
"262956","Maheen Tahir","MR-6017","EMDS Call","Medical Emergency","Others","2026/01/23 10:53:20 PM","Khanpur"
"262957","Muhammad Zubair","DR-894","EMDS Call","Medical Emergency","Chronic Illness","2026/01/23 10:53:12 PM","Rahim Yar Khan"
"262958","Muhammad Tariq Hameed","DR-885","EMDS Call","Medical Emergency","Others","2026/01/23 11:10:25 PM","Sadiqabad"
"262959","Maheen Tahir","MR-6017","EMDS Call","Medical Emergency","Others","2026/01/23 11:13:42 PM","Rahim Yar Khan"
"262960","Muhammad Zubair","DR-894","EMDS Call","Medical Emergency","SOB/ Respiratory Distress","2026/01/23 11:25:59 PM","Rahim Yar Khan"
"262961","Muhammad Tariq Hameed","DR-885","EMDS Call","Medical Emergency","Others","2026/01/23 11:31:31 PM","Rahim Yar Khan"
"262962","Maheen Tahir","MR-6017","EMDS Call","Medical Emergency","Abdominal Pain","2026/01/23 11:33:08 PM","Rahim Yar Khan"
"75688","Muhammad Zubair","DR-894","Direct Call","Patient Transfer Service","N/A","2026/01/23 11:34:42 PM","Sadiqabad"
"262963","Muhammad Tariq Hameed","DR-885","EMDS Call","Medical Emergency","Domestic Injuries","2026/01/23 11:39:14 PM","Rahim Yar Khan"
"262964","Muhammad Zubair","DR-894","EMDS Call","Medical Emergency","Others","2026/01/23 11:55:17 PM","Rahim Yar Khan"
"262965","Muhammad Tariq Hameed","DR-885","EMDS Call","Medical Emergency","Diabetic","2026/01/24 12:06:11 AM","Rahim Yar Khan"
"262966","Maheen Tahir","MR-6017","EMDS Call","Medical Emergency","Hypertension","2026/01/24 12:20:00 AM","Rahim Yar Khan"
"262967","Imran Anjum","DR-204","EMDS Call","Medical Emergency","Renal Disorders / Renal Colic ","2026/01/24 12:19:36 AM","Sadiqabad"
"262968","Muhammad Tariq Hameed","DR-885","EMDS Call","Medical Emergency","Vomiting","2026/01/24 12:22:24 AM","Rahim Yar Khan"
"262969","Muhammad Tariq Hameed","DR-885","EMDS Call","Medical Emergency","Diabetic","2026/01/24 12:33:01 AM","Khanpur"
"262970","Imran Anjum","DR-204","EMDS Call","Medical Emergency","Hypertension","2026/01/24 12:42:03 AM","Khanpur"
"262971","Muhammad Tariq Hameed","DR-885","EMDS Call","Medical Emergency","Chest Pain","2026/01/24 12:43:39 AM","Liaqatpur"
"262972","Muhammad Tariq Hameed","DR-885","Direct Call","Medical Emergency","Others","2026/01/24 12:56:15 AM","Sadiqabad"
"262973","Maheen Tahir","MR-6017","EMDS Call","Medical Emergency","Hypertension","2026/01/24 01:09:53 AM","Rahim Yar Khan"
"262974","Maheen Tahir","MR-6017","EMDS Call","Medical Emergency","Vomiting","2026/01/24 01:18:08 AM","Rahim Yar Khan"
"262975","Muhammad Tariq Hameed","DR-885","EMDS Call","Rescue Operations","Delivery Case","2026/01/24 01:18:05 AM","Rahim Yar Khan"
"262976","Muhammad Tariq Hameed","DR-885","EMDS Call","Medical Emergency","Others","2026/01/24 01:40:38 AM","Sadiqabad"
"262977","Maheen Tahir","MR-6017","EMDS Call","Medical Emergency","Abdominal Pain","2026/01/24 01:59:58 AM","Rahim Yar Khan"
"262978","Muhammad Abid","DR-874","EMDS Call","Medical Emergency","Hypertension","2026/01/24 02:46:18 AM","Sadiqabad"
"262979","Maheen Tahir","MR-6017","EMDS Call","Medical Emergency","SOB/ Respiratory Distress","2026/01/24 02:47:55 AM","Sadiqabad"
"262980","Muhammad Abid","DR-874","EMDS Call","Medical Emergency","Abdominal Pain","2026/01/24 02:52:07 AM","Rahim Yar Khan"
"262981","Maheen Tahir","MR-6017","EMDS Call","Medical Emergency","Renal Disorders / Renal Colic ","2026/01/24 03:14:00 AM","Liaqatpur"
"75689","Maheen Tahir","MR-6017","Direct Call","Patient Transfer Service","N/A","2026/01/24 03:27:33 AM","Sadiqabad"
"262982","Imran Anjum","DR-204","Direct Call","Medical Emergency","Vomiting","2026/01/24 03:35:38 AM","Rahim Yar Khan"
"262983","Muhammad Abid","DR-874","EMDS Call","Medical Emergency","Others","2026/01/24 03:55:09 AM","Khanpur"
"262984","Muhammad Zubair","DR-894","EMDS Call","Medical Emergency","Others","2026/01/24 04:08:38 AM","Rahim Yar Khan"
"262985","Shaheen Islam","DR-1171","EMDS Call","Medical Emergency","SOB/ Respiratory Distress","2026/01/24 04:17:53 AM","Sadiqabad"
"262986","Shaheen Islam","DR-1171","EMDS Call","Medical Emergency","Diarrhea","2026/01/24 04:53:01 AM","Rahim Yar Khan"
"262987","Saira Bibi","MR-5494","EMDS Call","Medical Emergency","Epilepsy","2026/01/24 04:55:45 AM","Khanpur"
"262988","Shaheen Islam","DR-1171","EMDS Call","Medical Emergency","Domestic Injuries","2026/01/24 05:12:14 AM","Sadiqabad"
"262989","Saira Bibi","MR-5494","EMDS Call","Rescue Operations","Delivery Case","2026/01/24 05:14:09 AM","Rahim Yar Khan"
"262990","Muhammad Zubair","DR-894","EMDS Call","Medical Emergency","Abdominal Pain","2026/01/24 05:28:21 AM","Sadiqabad"
"262991","Shaheen Islam","DR-1171","EMDS Call","Medical Emergency","Unconscious","2026/01/24 05:33:24 AM","Rahim Yar Khan"
"262992","Muhammad Zubair","DR-894","EMDS Call","Medical Emergency","Renal Disorders / Renal Colic ","2026/01/24 05:35:38 AM","Sadiqabad"
"262993","Muhammad Zubair","DR-894","EMDS Call","Medical Emergency","High Fever","2026/01/24 05:52:56 AM","Khanpur"
"262994","Shaheen Islam","DR-1171","EMDS Call","Rescue Operations","Delivery Case","2026/01/24 06:01:08 AM","Sadiqabad"
"262995","Muhammad Zubair","DR-894","EMDS Call","Medical Emergency","Others","2026/01/24 06:44:52 AM","Rahim Yar Khan"
"75690","Muhammad Zubair","DR-894","Direct Call","Patient Transfer Service","N/A","2026/01/24 06:49:27 AM","Sadiqabad"
"262996","Muhammad Zubair","DR-894","EMDS Call","Road Crash","Minor Injuries","2026/01/24 07:35:24 AM","Khanpur"
"262997","Muhammad Zubair","DR-894","EMDS Call","Medical Emergency","Others","2026/01/24 07:38:43 AM","Sadiqabad"
"262998","Saira Bibi","MR-5494","Direct Call","Rescue Operations","Mass Event Coverage","2026/01/24 07:53:05 AM","Rahim Yar Khan"
"263000","Muhammad Zubair","DR-894","EMDS Call","Medical Emergency","Chronic Illness","2026/01/24 07:54:31 AM","Rahim Yar Khan"
"262999","Shaheen Islam","DR-1171","EMDS Call","Road Crash","Bleeding","2026/01/24 07:54:53 AM","Khanpur"
"263001","Zia ul Haq","DR-328","EMDS Call","Medical Emergency","Others","2026/01/24 08:01:14 AM","Rahim Yar Khan"
"263002","Nida Rahat","DR-1322","Direct Call","Rescue Operations","Mass Event Coverage","2026/01/24 08:04:53 AM","Sadiqabad"
"263003","Nida Rahat","DR-1322","Direct Call","Rescue Operations","Mass Event Coverage","2026/01/24 08:08:49 AM","Sadiqabad"
"263004","Aasia Batool","MR-5198","EMDS Call","Medical Emergency","Unconscious","2026/01/24 08:10:57 AM","Rahim Yar Khan"
"263005","Zia ul Haq","DR-328","EMDS Call","Medical Emergency","High Fever","2026/01/24 08:15:43 AM","Rahim Yar Khan"
"263006","Aasia Batool","MR-5198","Direct Call","Rescue Operations","Mass Event Coverage","2026/01/24 08:19:30 AM","Rahim Yar Khan"
"263008","Aasia Batool","MR-5198","EMDS Call","Medical Emergency","Others","2026/01/24 08:22:30 AM","Sadiqabad"
"263007","Zia ul Haq","DR-328","EMDS Call","Medical Emergency","Vomiting","2026/01/24 08:22:09 AM","Rahim Yar Khan"
"263009","Nida Rahat","DR-1322","EMDS Call","Rescue Operations","Delivery Case","2026/01/24 08:24:06 AM","Liaqatpur"
"263010","Zia ul Haq","DR-328","EMDS Call","Medical Emergency","Vomiting","2026/01/24 08:27:57 AM","Rahim Yar Khan"
"263011","Aasia Batool","MR-5198","EMDS Call","Medical Emergency","Unconscious","2026/01/24 08:34:16 AM","Khanpur"
"263012","Nida Rahat","DR-1322","EMDS Call","Road Crash","Minor Injuries","2026/01/24 08:38:26 AM","Rahim Yar Khan"
"75691","Nida Rahat","DR-1322","Direct Call","Patient Transfer Service","N/A","2026/01/24 08:42:37 AM","Liaqatpur"
"263013","Zia ul Haq","DR-328","EMDS Call","Medical Emergency","SOB/ Respiratory Distress","2026/01/24 08:47:56 AM","Sadiqabad"
"263014","Aasia Batool","MR-5198","EMDS Call","Medical Emergency","Joints Pain","2026/01/24 08:50:17 AM","Sadiqabad"
"263015","Aasia Batool","MR-5198","EMDS Call","Medical Emergency","SOB/ Respiratory Distress","2026/01/24 08:57:44 AM","Rahim Yar Khan"
"263016","Nida Rahat","DR-1322","EMDS Call","Medical Emergency","SOB/ Respiratory Distress","2026/01/24 08:57:20 AM","Liaqatpur"
"263017","Aasia Batool","MR-5198","EMDS Call","Medical Emergency","Hypertension","2026/01/24 09:00:21 AM","Rahim Yar Khan"
"263018","Adnan Shabbir","DR-205","EMDS Call","Medical Emergency","Hypertension","2026/01/24 09:03:20 AM","Sadiqabad"
"263019","Aasia Batool","MR-5198","EMDS Call","Road Crash","Bleeding","2026/01/24 09:05:39 AM","Khanpur"
"Not Assigned","Adnan Shabbir","DR-205","Direct Call","Community","Community Training","2026/01/24 09:11:58 AM","Liaqatpur"
"263020","Adnan Shabbir","DR-205","EMDS Call","Medical Emergency","Others","2026/01/24 09:20:56 AM","Rahim Yar Khan"
"263021","Aasia Batool","MR-5198","EMDS Call","Road Crash","Bleeding","2026/01/24 09:21:53 AM","Liaqatpur"
"263022","Aasia Batool","MR-5198","EMDS Call","Road Crash","Bleeding","2026/01/24 09:29:50 AM","Rahim Yar Khan"
"263023","Adnan Shabbir","DR-205","EMDS Call","Rescue Operations","Delivery Case","2026/01/24 09:41:52 AM","Rahim Yar Khan"
"263024","Aasia Batool","MR-5198","EMDS Call","Medical Emergency","SOB/ Respiratory Distress","2026/01/24 09:45:43 AM","Sadiqabad"
"263025","Muhammad Saeed","DR-190","EMDS Call","Medical Emergency","SOB/ Respiratory Distress","2026/01/24 09:46:22 AM","Rahim Yar Khan"
"75692","Adnan Shabbir","DR-205","Direct Call","Patient Transfer Service","N/A","2026/01/24 09:53:02 AM","Khanpur"
"263026","Muhammad Saeed","DR-190","EMDS Call","Medical Emergency","SOB/ Respiratory Distress","2026/01/24 09:55:34 AM","Rahim Yar Khan"
"263027","Muhammad Saeed","DR-190","EMDS Call","Rescue Operations","Delivery Case","2026/01/24 10:05:29 AM","Rahim Yar Khan"
"263030","Muhammad Saeed","DR-190","EMDS Call","Medical Emergency","Hypertension","2026/01/24 10:15:21 AM","Rahim Yar Khan"
"263029","Saima Bashir","MR-5819","EMDS Call","Medical Emergency","Epilepsy","2026/01/24 10:16:05 AM","Rahim Yar Khan"
"263028","Aasia Batool","MR-5198","EMDS Call","Medical Emergency","High Fever","2026/01/24 10:17:01 AM","Liaqatpur"
"263031","Aasia Batool","MR-5198","EMDS Call","Medical Emergency","Others","2026/01/24 10:22:19 AM","Sadiqabad"
"263032","Muhammad Saeed","DR-190","EMDS Call","Medical Emergency","Others","2026/01/24 10:22:49 AM","Rahim Yar Khan"
"263034","Nida Rahat","DR-1322","Direct Call","Medical Emergency","Others","2026/01/24 10:23:59 AM","Khanpur"
"263033","Muhammad Saeed","DR-190","EMDS Call","Road Crash","Severe Trauma","2026/01/24 10:26:35 AM","Rahim Yar Khan"
"263035","Muhammad Saeed","DR-190","EMDS Call","Road Crash","Severe Trauma","2026/01/24 10:36:16 AM","Rahim Yar Khan"
"263036","Zia ul Haq","DR-328","EMDS Call","Medical Emergency","SOB/ Respiratory Distress","2026/01/24 10:44:37 AM","Sadiqabad"
"263037","Shahid Jamil","DR-184","EMDS Call","Road Crash","Severe Trauma","2026/01/24 10:48:18 AM","Liaqatpur"
"75693","Yasir Ilyas","DR-893","Direct Call","Patient Transfer Service","N/A","2026/01/24 10:49:49 AM","Khanpur"
"263038","Saima Bashir","MR-5819","EMDS Call","Medical Emergency","High Fever","2026/01/24 10:51:56 AM","Rahim Yar Khan"
"263039","Zia ul Haq","DR-328","Direct Call","Rescue Operations","Others","2026/01/24 11:12:45 AM","Liaqatpur"
"263040","Yasir Ilyas","DR-893","EMDS Call","Road Crash","Minor Injuries","2026/01/24 11:13:40 AM","Rahim Yar Khan"
"263041","Saima Bashir","MR-5819","EMDS Call","Road Crash","Bleeding","2026/01/24 11:21:39 AM","Sadiqabad"
"263042","Zia ul Haq","DR-328","EMDS Call","Medical Emergency","Epilepsy","2026/01/24 11:21:33 AM","Khanpur"
"263043","Zia ul Haq","DR-328","EMDS Call","Medical Emergency","Domestic Injuries","2026/01/24 11:31:21 AM","Sadiqabad"
"263044","Saima Bashir","MR-5819","EMDS Call","Medical Emergency","High Fever","2026/01/24 11:37:36 AM","Liaqatpur"
"263045","Yasir Ilyas","DR-893","EMDS Call","Medical Emergency","Hypertension","2026/01/24 11:52:02 AM","Rahim Yar Khan"
"263046","Zia ul Haq","DR-328","EMDS Call","Medical Emergency","Abdominal Pain","2026/01/24 11:52:25 AM","Rahim Yar Khan"
"263047","Yasir Ilyas","DR-893","Direct Call","Rescue Operations","Mass Event Coverage","2026/01/24 11:54:24 AM","Rahim Yar Khan"
"263048","Yasir Ilyas","DR-893","EMDS Call","Medical Emergency","SOB/ Respiratory Distress","2026/01/24 11:57:16 AM","Liaqatpur"
"263049","Saima Bashir","MR-5819","EMDS Call","Road Crash","Bleeding","2026/01/24 12:00:07 PM","Sadiqabad"
"263050","Saima Bashir","MR-5819","Direct Call","Rescue Operations","Mass Event Coverage","2026/01/24 12:03:11 PM","Rahim Yar Khan"
"263051","Yasir Ilyas","DR-893","EMDS Call","Medical Emergency","High Fever","2026/01/24 12:04:36 PM","Rahim Yar Khan"
"263052","Saima Bashir","MR-5819","EMDS Call","Medical Emergency","Others","2026/01/24 12:14:53 PM","Rahim Yar Khan"
"Not Assigned","Yasir Ilyas","DR-893","EMDS Call","Road Crash","Bleeding","2026/01/24 12:15:23 PM","Rahim Yar Khan"
"263053","Aasia Batool","MR-5198","EMDS Call","Medical Emergency","Chronic Illness","2026/01/24 12:17:57 PM","Sadiqabad"
"263054","Saima Bashir","MR-5819","EMDS Call","Rescue Operations","Delivery Case","2026/01/24 12:20:27 PM","Rahim Yar Khan"
"263055","Zupasha Zia","MR-5758","EMDS Call","Medical Emergency","Others","2026/01/24 12:40:25 PM","Rahim Yar Khan"
"263056","Aasia Batool","MR-5198","EMDS Call","Medical Emergency","Others","2026/01/24 12:40:16 PM","Sadiqabad"
"263057","Saima Bashir","MR-5819","EMDS Call","Medical Emergency","Hypotension","2026/01/24 12:48:16 PM","Rahim Yar Khan"
"263058","Aasia Batool","MR-5198","EMDS Call","Medical Emergency","Unconscious","2026/01/24 12:54:22 PM","Rahim Yar Khan"
"263059","Zupasha Zia","MR-5758","EMDS Call","Fire","Others","2026/01/24 12:55:39 PM","Khanpur"
"263061","Aasia Batool","MR-5198","EMDS Call","Rescue Operations","Delivery Case","2026/01/24 12:58:55 PM","Rahim Yar Khan"
"263060","Saima Bashir","MR-5819","EMDS Call","Medical Emergency","Joints Pain","2026/01/24 01:01:42 PM","Rahim Yar Khan"
"263062","Zupasha Zia","MR-5758","EMDS Call","Medical Emergency","SOB/ Respiratory Distress","2026/01/24 01:04:53 PM","Rahim Yar Khan"
"263063","Saima Bashir","MR-5819","EMDS Call","Medical Emergency","Hypertension","2026/01/24 01:05:13 PM","Khanpur"
"263064","Zupasha Zia","MR-5758","EMDS Call","Road Crash","Bleeding","2026/01/24 01:08:30 PM","Rahim Yar Khan"
"263065","Zupasha Zia","MR-5758","EMDS Call","Medical Emergency","Chest Pain","2026/01/24 01:16:08 PM","Rahim Yar Khan"
"263066","Aasia Batool","MR-5198","EMDS Call","Road Crash","Bleeding","2026/01/24 01:19:21 PM","Rahim Yar Khan"
"263068","Saima Bashir","MR-5819","EMDS Call","Medical Emergency","Hypertension","2026/01/24 01:18:50 PM","Khanpur"
"263067","Zupasha Zia","MR-5758","EMDS Call","Medical Emergency","Renal Disorders / Renal Colic ","2026/01/24 01:19:31 PM","Liaqatpur"
"263069","Aasia Batool","MR-5198","EMDS Call","Medical Emergency","Vomiting","2026/01/24 01:32:28 PM","Khanpur"
"263071","Zupasha Zia","MR-5758","EMDS Call","Rescue Operations","Animal/Bird Rescue","2026/01/24 01:31:33 PM","Liaqatpur"
"263070","Saima Bashir","MR-5819","EMDS Call","Road Crash","Multiple Fractures","2026/01/24 01:34:26 PM","Sadiqabad"
"263072","Zupasha Zia","MR-5758","EMDS Call","Medical Emergency","Hypertension","2026/01/24 01:36:34 PM","Khanpur"
"263073","Aasia Batool","MR-5198","Direct Call","Fire","Others","2026/01/24 01:42:16 PM","Rahim Yar Khan"
"263074","Muhammad Rashid Saleem","DR-187","EMDS Call","Rescue Operations","Delivery Case","2026/01/24 01:45:45 PM","Sadiqabad"
"263075","Zupasha Zia","MR-5758","EMDS Call","Crime","Probable Suicide","2026/01/24 01:48:48 PM","Rahim Yar Khan"
"263076","Muhammad Rashid Saleem","DR-187","EMDS Call","Medical Emergency","Chronic Illness","2026/01/24 01:56:28 PM","Rahim Yar Khan"
"75694","Rana M. Usman","DR-200","Direct Call","Patient Transfer Service","N/A","2026/01/24 02:18:27 PM","Sadiqabad"
"263077","Muhammad Rashid Saleem","DR-187","EMDS Call","Road Crash","Severe Trauma","2026/01/24 02:18:41 PM","Khanpur"
"263078","Rana M. Usman","DR-200","EMDS Call","Medical Emergency","SOB/ Respiratory Distress","2026/01/24 02:19:26 PM","Rahim Yar Khan"
"263079","Sheeza Barkat","MR-5331","EMDS Call","Medical Emergency","High Fever","2026/01/24 02:19:16 PM","Rahim Yar Khan"
"263080","Bushra Saleem","MR-5701","EMDS Call","Medical Emergency","Unconscious","2026/01/24 02:21:53 PM","Sadiqabad"
"263081","Bushra Saleem","MR-5701","EMDS Call","Medical Emergency","Others","2026/01/24 02:29:22 PM","Rahim Yar Khan"
"75695","Rana M. Usman","DR-200","Direct Call","Patient Transfer Service","N/A","2026/01/24 02:37:58 PM","Sadiqabad"
"75696","Muhammad Rashid Saleem","DR-187","Direct Call","Patient Transfer Service","N/A","2026/01/24 02:52:15 PM","Rahim Yar Khan"
"263082","Bushra Saleem","MR-5701","EMDS Call","Medical Emergency","Hypertension","2026/01/24 02:56:38 PM","Sadiqabad"
"263083","Rana M. Usman","DR-200","EMDS Call","Road Crash","Bleeding","2026/01/24 03:04:23 PM","Rahim Yar Khan"
"75697","Rana M. Usman","DR-200","Direct Call","Patient Transfer Service","N/A","2026/01/24 03:10:09 PM","Khanpur"
"263084","Muhammad Rashid Saleem","DR-187","EMDS Call","Medical Emergency","Chronic Illness","2026/01/24 03:15:09 PM","Liaqatpur"
"263085","Bushra Saleem","MR-5701","EMDS Call","Medical Emergency","Renal Disorders / Renal Colic ","2026/01/24 03:17:01 PM","Rahim Yar Khan"
"263086","Rana M. Usman","DR-200","EMDS Call","Medical Emergency","Diabetic","2026/01/24 03:19:39 PM","Sadiqabad"
"263087","Muhammad Rashid Saleem","DR-187","EMDS Call","Medical Emergency","High Fever","2026/01/24 03:19:18 PM","Rahim Yar Khan"
"263088","Rana M. Usman","DR-200","EMDS Call","Medical Emergency","Others","2026/01/24 03:24:56 PM","Rahim Yar Khan"
"263089","Bushra Saleem","MR-5701","EMDS Call","Medical Emergency","CVA/Stroke","2026/01/24 03:25:22 PM","Liaqatpur"
"263090","Muhammad Rashid Saleem","DR-187","EMDS Call","Rescue Operations","Animal/Bird Rescue","2026/01/24 03:27:12 PM","Rahim Yar Khan"
"263091","Bushra Saleem","MR-5701","EMDS Call","Medical Emergency","Others","2026/01/24 03:32:42 PM","Rahim Yar Khan"
"263092","Rana M. Usman","DR-200","Direct Call","Medical Emergency","Others","2026/01/24 03:34:11 PM","Rahim Yar Khan"
"263093","Rana M. Usman","DR-200","EMDS Call","Medical Emergency","Others","2026/01/24 03:37:12 PM","Rahim Yar Khan"
"263094","Bushra Saleem","MR-5701","EMDS Call","Medical Emergency","Hypertension","2026/01/24 03:36:06 PM","Rahim Yar Khan"
"263095","Bushra Saleem","MR-5701","EMDS Call","Medical Emergency","Hypertension","2026/01/24 03:45:34 PM","Rahim Yar Khan"
"263096","Sheeza Barkat","MR-5331","EMDS Call","Medical Emergency","Others","2026/01/24 03:46:25 PM","Rahim Yar Khan"
"263097","Sheeza Barkat","MR-5331","EMDS Call","Medical Emergency","Chronic Illness","2026/01/24 03:52:56 PM","Rahim Yar Khan"
"263098","Rana M. Usman","DR-200","EMDS Call","Medical Emergency","Hypertension","2026/01/24 03:56:28 PM","Rahim Yar Khan"
"263099","Bushra Saleem","MR-5701","EMDS Call","Medical Emergency","Others","2026/01/24 03:57:04 PM","Khanpur"
"75698","Bushra Saleem","MR-5701","Direct Call","Patient Transfer Service","N/A","2026/01/24 04:05:10 PM","Liaqatpur"
"263100","Bushra Saleem","MR-5701","EMDS Call","Medical Emergency","Others","2026/01/24 04:11:42 PM","Rahim Yar Khan"
"263101","Sheeza Barkat","MR-5331","EMDS Call","Medical Emergency","Others","2026/01/24 04:14:14 PM","Khanpur"
"263102","Bushra Saleem","MR-5701","EMDS Call","Road Crash","Severe Trauma","2026/01/24 04:17:44 PM","Khanpur"
"75699","Muhammad Fiaz","DR-206","Direct Call","Patient Transfer Service","N/A","2026/01/24 04:22:04 PM","Sadiqabad"
"263103","Bushra Saleem","MR-5701","EMDS Call","Rescue Operations","Delivery Case","2026/01/24 04:24:42 PM","Sadiqabad"
"263104","Sheeza Barkat","MR-5331","EMDS Call","Road Crash","Bleeding","2026/01/24 04:32:22 PM","Rahim Yar Khan"
"263105","Sheeza Barkat","MR-5331","EMDS Call","Road Crash","Severe Trauma","2026/01/24 04:44:28 PM","Rahim Yar Khan"
"263106","Bushra Saleem","MR-5701","EMDS Call","Medical Emergency","Others","2026/01/24 04:45:43 PM","Rahim Yar Khan"
"Not Assigned","Sheeza Barkat","MR-5331","Direct Call","Community","Community Training","2026/01/24 04:49:32 PM","Rahim Yar Khan"
"263107","Bushra Saleem","MR-5701","EMDS Call","Rescue Operations","Animal/Bird Rescue","2026/01/24 04:51:08 PM","Rahim Yar Khan"
"263108","Sheeza Barkat","MR-5331","EMDS Call","Medical Emergency","Others","2026/01/24 04:53:39 PM","Rahim Yar Khan"
"263109","Bushra Saleem","MR-5701","EMDS Call","Road Crash","Bleeding","2026/01/24 04:57:43 PM","Sadiqabad"
"263110","Muhammad Rashid Saleem","DR-187","EMDS Call","Medical Emergency","Hypertension","2026/01/24 05:07:33 PM","Rahim Yar Khan"
"263111","Muhammad Rashid Saleem","DR-187","EMDS Call","Road Crash","Severe Trauma","2026/01/24 05:10:17 PM","Rahim Yar Khan"
"263112","Sheeza Barkat","MR-5331","EMDS Call","Road Crash","Bleeding","2026/01/24 05:10:07 PM","Khanpur"
"263113","Muhammad Fiaz","DR-206","EMDS Call","Medical Emergency","Chronic Illness","2026/01/24 05:10:12 PM","Rahim Yar Khan"
"263114","Bushra Saleem","MR-5701","Direct Call","Medical Emergency","Others","2026/01/24 05:14:24 PM","Rahim Yar Khan"
"75700","Bushra Saleem","MR-5701","Direct Call","Patient Transfer Service","N/A","2026/01/24 05:18:58 PM","Sadiqabad"
"75701","Bushra Saleem","MR-5701","Direct Call","Patient Transfer Service","N/A","2026/01/24 05:20:04 PM","Khanpur"
"263115","Bushra Saleem","MR-5701","Direct Call","Road Crash","Bleeding","2026/01/24 05:23:45 PM","Sadiqabad"
"263116","Sheeza Barkat","MR-5331","EMDS Call","Medical Emergency","SOB/ Respiratory Distress","2026/01/24 05:33:49 PM","Rahim Yar Khan"
"75702","Bushra Saleem","MR-5701","Direct Call","Patient Transfer Service","N/A","2026/01/24 05:35:10 PM","Khanpur"
"263117","Muhammad Rashid Saleem","DR-187","EMDS Call","Medical Emergency","Hypertension","2026/01/24 05:37:11 PM","Sadiqabad"
"263118","Sheeza Barkat","MR-5331","EMDS Call","Medical Emergency","SOB/ Respiratory Distress","2026/01/24 05:38:02 PM","Rahim Yar Khan"
"263119","Bushra Saleem","MR-5701","EMDS Call","Fire","Others","2026/01/24 05:46:12 PM","Liaqatpur"
"263120","Sheeza Barkat","MR-5331","EMDS Call","Medical Emergency","Hypertension","2026/01/24 05:49:16 PM","Khanpur"
"263121","Sheeza Barkat","MR-5331","EMDS Call","Road Crash","Minor Injuries","2026/01/24 05:59:05 PM","Sadiqabad"
"263121","Sheeza Barkat","MR-5331","EMDS Call","Road Crash","Minor Injuries","2026/01/24 05:59:05 PM","Sadiqabad"
"263122","Shahla Nawaz","DR-185","EMDS Call","Road Crash","Minor Injuries","2026/01/24 06:04:24 PM","Sadiqabad"
"263123","Bushra Saleem","MR-5701","EMDS Call","Crime","Physical Assault/Violence","2026/01/24 06:08:45 PM","Sadiqabad"
"263124","Bushra Saleem","MR-5701","Direct Call","Road Crash","Bleeding","2026/01/24 06:12:50 PM","Liaqatpur"
"263125","Bushra Saleem","MR-5701","EMDS Call","Medical Emergency","Others","2026/01/24 06:29:13 PM","Rahim Yar Khan"
"263126","Shahla Nawaz","DR-185","EMDS Call","Road Crash","Minor Injuries","2026/01/24 06:48:41 PM","Rahim Yar Khan"
"263127","Bushra Saleem","MR-5701","Direct Call","Medical Emergency","Others","2026/01/24 06:49:12 PM","Rahim Yar Khan"
"263128","Sheeza Barkat","MR-5331","EMDS Call","Medical Emergency","Others","2026/01/24 06:50:39 PM","Rahim Yar Khan"
"263130","Sheeza Barkat","MR-5331","EMDS Call","Medical Emergency","Diabetic","2026/01/24 06:57:43 PM","Rahim Yar Khan"
"263129","Shahla Nawaz","DR-185","EMDS Call","Road Crash","Severe Trauma","2026/01/24 06:56:57 PM","Liaqatpur"
"75703","Bushra Saleem","MR-5701","Direct Call","Patient Transfer Service","N/A","2026/01/24 07:16:08 PM","Sadiqabad"
"263131","Bushra Saleem","MR-5701","EMDS Call","Road Crash","Multiple Fractures","2026/01/24 07:19:16 PM","Rahim Yar Khan"
"75704","Bushra Saleem","MR-5701","Direct Call","Patient Transfer Service","N/A","2026/01/24 07:22:19 PM","Sadiqabad"
"263132","Bushra Saleem","MR-5701","EMDS Call","Road Crash","Bleeding","2026/01/24 07:32:25 PM","Rahim Yar Khan"
"263133","Sheeza Barkat","MR-5331","EMDS Call","Medical Emergency","Chronic Illness","2026/01/24 07:32:54 PM","Khanpur"
"263134","Muhammad Fiaz","DR-206","EMDS Call","Fire","Others","2026/01/24 07:33:26 PM","Sadiqabad"
"263135","Muhammad Fiaz","DR-206","EMDS Call","Medical Emergency","SOB/ Respiratory Distress","2026/01/24 07:35:55 PM","Rahim Yar Khan"
"263136","Sheeza Barkat","MR-5331","EMDS Call","Medical Emergency","Others","2026/01/24 07:41:22 PM","Rahim Yar Khan"
"263137","Shahla Nawaz","DR-185","EMDS Call","Medical Emergency","Vomiting","2026/01/24 07:44:04 PM","Sadiqabad"
"263138","Bushra Saleem","MR-5701","EMDS Call","Road Crash","Bleeding","2026/01/24 07:47:14 PM","Liaqatpur"
"263139","Sheeza Barkat","MR-5331","EMDS Call","Medical Emergency","Others","2026/01/24 07:53:53 PM","Rahim Yar Khan"
"263140","Sheeza Barkat","MR-5331","EMDS Call","Rescue Operations","Scalds/Burn Due To Negligence","2026/01/24 08:04:43 PM","Rahim Yar Khan"
"263141","Bushra Saleem","MR-5701","EMDS Call","Medical Emergency","Unconscious","2026/01/24 08:04:58 PM","Rahim Yar Khan"
"263142","Shahla Nawaz","DR-185","EMDS Call","Medical Emergency","High Fever","2026/01/24 08:07:07 PM","Liaqatpur"
"263143","Bushra Saleem","MR-5701","EMDS Call","Medical Emergency","SOB/ Respiratory Distress","2026/01/24 08:10:02 PM","Sadiqabad"
"263144","Sheeza Barkat","MR-5331","EMDS Call","Medical Emergency","SOB/ Respiratory Distress","2026/01/24 08:10:28 PM","Liaqatpur"
"263145","Sheeza Barkat","MR-5331","EMDS Call","Medical Emergency","Vomiting","2026/01/24 08:14:55 PM","Khanpur"
"263146","Bushra Saleem","MR-5701","EMDS Call","Medical Emergency","Others","2026/01/24 08:17:29 PM","Sadiqabad"
"263147","Bushra Saleem","MR-5701","EMDS Call","Medical Emergency","Unconscious","2026/01/24 08:23:35 PM","Rahim Yar Khan"
"263148","Sheeza Barkat","MR-5331","EMDS Call","Medical Emergency","Vomiting","2026/01/24 08:26:06 PM","Rahim Yar Khan"
"263149","Sheeza Barkat","MR-5331","EMDS Call","Medical Emergency","Vomiting","2026/01/24 08:32:19 PM","Khanpur"
"75705","Bushra Saleem","MR-5701","Direct Call","Patient Transfer Service","N/A","2026/01/24 08:38:25 PM","Liaqatpur"
"263150","Bushra Saleem","MR-5701","EMDS Call","Road Crash","Bleeding","2026/01/24 08:39:03 PM","Sadiqabad"
"263151","Zahid Manzoor","DR-887","EMDS Call","Medical Emergency","Chest Pain","2026/01/24 08:39:55 PM","Sadiqabad"
"263152","Zahid Manzoor","DR-887","EMDS Call","Medical Emergency","Others","2026/01/24 08:43:10 PM","Rahim Yar Khan"
"263153","Bushra Saleem","MR-5701","EMDS Call","Medical Emergency","Unconscious","2026/01/24 08:45:12 PM","Sadiqabad"
"263154","Zahid Manzoor","DR-887","EMDS Call","Medical Emergency","Abdominal Pain","2026/01/24 08:49:32 PM","Rahim Yar Khan"
"263155","Zahid Manzoor","DR-887","EMDS Call","Medical Emergency","High Fever","2026/01/24 08:55:45 PM","Rahim Yar Khan"
"263156","Zahid Manzoor","DR-887","EMDS Call","Medical Emergency","Vomiting","2026/01/24 08:57:38 PM","Rahim Yar Khan"
"75706","Farah Sadaqat","MR-5930","Direct Call","Patient Transfer Service","N/A","2026/01/24 08:59:54 PM","Khanpur"
"75707","Farah Sadaqat","MR-5930","Direct Call","Patient Transfer Service","N/A","2026/01/24 09:03:39 PM","Khanpur"
"75708","Zahid Manzoor","DR-887","Direct Call","Patient Transfer Service","N/A","2026/01/24 09:03:55 PM","Liaqatpur"
"263157","Imran Anjum","DR-204","EMDS Call","Medical Emergency","Others","2026/01/24 09:06:23 PM","Rahim Yar Khan"
"263158","Muhammad Zubair","DR-894","EMDS Call","Medical Emergency","SOB/ Respiratory Distress","2026/01/24 09:11:21 PM","Khanpur"
"263159","Zahid Manzoor","DR-887","EMDS Call","Medical Emergency","Chronic Illness","2026/01/24 09:12:09 PM","Rahim Yar Khan"
"263160","Farah Sadaqat","MR-5930","EMDS Call","Medical Emergency","Abdominal Pain","2026/01/24 09:13:50 PM","Khanpur"
"Not Assigned","Imran Anjum","DR-204","EMDS Call","Medical Emergency","Others","2026/01/24 09:26:25 PM","Sadiqabad"
"263162","Zahid Manzoor","DR-887","EMDS Call","Medical Emergency","Chronic Illness","2026/01/24 09:27:54 PM","Rahim Yar Khan"
"263163","Imran Anjum","DR-204","EMDS Call","Medical Emergency","Domestic Injuries","2026/01/24 09:33:23 PM","Rahim Yar Khan"
"263164","Zahid Manzoor","DR-887","EMDS Call","Medical Emergency","Others","2026/01/24 09:33:39 PM","Rahim Yar Khan"
"263165","Zahid Manzoor","DR-887","EMDS Call","Road Crash","Minor Injuries","2026/01/24 09:41:24 PM","Sadiqabad"
"263166","Farah Sadaqat","MR-5930","EMDS Call","Medical Emergency","Others","2026/01/24 09:52:15 PM","Rahim Yar Khan"
"263167","Zahid Manzoor","DR-887","EMDS Call","Medical Emergency","Joints Pain","2026/01/24 10:01:45 PM","Sadiqabad"
"75709","Farah Sadaqat","MR-5930","Direct Call","Patient Transfer Service","N/A","2026/01/24 10:02:51 PM","Sadiqabad"
"75710","Farah Sadaqat","MR-5930","Direct Call","Patient Transfer Service","N/A","2026/01/24 10:08:46 PM","Sadiqabad"
"263168","Farah Sadaqat","MR-5930","EMDS Call","Fall","Fall From Stairs","2026/01/24 10:32:43 PM","Rahim Yar Khan"
"263169","Zahid Manzoor","DR-887","EMDS Call","Medical Emergency","Others","2026/01/24 10:36:56 PM","Rahim Yar Khan"
"263170","Farah Sadaqat","MR-5930","EMDS Call","Medical Emergency","Others","2026/01/24 10:36:42 PM","Sadiqabad"
"263171","Farah Sadaqat","MR-5930","EMDS Call","Medical Emergency","Renal Disorders / Renal Colic ","2026/01/24 10:40:17 PM","Rahim Yar Khan"
"263172","Imran Anjum","DR-204","EMDS Call","Medical Emergency","Vomiting","2026/01/24 10:42:38 PM","Rahim Yar Khan"
"263173","Imran Anjum","DR-204","EMDS Call","Rescue Operations","Delivery Case","2026/01/24 11:05:39 PM","Sadiqabad"
"263174","Muhammad Zahid","DR-888","EMDS Call","Rescue Operations","Delivery Case","2026/01/24 11:06:33 PM","Rahim Yar Khan"
"263175","Imran Anjum","DR-204","EMDS Call","Medical Emergency","Vomiting","2026/01/24 11:11:39 PM","Rahim Yar Khan"
"75711","Muhammad Zahid","DR-888","Direct Call","Patient Transfer Service","N/A","2026/01/24 11:42:03 PM","Khanpur"
"263176","Shaheen Islam","DR-1171","EMDS Call","Medical Emergency","SOB/ Respiratory Distress","2026/01/24 11:47:07 PM","Rahim Yar Khan"
"263177","Zahid Manzoor","DR-887","EMDS Call","Medical Emergency","Others","2026/01/24 11:49:46 PM","Rahim Yar Khan"
"75712","Muhammad Zahid","DR-888","Direct Call","Patient Transfer Service","N/A","2026/01/24 11:51:56 PM","Khanpur"
"263178","Shaheen Islam","DR-1171","EMDS Call","Medical Emergency","SOB/ Respiratory Distress","2026/01/25 12:10:55 AM","Khanpur"
"263179","Shaheen Islam","DR-1171","EMDS Call","Fire","Others","2026/01/25 12:15:26 AM","Rahim Yar Khan"
"Not Assigned","Zahid Manzoor","DR-887","EMDS Call","Medical Emergency","Unconscious","2026/01/25 12:21:03 AM","Rahim Yar Khan"
"263181","Shaheen Islam","DR-1171","EMDS Call","Medical Emergency","Others","2026/01/25 12:23:11 AM","Rahim Yar Khan"
"263182","Zahid Manzoor","DR-887","EMDS Call","Medical Emergency","SOB/ Respiratory Distress","2026/01/25 12:36:33 AM","Liaqatpur"
"263183","Shaheen Islam","DR-1171","EMDS Call","Fire","Others","2026/01/25 12:57:35 AM","Sadiqabad"
"263184","Zahid Manzoor","DR-887","EMDS Call","Rescue Operations","Delivery Case","2026/01/25 01:17:48 AM","Khanpur"
"263185","Imran Anjum","DR-204","EMDS Call","Medical Emergency","Chest Pain","2026/01/25 01:31:13 AM","Rahim Yar Khan"
"263186","Zahid Manzoor","DR-887","EMDS Call","Medical Emergency","Abdominal Pain","2026/01/25 01:37:54 AM","Sadiqabad"
"263187","Imran Anjum","DR-204","EMDS Call","Medical Emergency","SOB/ Respiratory Distress","2026/01/25 01:38:12 AM","Sadiqabad"
"263188","Shaheen Islam","DR-1171","EMDS Call","Medical Emergency","Chest Pain","2026/01/25 01:49:27 AM","Liaqatpur"
"263189","Imran Anjum","DR-204","EMDS Call","Medical Emergency","Abdominal Pain","2026/01/25 02:21:36 AM","Rahim Yar Khan"
"263190","Imran Anjum","DR-204","EMDS Call","Rescue Operations","Delivery Case","2026/01/25 02:51:21 AM","Liaqatpur"
"263191","Zahid Manzoor","DR-887","EMDS Call","Medical Emergency","Others","2026/01/25 03:08:43 AM","Rahim Yar Khan"
"263192","Shaheen Islam","DR-1171","EMDS Call","Medical Emergency","Abdominal Pain","2026/01/25 03:14:14 AM","Khanpur"
"263193","Farah Sadaqat","MR-5930","EMDS Call","Medical Emergency","Vomiting","2026/01/25 04:27:21 AM","Rahim Yar Khan"
"263194","Saira Bibi","MR-5494","EMDS Call","Medical Emergency","Others","2026/01/25 04:54:49 AM","Rahim Yar Khan"
"263195","Imran Anjum","DR-204","EMDS Call","Medical Emergency","Others","2026/01/25 04:57:04 AM","Rahim Yar Khan"
"263196","Farah Sadaqat","MR-5930","EMDS Call","Rescue Operations","Delivery Case","2026/01/25 04:57:57 AM","Rahim Yar Khan"
"75713","Farah Sadaqat","MR-5930","Direct Call","Patient Transfer Service","N/A","2026/01/25 05:05:33 AM","Khanpur"
"75714","Farah Sadaqat","MR-5930","Direct Call","Patient Transfer Service","N/A","2026/01/25 05:09:25 AM","Khanpur"
"263197","Muhammad Zubair","DR-894","EMDS Call","Rescue Operations","Scalds/Burn Due To Negligence","2026/01/25 06:37:47 AM","Khanpur"
"263198","Saira Bibi","MR-5494","EMDS Call","Medical Emergency","SOB/ Respiratory Distress","2026/01/25 06:43:57 AM","Khanpur"
"263199","Muhammad Zubair","DR-894","EMDS Call","Medical Emergency","Hypertension","2026/01/25 06:47:02 AM","Khanpur"
"263200","Saira Bibi","MR-5494","EMDS Call","Medical Emergency","Unconscious","2026/01/25 06:54:43 AM","Rahim Yar Khan"
"263201","Saira Bibi","MR-5494","EMDS Call","Road Crash","Bleeding","2026/01/25 07:24:42 AM","Rahim Yar Khan"
"263202","Saira Bibi","MR-5494","EMDS Call","Medical Emergency","Unconscious","2026/01/25 07:30:31 AM","Rahim Yar Khan"
"263203","Saira Bibi","MR-5494","EMDS Call","Medical Emergency","Hypertension","2026/01/25 07:45:49 AM","Rahim Yar Khan"
"263204","Muhammad Zubair","DR-894","EMDS Call","Medical Emergency","Unconscious","2026/01/25 07:56:23 AM","Khanpur"
"263205","Saira Bibi","MR-5494","EMDS Call","Medical Emergency","Others","2026/01/25 08:01:31 AM","Rahim Yar Khan"
"75715","Muhammad Fiaz","DR-206","Direct Call","Patient Transfer Service","N/A","2026/01/25 08:19:21 AM","Sadiqabad"
"263206","Zupasha Zia","MR-5758","EMDS Call","Medical Emergency","Diabetic","2026/01/25 08:31:54 AM","Sadiqabad"
"263207","Muhammad Fiaz","DR-206","EMDS Call","Medical Emergency","SOB/ Respiratory Distress","2026/01/25 08:33:07 AM","Rahim Yar Khan"
"263208","Saima Bashir","MR-5819","EMDS Call","Medical Emergency","Renal Disorders / Renal Colic ","2026/01/25 08:35:44 AM","Rahim Yar Khan"
"263209","Saima Bashir","MR-5819","EMDS Call","Medical Emergency","Vomiting","2026/01/25 08:45:13 AM","Rahim Yar Khan"
"263210","Muhammad Fiaz","DR-206","Direct Call","Rescue Operations","Mass Event Coverage","2026/01/25 08:48:56 AM","Sadiqabad"
"263211","Zupasha Zia","MR-5758","EMDS Call","Medical Emergency","SOB/ Respiratory Distress","2026/01/25 08:50:06 AM","Rahim Yar Khan"
"263212","Saima Bashir","MR-5819","EMDS Call","Medical Emergency","Abdominal Pain","2026/01/25 08:54:37 AM","Sadiqabad"
"263213","Muhammad Fiaz","DR-206","EMDS Call","Medical Emergency","Chronic Illness","2026/01/25 08:54:24 AM","Khanpur"
"263214","Muhammad Fiaz","DR-206","EMDS Call","Medical Emergency","Abdominal Pain","2026/01/25 08:57:54 AM","Rahim Yar Khan"
"263215","Zia ul Haq","DR-328","EMDS Call","Medical Emergency","High Fever","2026/01/25 09:15:50 AM","Rahim Yar Khan"
"263216","Muhammad ALi","DR-818","EMDS Call","Medical Emergency","Vomiting","2026/01/25 09:16:37 AM","Rahim Yar Khan"
"263217","Muhammad Fiaz","DR-206","EMDS Call","Fire","Others","2026/01/25 09:17:01 AM","Rahim Yar Khan"
"263218","Muhammad ALi","DR-818","EMDS Call","Medical Emergency","Abdominal Pain","2026/01/25 09:19:03 AM","Liaqatpur"
"263220","Zia ul Haq","DR-328","EMDS Call","Medical Emergency","Joints Pain","2026/01/25 09:21:14 AM","Rahim Yar Khan"
"263219","Muhammad Fiaz","DR-206","EMDS Call","Road Crash","Bleeding","2026/01/25 09:20:27 AM","Rahim Yar Khan"
"263221","Zia ul Haq","DR-328","EMDS Call","Road Crash","Minor Injuries","2026/01/25 09:39:31 AM","Rahim Yar Khan"
"263222","Muhammad Fiaz","DR-206","EMDS Call","Medical Emergency","Unconscious","2026/01/25 09:44:40 AM","Rahim Yar Khan"
"263223","Muhammad Fiaz","DR-206","EMDS Call","Medical Emergency","Chronic Illness","2026/01/25 09:50:38 AM","Khanpur"
"263224","Muhammad ALi","DR-818","EMDS Call","Medical Emergency","Others","2026/01/25 09:55:21 AM","Rahim Yar Khan"
"263225","Saima Bashir","MR-5819","Direct Call","Medical Emergency","Abdominal Pain","2026/01/25 10:05:01 AM","Sadiqabad"
"263226","Aasia Batool","MR-5198","EMDS Call","Medical Emergency","Domestic Injuries","2026/01/25 10:06:07 AM","Rahim Yar Khan"
"263227","Muhammad ALi","DR-818","EMDS Call","Medical Emergency","Domestic Injuries","2026/01/25 10:22:51 AM","Rahim Yar Khan"
"263228","Muhammad Fiaz","DR-206","EMDS Call","Medical Emergency","Hypertension","2026/01/25 10:38:27 AM","Khanpur"
"263229","Muhammad ALi","DR-818","EMDS Call","Medical Emergency","Unconscious","2026/01/25 10:46:32 AM","Rahim Yar Khan"
"263230","Aasia Batool","MR-5198","EMDS Call","Medical Emergency","SOB/ Respiratory Distress","2026/01/25 10:51:49 AM","Khanpur"
"263231","Muhammad ALi","DR-818","EMDS Call","Medical Emergency","Others","2026/01/25 10:59:20 AM","Rahim Yar Khan"
"263232","Muhammad Fiaz","DR-206","EMDS Call","Road Crash","Bleeding","2026/01/25 11:04:32 AM","Rahim Yar Khan"
"263233","Muhammad ALi","DR-818","EMDS Call","Road Crash","Bleeding","2026/01/25 11:07:57 AM","Sadiqabad"
"263234","Zupasha Zia","MR-5758","EMDS Call","Medical Emergency","Chronic Illness","2026/01/25 11:16:24 AM","Rahim Yar Khan"
"263235","Aasia Batool","MR-5198","EMDS Call","Medical Emergency","Others","2026/01/25 11:17:33 AM","Rahim Yar Khan"
"263237","Muhammad Fiaz","DR-206","EMDS Call","Medical Emergency","Epilepsy","2026/01/25 11:23:24 AM","Khanpur"
"263236","Muhammad ALi","DR-818","EMDS Call","Medical Emergency","Hypertension","2026/01/25 11:24:48 AM","Liaqatpur"
"263238","Muhammad Fiaz","DR-206","EMDS Call","Medical Emergency","Vomiting","2026/01/25 11:31:01 AM","Rahim Yar Khan"
"263239","Zupasha Zia","MR-5758","EMDS Call","Medical Emergency","SOB/ Respiratory Distress","2026/01/25 11:36:20 AM","Sadiqabad"
"263240","Muhammad Fiaz","DR-206","EMDS Call","Road Crash","Bleeding","2026/01/25 11:40:32 AM","Khanpur"
"263241","Aasia Batool","MR-5198","EMDS Call","Fire","Short Circuit","2026/01/25 11:42:49 AM","Rahim Yar Khan"
"263242","Muhammad ALi","DR-818","EMDS Call","Medical Emergency","Hypertension","2026/01/25 11:42:34 AM","Rahim Yar Khan"
"263243","Muhammad ALi","DR-818","EMDS Call","Medical Emergency","CVA/Stroke","2026/01/25 11:45:34 AM","Khanpur"
"75716","Zupasha Zia","MR-5758","Direct Call","Patient Transfer Service","N/A","2026/01/25 11:47:52 AM","Khanpur"
"263244","Aasia Batool","MR-5198","EMDS Call","Rescue Operations","Delivery Case","2026/01/25 11:46:25 AM","Khanpur"
"263245","Muhammad ALi","DR-818","EMDS Call","Fire","Others","2026/01/25 11:50:11 AM","Liaqatpur"
"263246","Muhammad Fiaz","DR-206","EMDS Call","Medical Emergency","Chronic Illness","2026/01/25 12:03:22 PM","Rahim Yar Khan"
"263247","Zupasha Zia","MR-5758","EMDS Call","Road Crash","Bleeding","2026/01/25 12:38:23 PM","Rahim Yar Khan"
"263248","Zupasha Zia","MR-5758","EMDS Call","Road Crash","Severe Trauma","2026/01/25 12:42:42 PM","Khanpur"
"263248","Zupasha Zia","MR-5758","EMDS Call","Road Crash","Severe Trauma","2026/01/25 12:42:42 PM","Khanpur"
"263249","Muhammad Fiaz","DR-206","EMDS Call","Road Crash","Bleeding","2026/01/25 12:49:06 PM","Sadiqabad"
"263249","Muhammad Fiaz","DR-206","EMDS Call","Road Crash","Bleeding","2026/01/25 12:49:06 PM","Sadiqabad"
"263250","Muhammad Fiaz","DR-206","EMDS Call","Medical Emergency","SOB/ Respiratory Distress","2026/01/25 01:00:41 PM","Rahim Yar Khan"
"263251","Muhammad ALi","DR-818","EMDS Call","Medical Emergency","Others","2026/01/25 01:04:33 PM","Rahim Yar Khan"
"263252","Muhammad Fiaz","DR-206","EMDS Call","Road Crash","Minor Injuries","2026/01/25 01:08:22 PM","Rahim Yar Khan"
"75717","Zupasha Zia","MR-5758","Direct Call","Patient Transfer Service","N/A","2026/01/25 01:10:13 PM","Sadiqabad"
"263253","Zupasha Zia","MR-5758","EMDS Call","Medical Emergency","Vomiting","2026/01/25 01:14:25 PM","Rahim Yar Khan"
"263254","Muhammad ALi","DR-818","EMDS Call","Medical Emergency","CVA/Stroke","2026/01/25 01:08:31 PM","Khanpur"
"263255","Muhammad Fiaz","DR-206","EMDS Call","Medical Emergency","Vomiting","2026/01/25 01:18:58 PM","Liaqatpur"
"263257","Zupasha Zia","MR-5758","EMDS Call","Medical Emergency","Others","2026/01/25 01:25:29 PM","Sadiqabad"
"263256","Muhammad Fiaz","DR-206","EMDS Call","Medical Emergency","Diabetic","2026/01/25 01:26:48 PM","Khanpur"
"263258","Muhammad ALi","DR-818","EMDS Call","Medical Emergency","Vomiting","2026/01/25 01:28:16 PM","Rahim Yar Khan"
"263259","Muhammad Fiaz","DR-206","EMDS Call","Road Crash","Bleeding","2026/01/25 01:29:39 PM","Sadiqabad"
"263260","Muhammad ALi","DR-818","EMDS Call","Medical Emergency","Diabetic","2026/01/25 01:33:26 PM","Liaqatpur"
"263261","Muhammad Fiaz","DR-206","EMDS Call","Medical Emergency","Others","2026/01/25 01:37:20 PM","Sadiqabad"
"263262","Muhammad ALi","DR-818","EMDS Call","Medical Emergency","Diabetic","2026/01/25 01:41:08 PM","Sadiqabad"
"263263","Rana M. Usman","DR-200","EMDS Call","Medical Emergency","Domestic Injuries","2026/01/25 01:42:05 PM","Rahim Yar Khan"
"263264","Zupasha Zia","MR-5758","EMDS Call","Medical Emergency","Others","2026/01/25 01:50:53 PM","Rahim Yar Khan"
"263265","Muhammad ALi","DR-818","EMDS Call","Medical Emergency","SOB/ Respiratory Distress","2026/01/25 01:52:10 PM","Rahim Yar Khan"
"263266","Zupasha Zia","MR-5758","EMDS Call","Rescue Operations","Delivery Case","2026/01/25 01:54:11 PM","Rahim Yar Khan"
"263267","Muhammad ALi","DR-818","EMDS Call","Medical Emergency","Others","2026/01/25 01:56:09 PM","Rahim Yar Khan"
"263268","Muhammad ALi","DR-818","EMDS Call","Medical Emergency","Others","2026/01/25 02:08:56 PM","Sadiqabad"
"263269","Zupasha Zia","MR-5758","EMDS Call","Medical Emergency","Hypertension","2026/01/25 02:09:07 PM","Rahim Yar Khan"
"263270","Rana M. Usman","DR-200","EMDS Call","Medical Emergency","SOB/ Respiratory Distress","2026/01/25 02:12:56 PM","Khanpur"
"263271","Zupasha Zia","MR-5758","EMDS Call","Medical Emergency","Domestic Injuries","2026/01/25 02:17:17 PM","Sadiqabad"
"263272","Rana M. Usman","DR-200","EMDS Call","Medical Emergency","Chronic Illness","2026/01/25 02:24:59 PM","Khanpur"
"263273","Rana M. Usman","DR-200","EMDS Call","Medical Emergency","Others","2026/01/25 02:28:09 PM","Rahim Yar Khan"
"263274","Bushra Saleem","MR-5701","EMDS Call","Medical Emergency","High Fever","2026/01/25 02:29:29 PM","Liaqatpur"
"263275","Sheeza Barkat","MR-5331","EMDS Call","Road Crash","Severe Trauma","2026/01/25 02:30:53 PM","Sadiqabad"
"263275","Sheeza Barkat","MR-5331","EMDS Call","Road Crash","Severe Trauma","2026/01/25 02:30:53 PM","Sadiqabad"
"263276","Rana M. Usman","DR-200","EMDS Call","Road Crash","Severe Trauma","2026/01/25 02:34:20 PM","Rahim Yar Khan"
"263277","Bushra Saleem","MR-5701","EMDS Call","Medical Emergency","Others","2026/01/25 02:35:31 PM","Rahim Yar Khan"
"263278","Sheeza Barkat","MR-5331","EMDS Call","Medical Emergency","High Fever","2026/01/25 02:37:58 PM","Rahim Yar Khan"
"263279","Rana M. Usman","DR-200","EMDS Call","Medical Emergency","SOB/ Respiratory Distress","2026/01/25 02:38:50 PM","Rahim Yar Khan"
"263280","Bushra Saleem","MR-5701","EMDS Call","Rescue Operations","Electric Shock","2026/01/25 02:51:47 PM","Rahim Yar Khan"
"263281","Rana M. Usman","DR-200","EMDS Call","Medical Emergency","Chronic Illness","2026/01/25 03:08:49 PM","Khanpur"
"263282","Sheeza Barkat","MR-5331","EMDS Call","Road Crash","Bleeding","2026/01/25 03:11:13 PM","Khanpur"
"263284","Rana M. Usman","DR-200","EMDS Call","Medical Emergency","Chronic Illness","2026/01/25 03:13:06 PM","Rahim Yar Khan"
"263283","Bushra Saleem","MR-5701","EMDS Call","Medical Emergency","Hypotension","2026/01/25 03:12:28 PM","Rahim Yar Khan"
"75718","Bushra Saleem","MR-5701","Direct Call","Patient Transfer Service","N/A","2026/01/25 03:19:19 PM","Khanpur"
"263285","Rana M. Usman","DR-200","EMDS Call","Rescue Operations","Delivery Case","2026/01/25 03:24:34 PM","Liaqatpur"
"263286","Sheeza Barkat","MR-5331","EMDS Call","Road Crash","Severe Trauma","2026/01/25 03:28:17 PM","Khanpur"
"263287","Bushra Saleem","MR-5701","EMDS Call","Medical Emergency","Chronic Illness","2026/01/25 03:27:44 PM","Sadiqabad"
"75719","Sheeza Barkat","MR-5331","Direct Call","Patient Transfer Service","N/A","2026/01/25 03:31:33 PM","Sadiqabad"
"263288","Rana M. Usman","DR-200","EMDS Call","Road Crash","Multiple Fractures","2026/01/25 03:35:37 PM","Sadiqabad"
"263288","Rana M. Usman","DR-200","EMDS Call","Road Crash","Multiple Fractures","2026/01/25 03:35:37 PM","Sadiqabad"
"263290","Sheeza Barkat","MR-5331","EMDS Call","Medical Emergency","Vomiting","2026/01/25 03:40:59 PM","Khanpur"
"263289","Rana M. Usman","DR-200","EMDS Call","Medical Emergency","Hypotension","2026/01/25 03:41:09 PM","Sadiqabad"
"75720","Sheeza Barkat","MR-5331","Direct Call","Patient Transfer Service","N/A","2026/01/25 03:50:23 PM","Sadiqabad"
"75721","Bushra Saleem","MR-5701","Direct Call","Patient Transfer Service","N/A","2026/01/25 03:50:51 PM","Liaqatpur"
"263291","Sheeza Barkat","MR-5331","EMDS Call","Medical Emergency","Chest Pain","2026/01/25 03:51:10 PM","Rahim Yar Khan"
"263292","Bushra Saleem","MR-5701","EMDS Call","Medical Emergency","Chest Pain","2026/01/25 04:02:37 PM","Sadiqabad"
"263293","Sheeza Barkat","MR-5331","EMDS Call","Medical Emergency","SOB/ Respiratory Distress","2026/01/25 04:07:03 PM","Rahim Yar Khan"
"263294","Rana M. Usman","DR-200","EMDS Call","Road Crash","Minor Injuries","2026/01/25 04:13:37 PM","Sadiqabad"
"263295","Bushra Saleem","MR-5701","EMDS Call","Medical Emergency","SOB/ Respiratory Distress","2026/01/25 04:24:38 PM","Rahim Yar Khan"
"263296","Sheeza Barkat","MR-5331","EMDS Call","Road Crash","Bleeding","2026/01/25 04:25:16 PM","Rahim Yar Khan"
"263297","Sheeza Barkat","MR-5331","EMDS Call","Road Crash","Severe Trauma","2026/01/25 04:30:26 PM","Sadiqabad"
"263298","Rana M. Usman","DR-200","EMDS Call","Fire","Others","2026/01/25 04:31:06 PM","Liaqatpur"
"263299","Bushra Saleem","MR-5701","EMDS Call","Medical Emergency","Abdominal Pain","2026/01/25 04:34:49 PM","Rahim Yar Khan"
"263300","Bushra Saleem","MR-5701","EMDS Call","Road Crash","Bleeding","2026/01/25 04:37:26 PM","Rahim Yar Khan"
"263301","Rana M. Usman","DR-200","EMDS Call","Road Crash","Bleeding","2026/01/25 04:38:25 PM","Rahim Yar Khan"
"263302","Sheeza Barkat","MR-5331","EMDS Call","Medical Emergency","High Fever","2026/01/25 04:40:58 PM","Rahim Yar Khan"
"263303","Rana M. Usman","DR-200","EMDS Call","Medical Emergency","Vomiting","2026/01/25 04:42:56 PM","Rahim Yar Khan"
"263305","Sheeza Barkat","MR-5331","EMDS Call","Medical Emergency","Vomiting","2026/01/25 04:43:35 PM","Rahim Yar Khan"
"263304","Bushra Saleem","MR-5701","EMDS Call","Medical Emergency","Abdominal Pain","2026/01/25 04:45:20 PM","Rahim Yar Khan"
"263306","Sheeza Barkat","MR-5331","EMDS Call","Medical Emergency","Others","2026/01/25 04:47:49 PM","Rahim Yar Khan"
"263307","Adil Iqbal","DR-782","EMDS Call","Medical Emergency","Others","2026/01/25 05:06:04 PM","Rahim Yar Khan"
"263308","Adil Iqbal","DR-782","EMDS Call","Rescue Operations","Delivery Case","2026/01/25 05:10:57 PM","Khanpur"
"263309","Sheeza Barkat","MR-5331","EMDS Call","Rescue Operations","Delivery Case","2026/01/25 05:14:10 PM","Rahim Yar Khan"
"263310","Rana M. Usman","DR-200","EMDS Call","Medical Emergency","Domestic Injuries","2026/01/25 05:14:43 PM","Rahim Yar Khan"
"263311","Bushra Saleem","MR-5701","EMDS Call","Medical Emergency","Others","2026/01/25 05:16:54 PM","Sadiqabad"
"263312","Adil Iqbal","DR-782","EMDS Call","Road Crash","Minor Injuries","2026/01/25 05:20:10 PM","Rahim Yar Khan"
"263313","Sheeza Barkat","MR-5331","EMDS Call","Road Crash","Severe Trauma","2026/01/25 05:30:12 PM","Khanpur"
"75722","Bushra Saleem","MR-5701","Direct Call","Patient Transfer Service","N/A","2026/01/25 05:47:45 PM","Sadiqabad"
"75723","Bushra Saleem","MR-5701","Direct Call","Patient Transfer Service","N/A","2026/01/25 06:03:54 PM","Khanpur"
"75724","Bushra Saleem","MR-5701","Direct Call","Patient Transfer Service","N/A","2026/01/25 06:09:21 PM","Khanpur"
"263314","Sheeza Barkat","MR-5331","EMDS Call","Medical Emergency","High Fever","2026/01/25 06:08:53 PM","Khanpur"
"263316","Sheeza Barkat","MR-5331","EMDS Call","Medical Emergency","Hypertension","2026/01/25 06:23:40 PM","Sadiqabad"
"263315","Bushra Saleem","MR-5701","EMDS Call","Rescue Operations","Others","2026/01/25 06:23:53 PM","Rahim Yar Khan"
"263317","Sheeza Barkat","MR-5331","EMDS Call","Medical Emergency","SOB/ Respiratory Distress","2026/01/25 06:31:10 PM","Liaqatpur"
"263318","Muhammad Riaz","DR-654","EMDS Call","Road Crash","Minor Injuries","2026/01/25 06:35:41 PM","Rahim Yar Khan"
"263319","Sheeza Barkat","MR-5331","EMDS Call","Medical Emergency","Vomiting","2026/01/25 06:37:57 PM","Rahim Yar Khan"
"263320","Muhammad Riaz","DR-654","EMDS Call","Rescue Operations","Delivery Case","2026/01/25 06:39:16 PM","Rahim Yar Khan"
"263321","Muhammad Riaz","DR-654","EMDS Call","Medical Emergency","Others","2026/01/25 06:47:37 PM","Liaqatpur"
"263322","Bushra Saleem","MR-5701","EMDS Call","Rescue Operations","Delivery Case","2026/01/25 06:51:20 PM","Rahim Yar Khan"
"263323","Muhammad Riaz","DR-654","EMDS Call","Road Crash","Minor Injuries","2026/01/25 06:53:13 PM","Rahim Yar Khan"
"263325","Bushra Saleem","MR-5701","EMDS Call","Road Crash","Bleeding","2026/01/25 06:54:35 PM","Rahim Yar Khan"
"263325","Bushra Saleem","MR-5701","EMDS Call","Road Crash","Bleeding","2026/01/25 06:54:35 PM","Rahim Yar Khan"
"263324","Rana M. Usman","DR-200","EMDS Call","Road Crash","Bleeding","2026/01/25 06:54:49 PM","Khanpur"
"75725","Sheeza Barkat","MR-5331","Direct Call","Patient Transfer Service","N/A","2026/01/25 07:01:28 PM","Sadiqabad"
"263326","Muhammad Riaz","DR-654","EMDS Call","Road Crash","Minor Injuries","2026/01/25 07:02:21 PM","Sadiqabad"
"75726","Sheeza Barkat","MR-5331","Direct Call","Patient Transfer Service","N/A","2026/01/25 07:15:56 PM","Sadiqabad"
"263327","Bushra Saleem","MR-5701","EMDS Call","Road Crash","Severe Trauma","2026/01/25 07:13:59 PM","Khanpur"
"263327","Bushra Saleem","MR-5701","EMDS Call","Road Crash","Severe Trauma","2026/01/25 07:13:59 PM","Khanpur"
"263329","Rana M. Usman","DR-200","EMDS Call","Road Crash","Bleeding","2026/01/25 07:17:32 PM","Rahim Yar Khan"
"263328","Rana M. Usman","DR-200","EMDS Call","Medical Emergency","Others","2026/01/25 07:20:59 PM","Rahim Yar Khan"
"263330","Muhammad Riaz","DR-654","EMDS Call","Medical Emergency","Hypertension","2026/01/25 07:30:39 PM","Rahim Yar Khan"
"263331","Sheeza Barkat","MR-5331","EMDS Call","Road Crash","Bleeding","2026/01/25 07:30:55 PM","Khanpur"
"263332","Muhammad Riaz","DR-654","EMDS Call","Road Crash","Multiple Fractures","2026/01/25 07:38:05 PM","Rahim Yar Khan"
"263333","Rana M. Usman","DR-200","EMDS Call","Road Crash","Minor Injuries","2026/01/25 07:53:24 PM","Liaqatpur"
"263334","Sheeza Barkat","MR-5331","EMDS Call","Medical Emergency","Abdominal Pain","2026/01/25 07:54:00 PM","Khanpur"
"263335","Bushra Saleem","MR-5701","EMDS Call","Medical Emergency","Diabetic","2026/01/25 08:06:14 PM","Liaqatpur"
"263336","Bushra Saleem","MR-5701","Direct Call","Medical Emergency","Others","2026/01/25 08:13:54 PM","Sadiqabad"
"263337","Sheeza Barkat","MR-5331","EMDS Call","Medical Emergency","Others","2026/01/25 08:13:46 PM","Rahim Yar Khan"
"263338","Muhammad Riaz","DR-654","EMDS Call","Rescue Operations","Delivery Case","2026/01/25 08:21:02 PM","Sadiqabad"
"263339","Sheeza Barkat","MR-5331","EMDS Call","Medical Emergency","Diabetic","2026/01/25 08:22:31 PM","Khanpur"
"263341","Bushra Saleem","MR-5701","EMDS Call","Medical Emergency","Others","2026/01/25 08:33:30 PM","Liaqatpur"
"263340","Muhammad Riaz","DR-654","EMDS Call","Medical Emergency","Vomiting","2026/01/25 08:40:32 PM","Rahim Yar Khan"
"263342","Bushra Saleem","MR-5701","EMDS Call","Rescue Operations","Delivery Case","2026/01/25 08:45:20 PM","Rahim Yar Khan"
"263343","Bushra Saleem","MR-5701","EMDS Call","Road Crash","Bleeding","2026/01/25 08:50:06 PM","Khanpur"
"263343","Bushra Saleem","MR-5701","EMDS Call","Road Crash","Bleeding","2026/01/25 08:50:06 PM","Khanpur"
"263344","Farah Sadaqat","MR-5930","EMDS Call","Medical Emergency","Chronic Illness","2026/01/25 08:59:11 PM","Rahim Yar Khan"
"263345","Maheen Tahir","MR-6017","EMDS Call","Medical Emergency","High Fever","2026/01/25 09:14:39 PM","Rahim Yar Khan"
"263346","Farah Sadaqat","MR-5930","EMDS Call","Medical Emergency","Chronic Illness","2026/01/25 09:14:24 PM","Khanpur"
"263347","Saira Bibi","MR-5494","Direct Call","Rescue Operations","Others","2026/01/25 09:17:01 PM","Liaqatpur"
"263348","Farah Sadaqat","MR-5930","EMDS Call","Medical Emergency","Chronic Illness","2026/01/25 09:18:26 PM","Rahim Yar Khan"
"263349","Farah Sadaqat","MR-5930","EMDS Call","Medical Emergency","Others","2026/01/25 09:24:41 PM","Sadiqabad"
"263350","Maheen Tahir","MR-6017","EMDS Call","Rescue Operations","Delivery Case","2026/01/25 09:25:53 PM","Liaqatpur"
"263352","Saira Bibi","MR-5494","EMDS Call","Medical Emergency","Others","2026/01/25 09:27:22 PM","Rahim Yar Khan"
"263351","Farah Sadaqat","MR-5930","EMDS Call","Road Crash","Bleeding","2026/01/25 09:27:33 PM","Rahim Yar Khan"
"263353","Saira Bibi","MR-5494","EMDS Call","Medical Emergency","Chest Pain","2026/01/25 09:30:28 PM","Khanpur"
"263354","Saira Bibi","MR-5494","EMDS Call","Road Crash","Minor Injuries","2026/01/25 09:37:32 PM","Rahim Yar Khan"
"263357","Sajid Mehmood","DR-914","EMDS Call","Medical Emergency","Chest Pain","2026/01/25 09:37:48 PM","Liaqatpur"
"Not Assigned","Sajid Mehmood","DR-914","EMDS Call","Road Crash","Severe Trauma","2026/01/25 09:42:53 PM","Rahim Yar Khan"
"263356","Saira Bibi","MR-5494","EMDS Call","Medical Emergency","Abdominal Pain","2026/01/25 09:41:03 PM","Rahim Yar Khan"
"263358","Sajid Mehmood","DR-914","EMDS Call","Medical Emergency","Others","2026/01/25 09:55:32 PM","Rahim Yar Khan"
"263359","Saira Bibi","MR-5494","EMDS Call","Road Crash","Minor Injuries","2026/01/25 09:54:18 PM","Rahim Yar Khan"
"263360","Maheen Tahir","MR-6017","EMDS Call","Medical Emergency","SOB/ Respiratory Distress","2026/01/25 09:58:50 PM","Sadiqabad"
"263361","Sajid Mehmood","DR-914","EMDS Call","Rescue Operations","Delivery Case","2026/01/25 10:00:26 PM","Khanpur"
"263362","Sajid Mehmood","DR-914","Direct Call","Road Crash","Bleeding","2026/01/25 10:08:18 PM","Rahim Yar Khan"
"75727","Saira Bibi","MR-5494","Direct Call","Patient Transfer Service","N/A","2026/01/25 10:09:25 PM","Sadiqabad"
"263363","Sajid Mehmood","DR-914","EMDS Call","Medical Emergency","SOB/ Respiratory Distress","2026/01/25 10:16:02 PM","Rahim Yar Khan"
"75728","Saira Bibi","MR-5494","Direct Call","Patient Transfer Service","N/A","2026/01/25 10:22:39 PM","Sadiqabad"
"263364","Maheen Tahir","MR-6017","EMDS Call","Medical Emergency","Others","2026/01/25 10:21:56 PM","Sadiqabad"
"75729","Saira Bibi","MR-5494","Direct Call","Patient Transfer Service","N/A","2026/01/25 10:24:20 PM","Sadiqabad"
"263365","Sajid Mehmood","DR-914","EMDS Call","Medical Emergency","Others","2026/01/25 10:28:06 PM","Rahim Yar Khan"
"263366","Maheen Tahir","MR-6017","EMDS Call","Medical Emergency","Unconscious","2026/01/25 10:29:23 PM","Khanpur"
"263367","Sajid Mehmood","DR-914","EMDS Call","Medical Emergency","Chest Pain","2026/01/25 10:33:17 PM","Sadiqabad"
"263368","Maheen Tahir","MR-6017","EMDS Call","Medical Emergency","Others","2026/01/25 10:35:34 PM","Rahim Yar Khan"
"263369","Sajid Mehmood","DR-914","EMDS Call","Medical Emergency","Chronic Illness","2026/01/25 10:52:21 PM","Rahim Yar Khan"
"263370","Maheen Tahir","MR-6017","EMDS Call","Medical Emergency","Abdominal Pain","2026/01/25 10:55:09 PM","Sadiqabad"
"263371","Sajid Mehmood","DR-914","EMDS Call","Rescue Operations","Delivery Case","2026/01/25 11:02:08 PM","Rahim Yar Khan"
"263372","Muhammad Tariq Hameed","DR-885","EMDS Call","Medical Emergency","Hypertension","2026/01/25 11:07:51 PM","Rahim Yar Khan"
"75730","Maheen Tahir","MR-6017","Direct Call","Patient Transfer Service","N/A","2026/01/25 11:15:59 PM","Liaqatpur"
"75731","Maheen Tahir","MR-6017","Direct Call","Patient Transfer Service","N/A","2026/01/25 11:26:28 PM","Liaqatpur"
"263373","Maheen Tahir","MR-6017","EMDS Call","Medical Emergency","Chest Pain","2026/01/25 11:29:27 PM","Rahim Yar Khan"
"263374","Muhammad Tariq Hameed","DR-885","EMDS Call","Medical Emergency","Abdominal Pain","2026/01/25 11:31:21 PM","Rahim Yar Khan"
"263375","Sajid Mehmood","DR-914","EMDS Call","Medical Emergency","Hypotension","2026/01/25 11:44:44 PM","Khanpur"
"263376","Maheen Tahir","MR-6017","EMDS Call","Medical Emergency","SOB/ Respiratory Distress","2026/01/25 11:42:46 PM","Khanpur"
"75732","Sajid Mehmood","DR-914","Direct Call","Patient Transfer Service","N/A","2026/01/25 11:50:32 PM","Khanpur"
"263377","Muhammad Tariq Hameed","DR-885","EMDS Call","Medical Emergency","Abdominal Pain","2026/01/25 11:55:26 PM","Rahim Yar Khan"
"263378","Sajid Mehmood","DR-914","EMDS Call","Medical Emergency","SOB/ Respiratory Distress","2026/01/25 11:58:12 PM","Rahim Yar Khan"
"263379","Muhammad Tariq Hameed","DR-885","EMDS Call","Medical Emergency","Renal Disorders / Renal Colic ","2026/01/26 12:01:12 AM","Sadiqabad"
"75733","Maheen Tahir","MR-6017","Direct Call","Patient Transfer Service","N/A","2026/01/26 12:09:03 AM","Sadiqabad"
"75734","Maheen Tahir","MR-6017","Direct Call","Patient Transfer Service","N/A","2026/01/26 12:13:51 AM","Sadiqabad"
"263380","Sajid Mehmood","DR-914","EMDS Call","Medical Emergency","Others","2026/01/26 12:13:17 AM","Khanpur"
"263381","Muhammad Tariq Hameed","DR-885","EMDS Call","Medical Emergency","Hypertension","2026/01/26 12:17:22 AM","Sadiqabad"
"263382","Muhammad Tariq Hameed","DR-885","EMDS Call","Medical Emergency","Chest Pain","2026/01/26 12:22:16 AM","Khanpur"
"75735","Maheen Tahir","MR-6017","Direct Call","Patient Transfer Service","N/A","2026/01/26 12:28:44 AM","Sadiqabad"
"263383","Muhammad Tariq Hameed","DR-885","EMDS Call","Medical Emergency","Vomiting","2026/01/26 12:36:04 AM","Rahim Yar Khan"
"263384","Muhammad Tariq Hameed","DR-885","EMDS Call","Medical Emergency","Others","2026/01/26 12:46:54 AM","Rahim Yar Khan"
"75736","Maheen Tahir","MR-6017","Direct Call","Patient Transfer Service","N/A","2026/01/26 12:53:58 AM","Khanpur"
"263385","Maheen Tahir","MR-6017","EMDS Call","Medical Emergency","SOB/ Respiratory Distress","2026/01/26 12:55:51 AM","Rahim Yar Khan"
"263386","Sajid Mehmood","DR-914","EMDS Call","Medical Emergency","Vomiting","2026/01/26 12:56:13 AM","Sadiqabad"
"263387","Muhammad Tariq Hameed","DR-885","EMDS Call","Medical Emergency","Others","2026/01/26 01:11:55 AM","Rahim Yar Khan"
"263388","Sajid Mehmood","DR-914","EMDS Call","Rescue Operations","Delivery Case","2026/01/26 01:35:14 AM","Rahim Yar Khan"
"263389","Muhammad Tariq Hameed","DR-885","EMDS Call","Medical Emergency","Chest Pain","2026/01/26 01:36:42 AM","Rahim Yar Khan"
"263390","Maheen Tahir","MR-6017","EMDS Call","Medical Emergency","SOB/ Respiratory Distress","2026/01/26 01:45:19 AM","Rahim Yar Khan"
"263391","Sajid Mehmood","DR-914","EMDS Call","Medical Emergency","High Fever","2026/01/26 01:47:35 AM","Sadiqabad"
"263392","Maheen Tahir","MR-6017","EMDS Call","Medical Emergency","Chest Pain","2026/01/26 01:50:45 AM","Khanpur"
"263393","Sajid Mehmood","DR-914","EMDS Call","Medical Emergency","Diabetic","2026/01/26 02:19:07 AM","Sadiqabad"
"263395","Maheen Tahir","MR-6017","EMDS Call","Medical Emergency","SOB/ Respiratory Distress","2026/01/26 02:39:05 AM","Sadiqabad"
"263394","Muhammad Tariq Hameed","DR-885","EMDS Call","Medical Emergency","Renal Disorders / Renal Colic ","2026/01/26 02:37:22 AM","Liaqatpur"
"263396","Sajid Mehmood","DR-914","EMDS Call","Medical Emergency","Others","2026/01/26 03:09:20 AM","Rahim Yar Khan"
"263397","Muhammad Tariq Hameed","DR-885","EMDS Call","Medical Emergency","Vomiting","2026/01/26 03:13:14 AM","Rahim Yar Khan"
"75737","Farah Sadaqat","MR-5930","Direct Call","Patient Transfer Service","N/A","2026/01/26 03:34:06 AM","Sadiqabad"
"263398","Sajid Mehmood","DR-914","EMDS Call","Rescue Operations","Delivery Case","2026/01/26 03:43:24 AM","Rahim Yar Khan"
"263399","Farah Sadaqat","MR-5930","EMDS Call","Medical Emergency","Diabetic","2026/01/26 04:01:25 AM","Rahim Yar Khan"
"263400","Sajid Mehmood","DR-914","EMDS Call","Medical Emergency","Renal Disorders / Renal Colic ","2026/01/26 04:02:47 AM","Liaqatpur"
"263401","Muhammad Riaz","DR-654","EMDS Call","Rescue Operations","Delivery Case","2026/01/26 04:05:56 AM","Rahim Yar Khan"
"263402","Farah Sadaqat","MR-5930","EMDS Call","Medical Emergency","Others","2026/01/26 04:13:37 AM","Khanpur"
"263403","Farah Sadaqat","MR-5930","EMDS Call","Medical Emergency","Vomiting","2026/01/26 05:01:39 AM","Sadiqabad"
"263406","Saira Bibi","MR-5494","EMDS Call","Medical Emergency","Vomiting","2026/01/26 05:17:45 AM","Khanpur"
"263404","Muhammad Riaz","DR-654","EMDS Call","Medical Emergency","Diarrhea","2026/01/26 05:19:16 AM","Rahim Yar Khan"
"263405","Farah Sadaqat","MR-5930","EMDS Call","Medical Emergency","Hypertension","2026/01/26 05:21:32 AM","Liaqatpur"
"263407","Farah Sadaqat","MR-5930","EMDS Call","Medical Emergency","Vomiting","2026/01/26 05:44:13 AM","Rahim Yar Khan"
"263408","Saira Bibi","MR-5494","EMDS Call","Rescue Operations","Delivery Case","2026/01/26 05:48:52 AM","Rahim Yar Khan"
"263409","Farah Sadaqat","MR-5930","EMDS Call","Medical Emergency","Diabetic","2026/01/26 06:09:07 AM","Liaqatpur"
"263410","Muhammad Riaz","DR-654","EMDS Call","Medical Emergency","Diabetic","2026/01/26 06:17:37 AM","Khanpur"
"263411","Saira Bibi","MR-5494","EMDS Call","Medical Emergency","Chest Pain","2026/01/26 06:38:56 AM","Rahim Yar Khan"
"263412","Saira Bibi","MR-5494","EMDS Call","Medical Emergency","SOB/ Respiratory Distress","2026/01/26 07:04:10 AM","Sadiqabad"
"263413","Farah Sadaqat","MR-5930","EMDS Call","Rescue Operations","Delivery Case","2026/01/26 07:18:40 AM","Liaqatpur"
"263414","Muhammad Riaz","DR-654","EMDS Call","Fire","Others","2026/01/26 07:30:58 AM","Rahim Yar Khan"
"263415","Saira Bibi","MR-5494","EMDS Call","Medical Emergency","Hypertension","2026/01/26 07:34:16 AM","Sadiqabad"
"263416","Muhammad Riaz","DR-654","EMDS Call","Medical Emergency","Diabetic","2026/01/26 07:45:32 AM","Khanpur"
"263417","Muhammad Riaz","DR-654","EMDS Call","Medical Emergency","SOB/ Respiratory Distress","2026/01/26 07:53:52 AM","Rahim Yar Khan"
"263418","Nida Rahat","DR-1322","Direct Call","Rescue Operations","Mass Event Coverage","2026/01/26 07:56:37 AM","Rahim Yar Khan"
"263419","Saima Bashir","MR-5819","EMDS Call","Medical Emergency","Abdominal Pain","2026/01/26 08:13:53 AM","Rahim Yar Khan"
"263420","Zia ul Haq","DR-328","EMDS Call","Medical Emergency","Others","2026/01/26 08:14:01 AM","Rahim Yar Khan"
"263421","Zia ul Haq","DR-328","EMDS Call","Medical Emergency","Vomiting","2026/01/26 08:33:13 AM","Sadiqabad"
"263422","Zia ul Haq","DR-328","Direct Call","Rescue Operations","Mass Event Coverage","2026/01/26 08:37:38 AM","Sadiqabad"
"263423","Fahad Hussain","DR-538","EMDS Call","Medical Emergency","Others","2026/01/26 08:43:26 AM","Rahim Yar Khan"
"263424","Zia ul Haq","DR-328","Direct Call","Rescue Operations","Mass Event Coverage","2026/01/26 08:47:30 AM","Rahim Yar Khan"
"263425","Saima Bashir","MR-5819","EMDS Call","Medical Emergency","Chronic Illness","2026/01/26 08:51:28 AM","Rahim Yar Khan"
"75738","Zia ul Haq","DR-328","Direct Call","Patient Transfer Service","N/A","2026/01/26 08:52:19 AM","Liaqatpur"
"263426","Zia ul Haq","DR-328","EMDS Call","Medical Emergency","Vomiting","2026/01/26 08:52:21 AM","Rahim Yar Khan"
"263427","Adnan Shabbir","DR-205","EMDS Call","Road Crash","Bleeding","2026/01/26 08:56:35 AM","Liaqatpur"
"263428","Adnan Shabbir","DR-205","EMDS Call","Road Crash","Minor Injuries","2026/01/26 09:13:26 AM","Rahim Yar Khan"
"263429","Muhammad Abid","DR-874","EMDS Call","Rescue Operations","Delivery Case","2026/01/26 09:14:52 AM","Rahim Yar Khan"
"Not Assigned","Fahad Hussain","DR-538","Direct Call","Community","Community Training","2026/01/26 09:15:51 AM","Liaqatpur"
"263430","Fahad Hussain","DR-538","EMDS Call","Medical Emergency","Chest Pain","2026/01/26 09:21:42 AM","Rahim Yar Khan"
"263432","Muhammad Abid","DR-874","EMDS Call","Road Crash","Bleeding","2026/01/26 09:23:40 AM","Rahim Yar Khan"
"263431","Saima Bashir","MR-5819","EMDS Call","Medical Emergency","Diabetic","2026/01/26 09:24:22 AM","Sadiqabad"
"263433","Muhammad Abid","DR-874","EMDS Call","Rescue Operations","Delivery Case","2026/01/26 09:31:00 AM","Khanpur"
"263434","Saima Bashir","MR-5819","EMDS Call","Medical Emergency","Hypotension","2026/01/26 09:32:12 AM","Khanpur"
"263435","Muhammad Abid","DR-874","EMDS Call","Crime","Probable Suicide","2026/01/26 09:49:54 AM","Rahim Yar Khan"
"263436","Nida Rahat","DR-1322","EMDS Call","Rescue Operations","Others","2026/01/26 09:51:27 AM","Khanpur"
"263436","Nida Rahat","DR-1322","EMDS Call","Rescue Operations","Others","2026/01/26 09:51:27 AM","Khanpur"
"263437","Fahad Hussain","DR-538","EMDS Call","Medical Emergency","Hypertension","2026/01/26 09:53:23 AM","Sadiqabad"
"263438","Muhammad Abid","DR-874","EMDS Call","Road Crash","Minor Injuries","2026/01/26 09:56:34 AM","Rahim Yar Khan"
"75739","Nida Rahat","DR-1322","Direct Call","Patient Transfer Service","N/A","2026/01/26 10:02:12 AM","Khanpur"
"75740","Nida Rahat","DR-1322","Direct Call","Patient Transfer Service","N/A","2026/01/26 10:03:37 AM","Khanpur"
"263439","Nida Rahat","DR-1322","EMDS Call","Medical Emergency","SOB/ Respiratory Distress","2026/01/26 10:12:40 AM","Rahim Yar Khan"
"263440","Muhammad Abid","DR-874","EMDS Call","Medical Emergency","Others","2026/01/26 10:14:57 AM","Rahim Yar Khan"
"263441","Mureed Abbas","DR-900","EMDS Call","Medical Emergency","Chronic Illness","2026/01/26 10:16:31 AM","Rahim Yar Khan"
"263442","Muhammad Abid","DR-874","EMDS Call","Medical Emergency","CVA/Stroke","2026/01/26 10:20:03 AM","Rahim Yar Khan"
"263443","Adnan Shabbir","DR-205","EMDS Call","Medical Emergency","Chest Pain","2026/01/26 10:24:14 AM","Liaqatpur"
"263445","Mureed Abbas","DR-900","EMDS Call","Road Crash","Minor Injuries","2026/01/26 10:24:59 AM","Sadiqabad"
"263444","Muhammad Abid","DR-874","EMDS Call","Medical Emergency","Chronic Illness","2026/01/26 10:25:42 AM","Rahim Yar Khan"
"263446","Adnan Shabbir","DR-205","EMDS Call","Medical Emergency","Abdominal Pain","2026/01/26 10:28:29 AM","Rahim Yar Khan"
"Not Assigned","Nida Rahat","DR-1322","Direct Call","Patient Transfer Service","N/A","2026/01/26 10:30:42 AM","Sadiqabad"
"263447","Mureed Abbas","DR-900","Direct Call","Rescue Operations","Others","2026/01/26 10:30:39 AM","Rahim Yar Khan"
"263448","Adnan Shabbir","DR-205","EMDS Call","Medical Emergency","Vomiting","2026/01/26 10:32:55 AM","Rahim Yar Khan"
"75742","Mureed Abbas","DR-900","Direct Call","Patient Transfer Service","N/A","2026/01/26 10:37:56 AM","Sadiqabad"
"263449","Muhammad Abid","DR-874","EMDS Call","Medical Emergency","Vomiting","2026/01/26 10:42:29 AM","Sadiqabad"
"263450","Muhammad Abid","DR-874","Direct Call","Rescue Operations","Others","2026/01/26 10:47:44 AM","Liaqatpur"
"263451","Adnan Shabbir","DR-205","EMDS Call","Medical Emergency","Diabetic","2026/01/26 10:47:46 AM","Rahim Yar Khan"
"263452","Nida Rahat","DR-1322","EMDS Call","Medical Emergency","SOB/ Respiratory Distress","2026/01/26 10:49:35 AM","Rahim Yar Khan"
"263453","Muhammad Abid","DR-874","Direct Call","Rescue Operations","Others","2026/01/26 10:53:58 AM","Sadiqabad"
"263454","Muhammad Abid","DR-874","EMDS Call","Road Crash","Minor Injuries","2026/01/26 10:55:46 AM","Sadiqabad"
"263455","Adnan Shabbir","DR-205","EMDS Call","Road Crash","Severe Trauma","2026/01/26 11:11:46 AM","Khanpur"
"263456","Nida Rahat","DR-1322","EMDS Call","Road Crash","Minor Injuries","2026/01/26 11:19:37 AM","Rahim Yar Khan"
"263457","Aasia Batool","MR-5198","EMDS Call","Medical Emergency","Others","2026/01/26 11:20:49 AM","Sadiqabad"
"263458","Adnan Shabbir","DR-205","EMDS Call","Medical Emergency","Chronic Illness","2026/01/26 11:24:08 AM","Rahim Yar Khan"
"263459","Nida Rahat","DR-1322","EMDS Call","Medical Emergency","Vomiting","2026/01/26 11:27:31 AM","Sadiqabad"
"263460","Adnan Shabbir","DR-205","EMDS Call","Medical Emergency","Vomiting","2026/01/26 11:29:07 AM","Rahim Yar Khan"
"263461","Aasia Batool","MR-5198","EMDS Call","Road Crash","Severe Trauma","2026/01/26 11:28:29 AM","Rahim Yar Khan"
"263462","Aasia Batool","MR-5198","EMDS Call","Medical Emergency","Abdominal Pain","2026/01/26 11:34:34 AM","Sadiqabad"
"263463","Nida Rahat","DR-1322","EMDS Call","Medical Emergency","Others","2026/01/26 11:41:34 AM","Liaqatpur"
"263464","Aasia Batool","MR-5198","EMDS Call","Road Crash","Minor Injuries","2026/01/26 11:47:46 AM","Rahim Yar Khan"
"263465","Shahid Jamil","DR-184","EMDS Call","Road Crash","Minor Injuries","2026/01/26 11:59:23 AM","Rahim Yar Khan"
"263466","Shahid Jamil","DR-184","EMDS Call","Medical Emergency","Domestic Injuries","2026/01/26 12:10:29 PM","Rahim Yar Khan"
"263467","Aasia Batool","MR-5198","EMDS Call","Road Crash","Bleeding","2026/01/26 12:10:07 PM","Khanpur"
"263468","Nida Rahat","DR-1322","Direct Call","Medical Emergency","Chronic Illness","2026/01/26 12:17:33 PM","Rahim Yar Khan"
"Not Assigned","Aasia Batool","MR-5198","Direct Call","Community","Community Training","2026/01/26 12:20:56 PM","Khanpur"
"263469","Shahid Jamil","DR-184","EMDS Call","Road Crash","Minor Injuries","2026/01/26 12:22:21 PM","Rahim Yar Khan"
"75743","Nida Rahat","DR-1322","Direct Call","Patient Transfer Service","N/A","2026/01/26 12:24:53 PM","Sadiqabad"
"263470","Shahid Jamil","DR-184","EMDS Call","Medical Emergency","SOB/ Respiratory Distress","2026/01/26 12:40:26 PM","Rahim Yar Khan"
"263471","Nida Rahat","DR-1322","Direct Call","Medical Emergency","Others","2026/01/26 12:40:24 PM","Liaqatpur"
"263472","Nida Rahat","DR-1322","EMDS Call","Medical Emergency","SOB/ Respiratory Distress","2026/01/26 12:51:30 PM","Sadiqabad"
"75744","Shahid Jamil","DR-184","Direct Call","Patient Transfer Service","N/A","2026/01/26 01:09:04 PM","Sadiqabad"
"263473","Nida Rahat","DR-1322","EMDS Call","Road Crash","Severe Trauma","2026/01/26 01:09:28 PM","Rahim Yar Khan"
"75745","Shahid Jamil","DR-184","Direct Call","Patient Transfer Service","N/A","2026/01/26 01:16:28 PM","Sadiqabad"
"263474","Aasia Batool","MR-5198","EMDS Call","Fire","Others","2026/01/26 01:18:49 PM","Rahim Yar Khan"
"263475","Aasia Batool","MR-5198","EMDS Call","Medical Emergency","Domestic Injuries","2026/01/26 01:27:29 PM","Sadiqabad"
"263476","Nida Rahat","DR-1322","EMDS Call","Medical Emergency","Hypertension","2026/01/26 01:26:24 PM","Sadiqabad"
"263477","Fahad Hussain","DR-538","EMDS Call","Medical Emergency","Others","2026/01/26 01:36:50 PM","Rahim Yar Khan"
"263478","Nida Rahat","DR-1322","EMDS Call","Medical Emergency","SOB/ Respiratory Distress","2026/01/26 01:44:05 PM","Rahim Yar Khan"
"263479","Aasia Batool","MR-5198","EMDS Call","Medical Emergency","Others","2026/01/26 01:45:58 PM","Rahim Yar Khan"
"263480","Fahad Hussain","DR-538","EMDS Call","Road Crash","Minor Injuries","2026/01/26 01:47:57 PM","Liaqatpur"
"263481","Nida Rahat","DR-1322","EMDS Call","Medical Emergency","Vomiting","2026/01/26 01:55:59 PM","Khanpur"
"263482","Muhammad Fiaz","DR-206","EMDS Call","Medical Emergency","SOB/ Respiratory Distress","2026/01/26 01:57:58 PM","Rahim Yar Khan"
"263483","Muhammad Fiaz","DR-206","EMDS Call","Road Crash","Bleeding","2026/01/26 01:59:22 PM","Liaqatpur"
"263484","Nida Rahat","DR-1322","EMDS Call","Medical Emergency","Hypertension","2026/01/26 02:00:01 PM","Rahim Yar Khan"
"263485","Rana M. Usman","DR-200","EMDS Call","Medical Emergency","Chest Pain","2026/01/26 02:14:05 PM","Khanpur"
"263486","Muhammad Rashid Saleem","DR-187","EMDS Call","Road Crash","Minor Injuries","2026/01/26 02:28:41 PM","Rahim Yar Khan"
"263487","Muhammad Fiaz","DR-206","EMDS Call","Medical Emergency","Unconscious","2026/01/26 02:30:09 PM","Khanpur"
"263489","Muhammad Rashid Saleem","DR-187","EMDS Call","Road Crash","Bleeding","2026/01/26 02:37:12 PM","Liaqatpur"
"263488","Rana M. Usman","DR-200","EMDS Call","Medical Emergency","Hypertension","2026/01/26 02:38:35 PM","Sadiqabad"
"263490","Muhammad Fiaz","DR-206","EMDS Call","Medical Emergency","Others","2026/01/26 02:37:10 PM","Rahim Yar Khan"
"263491","Rana M. Usman","DR-200","EMDS Call","Medical Emergency","Hypertension","2026/01/26 02:47:52 PM","Rahim Yar Khan"
"263492","Rana M. Usman","DR-200","EMDS Call","Medical Emergency","Others","2026/01/26 02:51:53 PM","Liaqatpur"
"263493","Rana M. Usman","DR-200","EMDS Call","Medical Emergency","Chronic Illness","2026/01/26 02:54:51 PM","Sadiqabad"
"263494","Muhammad Rashid Saleem","DR-187","EMDS Call","Medical Emergency","SOB/ Respiratory Distress","2026/01/26 02:58:22 PM","Rahim Yar Khan"
"75746","Muhammad Fiaz","DR-206","Direct Call","Patient Transfer Service","N/A","2026/01/26 03:03:12 PM","Sadiqabad"
"263496","Muhammad Rashid Saleem","DR-187","EMDS Call","Road Crash","Bleeding","2026/01/26 03:02:54 PM","Rahim Yar Khan"
"263495","Muhammad Fiaz","DR-206","EMDS Call","Road Crash","Bleeding","2026/01/26 03:03:05 PM","Sadiqabad"
"263497","Muhammad Fiaz","DR-206","Direct Call","Rescue Operations","Others","2026/01/26 03:06:09 PM","Sadiqabad"
"263498","Rana M. Usman","DR-200","EMDS Call","Fire","Others","2026/01/26 03:05:25 PM","Khanpur"
"263499","Muhammad Rashid Saleem","DR-187","EMDS Call","Medical Emergency","Diabetic","2026/01/26 03:17:10 PM","Rahim Yar Khan"
"263500","Shahla Nawaz","DR-185","EMDS Call","Medical Emergency","Chronic Illness","2026/01/26 03:17:28 PM","Rahim Yar Khan"
"75747","Muhammad Fiaz","DR-206","Direct Call","Patient Transfer Service","N/A","2026/01/26 03:25:01 PM","Khanpur"
"263501","Shahla Nawaz","DR-185","EMDS Call","Rescue Operations","Delivery Case","2026/01/26 03:26:12 PM","Liaqatpur"
"263502","Rana M. Usman","DR-200","EMDS Call","Medical Emergency","Hypertension","2026/01/26 03:27:40 PM","Rahim Yar Khan"
"75748","Muhammad Fiaz","DR-206","Direct Call","Patient Transfer Service","N/A","2026/01/26 03:30:29 PM","Sadiqabad"
"263503","Muhammad Fiaz","DR-206","EMDS Call","Road Crash","Severe Trauma","2026/01/26 03:33:57 PM","Rahim Yar Khan"
"263504","Rana M. Usman","DR-200","EMDS Call","Medical Emergency","Others","2026/01/26 03:34:12 PM","Rahim Yar Khan"
"75749","Shahla Nawaz","DR-185","Direct Call","Patient Transfer Service","N/A","2026/01/26 03:35:34 PM","Khanpur"
"263505","Muhammad Rashid Saleem","DR-187","EMDS Call","Medical Emergency","Others","2026/01/26 03:36:38 PM","Rahim Yar Khan"
"263506","Shahla Nawaz","DR-185","EMDS Call","Road Crash","Minor Injuries","2026/01/26 03:41:22 PM","Rahim Yar Khan"
"263507","Rana M. Usman","DR-200","EMDS Call","Road Crash","Bleeding","2026/01/26 03:44:56 PM","Rahim Yar Khan"
"263508","Shahla Nawaz","DR-185","EMDS Call","Medical Emergency","Chronic Illness","2026/01/26 03:49:05 PM","Rahim Yar Khan"
"263509","Muhammad Fiaz","DR-206","EMDS Call","Medical Emergency","Others","2026/01/26 03:55:34 PM","Sadiqabad"
"263511","Muhammad Rashid Saleem","DR-187","EMDS Call","Medical Emergency","High Fever","2026/01/26 04:01:34 PM","Liaqatpur"
"263510","Rana M. Usman","DR-200","EMDS Call","Medical Emergency","Vomiting","2026/01/26 04:00:50 PM","Rahim Yar Khan"
"263512","Shahla Nawaz","DR-185","EMDS Call","Medical Emergency","Abdominal Pain","2026/01/26 04:03:03 PM","Rahim Yar Khan"
"263513","Muhammad Fiaz","DR-206","EMDS Call","Medical Emergency","Chronic Illness","2026/01/26 04:04:49 PM","Rahim Yar Khan"
"263514","Rana M. Usman","DR-200","EMDS Call","Medical Emergency","Others","2026/01/26 04:05:30 PM","Sadiqabad"
"263515","Muhammad Rashid Saleem","DR-187","EMDS Call","Road Crash","Severe Trauma","2026/01/26 04:07:20 PM","Rahim Yar Khan"
"263516","Muhammad Rashid Saleem","DR-187","EMDS Call","Medical Emergency","Epilepsy","2026/01/26 04:13:24 PM","Rahim Yar Khan"
"263517","Rana M. Usman","DR-200","EMDS Call","Medical Emergency","Unconscious","2026/01/26 04:14:49 PM","Rahim Yar Khan"
"263518","Shahla Nawaz","DR-185","EMDS Call","Medical Emergency","Others","2026/01/26 04:17:12 PM","Rahim Yar Khan"
"263519","Shahla Nawaz","DR-185","EMDS Call","Medical Emergency","Joints Pain","2026/01/26 04:21:01 PM","Khanpur"
"263520","Rana M. Usman","DR-200","EMDS Call","Medical Emergency","SOB/ Respiratory Distress","2026/01/26 04:18:22 PM","Sadiqabad"
"263521","Muhammad Fiaz","DR-206","EMDS Call","Road Crash","Bleeding","2026/01/26 04:24:00 PM","Rahim Yar Khan"
"263522","Rana M. Usman","DR-200","EMDS Call","Road Crash","Bleeding","2026/01/26 04:25:20 PM","Sadiqabad"
"263523","Muhammad Fiaz","DR-206","EMDS Call","Medical Emergency","Others","2026/01/26 04:30:13 PM","Rahim Yar Khan"
"263524","Shahla Nawaz","DR-185","EMDS Call","Medical Emergency","Hypotension","2026/01/26 04:37:00 PM","Sadiqabad"
"263525","Muhammad Fiaz","DR-206","EMDS Call","Medical Emergency","SOB/ Respiratory Distress","2026/01/26 04:39:16 PM","Liaqatpur"
"75750","Muhammad Fiaz","DR-206","Direct Call","Patient Transfer Service","N/A","2026/01/26 04:43:43 PM","Liaqatpur"
"263526","Muhammad Rashid Saleem","DR-187","EMDS Call","Crime","Probable Suicide","2026/01/26 05:01:05 PM","Sadiqabad"
"263528","Muhammad Fiaz","DR-206","EMDS Call","Road Crash","Bleeding","2026/01/26 05:06:07 PM","Khanpur"
"263527","Shahla Nawaz","DR-185","EMDS Call","Road Crash","Minor Injuries","2026/01/26 05:05:53 PM","Khanpur"
"75751","Muhammad Fiaz","DR-206","Direct Call","Patient Transfer Service","N/A","2026/01/26 05:12:08 PM","Khanpur"
"263529","Shahla Nawaz","DR-185","EMDS Call","Medical Emergency","Chronic Illness","2026/01/26 05:16:46 PM","Sadiqabad"
"263530","Rana M. Usman","DR-200","EMDS Call","Road Crash","Minor Injuries","2026/01/26 05:28:04 PM","Rahim Yar Khan"
"263531","Muhammad Rashid Saleem","DR-187","EMDS Call","Medical Emergency","Chest Pain","2026/01/26 05:32:32 PM","Rahim Yar Khan"
"263532","Shahla Nawaz","DR-185","EMDS Call","Medical Emergency","Unconscious","2026/01/26 05:31:43 PM","Khanpur"
"263533","Shahla Nawaz","DR-185","EMDS Call","Road Crash","Minor Injuries","2026/01/26 05:38:55 PM","Rahim Yar Khan"
"263534","Muhammad Fiaz","DR-206","EMDS Call","Road Crash","Bleeding","2026/01/26 05:43:38 PM","Rahim Yar Khan"
"263535","Sheeza Barkat","MR-5331","EMDS Call","Medical Emergency","High Fever","2026/01/26 05:44:16 PM","Rahim Yar Khan"
"263536","Muhammad Fiaz","DR-206","EMDS Call","Road Crash","Bleeding","2026/01/26 05:48:25 PM","Liaqatpur"
"263537","Muhammad Fiaz","DR-206","EMDS Call","Medical Emergency","Vomiting","2026/01/26 05:53:50 PM","Khanpur"
"263538","Muhammad Rashid Saleem","DR-187","EMDS Call","Medical Emergency","High Fever","2026/01/26 06:00:19 PM","Rahim Yar Khan"
"263539","Muhammad Fiaz","DR-206","EMDS Call","Medical Emergency","Others","2026/01/26 06:01:49 PM","Rahim Yar Khan"
"263540","Sheeza Barkat","MR-5331","EMDS Call","Medical Emergency","Others","2026/01/26 06:02:08 PM","Sadiqabad"
"75752","Muhammad Fiaz","DR-206","Direct Call","Patient Transfer Service","N/A","2026/01/26 06:04:36 PM","Sadiqabad"
"75753","Muhammad Fiaz","DR-206","Direct Call","Patient Transfer Service","N/A","2026/01/26 06:05:03 PM","Sadiqabad"
"263541","Rana M. Usman","DR-200","EMDS Call","Medical Emergency","Diabetic","2026/01/26 06:14:05 PM","Rahim Yar Khan"
"263542","Rana M. Usman","DR-200","Direct Call","Medical Emergency","Others","2026/01/26 06:18:19 PM","Rahim Yar Khan"
"263543","Muhammad Rashid Saleem","DR-187","EMDS Call","Road Crash","Severe Trauma","2026/01/26 06:19:28 PM","Khanpur"
"75754","Muhammad Fiaz","DR-206","Direct Call","Patient Transfer Service","N/A","2026/01/26 06:30:04 PM","Sadiqabad"
"263544","Sheeza Barkat","MR-5331","EMDS Call","Road Crash","Multiple Fractures","2026/01/26 06:33:07 PM","Rahim Yar Khan"
"263545","Rana M. Usman","DR-200","EMDS Call","Medical Emergency","High Fever","2026/01/26 06:40:25 PM","Rahim Yar Khan"
"263546","Muhammad Fiaz","DR-206","EMDS Call","Road Crash","Minor Injuries","2026/01/26 06:43:06 PM","Sadiqabad"
"263547","Sheeza Barkat","MR-5331","EMDS Call","Rescue Operations","Delivery Case","2026/01/26 07:04:11 PM","Rahim Yar Khan"
"263548","Sheeza Barkat","MR-5331","EMDS Call","Road Crash","Severe Trauma","2026/01/26 07:09:20 PM","Sadiqabad"
"263548","Sheeza Barkat","MR-5331","EMDS Call","Road Crash","Severe Trauma","2026/01/26 07:09:20 PM","Sadiqabad"
"263549","Sheeza Barkat","MR-5331","EMDS Call","Medical Emergency","High Fever","2026/01/26 07:15:37 PM","Rahim Yar Khan"
"263550","Muhammad Fiaz","DR-206","EMDS Call","Road Crash","Minor Injuries","2026/01/26 07:22:21 PM","Rahim Yar Khan"
"263551","Sheeza Barkat","MR-5331","EMDS Call","Medical Emergency","Others","2026/01/26 07:21:35 PM","Sadiqabad"
"263552","Sheeza Barkat","MR-5331","EMDS Call","Medical Emergency","Vomiting","2026/01/26 07:26:09 PM","Rahim Yar Khan"
"263553","Shahla Nawaz","DR-185","EMDS Call","Medical Emergency","Others","2026/01/26 07:33:15 PM","Rahim Yar Khan"
"263554","Sheeza Barkat","MR-5331","EMDS Call","Medical Emergency","Renal Disorders / Renal Colic ","2026/01/26 07:59:15 PM","Rahim Yar Khan"
"263555","Shahla Nawaz","DR-185","EMDS Call","Crime","Probable Suicide","2026/01/26 08:01:11 PM","Sadiqabad"
"263556","Sheeza Barkat","MR-5331","EMDS Call","Medical Emergency","Others","2026/01/26 08:02:22 PM","Rahim Yar Khan"
"263557","Rana M. Usman","DR-200","EMDS Call","Medical Emergency","Others","2026/01/26 08:05:47 PM","Rahim Yar Khan"
"263558","Sheeza Barkat","MR-5331","EMDS Call","Medical Emergency","Vomiting","2026/01/26 08:06:59 PM","Rahim Yar Khan"
"263559","Farhad Iftikhar","DR-913","EMDS Call","Road Crash","Minor Injuries","2026/01/26 08:32:13 PM","Rahim Yar Khan"
"263560","Muhammad Zubair","DR-894","EMDS Call","Medical Emergency","Hypertension","2026/01/26 08:45:47 PM","Liaqatpur"
"75755","Farhad Iftikhar","DR-913","Direct Call","Patient Transfer Service","N/A","2026/01/26 08:54:35 PM","Sadiqabad"
"263561","Saira Bibi","MR-5494","EMDS Call","Road Crash","Bleeding","2026/01/26 09:02:30 PM","Rahim Yar Khan"
"263562","Farhad Iftikhar","DR-913","EMDS Call","Medical Emergency","Hypotension","2026/01/26 09:04:46 PM","Liaqatpur"
"75756","Muhammad Zubair","DR-894","Direct Call","Patient Transfer Service","N/A","2026/01/26 09:10:17 PM","Sadiqabad"
"263563","Saira Bibi","MR-5494","EMDS Call","Medical Emergency","Renal Disorders / Renal Colic ","2026/01/26 09:13:49 PM","Rahim Yar Khan"
"263564","Muhammad Zubair","DR-894","EMDS Call","Fire","Others","2026/01/26 09:17:38 PM","Liaqatpur"
"263565","Muhammad Zubair","DR-894","EMDS Call","Rescue Operations","Delivery Case","2026/01/26 09:23:07 PM","Khanpur"
"263566","Muhammad Zubair","DR-894","EMDS Call","Medical Emergency","Others","2026/01/26 09:29:13 PM","Rahim Yar Khan"
"263567","Farhad Iftikhar","DR-913","EMDS Call","Medical Emergency","Hypertension","2026/01/26 09:29:56 PM","Rahim Yar Khan"
"263568","Muhammad Zubair","DR-894","EMDS Call","Medical Emergency","SOB/ Respiratory Distress","2026/01/26 09:33:39 PM","Sadiqabad"
"263569","Saira Bibi","MR-5494","EMDS Call","Medical Emergency","Others","2026/01/26 09:38:31 PM","Rahim Yar Khan"
"263570","Saira Bibi","MR-5494","EMDS Call","Medical Emergency","Abdominal Pain","2026/01/26 09:52:44 PM","Rahim Yar Khan"
"263571","Muhammad Zubair","DR-894","EMDS Call","Medical Emergency","SOB/ Respiratory Distress","2026/01/26 10:01:10 PM","Khanpur"
"263572","Saira Bibi","MR-5494","EMDS Call","Road Crash","Bleeding","2026/01/26 10:03:19 PM","Rahim Yar Khan"
"263574","Saira Bibi","MR-5494","EMDS Call","Road Crash","Minor Injuries","2026/01/26 10:10:31 PM","Sadiqabad"
"263573","Muhammad Zubair","DR-894","EMDS Call","Medical Emergency","Vomiting","2026/01/26 10:09:38 PM","Rahim Yar Khan"
"263575","Saira Bibi","MR-5494","EMDS Call","Road Crash","Bleeding","2026/01/26 10:16:18 PM","Rahim Yar Khan"
"263576","Muhammad Zubair","DR-894","EMDS Call","Medical Emergency","Diarrhea","2026/01/26 10:16:34 PM","Liaqatpur"
"263577","Saira Bibi","MR-5494","EMDS Call","Medical Emergency","Chest Pain","2026/01/26 10:18:31 PM","Rahim Yar Khan"
"263578","Saira Bibi","MR-5494","EMDS Call","Medical Emergency","Abdominal Pain","2026/01/26 10:26:53 PM","Rahim Yar Khan"
"263580","Farah Sadaqat","MR-5930","EMDS Call","Medical Emergency","SOB/ Respiratory Distress","2026/01/26 10:29:11 PM","Rahim Yar Khan"
"75757","Yasir Ilyas","DR-893","Direct Call","Patient Transfer Service","N/A","2026/01/26 10:42:38 PM","Khanpur"
"263581","Yasir Ilyas","DR-893","Direct Call","Medical Emergency","Diabetic","2026/01/26 10:44:27 PM","Sadiqabad"
"263582","Saira Bibi","MR-5494","EMDS Call","Medical Emergency","Chest Pain","2026/01/26 10:48:17 PM","Rahim Yar Khan"
"263583","Farah Sadaqat","MR-5930","EMDS Call","Rescue Operations","Delivery Case","2026/01/26 10:52:00 PM","Rahim Yar Khan"
"263585","Farah Sadaqat","MR-5930","EMDS Call","Medical Emergency","Abdominal Pain","2026/01/26 11:03:43 PM","Liaqatpur"
"263584","Saira Bibi","MR-5494","EMDS Call","Medical Emergency","Unconscious","2026/01/26 11:04:27 PM","Rahim Yar Khan"
"263586","Yasir Ilyas","DR-893","EMDS Call","Medical Emergency","High Fever","2026/01/26 11:04:15 PM","Liaqatpur"
"263587","Saira Bibi","MR-5494","EMDS Call","Medical Emergency","Hypertension","2026/01/26 11:08:17 PM","Sadiqabad"
"263588","Farah Sadaqat","MR-5930","EMDS Call","Medical Emergency","High Fever","2026/01/26 11:19:22 PM","Rahim Yar Khan"
"263589","Yasir Ilyas","DR-893","EMDS Call","Medical Emergency","Abdominal Pain","2026/01/26 11:20:42 PM","Sadiqabad"
"263590","Farah Sadaqat","MR-5930","EMDS Call","Fire","Others","2026/01/26 11:21:32 PM","Khanpur"
"263591","Maheen Tahir","MR-6017","EMDS Call","Medical Emergency","Others","2026/01/26 11:38:03 PM","Sadiqabad"
"263592","Maheen Tahir","MR-6017","EMDS Call","Medical Emergency","Others","2026/01/26 11:44:33 PM","Rahim Yar Khan"
"263593","Maheen Tahir","MR-6017","EMDS Call","Medical Emergency","Unconscious","2026/01/27 12:01:13 AM","Rahim Yar Khan"
"263594","Yasir Ilyas","DR-893","EMDS Call","Medical Emergency","Others","2026/01/27 12:08:56 AM","Rahim Yar Khan"
"263595","Maheen Tahir","MR-6017","EMDS Call","Road Crash","Bleeding","2026/01/27 12:09:39 AM","Khanpur"
"263595","Maheen Tahir","MR-6017","EMDS Call","Road Crash","Bleeding","2026/01/27 12:09:39 AM","Khanpur"
"263596","Farah Sadaqat","MR-5930","EMDS Call","Medical Emergency","Others","2026/01/27 12:29:39 AM","Rahim Yar Khan"
"75758","Farah Sadaqat","MR-5930","Direct Call","Patient Transfer Service","N/A","2026/01/27 12:35:00 AM","Khanpur"
"263597","Yasir Ilyas","DR-893","EMDS Call","Medical Emergency","Joints Pain","2026/01/27 12:50:50 AM","Khanpur"
"263598","Maheen Tahir","MR-6017","EMDS Call","Medical Emergency","Others","2026/01/27 12:52:19 AM","Rahim Yar Khan"
"263599","Maheen Tahir","MR-6017","EMDS Call","Medical Emergency","Vomiting","2026/01/27 01:04:21 AM","Sadiqabad"
"263600","Farah Sadaqat","MR-5930","EMDS Call","Medical Emergency","Others","2026/01/27 01:07:40 AM","Rahim Yar Khan"
"263602","Yasir Ilyas","DR-893","EMDS Call","Medical Emergency","Joints Pain","2026/01/27 01:30:16 AM","Liaqatpur"
"263601","Maheen Tahir","MR-6017","EMDS Call","Medical Emergency","Others","2026/01/27 01:30:39 AM","Rahim Yar Khan"
"263603","Farah Sadaqat","MR-5930","EMDS Call","Medical Emergency","SOB/ Respiratory Distress","2026/01/27 01:32:09 AM","Rahim Yar Khan"
"75759","Farah Sadaqat","MR-5930","Direct Call","Patient Transfer Service","N/A","2026/01/27 01:38:27 AM","Sadiqabad"
"263604","Maheen Tahir","MR-6017","EMDS Call","Medical Emergency","Others","2026/01/27 01:37:49 AM","Rahim Yar Khan"
"263605","Farah Sadaqat","MR-5930","EMDS Call","Medical Emergency","Renal Disorders / Renal Colic ","2026/01/27 01:40:52 AM","Rahim Yar Khan"
"263606","Farah Sadaqat","MR-5930","EMDS Call","Medical Emergency","High Fever","2026/01/27 01:50:45 AM","Rahim Yar Khan"
"263607","Yasir Ilyas","DR-893","EMDS Call","Medical Emergency","Abdominal Pain","2026/01/27 01:51:33 AM","Liaqatpur"
"263608","Yasir Ilyas","DR-893","EMDS Call","Medical Emergency","Chronic Illness","2026/01/27 02:00:45 AM","Khanpur"
"263609","Maheen Tahir","MR-6017","EMDS Call","Medical Emergency","Backache","2026/01/27 02:30:31 AM","Rahim Yar Khan"
"263610","Yasir Ilyas","DR-893","Direct Call","Medical Emergency","Hypertension","2026/01/27 02:45:45 AM","Rahim Yar Khan"
"263611","Yasir Ilyas","DR-893","EMDS Call","Medical Emergency","Backache","2026/01/27 02:55:36 AM","Liaqatpur"
"263612","Maheen Tahir","MR-6017","EMDS Call","Medical Emergency","High Fever","2026/01/27 03:03:56 AM","Sadiqabad"
"263613","Farah Sadaqat","MR-5930","EMDS Call","Medical Emergency","Others","2026/01/27 03:20:46 AM","Rahim Yar Khan"
"263614","Yasir Ilyas","DR-893","EMDS Call","Medical Emergency","Vomiting","2026/01/27 03:28:23 AM","Rahim Yar Khan"
"263615","Maheen Tahir","MR-6017","EMDS Call","Rescue Operations","Delivery Case","2026/01/27 03:29:11 AM","Rahim Yar Khan"
"263616","Farah Sadaqat","MR-5930","EMDS Call","Medical Emergency","Renal Disorders / Renal Colic ","2026/01/27 03:30:46 AM","Rahim Yar Khan"
"263617","Maheen Tahir","MR-6017","EMDS Call","Rescue Operations","Delivery Case","2026/01/27 03:34:41 AM","Khanpur"
"263618","Farah Sadaqat","MR-5930","EMDS Call","Medical Emergency","Abdominal Pain","2026/01/27 03:46:55 AM","Rahim Yar Khan"
"263619","Saira Bibi","MR-5494","EMDS Call","Medical Emergency","SOB/ Respiratory Distress","2026/01/27 03:59:12 AM","Sadiqabad"
"263620","Saira Bibi","MR-5494","EMDS Call","Medical Emergency","High Fever","2026/01/27 04:11:13 AM","Sadiqabad"
"263621","Saira Bibi","MR-5494","EMDS Call","Medical Emergency","Chest Pain","2026/01/27 04:23:13 AM","Sadiqabad"
"263622","Saira Bibi","MR-5494","EMDS Call","Medical Emergency","High Fever","2026/01/27 04:41:35 AM","Rahim Yar Khan"
"263623","Muhammad Zubair","DR-894","EMDS Call","Rescue Operations","Delivery Case","2026/01/27 05:07:34 AM","Sadiqabad"
"263624","Saira Bibi","MR-5494","EMDS Call","Medical Emergency","SOB/ Respiratory Distress","2026/01/27 05:10:14 AM","Rahim Yar Khan"
"263625","Muhammad Zubair","DR-894","EMDS Call","Rescue Operations","Delivery Case","2026/01/27 05:19:03 AM","Rahim Yar Khan"
"263626","Saira Bibi","MR-5494","EMDS Call","Fire","Others","2026/01/27 05:23:43 AM","Khanpur"
"263628","Saira Bibi","MR-5494","EMDS Call","Medical Emergency","SOB/ Respiratory Distress","2026/01/27 05:39:32 AM","Sadiqabad"
"263627","Farhad Iftikhar","DR-913","EMDS Call","Road Crash","Bleeding","2026/01/27 05:39:07 AM","Rahim Yar Khan"
"263627","Farhad Iftikhar","DR-913","EMDS Call","Road Crash","Bleeding","2026/01/27 05:39:07 AM","Rahim Yar Khan"
"263627","Farhad Iftikhar","DR-913","EMDS Call","Road Crash","Bleeding","2026/01/27 05:39:07 AM","Rahim Yar Khan"
"263629","Farhad Iftikhar","DR-913","EMDS Call","Medical Emergency","Unconscious","2026/01/27 05:52:24 AM","Rahim Yar Khan"
"263630","Muhammad Zubair","DR-894","EMDS Call","Road Crash","Bleeding","2026/01/27 05:56:13 AM","Rahim Yar Khan"
"75760","Muhammad Zubair","DR-894","Direct Call","Patient Transfer Service","N/A","2026/01/27 06:23:36 AM","Sadiqabad"
"263631","Farhad Iftikhar","DR-913","EMDS Call","Medical Emergency","Others","2026/01/27 06:47:07 AM","Sadiqabad"
"263632","Muhammad Zubair","DR-894","EMDS Call","Medical Emergency","Hypertension","2026/01/27 07:05:22 AM","Sadiqabad"
"263633","Farhad Iftikhar","DR-913","EMDS Call","Medical Emergency","Diabetic","2026/01/27 07:31:29 AM","Rahim Yar Khan"
"263634","Saira Bibi","MR-5494","Direct Call","Rescue Operations","Mass Event Coverage","2026/01/27 07:38:06 AM","Rahim Yar Khan"
"263635","Muhammad Zubair","DR-894","EMDS Call","Medical Emergency","Diabetic","2026/01/27 07:44:44 AM","Rahim Yar Khan"
"263636","Saira Bibi","MR-5494","EMDS Call","Medical Emergency","Unconscious","2026/01/27 07:44:45 AM","Khanpur"
"263637","Zia ul Haq","DR-328","EMDS Call","Medical Emergency","Unconscious","2026/01/27 08:02:49 AM","Khanpur"
"263638","Nida Rahat","DR-1322","EMDS Call","Road Crash","Bleeding","2026/01/27 08:05:27 AM","Khanpur"
"263639","Zia ul Haq","DR-328","EMDS Call","Road Crash","Bleeding","2026/01/27 08:06:27 AM","Sadiqabad"
"263640","Zia ul Haq","DR-328","EMDS Call","Medical Emergency","SOB/ Respiratory Distress","2026/01/27 08:09:27 AM","Rahim Yar Khan"
"263642","Zupasha Zia","MR-5758","EMDS Call","Medical Emergency","Chest Pain","2026/01/27 08:19:05 AM","Khanpur"
"263641","Nida Rahat","DR-1322","EMDS Call","Road Crash","Bleeding","2026/01/27 08:21:20 AM","Khanpur"
"263643","Nida Rahat","DR-1322","Direct Call","Rescue Operations","Mass Event Coverage","2026/01/27 08:26:35 AM","Sadiqabad"
"263644","Nida Rahat","DR-1322","EMDS Call","Medical Emergency","SOB/ Respiratory Distress","2026/01/27 08:32:37 AM","Rahim Yar Khan"
"263645","Muhammad ALi","DR-818","EMDS Call","Medical Emergency","CVA/Stroke","2026/01/27 08:35:22 AM","Sadiqabad"
"263646","Nida Rahat","DR-1322","EMDS Call","Rescue Operations","Delivery Case","2026/01/27 08:36:58 AM","Khanpur"
"263647","Muhammad ALi","DR-818","EMDS Call","Road Crash","Bleeding","2026/01/27 08:42:44 AM","Liaqatpur"
"263647","Muhammad ALi","DR-818","EMDS Call","Road Crash","Bleeding","2026/01/27 08:42:44 AM","Liaqatpur"
"263650","Nida Rahat","DR-1322","EMDS Call","Road Crash","Bleeding","2026/01/27 08:44:07 AM","Khanpur"
"263648","Muhammad ALi","DR-818","EMDS Call","Medical Emergency","Others","2026/01/27 08:46:01 AM","Rahim Yar Khan"
"263649","Zupasha Zia","MR-5758","Direct Call","Rescue Operations","Mass Event Coverage","2026/01/27 08:49:04 AM","Rahim Yar Khan"
"263651","Muhammad ALi","DR-818","EMDS Call","Medical Emergency","Renal Disorders / Renal Colic ","2026/01/27 08:57:13 AM","Rahim Yar Khan"
"263652","Nida Rahat","DR-1322","EMDS Call","Medical Emergency","Abdominal Pain","2026/01/27 08:57:56 AM","Rahim Yar Khan"
"263653","Muhammad ALi","DR-818","EMDS Call","Medical Emergency","Hypertension","2026/01/27 09:07:07 AM","Rahim Yar Khan"
"Not Assigned","Nida Rahat","DR-1322","Direct Call","Community","Community Training","2026/01/27 09:08:08 AM","Liaqatpur"
"263654","Muhammad ALi","DR-818","EMDS Call","Medical Emergency","Chest Pain","2026/01/27 09:11:37 AM","Rahim Yar Khan"
"263655","Nida Rahat","DR-1322","EMDS Call","Rescue Operations","Delivery Case","2026/01/27 09:13:24 AM","Rahim Yar Khan"
"263656","Muhammad ALi","DR-818","EMDS Call","Medical Emergency","Others","2026/01/27 09:14:36 AM","Sadiqabad"
"263657","Nida Rahat","DR-1322","EMDS Call","Medical Emergency","Chronic Illness","2026/01/27 09:25:41 AM","Rahim Yar Khan"
"263658","Muhammad ALi","DR-818","EMDS Call","Medical Emergency","Vomiting","2026/01/27 09:26:35 AM","Sadiqabad"
"263659","Adnan Shabbir","DR-205","EMDS Call","Medical Emergency","Others","2026/01/27 09:34:10 AM","Rahim Yar Khan"
"263661","Nida Rahat","DR-1322","EMDS Call","Road Crash","Bleeding","2026/01/27 09:34:07 AM","Rahim Yar Khan"
"263661","Nida Rahat","DR-1322","EMDS Call","Road Crash","Bleeding","2026/01/27 09:34:07 AM","Rahim Yar Khan"
"263660","Aasia Batool","MR-5198","EMDS Call","Road Crash","Bleeding","2026/01/27 09:34:51 AM","Rahim Yar Khan"
"263662","Zupasha Zia","MR-5758","EMDS Call","Medical Emergency","Chest Pain","2026/01/27 09:34:16 AM","Rahim Yar Khan"
"263663","Zupasha Zia","MR-5758","EMDS Call","Medical Emergency","Vomiting","2026/01/27 09:38:56 AM","Rahim Yar Khan"
"263664","Aasia Batool","MR-5198","EMDS Call","Medical Emergency","SOB/ Respiratory Distress","2026/01/27 09:43:19 AM","Khanpur"
"263665","Nida Rahat","DR-1322","EMDS Call","Medical Emergency","Abdominal Pain","2026/01/27 09:44:44 AM","Rahim Yar Khan"
"263666","Zupasha Zia","MR-5758","EMDS Call","Medical Emergency","Others","2026/01/27 09:44:18 AM","Sadiqabad"
"263667","Adnan Shabbir","DR-205","EMDS Call","Medical Emergency","High Fever","2026/01/27 09:51:22 AM","Rahim Yar Khan"
"263668","Muhammad ALi","DR-818","EMDS Call","Rescue Operations","Delivery Case","2026/01/27 09:53:27 AM","Khanpur"
"263669","Nida Rahat","DR-1322","EMDS Call","Medical Emergency","Others","2026/01/27 10:00:43 AM","Khanpur"
"75761","Nida Rahat","DR-1322","Direct Call","Patient Transfer Service","N/A","2026/01/27 10:02:23 AM","Khanpur"
"75762","Nida Rahat","DR-1322","Direct Call","Patient Transfer Service","N/A","2026/01/27 10:03:51 AM","Khanpur"
"263670","Adnan Shabbir","DR-205","EMDS Call","Medical Emergency","Domestic Injuries","2026/01/27 10:04:36 AM","Sadiqabad"
"75763","Mureed Abbas","DR-900","Direct Call","Patient Transfer Service","N/A","2026/01/27 10:08:33 AM","Khanpur"
"263672","Adnan Shabbir","DR-205","EMDS Call","Road Crash","Bleeding","2026/01/27 10:09:16 AM","Sadiqabad"
"263671","Mureed Abbas","DR-900","EMDS Call","Medical Emergency","Vomiting","2026/01/27 10:09:58 AM","Liaqatpur"
"263673","Adnan Shabbir","DR-205","EMDS Call","Medical Emergency","Vomiting","2026/01/27 10:18:08 AM","Rahim Yar Khan"
"75764","Nida Rahat","DR-1322","Direct Call","Patient Transfer Service","N/A","2026/01/27 10:20:14 AM","Sadiqabad"
"263674","Nida Rahat","DR-1322","Direct Call","Rescue Operations","Mass Event Coverage","2026/01/27 10:21:36 AM","Sadiqabad"
"263675","Adnan Shabbir","DR-205","EMDS Call","Medical Emergency","Others","2026/01/27 10:25:34 AM","Rahim Yar Khan"
"263676","Fahad Hussain","DR-538","EMDS Call","Medical Emergency","SOB/ Respiratory Distress","2026/01/27 10:28:01 AM","Khanpur"
"263677","Nida Rahat","DR-1322","EMDS Call","Road Crash","Bleeding","2026/01/27 10:35:53 AM","Liaqatpur"
"263677","Nida Rahat","DR-1322","EMDS Call","Road Crash","Bleeding","2026/01/27 10:35:53 AM","Liaqatpur"
"263678","Adnan Shabbir","DR-205","EMDS Call","Medical Emergency","Vomiting","2026/01/27 10:43:30 AM","Rahim Yar Khan"
"263679","Fahad Hussain","DR-538","EMDS Call","Medical Emergency","Domestic Injuries","2026/01/27 10:45:16 AM","Rahim Yar Khan"
"263680","Fahad Hussain","DR-538","Direct Call","Rescue Operations","Mass Event Coverage","2026/01/27 10:52:20 AM","Sadiqabad"
"263681","Mureed Abbas","DR-900","EMDS Call","Medical Emergency","Renal Disorders / Renal Colic ","2026/01/27 10:51:36 AM","Rahim Yar Khan"
"263682","Fahad Hussain","DR-538","EMDS Call","Medical Emergency","Unconscious","2026/01/27 11:01:56 AM","Rahim Yar Khan"
"263683","Adnan Shabbir","DR-205","EMDS Call","Road Crash","Bleeding","2026/01/27 11:06:03 AM","Rahim Yar Khan"
"263683","Adnan Shabbir","DR-205","EMDS Call","Road Crash","Bleeding","2026/01/27 11:06:03 AM","Rahim Yar Khan"
"263684","Zia ul Haq","DR-328","EMDS Call","Medical Emergency","Vomiting","2026/01/27 11:16:55 AM","Rahim Yar Khan"
"263685","Fahad Hussain","DR-538","EMDS Call","Medical Emergency","SOB/ Respiratory Distress","2026/01/27 11:34:27 AM","Sadiqabad"
"263686","Mureed Abbas","DR-900","EMDS Call","Medical Emergency","Abdominal Pain","2026/01/27 11:35:14 AM","Khanpur"
"75765","Fahad Hussain","DR-538","Direct Call","Patient Transfer Service","N/A","2026/01/27 11:37:05 AM","Sadiqabad"
"263687","Mureed Abbas","DR-900","EMDS Call","Medical Emergency","Hypotension","2026/01/27 11:46:15 AM","Liaqatpur"
"75766","Fahad Hussain","DR-538","Direct Call","Patient Transfer Service","N/A","2026/01/27 11:50:26 AM","Sadiqabad"
"263688","Adnan Shabbir","DR-205","EMDS Call","Medical Emergency","Diabetic","2026/01/27 11:51:21 AM","Rahim Yar Khan"
"263689","Zia ul Haq","DR-328","EMDS Call","Fire","Others","2026/01/27 11:51:08 AM","Rahim Yar Khan"
"263690","Fahad Hussain","DR-538","EMDS Call","Road Crash","Bleeding","2026/01/27 11:54:37 AM","Sadiqabad"
"263691","Mureed Abbas","DR-900","EMDS Call","Medical Emergency","Others","2026/01/27 11:59:53 AM","Rahim Yar Khan"
"263693","Zia ul Haq","DR-328","EMDS Call","Medical Emergency","Chronic Illness","2026/01/27 12:01:18 PM","Rahim Yar Khan"
"263692","Fahad Hussain","DR-538","EMDS Call","Medical Emergency","Vomiting","2026/01/27 12:03:47 PM","Rahim Yar Khan"
"263694","Mureed Abbas","DR-900","EMDS Call","Medical Emergency","Abdominal Pain","2026/01/27 12:07:25 PM","Rahim Yar Khan"
"Not Assigned","Zia ul Haq","DR-328","Direct Call","Community","Community Training","2026/01/27 12:26:48 PM","Sadiqabad"
"263695","Zia ul Haq","DR-328","EMDS Call","Medical Emergency","Others","2026/01/27 12:27:53 PM","Rahim Yar Khan"
"75767","Fahad Hussain","DR-538","Direct Call","Patient Transfer Service","N/A","2026/01/27 12:33:52 PM","Khanpur"
"263696","Aasia Batool","MR-5198","EMDS Call","Road Crash","Bleeding","2026/01/27 12:50:07 PM","Liaqatpur"
"75768","Aasia Batool","MR-5198","Direct Call","Patient Transfer Service","N/A","2026/01/27 12:56:49 PM","Sadiqabad"
"75769","Aasia Batool","MR-5198","Direct Call","Patient Transfer Service","N/A","2026/01/27 01:04:17 PM","Sadiqabad"
"263697","Mureed Abbas","DR-900","EMDS Call","Medical Emergency","Diarrhea","2026/01/27 01:09:09 PM","Rahim Yar Khan"
"263698","Mureed Abbas","DR-900","EMDS Call","Road Crash","Bleeding","2026/01/27 01:15:49 PM","Khanpur"
"263699","Aasia Batool","MR-5198","EMDS Call","Medical Emergency","SOB/ Respiratory Distress","2026/01/27 01:17:09 PM","Liaqatpur"
"263700","Zupasha Zia","MR-5758","EMDS Call","Road Crash","Bleeding","2026/01/27 01:17:44 PM","Rahim Yar Khan"
"263701","Aasia Batool","MR-5198","EMDS Call","Fire","Short Circuit","2026/01/27 01:21:40 PM","Rahim Yar Khan"
"263702","Aasia Batool","MR-5198","EMDS Call","Medical Emergency","Diabetic","2026/01/27 01:27:32 PM","Khanpur"
"Not Assigned","Zia ul Haq","DR-328","Direct Call","Community","Community Training","2026/01/27 01:29:37 PM","Khanpur"
"263703","Zupasha Zia","MR-5758","EMDS Call","Road Crash","Bleeding","2026/01/27 01:31:08 PM","Rahim Yar Khan"
"263704","Zupasha Zia","MR-5758","EMDS Call","Road Crash","Bleeding","2026/01/27 01:43:29 PM","Rahim Yar Khan"
"263705","Mureed Abbas","DR-900","EMDS Call","Road Crash","Bleeding","2026/01/27 01:45:37 PM","Rahim Yar Khan"
"263706","Zupasha Zia","MR-5758","EMDS Call","Rescue Operations","Delivery Case","2026/01/27 01:50:18 PM","Rahim Yar Khan"
"263707","Mureed Abbas","DR-900","EMDS Call","Medical Emergency","Chest Pain","2026/01/27 01:52:29 PM","Rahim Yar Khan"
"263708","Zupasha Zia","MR-5758","EMDS Call","Rescue Operations","Delivery Case","2026/01/27 01:54:38 PM","Rahim Yar Khan"
"263709","Muhammad Fiaz","DR-206","EMDS Call","Medical Emergency","High Fever","2026/01/27 02:00:32 PM","Rahim Yar Khan"
"263710","Muhammad Fiaz","DR-206","EMDS Call","Road Crash","Bleeding","2026/01/27 02:12:36 PM","Sadiqabad"
"263711","Mureed Abbas","DR-900","EMDS Call","Road Crash","Severe Trauma","2026/01/27 02:22:39 PM","Khanpur"
"263712","Mureed Abbas","DR-900","EMDS Call","Medical Emergency","Others","2026/01/27 02:28:12 PM","Rahim Yar Khan"
"263713","Bushra Saleem","MR-5701","EMDS Call","Road Crash","Bleeding","2026/01/27 02:32:33 PM","Sadiqabad"
"263714","Adil Iqbal","DR-782","EMDS Call","Medical Emergency","Unconscious","2026/01/27 02:35:15 PM","Rahim Yar Khan"
"263715","Bushra Saleem","MR-5701","EMDS Call","Medical Emergency","Others","2026/01/27 02:36:02 PM","Rahim Yar Khan"
"263716","Adil Iqbal","DR-782","EMDS Call","Medical Emergency","CVA/Stroke","2026/01/27 02:39:44 PM","Sadiqabad"
"263717","Sheeza Barkat","MR-5331","EMDS Call","Medical Emergency","Hypotension","2026/01/27 02:47:49 PM","Rahim Yar Khan"
"263718","Bushra Saleem","MR-5701","EMDS Call","Medical Emergency","Others","2026/01/27 02:48:56 PM","Khanpur"
"263719","Adil Iqbal","DR-782","EMDS Call","Road Crash","Bleeding","2026/01/27 02:49:35 PM","Rahim Yar Khan"
"263720","Bushra Saleem","MR-5701","EMDS Call","Medical Emergency","Others","2026/01/27 02:58:47 PM","Rahim Yar Khan"
"263721","Muhammad Fiaz","DR-206","EMDS Call","Medical Emergency","Hypertension","2026/01/27 03:01:24 PM","Rahim Yar Khan"
"263722","Sheeza Barkat","MR-5331","Direct Call","Medical Emergency","Chronic Illness","2026/01/27 03:03:48 PM","Rahim Yar Khan"
"263723","Adil Iqbal","DR-782","EMDS Call","Medical Emergency","Hypotension","2026/01/27 03:04:49 PM","Rahim Yar Khan"
"263724","Muhammad Fiaz","DR-206","EMDS Call","Road Crash","Bleeding","2026/01/27 03:08:03 PM","Khanpur"
"263725","Sheeza Barkat","MR-5331","EMDS Call","Medical Emergency","Chronic Illness","2026/01/27 03:14:33 PM","Rahim Yar Khan"
"263726","Muhammad Fiaz","DR-206","EMDS Call","Road Crash","Bleeding","2026/01/27 03:16:57 PM","Khanpur"
"263727","Sheeza Barkat","MR-5331","EMDS Call","Road Crash","Bleeding","2026/01/27 03:23:35 PM","Rahim Yar Khan"
"263727","Sheeza Barkat","MR-5331","EMDS Call","Road Crash","Bleeding","2026/01/27 03:23:35 PM","Rahim Yar Khan"
"263728","Muhammad Fiaz","DR-206","EMDS Call","Medical Emergency","SOB/ Respiratory Distress","2026/01/27 03:39:24 PM","Rahim Yar Khan"
"263729","Sheeza Barkat","MR-5331","EMDS Call","Medical Emergency","Others","2026/01/27 03:41:07 PM","Rahim Yar Khan"
"263730","Adil Iqbal","DR-782","EMDS Call","Medical Emergency","Hypertension","2026/01/27 03:42:01 PM","Sadiqabad"
"263731","Bushra Saleem","MR-5701","EMDS Call","Medical Emergency","Epilepsy","2026/01/27 03:42:46 PM","Khanpur"
"263732","Adil Iqbal","DR-782","EMDS Call","Medical Emergency","Hypertension","2026/01/27 03:47:23 PM","Rahim Yar Khan"
"263733","Adil Iqbal","DR-782","EMDS Call","Medical Emergency","Others","2026/01/27 03:53:01 PM","Liaqatpur"
"263735","Sheeza Barkat","MR-5331","EMDS Call","Medical Emergency","Diabetic","2026/01/27 03:52:40 PM","Rahim Yar Khan"
"263734","Bushra Saleem","MR-5701","EMDS Call","Medical Emergency","SOB/ Respiratory Distress","2026/01/27 03:53:31 PM","Rahim Yar Khan"
"263736","Muhammad Fiaz","DR-206","EMDS Call","Medical Emergency","Hypertension","2026/01/27 03:58:11 PM","Rahim Yar Khan"
"263737","Sheeza Barkat","MR-5331","EMDS Call","Medical Emergency","Others","2026/01/27 03:58:40 PM","Sadiqabad"
"75770","Muhammad Fiaz","DR-206","Direct Call","Patient Transfer Service","N/A","2026/01/27 04:03:00 PM","Sadiqabad"
"263738","Sheeza Barkat","MR-5331","EMDS Call","Road Crash","Bleeding","2026/01/27 04:01:55 PM","Sadiqabad"
"263739","Muhammad Fiaz","DR-206","EMDS Call","Medical Emergency","High Fever","2026/01/27 04:04:29 PM","Rahim Yar Khan"
"263740","Adil Iqbal","DR-782","EMDS Call","Medical Emergency","Unconscious","2026/01/27 04:05:06 PM","Khanpur"
"263742","Sheeza Barkat","MR-5331","EMDS Call","Rescue Operations","Delivery Case","2026/01/27 04:10:30 PM","Liaqatpur"
"263741","Muhammad Fiaz","DR-206","EMDS Call","Medical Emergency","Others","2026/01/27 04:15:08 PM","Rahim Yar Khan"
"263743","Adil Iqbal","DR-782","EMDS Call","Medical Emergency","Others","2026/01/27 04:22:15 PM","Sadiqabad"
"263744","Adil Iqbal","DR-782","EMDS Call","Medical Emergency","SOB/ Respiratory Distress","2026/01/27 04:25:26 PM","Rahim Yar Khan"
"263745","Shahla Nawaz","DR-185","EMDS Call","Medical Emergency","High Fever","2026/01/27 04:26:03 PM","Rahim Yar Khan"
"263746","Sheeza Barkat","MR-5331","EMDS Call","Medical Emergency","Others","2026/01/27 04:27:34 PM","Rahim Yar Khan"
"263747","Sheeza Barkat","MR-5331","EMDS Call","Medical Emergency","Others","2026/01/27 04:33:23 PM","Sadiqabad"
"75771","Shahla Nawaz","DR-185","Direct Call","Patient Transfer Service","N/A","2026/01/27 04:36:15 PM","Liaqatpur"
"263749","Sheeza Barkat","MR-5331","EMDS Call","Medical Emergency","Vomiting","2026/01/27 04:47:11 PM","Rahim Yar Khan"
"263748","Shahla Nawaz","DR-185","EMDS Call","Rescue Operations","Delivery Case","2026/01/27 04:45:37 PM","Rahim Yar Khan"
"75772","Bushra Saleem","MR-5701","Direct Call","Patient Transfer Service","N/A","2026/01/27 04:51:19 PM","Sadiqabad"
"263750","Sheeza Barkat","MR-5331","EMDS Call","Medical Emergency","Others","2026/01/27 04:51:54 PM","Khanpur"
"75773","Shahla Nawaz","DR-185","Direct Call","Patient Transfer Service","N/A","2026/01/27 05:13:23 PM","Sadiqabad"
"263751","Bushra Saleem","MR-5701","EMDS Call","Medical Emergency","SOB/ Respiratory Distress","2026/01/27 05:13:32 PM","Khanpur"
"263752","Sheeza Barkat","MR-5331","EMDS Call","Medical Emergency","Others","2026/01/27 05:15:30 PM","Rahim Yar Khan"
"263753","Shahla Nawaz","DR-185","EMDS Call","Medical Emergency","Abdominal Pain","2026/01/27 05:15:27 PM","Rahim Yar Khan"
"263754","Adil Iqbal","DR-782","EMDS Call","Road Crash","Bleeding","2026/01/27 05:15:30 PM","Sadiqabad"
"263755","Bushra Saleem","MR-5701","EMDS Call","Fire","Others","2026/01/27 05:17:14 PM","Khanpur"
"263756","Adil Iqbal","DR-782","EMDS Call","Medical Emergency","Unconscious","2026/01/27 05:21:48 PM","Sadiqabad"
"263757","Bushra Saleem","MR-5701","EMDS Call","Road Crash","Bleeding","2026/01/27 05:22:50 PM","Rahim Yar Khan"
"263758","Adil Iqbal","DR-782","EMDS Call","Medical Emergency","SOB/ Respiratory Distress","2026/01/27 05:26:26 PM","Liaqatpur"
"263759","Sheeza Barkat","MR-5331","EMDS Call","Medical Emergency","Chronic Illness","2026/01/27 05:27:55 PM","Rahim Yar Khan"
"75774","Bushra Saleem","MR-5701","Direct Call","Patient Transfer Service","N/A","2026/01/27 05:33:59 PM","Khanpur"
"263760","Bushra Saleem","MR-5701","EMDS Call","Medical Emergency","Chronic Illness","2026/01/27 05:33:55 PM","Rahim Yar Khan"
"263761","Bushra Saleem","MR-5701","EMDS Call","Medical Emergency","Diabetic","2026/01/27 05:50:53 PM","Rahim Yar Khan"
"263762","Adil Iqbal","DR-782","EMDS Call","Road Crash","Bleeding","2026/01/27 05:56:55 PM","Sadiqabad"
"263763","Shahla Nawaz","DR-185","EMDS Call","Road Crash","Bleeding","2026/01/27 05:58:57 PM","Sadiqabad"
"263764","Bushra Saleem","MR-5701","EMDS Call","Medical Emergency","Abdominal Pain","2026/01/27 06:07:18 PM","Rahim Yar Khan"
"75775","Sheeza Barkat","MR-5331","Direct Call","Patient Transfer Service","N/A","2026/01/27 06:10:47 PM","Rahim Yar Khan"
"263765","Bushra Saleem","MR-5701","EMDS Call","Road Crash","Bleeding","2026/01/27 06:11:49 PM","Sadiqabad"
"263766","Shahla Nawaz","DR-185","EMDS Call","Medical Emergency","SOB/ Respiratory Distress","2026/01/27 06:15:15 PM","Rahim Yar Khan"
"263767","Bushra Saleem","MR-5701","EMDS Call","Medical Emergency","Vomiting","2026/01/27 06:15:01 PM","Liaqatpur"
"263768","Adil Iqbal","DR-782","EMDS Call","Medical Emergency","Others","2026/01/27 06:15:09 PM","Rahim Yar Khan"
"263769","Adil Iqbal","DR-782","EMDS Call","Medical Emergency","Chest Pain","2026/01/27 06:18:29 PM","Rahim Yar Khan"
"263770","Bushra Saleem","MR-5701","EMDS Call","Medical Emergency","Others","2026/01/27 06:27:50 PM","Sadiqabad"
"75776","Bushra Saleem","MR-5701","Direct Call","Patient Transfer Service","N/A","2026/01/27 06:34:30 PM","Khanpur"
"Not Assigned","Muhammad Riaz","DR-654","Direct Call","Community","Community Training","2026/01/27 06:35:07 PM","Rahim Yar Khan"
"263771","Adil Iqbal","DR-782","EMDS Call","Road Crash","Bleeding","2026/01/27 06:44:58 PM","Khanpur"
"263772","Bushra Saleem","MR-5701","EMDS Call","Road Crash","Bleeding","2026/01/27 06:45:05 PM","Khanpur"
"263773","Muhammad Riaz","DR-654","EMDS Call","Medical Emergency","Abdominal Pain","2026/01/27 06:51:26 PM","Khanpur"
"263775","Adil Iqbal","DR-782","EMDS Call","Road Crash","Bleeding","2026/01/27 06:56:04 PM","Rahim Yar Khan"
"263774","Muhammad Riaz","DR-654","EMDS Call","Medical Emergency","Chronic Illness","2026/01/27 06:56:04 PM","Rahim Yar Khan"
"263776","Bushra Saleem","MR-5701","EMDS Call","Road Crash","Bleeding","2026/01/27 06:56:15 PM","Rahim Yar Khan"
"75777","Bushra Saleem","MR-5701","Direct Call","Patient Transfer Service","N/A","2026/01/27 07:00:05 PM","Khanpur"
"75778","Bushra Saleem","MR-5701","Direct Call","Patient Transfer Service","N/A","2026/01/27 07:04:28 PM","Khanpur"
"75779","Bushra Saleem","MR-5701","Direct Call","Patient Transfer Service","N/A","2026/01/27 07:14:32 PM","Sadiqabad"
"263777","Adil Iqbal","DR-782","EMDS Call","Medical Emergency","Hypertension","2026/01/27 07:13:14 PM","Rahim Yar Khan"
"263778","Shahla Nawaz","DR-185","EMDS Call","Medical Emergency","Vomiting","2026/01/27 07:15:09 PM","Sadiqabad"
"263779","Adil Iqbal","DR-782","EMDS Call","Medical Emergency","Others","2026/01/27 07:16:07 PM","Rahim Yar Khan"
"263780","Muhammad Riaz","DR-654","EMDS Call","Medical Emergency","Others","2026/01/27 07:20:11 PM","Rahim Yar Khan"
"263781","Bushra Saleem","MR-5701","EMDS Call","Medical Emergency","Hypertension","2026/01/27 07:25:49 PM","Liaqatpur"
"75780","Muhammad Riaz","DR-654","Direct Call","Patient Transfer Service","N/A","2026/01/27 07:31:11 PM","Sadiqabad"
"263782","Muhammad Riaz","DR-654","EMDS Call","Medical Emergency","High Fever","2026/01/27 07:39:19 PM","Liaqatpur"
"263784","Shahla Nawaz","DR-185","EMDS Call","Medical Emergency","Others","2026/01/27 07:41:57 PM","Khanpur"
"263783","Muhammad Riaz","DR-654","EMDS Call","Medical Emergency","Abdominal Pain","2026/01/27 07:42:14 PM","Sadiqabad"
"263785","Bushra Saleem","MR-5701","EMDS Call","Medical Emergency","Epilepsy","2026/01/27 07:41:56 PM","Rahim Yar Khan"
"75781","Muhammad Riaz","DR-654","Direct Call","Patient Transfer Service","N/A","2026/01/27 07:45:23 PM","Sadiqabad"
"263786","Sheeza Barkat","MR-5331","EMDS Call","Medical Emergency","Renal Disorders / Renal Colic ","2026/01/27 07:56:20 PM","Rahim Yar Khan"
"263787","Bushra Saleem","MR-5701","EMDS Call","Medical Emergency","Chronic Illness","2026/01/27 07:56:54 PM","Rahim Yar Khan"
"263788","Muhammad Riaz","DR-654","EMDS Call","Medical Emergency","SOB/ Respiratory Distress","2026/01/27 08:01:46 PM","Rahim Yar Khan"
"263789","Sheeza Barkat","MR-5331","EMDS Call","Medical Emergency","Others","2026/01/27 08:04:35 PM","Rahim Yar Khan"
"263791","Adil Iqbal","DR-782","EMDS Call","Medical Emergency","SOB/ Respiratory Distress","2026/01/27 08:11:46 PM","Liaqatpur"
"263790","Muhammad Riaz","DR-654","EMDS Call","Medical Emergency","Hypertension","2026/01/27 08:12:45 PM","Rahim Yar Khan"
"263794","Adil Iqbal","DR-782","EMDS Call","Medical Emergency","Diabetic","2026/01/27 08:21:47 PM","Liaqatpur"
"263792","Sheeza Barkat","MR-5331","EMDS Call","Medical Emergency","SOB/ Respiratory Distress","2026/01/27 08:25:56 PM","Khanpur"
"263793","Muhammad Zubair","DR-894","Direct Call","Medical Emergency","Others","2026/01/27 08:30:14 PM","Sadiqabad"
"263795","Muhammad Zubair","DR-894","EMDS Call","Medical Emergency","Hypotension","2026/01/27 08:34:07 PM","Khanpur"
"263796","Adil Iqbal","DR-782","Direct Call","Medical Emergency","CVA/Stroke","2026/01/27 08:36:27 PM","Sadiqabad"
"263797","Muhammad Zubair","DR-894","EMDS Call","Medical Emergency","Others","2026/01/27 08:38:16 PM","Rahim Yar Khan"
"263799","Saira Bibi","MR-5494","EMDS Call","Rescue Operations","Delivery Case","2026/01/27 08:46:45 PM","Sadiqabad"
"263798","Muhammad Zubair","DR-894","EMDS Call","Medical Emergency","Chest Pain","2026/01/27 08:47:19 PM","Rahim Yar Khan"
"263800","Muhammad Zubair","DR-894","EMDS Call","Medical Emergency","Abdominal Pain","2026/01/27 08:55:45 PM","Khanpur"
"263801","Saira Bibi","MR-5494","EMDS Call","Medical Emergency","Others","2026/01/27 08:58:18 PM","Rahim Yar Khan"
"75782","Maheen Tahir","MR-6017","Direct Call","Patient Transfer Service","N/A","2026/01/27 09:11:27 PM","Khanpur"
"263802","Maheen Tahir","MR-6017","EMDS Call","Medical Emergency","Others","2026/01/27 09:13:07 PM","Sadiqabad"
"263803","Muhammad Zubair","DR-894","EMDS Call","Road Crash","Bleeding","2026/01/27 09:14:52 PM","Rahim Yar Khan"
"75783","Saira Bibi","MR-5494","Direct Call","Patient Transfer Service","N/A","2026/01/27 09:16:35 PM","Khanpur"
"263804","Maheen Tahir","MR-6017","EMDS Call","Medical Emergency","Joints Pain","2026/01/27 09:16:18 PM","Sadiqabad"
"263805","Saira Bibi","MR-5494","Direct Call","Medical Emergency","Hypertension","2026/01/27 09:17:26 PM","Rahim Yar Khan"
"263806","Maheen Tahir","MR-6017","EMDS Call","Medical Emergency","Hypertension","2026/01/27 09:21:29 PM","Rahim Yar Khan"
"263807","Muhammad Zubair","DR-894","Direct Call","Medical Emergency","SOB/ Respiratory Distress","2026/01/27 09:27:21 PM","Rahim Yar Khan"
"263808","Saira Bibi","MR-5494","EMDS Call","Medical Emergency","SOB/ Respiratory Distress","2026/01/27 09:36:16 PM","Rahim Yar Khan"
"263809","Muhammad Zubair","DR-894","EMDS Call","Medical Emergency","Hypotension","2026/01/27 09:37:14 PM","Rahim Yar Khan"
"263810","Saira Bibi","MR-5494","EMDS Call","Rescue Operations","Delivery Case","2026/01/27 09:44:10 PM","Rahim Yar Khan"
"75784","Maheen Tahir","MR-6017","Direct Call","Patient Transfer Service","N/A","2026/01/27 09:56:56 PM","Liaqatpur"
"263811","Muhammad Zubair","DR-894","EMDS Call","Medical Emergency","Abdominal Pain","2026/01/27 10:03:48 PM","Sadiqabad"
"263812","Maheen Tahir","MR-6017","EMDS Call","Medical Emergency","Chest Pain","2026/01/27 10:06:20 PM","Khanpur"
"75785","Maheen Tahir","MR-6017","Direct Call","Patient Transfer Service","N/A","2026/01/27 10:10:04 PM","Liaqatpur"
"263813","Muhammad Abid","DR-874","EMDS Call","Medical Emergency","Others","2026/01/27 10:20:06 PM","Rahim Yar Khan"
"263814","Saira Bibi","MR-5494","EMDS Call","Medical Emergency","Backache","2026/01/27 10:23:15 PM","Liaqatpur"
"263815","Maheen Tahir","MR-6017","EMDS Call","Medical Emergency","CVA/Stroke","2026/01/27 10:28:51 PM","Sadiqabad"
"263816","Muhammad Abid","DR-874","EMDS Call","Medical Emergency","High Fever","2026/01/27 10:34:46 PM","Khanpur"
"75786","Maheen Tahir","MR-6017","Direct Call","Patient Transfer Service","N/A","2026/01/27 10:49:42 PM","Sadiqabad"
"263817","Muhammad Abid","DR-874","EMDS Call","Medical Emergency","Others","2026/01/27 10:49:07 PM","Rahim Yar Khan"
"263818","Muhammad Abid","DR-874","EMDS Call","Medical Emergency","Others","2026/01/27 10:57:03 PM","Rahim Yar Khan"
"263819","Farah Sadaqat","MR-5930","EMDS Call","Medical Emergency","Others","2026/01/27 10:59:22 PM","Khanpur"
"263820","Farah Sadaqat","MR-5930","EMDS Call","Medical Emergency","SOB/ Respiratory Distress","2026/01/27 11:03:12 PM","Rahim Yar Khan"
"263822","Maheen Tahir","MR-6017","EMDS Call","Medical Emergency","Unconscious","2026/01/27 11:04:51 PM","Rahim Yar Khan"
"263821","Muhammad Abid","DR-874","EMDS Call","Medical Emergency","High Fever","2026/01/27 11:05:49 PM","Rahim Yar Khan"
"75787","Maheen Tahir","MR-6017","Direct Call","Patient Transfer Service","N/A","2026/01/27 11:10:26 PM","Khanpur"
"263823","Muhammad Abid","DR-874","EMDS Call","Medical Emergency","Hypertension","2026/01/27 11:20:05 PM","Rahim Yar Khan"
"263824","Farah Sadaqat","MR-5930","EMDS Call","Medical Emergency","Hypertension","2026/01/27 11:31:05 PM","Rahim Yar Khan"
"263825","Maheen Tahir","MR-6017","EMDS Call","Medical Emergency","Abdominal Pain","2026/01/27 11:32:44 PM","Khanpur"
"75788","Farah Sadaqat","MR-5930","Direct Call","Patient Transfer Service","N/A","2026/01/27 11:35:31 PM","Khanpur"
"263826","Muhammad Abid","DR-874","EMDS Call","Medical Emergency","High Fever","2026/01/27 11:40:33 PM","Sadiqabad"
"263827","Muhammad Abid","DR-874","EMDS Call","Rescue Operations","Delivery Case","2026/01/27 11:53:21 PM","Rahim Yar Khan"
"75789","Farah Sadaqat","MR-5930","Direct Call","Patient Transfer Service","N/A","2026/01/27 11:55:50 PM","Sadiqabad"
"263828","Farah Sadaqat","MR-5930","EMDS Call","Medical Emergency","Others","2026/01/28 12:05:20 AM","Rahim Yar Khan"
"263830","Maheen Tahir","MR-6017","EMDS Call","Medical Emergency","Hypertension","2026/01/28 12:09:19 AM","Rahim Yar Khan"
"263829","Muhammad Abid","DR-874","EMDS Call","Medical Emergency","Hypertension","2026/01/28 12:10:05 AM","Rahim Yar Khan"
"263831","Farah Sadaqat","MR-5930","EMDS Call","Medical Emergency","Renal Disorders / Renal Colic ","2026/01/28 12:10:56 AM","Khanpur"
"263832","Maheen Tahir","MR-6017","EMDS Call","Medical Emergency","Unconscious","2026/01/28 12:11:19 AM","Khanpur"
"263833","Muhammad Abid","DR-874","EMDS Call","Medical Emergency","Vomiting","2026/01/28 12:16:35 AM","Rahim Yar Khan"
"263834","Farah Sadaqat","MR-5930","EMDS Call","Medical Emergency","High Fever","2026/01/28 12:20:02 AM","Rahim Yar Khan"
"263835","Farah Sadaqat","MR-5930","EMDS Call","Rescue Operations","Delivery Case","2026/01/28 12:32:59 AM","Sadiqabad"
"263836","Maheen Tahir","MR-6017","EMDS Call","Medical Emergency","Abdominal Pain","2026/01/28 12:37:40 AM","Sadiqabad"
"263837","Muhammad Abid","DR-874","EMDS Call","Crime","Probable Suicide","2026/01/28 12:44:55 AM","Sadiqabad"
"263838","Farah Sadaqat","MR-5930","EMDS Call","Medical Emergency","Others","2026/01/28 01:01:08 AM","Khanpur"
"263839","Maheen Tahir","MR-6017","EMDS Call","Medical Emergency","Renal Disorders / Renal Colic ","2026/01/28 01:07:32 AM","Rahim Yar Khan"
"263840","Farah Sadaqat","MR-5930","EMDS Call","Medical Emergency","Others","2026/01/28 01:32:30 AM","Rahim Yar Khan"
"263844","Muhammad Abid","DR-874","EMDS Call","Medical Emergency","Vomiting","2026/01/28 01:37:00 AM","Rahim Yar Khan"
"263841","Muhammad Abid","DR-874","EMDS Call","Rescue Operations","Delivery Case","2026/01/28 01:46:08 AM","Sadiqabad"
"263843","Farah Sadaqat","MR-5930","EMDS Call","Medical Emergency","Chest Pain","2026/01/28 01:47:52 AM","Rahim Yar Khan"
"263842","Maheen Tahir","MR-6017","EMDS Call","Medical Emergency","SOB/ Respiratory Distress","2026/01/28 01:47:45 AM","Khanpur"
"75790","Maheen Tahir","MR-6017","Direct Call","Patient Transfer Service","N/A","2026/01/28 01:51:37 AM","Sadiqabad"
"263845","Muhammad Abid","DR-874","EMDS Call","Medical Emergency","Renal Disorders / Renal Colic ","2026/01/28 01:59:31 AM","Rahim Yar Khan"
"75791","Farah Sadaqat","MR-5930","Direct Call","Patient Transfer Service","N/A","2026/01/28 02:00:53 AM","Sadiqabad"
"263846","Farah Sadaqat","MR-5930","EMDS Call","Fire","Others","2026/01/28 02:04:55 AM","Khanpur"
"75792","Maheen Tahir","MR-6017","Direct Call","Patient Transfer Service","N/A","2026/01/28 02:13:17 AM","Sadiqabad"
"263847","Farah Sadaqat","MR-5930","EMDS Call","Medical Emergency","Diabetic","2026/01/28 02:23:36 AM","Sadiqabad"
"263848","Muhammad Abid","DR-874","EMDS Call","Medical Emergency","Abdominal Pain","2026/01/28 02:31:21 AM","Rahim Yar Khan"
"263849","Maheen Tahir","MR-6017","EMDS Call","Medical Emergency","High Fever","2026/01/28 03:02:31 AM","Rahim Yar Khan"
"75793","Muhammad Abid","DR-874","Direct Call","Patient Transfer Service","N/A","2026/01/28 03:06:16 AM","Khanpur"
"263850","Muhammad Abid","DR-874","EMDS Call","Medical Emergency","SOB/ Respiratory Distress","2026/01/28 03:20:15 AM","Khanpur"
"263851","Farah Sadaqat","MR-5930","EMDS Call","Medical Emergency","Others","2026/01/28 03:22:30 AM","Rahim Yar Khan"
"263852","Maheen Tahir","MR-6017","EMDS Call","Medical Emergency","Others","2026/01/28 03:38:16 AM","Khanpur"
"263853","Muhammad Zubair","DR-894","EMDS Call","Medical Emergency","Abdominal Pain","2026/01/28 03:52:04 AM","Khanpur"
"263854","Muhammad Zahid","DR-888","EMDS Call","Medical Emergency","Chronic Illness","2026/01/28 04:05:27 AM","Khanpur"
"263855","Saira Bibi","MR-5494","EMDS Call","Medical Emergency","Chronic Illness","2026/01/28 04:35:31 AM","Khanpur"
"263856","Muhammad Zahid","DR-888","EMDS Call","Medical Emergency","Others","2026/01/28 04:50:09 AM","Rahim Yar Khan"
"263857","Saira Bibi","MR-5494","EMDS Call","Road Crash","Severe Trauma","2026/01/28 05:21:38 AM","Liaqatpur"
"263857","Saira Bibi","MR-5494","EMDS Call","Road Crash","Severe Trauma","2026/01/28 05:21:38 AM","Liaqatpur"
"263857","Saira Bibi","MR-5494","EMDS Call","Road Crash","Severe Trauma","2026/01/28 05:21:38 AM","Liaqatpur"
"263858","Muhammad Zubair","DR-894","EMDS Call","Medical Emergency","Unconscious","2026/01/28 05:56:45 AM","Sadiqabad"
"263859","Saira Bibi","MR-5494","Direct Call","Medical Emergency","Vomiting","2026/01/28 06:13:01 AM","Rahim Yar Khan"
"75794","Saira Bibi","MR-5494","Direct Call","Patient Transfer Service","N/A","2026/01/28 06:14:56 AM","Khanpur"
"263860","Saira Bibi","MR-5494","EMDS Call","Medical Emergency","Unconscious","2026/01/28 06:16:06 AM","Rahim Yar Khan"
"263861","Muhammad Zubair","DR-894","EMDS Call","Rescue Operations","Delivery Case","2026/01/28 06:42:44 AM","Rahim Yar Khan"
"263862","Saira Bibi","MR-5494","EMDS Call","Fire","Others","2026/01/28 06:49:56 AM","Sadiqabad"
"263863","Muhammad Zubair","DR-894","EMDS Call","Medical Emergency","Hypertension","2026/01/28 07:00:06 AM","Rahim Yar Khan"
"263864","Shaheen Islam","DR-1171","EMDS Call","Medical Emergency","Chest Pain","2026/01/28 07:04:11 AM","Sadiqabad"
"75795","Saira Bibi","MR-5494","Direct Call","Patient Transfer Service","N/A","2026/01/28 07:09:16 AM","Sadiqabad"
"263865","Saira Bibi","MR-5494","EMDS Call","Medical Emergency","High Fever","2026/01/28 07:11:21 AM","Rahim Yar Khan"
"75796","Saira Bibi","MR-5494","Direct Call","Patient Transfer Service","N/A","2026/01/28 07:17:59 AM","Sadiqabad"
"263866","Muhammad Zubair","DR-894","EMDS Call","Medical Emergency","Vomiting","2026/01/28 07:20:55 AM","Rahim Yar Khan"
"263867","Muhammad Zubair","DR-894","Direct Call","Rescue Operations","Mass Event Coverage","2026/01/28 07:43:53 AM","Rahim Yar Khan"
"263868","Shaheen Islam","DR-1171","EMDS Call","Medical Emergency","Renal Disorders / Renal Colic ","2026/01/28 07:48:04 AM","Sadiqabad"
"263869","Muhammad Zubair","DR-894","Direct Call","Medical Emergency","Joints Pain","2026/01/28 07:54:20 AM","Rahim Yar Khan"
"263870","Saima Bashir","MR-5819","EMDS Call","Medical Emergency","Joints Pain","2026/01/28 08:03:04 AM","Rahim Yar Khan"
"263871","Muhammad Rashid Saleem","DR-187","EMDS Call","Medical Emergency","Hypertension","2026/01/28 08:04:25 AM","Liaqatpur"
"263873","Shahla Nawaz","DR-185","EMDS Call","Medical Emergency","Unconscious","2026/01/28 08:17:23 AM","Sadiqabad"
"263872","Saima Bashir","MR-5819","EMDS Call","Medical Emergency","SOB/ Respiratory Distress","2026/01/28 08:17:45 AM","Rahim Yar Khan"
"263874","Muhammad Rashid Saleem","DR-187","EMDS Call","Medical Emergency","Others","2026/01/28 08:19:36 AM","Sadiqabad"
"75797","Muhammad Rashid Saleem","DR-187","Direct Call","Patient Transfer Service","N/A","2026/01/28 08:23:42 AM","Sadiqabad"
"263875","Shahla Nawaz","DR-185","EMDS Call","Medical Emergency","Others","2026/01/28 08:23:48 AM","Rahim Yar Khan"
"263876","Saima Bashir","MR-5819","EMDS Call","Medical Emergency","Others","2026/01/28 08:27:19 AM","Rahim Yar Khan"
"263877","Saima Bashir","MR-5819","EMDS Call","Medical Emergency","Unconscious","2026/01/28 08:32:59 AM","Rahim Yar Khan"
"263878","Zia ul Haq","DR-328","EMDS Call","Medical Emergency","High Fever","2026/01/28 08:55:30 AM","Liaqatpur"
"263879","Saima Bashir","MR-5819","EMDS Call","Medical Emergency","Joints Pain","2026/01/28 09:03:39 AM","Rahim Yar Khan"
"263880","Nida Rahat","DR-1322","EMDS Call","Medical Emergency","Abdominal Pain","2026/01/28 09:16:57 AM","Sadiqabad"
"75798","Shahla Nawaz","DR-185","Direct Call","Patient Transfer Service","N/A","2026/01/28 09:18:20 AM","Sadiqabad"
"263881","Nida Rahat","DR-1322","EMDS Call","Medical Emergency","Abdominal Pain","2026/01/28 09:24:10 AM","Sadiqabad"
"263882","Shahla Nawaz","DR-185","EMDS Call","Medical Emergency","Domestic Injuries","2026/01/28 09:35:50 AM","Rahim Yar Khan"
"263883","Shahla Nawaz","DR-185","EMDS Call","Medical Emergency","Chronic Illness","2026/01/28 09:50:13 AM","Rahim Yar Khan"
"263884","Zia ul Haq","DR-328","EMDS Call","Medical Emergency","SOB/ Respiratory Distress","2026/01/28 10:21:05 AM","Rahim Yar Khan"
"263885","Zia ul Haq","DR-328","EMDS Call","Medical Emergency","Diabetic","2026/01/28 10:33:04 AM","Sadiqabad"
"263886","Nida Rahat","DR-1322","EMDS Call","Medical Emergency","Chronic Illness","2026/01/28 10:42:07 AM","Sadiqabad"
"263887","Zia ul Haq","DR-328","Direct Call","Rescue Operations","Mass Event Coverage","2026/01/28 10:43:46 AM","Sadiqabad"
"75799","Nida Rahat","DR-1322","Direct Call","Patient Transfer Service","N/A","2026/01/28 10:44:48 AM","Liaqatpur"
"263888","Zia ul Haq","DR-328","EMDS Call","Medical Emergency","SOB/ Respiratory Distress","2026/01/28 10:45:07 AM","Rahim Yar Khan"
"263889","Saima Bashir","MR-5819","EMDS Call","Medical Emergency","Renal Disorders / Renal Colic ","2026/01/28 10:42:29 AM","Rahim Yar Khan"
"263890","Nida Rahat","DR-1322","EMDS Call","Medical Emergency","Others","2026/01/28 10:47:23 AM","Khanpur"
"Not Assigned","Adnan Shabbir","DR-205","EMDS Call","Medical Emergency","Unconscious","2026/01/28 10:49:55 AM","Liaqatpur"
"263892","Zia ul Haq","DR-328","EMDS Call","Medical Emergency","Vomiting","2026/01/28 10:52:20 AM","Rahim Yar Khan"
"263893","Nida Rahat","DR-1322","Direct Call","Rescue Operations","Mass Event Coverage","2026/01/28 10:54:42 AM","Khanpur"
"263894","Adnan Shabbir","DR-205","EMDS Call","Medical Emergency","Vomiting","2026/01/28 10:56:55 AM","Rahim Yar Khan"
"263895","Nida Rahat","DR-1322","Direct Call","Rescue Operations","Mass Event Coverage","2026/01/28 10:58:14 AM","Liaqatpur"
"263896","Zia ul Haq","DR-328","EMDS Call","Medical Emergency","Epilepsy","2026/01/28 11:00:29 AM","Liaqatpur"
"263897","Zia ul Haq","DR-328","EMDS Call","Medical Emergency","Others","2026/01/28 11:11:33 AM","Rahim Yar Khan"
"263898","Adnan Shabbir","DR-205","EMDS Call","Medical Emergency","Domestic Injuries","2026/01/28 11:13:44 AM","Rahim Yar Khan"
"263900","Shahla Nawaz","DR-185","EMDS Call","Medical Emergency","Others","2026/01/28 11:16:32 AM","Khanpur"
"263899","Saima Bashir","MR-5819","EMDS Call","Medical Emergency","High Fever","2026/01/28 11:17:00 AM","Rahim Yar Khan"
"263901","Adnan Shabbir","DR-205","EMDS Call","Road Crash","Minor Injuries","2026/01/28 11:20:26 AM","Khanpur"
"263902","Saima Bashir","MR-5819","Direct Call","Medical Emergency","High Fever","2026/01/28 11:29:55 AM","Rahim Yar Khan"
"263903","Adnan Shabbir","DR-205","EMDS Call","Road Crash","Minor Injuries","2026/01/28 11:31:11 AM","Sadiqabad"
"263904","Zia ul Haq","DR-328","EMDS Call","Medical Emergency","High Fever","2026/01/28 11:34:30 AM","Liaqatpur"
"263905","Saima Bashir","MR-5819","EMDS Call","Road Crash","Bleeding","2026/01/28 11:40:16 AM","Rahim Yar Khan"
"263905","Saima Bashir","MR-5819","EMDS Call","Road Crash","Bleeding","2026/01/28 11:40:16 AM","Rahim Yar Khan"
"Not Assigned","Shahla Nawaz","DR-185","EMDS Call","Medical Emergency","Epilepsy","2026/01/28 11:44:18 AM","Sadiqabad"
"263907","Shahla Nawaz","DR-185","EMDS Call","Medical Emergency","Chronic Illness","2026/01/28 11:52:24 AM","Rahim Yar Khan"
"75800","Muhammad ALi","DR-818","Direct Call","Patient Transfer Service","N/A","2026/01/28 12:01:37 PM","Khanpur"
"75801","Shahla Nawaz","DR-185","Direct Call","Patient Transfer Service","N/A","2026/01/28 12:03:33 PM","Sadiqabad"
"75802","Muhammad ALi","DR-818","Direct Call","Patient Transfer Service","N/A","2026/01/28 12:06:28 PM","Khanpur"
"263908","Muhammad ALi","DR-818","Direct Call","Medical Emergency","Renal Disorders / Renal Colic ","2026/01/28 12:10:11 PM","Khanpur"
"263909","Muhammad ALi","DR-818","Direct Call","Rescue Operations","Mass Event Coverage","2026/01/28 12:14:46 PM","Rahim Yar Khan"
"263911","Saima Bashir","MR-5819","Direct Call","Medical Emergency","Chronic Illness","2026/01/28 12:18:06 PM","Rahim Yar Khan"
"263910","Muhammad ALi","DR-818","EMDS Call","Medical Emergency","Joints Pain","2026/01/28 12:16:36 PM","Sadiqabad"
"263912","Muhammad ALi","DR-818","EMDS Call","Medical Emergency","SOB/ Respiratory Distress","2026/01/28 12:20:59 PM","Sadiqabad"
"263913","Saima Bashir","MR-5819","EMDS Call","Medical Emergency","Others","2026/01/28 12:24:00 PM","Rahim Yar Khan"
"263914","Zia ul Haq","DR-328","Direct Call","Rescue Operations","Mass Event Coverage","2026/01/28 12:27:44 PM","Sadiqabad"
"263915","Shahla Nawaz","DR-185","EMDS Call","Medical Emergency","Joints Pain","2026/01/28 12:27:25 PM","Rahim Yar Khan"
"263916","Muhammad ALi","DR-818","EMDS Call","Road Crash","Bleeding","2026/01/28 12:33:47 PM","Liaqatpur"
"263916","Muhammad ALi","DR-818","EMDS Call","Road Crash","Bleeding","2026/01/28 12:33:47 PM","Liaqatpur"
"263918","Shahla Nawaz","DR-185","EMDS Call","Medical Emergency","Unconscious","2026/01/28 12:36:39 PM","Khanpur"
"263917","Saima Bashir","MR-5819","EMDS Call","Medical Emergency","Vomiting","2026/01/28 12:36:01 PM","Liaqatpur"
"263919","Muhammad ALi","DR-818","EMDS Call","Medical Emergency","SOB/ Respiratory Distress","2026/01/28 12:44:41 PM","Rahim Yar Khan"
"263920","Shahla Nawaz","DR-185","EMDS Call","Road Crash","Minor Injuries","2026/01/28 12:47:00 PM","Rahim Yar Khan"
"75803","Shahla Nawaz","DR-185","Direct Call","Patient Transfer Service","N/A","2026/01/28 12:50:28 PM","Sadiqabad"
"263921","Shahla Nawaz","DR-185","EMDS Call","Medical Emergency","Hypertension","2026/01/28 12:53:54 PM","Sadiqabad"
"75804","Shahla Nawaz","DR-185","Direct Call","Patient Transfer Service","N/A","2026/01/28 01:01:51 PM","Sadiqabad"
"263922","Saima Bashir","MR-5819","EMDS Call","Medical Emergency","Chest Pain","2026/01/28 01:13:01 PM","Sadiqabad"
"263923","Shahla Nawaz","DR-185","EMDS Call","Road Crash","Bleeding","2026/01/28 01:24:44 PM","Sadiqabad"
"263924","Shahla Nawaz","DR-185","EMDS Call","Medical Emergency","SOB/ Respiratory Distress","2026/01/28 01:30:03 PM","Liaqatpur"
"263925","Zia ul Haq","DR-328","EMDS Call","Road Crash","Minor Injuries","2026/01/28 01:33:51 PM","Khanpur"
"263926","Saima Bashir","MR-5819","EMDS Call","Road Crash","Bleeding","2026/01/28 01:34:59 PM","Rahim Yar Khan"
"263927","Saima Bashir","MR-5819","Direct Call","Medical Emergency","Vomiting","2026/01/28 01:38:11 PM","Rahim Yar Khan"
"263929","Zia ul Haq","DR-328","EMDS Call","Road Crash","Bleeding","2026/01/28 01:36:37 PM","Sadiqabad"
"263928","Zia ul Haq","DR-328","EMDS Call","Medical Emergency","Hypertension","2026/01/28 01:41:30 PM","Khanpur"
"263930","Zia ul Haq","DR-328","EMDS Call","Road Crash","Severe Trauma","2026/01/28 01:49:52 PM","Rahim Yar Khan"
"263931","Muhammad Fiaz","DR-206","EMDS Call","Medical Emergency","Hypertension","2026/01/28 01:53:56 PM","Sadiqabad"
"263932","Zia ul Haq","DR-328","EMDS Call","Medical Emergency","High Fever","2026/01/28 02:01:47 PM","Liaqatpur"
"263933","Rana M. Usman","DR-200","EMDS Call","Road Crash","Minor Injuries","2026/01/28 02:05:36 PM","Rahim Yar Khan"
"263934","Muhammad Fiaz","DR-206","EMDS Call","Rescue Operations","Animal/Bird Rescue","2026/01/28 02:04:07 PM","Rahim Yar Khan"
"263935","Rana M. Usman","DR-200","EMDS Call","Medical Emergency","Others","2026/01/28 02:14:07 PM","Rahim Yar Khan"
"263937","Zupasha Zia","MR-5758","EMDS Call","Road Crash","Minor Injuries","2026/01/28 02:14:06 PM","Liaqatpur"
"263936","Muhammad Fiaz","DR-206","EMDS Call","Road Crash","Severe Trauma","2026/01/28 02:15:35 PM","Rahim Yar Khan"
"263938","Muhammad Riaz","DR-654","EMDS Call","Medical Emergency","Hypertension","2026/01/28 02:27:12 PM","Liaqatpur"
"263939","Muhammad Fiaz","DR-206","Direct Call","Medical Emergency","Others","2026/01/28 02:33:17 PM","Rahim Yar Khan"
"263940","Zupasha Zia","MR-5758","EMDS Call","Medical Emergency","Renal Disorders / Renal Colic ","2026/01/28 02:41:45 PM","Khanpur"
"263941","Muhammad Riaz","DR-654","EMDS Call","Medical Emergency","Vomiting","2026/01/28 02:42:54 PM","Rahim Yar Khan"
"263942","Muhammad Fiaz","DR-206","EMDS Call","Fire","Others","2026/01/28 02:42:22 PM","Liaqatpur"
"263943","Bushra Saleem","MR-5701","EMDS Call","Medical Emergency","Others","2026/01/28 02:43:02 PM","Rahim Yar Khan"
"263944","Muhammad Fiaz","DR-206","EMDS Call","Medical Emergency","Unconscious","2026/01/28 02:50:45 PM","Khanpur"
"263945","Zupasha Zia","MR-5758","EMDS Call","Fall","Fall From Stairs","2026/01/28 02:51:40 PM","Khanpur"
"263946","Bushra Saleem","MR-5701","EMDS Call","Road Crash","Bleeding","2026/01/28 02:54:00 PM","Sadiqabad"
"263947","Bushra Saleem","MR-5701","EMDS Call","Road Crash","Minor Injuries","2026/01/28 02:59:07 PM","Rahim Yar Khan"
"263948","Muhammad Riaz","DR-654","EMDS Call","Medical Emergency","Abdominal Pain","2026/01/28 03:01:45 PM","Rahim Yar Khan"
"75805","Zupasha Zia","MR-5758","Direct Call","Patient Transfer Service","N/A","2026/01/28 03:03:36 PM","Sadiqabad"
"263949","Bushra Saleem","MR-5701","EMDS Call","Medical Emergency","SOB/ Respiratory Distress","2026/01/28 03:02:04 PM","Rahim Yar Khan"
"263950","Muhammad Riaz","DR-654","EMDS Call","Medical Emergency","Others","2026/01/28 03:11:21 PM","Rahim Yar Khan"
"263951","Zupasha Zia","MR-5758","EMDS Call","Medical Emergency","Chest Pain","2026/01/28 03:14:21 PM","Rahim Yar Khan"
"263952","Muhammad Riaz","DR-654","EMDS Call","Medical Emergency","Others","2026/01/28 03:17:42 PM","Rahim Yar Khan"
"263953","Bushra Saleem","MR-5701","EMDS Call","Road Crash","Bleeding","2026/01/28 03:17:46 PM","Rahim Yar Khan"
"75806","Bushra Saleem","MR-5701","Direct Call","Patient Transfer Service","N/A","2026/01/28 03:20:00 PM","Sadiqabad"
"263954","Muhammad Fiaz","DR-206","EMDS Call","Medical Emergency","Abdominal Pain","2026/01/28 03:18:42 PM","Khanpur"
"263955","Adil Iqbal","DR-782","EMDS Call","Rescue Operations","Animal/Bird Rescue","2026/01/28 03:28:59 PM","Rahim Yar Khan"
"75807","Bushra Saleem","MR-5701","Direct Call","Patient Transfer Service","N/A","2026/01/28 03:35:50 PM","Khanpur"
"263956","Zupasha Zia","MR-5758","EMDS Call","Rescue Operations","Delivery Case","2026/01/28 03:43:20 PM","Khanpur"
"263957","Zupasha Zia","MR-5758","EMDS Call","Road Crash","Bleeding","2026/01/28 03:46:22 PM","Rahim Yar Khan"
"75808","Bushra Saleem","MR-5701","Direct Call","Patient Transfer Service","N/A","2026/01/28 03:51:08 PM","Khanpur"
"263958","Muhammad Fiaz","DR-206","EMDS Call","Road Crash","Bleeding","2026/01/28 03:49:26 PM","Rahim Yar Khan"
"263958","Muhammad Fiaz","DR-206","EMDS Call","Road Crash","Bleeding","2026/01/28 03:49:26 PM","Rahim Yar Khan"
"75809","Zupasha Zia","MR-5758","Direct Call","Patient Transfer Service","N/A","2026/01/28 04:01:20 PM","Khanpur"
"263959","Bushra Saleem","MR-5701","EMDS Call","Medical Emergency","Others","2026/01/28 04:03:53 PM","Rahim Yar Khan"
"75810","Bushra Saleem","MR-5701","Direct Call","Patient Transfer Service","N/A","2026/01/28 04:07:46 PM","Khanpur"
"263960","Zupasha Zia","MR-5758","EMDS Call","Medical Emergency","Renal Disorders / Renal Colic ","2026/01/28 04:07:08 PM","Liaqatpur"
"263961","Muhammad Fiaz","DR-206","EMDS Call","Medical Emergency","SOB/ Respiratory Distress","2026/01/28 04:13:02 PM","Sadiqabad"
"75811","Muhammad Fiaz","DR-206","Direct Call","Patient Transfer Service","N/A","2026/01/28 04:21:26 PM","Sadiqabad"
"263964","Bushra Saleem","MR-5701","EMDS Call","Medical Emergency","Chronic Illness","2026/01/28 04:19:25 PM","Khanpur"
"263962","Zupasha Zia","MR-5758","EMDS Call","Medical Emergency","Chest Pain","2026/01/28 04:21:53 PM","Rahim Yar Khan"
"263963","Muhammad Fiaz","DR-206","EMDS Call","Medical Emergency","Epilepsy","2026/01/28 04:23:24 PM","Rahim Yar Khan"
"75812","Bushra Saleem","MR-5701","Direct Call","Patient Transfer Service","N/A","2026/01/28 04:28:36 PM","Sadiqabad"
"263965","Adil Iqbal","DR-782","EMDS Call","Road Crash","Multiple Fractures","2026/01/28 04:29:03 PM","Sadiqabad"
"263966","Adil Iqbal","DR-782","EMDS Call","Medical Emergency","Domestic Injuries","2026/01/28 04:39:01 PM","Khanpur"
"263967","Bushra Saleem","MR-5701","EMDS Call","Road Crash","Bleeding","2026/01/28 04:49:20 PM","Rahim Yar Khan"
"263968","Adil Iqbal","DR-782","EMDS Call","Rescue Operations","Delivery Case","2026/01/28 04:52:04 PM","Liaqatpur"
"263969","Bushra Saleem","MR-5701","EMDS Call","Rescue Operations","Delivery Case","2026/01/28 05:01:21 PM","Rahim Yar Khan"
"263970","Bushra Saleem","MR-5701","EMDS Call","Medical Emergency","Chronic Illness","2026/01/28 05:14:47 PM","Liaqatpur"
"263971","Adil Iqbal","DR-782","EMDS Call","Medical Emergency","Epilepsy","2026/01/28 05:16:00 PM","Rahim Yar Khan"
"263972","Zupasha Zia","MR-5758","EMDS Call","Medical Emergency","Others","2026/01/28 05:16:26 PM","Rahim Yar Khan"
"263973","Bushra Saleem","MR-5701","EMDS Call","Rescue Operations","Delivery Case","2026/01/28 05:20:47 PM","Khanpur"
"263974","Zupasha Zia","MR-5758","EMDS Call","Medical Emergency","Chronic Illness","2026/01/28 05:25:03 PM","Rahim Yar Khan"
"263975","Adil Iqbal","DR-782","EMDS Call","Medical Emergency","Hypotension","2026/01/28 05:32:24 PM","Rahim Yar Khan"
"263976","Zupasha Zia","MR-5758","EMDS Call","Fall","Fall From Stairs","2026/01/28 05:37:20 PM","Rahim Yar Khan"
"263977","Muhammad Riaz","DR-654","EMDS Call","Medical Emergency","Others","2026/01/28 05:39:29 PM","Rahim Yar Khan"
"263978","Adil Iqbal","DR-782","EMDS Call","Medical Emergency","Others","2026/01/28 05:46:16 PM","Sadiqabad"
"263979","Zupasha Zia","MR-5758","EMDS Call","Medical Emergency","Diabetic","2026/01/28 05:49:50 PM","Khanpur"
"263980","Adil Iqbal","DR-782","EMDS Call","Road Crash","Severe Trauma","2026/01/28 05:54:00 PM","Sadiqabad"
"75813","Zupasha Zia","MR-5758","Direct Call","Patient Transfer Service","N/A","2026/01/28 06:05:56 PM","Sadiqabad"
"263981","Muhammad Riaz","DR-654","EMDS Call","Rescue Operations","Delivery Case","2026/01/28 06:06:59 PM","Rahim Yar Khan"
"263982","Adil Iqbal","DR-782","EMDS Call","Medical Emergency","Abdominal Pain","2026/01/28 06:06:13 PM","Rahim Yar Khan"
"263983","Adil Iqbal","DR-782","EMDS Call","Medical Emergency","Hypertension","2026/01/28 06:09:52 PM","Rahim Yar Khan"
"263984","Muhammad Riaz","DR-654","EMDS Call","Crime","Probable Suicide","2026/01/28 06:12:19 PM","Rahim Yar Khan"
"263985","Muhammad Riaz","DR-654","EMDS Call","Medical Emergency","Vomiting","2026/01/28 06:15:26 PM","Rahim Yar Khan"
"75814","Muhammad Fiaz","DR-206","Direct Call","Patient Transfer Service","N/A","2026/01/28 06:30:48 PM","Sadiqabad"
"263986","Muhammad Riaz","DR-654","EMDS Call","Medical Emergency","Vomiting","2026/01/28 06:29:58 PM","Sadiqabad"
"263987","Muhammad Fiaz","DR-206","EMDS Call","Medical Emergency","High Fever","2026/01/28 06:31:53 PM","Rahim Yar Khan"
"263988","Adil Iqbal","DR-782","EMDS Call","Road Crash","Minor Injuries","2026/01/28 06:49:28 PM","Khanpur"
"263989","Muhammad Fiaz","DR-206","Direct Call","Medical Emergency","SOB/ Respiratory Distress","2026/01/28 06:51:51 PM","Rahim Yar Khan"
"263990","Muhammad Riaz","DR-654","EMDS Call","Medical Emergency","Others","2026/01/28 06:53:41 PM","Rahim Yar Khan"
"263991","Muhammad Fiaz","DR-206","EMDS Call","Medical Emergency","Vomiting","2026/01/28 06:55:41 PM","Rahim Yar Khan"
"263992","Muhammad Riaz","DR-654","EMDS Call","Road Crash","Minor Injuries","2026/01/28 07:00:35 PM","Rahim Yar Khan"
"263993","Zupasha Zia","MR-5758","EMDS Call","Medical Emergency","Others","2026/01/28 07:03:02 PM","Rahim Yar Khan"
"263995","Zupasha Zia","MR-5758","EMDS Call","Medical Emergency","Vomiting","2026/01/28 07:07:42 PM","Khanpur"
"263994","Muhammad Riaz","DR-654","EMDS Call","Medical Emergency","High Fever","2026/01/28 07:08:24 PM","Liaqatpur"
"263996","Muhammad Fiaz","DR-206","EMDS Call","Road Crash","Minor Injuries","2026/01/28 07:09:38 PM","Khanpur"
"263997","Adil Iqbal","DR-782","EMDS Call","Medical Emergency","Diarrhea","2026/01/28 07:19:57 PM","Khanpur"
"75815","Muhammad Fiaz","DR-206","Direct Call","Patient Transfer Service","N/A","2026/01/28 07:24:36 PM","Sadiqabad"
"263998","Zupasha Zia","MR-5758","EMDS Call","Medical Emergency","Epilepsy","2026/01/28 07:24:46 PM","Rahim Yar Khan"
"263999","Adil Iqbal","DR-782","EMDS Call","Medical Emergency","High Fever","2026/01/28 07:26:21 PM","Rahim Yar Khan"
"75816","Muhammad Fiaz","DR-206","Direct Call","Patient Transfer Service","N/A","2026/01/28 07:33:11 PM","Sadiqabad"
"264000","Zupasha Zia","MR-5758","EMDS Call","Medical Emergency","Vomiting","2026/01/28 07:35:41 PM","Rahim Yar Khan"
"264001","Zupasha Zia","MR-5758","EMDS Call","Medical Emergency","Chronic Illness","2026/01/28 07:40:59 PM","Rahim Yar Khan"
"264002","Zupasha Zia","MR-5758","EMDS Call","Medical Emergency","Vomiting","2026/01/28 07:44:05 PM","Rahim Yar Khan"
"264003","Bushra Saleem","MR-5701","EMDS Call","Medical Emergency","Chest Pain","2026/01/28 07:57:47 PM","Sadiqabad"
"264004","Zupasha Zia","MR-5758","EMDS Call","Road Crash","Bleeding","2026/01/28 07:59:26 PM","Rahim Yar Khan"
"264005","Bushra Saleem","MR-5701","EMDS Call","Medical Emergency","Unconscious","2026/01/28 08:01:06 PM","Rahim Yar Khan"
"264006","Bushra Saleem","MR-5701","EMDS Call","Road Crash","Minor Injuries","2026/01/28 08:19:01 PM","Rahim Yar Khan"
"264007","Zupasha Zia","MR-5758","EMDS Call","Medical Emergency","Others","2026/01/28 08:28:39 PM","Rahim Yar Khan"
"264008","Bushra Saleem","MR-5701","EMDS Call","Road Crash","Multiple Fractures","2026/01/28 08:36:31 PM","Rahim Yar Khan"
"264009","Muhammad Fiaz","DR-206","EMDS Call","Medical Emergency","Hypertension","2026/01/28 08:39:47 PM","Rahim Yar Khan"
"264010","Bushra Saleem","MR-5701","EMDS Call","Crime","Probable Suicide","2026/01/28 08:44:02 PM","Sadiqabad"
"264011","Zupasha Zia","MR-5758","EMDS Call","Rescue Operations","Delivery Case","2026/01/28 08:44:42 PM","Rahim Yar Khan"
"264012","Zupasha Zia","MR-5758","EMDS Call","Medical Emergency","Others","2026/01/28 08:47:18 PM","Khanpur"
"264014","Bushra Saleem","MR-5701","EMDS Call","Medical Emergency","Others","2026/01/28 08:46:55 PM","Rahim Yar Khan"
"264013","Saira Bibi","MR-5494","EMDS Call","Medical Emergency","SOB/ Respiratory Distress","2026/01/28 08:49:10 PM","Khanpur"
"264015","Saira Bibi","MR-5494","EMDS Call","Medical Emergency","Others","2026/01/28 08:53:26 PM","Rahim Yar Khan"
"75817","Saira Bibi","MR-5494","Direct Call","Patient Transfer Service","N/A","2026/01/28 08:57:25 PM","Khanpur"
"264016","Saira Bibi","MR-5494","EMDS Call","Medical Emergency","Unconscious","2026/01/28 08:58:04 PM","Rahim Yar Khan"
"75818","Saira Bibi","MR-5494","Direct Call","Patient Transfer Service","N/A","2026/01/28 09:00:52 PM","Khanpur"
"264017","Saira Bibi","MR-5494","EMDS Call","Medical Emergency","Epilepsy","2026/01/28 09:05:49 PM","Rahim Yar Khan"
"264018","Maheen Tahir","MR-6017","EMDS Call","Medical Emergency","Hypertension","2026/01/28 09:12:21 PM","Sadiqabad"
"264019","Shaheen Islam","DR-1171","EMDS Call","Medical Emergency","Unconscious","2026/01/28 09:14:24 PM","Sadiqabad"
"264020","Maheen Tahir","MR-6017","EMDS Call","Crime","Probable Suicide","2026/01/28 09:17:27 PM","Rahim Yar Khan"
"264021","Maheen Tahir","MR-6017","EMDS Call","Medical Emergency","Hypertension","2026/01/28 09:22:40 PM","Rahim Yar Khan"
"264022","Saira Bibi","MR-5494","EMDS Call","Medical Emergency","Hypertension","2026/01/28 09:24:13 PM","Rahim Yar Khan"
"264023","Zahid Manzoor","DR-887","EMDS Call","Medical Emergency","Others","2026/01/28 09:45:47 PM","Sadiqabad"
"264024","Saira Bibi","MR-5494","EMDS Call","Medical Emergency","Hypertension","2026/01/28 09:48:25 PM","Sadiqabad"
"75819","Zahid Manzoor","DR-887","Direct Call","Patient Transfer Service","N/A","2026/01/28 09:51:40 PM","Sadiqabad"
"264025","Zahid Manzoor","DR-887","EMDS Call","Rescue Operations","Delivery Case","2026/01/28 10:00:03 PM","Rahim Yar Khan"
"75820","Zahid Manzoor","DR-887","Direct Call","Patient Transfer Service","N/A","2026/01/28 10:05:01 PM","Sadiqabad"
"264026","Saira Bibi","MR-5494","Direct Call","Medical Emergency","Renal Disorders / Renal Colic ","2026/01/28 10:28:49 PM","Rahim Yar Khan"
"264027","Zahid Manzoor","DR-887","EMDS Call","Medical Emergency","Abdominal Pain","2026/01/28 10:28:58 PM","Sadiqabad"
"264028","Maheen Tahir","MR-6017","EMDS Call","Medical Emergency","Chest Pain","2026/01/28 10:35:57 PM","Khanpur"
"75821","Zahid Manzoor","DR-887","Direct Call","Patient Transfer Service","N/A","2026/01/28 10:36:27 PM","Sadiqabad"
"264029","Zahid Manzoor","DR-887","EMDS Call","Medical Emergency","Unconscious","2026/01/28 10:45:45 PM","Khanpur"
"264030","Farah Sadaqat","MR-5930","EMDS Call","Medical Emergency","High Fever","2026/01/28 10:48:03 PM","Rahim Yar Khan"
"264031","Maheen Tahir","MR-6017","EMDS Call","Medical Emergency","Others","2026/01/28 10:49:27 PM","Rahim Yar Khan"
"264032","Zahid Manzoor","DR-887","EMDS Call","Medical Emergency","Vomiting","2026/01/28 10:52:26 PM","Rahim Yar Khan"
"75822","Zahid Manzoor","DR-887","Direct Call","Patient Transfer Service","N/A","2026/01/28 10:56:13 PM","Sadiqabad"
"264033","Imran Anjum","DR-204","Direct Call","Medical Emergency","Abdominal Pain","2026/01/28 11:05:52 PM","Rahim Yar Khan"
"264034","Farah Sadaqat","MR-5930","EMDS Call","Medical Emergency","Hypertension","2026/01/28 11:16:33 PM","Sadiqabad"
"264035","Maheen Tahir","MR-6017","EMDS Call","Medical Emergency","Chest Pain","2026/01/28 11:21:33 PM","Sadiqabad"
"264036","Maheen Tahir","MR-6017","EMDS Call","Medical Emergency","Hypertension","2026/01/28 11:27:57 PM","Khanpur"
"264037","Farah Sadaqat","MR-5930","EMDS Call","Medical Emergency","Vomiting","2026/01/28 11:31:47 PM","Rahim Yar Khan"
"264038","Imran Anjum","DR-204","EMDS Call","Medical Emergency","High Fever","2026/01/28 11:34:13 PM","Sadiqabad"
"264039","Imran Anjum","DR-204","EMDS Call","Medical Emergency","Others","2026/01/29 12:04:15 AM","Khanpur"
"264040","Maheen Tahir","MR-6017","EMDS Call","Medical Emergency","Others","2026/01/29 12:06:38 AM","Rahim Yar Khan"
"264041","Farah Sadaqat","MR-5930","EMDS Call","Medical Emergency","Chest Pain","2026/01/29 12:13:54 AM","Rahim Yar Khan"
"264042","Imran Anjum","DR-204","EMDS Call","Medical Emergency","Diabetic","2026/01/29 12:23:43 AM","Khanpur"
"264043","Farah Sadaqat","MR-5930","EMDS Call","Medical Emergency","SOB/ Respiratory Distress","2026/01/29 12:30:03 AM","Rahim Yar Khan"
"75823","Imran Anjum","DR-204","Direct Call","Patient Transfer Service","N/A","2026/01/29 12:33:47 AM","Khanpur"
"75824","Farah Sadaqat","MR-5930","Direct Call","Patient Transfer Service","N/A","2026/01/29 12:38:56 AM","Khanpur"
"264044","Farah Sadaqat","MR-5930","EMDS Call","Medical Emergency","Unconscious","2026/01/29 12:42:00 AM","Rahim Yar Khan"
"264045","Imran Anjum","DR-204","EMDS Call","Medical Emergency","Hypertension","2026/01/29 12:45:23 AM","Rahim Yar Khan"
"75825","Imran Anjum","DR-204","Direct Call","Patient Transfer Service","N/A","2026/01/29 12:48:37 AM","Sadiqabad"
"264046","Farah Sadaqat","MR-5930","EMDS Call","Medical Emergency","SOB/ Respiratory Distress","2026/01/29 12:52:58 AM","Khanpur"
"264047","Imran Anjum","DR-204","EMDS Call","Medical Emergency","Hypertension","2026/01/29 01:11:51 AM","Liaqatpur"
"264048","Maheen Tahir","MR-6017","EMDS Call","Medical Emergency","Abdominal Pain","2026/01/29 01:22:40 AM","Rahim Yar Khan"
"264049","Maheen Tahir","MR-6017","EMDS Call","Medical Emergency","Chest Pain","2026/01/29 01:30:36 AM","Sadiqabad"
"264051","Farah Sadaqat","MR-5930","EMDS Call","Medical Emergency","Abdominal Pain","2026/01/29 01:28:59 AM","Rahim Yar Khan"
"75826","Farah Sadaqat","MR-5930","Direct Call","Patient Transfer Service","N/A","2026/01/29 01:37:16 AM","Khanpur"
"264050","Maheen Tahir","MR-6017","EMDS Call","Medical Emergency","Hypertension","2026/01/29 01:44:50 AM","Rahim Yar Khan"
"264052","Farah Sadaqat","MR-5930","EMDS Call","Medical Emergency","Diarrhea","2026/01/29 01:47:36 AM","Sadiqabad"
"264053","Farah Sadaqat","MR-5930","EMDS Call","Medical Emergency","Epilepsy","2026/01/29 01:54:47 AM","Rahim Yar Khan"
"Not Assigned","Imran Anjum","DR-204","EMDS Call","Medical Emergency","Diabetic","2026/01/29 01:58:45 AM","Rahim Yar Khan"
"264055","Maheen Tahir","MR-6017","EMDS Call","Medical Emergency","Domestic Injuries","2026/01/29 01:59:18 AM","Sadiqabad"
"264056","Farah Sadaqat","MR-5930","EMDS Call","Medical Emergency","Others","2026/01/29 02:00:21 AM","Rahim Yar Khan"
"264057","Imran Anjum","DR-204","EMDS Call","Fire","Others","2026/01/29 02:06:18 AM","Rahim Yar Khan"
"264058","Maheen Tahir","MR-6017","EMDS Call","Medical Emergency","Unconscious","2026/01/29 02:08:36 AM","Rahim Yar Khan"
"264059","Imran Anjum","DR-204","EMDS Call","Medical Emergency","Unconscious","2026/01/29 02:10:21 AM","Rahim Yar Khan"
"264060","Maheen Tahir","MR-6017","EMDS Call","Medical Emergency","Abdominal Pain","2026/01/29 02:21:47 AM","Sadiqabad"
"264061","Farah Sadaqat","MR-5930","EMDS Call","Medical Emergency","Chronic Illness","2026/01/29 02:27:10 AM","Liaqatpur"
"264062","Imran Anjum","DR-204","EMDS Call","Medical Emergency","Hypertension","2026/01/29 02:46:50 AM","Liaqatpur"
"75827","Imran Anjum","DR-204","Direct Call","Patient Transfer Service","N/A","2026/01/29 02:50:06 AM","Sadiqabad"
"75828","Farah Sadaqat","MR-5930","Direct Call","Patient Transfer Service","N/A","2026/01/29 02:56:37 AM","Khanpur"
"264063","Maheen Tahir","MR-6017","EMDS Call","Medical Emergency","Chest Pain","2026/01/29 03:00:40 AM","Khanpur"
"264064","Farah Sadaqat","MR-5930","Direct Call","Medical Emergency","Abdominal Pain","2026/01/29 03:36:27 AM","Rahim Yar Khan"
"264065","Saira Bibi","MR-5494","EMDS Call","Medical Emergency","Vomiting","2026/01/29 04:25:45 AM","Sadiqabad"
"264066","Zahid Manzoor","DR-887","EMDS Call","Medical Emergency","Abdominal Pain","2026/01/29 04:29:29 AM","Rahim Yar Khan"
"264067","Shaheen Islam","DR-1171","EMDS Call","Medical Emergency","Unconscious","2026/01/29 04:33:14 AM","Sadiqabad"
"264068","Shaheen Islam","DR-1171","EMDS Call","Medical Emergency","Hypertension","2026/01/29 04:41:26 AM","Sadiqabad"
"264069","Saira Bibi","MR-5494","EMDS Call","Medical Emergency","SOB/ Respiratory Distress","2026/01/29 04:42:56 AM","Sadiqabad"
"264070","Zahid Manzoor","DR-887","EMDS Call","Medical Emergency","Hypertension","2026/01/29 04:51:16 AM","Sadiqabad"
"264071","Shaheen Islam","DR-1171","EMDS Call","Medical Emergency","Diabetic","2026/01/29 04:51:49 AM","Rahim Yar Khan"
"264072","Zahid Manzoor","DR-887","EMDS Call","Medical Emergency","Abdominal Pain","2026/01/29 06:23:36 AM","Rahim Yar Khan"
"75829","Shaheen Islam","DR-1171","Direct Call","Patient Transfer Service","N/A","2026/01/29 06:37:35 AM","Liaqatpur"
"75830","Shaheen Islam","DR-1171","Direct Call","Patient Transfer Service","N/A","2026/01/29 06:41:01 AM","Sadiqabad"
"264073","Saira Bibi","MR-5494","EMDS Call","Medical Emergency","Diabetic","2026/01/29 07:16:06 AM","Rahim Yar Khan"
"264074","Zahid Manzoor","DR-887","EMDS Call","Medical Emergency","SOB/ Respiratory Distress","2026/01/29 07:19:15 AM","Khanpur"
"264076","Saira Bibi","MR-5494","EMDS Call","Medical Emergency","Hypertension","2026/01/29 07:23:22 AM","Rahim Yar Khan"
"264075","Zahid Manzoor","DR-887","EMDS Call","Medical Emergency","Vomiting","2026/01/29 07:29:00 AM","Sadiqabad"
"264077","Shaheen Islam","DR-1171","EMDS Call","Medical Emergency","Joints Pain","2026/01/29 07:30:47 AM","Rahim Yar Khan"
"264078","Saira Bibi","MR-5494","EMDS Call","Medical Emergency","Chronic Illness","2026/01/29 07:49:25 AM","Liaqatpur"
"264079","Zahid Manzoor","DR-887","Direct Call","Medical Emergency","Others","2026/01/29 07:54:39 AM","Rahim Yar Khan"
"264080","Saira Bibi","MR-5494","EMDS Call","Rescue Operations","Delivery Case","2026/01/29 07:57:00 AM","Rahim Yar Khan"
"264081","Zahid Manzoor","DR-887","EMDS Call","Medical Emergency","Vomiting","2026/01/29 07:56:20 AM","Rahim Yar Khan"
"264082","Saira Bibi","MR-5494","Direct Call","Rescue Operations","Mass Event Coverage","2026/01/29 08:01:02 AM","Rahim Yar Khan"
"264083","Zahid Manzoor","DR-887","EMDS Call","Medical Emergency","Diabetic","2026/01/29 08:02:25 AM","Khanpur"
"264084","Nida Rahat","DR-1322","EMDS Call","Road Crash","Bleeding","2026/01/29 08:06:05 AM","Khanpur"
"264085","Saima Bashir","MR-5819","EMDS Call","Rescue Operations","Delivery Case","2026/01/29 08:10:07 AM","Sadiqabad"
"264086","Nida Rahat","DR-1322","Direct Call","Rescue Operations","Mass Event Coverage","2026/01/29 08:33:11 AM","Sadiqabad"
"264087","Aasia Batool","MR-5198","EMDS Call","Medical Emergency","SOB/ Respiratory Distress","2026/01/29 08:33:35 AM","Sadiqabad"
"264088","Aasia Batool","MR-5198","EMDS Call","Medical Emergency","Joints Pain","2026/01/29 08:37:09 AM","Rahim Yar Khan"
"264089","Nida Rahat","DR-1322","EMDS Call","Road Crash","Bleeding","2026/01/29 08:51:23 AM","Sadiqabad"
"264090","Aasia Batool","MR-5198","EMDS Call","Medical Emergency","Unconscious","2026/01/29 08:54:36 AM","Sadiqabad"
"264091","Saima Bashir","MR-5819","EMDS Call","Road Crash","Bleeding","2026/01/29 08:53:35 AM","Sadiqabad"
"264092","Adnan Shabbir","DR-205","EMDS Call","Medical Emergency","Others","2026/01/29 08:56:53 AM","Sadiqabad"
"264093","Adnan Shabbir","DR-205","EMDS Call","Road Crash","Bleeding","2026/01/29 09:01:51 AM","Rahim Yar Khan"
"264094","Saima Bashir","MR-5819","Direct Call","Rescue Operations","Mass Event Coverage","2026/01/29 09:06:16 AM","Sadiqabad"
"264095","Aasia Batool","MR-5198","EMDS Call","Road Crash","Bleeding","2026/01/29 09:06:38 AM","Rahim Yar Khan"
"264096","Aasia Batool","MR-5198","EMDS Call","Road Crash","Bleeding","2026/01/29 09:18:13 AM","Rahim Yar Khan"
"264097","Adnan Shabbir","DR-205","EMDS Call","Medical Emergency","Diabetic","2026/01/29 09:19:57 AM","Sadiqabad"
"264098","Aasia Batool","MR-5198","EMDS Call","Medical Emergency","Diabetic","2026/01/29 09:24:53 AM","Rahim Yar Khan"
"264099","Adnan Shabbir","DR-205","EMDS Call","Medical Emergency","Vomiting","2026/01/29 09:41:11 AM","Rahim Yar Khan"
"264100","Aasia Batool","MR-5198","EMDS Call","Medical Emergency","Backache","2026/01/29 09:42:56 AM","Sadiqabad"
"264101","Adnan Shabbir","DR-205","EMDS Call","Road Crash","Bleeding","2026/01/29 09:45:11 AM","Sadiqabad"
"264101","Adnan Shabbir","DR-205","EMDS Call","Road Crash","Bleeding","2026/01/29 09:45:11 AM","Sadiqabad"
"264102","Muhammad Abid","DR-874","EMDS Call","Medical Emergency","Others","2026/01/29 09:49:32 AM","Khanpur"
"264103","Adnan Shabbir","DR-205","EMDS Call","Medical Emergency","Others","2026/01/29 09:56:08 AM","Sadiqabad"
"264104","Muhammad Abid","DR-874","EMDS Call","Medical Emergency","CVA/Stroke","2026/01/29 09:54:50 AM","Rahim Yar Khan"
"75831","Aasia Batool","MR-5198","Direct Call","Patient Transfer Service","N/A","2026/01/29 10:02:40 AM","Khanpur"
"264105","Adnan Shabbir","DR-205","EMDS Call","Medical Emergency","Vomiting","2026/01/29 10:11:07 AM","Liaqatpur"
"75832","Adnan Shabbir","DR-205","Direct Call","Patient Transfer Service","N/A","2026/01/29 10:19:06 AM","Khanpur"
"264106","Saima Bashir","MR-5819","EMDS Call","Medical Emergency","Vomiting","2026/01/29 10:17:30 AM","Rahim Yar Khan"
"264107","Muhammad Abid","DR-874","EMDS Call","Medical Emergency","Others","2026/01/29 10:20:22 AM","Khanpur"
"264109","Adnan Shabbir","DR-205","EMDS Call","Medical Emergency","SOB/ Respiratory Distress","2026/01/29 10:22:47 AM","Sadiqabad"
"264108","Saima Bashir","MR-5819","EMDS Call","Road Crash","Bleeding","2026/01/29 10:21:18 AM","Rahim Yar Khan"
"75833","Saima Bashir","MR-5819","Direct Call","Patient Transfer Service","N/A","2026/01/29 10:27:38 AM","Sadiqabad"
"264110","Muhammad Abid","DR-874","EMDS Call","Road Crash","Bleeding","2026/01/29 10:29:14 AM","Sadiqabad"
"264111","Mureed Abbas","DR-900","EMDS Call","Road Crash","Bleeding","2026/01/29 10:34:10 AM","Sadiqabad"
"264113","Saima Bashir","MR-5819","EMDS Call","Medical Emergency","Hypertension","2026/01/29 10:33:54 AM","Rahim Yar Khan"
"Not Assigned","Adnan Shabbir","DR-205","EMDS Call","Road Crash","Bleeding","2026/01/29 10:34:42 AM","Sadiqabad"
"264114","Saima Bashir","MR-5819","Direct Call","Road Crash","Bleeding","2026/01/29 10:36:49 AM","Liaqatpur"
"75834","Saima Bashir","MR-5819","Direct Call","Patient Transfer Service","N/A","2026/01/29 10:40:27 AM","Khanpur"
"264115","Mureed Abbas","DR-900","EMDS Call","Road Crash","Bleeding","2026/01/29 10:44:25 AM","Rahim Yar Khan"
"264116","Saima Bashir","MR-5819","EMDS Call","Medical Emergency","Others","2026/01/29 10:47:26 AM","Rahim Yar Khan"
"264117","Saima Bashir","MR-5819","EMDS Call","Medical Emergency","SOB/ Respiratory Distress","2026/01/29 10:57:01 AM","Khanpur"
"264118","Adnan Shabbir","DR-205","EMDS Call","Rescue Operations","Delivery Case","2026/01/29 11:02:59 AM","Sadiqabad"
"264119","Saima Bashir","MR-5819","EMDS Call","Medical Emergency","Domestic Injuries","2026/01/29 11:03:12 AM","Rahim Yar Khan"
"264120","Mureed Abbas","DR-900","EMDS Call","Road Crash","Bleeding","2026/01/29 11:13:28 AM","Khanpur"
"264122","Adnan Shabbir","DR-205","EMDS Call","Medical Emergency","Others","2026/01/29 11:22:11 AM","Sadiqabad"
"264121","Mureed Abbas","DR-900","EMDS Call","Medical Emergency","Abdominal Pain","2026/01/29 11:21:27 AM","Sadiqabad"
"264123","Adnan Shabbir","DR-205","EMDS Call","Road Crash","Bleeding","2026/01/29 11:25:46 AM","Sadiqabad"
"264124","Adnan Shabbir","DR-205","EMDS Call","Medical Emergency","Chronic Illness","2026/01/29 11:29:59 AM","Khanpur"
"264125","Muhammad Rashid Saleem","DR-187","EMDS Call","Rescue Operations","Delivery Case","2026/01/29 11:35:38 AM","Rahim Yar Khan"
"264126","Adnan Shabbir","DR-205","EMDS Call","Medical Emergency","Abdominal Pain","2026/01/29 11:39:12 AM","Liaqatpur"
"264127","Muhammad Rashid Saleem","DR-187","EMDS Call","Fire","Kitchen Fire","2026/01/29 11:52:06 AM","Rahim Yar Khan"
"264128","Shahla Nawaz","DR-185","EMDS Call","Medical Emergency","Chronic Illness","2026/01/29 11:53:08 AM","Rahim Yar Khan"
"264129","Muhammad Rashid Saleem","DR-187","EMDS Call","Medical Emergency","Others","2026/01/29 11:57:07 AM","Rahim Yar Khan"
"264130","Shahla Nawaz","DR-185","EMDS Call","Medical Emergency","Others","2026/01/29 12:00:30 PM","Sadiqabad"
"264131","Aasia Batool","MR-5198","EMDS Call","Medical Emergency","High Fever","2026/01/29 12:13:34 PM","Liaqatpur"
"264132","Shahla Nawaz","DR-185","EMDS Call","Road Crash","Bleeding","2026/01/29 12:12:44 PM","Sadiqabad"
"264132","Shahla Nawaz","DR-185","EMDS Call","Road Crash","Bleeding","2026/01/29 12:12:44 PM","Sadiqabad"
"75835","Aasia Batool","MR-5198","Direct Call","Patient Transfer Service","N/A","2026/01/29 12:17:13 PM","Sadiqabad"
"264133","Shahla Nawaz","DR-185","EMDS Call","Medical Emergency","SOB/ Respiratory Distress","2026/01/29 12:21:16 PM","Rahim Yar Khan"
"75836","Shahla Nawaz","DR-185","Direct Call","Patient Transfer Service","N/A","2026/01/29 12:24:25 PM","Liaqatpur"
"264134","Shahla Nawaz","DR-185","EMDS Call","Medical Emergency","Others","2026/01/29 12:29:29 PM","Rahim Yar Khan"
"264135","Shahla Nawaz","DR-185","EMDS Call","Medical Emergency","Domestic Injuries","2026/01/29 12:34:30 PM","Rahim Yar Khan"
"264136","Saima Bashir","MR-5819","Direct Call","Rescue Operations","Mass Event Coverage","2026/01/29 12:36:51 PM","Rahim Yar Khan"
"264137","Shahla Nawaz","DR-185","EMDS Call","Road Crash","Bleeding","2026/01/29 12:38:01 PM","Rahim Yar Khan"
"264138","Saima Bashir","MR-5819","EMDS Call","Medical Emergency","Abdominal Pain","2026/01/29 12:43:10 PM","Rahim Yar Khan"
"264139","Muhammad AAmar","DR-915","EMDS Call","Medical Emergency","Others","2026/01/29 12:44:59 PM","Rahim Yar Khan"
"264140","Aasia Batool","MR-5198","EMDS Call","Medical Emergency","SOB/ Respiratory Distress","2026/01/29 12:48:49 PM","Khanpur"
"264141","Shahla Nawaz","DR-185","EMDS Call","Medical Emergency","High Fever","2026/01/29 12:52:40 PM","Sadiqabad"
"264142","Saima Bashir","MR-5819","EMDS Call","Rescue Operations","Electric Shock","2026/01/29 01:00:17 PM","Rahim Yar Khan"
"264143","Aasia Batool","MR-5198","Direct Call","Medical Emergency","Abdominal Pain","2026/01/29 01:03:48 PM","Sadiqabad"
"264144","Aasia Batool","MR-5198","EMDS Call","Road Crash","Bleeding","2026/01/29 01:07:51 PM","Rahim Yar Khan"
"264145","Saima Bashir","MR-5819","EMDS Call","Medical Emergency","High Fever","2026/01/29 01:12:58 PM","Rahim Yar Khan"
"264146","Aasia Batool","MR-5198","EMDS Call","Medical Emergency","Chronic Illness","2026/01/29 01:17:10 PM","Liaqatpur"
"264147","Shahla Nawaz","DR-185","EMDS Call","Medical Emergency","Domestic Injuries","2026/01/29 01:32:09 PM","Khanpur"
"264148","Aasia Batool","MR-5198","EMDS Call","Rescue Operations","Delivery Case","2026/01/29 01:32:41 PM","Sadiqabad"
"264149","Saima Bashir","MR-5819","EMDS Call","Medical Emergency","Diabetic","2026/01/29 01:36:14 PM","Khanpur"
"264150","Aasia Batool","MR-5198","EMDS Call","Road Crash","Bleeding","2026/01/29 01:37:00 PM","Rahim Yar Khan"
"264151","Saima Bashir","MR-5819","EMDS Call","Road Crash","Bleeding","2026/01/29 01:43:05 PM","Khanpur"
"264152","Saima Bashir","MR-5819","Direct Call","Rescue Operations","Mass Event Coverage","2026/01/29 01:52:20 PM","Sadiqabad"
"264153","Shahla Nawaz","DR-185","EMDS Call","Road Crash","Bleeding","2026/01/29 02:00:13 PM","Rahim Yar Khan"
"264154","Aasia Batool","MR-5198","EMDS Call","Medical Emergency","Diabetic","2026/01/29 02:03:17 PM","Rahim Yar Khan"
"264155","Saima Bashir","MR-5819","EMDS Call","Road Crash","Bleeding","2026/01/29 02:04:53 PM","Rahim Yar Khan"
"264156","Shahla Nawaz","DR-185","EMDS Call","Medical Emergency","Chronic Illness","2026/01/29 02:06:06 PM","Rahim Yar Khan"
"264157","Sheeza Barkat","MR-5331","EMDS Call","Road Crash","Bleeding","2026/01/29 02:18:25 PM","Rahim Yar Khan"
"75837","Bushra Saleem","MR-5701","Direct Call","Patient Transfer Service","N/A","2026/01/29 02:32:43 PM","Khanpur"
"264158","Sheeza Barkat","MR-5331","EMDS Call","Medical Emergency","Chronic Illness","2026/01/29 02:34:18 PM","Rahim Yar Khan"
"264159","Bushra Saleem","MR-5701","EMDS Call","Rescue Operations","Delivery Case","2026/01/29 02:39:27 PM","Rahim Yar Khan"
"264160","Sheeza Barkat","MR-5331","EMDS Call","Medical Emergency","Chronic Illness","2026/01/29 02:41:09 PM","Rahim Yar Khan"
"75838","Bushra Saleem","MR-5701","Direct Call","Patient Transfer Service","N/A","2026/01/29 02:42:22 PM","Khanpur"
"264161","Zupasha Zia","MR-5758","EMDS Call","Medical Emergency","Others","2026/01/29 02:43:37 PM","Sadiqabad"
"264162","Zupasha Zia","MR-5758","EMDS Call","Medical Emergency","Others","2026/01/29 02:48:46 PM","Khanpur"
"264163","Zupasha Zia","MR-5758","EMDS Call","Road Crash","Bleeding","2026/01/29 02:51:32 PM","Rahim Yar Khan"
"264164","Bushra Saleem","MR-5701","EMDS Call","Rescue Operations","Electric Shock","2026/01/29 03:04:00 PM","Rahim Yar Khan"
"75839","Bushra Saleem","MR-5701","Direct Call","Patient Transfer Service","N/A","2026/01/29 03:12:03 PM","Sadiqabad"
"264165","Sheeza Barkat","MR-5331","EMDS Call","Medical Emergency","Hypertension","2026/01/29 03:12:56 PM","Rahim Yar Khan"
"264166","Bushra Saleem","MR-5701","EMDS Call","Medical Emergency","Chronic Illness","2026/01/29 03:16:33 PM","Khanpur"
"264168","Zupasha Zia","MR-5758","EMDS Call","Road Crash","Bleeding","2026/01/29 03:19:19 PM","Rahim Yar Khan"
"264168","Zupasha Zia","MR-5758","EMDS Call","Road Crash","Bleeding","2026/01/29 03:19:19 PM","Rahim Yar Khan"
"Not Assigned","Sheeza Barkat","MR-5331","Direct Call","Community","Community Training","2026/01/29 03:20:41 PM","Rahim Yar Khan"
"264167","Bushra Saleem","MR-5701","EMDS Call","Medical Emergency","Hypertension","2026/01/29 03:20:55 PM","Rahim Yar Khan"
"264169","Zupasha Zia","MR-5758","EMDS Call","Medical Emergency","Hypotension","2026/01/29 03:28:51 PM","Liaqatpur"
"264170","Sheeza Barkat","MR-5331","EMDS Call","Medical Emergency","Diabetic","2026/01/29 03:29:52 PM","Rahim Yar Khan"
"Not Assigned","Zupasha Zia","MR-5758","Direct Call","Community","Community Training","2026/01/29 03:37:00 PM","Rahim Yar Khan"
"264171","Sheeza Barkat","MR-5331","EMDS Call","Medical Emergency","Renal Disorders / Renal Colic ","2026/01/29 03:38:17 PM","Khanpur"
"264173","Zia ul Haq","DR-328","EMDS Call","Road Crash","Bleeding","2026/01/29 03:40:37 PM","Khanpur"
"264173","Zia ul Haq","DR-328","EMDS Call","Road Crash","Bleeding","2026/01/29 03:40:37 PM","Khanpur"
"264173","Zia ul Haq","DR-328","EMDS Call","Road Crash","Bleeding","2026/01/29 03:40:37 PM","Khanpur"
"264172","Bushra Saleem","MR-5701","EMDS Call","Medical Emergency","SOB/ Respiratory Distress","2026/01/29 03:43:15 PM","Rahim Yar Khan"
"264174","Zia ul Haq","DR-328","EMDS Call","Road Crash","Bleeding","2026/01/29 03:47:19 PM","Khanpur"
"264175","Zia ul Haq","DR-328","EMDS Call","Road Crash","Bleeding","2026/01/29 03:52:23 PM","Liaqatpur"
"264176","Bushra Saleem","MR-5701","EMDS Call","Medical Emergency","Others","2026/01/29 03:56:24 PM","Rahim Yar Khan"
"75840","Sheeza Barkat","MR-5331","Direct Call","Patient Transfer Service","N/A","2026/01/29 03:59:37 PM","Sadiqabad"
"264177","Zia ul Haq","DR-328","EMDS Call","Medical Emergency","SOB/ Respiratory Distress","2026/01/29 04:01:07 PM","Rahim Yar Khan"
"264178","Zupasha Zia","MR-5758","EMDS Call","Medical Emergency","Others","2026/01/29 04:02:00 PM","Khanpur"
"264179","Sheeza Barkat","MR-5331","EMDS Call","Road Crash","Bleeding","2026/01/29 04:04:27 PM","Sadiqabad"
"75841","Bushra Saleem","MR-5701","Direct Call","Patient Transfer Service","N/A","2026/01/29 04:08:11 PM","Sadiqabad"
"264180","Bushra Saleem","MR-5701","EMDS Call","Rescue Operations","Delivery Case","2026/01/29 04:10:32 PM","Rahim Yar Khan"
"264182","Bushra Saleem","MR-5701","EMDS Call","Road Crash","Bleeding","2026/01/29 04:13:24 PM","Rahim Yar Khan"
"264181","Bushra Saleem","MR-5701","EMDS Call","Rescue Operations","Delivery Case","2026/01/29 04:22:16 PM","Rahim Yar Khan"
"264183","Zupasha Zia","MR-5758","EMDS Call","Medical Emergency","High Fever","2026/01/29 04:26:07 PM","Sadiqabad"
"264184","Sheeza Barkat","MR-5331","EMDS Call","Medical Emergency","High Fever","2026/01/29 04:33:16 PM","Liaqatpur"
"75842","Bushra Saleem","MR-5701","Direct Call","Patient Transfer Service","N/A","2026/01/29 04:38:36 PM","Khanpur"
"264185","Bushra Saleem","MR-5701","EMDS Call","Medical Emergency","Vomiting","2026/01/29 04:51:57 PM","Rahim Yar Khan"
"264186","Zupasha Zia","MR-5758","EMDS Call","Medical Emergency","Renal Disorders / Renal Colic ","2026/01/29 05:00:02 PM","Sadiqabad"
"264187","Zia ul Haq","DR-328","EMDS Call","Rescue Operations","Animal/Bird Rescue","2026/01/29 04:59:45 PM","Khanpur"
"264188","Bushra Saleem","MR-5701","EMDS Call","Road Crash","Bleeding","2026/01/29 05:01:06 PM","Sadiqabad"
"264189","Zia ul Haq","DR-328","EMDS Call","Medical Emergency","Vomiting","2026/01/29 05:04:21 PM","Rahim Yar Khan"
"264190","Zia ul Haq","DR-328","EMDS Call","Medical Emergency","Chronic Illness","2026/01/29 05:09:21 PM","Liaqatpur"
"264191","Sheeza Barkat","MR-5331","EMDS Call","Road Crash","Minor Injuries","2026/01/29 05:10:56 PM","Khanpur"
"264192","Zia ul Haq","DR-328","EMDS Call","Road Crash","Bleeding","2026/01/29 05:27:46 PM","Liaqatpur"
"264193","Sheeza Barkat","MR-5331","EMDS Call","Road Crash","Bleeding","2026/01/29 05:29:52 PM","Rahim Yar Khan"
"264194","Sheeza Barkat","MR-5331","EMDS Call","Medical Emergency","CVA/Stroke","2026/01/29 05:34:47 PM","Sadiqabad"
"264195","Zia ul Haq","DR-328","EMDS Call","Medical Emergency","SOB/ Respiratory Distress","2026/01/29 05:35:35 PM","Rahim Yar Khan"
"264196","Bushra Saleem","MR-5701","EMDS Call","Medical Emergency","Abdominal Pain","2026/01/29 05:35:10 PM","Sadiqabad"
"264197","Zupasha Zia","MR-5758","EMDS Call","Medical Emergency","High Fever","2026/01/29 05:46:07 PM","Rahim Yar Khan"
"264198","Sheeza Barkat","MR-5331","EMDS Call","Road Crash","Bleeding","2026/01/29 05:58:27 PM","Rahim Yar Khan"
"264200","Sheeza Barkat","MR-5331","EMDS Call","Medical Emergency","Hypertension","2026/01/29 06:08:30 PM","Rahim Yar Khan"
"264199","Zupasha Zia","MR-5758","EMDS Call","Medical Emergency","SOB/ Respiratory Distress","2026/01/29 06:07:37 PM","Liaqatpur"
"264201","Zupasha Zia","MR-5758","EMDS Call","Medical Emergency","Vomiting","2026/01/29 06:13:10 PM","Rahim Yar Khan"
"264203","Sheeza Barkat","MR-5331","EMDS Call","Road Crash","Bleeding","2026/01/29 06:15:20 PM","Rahim Yar Khan"
"264202","Bushra Saleem","MR-5701","EMDS Call","Fire","Others","2026/01/29 06:14:59 PM","Liaqatpur"
"264205","Zupasha Zia","MR-5758","EMDS Call","Medical Emergency","High Fever","2026/01/29 06:17:47 PM","Rahim Yar Khan"
"264204","Bushra Saleem","MR-5701","EMDS Call","Medical Emergency","Others","2026/01/29 06:18:13 PM","Rahim Yar Khan"
"264207","Sheeza Barkat","MR-5331","EMDS Call","Medical Emergency","Chronic Illness","2026/01/29 06:20:37 PM","Rahim Yar Khan"
"264206","Bushra Saleem","MR-5701","EMDS Call","Medical Emergency","Chronic Illness","2026/01/29 06:21:49 PM","Sadiqabad"
"264208","Zupasha Zia","MR-5758","EMDS Call","Medical Emergency","Vomiting","2026/01/29 06:23:31 PM","Liaqatpur"
"264209","Bushra Saleem","MR-5701","EMDS Call","Medical Emergency","Others","2026/01/29 06:29:49 PM","Khanpur"
"264210","Adil Iqbal","DR-782","EMDS Call","Road Crash","Bleeding","2026/01/29 06:32:17 PM","Khanpur"
"75843","Bushra Saleem","MR-5701","Direct Call","Patient Transfer Service","N/A","2026/01/29 06:38:29 PM","Sadiqabad"
"264211","Bushra Saleem","MR-5701","EMDS Call","Road Crash","Bleeding","2026/01/29 06:42:46 PM","Rahim Yar Khan"
"264212","Bushra Saleem","MR-5701","EMDS Call","Medical Emergency","Others","2026/01/29 06:45:56 PM","Sadiqabad"
"264213","Adil Iqbal","DR-782","EMDS Call","Road Crash","Bleeding","2026/01/29 06:51:37 PM","Sadiqabad"
"264214","Bushra Saleem","MR-5701","EMDS Call","Road Crash","Bleeding","2026/01/29 06:52:25 PM","Liaqatpur"
"75844","Bushra Saleem","MR-5701","Direct Call","Patient Transfer Service","N/A","2026/01/29 06:58:44 PM","Sadiqabad"
"264216","Zia ul Haq","DR-328","EMDS Call","Medical Emergency","Unconscious","2026/01/29 07:05:36 PM","Rahim Yar Khan"
"264215","Adil Iqbal","DR-782","EMDS Call","Medical Emergency","Chronic Illness","2026/01/29 07:05:19 PM","Sadiqabad"
"264217","Bushra Saleem","MR-5701","EMDS Call","Road Crash","Bleeding","2026/01/29 07:10:39 PM","Rahim Yar Khan"
"75845","Zia ul Haq","DR-328","Direct Call","Patient Transfer Service","N/A","2026/01/29 07:12:15 PM","Liaqatpur"
"264218","Zia ul Haq","DR-328","EMDS Call","Medical Emergency","Abdominal Pain","2026/01/29 07:15:07 PM","Khanpur"
"264219","Bushra Saleem","MR-5701","EMDS Call","Medical Emergency","Hypertension","2026/01/29 07:20:57 PM","Sadiqabad"
"264220","Sheeza Barkat","MR-5331","EMDS Call","Rescue Operations","Animal/Bird Rescue","2026/01/29 07:22:08 PM","Khanpur"
"264221","Bushra Saleem","MR-5701","EMDS Call","Medical Emergency","Vomiting","2026/01/29 07:31:33 PM","Rahim Yar Khan"
"264222","Sheeza Barkat","MR-5331","EMDS Call","Medical Emergency","Others","2026/01/29 07:52:44 PM","Rahim Yar Khan"
"264223","Adil Iqbal","DR-782","EMDS Call","Medical Emergency","Abdominal Pain","2026/01/29 07:55:13 PM","Rahim Yar Khan"
"264224","Bushra Saleem","MR-5701","EMDS Call","Medical Emergency","Others","2026/01/29 08:04:02 PM","Khanpur"
"264225","Sheeza Barkat","MR-5331","EMDS Call","Medical Emergency","SOB/ Respiratory Distress","2026/01/29 08:09:17 PM","Sadiqabad"
"264226","Bushra Saleem","MR-5701","EMDS Call","Medical Emergency","Vomiting","2026/01/29 08:10:53 PM","Khanpur"
"264227","Bushra Saleem","MR-5701","EMDS Call","Medical Emergency","Domestic Injuries","2026/01/29 08:14:56 PM","Liaqatpur"
"264230","Bushra Saleem","MR-5701","EMDS Call","Medical Emergency","Abdominal Pain","2026/01/29 08:20:00 PM","Khanpur"
"264228","Adil Iqbal","DR-782","EMDS Call","Medical Emergency","Vomiting","2026/01/29 08:23:07 PM","Rahim Yar Khan"
"264229","Sheeza Barkat","MR-5331","EMDS Call","Medical Emergency","Hypertension","2026/01/29 08:24:22 PM","Rahim Yar Khan"
"264231","Bushra Saleem","MR-5701","EMDS Call","Road Crash","Bleeding","2026/01/29 08:27:37 PM","Rahim Yar Khan"
"264232","Sheeza Barkat","MR-5331","EMDS Call","Medical Emergency","Hypertension","2026/01/29 08:34:36 PM","Rahim Yar Khan"
"264233","Bushra Saleem","MR-5701","EMDS Call","Rescue Operations","Delivery Case","2026/01/29 08:49:11 PM","Liaqatpur"
"264234","Faiz Muhyy Ul Din","DR-892","EMDS Call","Medical Emergency","Abdominal Pain","2026/01/29 08:56:40 PM","Rahim Yar Khan"
"264235","Saira Bibi","MR-5494","EMDS Call","Rescue Operations","Animal/Bird Rescue","2026/01/29 08:59:30 PM","Sadiqabad"
"264236","Shaheen Islam","DR-1171","EMDS Call","Medical Emergency","Chronic Illness","2026/01/29 08:58:21 PM","Rahim Yar Khan"
"264237","Faiz Muhyy Ul Din","DR-892","EMDS Call","Medical Emergency","Diabetic","2026/01/29 09:01:27 PM","Liaqatpur"
"264240","Saira Bibi","MR-5494","EMDS Call","Medical Emergency","Others","2026/01/29 09:02:15 PM","Rahim Yar Khan"
"264238","Shaheen Islam","DR-1171","EMDS Call","Rescue Operations","Delivery Case","2026/01/29 09:04:30 PM","Sadiqabad"
"264239","Saira Bibi","MR-5494","EMDS Call","Road Crash","Bleeding","2026/01/29 09:15:42 PM","Rahim Yar Khan"
"264241","Saira Bibi","MR-5494","EMDS Call","Medical Emergency","Hypertension","2026/01/29 09:24:05 PM","Rahim Yar Khan"
"264242","Shaheen Islam","DR-1171","EMDS Call","Medical Emergency","Chest Pain","2026/01/29 09:24:50 PM","Khanpur"
"264243","Saira Bibi","MR-5494","EMDS Call","Medical Emergency","Chest Pain","2026/01/29 09:29:05 PM","Rahim Yar Khan"
"75846","Faiz Muhyy Ul Din","DR-892","Direct Call","Patient Transfer Service","N/A","2026/01/29 09:31:45 PM","Khanpur"
"Not Assigned","Shaheen Islam","DR-1171","EMDS Call","Road Crash","Bleeding","2026/01/29 09:35:05 PM","Rahim Yar Khan"
"75847","Faiz Muhyy Ul Din","DR-892","Direct Call","Patient Transfer Service","N/A","2026/01/29 09:36:49 PM","Khanpur"
"264245","Saira Bibi","MR-5494","EMDS Call","Medical Emergency","Renal Disorders / Renal Colic ","2026/01/29 09:43:07 PM","Khanpur"
"75848","Saira Bibi","MR-5494","Direct Call","Patient Transfer Service","N/A","2026/01/29 09:47:30 PM","Sadiqabad"
"264246","Shaheen Islam","DR-1171","EMDS Call","Medical Emergency","Chest Pain","2026/01/29 09:47:43 PM","Khanpur"
"264247","Saira Bibi","MR-5494","EMDS Call","Medical Emergency","Renal Disorders / Renal Colic ","2026/01/29 09:48:45 PM","Rahim Yar Khan"
"264248","Faiz Muhyy Ul Din","DR-892","Direct Call","Medical Emergency","Others","2026/01/29 09:49:55 PM","Sadiqabad"
"264249","Saira Bibi","MR-5494","Direct Call","Medical Emergency","Diabetic","2026/01/29 09:51:45 PM","Rahim Yar Khan"
"264250","Saira Bibi","MR-5494","Direct Call","Road Crash","Minor Injuries","2026/01/29 09:53:44 PM","Rahim Yar Khan"
"75849","Faiz Muhyy Ul Din","DR-892","Direct Call","Patient Transfer Service","N/A","2026/01/29 09:55:29 PM","Sadiqabad"
"264251","Saira Bibi","MR-5494","EMDS Call","Medical Emergency","Chest Pain","2026/01/29 10:20:17 PM","Rahim Yar Khan"
"264252","Shaheen Islam","DR-1171","EMDS Call","Medical Emergency","Hypertension","2026/01/29 10:22:33 PM","Sadiqabad"
"264253","Faiz Muhyy Ul Din","DR-892","EMDS Call","Medical Emergency","SOB/ Respiratory Distress","2026/01/29 10:27:22 PM","Rahim Yar Khan"
"264254","Saira Bibi","MR-5494","EMDS Call","Medical Emergency","Hypertension","2026/01/29 10:33:00 PM","Rahim Yar Khan"
"264255","Shaheen Islam","DR-1171","EMDS Call","Road Crash","Bleeding","2026/01/29 10:45:22 PM","Rahim Yar Khan"
"264256","Shaheen Islam","DR-1171","EMDS Call","Medical Emergency","Unconscious","2026/01/29 10:57:05 PM","Rahim Yar Khan"
"75850","Faiz Muhyy Ul Din","DR-892","Direct Call","Patient Transfer Service","N/A","2026/01/29 11:05:36 PM","Rahim Yar Khan"
"264257","Saira Bibi","MR-5494","EMDS Call","Road Crash","Bleeding","2026/01/29 11:07:58 PM","Rahim Yar Khan"
"264258","Farah Sadaqat","MR-5930","EMDS Call","Medical Emergency","Diabetic","2026/01/29 11:24:15 PM","Sadiqabad"
"264259","Maheen Tahir","MR-6017","EMDS Call","Medical Emergency","Others","2026/01/29 11:24:44 PM","Sadiqabad"
"75851","Farah Sadaqat","MR-5930","Direct Call","Patient Transfer Service","N/A","2026/01/29 11:32:41 PM","Khanpur"
"264260","Farah Sadaqat","MR-5930","EMDS Call","Road Crash","Minor Injuries","2026/01/29 11:34:00 PM","Sadiqabad"
"264261","Maheen Tahir","MR-6017","EMDS Call","Medical Emergency","Renal Disorders / Renal Colic ","2026/01/29 11:35:38 PM","Sadiqabad"
"264262","Shaheen Islam","DR-1171","EMDS Call","Medical Emergency","Vomiting","2026/01/29 11:41:01 PM","Rahim Yar Khan"
"264263","Maheen Tahir","MR-6017","EMDS Call","Medical Emergency","SOB/ Respiratory Distress","2026/01/29 11:47:54 PM","Khanpur"
"264264","Maheen Tahir","MR-6017","EMDS Call","Medical Emergency","Vomiting","2026/01/29 11:57:24 PM","Liaqatpur"
"75852","Farah Sadaqat","MR-5930","Direct Call","Patient Transfer Service","N/A","2026/01/30 12:00:04 AM","Sadiqabad"
"75853","Farah Sadaqat","MR-5930","Direct Call","Patient Transfer Service","N/A","2026/01/30 12:04:46 AM","Sadiqabad"
"264265","Shaheen Islam","DR-1171","EMDS Call","Medical Emergency","High Fever","2026/01/30 12:05:57 AM","Rahim Yar Khan"
"264266","Farah Sadaqat","MR-5930","EMDS Call","Medical Emergency","Abdominal Pain","2026/01/30 12:12:09 AM","Rahim Yar Khan"
"264267","Farah Sadaqat","MR-5930","EMDS Call","Rescue Operations","Delivery Case","2026/01/30 12:16:22 AM","Sadiqabad"
"264268","Shaheen Islam","DR-1171","EMDS Call","Medical Emergency","SOB/ Respiratory Distress","2026/01/30 12:32:02 AM","Liaqatpur"
"264269","Shaheen Islam","DR-1171","EMDS Call","Medical Emergency","Others","2026/01/30 12:40:14 AM","Rahim Yar Khan"
"75854","Farah Sadaqat","MR-5930","Direct Call","Patient Transfer Service","N/A","2026/01/30 12:42:43 AM","Sadiqabad"
"75855","Farah Sadaqat","MR-5930","Direct Call","Patient Transfer Service","N/A","2026/01/30 12:48:32 AM","Sadiqabad"
"264270","Maheen Tahir","MR-6017","EMDS Call","Medical Emergency","Diabetic","2026/01/30 12:49:35 AM","Sadiqabad"
"75856","Shaheen Islam","DR-1171","Direct Call","Patient Transfer Service","N/A","2026/01/30 12:53:23 AM","Rahim Yar Khan"
"264271","Farah Sadaqat","MR-5930","EMDS Call","Medical Emergency","SOB/ Respiratory Distress","2026/01/30 01:00:52 AM","Rahim Yar Khan"
"264272","Shaheen Islam","DR-1171","EMDS Call","Medical Emergency","Hypertension","2026/01/30 01:00:35 AM","Rahim Yar Khan"
"264273","Maheen Tahir","MR-6017","EMDS Call","Medical Emergency","Vomiting","2026/01/30 01:27:05 AM","Rahim Yar Khan"
"264274","Shaheen Islam","DR-1171","EMDS Call","Medical Emergency","Vomiting","2026/01/30 01:35:15 AM","Rahim Yar Khan"
"264275","Farah Sadaqat","MR-5930","EMDS Call","Medical Emergency","High Fever","2026/01/30 01:37:41 AM","Liaqatpur"
"264276","Maheen Tahir","MR-6017","EMDS Call","Rescue Operations","Others","2026/01/30 01:41:04 AM","Sadiqabad"
"264277","Maheen Tahir","MR-6017","EMDS Call","Medical Emergency","Abdominal Pain","2026/01/30 01:53:17 AM","Sadiqabad"
"264278","Shaheen Islam","DR-1171","EMDS Call","Medical Emergency","Others","2026/01/30 01:59:23 AM","Rahim Yar Khan"
"264279","Farah Sadaqat","MR-5930","EMDS Call","Medical Emergency","SOB/ Respiratory Distress","2026/01/30 02:06:23 AM","Khanpur"
"75857","Shaheen Islam","DR-1171","Direct Call","Patient Transfer Service","N/A","2026/01/30 02:29:32 AM","Sadiqabad"
"264280","Farah Sadaqat","MR-5930","EMDS Call","Medical Emergency","Abdominal Pain","2026/01/30 02:46:47 AM","Khanpur"
"264281","Maheen Tahir","MR-6017","EMDS Call","Medical Emergency","Others","2026/01/30 02:55:16 AM","Rahim Yar Khan"
"Not Assigned","Shaheen Islam","DR-1171","EMDS Call","Medical Emergency","Others","2026/01/30 02:55:34 AM","Liaqatpur"
"264283","Farah Sadaqat","MR-5930","EMDS Call","Medical Emergency","Hypotension","2026/01/30 02:59:04 AM","Khanpur"
"264284","Maheen Tahir","MR-6017","EMDS Call","Medical Emergency","Chest Pain","2026/01/30 03:00:37 AM","Sadiqabad"
"264285","Farah Sadaqat","MR-5930","EMDS Call","Medical Emergency","SOB/ Respiratory Distress","2026/01/30 03:12:02 AM","Liaqatpur"
"75858","Shaheen Islam","DR-1171","Direct Call","Patient Transfer Service","N/A","2026/01/30 03:30:18 AM","Khanpur"
"264286","Faiz Muhyy Ul Din","DR-892","EMDS Call","Medical Emergency","Vomiting","2026/01/30 03:47:03 AM","Sadiqabad"
"264287","Saira Bibi","MR-5494","EMDS Call","Fire","Others","2026/01/30 03:55:39 AM","Sadiqabad"
"264288","Faiz Muhyy Ul Din","DR-892","EMDS Call","Medical Emergency","Others","2026/01/30 04:10:09 AM","Rahim Yar Khan"
"264289","Shaheen Islam","DR-1171","EMDS Call","Medical Emergency","Unconscious","2026/01/30 05:14:46 AM","Rahim Yar Khan"
"Not Assigned","Saira Bibi","MR-5494","EMDS Call","Medical Emergency","Vomiting","2026/01/30 05:26:54 AM","Rahim Yar Khan"
"264291","Farhad Iftikhar","DR-913","EMDS Call","Medical Emergency","High Fever","2026/01/30 05:29:59 AM","Sadiqabad"
"264292","Shaheen Islam","DR-1171","EMDS Call","Medical Emergency","Others","2026/01/30 05:34:39 AM","Rahim Yar Khan"
"264293","Saira Bibi","MR-5494","EMDS Call","Medical Emergency","High Fever","2026/01/30 05:45:49 AM","Sadiqabad"
"264295","Farhad Iftikhar","DR-913","EMDS Call","Medical Emergency","Abdominal Pain","2026/01/30 05:46:56 AM","Sadiqabad"
"264294","Shaheen Islam","DR-1171","EMDS Call","Medical Emergency","SOB/ Respiratory Distress","2026/01/30 05:49:00 AM","Sadiqabad"
"264296","Shaheen Islam","DR-1171","EMDS Call","Road Crash","Multiple Fractures","2026/01/30 06:05:22 AM","Khanpur"
"264297","Saira Bibi","MR-5494","EMDS Call","Medical Emergency","Vomiting","2026/01/30 06:12:51 AM","Sadiqabad"
"264298","Saira Bibi","MR-5494","EMDS Call","Rescue Operations","Delivery Case","2026/01/30 06:19:03 AM","Sadiqabad"
"264299","Farhad Iftikhar","DR-913","EMDS Call","Medical Emergency","Unconscious","2026/01/30 06:30:00 AM","Khanpur"
"264300","Saira Bibi","MR-5494","EMDS Call","Medical Emergency","Unconscious","2026/01/30 07:04:08 AM","Sadiqabad"
"264301","Farhad Iftikhar","DR-913","EMDS Call","Medical Emergency","Epilepsy","2026/01/30 07:19:17 AM","Rahim Yar Khan"
"264302","Saira Bibi","MR-5494","EMDS Call","Road Crash","Multiple Fractures","2026/01/30 07:19:07 AM","Liaqatpur"
"264303","Shaheen Islam","DR-1171","EMDS Call","Road Crash","Minor Injuries","2026/01/30 07:20:10 AM","Sadiqabad"
"264304","Saira Bibi","MR-5494","EMDS Call","Road Crash","Bleeding","2026/01/30 07:22:43 AM","Khanpur"
"264305","Farhad Iftikhar","DR-913","EMDS Call","Medical Emergency","Abdominal Pain","2026/01/30 07:26:56 AM","Khanpur"
"264307","Shaheen Islam","DR-1171","EMDS Call","Medical Emergency","Hypertension","2026/01/30 07:37:00 AM","Khanpur"
"264306","Farhad Iftikhar","DR-913","EMDS Call","Medical Emergency","High Fever","2026/01/30 07:36:39 AM","Sadiqabad"
"264308","Saira Bibi","MR-5494","EMDS Call","Medical Emergency","SOB/ Respiratory Distress","2026/01/30 07:44:05 AM","Rahim Yar Khan"
"264309","Muhammad Fiaz","DR-206","Direct Call","Rescue Operations","Mass Event Coverage","2026/01/30 07:50:48 AM","Rahim Yar Khan"
"264310","Muhammad Fiaz","DR-206","EMDS Call","Road Crash","Bleeding","2026/01/30 07:51:06 AM","Rahim Yar Khan"
"264311","Shahla Nawaz","DR-185","EMDS Call","Medical Emergency","Joints Pain","2026/01/30 07:54:20 AM","Rahim Yar Khan"
"264312","Zia ul Haq","DR-328","EMDS Call","Medical Emergency","Unconscious","2026/01/30 08:03:40 AM","Khanpur"
"264313","Zia ul Haq","DR-328","Direct Call","Rescue Operations","Mass Event Coverage","2026/01/30 08:07:26 AM","Sadiqabad"
"264314","Muhammad Fiaz","DR-206","EMDS Call","Medical Emergency","Others","2026/01/30 08:12:08 AM","Sadiqabad"
"75859","Zia ul Haq","DR-328","Direct Call","Patient Transfer Service","N/A","2026/01/30 08:22:34 AM","Liaqatpur"
"264315","Zia ul Haq","DR-328","EMDS Call","Road Crash","Minor Injuries","2026/01/30 08:30:24 AM","Sadiqabad"
"264315","Zia ul Haq","DR-328","EMDS Call","Road Crash","Minor Injuries","2026/01/30 08:30:24 AM","Sadiqabad"
"264316","Shahla Nawaz","DR-185","EMDS Call","Road Crash","Minor Injuries","2026/01/30 08:32:26 AM","Rahim Yar Khan"
"264317","Muhammad Fiaz","DR-206","EMDS Call","Medical Emergency","Others","2026/01/30 08:35:07 AM","Rahim Yar Khan"
"264318","Shahla Nawaz","DR-185","EMDS Call","Medical Emergency","SOB/ Respiratory Distress","2026/01/30 08:35:38 AM","Liaqatpur"
"264319","Muhammad Fiaz","DR-206","EMDS Call","Road Crash","Bleeding","2026/01/30 08:39:56 AM","Khanpur"
"264320","Zia ul Haq","DR-328","EMDS Call","Medical Emergency","Vomiting","2026/01/30 08:42:49 AM","Rahim Yar Khan"
"264321","Zia ul Haq","DR-328","Direct Call","Rescue Operations","Mass Event Coverage","2026/01/30 08:46:34 AM","Sadiqabad"
"264322","Muhammad Fiaz","DR-206","EMDS Call","Medical Emergency","Others","2026/01/30 08:47:24 AM","Rahim Yar Khan"
"264323","Zia ul Haq","DR-328","EMDS Call","Medical Emergency","Vomiting","2026/01/30 08:49:31 AM","Khanpur"
"264324","Shahla Nawaz","DR-185","EMDS Call","Medical Emergency","SOB/ Respiratory Distress","2026/01/30 08:50:30 AM","Rahim Yar Khan"
"264325","Shahla Nawaz","DR-185","Direct Call","Medical Emergency","Abdominal Pain","2026/01/30 09:00:16 AM","Rahim Yar Khan"
"264326","Muhammad Fiaz","DR-206","EMDS Call","Medical Emergency","Renal Disorders / Renal Colic ","2026/01/30 09:02:00 AM","Liaqatpur"
"264327","Adnan Shabbir","DR-205","EMDS Call","Medical Emergency","SOB/ Respiratory Distress","2026/01/30 09:03:39 AM","Rahim Yar Khan"
"264328","Adnan Shabbir","DR-205","EMDS Call","Medical Emergency","SOB/ Respiratory Distress","2026/01/30 09:16:16 AM","Rahim Yar Khan"
"264329","Shahla Nawaz","DR-185","EMDS Call","Rescue Operations","Delivery Case","2026/01/30 09:20:18 AM","Sadiqabad"
"264330","Adnan Shabbir","DR-205","EMDS Call","Medical Emergency","SOB/ Respiratory Distress","2026/01/30 09:22:39 AM","Rahim Yar Khan"
"264331","Zia ul Haq","DR-328","EMDS Call","Rescue Operations","Animal/Bird Rescue","2026/01/30 09:24:15 AM","Sadiqabad"
"264333","Adnan Shabbir","DR-205","EMDS Call","Medical Emergency","Chest Pain","2026/01/30 09:25:17 AM","Liaqatpur"
"264332","Shahla Nawaz","DR-185","EMDS Call","Rescue Operations","Snake Emergency","2026/01/30 09:24:19 AM","Rahim Yar Khan"
"264334","Adnan Shabbir","DR-205","EMDS Call","Road Crash","Minor Injuries","2026/01/30 09:30:23 AM","Sadiqabad"
"264335","Zia ul Haq","DR-328","EMDS Call","Medical Emergency","Joints Pain","2026/01/30 09:29:45 AM","Sadiqabad"
"264336","Saima Bashir","MR-5819","EMDS Call","Road Crash","Bleeding","2026/01/30 09:37:11 AM","Rahim Yar Khan"
"264337","Zia ul Haq","DR-328","EMDS Call","Road Crash","Severe Trauma","2026/01/30 09:38:51 AM","Khanpur"
"264338","Adnan Shabbir","DR-205","EMDS Call","Medical Emergency","SOB/ Respiratory Distress","2026/01/30 09:46:27 AM","Sadiqabad"
"75860","Zia ul Haq","DR-328","Direct Call","Patient Transfer Service","N/A","2026/01/30 09:54:20 AM","Sadiqabad"
"264339","Adnan Shabbir","DR-205","EMDS Call","Medical Emergency","SOB/ Respiratory Distress","2026/01/30 09:54:33 AM","Khanpur"
"75861","Aasia Batool","MR-5198","Direct Call","Patient Transfer Service","N/A","2026/01/30 10:01:11 AM","Khanpur"
"264340","Zia ul Haq","DR-328","Direct Call","Rescue Operations","Mass Event Coverage","2026/01/30 10:00:09 AM","Rahim Yar Khan"
"264341","Adnan Shabbir","DR-205","EMDS Call","Medical Emergency","Renal Disorders / Renal Colic ","2026/01/30 10:01:31 AM","Rahim Yar Khan"
"75862","Aasia Batool","MR-5198","Direct Call","Patient Transfer Service","N/A","2026/01/30 10:03:42 AM","Khanpur"
"Not Assigned","Zia ul Haq","DR-328","Direct Call","Community","Community Training","2026/01/30 10:03:44 AM","Khanpur"
"264342","Aasia Batool","MR-5198","EMDS Call","Medical Emergency","CVA/Stroke","2026/01/30 10:04:44 AM","Sadiqabad"
"264343","Zia ul Haq","DR-328","Direct Call","Rescue Operations","Mass Event Coverage","2026/01/30 10:06:23 AM","Sadiqabad"
"264344","Adnan Shabbir","DR-205","EMDS Call","Road Crash","Minor Injuries","2026/01/30 10:16:20 AM","Rahim Yar Khan"
"264345","Mureed Abbas","DR-900","EMDS Call","Medical Emergency","Others","2026/01/30 10:17:31 AM","Rahim Yar Khan"
"264346","Aasia Batool","MR-5198","EMDS Call","Medical Emergency","Chest Pain","2026/01/30 10:17:12 AM","Sadiqabad"
"264347","Aasia Batool","MR-5198","EMDS Call","Crime","Physical Assault/Violence","2026/01/30 10:29:14 AM","Liaqatpur"
"264348","Adnan Shabbir","DR-205","EMDS Call","Medical Emergency","Others","2026/01/30 10:31:27 AM","Rahim Yar Khan"
"264349","Mureed Abbas","DR-900","EMDS Call","Road Crash","Bleeding","2026/01/30 10:32:17 AM","Rahim Yar Khan"
"264350","Aasia Batool","MR-5198","EMDS Call","Medical Emergency","Vomiting","2026/01/30 10:37:12 AM","Rahim Yar Khan"
"264351","Aasia Batool","MR-5198","EMDS Call","Road Crash","Bleeding","2026/01/30 10:47:35 AM","Sadiqabad"
"75863","Adil Iqbal","DR-782","Direct Call","Patient Transfer Service","N/A","2026/01/30 10:54:18 AM","Sadiqabad"
"264352","Aasia Batool","MR-5198","EMDS Call","Rescue Operations","Delivery Case","2026/01/30 11:13:11 AM","Khanpur"
"75864","Mureed Abbas","DR-900","Direct Call","Patient Transfer Service","N/A","2026/01/30 11:14:43 AM","Sadiqabad"
"264353","Mureed Abbas","DR-900","EMDS Call","Medical Emergency","Abdominal Pain","2026/01/30 11:15:37 AM","Khanpur"
"75865","Mureed Abbas","DR-900","Direct Call","Patient Transfer Service","N/A","2026/01/30 11:21:31 AM","Khanpur"
"Not Assigned","Zia ul Haq","DR-328","Direct Call","Community","Community Training","2026/01/30 11:23:52 AM","Sadiqabad"
"264354","Mureed Abbas","DR-900","EMDS Call","Road Crash","Multiple Fractures","2026/01/30 11:27:41 AM","Rahim Yar Khan"
"264355","Mureed Abbas","DR-900","EMDS Call","Rescue Operations","Delivery Case","2026/01/30 11:29:55 AM","Rahim Yar Khan"
"264356","Saima Bashir","MR-5819","Direct Call","Rescue Operations","Mass Event Coverage","2026/01/30 11:35:54 AM","Rahim Yar Khan"
"264357","Saima Bashir","MR-5819","EMDS Call","Rescue Operations","Delivery Case","2026/01/30 11:49:17 AM","Rahim Yar Khan"
"264358","Mureed Abbas","DR-900","EMDS Call","Rescue Operations","Vehicle Extrication","2026/01/30 11:48:54 AM","Rahim Yar Khan"
"264359","Aasia Batool","MR-5198","EMDS Call","Fire","Others","2026/01/30 12:02:27 PM","Khanpur"
"264360","Saima Bashir","MR-5819","EMDS Call","Road Crash","Bleeding","2026/01/30 12:07:51 PM","Rahim Yar Khan"
"264361","Saima Bashir","MR-5819","EMDS Call","Medical Emergency","Others","2026/01/30 12:16:17 PM","Rahim Yar Khan"
"264362","Mureed Abbas","DR-900","EMDS Call","Road Crash","Severe Trauma","2026/01/30 12:18:20 PM","Rahim Yar Khan"
"264363","Saima Bashir","MR-5819","EMDS Call","Medical Emergency","High Fever","2026/01/30 12:22:35 PM","Rahim Yar Khan"
"264364","Saima Bashir","MR-5819","EMDS Call","Road Crash","Bleeding","2026/01/30 12:26:15 PM","Sadiqabad"
"264366","Mureed Abbas","DR-900","EMDS Call","Medical Emergency","SOB/ Respiratory Distress","2026/01/30 12:25:35 PM","Rahim Yar Khan"
"264365","Aasia Batool","MR-5198","EMDS Call","Medical Emergency","Others","2026/01/30 12:26:39 PM","Rahim Yar Khan"
"264367","Saima Bashir","MR-5819","EMDS Call","Road Crash","Minor Injuries","2026/01/30 12:44:23 PM","Rahim Yar Khan"
"264368","Mureed Abbas","DR-900","EMDS Call","Road Crash","Bleeding","2026/01/30 12:46:18 PM","Sadiqabad"
"264369","Aasia Batool","MR-5198","EMDS Call","Road Crash","Severe Trauma","2026/01/30 12:49:03 PM","Khanpur"
"264370","Saima Bashir","MR-5819","EMDS Call","Medical Emergency","Abdominal Pain","2026/01/30 12:51:09 PM","Rahim Yar Khan"
"264371","Aasia Batool","MR-5198","EMDS Call","Road Crash","Bleeding","2026/01/30 12:57:22 PM","Rahim Yar Khan"
"264373","Saima Bashir","MR-5819","EMDS Call","Road Crash","Minor Injuries","2026/01/30 01:04:14 PM","Khanpur"
"264372","Aasia Batool","MR-5198","EMDS Call","Medical Emergency","Others","2026/01/30 01:04:28 PM","Rahim Yar Khan"
"264374","Aasia Batool","MR-5198","EMDS Call","Medical Emergency","Unconscious","2026/01/30 01:09:49 PM","Rahim Yar Khan"
"264375","Saima Bashir","MR-5819","EMDS Call","Medical Emergency","SOB/ Respiratory Distress","2026/01/30 01:18:27 PM","Sadiqabad"
"75866","Saima Bashir","MR-5819","Direct Call","Patient Transfer Service","N/A","2026/01/30 01:22:15 PM","Sadiqabad"
"264376","Aasia Batool","MR-5198","EMDS Call","Medical Emergency","Abdominal Pain","2026/01/30 01:22:17 PM","Khanpur"
"264377","Mureed Abbas","DR-900","EMDS Call","Road Crash","Multiple Fractures","2026/01/30 01:23:40 PM","Rahim Yar Khan"
"264378","Aasia Batool","MR-5198","EMDS Call","Medical Emergency","Vomiting","2026/01/30 01:27:27 PM","Rahim Yar Khan"
"264379","Mureed Abbas","DR-900","EMDS Call","Medical Emergency","SOB/ Respiratory Distress","2026/01/30 01:47:12 PM","Liaqatpur"
"264380","Saima Bashir","MR-5819","EMDS Call","Road Crash","Bleeding","2026/01/30 02:05:13 PM","Rahim Yar Khan"
"264380","Saima Bashir","MR-5819","EMDS Call","Road Crash","Bleeding","2026/01/30 02:05:13 PM","Rahim Yar Khan"
"264381","Shahla Nawaz","DR-185","EMDS Call","Rescue Operations","Delivery Case","2026/01/30 02:07:39 PM","Rahim Yar Khan"
"264382","Aasia Batool","MR-5198","EMDS Call","Road Crash","Bleeding","2026/01/30 02:14:13 PM","Rahim Yar Khan"
"264383","Sheeza Barkat","MR-5331","EMDS Call","Medical Emergency","SOB/ Respiratory Distress","2026/01/30 02:15:34 PM","Sadiqabad"
"264384","Sheeza Barkat","MR-5331","EMDS Call","Medical Emergency","Hypotension","2026/01/30 02:22:27 PM","Sadiqabad"
"264385","Muhammad ALi","DR-818","EMDS Call","Medical Emergency","CVA/Stroke","2026/01/30 02:24:39 PM","Rahim Yar Khan"
"264386","Zupasha Zia","MR-5758","EMDS Call","Medical Emergency","SOB/ Respiratory Distress","2026/01/30 02:38:11 PM","Rahim Yar Khan"
"264387","Muhammad Rashid Saleem","DR-187","EMDS Call","Medical Emergency","Others","2026/01/30 02:42:12 PM","Rahim Yar Khan"
"264388","Zupasha Zia","MR-5758","EMDS Call","Fire","Others","2026/01/30 02:43:36 PM","Khanpur"
"264389","Muhammad Rashid Saleem","DR-187","EMDS Call","Road Crash","Bleeding","2026/01/30 02:44:57 PM","Sadiqabad"
"264390","Sheeza Barkat","MR-5331","EMDS Call","Medical Emergency","Diabetic","2026/01/30 02:45:22 PM","Khanpur"
"264391","Zupasha Zia","MR-5758","EMDS Call","Fire","Others","2026/01/30 02:47:25 PM","Liaqatpur"
"264392","Bushra Saleem","MR-5701","EMDS Call","Road Crash","Minor Injuries","2026/01/30 02:45:52 PM","Rahim Yar Khan"
"264393","Zupasha Zia","MR-5758","EMDS Call","Medical Emergency","SOB/ Respiratory Distress","2026/01/30 02:51:16 PM","Sadiqabad"
"75867","Sheeza Barkat","MR-5331","Direct Call","Patient Transfer Service","N/A","2026/01/30 02:56:09 PM","Khanpur"
"264394","Bushra Saleem","MR-5701","EMDS Call","Road Crash","Minor Injuries","2026/01/30 02:55:57 PM","Rahim Yar Khan"
"264395","Zupasha Zia","MR-5758","EMDS Call","Road Crash","Multiple Fractures","2026/01/30 03:03:25 PM","Rahim Yar Khan"
"264396","Bushra Saleem","MR-5701","EMDS Call","Road Crash","Minor Injuries","2026/01/30 03:06:40 PM","Rahim Yar Khan"
"264399","Bushra Saleem","MR-5701","EMDS Call","Medical Emergency","Others","2026/01/30 03:12:25 PM","Rahim Yar Khan"
"264397","Zupasha Zia","MR-5758","EMDS Call","Medical Emergency","SOB/ Respiratory Distress","2026/01/30 03:15:53 PM","Sadiqabad"
"264398","Sheeza Barkat","MR-5331","EMDS Call","Road Crash","Bleeding","2026/01/30 03:16:13 PM","Liaqatpur"
"264398","Sheeza Barkat","MR-5331","EMDS Call","Road Crash","Bleeding","2026/01/30 03:16:13 PM","Liaqatpur"
"264400","Zupasha Zia","MR-5758","Direct Call","Rescue Operations","Mass Event Coverage","2026/01/30 03:18:56 PM","Rahim Yar Khan"
"75868","Sheeza Barkat","MR-5331","Direct Call","Patient Transfer Service","N/A","2026/01/30 03:20:46 PM","Liaqatpur"
"264401","Sheeza Barkat","MR-5331","EMDS Call","Medical Emergency","Chronic Illness","2026/01/30 03:21:34 PM","Khanpur"
"75869","Zupasha Zia","MR-5758","Direct Call","Patient Transfer Service","N/A","2026/01/30 03:23:48 PM","Liaqatpur"
"75871","Zupasha Zia","MR-5758","Direct Call","Patient Transfer Service","N/A","2026/01/30 03:25:50 PM","Sadiqabad"
"75870","Sheeza Barkat","MR-5331","Direct Call","Patient Transfer Service","N/A","2026/01/30 03:25:48 PM","Khanpur"
"264402","Zupasha Zia","MR-5758","EMDS Call","Fall","Fall From Stairs","2026/01/30 03:29:09 PM","Rahim Yar Khan"
"264403","Zupasha Zia","MR-5758","EMDS Call","Medical Emergency","Others","2026/01/30 03:37:42 PM","Rahim Yar Khan"
"264404","Bushra Saleem","MR-5701","EMDS Call","Medical Emergency","Domestic Injuries","2026/01/30 03:39:58 PM","Rahim Yar Khan"
"264405","Sheeza Barkat","MR-5331","EMDS Call","Medical Emergency","Others","2026/01/30 03:42:49 PM","Rahim Yar Khan"
"264406","Sheeza Barkat","MR-5331","EMDS Call","Medical Emergency","Domestic Injuries","2026/01/30 03:48:19 PM","Rahim Yar Khan"
"264407","Zupasha Zia","MR-5758","EMDS Call","Medical Emergency","Domestic Injuries","2026/01/30 03:51:46 PM","Rahim Yar Khan"
"264408","Bushra Saleem","MR-5701","EMDS Call","Medical Emergency","Domestic Injuries","2026/01/30 03:54:36 PM","Rahim Yar Khan"
"264409","Sheeza Barkat","MR-5331","EMDS Call","Road Crash","Bleeding","2026/01/30 03:58:38 PM","Sadiqabad"
"264410","Muhammad Rashid Saleem","DR-187","EMDS Call","Medical Emergency","Others","2026/01/30 04:06:03 PM","Rahim Yar Khan"
"264411","Sheeza Barkat","MR-5331","EMDS Call","Road Crash","Bleeding","2026/01/30 04:06:42 PM","Rahim Yar Khan"
"264412","Muhammad Rashid Saleem","DR-187","EMDS Call","Medical Emergency","Chest Pain","2026/01/30 04:14:25 PM","Sadiqabad"
"264413","Zupasha Zia","MR-5758","EMDS Call","Medical Emergency","SOB/ Respiratory Distress","2026/01/30 04:14:47 PM","Rahim Yar Khan"
"264414","Muhammad ALi","DR-818","Direct Call","Medical Emergency","Joints Pain","2026/01/30 04:23:18 PM","Rahim Yar Khan"
"264415","Muhammad Rashid Saleem","DR-187","EMDS Call","Road Crash","Multiple Fractures","2026/01/30 04:36:13 PM","Sadiqabad"
"264415","Muhammad Rashid Saleem","DR-187","EMDS Call","Road Crash","Multiple Fractures","2026/01/30 04:36:13 PM","Sadiqabad"
"264416","Bushra Saleem","MR-5701","EMDS Call","Road Crash","Minor Injuries","2026/01/30 04:38:11 PM","Rahim Yar Khan"
"264417","Zupasha Zia","MR-5758","EMDS Call","Road Crash","Severe Trauma","2026/01/30 04:42:49 PM","Khanpur"
"264418","Bushra Saleem","MR-5701","EMDS Call","Medical Emergency","Unconscious","2026/01/30 04:43:04 PM","Sadiqabad"
"264419","Zupasha Zia","MR-5758","EMDS Call","Road Crash","Bleeding","2026/01/30 04:47:33 PM","Rahim Yar Khan"
"264420","Bushra Saleem","MR-5701","EMDS Call","Road Crash","Minor Injuries","2026/01/30 05:02:09 PM","Rahim Yar Khan"
"264421","Zupasha Zia","MR-5758","EMDS Call","Medical Emergency","Hypertension","2026/01/30 05:07:16 PM","Rahim Yar Khan"
"264422","Zupasha Zia","MR-5758","EMDS Call","Medical Emergency","Others","2026/01/30 05:11:52 PM","Rahim Yar Khan"
"264423","Sheeza Barkat","MR-5331","EMDS Call","Road Crash","Bleeding","2026/01/30 05:15:30 PM","Sadiqabad"
"264425","Zupasha Zia","MR-5758","EMDS Call","Rescue Operations","Delivery Case","2026/01/30 05:21:06 PM","Rahim Yar Khan"
"264424","Bushra Saleem","MR-5701","EMDS Call","Medical Emergency","Others","2026/01/30 05:22:13 PM","Rahim Yar Khan"
"264426","Sheeza Barkat","MR-5331","EMDS Call","Medical Emergency","Others","2026/01/30 05:21:58 PM","Sadiqabad"
"264427","Zupasha Zia","MR-5758","Direct Call","Medical Emergency","Chronic Illness","2026/01/30 05:29:13 PM","Rahim Yar Khan"
"Not Assigned","Zupasha Zia","MR-5758","EMDS Call","Medical Emergency","Others","2026/01/30 05:37:11 PM","Rahim Yar Khan"
"264429","Sheeza Barkat","MR-5331","EMDS Call","Medical Emergency","Domestic Injuries","2026/01/30 05:47:44 PM","Rahim Yar Khan"
"264430","Bushra Saleem","MR-5701","EMDS Call","Road Crash","Severe Trauma","2026/01/30 05:51:25 PM","Rahim Yar Khan"
"264431","Sheeza Barkat","MR-5331","EMDS Call","Road Crash","Bleeding","2026/01/30 05:56:35 PM","Rahim Yar Khan"
"264433","Sheeza Barkat","MR-5331","EMDS Call","Medical Emergency","Others","2026/01/30 06:00:38 PM","Rahim Yar Khan"
"264432","Bushra Saleem","MR-5701","EMDS Call","Medical Emergency","Hypertension","2026/01/30 06:00:55 PM","Rahim Yar Khan"
"264434","Sheeza Barkat","MR-5331","EMDS Call","Medical Emergency","Chronic Illness","2026/01/30 06:03:36 PM","Rahim Yar Khan"
"75872","Sheeza Barkat","MR-5331","Direct Call","Patient Transfer Service","N/A","2026/01/30 06:09:14 PM","Sadiqabad"
"264435","Bushra Saleem","MR-5701","EMDS Call","Medical Emergency","SOB/ Respiratory Distress","2026/01/30 06:09:10 PM","Liaqatpur"
"75873","Zupasha Zia","MR-5758","Direct Call","Patient Transfer Service","N/A","2026/01/30 06:11:56 PM","Khanpur"
"264436","Zupasha Zia","MR-5758","EMDS Call","Road Crash","Severe Trauma","2026/01/30 06:19:40 PM","Rahim Yar Khan"
"264437","Bushra Saleem","MR-5701","Direct Call","Rescue Operations","Mass Event Coverage","2026/01/30 06:22:01 PM","Liaqatpur"
"264437","Bushra Saleem","MR-5701","Direct Call","Rescue Operations","Mass Event Coverage","2026/01/30 06:22:01 PM","Liaqatpur"
"264437","Bushra Saleem","MR-5701","Direct Call","Rescue Operations","Mass Event Coverage","2026/01/30 06:22:01 PM","Liaqatpur"
"75874","Bushra Saleem","MR-5701","Direct Call","Patient Transfer Service","N/A","2026/01/30 06:32:32 PM","Sadiqabad"
"264438","Zupasha Zia","MR-5758","EMDS Call","Road Crash","Bleeding","2026/01/30 06:33:28 PM","Rahim Yar Khan"
"264439","Sheeza Barkat","MR-5331","EMDS Call","Medical Emergency","Unconscious","2026/01/30 06:35:43 PM","Rahim Yar Khan"
"264440","Zupasha Zia","MR-5758","EMDS Call","Medical Emergency","Chest Pain","2026/01/30 06:40:53 PM","Sadiqabad"
"264441","Sheeza Barkat","MR-5331","Direct Call","Road Crash","Bleeding","2026/01/30 06:46:34 PM","Khanpur"
"264442","Sheeza Barkat","MR-5331","EMDS Call","Road Crash","Bleeding","2026/01/30 06:49:33 PM","Rahim Yar Khan"
"264443","Zupasha Zia","MR-5758","EMDS Call","Road Crash","Bleeding","2026/01/30 06:51:15 PM","Liaqatpur"
"264443","Zupasha Zia","MR-5758","EMDS Call","Road Crash","Bleeding","2026/01/30 06:51:15 PM","Liaqatpur"
"264444","Bushra Saleem","MR-5701","EMDS Call","Medical Emergency","Abdominal Pain","2026/01/30 06:50:05 PM","Rahim Yar Khan"
"264445","Sheeza Barkat","MR-5331","Direct Call","Medical Emergency","Others","2026/01/30 06:53:13 PM","Sadiqabad"
"264446","Zupasha Zia","MR-5758","EMDS Call","Road Crash","Bleeding","2026/01/30 06:56:10 PM","Rahim Yar Khan"
"264447","Bushra Saleem","MR-5701","EMDS Call","Medical Emergency","Others","2026/01/30 06:57:13 PM","Sadiqabad"
"264448","Zupasha Zia","MR-5758","EMDS Call","Medical Emergency","Epilepsy","2026/01/30 07:05:44 PM","Rahim Yar Khan"
"264449","Muhammad Rashid Saleem","DR-187","EMDS Call","Road Crash","Severe Trauma","2026/01/30 07:06:15 PM","Khanpur"
"264450","Zupasha Zia","MR-5758","EMDS Call","Medical Emergency","Vomiting","2026/01/30 07:11:34 PM","Rahim Yar Khan"
"264451","Zupasha Zia","MR-5758","EMDS Call","Medical Emergency","Vomiting","2026/01/30 07:17:52 PM","Rahim Yar Khan"
"264452","Bushra Saleem","MR-5701","EMDS Call","Medical Emergency","Vomiting","2026/01/30 07:27:45 PM","Rahim Yar Khan"
"264453","Zupasha Zia","MR-5758","EMDS Call","Medical Emergency","Hypertension","2026/01/30 07:29:35 PM","Sadiqabad"
"264454","Sheeza Barkat","MR-5331","EMDS Call","Medical Emergency","Hypertension","2026/01/30 07:29:57 PM","Sadiqabad"
"264455","Bushra Saleem","MR-5701","EMDS Call","Medical Emergency","Diabetic","2026/01/30 07:30:01 PM","Rahim Yar Khan"
"264456","Sheeza Barkat","MR-5331","EMDS Call","Medical Emergency","SOB/ Respiratory Distress","2026/01/30 07:45:07 PM","Khanpur"
"264457","Zupasha Zia","MR-5758","EMDS Call","Medical Emergency","Domestic Injuries","2026/01/30 07:46:46 PM","Khanpur"
"264458","Zupasha Zia","MR-5758","EMDS Call","Road Crash","Bleeding","2026/01/30 07:49:46 PM","Khanpur"
"264459","Bushra Saleem","MR-5701","EMDS Call","Medical Emergency","Abdominal Pain","2026/01/30 07:50:56 PM","Sadiqabad"
"264460","Sheeza Barkat","MR-5331","EMDS Call","Medical Emergency","SOB/ Respiratory Distress","2026/01/30 07:53:18 PM","Rahim Yar Khan"
"264461","Bushra Saleem","MR-5701","EMDS Call","Medical Emergency","Chest Pain","2026/01/30 07:57:56 PM","Khanpur"
"Not Assigned","Sheeza Barkat","MR-5331","EMDS Call","Road Crash","Bleeding","2026/01/30 08:06:19 PM","Liaqatpur"
"264462","Zupasha Zia","MR-5758","Direct Call","Medical Emergency","Abdominal Pain","2026/01/30 08:10:34 PM","Rahim Yar Khan"
"264463","Zupasha Zia","MR-5758","EMDS Call","Medical Emergency","Diarrhea","2026/01/30 08:11:47 PM","Liaqatpur"
"264464","Bushra Saleem","MR-5701","EMDS Call","Medical Emergency","Others","2026/01/30 08:14:11 PM","Rahim Yar Khan"
"264465","Bushra Saleem","MR-5701","EMDS Call","Rescue Operations","Delivery Case","2026/01/30 08:21:32 PM","Rahim Yar Khan"
"264466","Sheeza Barkat","MR-5331","EMDS Call","Medical Emergency","SOB/ Respiratory Distress","2026/01/30 08:20:06 PM","Liaqatpur"
"264467","Sheeza Barkat","MR-5331","EMDS Call","Road Crash","Minor Injuries","2026/01/30 08:26:14 PM","Sadiqabad"
"264468","Muhammad ALi","DR-818","EMDS Call","Crime","Bullet Injury","2026/01/30 08:46:50 PM","Khanpur"
"264469","Muhammad ALi","DR-818","EMDS Call","Rescue Operations","Delivery Case","2026/01/30 08:50:20 PM","Rahim Yar Khan"
"264471","Muhammad ALi","DR-818","EMDS Call","Medical Emergency","Vomiting","2026/01/30 08:53:46 PM","Khanpur"
"264470","Muhammad Tariq Hameed","DR-885","EMDS Call","Medical Emergency","SOB/ Respiratory Distress","2026/01/30 08:55:13 PM","Rahim Yar Khan"
"264472","Muhammad Zubair","DR-894","EMDS Call","Road Crash","Minor Injuries","2026/01/30 09:01:14 PM","Rahim Yar Khan"
"264473","Muhammad Tariq Hameed","DR-885","EMDS Call","Medical Emergency","Unconscious","2026/01/30 09:02:32 PM","Khanpur"
"264474","Muhammad Zubair","DR-894","EMDS Call","Medical Emergency","Chronic Illness","2026/01/30 09:08:09 PM","Liaqatpur"
"264475","Muhammad Tariq Hameed","DR-885","EMDS Call","Medical Emergency","Others","2026/01/30 09:09:05 PM","Rahim Yar Khan"
"264476","Muhammad Zubair","DR-894","EMDS Call","Medical Emergency","Abdominal Pain","2026/01/30 09:17:10 PM","Liaqatpur"
"264477","Muhammad Zubair","DR-894","EMDS Call","Medical Emergency","Chronic Illness","2026/01/30 09:19:46 PM","Rahim Yar Khan"
"264479","Saira Bibi","MR-5494","EMDS Call","Medical Emergency","Diabetic","2026/01/30 09:19:38 PM","Khanpur"
"264478","Saira Bibi","MR-5494","EMDS Call","Road Crash","Minor Injuries","2026/01/30 09:22:32 PM","Liaqatpur"
"264481","Muhammad Zubair","DR-894","EMDS Call","Medical Emergency","High Fever","2026/01/30 09:22:51 PM","Khanpur"
"264480","Muhammad Tariq Hameed","DR-885","EMDS Call","Rescue Operations","Delivery Case","2026/01/30 09:28:59 PM","Rahim Yar Khan"
"264482","Saira Bibi","MR-5494","Direct Call","Medical Emergency","Vomiting","2026/01/30 09:34:10 PM","Sadiqabad"
"264484","Muhammad Zubair","DR-894","EMDS Call","Medical Emergency","Unconscious","2026/01/30 09:38:13 PM","Rahim Yar Khan"
"264483","Maheen Tahir","MR-6017","EMDS Call","Medical Emergency","Abdominal Pain","2026/01/30 09:37:11 PM","Rahim Yar Khan"
"264485","Saira Bibi","MR-5494","EMDS Call","Road Crash","Severe Trauma","2026/01/30 09:44:42 PM","Khanpur"
"264486","Maheen Tahir","MR-6017","EMDS Call","Medical Emergency","Others","2026/01/30 09:46:49 PM","Rahim Yar Khan"
"264489","Muhammad Zubair","DR-894","Direct Call","Medical Emergency","High Fever","2026/01/30 09:48:17 PM","Rahim Yar Khan"
"264487","Maheen Tahir","MR-6017","EMDS Call","Road Crash","Minor Injuries","2026/01/30 09:52:54 PM","Khanpur"
"264488","Muhammad Zubair","DR-894","EMDS Call","Medical Emergency","Vomiting","2026/01/30 09:57:46 PM","Rahim Yar Khan"
"264490","Saira Bibi","MR-5494","EMDS Call","Medical Emergency","Abdominal Pain","2026/01/30 09:59:41 PM","Khanpur"
"264491","Maheen Tahir","MR-6017","EMDS Call","Medical Emergency","Others","2026/01/30 10:06:05 PM","Rahim Yar Khan"
"75875","Saira Bibi","MR-5494","Direct Call","Patient Transfer Service","N/A","2026/01/30 10:12:06 PM","Liaqatpur"
"264492","Muhammad Zubair","DR-894","EMDS Call","Medical Emergency","Unconscious","2026/01/30 10:15:20 PM","Rahim Yar Khan"
"264493","Maheen Tahir","MR-6017","EMDS Call","Rescue Operations","Delivery Case","2026/01/30 10:23:52 PM","Rahim Yar Khan"
"75876","Maheen Tahir","MR-6017","Direct Call","Patient Transfer Service","N/A","2026/01/30 10:32:38 PM","Sadiqabad"
"264494","Saira Bibi","MR-5494","Direct Call","Medical Emergency","Others","2026/01/30 10:37:07 PM","Rahim Yar Khan"
"264495","Maheen Tahir","MR-6017","Direct Call","Medical Emergency","SOB/ Respiratory Distress","2026/01/30 10:38:15 PM","Rahim Yar Khan"
"75877","Saira Bibi","MR-5494","Direct Call","Patient Transfer Service","N/A","2026/01/30 10:40:39 PM","Khanpur"
"264496","Muhammad Zubair","DR-894","EMDS Call","Medical Emergency","SOB/ Respiratory Distress","2026/01/30 10:42:33 PM","Sadiqabad"
"75878","Maheen Tahir","MR-6017","Direct Call","Patient Transfer Service","N/A","2026/01/30 10:44:21 PM","Sadiqabad"
"264497","Maheen Tahir","MR-6017","EMDS Call","Medical Emergency","Abdominal Pain","2026/01/30 10:46:48 PM","Rahim Yar Khan"
"264498","Muhammad Zubair","DR-894","EMDS Call","Medical Emergency","SOB/ Respiratory Distress","2026/01/30 10:46:51 PM","Rahim Yar Khan"
"264499","Maheen Tahir","MR-6017","EMDS Call","Medical Emergency","Others","2026/01/30 10:52:25 PM","Rahim Yar Khan"
"75879","Maheen Tahir","MR-6017","Direct Call","Patient Transfer Service","N/A","2026/01/30 11:01:01 PM","Liaqatpur"
"75880","Maheen Tahir","MR-6017","Direct Call","Patient Transfer Service","N/A","2026/01/30 11:03:53 PM","Sadiqabad"
"264500","Farah Sadaqat","MR-5930","EMDS Call","Medical Emergency","Others","2026/01/30 11:02:37 PM","Liaqatpur"
"264501","Shaheen Islam","DR-1171","EMDS Call","Rescue Operations","Delivery Case","2026/01/30 11:06:04 PM","Rahim Yar Khan"
"75881","Farah Sadaqat","MR-5930","Direct Call","Patient Transfer Service","N/A","2026/01/30 11:10:44 PM","Sadiqabad"
"264502","Farah Sadaqat","MR-5930","EMDS Call","Medical Emergency","Allergy","2026/01/30 11:11:11 PM","Rahim Yar Khan"
"264503","Shaheen Islam","DR-1171","EMDS Call","Rescue Operations","Delivery Case","2026/01/30 11:14:06 PM","Sadiqabad"
"264504","Shaheen Islam","DR-1171","EMDS Call","Medical Emergency","Others","2026/01/30 11:55:25 PM","Rahim Yar Khan"
"264505","Maheen Tahir","MR-6017","EMDS Call","Medical Emergency","Chronic Illness","2026/01/31 12:12:05 AM","Liaqatpur"
"264506","Shaheen Islam","DR-1171","EMDS Call","Medical Emergency","SOB/ Respiratory Distress","2026/01/31 12:35:03 AM","Rahim Yar Khan"
"75882","Maheen Tahir","MR-6017","Direct Call","Patient Transfer Service","N/A","2026/01/31 12:39:36 AM","Sadiqabad"
"264507","Maheen Tahir","MR-6017","EMDS Call","Medical Emergency","Abdominal Pain","2026/01/31 12:42:57 AM","Khanpur"
"264508","Shaheen Islam","DR-1171","EMDS Call","Medical Emergency","Chest Pain","2026/01/31 12:44:18 AM","Liaqatpur"
"264509","Maheen Tahir","MR-6017","EMDS Call","Medical Emergency","Chest Pain","2026/01/31 12:46:41 AM","Rahim Yar Khan"
"264510","Farah Sadaqat","MR-5930","EMDS Call","Medical Emergency","Abdominal Pain","2026/01/31 12:56:46 AM","Khanpur"
"264511","Shaheen Islam","DR-1171","EMDS Call","Medical Emergency","Chronic Illness","2026/01/31 12:59:19 AM","Rahim Yar Khan"
"264512","Farah Sadaqat","MR-5930","EMDS Call","Medical Emergency","Others","2026/01/31 01:02:46 AM","Rahim Yar Khan"
"264513","Maheen Tahir","MR-6017","EMDS Call","Medical Emergency","Others","2026/01/31 01:11:22 AM","Rahim Yar Khan"
"264514","Farah Sadaqat","MR-5930","EMDS Call","Medical Emergency","Others","2026/01/31 01:20:30 AM","Sadiqabad"
"264515","Shaheen Islam","DR-1171","Direct Call","Medical Emergency","Others","2026/01/31 01:30:15 AM","Liaqatpur"
"264516","Maheen Tahir","MR-6017","EMDS Call","Medical Emergency","Hypertension","2026/01/31 01:49:17 AM","Rahim Yar Khan"
"264517","Farah Sadaqat","MR-5930","EMDS Call","Medical Emergency","Others","2026/01/31 02:05:34 AM","Rahim Yar Khan"
"Not Assigned","Maheen Tahir","MR-6017","EMDS Call","Medical Emergency","Chest Pain","2026/01/31 02:14:40 AM","Rahim Yar Khan"
"264518","Shaheen Islam","DR-1171","EMDS Call","Medical Emergency","Renal Disorders / Renal Colic ","2026/01/31 02:14:02 AM","Liaqatpur"
"264520","Maheen Tahir","MR-6017","EMDS Call","Medical Emergency","Chest Pain","2026/01/31 02:27:36 AM","Rahim Yar Khan"
"264521","Farah Sadaqat","MR-5930","EMDS Call","Medical Emergency","Chronic Illness","2026/01/31 02:37:47 AM","Khanpur"
"264522","Shaheen Islam","DR-1171","EMDS Call","Medical Emergency","Vomiting","2026/01/31 02:56:28 AM","Rahim Yar Khan"
"264523","Maheen Tahir","MR-6017","EMDS Call","Medical Emergency","Others","2026/01/31 03:00:43 AM","Rahim Yar Khan"
"264524","Farah Sadaqat","MR-5930","EMDS Call","Medical Emergency","SOB/ Respiratory Distress","2026/01/31 03:21:40 AM","Rahim Yar Khan"
"264525","Shaheen Islam","DR-1171","EMDS Call","Medical Emergency","Chest Pain","2026/01/31 03:49:18 AM","Rahim Yar Khan"
"264526","Muhammad Zubair","DR-894","EMDS Call","Medical Emergency","Hypertension","2026/01/31 04:02:50 AM","Rahim Yar Khan"
"264527","Muhammad Tariq Hameed","DR-885","EMDS Call","Medical Emergency","Abdominal Pain","2026/01/31 04:17:04 AM","Liaqatpur"
"264528","Shaheen Islam","DR-1171","EMDS Call","Medical Emergency","Hypertension","2026/01/31 04:28:37 AM","Sadiqabad"
"264529","Muhammad Tariq Hameed","DR-885","EMDS Call","Medical Emergency","Others","2026/01/31 04:34:23 AM","Rahim Yar Khan"
"264530","Muhammad Zubair","DR-894","EMDS Call","Medical Emergency","Chronic Illness","2026/01/31 04:36:45 AM","Khanpur"
"264531","Muhammad Tariq Hameed","DR-885","EMDS Call","Rescue Operations","Delivery Case","2026/01/31 04:42:16 AM","Rahim Yar Khan"
"75883","Muhammad Zubair","DR-894","Direct Call","Patient Transfer Service","N/A","2026/01/31 04:54:09 AM","Khanpur"
"75884","Muhammad Zubair","DR-894","Direct Call","Patient Transfer Service","N/A","2026/01/31 05:03:59 AM","Khanpur"
"264532","Saira Bibi","MR-5494","EMDS Call","Medical Emergency","SOB/ Respiratory Distress","2026/01/31 05:09:28 AM","Rahim Yar Khan"
"264533","Muhammad Zubair","DR-894","EMDS Call","Road Crash","Bleeding","2026/01/31 05:10:23 AM","Rahim Yar Khan"
"264534","Muhammad Tariq Hameed","DR-885","EMDS Call","Medical Emergency","Chest Pain","2026/01/31 05:12:19 AM","Rahim Yar Khan"
"264535","Muhammad Zubair","DR-894","EMDS Call","Medical Emergency","Others","2026/01/31 05:59:26 AM","Sadiqabad"
"264536","Saira Bibi","MR-5494","EMDS Call","Medical Emergency","Epilepsy","2026/01/31 06:05:41 AM","Rahim Yar Khan"
"264537","Saira Bibi","MR-5494","EMDS Call","Medical Emergency","Chest Pain","2026/01/31 06:38:39 AM","Sadiqabad"
"264538","Muhammad Zubair","DR-894","EMDS Call","Medical Emergency","SOB/ Respiratory Distress","2026/01/31 06:43:26 AM","Rahim Yar Khan"
"264539","Saira Bibi","MR-5494","EMDS Call","Medical Emergency","Others","2026/01/31 06:45:00 AM","Sadiqabad"
"264540","Saira Bibi","MR-5494","EMDS Call","Medical Emergency","SOB/ Respiratory Distress","2026/01/31 06:53:53 AM","Rahim Yar Khan"
"264541","Muhammad Tariq Hameed","DR-885","EMDS Call","Rescue Operations","Animal/Bird Rescue","2026/01/31 07:06:15 AM","Sadiqabad"
"75885","Muhammad Zubair","DR-894","Direct Call","Patient Transfer Service","N/A","2026/01/31 07:23:52 AM","Sadiqabad"
"264542","Muhammad Tariq Hameed","DR-885","EMDS Call","Medical Emergency","Chest Pain","2026/01/31 07:25:55 AM","Khanpur"
"264543","Saira Bibi","MR-5494","EMDS Call","Fire","Others","2026/01/31 07:31:54 AM","Sadiqabad"
"264544","Muhammad Zubair","DR-894","EMDS Call","Road Crash","Bleeding","2026/01/31 07:43:21 AM","Khanpur"
"264545","Saira Bibi","MR-5494","Direct Call","Medical Emergency","Others","2026/01/31 07:47:32 AM","Rahim Yar Khan"
"264546","Muhammad Tariq Hameed","DR-885","EMDS Call","Medical Emergency","Chest Pain","2026/01/31 07:47:11 AM","Sadiqabad"
"264547","Fahad Hussain","DR-538","EMDS Call","Road Crash","Bleeding","2026/01/31 08:11:44 AM","Sadiqabad"
"264547","Fahad Hussain","DR-538","EMDS Call","Road Crash","Bleeding","2026/01/31 08:11:44 AM","Sadiqabad"
"264549","Zia ul Haq","DR-328","EMDS Call","Medical Emergency","Chronic Illness","2026/01/31 08:15:01 AM","Rahim Yar Khan"
"264548","Fahad Hussain","DR-538","EMDS Call","Medical Emergency","Vomiting","2026/01/31 08:15:56 AM","Liaqatpur"
"264550","Zia ul Haq","DR-328","EMDS Call","Road Crash","Bleeding","2026/01/31 08:18:35 AM","Sadiqabad"
"264551","Fahad Hussain","DR-538","EMDS Call","Road Crash","Bleeding","2026/01/31 08:23:19 AM","Rahim Yar Khan"
"75886","Fahad Hussain","DR-538","Direct Call","Patient Transfer Service","N/A","2026/01/31 08:49:35 AM","Sadiqabad"
"264552","Nida Rahat","DR-1322","EMDS Call","Medical Emergency","Others","2026/01/31 08:49:05 AM","Rahim Yar Khan"
"264553","Nida Rahat","DR-1322","Direct Call","Rescue Operations","Mass Event Coverage","2026/01/31 08:54:19 AM","Sadiqabad"
"75887","Nida Rahat","DR-1322","Direct Call","Patient Transfer Service","N/A","2026/01/31 08:58:41 AM","Sadiqabad"
"264554","Fahad Hussain","DR-538","EMDS Call","Medical Emergency","Chronic Illness","2026/01/31 08:59:02 AM","Rahim Yar Khan"
"264555","Saima Bashir","MR-5819","Direct Call","Road Crash","Bleeding","2026/01/31 08:55:00 AM","Liaqatpur"
"264556","Nida Rahat","DR-1322","Direct Call","Rescue Operations","Delivery Case","2026/01/31 09:00:50 AM","Rahim Yar Khan"
"264557","Nida Rahat","DR-1322","Direct Call","Rescue Operations","Mass Event Coverage","2026/01/31 09:06:50 AM","Sadiqabad"
"264558","Fahad Hussain","DR-538","EMDS Call","Medical Emergency","Unconscious","2026/01/31 09:07:16 AM","Rahim Yar Khan"
"264559","Nida Rahat","DR-1322","Direct Call","Rescue Operations","Mass Event Coverage","2026/01/31 09:10:35 AM","Rahim Yar Khan"
"264560","Nida Rahat","DR-1322","EMDS Call","Road Crash","Bleeding","2026/01/31 09:14:40 AM","Rahim Yar Khan"
"264561","Fahad Hussain","DR-538","EMDS Call","Medical Emergency","SOB/ Respiratory Distress","2026/01/31 09:14:25 AM","Sadiqabad"
"264562","Nida Rahat","DR-1322","EMDS Call","Medical Emergency","Chest Pain","2026/01/31 09:17:39 AM","Sadiqabad"
"264563","Fahad Hussain","DR-538","EMDS Call","Medical Emergency","Unconscious","2026/01/31 09:23:30 AM","Sadiqabad"
"264564","Nida Rahat","DR-1322","EMDS Call","Road Crash","Bleeding","2026/01/31 09:24:50 AM","Rahim Yar Khan"
"264565","Nida Rahat","DR-1322","EMDS Call","Medical Emergency","Diabetic","2026/01/31 09:31:23 AM","Rahim Yar Khan"
"264566","Fahad Hussain","DR-538","EMDS Call","Rescue Operations","Delivery Case","2026/01/31 09:34:03 AM","Rahim Yar Khan"
"75888","Saima Bashir","MR-5819","Direct Call","Patient Transfer Service","N/A","2026/01/31 09:35:40 AM","Khanpur"
"264567","Nida Rahat","DR-1322","EMDS Call","Medical Emergency","Diabetic","2026/01/31 09:46:07 AM","Sadiqabad"
"264568","Nida Rahat","DR-1322","EMDS Call","Medical Emergency","SOB/ Respiratory Distress","2026/01/31 09:48:51 AM","Sadiqabad"
"264569","Nida Rahat","DR-1322","EMDS Call","Road Crash","Bleeding","2026/01/31 09:54:42 AM","Liaqatpur"
"264570","Zia ul Haq","DR-328","EMDS Call","Road Crash","Minor Injuries","2026/01/31 09:56:17 AM","Rahim Yar Khan"
"264571","Nida Rahat","DR-1322","EMDS Call","Road Crash","Bleeding","2026/01/31 10:06:48 AM","Sadiqabad"
"264572","Fahad Hussain","DR-538","EMDS Call","Road Crash","Bleeding","2026/01/31 10:14:32 AM","Sadiqabad"
"264573","Shahla Nawaz","DR-185","EMDS Call","Medical Emergency","SOB/ Respiratory Distress","2026/01/31 10:28:57 AM","Khanpur"
"264574","Nida Rahat","DR-1322","Direct Call","Medical Emergency","SOB/ Respiratory Distress","2026/01/31 10:30:24 AM","Liaqatpur"
"264576","Shahla Nawaz","DR-185","EMDS Call","Medical Emergency","Others","2026/01/31 10:31:59 AM","Rahim Yar Khan"
"264575","Saima Bashir","MR-5819","EMDS Call","Medical Emergency","Domestic Injuries","2026/01/31 10:32:35 AM","Rahim Yar Khan"
"264577","Nida Rahat","DR-1322","EMDS Call","Road Crash","Bleeding","2026/01/31 10:33:04 AM","Rahim Yar Khan"
"Not Assigned","Zia ul Haq","DR-328","Direct Call","Community","Community Training","2026/01/31 10:33:58 AM","Sadiqabad"
"75889","Saima Bashir","MR-5819","Direct Call","Patient Transfer Service","N/A","2026/01/31 10:38:41 AM","Khanpur"
"264578","Shahla Nawaz","DR-185","Direct Call","Rescue Operations","Mass Event Coverage","2026/01/31 10:37:54 AM","Rahim Yar Khan"
"264579","Shahla Nawaz","DR-185","EMDS Call","Medical Emergency","Others","2026/01/31 10:44:42 AM","Rahim Yar Khan"
"264580","Shahla Nawaz","DR-185","EMDS Call","Medical Emergency","Domestic Injuries","2026/01/31 10:58:50 AM","Khanpur"
"264581","Saima Bashir","MR-5819","EMDS Call","Medical Emergency","Unconscious","2026/01/31 10:59:38 AM","Rahim Yar Khan"
"264582","Shahla Nawaz","DR-185","EMDS Call","Medical Emergency","Hypertension","2026/01/31 11:20:18 AM","Rahim Yar Khan"
"264583","Zia ul Haq","DR-328","EMDS Call","Medical Emergency","SOB/ Respiratory Distress","2026/01/31 11:25:33 AM","Liaqatpur"
"264584","Zia ul Haq","DR-328","EMDS Call","Road Crash","Bleeding","2026/01/31 11:29:11 AM","Rahim Yar Khan"
"264585","Saima Bashir","MR-5819","EMDS Call","Medical Emergency","SOB/ Respiratory Distress","2026/01/31 11:33:12 AM","Khanpur"
"264586","Fahad Hussain","DR-538","EMDS Call","Medical Emergency","Others","2026/01/31 11:37:47 AM","Sadiqabad"
"264587","Shahla Nawaz","DR-185","EMDS Call","Medical Emergency","Others","2026/01/31 11:39:41 AM","Sadiqabad"
"264588","Saima Bashir","MR-5819","EMDS Call","Road Crash","Bleeding","2026/01/31 11:42:18 AM","Rahim Yar Khan"
"264589","Fahad Hussain","DR-538","EMDS Call","Medical Emergency","Hypertension","2026/01/31 11:42:33 AM","Sadiqabad"
"264590","Shahla Nawaz","DR-185","EMDS Call","Medical Emergency","Others","2026/01/31 11:47:36 AM","Rahim Yar Khan"
"264591","Fahad Hussain","DR-538","EMDS Call","Medical Emergency","Hypertension","2026/01/31 11:50:39 AM","Rahim Yar Khan"
"264592","Fahad Hussain","DR-538","EMDS Call","Medical Emergency","Hypertension","2026/01/31 12:01:57 PM","Rahim Yar Khan"
"264595","Saima Bashir","MR-5819","EMDS Call","Road Crash","Bleeding","2026/01/31 12:06:37 PM","Khanpur"
"264593","Shahla Nawaz","DR-185","EMDS Call","Medical Emergency","Abdominal Pain","2026/01/31 12:06:37 PM","Rahim Yar Khan"
"264594","Fahad Hussain","DR-538","EMDS Call","Medical Emergency","Chronic Illness","2026/01/31 12:06:16 PM","Rahim Yar Khan"
"75890","Fahad Hussain","DR-538","Direct Call","Patient Transfer Service","N/A","2026/01/31 12:19:28 PM","Sadiqabad"
"264596","Shahla Nawaz","DR-185","EMDS Call","Road Crash","Bleeding","2026/01/31 12:29:10 PM","Rahim Yar Khan"
"264596","Shahla Nawaz","DR-185","EMDS Call","Road Crash","Bleeding","2026/01/31 12:29:10 PM","Rahim Yar Khan"
"264597","Fahad Hussain","DR-538","EMDS Call","Road Crash","Bleeding","2026/01/31 12:31:42 PM","Rahim Yar Khan"
"264598","Shahla Nawaz","DR-185","EMDS Call","Medical Emergency","Diabetic","2026/01/31 12:35:48 PM","Rahim Yar Khan"
"75891","Zia ul Haq","DR-328","Direct Call","Patient Transfer Service","N/A","2026/01/31 12:37:18 PM","Sadiqabad"
"264600","Shahla Nawaz","DR-185","EMDS Call","Medical Emergency","Chronic Illness","2026/01/31 12:38:03 PM","Rahim Yar Khan"
"264599","Fahad Hussain","DR-538","EMDS Call","Medical Emergency","High Fever","2026/01/31 12:37:14 PM","Khanpur"
"264601","Fahad Hussain","DR-538","EMDS Call","Medical Emergency","Chronic Illness","2026/01/31 12:40:35 PM","Rahim Yar Khan"
"75892","Saima Bashir","MR-5819","Direct Call","Patient Transfer Service","N/A","2026/01/31 12:44:48 PM","Sadiqabad"
"264602","Shahla Nawaz","DR-185","EMDS Call","Medical Emergency","Domestic Injuries","2026/01/31 12:42:53 PM","Rahim Yar Khan"
"264603","Saima Bashir","MR-5819","EMDS Call","Medical Emergency","Unconscious","2026/01/31 12:48:21 PM","Sadiqabad"
"264604","Fahad Hussain","DR-538","EMDS Call","Medical Emergency","High Fever","2026/01/31 12:49:25 PM","Liaqatpur"
"264605","Saima Bashir","MR-5819","EMDS Call","Medical Emergency","Others","2026/01/31 12:59:53 PM","Rahim Yar Khan"
"264606","Nida Rahat","DR-1322","EMDS Call","Medical Emergency","SOB/ Respiratory Distress","2026/01/31 01:08:04 PM","Rahim Yar Khan"
"264607","Shahla Nawaz","DR-185","EMDS Call","Medical Emergency","Unconscious","2026/01/31 01:10:28 PM","Khanpur"
"264608","Shahla Nawaz","DR-185","EMDS Call","Medical Emergency","SOB/ Respiratory Distress","2026/01/31 01:20:29 PM","Liaqatpur"
"264609","Saima Bashir","MR-5819","EMDS Call","Road Crash","Bleeding","2026/01/31 01:18:55 PM","Rahim Yar Khan"
"264610","Shahla Nawaz","DR-185","Direct Call","Medical Emergency","SOB/ Respiratory Distress","2026/01/31 01:31:24 PM","Khanpur"
"Not Assigned","Nida Rahat","DR-1322","EMDS Call","Road Crash","Bleeding","2026/01/31 01:28:00 PM","Liaqatpur"
"264612","Shahla Nawaz","DR-185","EMDS Call","Medical Emergency","Hypertension","2026/01/31 01:31:28 PM","Rahim Yar Khan"
"264614","Nida Rahat","DR-1322","EMDS Call","Medical Emergency","Abdominal Pain","2026/01/31 01:40:14 PM","Sadiqabad"
"264613","Saima Bashir","MR-5819","EMDS Call","Medical Emergency","Hypertension","2026/01/31 01:41:11 PM","Sadiqabad"
"264615","Nida Rahat","DR-1322","EMDS Call","Road Crash","Bleeding","2026/01/31 01:48:11 PM","Sadiqabad"
"264616","Shahla Nawaz","DR-185","EMDS Call","Medical Emergency","Renal Disorders / Renal Colic ","2026/01/31 01:51:31 PM","Rahim Yar Khan"
"75893","Fahad Hussain","DR-538","Direct Call","Patient Transfer Service","N/A","2026/01/31 01:56:52 PM","Liaqatpur"
"264617","Fahad Hussain","DR-538","EMDS Call","Medical Emergency","Unconscious","2026/01/31 02:01:04 PM","Khanpur"
"264618","Saima Bashir","MR-5819","EMDS Call","Medical Emergency","Others","2026/01/31 02:03:09 PM","Rahim Yar Khan"
"264619","Fahad Hussain","DR-538","EMDS Call","Medical Emergency","Others","2026/01/31 02:04:14 PM","Rahim Yar Khan"
"264620","Muhammad Fiaz","DR-206","EMDS Call","Medical Emergency","CVA/Stroke","2026/01/31 02:10:50 PM","Rahim Yar Khan"
"264621","Sheeza Barkat","MR-5331","EMDS Call","Medical Emergency","High Fever","2026/01/31 02:12:07 PM","Sadiqabad"
"264622","Rana M. Usman","DR-200","EMDS Call","Medical Emergency","Others","2026/01/31 02:11:11 PM","Sadiqabad"
"264623","Sheeza Barkat","MR-5331","EMDS Call","Medical Emergency","Diabetic","2026/01/31 02:19:37 PM","Rahim Yar Khan"
"264624","Muhammad Fiaz","DR-206","EMDS Call","Road Crash","Bleeding","2026/01/31 02:20:19 PM","Sadiqabad"
"264625","Rana M. Usman","DR-200","EMDS Call","Medical Emergency","Vomiting","2026/01/31 02:20:56 PM","Rahim Yar Khan"
"264626","Muhammad Fiaz","DR-206","EMDS Call","Medical Emergency","Joints Pain","2026/01/31 02:22:41 PM","Rahim Yar Khan"
"75894","Rana M. Usman","DR-200","Direct Call","Patient Transfer Service","N/A","2026/01/31 02:26:56 PM","Khanpur"
"264627","Sheeza Barkat","MR-5331","EMDS Call","Medical Emergency","Others","2026/01/31 02:24:40 PM","Rahim Yar Khan"
"264628","Muhammad Fiaz","DR-206","EMDS Call","Road Crash","Bleeding","2026/01/31 02:27:23 PM","Rahim Yar Khan"
"264629","Sheeza Barkat","MR-5331","EMDS Call","Medical Emergency","Others","2026/01/31 02:29:34 PM","Rahim Yar Khan"
"75895","Sheeza Barkat","MR-5331","Direct Call","Patient Transfer Service","N/A","2026/01/31 02:33:05 PM","Khanpur"
"75896","Rana M. Usman","DR-200","Direct Call","Patient Transfer Service","N/A","2026/01/31 02:33:58 PM","Khanpur"
"264630","Muhammad Fiaz","DR-206","EMDS Call","Fire","Others","2026/01/31 02:47:19 PM","Khanpur"
"264631","Sheeza Barkat","MR-5331","EMDS Call","Medical Emergency","Abdominal Pain","2026/01/31 02:50:33 PM","Liaqatpur"
"264632","Rana M. Usman","DR-200","EMDS Call","Road Crash","Bleeding","2026/01/31 02:51:09 PM","Khanpur"
"264633","Zupasha Zia","MR-5758","EMDS Call","Road Crash","Bleeding","2026/01/31 03:02:56 PM","Rahim Yar Khan"
"264634","Muhammad Fiaz","DR-206","EMDS Call","Medical Emergency","Unconscious","2026/01/31 03:03:36 PM","Sadiqabad"
"264635","Zupasha Zia","MR-5758","EMDS Call","Medical Emergency","SOB/ Respiratory Distress","2026/01/31 03:05:50 PM","Liaqatpur"
"264636","Muhammad ALi","DR-818","EMDS Call","Rescue Operations","Delivery Case","2026/01/31 03:09:32 PM","Rahim Yar Khan"
"264637","Zupasha Zia","MR-5758","EMDS Call","Road Crash","Bleeding","2026/01/31 03:12:21 PM","Rahim Yar Khan"
"264639","Zupasha Zia","MR-5758","EMDS Call","Medical Emergency","Hypertension","2026/01/31 03:17:24 PM","Sadiqabad"
"264638","Muhammad ALi","DR-818","EMDS Call","Medical Emergency","Hypertension","2026/01/31 03:17:36 PM","Rahim Yar Khan"
"264640","Muhammad Fiaz","DR-206","EMDS Call","Rescue Operations","Delivery Case","2026/01/31 03:25:12 PM","Sadiqabad"
"264641","Muhammad ALi","DR-818","EMDS Call","Medical Emergency","Abdominal Pain","2026/01/31 03:26:59 PM","Khanpur"
"264642","Muhammad ALi","DR-818","EMDS Call","Road Crash","Bleeding","2026/01/31 03:29:26 PM","Sadiqabad"
"264643","Muhammad Fiaz","DR-206","EMDS Call","Road Crash","Bleeding","2026/01/31 03:32:46 PM","Rahim Yar Khan"
"264644","Muhammad Fiaz","DR-206","EMDS Call","Road Crash","Bleeding","2026/01/31 03:35:15 PM","Rahim Yar Khan"
"75897","Zupasha Zia","MR-5758","Direct Call","Patient Transfer Service","N/A","2026/01/31 03:37:44 PM","Sadiqabad"
"264645","Muhammad Fiaz","DR-206","EMDS Call","Road Crash","Bleeding","2026/01/31 03:38:05 PM","Rahim Yar Khan"
"264646","Muhammad Fiaz","DR-206","Direct Call","Rescue Operations","Mass Event Coverage","2026/01/31 03:50:27 PM","Rahim Yar Khan"
"264647","Zupasha Zia","MR-5758","EMDS Call","Road Crash","Multiple Fractures","2026/01/31 03:55:37 PM","Rahim Yar Khan"
"75898","Muhammad Fiaz","DR-206","Direct Call","Patient Transfer Service","N/A","2026/01/31 04:01:00 PM","Sadiqabad"
"264648","Muhammad Fiaz","DR-206","EMDS Call","Medical Emergency","Chest Pain","2026/01/31 04:06:46 PM","Rahim Yar Khan"
"75899","Muhammad Fiaz","DR-206","Direct Call","Patient Transfer Service","N/A","2026/01/31 04:10:04 PM","Sadiqabad"
"264649","Zupasha Zia","MR-5758","EMDS Call","Road Crash","Bleeding","2026/01/31 04:12:03 PM","Sadiqabad"
"264650","Zupasha Zia","MR-5758","EMDS Call","Medical Emergency","SOB/ Respiratory Distress","2026/01/31 04:17:25 PM","Sadiqabad"
"264651","Muhammad Fiaz","DR-206","EMDS Call","Medical Emergency","Others","2026/01/31 04:31:59 PM","Rahim Yar Khan"
"264652","Sheeza Barkat","MR-5331","EMDS Call","Road Crash","Bleeding","2026/01/31 04:35:25 PM","Khanpur"
"264654","Sheeza Barkat","MR-5331","EMDS Call","Medical Emergency","Vomiting","2026/01/31 04:45:02 PM","Rahim Yar Khan"
"264653","Zupasha Zia","MR-5758","EMDS Call","Medical Emergency","Vomiting","2026/01/31 04:45:09 PM","Rahim Yar Khan"
"264655","Sheeza Barkat","MR-5331","EMDS Call","Medical Emergency","SOB/ Respiratory Distress","2026/01/31 04:48:25 PM","Rahim Yar Khan"
"75900","Zupasha Zia","MR-5758","Direct Call","Patient Transfer Service","N/A","2026/01/31 04:50:25 PM","Sadiqabad"
"264656","Zupasha Zia","MR-5758","EMDS Call","Crime","Physical Assault/Violence","2026/01/31 04:50:10 PM","Liaqatpur"
"264657","Sheeza Barkat","MR-5331","EMDS Call","Medical Emergency","Others","2026/01/31 04:52:45 PM","Rahim Yar Khan"
"264658","Zupasha Zia","MR-5758","EMDS Call","Road Crash","Bleeding","2026/01/31 04:54:24 PM","Rahim Yar Khan"
"264659","Sheeza Barkat","MR-5331","EMDS Call","Medical Emergency","High Fever","2026/01/31 04:58:41 PM","Rahim Yar Khan"
"264660","Bushra Saleem","MR-5701","EMDS Call","Medical Emergency","Others","2026/01/31 05:09:54 PM","Rahim Yar Khan"
"264661","Sheeza Barkat","MR-5331","EMDS Call","Road Crash","Bleeding","2026/01/31 05:19:51 PM","Sadiqabad"
"264662","Sheeza Barkat","MR-5331","EMDS Call","Road Crash","Minor Injuries","2026/01/31 05:22:54 PM","Rahim Yar Khan"
"264663","Zupasha Zia","MR-5758","EMDS Call","Road Crash","Bleeding","2026/01/31 05:26:59 PM","Sadiqabad"
"264664","Zupasha Zia","MR-5758","EMDS Call","Medical Emergency","Hypotension","2026/01/31 05:39:09 PM","Sadiqabad"
"264665","Zupasha Zia","MR-5758","EMDS Call","Medical Emergency","High Fever","2026/01/31 05:42:21 PM","Rahim Yar Khan"
"264666","Sheeza Barkat","MR-5331","EMDS Call","Medical Emergency","SOB/ Respiratory Distress","2026/01/31 05:45:16 PM","Khanpur"
"264667","Bushra Saleem","MR-5701","EMDS Call","Road Crash","Bleeding","2026/01/31 05:47:27 PM","Rahim Yar Khan"
"264668","Sheeza Barkat","MR-5331","EMDS Call","Medical Emergency","Others","2026/01/31 06:00:05 PM","Rahim Yar Khan"
"264669","Sheeza Barkat","MR-5331","EMDS Call","Medical Emergency","Others","2026/01/31 06:06:08 PM","Rahim Yar Khan"
"264670","Bushra Saleem","MR-5701","EMDS Call","Medical Emergency","Hypertension","2026/01/31 06:07:44 PM","Rahim Yar Khan"
"264671","Muhammad Rashid Saleem","DR-187","EMDS Call","Road Crash","Bleeding","2026/01/31 06:08:38 PM","Rahim Yar Khan"
"264672","Zupasha Zia","MR-5758","EMDS Call","Road Crash","Bleeding","2026/01/31 06:09:30 PM","Sadiqabad"
"264672","Zupasha Zia","MR-5758","EMDS Call","Road Crash","Bleeding","2026/01/31 06:09:30 PM","Sadiqabad"
"264674","Bushra Saleem","MR-5701","EMDS Call","Medical Emergency","Vomiting","2026/01/31 06:20:36 PM","Liaqatpur"
"264673","Muhammad Rashid Saleem","DR-187","EMDS Call","Road Crash","Bleeding","2026/01/31 06:22:35 PM","Rahim Yar Khan"
"264675","Bushra Saleem","MR-5701","EMDS Call","Medical Emergency","Others","2026/01/31 06:24:57 PM","Rahim Yar Khan"
"264676","Sheeza Barkat","MR-5331","Direct Call","Medical Emergency","Others","2026/01/31 06:28:50 PM","Rahim Yar Khan"
"75901","Zupasha Zia","MR-5758","Direct Call","Patient Transfer Service","N/A","2026/01/31 06:41:13 PM","Sadiqabad"
"264677","Sheeza Barkat","MR-5331","EMDS Call","Road Crash","Bleeding","2026/01/31 06:40:54 PM","Khanpur"
"264678","Bushra Saleem","MR-5701","EMDS Call","Medical Emergency","Others","2026/01/31 06:49:20 PM","Sadiqabad"
"264679","Muhammad Rashid Saleem","DR-187","EMDS Call","Road Crash","Bleeding","2026/01/31 06:49:33 PM","Rahim Yar Khan"
"264680","Bushra Saleem","MR-5701","EMDS Call","Medical Emergency","Vomiting","2026/01/31 06:54:36 PM","Rahim Yar Khan"
"264681","Sheeza Barkat","MR-5331","EMDS Call","Medical Emergency","Domestic Injuries","2026/01/31 07:05:38 PM","Rahim Yar Khan"
"264682","Zupasha Zia","MR-5758","EMDS Call","Road Crash","Bleeding","2026/01/31 07:08:29 PM","Sadiqabad"
"264683","Muhammad Rashid Saleem","DR-187","EMDS Call","Medical Emergency","Hypertension","2026/01/31 07:07:28 PM","Liaqatpur"
"264684","Sheeza Barkat","MR-5331","EMDS Call","Medical Emergency","Others","2026/01/31 07:11:56 PM","Rahim Yar Khan"
"264685","Bushra Saleem","MR-5701","EMDS Call","Medical Emergency","Others","2026/01/31 07:13:22 PM","Sadiqabad"
"264686","Zupasha Zia","MR-5758","EMDS Call","Road Crash","Bleeding","2026/01/31 07:14:08 PM","Liaqatpur"
"264687","Zupasha Zia","MR-5758","EMDS Call","Medical Emergency","Vomiting","2026/01/31 07:22:26 PM","Rahim Yar Khan"
"264688","Sheeza Barkat","MR-5331","EMDS Call","Medical Emergency","Abdominal Pain","2026/01/31 07:27:03 PM","Rahim Yar Khan"
"264690","Bushra Saleem","MR-5701","EMDS Call","Medical Emergency","Abdominal Pain","2026/01/31 07:27:24 PM","Khanpur"
"264689","Zupasha Zia","MR-5758","EMDS Call","Medical Emergency","Others","2026/01/31 07:27:22 PM","Khanpur"
"264691","Sheeza Barkat","MR-5331","EMDS Call","Medical Emergency","Others","2026/01/31 07:37:19 PM","Rahim Yar Khan"
"264692","Sheeza Barkat","MR-5331","EMDS Call","Medical Emergency","Others","2026/01/31 07:44:28 PM","Khanpur"
"75902","Bushra Saleem","MR-5701","Direct Call","Patient Transfer Service","N/A","2026/01/31 07:47:30 PM","Liaqatpur"
"264693","Sheeza Barkat","MR-5331","EMDS Call","Medical Emergency","Vomiting","2026/01/31 07:51:02 PM","Sadiqabad"
"264694","Bushra Saleem","MR-5701","EMDS Call","Medical Emergency","Hypertension","2026/01/31 07:59:50 PM","Rahim Yar Khan"
"264695","Zupasha Zia","MR-5758","EMDS Call","Medical Emergency","Abdominal Pain","2026/01/31 08:18:12 PM","Khanpur"
"264696","Zupasha Zia","MR-5758","EMDS Call","Medical Emergency","Chronic Illness","2026/01/31 08:22:05 PM","Liaqatpur"
"264697","Sheeza Barkat","MR-5331","EMDS Call","Fire","Others","2026/01/31 08:26:36 PM","Sadiqabad"
"75903","Zupasha Zia","MR-5758","Direct Call","Patient Transfer Service","N/A","2026/01/31 08:29:27 PM","Khanpur"
"264698","Bushra Saleem","MR-5701","EMDS Call","Medical Emergency","Hypertension","2026/01/31 08:31:58 PM","Sadiqabad"
"264699","Sheeza Barkat","MR-5331","EMDS Call","Road Crash","Bleeding","2026/01/31 08:35:28 PM","Liaqatpur"
"75904","Bushra Saleem","MR-5701","Direct Call","Patient Transfer Service","N/A","2026/01/31 08:38:04 PM","Khanpur"
"264700","Zupasha Zia","MR-5758","EMDS Call","Medical Emergency","Diabetic","2026/01/31 08:46:06 PM","Rahim Yar Khan"
"264701","Zupasha Zia","MR-5758","EMDS Call","Medical Emergency","High Fever","2026/01/31 08:55:19 PM","Rahim Yar Khan"
"264703","Saira Bibi","MR-5494","EMDS Call","Road Crash","Bleeding","2026/01/31 09:01:37 PM","Sadiqabad"
"264702","Muhammad Zubair","DR-894","EMDS Call","Medical Emergency","SOB/ Respiratory Distress","2026/01/31 09:01:36 PM","Sadiqabad"
"Not Assigned","Farah Sadaqat","MR-5930","EMDS Call","Medical Emergency","Others","2026/01/31 09:15:14 PM","Sadiqabad"
"264705","Zahid Manzoor","DR-887","EMDS Call","Medical Emergency","Others","2026/01/31 09:30:04 PM","Rahim Yar Khan"
"264706","Farah Sadaqat","MR-5930","EMDS Call","Rescue Operations","Others","2026/01/31 09:29:00 PM","Sadiqabad"
"264707","Zahid Manzoor","DR-887","EMDS Call","Medical Emergency","SOB/ Respiratory Distress","2026/01/31 09:45:20 PM","Rahim Yar Khan"
"75905","Saira Bibi","MR-5494","Direct Call","Patient Transfer Service","N/A","2026/01/31 09:52:12 PM","Khanpur"
"264708","Zahid Manzoor","DR-887","EMDS Call","Medical Emergency","High Fever","2026/01/31 09:57:57 PM","Rahim Yar Khan"
"264709","Saira Bibi","MR-5494","EMDS Call","Rescue Operations","Delivery Case","2026/01/31 10:20:11 PM","Rahim Yar Khan"
"264710","Farah Sadaqat","MR-5930","EMDS Call","Medical Emergency","Chronic Illness","2026/01/31 10:20:04 PM","Liaqatpur"
"264711","Zahid Manzoor","DR-887","EMDS Call","Medical Emergency","Hypertension","2026/01/31 10:22:12 PM","Rahim Yar Khan"
"264712","Farah Sadaqat","MR-5930","EMDS Call","Medical Emergency","Vomiting","2026/01/31 10:26:16 PM","Liaqatpur"
"264713","Zahid Manzoor","DR-887","EMDS Call","Medical Emergency","SOB/ Respiratory Distress","2026/01/31 10:28:24 PM","Sadiqabad"
"264714","Farah Sadaqat","MR-5930","EMDS Call","Medical Emergency","Others","2026/01/31 10:32:03 PM","Rahim Yar Khan"
"264715","Zahid Manzoor","DR-887","EMDS Call","Medical Emergency","Domestic Injuries","2026/01/31 10:34:05 PM","Rahim Yar Khan"
"264716","Farah Sadaqat","MR-5930","EMDS Call","Medical Emergency","Others","2026/01/31 10:38:39 PM","Rahim Yar Khan"
"264717","Saira Bibi","MR-5494","EMDS Call","Medical Emergency","High Fever","2026/01/31 10:53:23 PM","Rahim Yar Khan"
"264718","Zahid Manzoor","DR-887","EMDS Call","Road Crash","Minor Injuries","2026/01/31 11:09:57 PM","Rahim Yar Khan"
"264719","Zahid Manzoor","DR-887","EMDS Call","Medical Emergency","Chest Pain","2026/01/31 11:16:53 PM","Rahim Yar Khan"
"264720","Saqib Nasim","DR-197","EMDS Call","Medical Emergency","Others","2026/01/31 11:19:58 PM","Rahim Yar Khan"
"264721","Zahid Manzoor","DR-887","EMDS Call","Fire","Others","2026/01/31 11:24:55 PM","Khanpur"
"264722","Zahid Manzoor","DR-887","EMDS Call","Medical Emergency","Abdominal Pain","2026/01/31 11:33:03 PM","Khanpur"
"264723","Saqib Nasim","DR-197","EMDS Call","Medical Emergency","Hypertension","2026/01/31 11:41:49 PM","Rahim Yar Khan"
"264724","Shaheen Islam","DR-1171","EMDS Call","Medical Emergency","Diabetic","2026/01/31 11:55:55 PM","Rahim Yar Khan"