"EC No","Agent Name","Agent Id","Call Type","Emergency Type","Emergency Subtype","Call Received at","Tehsil Name"
"270757","Shaheen Islam","DR-1171","EMDS Call","Medical Emergency","Others","2026/03/01 12:07:05 AM","Khanpur"
"270758","Muhammad Fiaz","DR-206","EMDS Call","Medical Emergency","SOB/ Respiratory Distress","2026/03/01 12:12:31 AM","Rahim Yar Khan"
"270759","Shaheen Islam","DR-1171","EMDS Call","Medical Emergency","Others","2026/03/01 12:20:48 AM","Rahim Yar Khan"
"270760","Shaheen Islam","DR-1171","EMDS Call","Medical Emergency","Gynae Problem","2026/03/01 12:50:45 AM","Rahim Yar Khan"
"270761","Saima Bashir","MR-5819","EMDS Call","Medical Emergency","Epilepsy","2026/03/01 12:57:16 AM","Rahim Yar Khan"
"76697","Shaheen Islam","DR-1171","Direct Call","Patient Transfer Service","N/A","2026/03/01 12:59:29 AM","Sadiqabad"
"270762","Muhammad Fiaz","DR-206","EMDS Call","Medical Emergency","SOB/ Respiratory Distress","2026/03/01 12:59:47 AM","Rahim Yar Khan"
"270763","Shaheen Islam","DR-1171","EMDS Call","Medical Emergency","Chronic Illness","2026/03/01 01:31:36 AM","Rahim Yar Khan"
"270764","Saima Bashir","MR-5819","EMDS Call","Medical Emergency","Abdominal Pain","2026/03/01 02:00:39 AM","Rahim Yar Khan"
"270765","Muhammad Fiaz","DR-206","EMDS Call","Medical Emergency","Renal Disorders / Renal Colic ","2026/03/01 02:01:26 AM","Sadiqabad"
"270766","Shaheen Islam","DR-1171","EMDS Call","Medical Emergency","SOB/ Respiratory Distress","2026/03/01 02:14:11 AM","Sadiqabad"
"270767","Saima Bashir","MR-5819","EMDS Call","Medical Emergency","Vomiting","2026/03/01 02:16:54 AM","Rahim Yar Khan"
"270768","Muhammad Fiaz","DR-206","EMDS Call","Rescue Operations","Delivery Case","2026/03/01 02:30:30 AM","Rahim Yar Khan"
"76698","Muhammad Fiaz","DR-206","Direct Call","Patient Transfer Service","N/A","2026/03/01 02:32:40 AM","Sadiqabad"
"270769","Saima Bashir","MR-5819","EMDS Call","Medical Emergency","Joints Pain","2026/03/01 02:33:09 AM","Rahim Yar Khan"
"270770","Muhammad Fiaz","DR-206","EMDS Call","Medical Emergency","Hypertension","2026/03/01 02:40:39 AM","Khanpur"
"270771","Zahid Manzoor","DR-887","EMDS Call","Medical Emergency","Abdominal Pain","2026/03/01 03:36:22 AM","Liaqatpur"
"270772","Saira Bibi","MR-5494","EMDS Call","Medical Emergency","SOB/ Respiratory Distress","2026/03/01 03:40:03 AM","Sadiqabad"
"270773","Aasia Batool","MR-5198","EMDS Call","Medical Emergency","Renal Disorders / Renal Colic ","2026/03/01 04:07:33 AM","Rahim Yar Khan"
"76699","Saira Bibi","MR-5494","Direct Call","Patient Transfer Service","N/A","2026/03/01 04:12:49 AM","Sadiqabad"
"270774","Zahid Manzoor","DR-887","EMDS Call","Medical Emergency","Vertigo/ Dizziness","2026/03/01 04:19:49 AM","Rahim Yar Khan"
"270775","Saira Bibi","MR-5494","EMDS Call","Medical Emergency","Anxiety / Psychiatric Disorder","2026/03/01 04:31:19 AM","Sadiqabad"
"270776","Aasia Batool","MR-5198","EMDS Call","Medical Emergency","Diabetic","2026/03/01 04:40:50 AM","Rahim Yar Khan"
"270777","Zahid Manzoor","DR-887","EMDS Call","Rescue Operations","Delivery Case","2026/03/01 04:58:01 AM","Rahim Yar Khan"
"270778","Zahid Manzoor","DR-887","EMDS Call","Medical Emergency","SOB/ Respiratory Distress","2026/03/01 05:13:15 AM","Khanpur"
"76700","Aasia Batool","MR-5198","Direct Call","Patient Transfer Service","N/A","2026/03/01 05:15:13 AM","Khanpur"
"270779","Zahid Manzoor","DR-887","EMDS Call","Road Crash","Bleeding","2026/03/01 05:25:34 AM","Rahim Yar Khan"
"270780","Aasia Batool","MR-5198","EMDS Call","Medical Emergency","Unconscious","2026/03/01 05:30:23 AM","Sadiqabad"
"270781","Zahid Manzoor","DR-887","EMDS Call","Medical Emergency","High Fever","2026/03/01 05:35:06 AM","Liaqatpur"
"270782","Aasia Batool","MR-5198","EMDS Call","Medical Emergency","Unconscious","2026/03/01 05:42:47 AM","Rahim Yar Khan"
"270783","Zahid Manzoor","DR-887","Direct Call","Fire","Others","2026/03/01 06:02:33 AM","Rahim Yar Khan"
"270784","Saira Bibi","MR-5494","EMDS Call","Medical Emergency","Vomiting","2026/03/01 06:51:20 AM","Rahim Yar Khan"
"270785","Zahid Manzoor","DR-887","EMDS Call","Road Crash","Minor Injuries","2026/03/01 07:16:56 AM","Sadiqabad"
"270786","Saira Bibi","MR-5494","EMDS Call","Medical Emergency","Vomiting","2026/03/01 07:27:58 AM","Rahim Yar Khan"
"270788","Saira Bibi","MR-5494","EMDS Call","Medical Emergency","Abdominal Pain","2026/03/01 07:30:20 AM","Rahim Yar Khan"
"270787","Aasia Batool","MR-5198","EMDS Call","Road Crash","Bleeding","2026/03/01 07:29:47 AM","Rahim Yar Khan"
"270789","Saima Bashir","MR-5819","EMDS Call","Medical Emergency","High Fever","2026/03/01 07:30:33 AM","Rahim Yar Khan"
"270790","Saira Bibi","MR-5494","EMDS Call","Road Crash","Multiple Fractures","2026/03/01 07:40:46 AM","Sadiqabad"
"270791","Saira Bibi","MR-5494","EMDS Call","Rescue Operations","Delivery Case","2026/03/01 07:44:08 AM","Rahim Yar Khan"
"270792","Saira Bibi","MR-5494","EMDS Call","Medical Emergency","Chest Pain","2026/03/01 07:55:39 AM","Rahim Yar Khan"
"270793","Shaheen Islam","DR-1171","Direct Call","Rescue Operations","Mass Event Coverage","2026/03/01 08:00:51 AM","Rahim Yar Khan"
"270794","Saira Bibi","MR-5494","EMDS Call","Medical Emergency","Gynae Problem","2026/03/01 08:09:49 AM","Rahim Yar Khan"
"270795","Shaheen Islam","DR-1171","EMDS Call","Road Crash","Multiple Fractures","2026/03/01 08:09:32 AM","Sadiqabad"
"270796","Saira Bibi","MR-5494","EMDS Call","Medical Emergency","Anxiety / Psychiatric Disorder","2026/03/01 08:12:49 AM","Rahim Yar Khan"
"270797","Saira Bibi","MR-5494","Direct Call","Medical Emergency","Others","2026/03/01 08:15:18 AM","Liaqatpur"
"Not Assigned","Shaheen Islam","DR-1171","EMDS Call","Medical Emergency","Diabetic","2026/03/01 08:13:00 AM","Rahim Yar Khan"
"270799","Saira Bibi","MR-5494","EMDS Call","Medical Emergency","Others","2026/03/01 08:18:53 AM","Rahim Yar Khan"
"270800","Shaheen Islam","DR-1171","EMDS Call","Medical Emergency","Abdominal Pain","2026/03/01 08:22:33 AM","Khanpur"
"270801","Shaheen Islam","DR-1171","Direct Call","Medical Emergency","Diabetic","2026/03/01 08:26:55 AM","Rahim Yar Khan"
"270802","Saira Bibi","MR-5494","EMDS Call","Medical Emergency","High Fever","2026/03/01 08:34:10 AM","Rahim Yar Khan"
"270803","Aasia Batool","MR-5198","EMDS Call","Medical Emergency","SOB/ Respiratory Distress","2026/03/01 08:35:14 AM","Sadiqabad"
"270804","Shaheen Islam","DR-1171","EMDS Call","Medical Emergency","Unconscious","2026/03/01 08:36:23 AM","Khanpur"
"270805","Shaheen Islam","DR-1171","EMDS Call","Medical Emergency","Unconscious","2026/03/01 08:38:49 AM","Rahim Yar Khan"
"270806","Aasia Batool","MR-5198","EMDS Call","Road Crash","Bleeding","2026/03/01 08:41:45 AM","Rahim Yar Khan"
"270807","Shaheen Islam","DR-1171","EMDS Call","Medical Emergency","Unconscious","2026/03/01 08:44:37 AM","Rahim Yar Khan"
"270808","Saira Bibi","MR-5494","EMDS Call","Medical Emergency","Vertigo/ Dizziness","2026/03/01 08:56:44 AM","Sadiqabad"
"270809","Aasia Batool","MR-5198","EMDS Call","Medical Emergency","Joints Pain","2026/03/01 09:07:15 AM","Khanpur"
"270810","Faiz Muhyy Ul Din","DR-892","EMDS Call","Road Crash","Severe Trauma","2026/03/01 09:24:20 AM","Rahim Yar Khan"
"270811","Faiz Muhyy Ul Din","DR-892","EMDS Call","Medical Emergency","High Fever","2026/03/01 09:29:16 AM","Rahim Yar Khan"
"270812","Aasia Batool","MR-5198","EMDS Call","Medical Emergency","Domestic Injuries","2026/03/01 09:31:28 AM","Sadiqabad"
"76701","Aasia Batool","MR-5198","Direct Call","Patient Transfer Service","N/A","2026/03/01 09:34:44 AM","Sadiqabad"
"270813","Shaheen Islam","DR-1171","EMDS Call","Medical Emergency","Abdominal Pain","2026/03/01 09:34:38 AM","Rahim Yar Khan"
"270814","Faiz Muhyy Ul Din","DR-892","EMDS Call","Medical Emergency","Unconscious","2026/03/01 09:36:27 AM","Rahim Yar Khan"
"270815","Aasia Batool","MR-5198","EMDS Call","Road Crash","Bleeding","2026/03/01 09:43:42 AM","Rahim Yar Khan"
"270815","Aasia Batool","MR-5198","EMDS Call","Road Crash","Bleeding","2026/03/01 09:43:42 AM","Rahim Yar Khan"
"76702","Faiz Muhyy Ul Din","DR-892","Direct Call","Patient Transfer Service","N/A","2026/03/01 09:47:18 AM","Liaqatpur"
"270816","Faiz Muhyy Ul Din","DR-892","EMDS Call","Medical Emergency","High Fever","2026/03/01 09:47:21 AM","Rahim Yar Khan"
"270817","Shaheen Islam","DR-1171","EMDS Call","Medical Emergency","Diabetic","2026/03/01 09:52:04 AM","Rahim Yar Khan"
"270818","Aasia Batool","MR-5198","EMDS Call","Medical Emergency","Abdominal Pain","2026/03/01 09:59:43 AM","Khanpur"
"76703","Aasia Batool","MR-5198","Direct Call","Patient Transfer Service","N/A","2026/03/01 10:03:08 AM","Sadiqabad"
"270819","Aasia Batool","MR-5198","EMDS Call","Medical Emergency","Renal Disorders / Renal Colic ","2026/03/01 10:10:31 AM","Khanpur"
"270820","Faiz Muhyy Ul Din","DR-892","EMDS Call","Road Crash","Multiple Fractures","2026/03/01 10:17:41 AM","Rahim Yar Khan"
"270821","Aasia Batool","MR-5198","EMDS Call","Fall","Fall From Roof","2026/03/01 10:22:05 AM","Rahim Yar Khan"
"270822","Faiz Muhyy Ul Din","DR-892","EMDS Call","Medical Emergency","Hypertension","2026/03/01 10:25:06 AM","Sadiqabad"
"270823","Faiz Muhyy Ul Din","DR-892","EMDS Call","Medical Emergency","Others","2026/03/01 10:27:48 AM","Rahim Yar Khan"
"270824","Saira Bibi","MR-5494","EMDS Call","Medical Emergency","Renal Disorders / Renal Colic ","2026/03/01 10:27:16 AM","Sadiqabad"
"270825","Shaheen Islam","DR-1171","EMDS Call","Medical Emergency","Others","2026/03/01 10:27:29 AM","Khanpur"
"76704","Faiz Muhyy Ul Din","DR-892","Direct Call","Patient Transfer Service","N/A","2026/03/01 10:32:26 AM","Khanpur"
"76705","Faiz Muhyy Ul Din","DR-892","Direct Call","Patient Transfer Service","N/A","2026/03/01 10:35:40 AM","Khanpur"
"270826","Faiz Muhyy Ul Din","DR-892","Direct Call","Medical Emergency","SOB/ Respiratory Distress","2026/03/01 10:38:19 AM","Sadiqabad"
"270827","Shaheen Islam","DR-1171","EMDS Call","Road Crash","Severe Trauma","2026/03/01 10:45:04 AM","Sadiqabad"
"270827","Shaheen Islam","DR-1171","EMDS Call","Road Crash","Severe Trauma","2026/03/01 10:45:04 AM","Sadiqabad"
"270827","Shaheen Islam","DR-1171","EMDS Call","Road Crash","Severe Trauma","2026/03/01 10:45:04 AM","Sadiqabad"
"270828","Faiz Muhyy Ul Din","DR-892","EMDS Call","Medical Emergency","Joints Pain","2026/03/01 10:48:04 AM","Rahim Yar Khan"
"270829","Shaheen Islam","DR-1171","EMDS Call","Medical Emergency","Gynae Problem","2026/03/01 10:56:57 AM","Khanpur"
"270830","Faiz Muhyy Ul Din","DR-892","EMDS Call","Rescue Operations","Animal/Bird Rescue","2026/03/01 11:00:43 AM","Sadiqabad"
"270831","Faiz Muhyy Ul Din","DR-892","EMDS Call","Medical Emergency","Vomiting","2026/03/01 11:06:29 AM","Sadiqabad"
"270832","Saira Bibi","MR-5494","EMDS Call","Road Crash","Severe Trauma","2026/03/01 11:07:05 AM","Khanpur"
"270833","Shaheen Islam","DR-1171","EMDS Call","Medical Emergency","High Fever","2026/03/01 11:09:48 AM","Rahim Yar Khan"
"270834","Shaheen Islam","DR-1171","EMDS Call","Medical Emergency","SOB/ Respiratory Distress","2026/03/01 11:18:18 AM","Rahim Yar Khan"
"Not Assigned","Shaheen Islam","DR-1171","Direct Call","High Raised Building Inspection","High Raised Building Inspection","2026/03/01 11:20:13 AM","Rahim Yar Khan"
"270835","Faiz Muhyy Ul Din","DR-892","EMDS Call","Medical Emergency","Diarrhea","2026/03/01 11:22:02 AM","Rahim Yar Khan"
"270836","Shaheen Islam","DR-1171","Direct Call","Medical Emergency","Vomiting","2026/03/01 11:27:36 AM","Sadiqabad"
"270837","Faiz Muhyy Ul Din","DR-892","EMDS Call","Medical Emergency","Joints Pain","2026/03/01 11:29:51 AM","Liaqatpur"
"270838","Shaheen Islam","DR-1171","EMDS Call","Medical Emergency","Joints Pain","2026/03/01 11:34:32 AM","Rahim Yar Khan"
"270839","Aasia Batool","MR-5198","EMDS Call","Road Crash","Bleeding","2026/03/01 11:43:29 AM","Rahim Yar Khan"
"270840","Saira Bibi","MR-5494","EMDS Call","Road Crash","Bleeding","2026/03/01 11:51:56 AM","Rahim Yar Khan"
"270841","Aasia Batool","MR-5198","EMDS Call","Fire","Others","2026/03/01 11:56:35 AM","Khanpur"
"270842","Aasia Batool","MR-5198","EMDS Call","Medical Emergency","Joints Pain","2026/03/01 12:01:34 PM","Khanpur"
"270843","Aasia Batool","MR-5198","EMDS Call","Medical Emergency","Abdominal Pain","2026/03/01 12:14:19 PM","Sadiqabad"
"270844","Shaheen Islam","DR-1171","EMDS Call","Medical Emergency","CVA/Stroke","2026/03/01 12:17:39 PM","Liaqatpur"
"270845","Faiz Muhyy Ul Din","DR-892","EMDS Call","Fire","Others","2026/03/01 12:30:17 PM","Sadiqabad"
"270846","Shaheen Islam","DR-1171","EMDS Call","Road Crash","Severe Trauma","2026/03/01 12:30:21 PM","Khanpur"
"270847","Aasia Batool","MR-5198","EMDS Call","Medical Emergency","CVA/Stroke","2026/03/01 12:38:04 PM","Khanpur"
"270848","Shaheen Islam","DR-1171","EMDS Call","Road Crash","Minor Injuries","2026/03/01 01:06:05 PM","Rahim Yar Khan"
"270849","Faiz Muhyy Ul Din","DR-892","Direct Call","Medical Emergency","SOB/ Respiratory Distress","2026/03/01 01:12:06 PM","Rahim Yar Khan"
"270850","Shaheen Islam","DR-1171","EMDS Call","Medical Emergency","Abdominal Pain","2026/03/01 01:15:40 PM","Rahim Yar Khan"
"270851","Shaheen Islam","DR-1171","EMDS Call","Road Crash","Minor Injuries","2026/03/01 01:26:07 PM","Rahim Yar Khan"
"270851","Shaheen Islam","DR-1171","EMDS Call","Road Crash","Minor Injuries","2026/03/01 01:26:07 PM","Rahim Yar Khan"
"270852","Shaheen Islam","DR-1171","EMDS Call","Road Crash","Multiple Fractures","2026/03/01 01:28:57 PM","Sadiqabad"
"270853","Shaheen Islam","DR-1171","EMDS Call","Medical Emergency","Renal Disorders / Renal Colic ","2026/03/01 01:39:35 PM","Khanpur"
"270854","Faiz Muhyy Ul Din","DR-892","EMDS Call","Road Crash","Minor Injuries","2026/03/01 01:44:30 PM","Khanpur"
"270855","Shaheen Islam","DR-1171","EMDS Call","Road Crash","Minor Injuries","2026/03/01 01:59:34 PM","Rahim Yar Khan"
"270856","Shaheen Islam","DR-1171","EMDS Call","Medical Emergency","Diabetic","2026/03/01 02:12:44 PM","Sadiqabad"
"270857","Maheen Tahir","MR-6017","EMDS Call","Medical Emergency","High Fever","2026/03/01 02:13:59 PM","Rahim Yar Khan"
"270858","Shaheen Islam","DR-1171","EMDS Call","Medical Emergency","Unconscious","2026/03/01 02:14:12 PM","Rahim Yar Khan"
"270859","Shaheen Islam","DR-1171","EMDS Call","Road Crash","Severe Trauma","2026/03/01 02:18:08 PM","Rahim Yar Khan"
"270859","Shaheen Islam","DR-1171","EMDS Call","Road Crash","Severe Trauma","2026/03/01 02:18:08 PM","Rahim Yar Khan"
"270860","Sheeza Barkat","MR-5331","EMDS Call","Rescue Operations","Snake Emergency","2026/03/01 02:25:30 PM","Liaqatpur"
"270861","Maheen Tahir","MR-6017","EMDS Call","Rescue Operations","Scalds/Burn Due To Negligence","2026/03/01 02:39:09 PM","Sadiqabad"
"270862","Maheen Tahir","MR-6017","EMDS Call","Medical Emergency","Diabetic","2026/03/01 02:42:44 PM","Sadiqabad"
"270863","Saima Bashir","MR-5819","EMDS Call","Road Crash","Minor Injuries","2026/03/01 02:46:34 PM","Sadiqabad"
"270864","Maheen Tahir","MR-6017","EMDS Call","Medical Emergency","SOB/ Respiratory Distress","2026/03/01 02:46:34 PM","Sadiqabad"
"76706","Maheen Tahir","MR-6017","Direct Call","Patient Transfer Service","N/A","2026/03/01 02:56:24 PM","Liaqatpur"
"270865","Sheeza Barkat","MR-5331","EMDS Call","Medical Emergency","Diabetic","2026/03/01 03:02:56 PM","Liaqatpur"
"270866","Saima Bashir","MR-5819","Direct Call","Medical Emergency","Joints Pain","2026/03/01 03:13:31 PM","Sadiqabad"
"270867","Sheeza Barkat","MR-5331","EMDS Call","Rescue Operations","Animal/Bird Rescue","2026/03/01 03:19:49 PM","Khanpur"
"270868","Sheeza Barkat","MR-5331","EMDS Call","Road Crash","Minor Injuries","2026/03/01 03:23:31 PM","Rahim Yar Khan"
"270869","Maheen Tahir","MR-6017","EMDS Call","Road Crash","Minor Injuries","2026/03/01 03:24:12 PM","Rahim Yar Khan"
"270870","Saima Bashir","MR-5819","EMDS Call","Road Crash","Bleeding","2026/03/01 03:27:24 PM","Rahim Yar Khan"
"76707","Sheeza Barkat","MR-5331","Direct Call","Patient Transfer Service","N/A","2026/03/01 03:31:11 PM","Sadiqabad"
"270871","Maheen Tahir","MR-6017","EMDS Call","Drowning","Canal","2026/03/01 03:38:26 PM","Khanpur"
"270872","Sheeza Barkat","MR-5331","EMDS Call","Medical Emergency","Domestic Injuries","2026/03/01 03:41:52 PM","Rahim Yar Khan"
"270873","Sheeza Barkat","MR-5331","EMDS Call","Road Crash","Bleeding","2026/03/01 03:48:14 PM","Rahim Yar Khan"
"270874","Maheen Tahir","MR-6017","EMDS Call","Medical Emergency","Chest Pain","2026/03/01 03:56:51 PM","Khanpur"
"270875","Sheeza Barkat","MR-5331","EMDS Call","Medical Emergency","Diarrhea","2026/03/01 03:59:03 PM","Rahim Yar Khan"
"270876","Maheen Tahir","MR-6017","EMDS Call","Medical Emergency","High Fever","2026/03/01 04:10:40 PM","Rahim Yar Khan"
"270877","Sheeza Barkat","MR-5331","EMDS Call","Medical Emergency","SOB/ Respiratory Distress","2026/03/01 04:13:30 PM","Rahim Yar Khan"
"76708","Sheeza Barkat","MR-5331","Direct Call","Patient Transfer Service","N/A","2026/03/01 04:19:02 PM","Sadiqabad"
"270878","Muhammad ALi","DR-818","EMDS Call","Medical Emergency","Joints Pain","2026/03/01 04:21:21 PM","Rahim Yar Khan"
"270879","Sheeza Barkat","MR-5331","EMDS Call","Road Crash","Bleeding","2026/03/01 04:23:36 PM","Rahim Yar Khan"
"270880","Muhammad ALi","DR-818","EMDS Call","Medical Emergency","Hypertension","2026/03/01 04:30:50 PM","Rahim Yar Khan"
"270881","Muhammad ALi","DR-818","EMDS Call","Medical Emergency","Hypertension","2026/03/01 04:42:49 PM","Rahim Yar Khan"
"270882","Muhammad ALi","DR-818","EMDS Call","Rescue Operations","Delivery Case","2026/03/01 04:47:11 PM","Sadiqabad"
"270883","Maheen Tahir","MR-6017","EMDS Call","Medical Emergency","Chest Pain","2026/03/01 04:50:31 PM","Rahim Yar Khan"
"270884","Saima Bashir","MR-5819","EMDS Call","Road Crash","Minor Injuries","2026/03/01 04:53:15 PM","Sadiqabad"
"270885","Muhammad ALi","DR-818","EMDS Call","Medical Emergency","Hypertension","2026/03/01 04:55:22 PM","Rahim Yar Khan"
"270886","Muhammad ALi","DR-818","EMDS Call","Medical Emergency","Others","2026/03/01 05:03:51 PM","Rahim Yar Khan"
"270887","Maheen Tahir","MR-6017","EMDS Call","Medical Emergency","Others","2026/03/01 05:12:10 PM","Rahim Yar Khan"
"270889","Muhammad ALi","DR-818","EMDS Call","Medical Emergency","SOB/ Respiratory Distress","2026/03/01 05:13:43 PM","Rahim Yar Khan"
"270888","Saima Bashir","MR-5819","EMDS Call","Medical Emergency","Vertigo/ Dizziness","2026/03/01 05:14:10 PM","Rahim Yar Khan"
"270890","Maheen Tahir","MR-6017","EMDS Call","Medical Emergency","Domestic Injuries","2026/03/01 05:18:03 PM","Rahim Yar Khan"
"270891","Maheen Tahir","MR-6017","EMDS Call","Road Crash","Severe Trauma","2026/03/01 05:22:04 PM","Rahim Yar Khan"
"270892","Saima Bashir","MR-5819","EMDS Call","Medical Emergency","Renal Disorders / Renal Colic ","2026/03/01 05:24:53 PM","Rahim Yar Khan"
"270893","Maheen Tahir","MR-6017","EMDS Call","Medical Emergency","Hypotension","2026/03/01 05:39:46 PM","Rahim Yar Khan"
"270894","Saima Bashir","MR-5819","Direct Call","Road Crash","Bleeding","2026/03/01 05:46:31 PM","Liaqatpur"
"270895","Maheen Tahir","MR-6017","EMDS Call","Medical Emergency","Vertigo/ Dizziness","2026/03/01 05:44:14 PM","Rahim Yar Khan"
"76709","Saima Bashir","MR-5819","Direct Call","Patient Transfer Service","N/A","2026/03/01 05:48:36 PM","Liaqatpur"
"270897","Sheeza Barkat","MR-5331","EMDS Call","Road Crash","Bleeding","2026/03/01 05:53:09 PM","Sadiqabad"
"270897","Sheeza Barkat","MR-5331","EMDS Call","Road Crash","Bleeding","2026/03/01 05:53:09 PM","Sadiqabad"
"270896","Maheen Tahir","MR-6017","EMDS Call","Medical Emergency","Abdominal Pain","2026/03/01 05:54:37 PM","Liaqatpur"
"270898","Maheen Tahir","MR-6017","EMDS Call","Road Crash","Severe Trauma","2026/03/01 05:57:03 PM","Rahim Yar Khan"
"270899","Maheen Tahir","MR-6017","EMDS Call","Medical Emergency","Vertigo/ Dizziness","2026/03/01 06:05:46 PM","Rahim Yar Khan"
"270900","Saima Bashir","MR-5819","EMDS Call","Medical Emergency","Vomiting","2026/03/01 06:06:55 PM","Rahim Yar Khan"
"270901","Sheeza Barkat","MR-5331","EMDS Call","Fire","Short Circuit","2026/03/01 06:07:14 PM","Sadiqabad"
"270902","Maheen Tahir","MR-6017","EMDS Call","Medical Emergency","Vomiting","2026/03/01 06:35:53 PM","Sadiqabad"
"76710","Maheen Tahir","MR-6017","Direct Call","Patient Transfer Service","N/A","2026/03/01 06:40:00 PM","Khanpur"
"270903","Sheeza Barkat","MR-5331","EMDS Call","Medical Emergency","Hypertension","2026/03/01 06:44:52 PM","Rahim Yar Khan"
"270904","Saima Bashir","MR-5819","EMDS Call","Medical Emergency","Joints Pain","2026/03/01 06:47:03 PM","Rahim Yar Khan"
"270905","Saima Bashir","MR-5819","EMDS Call","Medical Emergency","Anxiety / Psychiatric Disorder","2026/03/01 06:50:16 PM","Sadiqabad"
"270906","Sheeza Barkat","MR-5331","EMDS Call","Medical Emergency","Chest Pain","2026/03/01 06:58:33 PM","Rahim Yar Khan"
"270907","Maheen Tahir","MR-6017","EMDS Call","Medical Emergency","High Fever","2026/03/01 06:59:48 PM","Rahim Yar Khan"
"270908","Muhammad Zubair","DR-894","EMDS Call","Road Crash","Minor Injuries","2026/03/01 07:05:36 PM","Rahim Yar Khan"
"270909","Maheen Tahir","MR-6017","EMDS Call","Road Crash","Bleeding","2026/03/01 07:07:04 PM","Rahim Yar Khan"
"270910","Maheen Tahir","MR-6017","EMDS Call","Road Crash","Minor Injuries","2026/03/01 07:11:15 PM","Sadiqabad"
"270911","Saima Bashir","MR-5819","EMDS Call","Medical Emergency","Hypertension","2026/03/01 07:11:21 PM","Rahim Yar Khan"
"76711","Muhammad Zubair","DR-894","Direct Call","Patient Transfer Service","N/A","2026/03/01 07:12:47 PM","Sadiqabad"
"270912","Muhammad Zubair","DR-894","EMDS Call","Medical Emergency","Diarrhea","2026/03/01 07:21:48 PM","Rahim Yar Khan"
"270914","Muhammad Zubair","DR-894","EMDS Call","Medical Emergency","Others","2026/03/01 07:33:10 PM","Rahim Yar Khan"
"270913","Sheeza Barkat","MR-5331","EMDS Call","Medical Emergency","Joints Pain","2026/03/01 07:33:21 PM","Rahim Yar Khan"
"270915","Saima Bashir","MR-5819","EMDS Call","Medical Emergency","Anxiety / Psychiatric Disorder","2026/03/01 07:34:18 PM","Sadiqabad"
"270916","Muhammad Zubair","DR-894","EMDS Call","Medical Emergency","Vertigo/ Dizziness","2026/03/01 07:35:34 PM","Rahim Yar Khan"
"270917","Sheeza Barkat","MR-5331","EMDS Call","Road Crash","Severe Trauma","2026/03/01 07:36:16 PM","Rahim Yar Khan"
"270918","Muhammad Zubair","DR-894","EMDS Call","Medical Emergency","Hypertension","2026/03/01 07:42:03 PM","Rahim Yar Khan"
"Not Assigned","Muhammad Zubair","DR-894","EMDS Call","Road Crash","Minor Injuries","2026/03/01 07:53:22 PM","Rahim Yar Khan"
"270919","Sheeza Barkat","MR-5331","EMDS Call","Rescue Operations","Snake Emergency","2026/03/01 07:50:52 PM","Liaqatpur"
"270920","Muhammad Zubair","DR-894","EMDS Call","Medical Emergency","High Fever","2026/03/01 08:04:11 PM","Sadiqabad"
"270921","Saima Bashir","MR-5819","EMDS Call","Road Crash","Bleeding","2026/03/01 08:08:23 PM","Khanpur"
"270922","Muhammad Zubair","DR-894","EMDS Call","Road Crash","Minor Injuries","2026/03/01 08:09:10 PM","Rahim Yar Khan"
"270923","Muhammad Zubair","DR-894","EMDS Call","Road Crash","Minor Injuries","2026/03/01 08:17:42 PM","Rahim Yar Khan"
"270924","Muhammad Zubair","DR-894","EMDS Call","Medical Emergency","Vertigo/ Dizziness","2026/03/01 08:45:00 PM","Rahim Yar Khan"
"270925","Saima Bashir","MR-5819","EMDS Call","Fall","Slipped On Floor","2026/03/01 08:45:43 PM","Khanpur"
"270926","Rana M. Usman","DR-200","EMDS Call","Medical Emergency","Chronic Illness","2026/03/01 09:04:05 PM","Khanpur"
"270927","Zupasha Zia","MR-5758","EMDS Call","Medical Emergency","Joints Pain","2026/03/01 09:20:32 PM","Khanpur"
"270928","Muhammad Fiaz","DR-206","EMDS Call","Medical Emergency","High Fever","2026/03/01 09:23:54 PM","Rahim Yar Khan"
"76712","Zupasha Zia","MR-5758","Direct Call","Patient Transfer Service","N/A","2026/03/01 09:30:10 PM","Liaqatpur"
"270929","Muhammad Riaz","DR-654","EMDS Call","Road Crash","Bleeding","2026/03/01 09:33:05 PM","Rahim Yar Khan"
"270930","Muhammad Riaz","DR-654","EMDS Call","Medical Emergency","Hypertension","2026/03/01 09:40:13 PM","Rahim Yar Khan"
"270931","Muhammad Fiaz","DR-206","EMDS Call","Medical Emergency","SOB/ Respiratory Distress","2026/03/01 09:50:42 PM","Sadiqabad"
"270932","Rana M. Usman","DR-200","EMDS Call","Medical Emergency","Vomiting","2026/03/01 10:07:23 PM","Khanpur"
"270933","Rana M. Usman","DR-200","Direct Call","Medical Emergency","SOB/ Respiratory Distress","2026/03/01 10:10:02 PM","Sadiqabad"
"76713","Zupasha Zia","MR-5758","Direct Call","Patient Transfer Service","N/A","2026/03/01 10:17:29 PM","Liaqatpur"
"270934","Muhammad Riaz","DR-654","EMDS Call","Medical Emergency","Abdominal Pain","2026/03/01 10:35:16 PM","Sadiqabad"
"76714","Rana M. Usman","DR-200","Direct Call","Patient Transfer Service","N/A","2026/03/01 10:37:58 PM","Khanpur"
"270935","Muhammad Riaz","DR-654","EMDS Call","Medical Emergency","SOB/ Respiratory Distress","2026/03/01 10:39:54 PM","Liaqatpur"
"270936","Muhammad Riaz","DR-654","EMDS Call","Medical Emergency","Joints Pain","2026/03/01 10:46:53 PM","Rahim Yar Khan"
"270937","Rana M. Usman","DR-200","EMDS Call","Medical Emergency","Vomiting","2026/03/01 10:49:48 PM","Liaqatpur"
"270938","Rana M. Usman","DR-200","EMDS Call","Medical Emergency","Abdominal Pain","2026/03/01 10:59:57 PM","Rahim Yar Khan"
"76715","Muhammad Fiaz","DR-206","Direct Call","Patient Transfer Service","N/A","2026/03/01 11:02:09 PM","Sadiqabad"
"270939","Bushra Saleem","MR-5701","EMDS Call","Medical Emergency","Anxiety / Psychiatric Disorder","2026/03/01 11:00:42 PM","Rahim Yar Khan"
"270940","Bushra Saleem","MR-5701","EMDS Call","Medical Emergency","Abdominal Pain","2026/03/01 11:09:40 PM","Sadiqabad"
"76716","Bushra Saleem","MR-5701","Direct Call","Patient Transfer Service","N/A","2026/03/01 11:16:46 PM","Sadiqabad"
"270941","Muhammad Fiaz","DR-206","EMDS Call","Medical Emergency","Joints Pain","2026/03/01 11:13:47 PM","Rahim Yar Khan"
"270942","Rana M. Usman","DR-200","EMDS Call","Road Crash","Minor Injuries","2026/03/01 11:21:04 PM","Sadiqabad"
"270943","Rana M. Usman","DR-200","EMDS Call","Medical Emergency","Chest Pain","2026/03/01 11:23:38 PM","Rahim Yar Khan"
"76717","Rana M. Usman","DR-200","Direct Call","Patient Transfer Service","N/A","2026/03/01 11:37:34 PM","Sadiqabad"
"270944","Rana M. Usman","DR-200","EMDS Call","Medical Emergency","Vomiting","2026/03/01 11:50:35 PM","Rahim Yar Khan"
"270945","Muhammad Fiaz","DR-206","EMDS Call","Medical Emergency","Hypertension","2026/03/02 12:11:02 AM","Sadiqabad"
"76718","Muhammad Fiaz","DR-206","Direct Call","Patient Transfer Service","N/A","2026/03/02 12:14:46 AM","Khanpur"
"270946","Bushra Saleem","MR-5701","EMDS Call","Medical Emergency","Abdominal Pain","2026/03/02 12:22:03 AM","Rahim Yar Khan"
"270947","Muhammad Fiaz","DR-206","EMDS Call","Medical Emergency","Abdominal Pain","2026/03/02 12:27:48 AM","Rahim Yar Khan"
"270948","Rana M. Usman","DR-200","EMDS Call","Medical Emergency","Joints Pain","2026/03/02 12:38:11 AM","Rahim Yar Khan"
"270949","Bushra Saleem","MR-5701","Direct Call","Medical Emergency","Vomiting","2026/03/02 12:40:23 AM","Rahim Yar Khan"
"270950","Muhammad Fiaz","DR-206","EMDS Call","Medical Emergency","Hypertension","2026/03/02 12:49:13 AM","Rahim Yar Khan"
"270951","Rana M. Usman","DR-200","EMDS Call","Rescue Operations","Vehicle Extrication","2026/03/02 01:01:32 AM","Rahim Yar Khan"
"76719","Muhammad Fiaz","DR-206","Direct Call","Patient Transfer Service","N/A","2026/03/02 01:20:08 AM","Sadiqabad"
"270952","Bushra Saleem","MR-5701","EMDS Call","Medical Emergency","SOB/ Respiratory Distress","2026/03/02 01:32:12 AM","Rahim Yar Khan"
"270953","Muhammad Fiaz","DR-206","EMDS Call","Medical Emergency","Abdominal Pain","2026/03/02 01:34:49 AM","Rahim Yar Khan"
"76720","Muhammad Fiaz","DR-206","Direct Call","Patient Transfer Service","N/A","2026/03/02 01:37:18 AM","Sadiqabad"
"270954","Sajid Mehmood","DR-914","EMDS Call","Medical Emergency","Abdominal Pain","2026/03/02 02:14:52 AM","Sadiqabad"
"270955","Muhammad Fiaz","DR-206","EMDS Call","Medical Emergency","Abdominal Pain","2026/03/02 02:19:10 AM","Rahim Yar Khan"
"270956","Rana M. Usman","DR-200","EMDS Call","Medical Emergency","Abdominal Pain","2026/03/02 02:31:57 AM","Rahim Yar Khan"
"270957","Muhammad Fiaz","DR-206","EMDS Call","Medical Emergency","High Fever","2026/03/02 02:48:54 AM","Sadiqabad"
"270958","Rana M. Usman","DR-200","EMDS Call","Medical Emergency","SOB/ Respiratory Distress","2026/03/02 03:00:27 AM","Rahim Yar Khan"
"270959","Sajid Mehmood","DR-914","EMDS Call","Medical Emergency","Chest Pain","2026/03/02 03:38:24 AM","Sadiqabad"
"270960","Zupasha Zia","MR-5758","EMDS Call","Medical Emergency","SOB/ Respiratory Distress","2026/03/02 03:51:35 AM","Khanpur"
"270961","Muhammad Tariq Hameed","DR-885","EMDS Call","Medical Emergency","Renal Disorders / Renal Colic ","2026/03/02 03:51:48 AM","Khanpur"
"270962","Zupasha Zia","MR-5758","EMDS Call","Medical Emergency","Hypertension","2026/03/02 04:04:39 AM","Rahim Yar Khan"
"270963","Zupasha Zia","MR-5758","EMDS Call","Road Crash","Bleeding","2026/03/02 04:08:22 AM","Sadiqabad"
"270964","Sajid Mehmood","DR-914","EMDS Call","Medical Emergency","High Fever","2026/03/02 04:41:12 AM","Sadiqabad"
"Not Assigned","Sajid Mehmood","DR-914","EMDS Call","Medical Emergency","Anxiety / Psychiatric Disorder","2026/03/02 05:04:54 AM","Khanpur"
"270966","Zupasha Zia","MR-5758","EMDS Call","Medical Emergency","SOB/ Respiratory Distress","2026/03/02 05:18:48 AM","Sadiqabad"
"270967","Muhammad Tariq Hameed","DR-885","EMDS Call","Medical Emergency","CVA/Stroke","2026/03/02 05:31:41 AM","Rahim Yar Khan"
"270968","Sajid Mehmood","DR-914","EMDS Call","Road Crash","Minor Injuries","2026/03/02 05:35:17 AM","Rahim Yar Khan"
"270969","Zupasha Zia","MR-5758","EMDS Call","Medical Emergency","Abdominal Pain","2026/03/02 05:38:58 AM","Khanpur"
"270970","Zupasha Zia","MR-5758","EMDS Call","Medical Emergency","Hypertension","2026/03/02 05:58:15 AM","Rahim Yar Khan"
"76721","Zupasha Zia","MR-5758","Direct Call","Patient Transfer Service","N/A","2026/03/02 06:08:27 AM","Sadiqabad"
"76722","Zupasha Zia","MR-5758","Direct Call","Patient Transfer Service","N/A","2026/03/02 06:17:36 AM","Sadiqabad"
"270971","Bushra Saleem","MR-5701","EMDS Call","Rescue Operations","Delivery Case","2026/03/02 06:16:23 AM","Rahim Yar Khan"
"270972","Bushra Saleem","MR-5701","EMDS Call","Medical Emergency","Cardiac Arrest","2026/03/02 06:20:26 AM","Khanpur"
"270973","Muhammad Tariq Hameed","DR-885","EMDS Call","Medical Emergency","Abdominal Pain","2026/03/02 06:40:10 AM","Khanpur"
"270974","Zupasha Zia","MR-5758","EMDS Call","Medical Emergency","Joints Pain","2026/03/02 07:25:04 AM","Rahim Yar Khan"
"270975","Muhammad Tariq Hameed","DR-885","Direct Call","Medical Emergency","Vomiting","2026/03/02 07:37:45 AM","Rahim Yar Khan"
"270976","Muhammad Zahid","DR-888","EMDS Call","Medical Emergency","Epilepsy","2026/03/02 07:48:01 AM","Sadiqabad"
"270977","Shahla Nawaz","DR-185","Direct Call","Medical Emergency","SOB/ Respiratory Distress","2026/03/02 07:55:30 AM","Rahim Yar Khan"
"270978","Maheen Tahir","MR-6017","EMDS Call","Medical Emergency","Vomiting","2026/03/02 07:58:05 AM","Rahim Yar Khan"
"270979","Shahla Nawaz","DR-185","EMDS Call","Road Crash","Minor Injuries","2026/03/02 07:58:25 AM","Sadiqabad"
"270980","Faiz Muhyy Ul Din","DR-892","EMDS Call","Medical Emergency","SOB/ Respiratory Distress","2026/03/02 07:59:41 AM","Rahim Yar Khan"
"270981","Faiz Muhyy Ul Din","DR-892","Direct Call","Rescue Operations","Mass Event Coverage","2026/03/02 08:09:31 AM","Rahim Yar Khan"
"270982","Muhammad Arshad","DR-198","EMDS Call","Medical Emergency","Diarrhea","2026/03/02 08:12:46 AM","Rahim Yar Khan"
"270983","Shahla Nawaz","DR-185","EMDS Call","Medical Emergency","Diarrhea","2026/03/02 08:13:15 AM","Rahim Yar Khan"
"270984","Muhammad Arshad","DR-198","EMDS Call","Medical Emergency","Diabetic","2026/03/02 08:23:09 AM","Sadiqabad"
"270985","Faiz Muhyy Ul Din","DR-892","Direct Call","Rescue Operations","Mass Event Coverage","2026/03/02 08:38:14 AM","Khanpur"
"270986","Faiz Muhyy Ul Din","DR-892","EMDS Call","Medical Emergency","Chronic Illness","2026/03/02 08:43:42 AM","Khanpur"
"270988","Shahla Nawaz","DR-185","EMDS Call","Medical Emergency","Vomiting","2026/03/02 08:46:15 AM","Rahim Yar Khan"
"270987","Faiz Muhyy Ul Din","DR-892","EMDS Call","Medical Emergency","SOB/ Respiratory Distress","2026/03/02 08:47:56 AM","Rahim Yar Khan"
"270989","Faiz Muhyy Ul Din","DR-892","EMDS Call","Medical Emergency","SOB/ Respiratory Distress","2026/03/02 08:53:21 AM","Sadiqabad"
"270992","Shahla Nawaz","DR-185","EMDS Call","Rescue Operations","Animal/Bird Rescue","2026/03/02 09:00:53 AM","Liaqatpur"
"270990","Faiz Muhyy Ul Din","DR-892","EMDS Call","Medical Emergency","Hypertension","2026/03/02 09:03:02 AM","Khanpur"
"270991","Muhammad Arshad","DR-198","EMDS Call","Road Crash","Minor Injuries","2026/03/02 09:05:25 AM","Rahim Yar Khan"
"270993","Faiz Muhyy Ul Din","DR-892","EMDS Call","Medical Emergency","Vertigo/ Dizziness","2026/03/02 09:14:13 AM","Rahim Yar Khan"
"270994","Muhammad Arshad","DR-198","EMDS Call","Medical Emergency","Epilepsy","2026/03/02 09:16:20 AM","Rahim Yar Khan"
"76723","Muhammad Arshad","DR-198","Direct Call","Patient Transfer Service","N/A","2026/03/02 09:20:35 AM","Rahim Yar Khan"
"270995","Faiz Muhyy Ul Din","DR-892","EMDS Call","Fall","Fall From Wall","2026/03/02 09:22:19 AM","Rahim Yar Khan"
"270996","Shahla Nawaz","DR-185","EMDS Call","Medical Emergency","Others","2026/03/02 09:20:55 AM","Khanpur"
"270997","Shahla Nawaz","DR-185","EMDS Call","Crime","Abandoned Newborn","2026/03/02 09:30:38 AM","Rahim Yar Khan"
"270998","Muhammad Arshad","DR-198","EMDS Call","Medical Emergency","Vomiting","2026/03/02 09:43:38 AM","Rahim Yar Khan"
"Not Assigned","Maheen Tahir","MR-6017","Direct Call","Community","Community Training","2026/03/02 09:51:42 AM","Khanpur"
"270999","Shahid Jamil","DR-184","EMDS Call","Rescue Operations","Delivery Case","2026/03/02 09:53:12 AM","Rahim Yar Khan"
"Not Assigned","Maheen Tahir","MR-6017","Direct Call","Community","Community Training","2026/03/02 09:55:35 AM","Liaqatpur"
"76724","Faiz Muhyy Ul Din","DR-892","Direct Call","Patient Transfer Service","N/A","2026/03/02 10:06:53 AM","Khanpur"
"271000","Faiz Muhyy Ul Din","DR-892","EMDS Call","Medical Emergency","Diabetic","2026/03/02 10:08:46 AM","Rahim Yar Khan"
"271001","Shahid Jamil","DR-184","EMDS Call","Rescue Operations","Animal/Bird Rescue","2026/03/02 10:11:12 AM","Sadiqabad"
"271002","Muhammad AAmar","DR-915","EMDS Call","Medical Emergency","Anxiety / Psychiatric Disorder","2026/03/02 10:25:36 AM","Rahim Yar Khan"
"271003","Maheen Tahir","MR-6017","EMDS Call","Medical Emergency","Chest Pain","2026/03/02 10:26:20 AM","Sadiqabad"
"271004","Faiz Muhyy Ul Din","DR-892","EMDS Call","Rescue Operations","Delivery Case","2026/03/02 10:32:04 AM","Sadiqabad"
"271005","Maheen Tahir","MR-6017","Direct Call","Medical Emergency","Others","2026/03/02 10:32:06 AM","Khanpur"
"271006","Muhammad AAmar","DR-915","EMDS Call","Medical Emergency","SOB/ Respiratory Distress","2026/03/02 10:39:03 AM","Rahim Yar Khan"
"271007","Faiz Muhyy Ul Din","DR-892","EMDS Call","Medical Emergency","Hypertension","2026/03/02 10:47:09 AM","Rahim Yar Khan"
"271008","Faiz Muhyy Ul Din","DR-892","Direct Call","Medical Emergency","Diabetic","2026/03/02 10:51:48 AM","Rahim Yar Khan"
"271009","Faiz Muhyy Ul Din","DR-892","EMDS Call","Road Crash","Minor Injuries","2026/03/02 10:53:01 AM","Rahim Yar Khan"
"271010","Muhammad Arshad","DR-198","Direct Call","Rescue Operations","Snake Emergency","2026/03/02 10:57:01 AM","Rahim Yar Khan"
"Not Assigned","Maheen Tahir","MR-6017","Direct Call","High Raised Building Inspection","High Raised Building Inspection","2026/03/02 10:57:40 AM","Khanpur"
"271011","Shahid Jamil","DR-184","EMDS Call","Medical Emergency","High Fever","2026/03/02 11:10:08 AM","Liaqatpur"
"271012","Shahid Jamil","DR-184","EMDS Call","Medical Emergency","SOB/ Respiratory Distress","2026/03/02 11:16:16 AM","Khanpur"
"271013","Saira Bibi","MR-5494","EMDS Call","Road Crash","Minor Injuries","2026/03/02 11:21:04 AM","Sadiqabad"
"271014","Shahid Jamil","DR-184","EMDS Call","Road Crash","Bleeding","2026/03/02 11:24:29 AM","Rahim Yar Khan"
"76725","Maheen Tahir","MR-6017","Direct Call","Patient Transfer Service","N/A","2026/03/02 11:31:54 AM","Sadiqabad"
"271015","Muhammad AAmar","DR-915","EMDS Call","Road Crash","Multiple Fractures","2026/03/02 11:31:44 AM","Rahim Yar Khan"
"271016","Maheen Tahir","MR-6017","EMDS Call","Road Crash","Minor Injuries","2026/03/02 11:32:23 AM","Rahim Yar Khan"
"271017","Muhammad AAmar","DR-915","EMDS Call","Road Crash","Severe Trauma","2026/03/02 11:37:02 AM","Liaqatpur"
"271018","Muhammad Arshad","DR-198","EMDS Call","Medical Emergency","Chronic Illness","2026/03/02 11:38:59 AM","Rahim Yar Khan"
"271019","Muhammad AAmar","DR-915","EMDS Call","Medical Emergency","Hypertension","2026/03/02 11:46:53 AM","Rahim Yar Khan"
"271020","Saira Bibi","MR-5494","EMDS Call","Medical Emergency","High Fever","2026/03/02 11:50:31 AM","Rahim Yar Khan"
"271022","Shahid Jamil","DR-184","EMDS Call","Road Crash","Bleeding","2026/03/02 11:53:30 AM","Rahim Yar Khan"
"271021","Muhammad Zahid","DR-888","Direct Call","Fire","Others","2026/03/02 11:58:22 AM","Khanpur"
"271023","Maheen Tahir","MR-6017","EMDS Call","Road Crash","Bleeding","2026/03/02 12:18:32 PM","Sadiqabad"
"76726","Muhammad Zahid","DR-888","Direct Call","Patient Transfer Service","N/A","2026/03/02 12:23:55 PM","Sadiqabad"
"271024","Muhammad Zahid","DR-888","EMDS Call","Road Crash","Severe Trauma","2026/03/02 12:24:29 PM","Rahim Yar Khan"
"271025","Muhammad AAmar","DR-915","EMDS Call","Medical Emergency","Unconscious","2026/03/02 12:30:10 PM","Rahim Yar Khan"
"271026","Maheen Tahir","MR-6017","EMDS Call","Road Crash","Minor Injuries","2026/03/02 12:30:56 PM","Rahim Yar Khan"
"271027","Muhammad Zahid","DR-888","EMDS Call","Medical Emergency","High Fever","2026/03/02 12:31:29 PM","Rahim Yar Khan"
"271028","Muhammad AAmar","DR-915","EMDS Call","Medical Emergency","Hypertension","2026/03/02 12:32:37 PM","Rahim Yar Khan"
"271029","Maheen Tahir","MR-6017","EMDS Call","Rescue Operations","Animal/Bird Rescue","2026/03/02 12:36:59 PM","Liaqatpur"
"271030","Saira Bibi","MR-5494","EMDS Call","Medical Emergency","Hypertension","2026/03/02 12:53:15 PM","Liaqatpur"
"271031","Maheen Tahir","MR-6017","EMDS Call","Road Crash","Severe Trauma","2026/03/02 12:52:33 PM","Sadiqabad"
"271032","Shahid Jamil","DR-184","EMDS Call","Medical Emergency","Unconscious","2026/03/02 12:53:37 PM","Rahim Yar Khan"
"271033","Muhammad Zahid","DR-888","Direct Call","Medical Emergency","SOB/ Respiratory Distress","2026/03/02 12:53:50 PM","Liaqatpur"
"271034","Maheen Tahir","MR-6017","EMDS Call","Road Crash","Minor Injuries","2026/03/02 12:56:58 PM","Rahim Yar Khan"
"271036","Saira Bibi","MR-5494","EMDS Call","Rescue Operations","Vehicle Extrication","2026/03/02 01:15:04 PM","Rahim Yar Khan"
"271035","Muhammad Zahid","DR-888","EMDS Call","Medical Emergency","Hypotension","2026/03/02 01:15:34 PM","Sadiqabad"
"271037","Maheen Tahir","MR-6017","EMDS Call","Fire","Others","2026/03/02 01:16:12 PM","Sadiqabad"
"271038","Muhammad Zahid","DR-888","EMDS Call","Medical Emergency","Unconscious","2026/03/02 01:19:44 PM","Rahim Yar Khan"
"271039","Saira Bibi","MR-5494","EMDS Call","Medical Emergency","Joints Pain","2026/03/02 01:24:29 PM","Sadiqabad"
"271040","Maheen Tahir","MR-6017","EMDS Call","Road Crash","Multiple Fractures","2026/03/02 01:31:19 PM","Liaqatpur"
"271040","Maheen Tahir","MR-6017","EMDS Call","Road Crash","Multiple Fractures","2026/03/02 01:31:19 PM","Liaqatpur"
"271041","Muhammad AAmar","DR-915","EMDS Call","Fire","Others","2026/03/02 01:36:25 PM","Rahim Yar Khan"
"271042","Muhammad AAmar","DR-915","EMDS Call","Medical Emergency","Vomiting","2026/03/02 01:41:31 PM","Rahim Yar Khan"
"271043","Muhammad Zahid","DR-888","EMDS Call","Medical Emergency","Renal Disorders / Renal Colic ","2026/03/02 01:41:20 PM","Rahim Yar Khan"
"271044","Muhammad AAmar","DR-915","EMDS Call","Medical Emergency","Chronic Illness","2026/03/02 01:49:12 PM","Rahim Yar Khan"
"271045","Saira Bibi","MR-5494","EMDS Call","Medical Emergency","Abdominal Pain","2026/03/02 01:52:19 PM","Liaqatpur"
"271046","Saira Bibi","MR-5494","EMDS Call","Medical Emergency","Hypertension","2026/03/02 01:55:58 PM","Liaqatpur"
"271047","Shaheen Islam","DR-1171","EMDS Call","Medical Emergency","Headache","2026/03/02 02:00:41 PM","Rahim Yar Khan"
"271048","Maheen Tahir","MR-6017","EMDS Call","Medical Emergency","Chronic Illness","2026/03/02 02:01:27 PM","Rahim Yar Khan"
"271049","Saira Bibi","MR-5494","EMDS Call","Medical Emergency","Chronic Illness","2026/03/02 02:06:41 PM","Rahim Yar Khan"
"271050","Shaheen Islam","DR-1171","EMDS Call","Medical Emergency","SOB/ Respiratory Distress","2026/03/02 02:11:38 PM","Liaqatpur"
"271051","Sheeza Barkat","MR-5331","EMDS Call","Medical Emergency","Diabetic","2026/03/02 02:21:56 PM","Rahim Yar Khan"
"271052","Saima Bashir","MR-5819","EMDS Call","Medical Emergency","Chronic Illness","2026/03/02 02:24:14 PM","Liaqatpur"
"271053","Zia ul Haq","DR-328","EMDS Call","Medical Emergency","Hypertension","2026/03/02 02:53:02 PM","Rahim Yar Khan"
"271054","Sheeza Barkat","MR-5331","EMDS Call","Crime","Physical Assault/Violence","2026/03/02 02:55:08 PM","Rahim Yar Khan"
"76727","Saima Bashir","MR-5819","Direct Call","Patient Transfer Service","N/A","2026/03/02 03:00:22 PM","Sadiqabad"
"271055","Nida Rahat","DR-1322","EMDS Call","Medical Emergency","Chronic Illness","2026/03/02 02:59:24 PM","Liaqatpur"
"271056","Saima Bashir","MR-5819","EMDS Call","Medical Emergency","Vertigo/ Dizziness","2026/03/02 03:05:57 PM","Khanpur"
"271057","Zia ul Haq","DR-328","EMDS Call","Medical Emergency","High Fever","2026/03/02 03:08:45 PM","Rahim Yar Khan"
"271058","Nida Rahat","DR-1322","EMDS Call","Medical Emergency","Hypotension","2026/03/02 03:10:50 PM","Rahim Yar Khan"
"271059","Zia ul Haq","DR-328","EMDS Call","Road Crash","Minor Injuries","2026/03/02 03:14:14 PM","Khanpur"
"271060","Zia ul Haq","DR-328","EMDS Call","Medical Emergency","Vertigo/ Dizziness","2026/03/02 03:18:36 PM","Rahim Yar Khan"
"271061","Sheeza Barkat","MR-5331","EMDS Call","Medical Emergency","SOB/ Respiratory Distress","2026/03/02 03:20:14 PM","Sadiqabad"
"271062","Sheeza Barkat","MR-5331","EMDS Call","Fire","Short Circuit","2026/03/02 03:26:38 PM","Khanpur"
"76728","Saima Bashir","MR-5819","Direct Call","Patient Transfer Service","N/A","2026/03/02 03:28:16 PM","Liaqatpur"
"271063","Nida Rahat","DR-1322","EMDS Call","Medical Emergency","Anxiety / Psychiatric Disorder","2026/03/02 03:37:17 PM","Sadiqabad"
"271064","Zia ul Haq","DR-328","EMDS Call","Road Crash","Minor Injuries","2026/03/02 04:01:26 PM","Rahim Yar Khan"
"271065","Zia ul Haq","DR-328","EMDS Call","Medical Emergency","Vomiting","2026/03/02 04:06:34 PM","Rahim Yar Khan"
"271066","Nida Rahat","DR-1322","EMDS Call","Medical Emergency","Anxiety / Psychiatric Disorder","2026/03/02 04:08:27 PM","Rahim Yar Khan"
"271067","Sheeza Barkat","MR-5331","EMDS Call","Medical Emergency","Epilepsy","2026/03/02 04:09:34 PM","Rahim Yar Khan"
"271068","Zia ul Haq","DR-328","EMDS Call","Road Crash","Minor Injuries","2026/03/02 04:11:14 PM","Rahim Yar Khan"
"271069","Nida Rahat","DR-1322","EMDS Call","Road Crash","Bleeding","2026/03/02 04:24:30 PM","Khanpur"
"271070","Nida Rahat","DR-1322","EMDS Call","Medical Emergency","Hypertension","2026/03/02 04:29:00 PM","Rahim Yar Khan"
"271071","Sheeza Barkat","MR-5331","EMDS Call","Medical Emergency","Anxiety / Psychiatric Disorder","2026/03/02 04:35:12 PM","Rahim Yar Khan"
"76729","Sheeza Barkat","MR-5331","Direct Call","Patient Transfer Service","N/A","2026/03/02 04:42:51 PM","Sadiqabad"
"271072","Zia ul Haq","DR-328","EMDS Call","Medical Emergency","Diabetic","2026/03/02 04:54:45 PM","Rahim Yar Khan"
"271073","Adil Iqbal","DR-782","EMDS Call","Road Crash","Bleeding","2026/03/02 05:01:10 PM","Liaqatpur"
"271073","Adil Iqbal","DR-782","EMDS Call","Road Crash","Bleeding","2026/03/02 05:01:10 PM","Liaqatpur"
"271074","Sheeza Barkat","MR-5331","EMDS Call","Medical Emergency","Unconscious","2026/03/02 05:10:57 PM","Rahim Yar Khan"
"271075","Sheeza Barkat","MR-5331","EMDS Call","Road Crash","Bleeding","2026/03/02 05:19:19 PM","Sadiqabad"
"271076","Nida Rahat","DR-1322","EMDS Call","Road Crash","Bleeding","2026/03/02 05:22:06 PM","Rahim Yar Khan"
"271077","Sheeza Barkat","MR-5331","EMDS Call","Fire","Others","2026/03/02 05:24:04 PM","Sadiqabad"
"271078","Nida Rahat","DR-1322","EMDS Call","Crime","Physical Assault/Violence","2026/03/02 05:26:08 PM","Rahim Yar Khan"
"271079","Nida Rahat","DR-1322","EMDS Call","Medical Emergency","Chest Pain","2026/03/02 05:32:54 PM","Rahim Yar Khan"
"271080","Nida Rahat","DR-1322","EMDS Call","Medical Emergency","SOB/ Respiratory Distress","2026/03/02 05:44:00 PM","Sadiqabad"
"271081","Nida Rahat","DR-1322","EMDS Call","Medical Emergency","Vomiting","2026/03/02 05:46:17 PM","Rahim Yar Khan"
"271082","Sheeza Barkat","MR-5331","EMDS Call","Medical Emergency","High Fever","2026/03/02 05:52:26 PM","Rahim Yar Khan"
"271083","Nida Rahat","DR-1322","EMDS Call","Medical Emergency","Vomiting","2026/03/02 05:58:05 PM","Rahim Yar Khan"
"76730","Saima Bashir","MR-5819","Direct Call","Patient Transfer Service","N/A","2026/03/02 06:01:56 PM","Khanpur"
"271084","Sheeza Barkat","MR-5331","EMDS Call","Medical Emergency","Renal Disorders / Renal Colic ","2026/03/02 06:05:21 PM","Rahim Yar Khan"
"271085","Zia ul Haq","DR-328","EMDS Call","Road Crash","Minor Injuries","2026/03/02 06:10:18 PM","Sadiqabad"
"271085","Zia ul Haq","DR-328","EMDS Call","Road Crash","Minor Injuries","2026/03/02 06:10:18 PM","Sadiqabad"
"271086","Sheeza Barkat","MR-5331","EMDS Call","Medical Emergency","Renal Disorders / Renal Colic ","2026/03/02 06:14:04 PM","Sadiqabad"
"271087","Zia ul Haq","DR-328","EMDS Call","Crime","Probable Suicide","2026/03/02 06:14:08 PM","Rahim Yar Khan"
"271088","Adil Iqbal","DR-782","EMDS Call","Road Crash","Severe Trauma","2026/03/02 06:15:13 PM","Rahim Yar Khan"
"271089","Adil Iqbal","DR-782","EMDS Call","Medical Emergency","Chronic Illness","2026/03/02 06:27:31 PM","Sadiqabad"
"271090","Zia ul Haq","DR-328","EMDS Call","Crime","Bullet Injury","2026/03/02 06:31:03 PM","Sadiqabad"
"271091","Nida Rahat","DR-1322","EMDS Call","Road Crash","Bleeding","2026/03/02 06:53:02 PM","Rahim Yar Khan"
"271092","Saima Bashir","MR-5819","EMDS Call","Medical Emergency","Headache","2026/03/02 06:59:38 PM","Rahim Yar Khan"
"271093","Fahad Hussain","DR-538","EMDS Call","Road Crash","Severe Trauma","2026/03/02 07:00:06 PM","Rahim Yar Khan"
"76731","Saima Bashir","MR-5819","Direct Call","Patient Transfer Service","N/A","2026/03/02 07:02:03 PM","Sadiqabad"
"271094","Fahad Hussain","DR-538","EMDS Call","Medical Emergency","Others","2026/03/02 07:08:06 PM","Liaqatpur"
"271095","Fahad Hussain","DR-538","EMDS Call","Rescue Operations","Delivery Case","2026/03/02 07:12:54 PM","Khanpur"
"271096","Nida Rahat","DR-1322","EMDS Call","Medical Emergency","SOB/ Respiratory Distress","2026/03/02 07:17:50 PM","Khanpur"
"271097","Sheeza Barkat","MR-5331","EMDS Call","Medical Emergency","Chest Pain","2026/03/02 07:36:18 PM","Rahim Yar Khan"
"271098","Nida Rahat","DR-1322","EMDS Call","Fall","Slipped On Floor","2026/03/02 07:38:03 PM","Rahim Yar Khan"
"271099","Saima Bashir","MR-5819","EMDS Call","Medical Emergency","Unconscious","2026/03/02 07:40:44 PM","Rahim Yar Khan"
"271100","Saima Bashir","MR-5819","EMDS Call","Road Crash","Multiple Fractures","2026/03/02 07:45:18 PM","Sadiqabad"
"271101","Sheeza Barkat","MR-5331","EMDS Call","Medical Emergency","Vertigo/ Dizziness","2026/03/02 07:43:20 PM","Rahim Yar Khan"
"271102","Nida Rahat","DR-1322","EMDS Call","Medical Emergency","Hypertension","2026/03/02 07:50:38 PM","Liaqatpur"
"271103","Sheeza Barkat","MR-5331","EMDS Call","Road Crash","Multiple Fractures","2026/03/02 07:51:40 PM","Sadiqabad"
"271104","Fahad Hussain","DR-538","EMDS Call","Medical Emergency","Hypertension","2026/03/02 07:51:29 PM","Rahim Yar Khan"
"271105","Nida Rahat","DR-1322","EMDS Call","Medical Emergency","SOB/ Respiratory Distress","2026/03/02 08:03:32 PM","Rahim Yar Khan"
"271106","Saima Bashir","MR-5819","EMDS Call","Crime","Physical Assault/Violence","2026/03/02 08:02:59 PM","Rahim Yar Khan"
"271106","Saima Bashir","MR-5819","EMDS Call","Crime","Physical Assault/Violence","2026/03/02 08:02:59 PM","Rahim Yar Khan"
"271106","Saima Bashir","MR-5819","EMDS Call","Crime","Physical Assault/Violence","2026/03/02 08:02:59 PM","Rahim Yar Khan"
"271107","Fahad Hussain","DR-538","EMDS Call","Medical Emergency","Hypertension","2026/03/02 08:05:18 PM","Rahim Yar Khan"
"76732","Saima Bashir","MR-5819","Direct Call","Patient Transfer Service","N/A","2026/03/02 08:10:00 PM","Liaqatpur"
"271108","Fahad Hussain","DR-538","EMDS Call","Road Crash","Minor Injuries","2026/03/02 08:10:41 PM","Sadiqabad"
"271109","Nida Rahat","DR-1322","EMDS Call","Medical Emergency","Hypertension","2026/03/02 08:17:56 PM","Rahim Yar Khan"
"271110","Sheeza Barkat","MR-5331","EMDS Call","Medical Emergency","Joints Pain","2026/03/02 08:18:40 PM","Rahim Yar Khan"
"76733","Sheeza Barkat","MR-5331","Direct Call","Patient Transfer Service","N/A","2026/03/02 08:25:47 PM","Liaqatpur"
"271111","Fahad Hussain","DR-538","EMDS Call","Road Crash","Multiple Fractures","2026/03/02 08:27:01 PM","Liaqatpur"
"271112","Muhammad Fiaz","DR-206","EMDS Call","Medical Emergency","Chest Pain","2026/03/02 08:34:35 PM","Rahim Yar Khan"
"271113","Muhammad Fiaz","DR-206","EMDS Call","Medical Emergency","Hypotension","2026/03/02 08:39:18 PM","Sadiqabad"
"271114","Fahad Hussain","DR-538","EMDS Call","Medical Emergency","Vomiting","2026/03/02 08:43:40 PM","Rahim Yar Khan"
"271115","Muhammad Fiaz","DR-206","EMDS Call","Medical Emergency","Vomiting","2026/03/02 08:49:40 PM","Sadiqabad"
"76734","Bushra Saleem","MR-5701","Direct Call","Patient Transfer Service","N/A","2026/03/02 08:54:27 PM","Khanpur"
"271116","Muhammad Rashid Saleem","DR-187","EMDS Call","Medical Emergency","Epilepsy","2026/03/02 08:57:39 PM","Liaqatpur"
"271117","Bushra Saleem","MR-5701","EMDS Call","Medical Emergency","Unconscious","2026/03/02 09:01:20 PM","Rahim Yar Khan"
"271119","Zupasha Zia","MR-5758","EMDS Call","Medical Emergency","Others","2026/03/02 09:11:07 PM","Rahim Yar Khan"
"271118","Bushra Saleem","MR-5701","EMDS Call","Medical Emergency","High Fever","2026/03/02 09:11:19 PM","Sadiqabad"
"271120","Muhammad Fiaz","DR-206","EMDS Call","Medical Emergency","Others","2026/03/02 09:10:20 PM","Rahim Yar Khan"
"271121","Zupasha Zia","MR-5758","EMDS Call","Rescue Operations","Delivery Case","2026/03/02 09:16:50 PM","Sadiqabad"
"271122","Zupasha Zia","MR-5758","EMDS Call","Medical Emergency","Unconscious","2026/03/02 09:23:41 PM","Rahim Yar Khan"
"271123","Muhammad Fiaz","DR-206","EMDS Call","Medical Emergency","Chronic Illness","2026/03/02 09:30:19 PM","Rahim Yar Khan"
"271124","Muhammad Riaz","DR-654","EMDS Call","Medical Emergency","Chronic Illness","2026/03/02 09:43:15 PM","Rahim Yar Khan"
"271125","Muhammad Fiaz","DR-206","EMDS Call","Medical Emergency","Renal Disorders / Renal Colic ","2026/03/02 09:54:45 PM","Liaqatpur"
"76735","Muhammad Fiaz","DR-206","Direct Call","Patient Transfer Service","N/A","2026/03/02 09:57:24 PM","Sadiqabad"
"271126","Bushra Saleem","MR-5701","EMDS Call","Medical Emergency","Joints Pain","2026/03/02 09:58:31 PM","Rahim Yar Khan"
"271127","Muhammad Riaz","DR-654","EMDS Call","Medical Emergency","Domestic Injuries","2026/03/02 10:02:30 PM","Sadiqabad"
"271128","Muhammad Fiaz","DR-206","EMDS Call","Medical Emergency","Abdominal Pain","2026/03/02 10:02:59 PM","Rahim Yar Khan"
"271129","Bushra Saleem","MR-5701","EMDS Call","Medical Emergency","Chest Pain","2026/03/02 10:04:26 PM","Khanpur"
"271130","Muhammad Rashid Saleem","DR-187","EMDS Call","Medical Emergency","Abdominal Pain","2026/03/02 10:13:31 PM","Liaqatpur"
"76736","Bushra Saleem","MR-5701","Direct Call","Patient Transfer Service","N/A","2026/03/02 10:15:13 PM","Khanpur"
"271131","Muhammad Fiaz","DR-206","EMDS Call","Medical Emergency","Others","2026/03/02 10:19:19 PM","Rahim Yar Khan"
"271132","Zupasha Zia","MR-5758","EMDS Call","Medical Emergency","Chest Pain","2026/03/02 10:27:26 PM","Rahim Yar Khan"
"271133","Muhammad Rashid Saleem","DR-187","EMDS Call","Road Crash","Bleeding","2026/03/02 10:31:41 PM","Liaqatpur"
"271133","Muhammad Rashid Saleem","DR-187","EMDS Call","Road Crash","Bleeding","2026/03/02 10:31:41 PM","Liaqatpur"
"271134","Zupasha Zia","MR-5758","EMDS Call","Medical Emergency","SOB/ Respiratory Distress","2026/03/02 10:47:02 PM","Rahim Yar Khan"
"271135","Bushra Saleem","MR-5701","EMDS Call","Medical Emergency","Unconscious","2026/03/02 10:47:03 PM","Rahim Yar Khan"
"Not Assigned","Muhammad Rashid Saleem","DR-187","Direct Call","Patient Transfer Service","N/A","2026/03/02 10:49:22 PM","Khanpur"
"271136","Muhammad Riaz","DR-654","EMDS Call","Medical Emergency","Renal Disorders / Renal Colic ","2026/03/02 10:49:59 PM","Sadiqabad"
"76738","Bushra Saleem","MR-5701","Direct Call","Patient Transfer Service","N/A","2026/03/02 11:04:46 PM","Sadiqabad"
"271137","Muhammad Riaz","DR-654","EMDS Call","Medical Emergency","Chronic Illness","2026/03/02 11:06:42 PM","Khanpur"
"271138","Zupasha Zia","MR-5758","EMDS Call","Medical Emergency","Hypertension","2026/03/02 11:07:48 PM","Sadiqabad"
"271139","Muhammad Riaz","DR-654","EMDS Call","Road Crash","Minor Injuries","2026/03/02 11:10:41 PM","Sadiqabad"
"76739","Bushra Saleem","MR-5701","Direct Call","Patient Transfer Service","N/A","2026/03/02 11:11:57 PM","Sadiqabad"
"76740","Muhammad Rashid Saleem","DR-187","Direct Call","Patient Transfer Service","N/A","2026/03/02 11:06:06 PM","Khanpur"
"271140","Bushra Saleem","MR-5701","EMDS Call","Medical Emergency","Joints Pain","2026/03/02 11:13:31 PM","Rahim Yar Khan"
"271141","Muhammad Fiaz","DR-206","EMDS Call","Rescue Operations","Delivery Case","2026/03/02 11:23:42 PM","Rahim Yar Khan"
"271142","Bushra Saleem","MR-5701","EMDS Call","Medical Emergency","Vomiting","2026/03/02 11:25:20 PM","Rahim Yar Khan"
"271143","Muhammad Rashid Saleem","DR-187","EMDS Call","Medical Emergency","Chronic Illness","2026/03/02 11:25:43 PM","Rahim Yar Khan"
"271144","Zupasha Zia","MR-5758","EMDS Call","Medical Emergency","SOB/ Respiratory Distress","2026/03/02 11:30:11 PM","Rahim Yar Khan"
"271145","Muhammad Rashid Saleem","DR-187","EMDS Call","Medical Emergency","Anxiety / Psychiatric Disorder","2026/03/02 11:33:17 PM","Rahim Yar Khan"
"271146","Muhammad Fiaz","DR-206","EMDS Call","Medical Emergency","Hypertension","2026/03/02 11:49:23 PM","Rahim Yar Khan"
"271147","Zupasha Zia","MR-5758","EMDS Call","Medical Emergency","SOB/ Respiratory Distress","2026/03/03 12:03:06 AM","Rahim Yar Khan"
"76741","Zupasha Zia","MR-5758","Direct Call","Patient Transfer Service","N/A","2026/03/03 12:07:45 AM","Liaqatpur"
"271148","Muhammad Rashid Saleem","DR-187","EMDS Call","Medical Emergency","SOB/ Respiratory Distress","2026/03/03 12:10:01 AM","Rahim Yar Khan"
"271149","Muhammad Rashid Saleem","DR-187","EMDS Call","Crime","Bullet Injury","2026/03/03 12:13:43 AM","Khanpur"
"271150","Zupasha Zia","MR-5758","EMDS Call","Medical Emergency","Hypertension","2026/03/03 12:13:23 AM","Rahim Yar Khan"
"271151","Muhammad Fiaz","DR-206","EMDS Call","Medical Emergency","SOB/ Respiratory Distress","2026/03/03 12:16:25 AM","Liaqatpur"
"Not Assigned","Muhammad Rashid Saleem","DR-187","EMDS Call","Medical Emergency","Diabetic","2026/03/03 12:17:05 AM","Khanpur"
"271153","Zupasha Zia","MR-5758","EMDS Call","Medical Emergency","Anxiety / Psychiatric Disorder","2026/03/03 12:27:35 AM","Sadiqabad"
"76742","Zupasha Zia","MR-5758","Direct Call","Patient Transfer Service","N/A","2026/03/03 12:32:22 AM","Sadiqabad"
"271154","Muhammad Fiaz","DR-206","EMDS Call","Medical Emergency","SOB/ Respiratory Distress","2026/03/03 12:35:28 AM","Rahim Yar Khan"
"271155","Muhammad Rashid Saleem","DR-187","EMDS Call","Medical Emergency","Hypertension","2026/03/03 12:46:20 AM","Rahim Yar Khan"
"271156","Muhammad Fiaz","DR-206","EMDS Call","Medical Emergency","SOB/ Respiratory Distress","2026/03/03 12:43:52 AM","Khanpur"
"271157","Muhammad Fiaz","DR-206","EMDS Call","Medical Emergency","SOB/ Respiratory Distress","2026/03/03 12:54:58 AM","Khanpur"
"271158","Muhammad Fiaz","DR-206","EMDS Call","Rescue Operations","Delivery Case","2026/03/03 01:12:40 AM","Rahim Yar Khan"
"271159","Muhammad Rashid Saleem","DR-187","EMDS Call","Medical Emergency","Vomiting","2026/03/03 01:33:43 AM","Rahim Yar Khan"
"271160","Zupasha Zia","MR-5758","EMDS Call","Medical Emergency","Abdominal Pain","2026/03/03 01:35:02 AM","Sadiqabad"
"271161","Muhammad Rashid Saleem","DR-187","EMDS Call","Medical Emergency","Headache","2026/03/03 01:59:03 AM","Rahim Yar Khan"
"271162","Muhammad Fiaz","DR-206","EMDS Call","Rescue Operations","Delivery Case","2026/03/03 02:20:55 AM","Rahim Yar Khan"
"271163","Muhammad Rashid Saleem","DR-187","EMDS Call","Medical Emergency","SOB/ Respiratory Distress","2026/03/03 02:25:11 AM","Sadiqabad"
"271164","Muhammad Fiaz","DR-206","EMDS Call","Road Crash","Multiple Fractures","2026/03/03 02:26:51 AM","Rahim Yar Khan"
"271164","Muhammad Fiaz","DR-206","EMDS Call","Road Crash","Multiple Fractures","2026/03/03 02:26:51 AM","Rahim Yar Khan"
"271164","Muhammad Fiaz","DR-206","EMDS Call","Road Crash","Multiple Fractures","2026/03/03 02:26:51 AM","Rahim Yar Khan"
"271165","Zupasha Zia","MR-5758","EMDS Call","Medical Emergency","Anxiety / Psychiatric Disorder","2026/03/03 02:27:16 AM","Rahim Yar Khan"
"76743","Muhammad Fiaz","DR-206","Direct Call","Patient Transfer Service","N/A","2026/03/03 02:30:51 AM","Khanpur"
"271166","Zupasha Zia","MR-5758","EMDS Call","Medical Emergency","High Fever","2026/03/03 02:34:06 AM","Rahim Yar Khan"
"271167","Zupasha Zia","MR-5758","EMDS Call","Medical Emergency","SOB/ Respiratory Distress","2026/03/03 02:44:41 AM","Rahim Yar Khan"
"271168","Muhammad Riaz","DR-654","EMDS Call","Medical Emergency","Anxiety / Psychiatric Disorder","2026/03/03 03:22:16 AM","Sadiqabad"
"271169","Bushra Saleem","MR-5701","EMDS Call","Medical Emergency","Hypertension","2026/03/03 03:33:18 AM","Sadiqabad"
"271170","Muhammad Riaz","DR-654","EMDS Call","Medical Emergency","Hypertension","2026/03/03 03:45:38 AM","Sadiqabad"
"271171","Bushra Saleem","MR-5701","EMDS Call","Medical Emergency","Vomiting","2026/03/03 03:46:14 AM","Rahim Yar Khan"
"271172","Muhammad Riaz","DR-654","EMDS Call","Medical Emergency","Unconscious","2026/03/03 04:03:27 AM","Sadiqabad"
"76744","Bushra Saleem","MR-5701","Direct Call","Patient Transfer Service","N/A","2026/03/03 04:18:27 AM","Sadiqabad"
"271173","Bushra Saleem","MR-5701","EMDS Call","Medical Emergency","Chronic Illness","2026/03/03 04:19:01 AM","Khanpur"
"271174","Muhammad Riaz","DR-654","EMDS Call","Medical Emergency","Unconscious","2026/03/03 04:24:22 AM","Rahim Yar Khan"
"271175","Bushra Saleem","MR-5701","EMDS Call","Medical Emergency","Vomiting","2026/03/03 04:25:55 AM","Rahim Yar Khan"
"76745","Muhammad Riaz","DR-654","Direct Call","Patient Transfer Service","N/A","2026/03/03 05:32:56 AM","Khanpur"
"271176","Bushra Saleem","MR-5701","EMDS Call","Medical Emergency","Abdominal Pain","2026/03/03 05:33:59 AM","Liaqatpur"
"271177","Muhammad Riaz","DR-654","EMDS Call","Medical Emergency","Urinary Retention","2026/03/03 06:00:21 AM","Rahim Yar Khan"
"271178","Bushra Saleem","MR-5701","EMDS Call","Medical Emergency","Joints Pain","2026/03/03 06:05:42 AM","Rahim Yar Khan"
"271179","Muhammad Rashid Saleem","DR-187","EMDS Call","Medical Emergency","Joints Pain","2026/03/03 06:17:23 AM","Rahim Yar Khan"
"271180","Muhammad Riaz","DR-654","EMDS Call","Medical Emergency","Abdominal Pain","2026/03/03 06:32:25 AM","Khanpur"
"271181","Muhammad Riaz","DR-654","EMDS Call","Medical Emergency","Unconscious","2026/03/03 06:42:48 AM","Rahim Yar Khan"
"271182","Bushra Saleem","MR-5701","EMDS Call","Medical Emergency","Unconscious","2026/03/03 06:42:03 AM","Rahim Yar Khan"
"271183","Muhammad Riaz","DR-654","EMDS Call","Fall","Slipped On Floor","2026/03/03 06:55:35 AM","Rahim Yar Khan"
"271184","Bushra Saleem","MR-5701","EMDS Call","Medical Emergency","Unconscious","2026/03/03 07:02:31 AM","Sadiqabad"
"271185","Muhammad Riaz","DR-654","EMDS Call","Road Crash","Bleeding","2026/03/03 07:14:12 AM","Liaqatpur"
"271186","Muhammad Riaz","DR-654","EMDS Call","Medical Emergency","Renal Disorders / Renal Colic ","2026/03/03 07:45:06 AM","Rahim Yar Khan"
"271187","Muhammad Rashid Saleem","DR-187","EMDS Call","Medical Emergency","Unconscious","2026/03/03 07:51:23 AM","Khanpur"
"271188","Maheen Tahir","MR-6017","EMDS Call","Fall","Slipped On Floor","2026/03/03 08:00:31 AM","Rahim Yar Khan"
"271189","Shahla Nawaz","DR-185","Direct Call","Rescue Operations","Mass Event Coverage","2026/03/03 08:02:39 AM","Rahim Yar Khan"
"271190","Shahla Nawaz","DR-185","EMDS Call","Medical Emergency","Joints Pain","2026/03/03 08:11:47 AM","Rahim Yar Khan"
"271191","Muhammad Arshad","DR-198","EMDS Call","Medical Emergency","Chest Pain","2026/03/03 08:13:33 AM","Rahim Yar Khan"
"76746","Maheen Tahir","MR-6017","Direct Call","Patient Transfer Service","N/A","2026/03/03 08:16:42 AM","Liaqatpur"
"271192","Shahid Jamil","DR-184","EMDS Call","Medical Emergency","High Fever","2026/03/03 08:16:37 AM","Liaqatpur"
"76747","Shahla Nawaz","DR-185","Direct Call","Patient Transfer Service","N/A","2026/03/03 08:19:09 AM","Liaqatpur"
"271193","Muhammad Arshad","DR-198","EMDS Call","Medical Emergency","High Fever","2026/03/03 08:32:58 AM","Liaqatpur"
"271194","Maheen Tahir","MR-6017","Direct Call","Rescue Operations","Mass Event Coverage","2026/03/03 08:40:18 AM","Khanpur"
"271195","Shahla Nawaz","DR-185","EMDS Call","Road Crash","Minor Injuries","2026/03/03 08:42:12 AM","Rahim Yar Khan"
"271196","Shahid Jamil","DR-184","EMDS Call","Road Crash","Minor Injuries","2026/03/03 08:53:47 AM","Rahim Yar Khan"
"271197","Shahla Nawaz","DR-185","EMDS Call","Medical Emergency","CVA/Stroke","2026/03/03 08:58:28 AM","Liaqatpur"
"271199","Muhammad Arshad","DR-198","EMDS Call","Road Crash","Severe Trauma","2026/03/03 09:00:48 AM","Sadiqabad"
"271198","Maheen Tahir","MR-6017","EMDS Call","Medical Emergency","Chronic Illness","2026/03/03 09:00:14 AM","Sadiqabad"
"76748","Maheen Tahir","MR-6017","Direct Call","Patient Transfer Service","N/A","2026/03/03 09:03:30 AM","Sadiqabad"
"271200","Muhammad AAmar","DR-915","EMDS Call","Road Crash","Minor Injuries","2026/03/03 09:10:43 AM","Rahim Yar Khan"
"271201","Maheen Tahir","MR-6017","EMDS Call","Medical Emergency","Unconscious","2026/03/03 09:14:57 AM","Khanpur"
"76749","Muhammad Arshad","DR-198","Direct Call","Patient Transfer Service","N/A","2026/03/03 09:16:35 AM","Sadiqabad"
"271202","Muhammad Arshad","DR-198","EMDS Call","Medical Emergency","Abdominal Pain","2026/03/03 09:19:08 AM","Khanpur"
"271203","Maheen Tahir","MR-6017","EMDS Call","Medical Emergency","Hypotension","2026/03/03 09:22:40 AM","Liaqatpur"
"271204","Muhammad AAmar","DR-915","EMDS Call","Medical Emergency","Hypertension","2026/03/03 09:33:32 AM","Rahim Yar Khan"
"Not Assigned","Muhammad Arshad","DR-198","Direct Call","Community","Community Training","2026/03/03 09:34:09 AM","Khanpur"
"271205","Shahid Jamil","DR-184","EMDS Call","Rescue Operations","Delivery Case","2026/03/03 09:35:20 AM","Sadiqabad"
"271206","Maheen Tahir","MR-6017","EMDS Call","Fire","Short Circuit","2026/03/03 09:37:22 AM","Sadiqabad"
"Not Assigned","Muhammad Arshad","DR-198","Direct Call","Community","Community Training","2026/03/03 09:40:16 AM","Liaqatpur"
"271207","Shahid Jamil","DR-184","EMDS Call","Medical Emergency","Anxiety / Psychiatric Disorder","2026/03/03 09:40:59 AM","Rahim Yar Khan"
"271208","Shahla Nawaz","DR-185","EMDS Call","Medical Emergency","Joints Pain","2026/03/03 09:47:23 AM","Rahim Yar Khan"
"271209","Maheen Tahir","MR-6017","EMDS Call","Medical Emergency","Domestic Injuries","2026/03/03 09:47:04 AM","Rahim Yar Khan"
"271210","Shaheen Islam","DR-1171","EMDS Call","Medical Emergency","SOB/ Respiratory Distress","2026/03/03 09:52:20 AM","Rahim Yar Khan"
"271211","Muhammad AAmar","DR-915","EMDS Call","Medical Emergency","Vomiting","2026/03/03 09:54:42 AM","Rahim Yar Khan"
"76750","Shaheen Islam","DR-1171","Direct Call","Patient Transfer Service","N/A","2026/03/03 10:00:00 AM","Khanpur"
"76751","Shahla Nawaz","DR-185","Direct Call","Patient Transfer Service","N/A","2026/03/03 10:13:48 AM","Rahim Yar Khan"
"271212","Shaheen Islam","DR-1171","EMDS Call","Medical Emergency","Unconscious","2026/03/03 10:15:37 AM","Liaqatpur"
"271213","Shaheen Islam","DR-1171","EMDS Call","Medical Emergency","Unconscious","2026/03/03 10:24:21 AM","Khanpur"
"271214","Muhammad Zahid","DR-888","EMDS Call","Fire","Others","2026/03/03 10:27:52 AM","Khanpur"
"271215","Muhammad AAmar","DR-915","EMDS Call","Medical Emergency","Hypertension","2026/03/03 10:33:44 AM","Liaqatpur"
"271216","Muhammad AAmar","DR-915","EMDS Call","Medical Emergency","Vomiting","2026/03/03 10:40:12 AM","Sadiqabad"
"271217","Maheen Tahir","MR-6017","EMDS Call","Medical Emergency","Unconscious","2026/03/03 10:41:41 AM","Rahim Yar Khan"
"76752","Maheen Tahir","MR-6017","Direct Call","Patient Transfer Service","N/A","2026/03/03 10:47:51 AM","Liaqatpur"
"271218","Muhammad AAmar","DR-915","EMDS Call","Road Crash","Severe Trauma","2026/03/03 10:53:04 AM","Rahim Yar Khan"
"271218","Muhammad AAmar","DR-915","EMDS Call","Road Crash","Severe Trauma","2026/03/03 10:53:04 AM","Rahim Yar Khan"
"271219","Saira Bibi","MR-5494","EMDS Call","Medical Emergency","Joints Pain","2026/03/03 10:56:10 AM","Rahim Yar Khan"
"271220","Shaheen Islam","DR-1171","EMDS Call","Medical Emergency","Vertigo/ Dizziness","2026/03/03 11:01:13 AM","Rahim Yar Khan"
"271221","Muhammad AAmar","DR-915","EMDS Call","Medical Emergency","Diabetic","2026/03/03 11:06:10 AM","Rahim Yar Khan"
"271222","Shahid Jamil","DR-184","EMDS Call","Fire","Others","2026/03/03 11:12:39 AM","Rahim Yar Khan"
"271223","Muhammad AAmar","DR-915","EMDS Call","Fire","Others","2026/03/03 11:18:20 AM","Sadiqabad"
"271224","Saira Bibi","MR-5494","EMDS Call","Medical Emergency","Abdominal Pain","2026/03/03 11:20:47 AM","Khanpur"
"271225","Maheen Tahir","MR-6017","EMDS Call","Rescue Operations","Delivery Case","2026/03/03 11:23:00 AM","Liaqatpur"
"271226","Saira Bibi","MR-5494","EMDS Call","Fall","Fall From Tree","2026/03/03 11:27:11 AM","Liaqatpur"
"271227","Saira Bibi","MR-5494","EMDS Call","Fall","Fall From Stairs","2026/03/03 11:41:11 AM","Rahim Yar Khan"
"271228","Maheen Tahir","MR-6017","EMDS Call","Crime","Physical Assault/Violence","2026/03/03 11:43:07 AM","Rahim Yar Khan"
"76753","Maheen Tahir","MR-6017","Direct Call","Patient Transfer Service","N/A","2026/03/03 11:48:50 AM","Sadiqabad"
"76754","Maheen Tahir","MR-6017","Direct Call","Patient Transfer Service","N/A","2026/03/03 12:08:36 PM","Rahim Yar Khan"
"271229","Shaheen Islam","DR-1171","EMDS Call","Road Crash","Bleeding","2026/03/03 12:07:31 PM","Rahim Yar Khan"
"271230","Maheen Tahir","MR-6017","EMDS Call","Road Crash","Minor Injuries","2026/03/03 12:12:33 PM","Rahim Yar Khan"
"271231","Shaheen Islam","DR-1171","EMDS Call","Medical Emergency","Epilepsy","2026/03/03 12:13:09 PM","Khanpur"
"271232","Shaheen Islam","DR-1171","EMDS Call","Medical Emergency","Vomiting","2026/03/03 12:19:37 PM","Sadiqabad"
"271233","Saira Bibi","MR-5494","EMDS Call","Medical Emergency","Hypertension","2026/03/03 12:34:23 PM","Sadiqabad"
"271234","Maheen Tahir","MR-6017","EMDS Call","Road Crash","Bleeding","2026/03/03 12:45:31 PM","Sadiqabad"
"271235","Shaheen Islam","DR-1171","EMDS Call","Road Crash","Minor Injuries","2026/03/03 12:47:31 PM","Rahim Yar Khan"
"271236","Shaheen Islam","DR-1171","EMDS Call","Road Crash","Minor Injuries","2026/03/03 12:53:13 PM","Rahim Yar Khan"
"271237","Faiz Muhyy Ul Din","DR-892","EMDS Call","Medical Emergency","Hypertension","2026/03/03 12:56:31 PM","Khanpur"
"76755","Shaheen Islam","DR-1171","Direct Call","Patient Transfer Service","N/A","2026/03/03 01:01:22 PM","Sadiqabad"
"271238","Faiz Muhyy Ul Din","DR-892","EMDS Call","Road Crash","Bleeding","2026/03/03 01:23:08 PM","Rahim Yar Khan"
"Not Assigned","Shaheen Islam","DR-1171","Direct Call","Industrial Inspection","Industrial Inspection","2026/03/03 01:25:29 PM","Sadiqabad"
"271239","Faiz Muhyy Ul Din","DR-892","EMDS Call","Road Crash","Bleeding","2026/03/03 01:26:01 PM","Rahim Yar Khan"
"271240","Shahla Nawaz","DR-185","EMDS Call","Medical Emergency","Chronic Illness","2026/03/03 01:29:04 PM","Liaqatpur"
"271241","Shaheen Islam","DR-1171","EMDS Call","Medical Emergency","Vertigo/ Dizziness","2026/03/03 01:25:57 PM","Rahim Yar Khan"
"271243","Faiz Muhyy Ul Din","DR-892","EMDS Call","Medical Emergency","SOB/ Respiratory Distress","2026/03/03 01:31:11 PM","Liaqatpur"
"271242","Shaheen Islam","DR-1171","EMDS Call","Medical Emergency","Hypertension","2026/03/03 01:33:59 PM","Liaqatpur"
"271244","Faiz Muhyy Ul Din","DR-892","EMDS Call","Medical Emergency","Diabetic","2026/03/03 01:45:59 PM","Sadiqabad"
"271245","Faiz Muhyy Ul Din","DR-892","EMDS Call","Medical Emergency","Domestic Injuries","2026/03/03 01:54:38 PM","Rahim Yar Khan"
"271246","Shahla Nawaz","DR-185","EMDS Call","Medical Emergency","Unconscious","2026/03/03 01:58:04 PM","Sadiqabad"
"Not Assigned","Shahla Nawaz","DR-185","Direct Call","Patient Transfer Service","N/A","2026/03/03 02:02:38 PM","Rahim Yar Khan"
"76757","Shahla Nawaz","DR-185","Direct Call","Patient Transfer Service","N/A","2026/03/03 02:05:58 PM","Rahim Yar Khan"
"271247","Faiz Muhyy Ul Din","DR-892","EMDS Call","Medical Emergency","Unconscious","2026/03/03 02:11:17 PM","Rahim Yar Khan"
"271248","Aasia Batool","MR-5198","EMDS Call","Medical Emergency","Abdominal Pain","2026/03/03 02:12:58 PM","Liaqatpur"
"271249","Aasia Batool","MR-5198","EMDS Call","Medical Emergency","Unconscious","2026/03/03 02:24:45 PM","Rahim Yar Khan"
"271250","Sheeza Barkat","MR-5331","Direct Call","Medical Emergency","Joints Pain","2026/03/03 02:30:43 PM","Rahim Yar Khan"
"271251","Nida Rahat","DR-1322","EMDS Call","Road Crash","Bleeding","2026/03/03 02:36:59 PM","Rahim Yar Khan"
"271252","Nida Rahat","DR-1322","EMDS Call","Rescue Operations","Delivery Case","2026/03/03 02:51:53 PM","Khanpur"
"271253","Aasia Batool","MR-5198","EMDS Call","Medical Emergency","Chest Pain","2026/03/03 02:54:23 PM","Sadiqabad"
"76758","Sheeza Barkat","MR-5331","Direct Call","Patient Transfer Service","N/A","2026/03/03 03:07:06 PM","Khanpur"
"76759","Nida Rahat","DR-1322","Direct Call","Patient Transfer Service","N/A","2026/03/03 03:10:32 PM","Khanpur"
"271254","Sheeza Barkat","MR-5331","EMDS Call","Medical Emergency","Vertigo/ Dizziness","2026/03/03 03:11:38 PM","Sadiqabad"
"271255","Fahad Hussain","DR-538","EMDS Call","Medical Emergency","Abdominal Pain","2026/03/03 03:19:58 PM","Liaqatpur"
"271256","Fahad Hussain","DR-538","EMDS Call","Medical Emergency","Epilepsy","2026/03/03 03:24:30 PM","Liaqatpur"
"271257","Nida Rahat","DR-1322","EMDS Call","Medical Emergency","SOB/ Respiratory Distress","2026/03/03 03:40:44 PM","Rahim Yar Khan"
"271258","Fahad Hussain","DR-538","EMDS Call","Road Crash","Severe Trauma","2026/03/03 03:41:33 PM","Rahim Yar Khan"
"271259","Fahad Hussain","DR-538","EMDS Call","Medical Emergency","Hypertension","2026/03/03 03:44:36 PM","Rahim Yar Khan"
"271260","Nida Rahat","DR-1322","EMDS Call","Medical Emergency","Hypertension","2026/03/03 03:45:48 PM","Liaqatpur"
"76760","Nida Rahat","DR-1322","Direct Call","Patient Transfer Service","N/A","2026/03/03 03:51:12 PM","Liaqatpur"
"271261","Aasia Batool","MR-5198","EMDS Call","Medical Emergency","High Fever","2026/03/03 03:54:24 PM","Rahim Yar Khan"
"271262","Adil Iqbal","DR-782","EMDS Call","Medical Emergency","Hypertension","2026/03/03 03:55:29 PM","Sadiqabad"
"271263","Sheeza Barkat","MR-5331","EMDS Call","Rescue Operations","Electric Shock","2026/03/03 04:05:33 PM","Rahim Yar Khan"
"271264","Sheeza Barkat","MR-5331","EMDS Call","Road Crash","Bleeding","2026/03/03 04:09:55 PM","Rahim Yar Khan"
"271265","Aasia Batool","MR-5198","EMDS Call","Medical Emergency","High Fever","2026/03/03 04:19:15 PM","Liaqatpur"
"271266","Adil Iqbal","DR-782","EMDS Call","Medical Emergency","Vomiting","2026/03/03 04:24:18 PM","Rahim Yar Khan"
"271267","Nida Rahat","DR-1322","EMDS Call","Medical Emergency","Joints Pain","2026/03/03 04:26:02 PM","Rahim Yar Khan"
"271268","Aasia Batool","MR-5198","EMDS Call","Medical Emergency","Vomiting","2026/03/03 04:26:03 PM","Sadiqabad"
"271269","Adil Iqbal","DR-782","EMDS Call","Medical Emergency","Diabetic","2026/03/03 04:30:23 PM","Liaqatpur"
"76761","Nida Rahat","DR-1322","EMDS Call","Patient Transfer Service","N/A","2026/03/03 04:41:38 PM","Rahim Yar Khan"
"76762","Aasia Batool","MR-5198","Direct Call","Patient Transfer Service","N/A","2026/03/03 04:44:49 PM","Sadiqabad"
"271270","Aasia Batool","MR-5198","EMDS Call","Fire","Others","2026/03/03 04:46:49 PM","Sadiqabad"
"76763","Aasia Batool","MR-5198","Direct Call","Patient Transfer Service","N/A","2026/03/03 04:54:28 PM","Sadiqabad"
"271271","Adil Iqbal","DR-782","EMDS Call","Medical Emergency","SOB/ Respiratory Distress","2026/03/03 04:59:40 PM","Rahim Yar Khan"
"271272","Sheeza Barkat","MR-5331","EMDS Call","Road Crash","Bleeding","2026/03/03 04:59:49 PM","Khanpur"
"271273","Adil Iqbal","DR-782","EMDS Call","Road Crash","Minor Injuries","2026/03/03 05:03:28 PM","Liaqatpur"
"271274","Sheeza Barkat","MR-5331","EMDS Call","Medical Emergency","SOB/ Respiratory Distress","2026/03/03 05:21:27 PM","Rahim Yar Khan"
"271275","Aasia Batool","MR-5198","EMDS Call","Medical Emergency","Unconscious","2026/03/03 05:25:21 PM","Rahim Yar Khan"
"271276","Adil Iqbal","DR-782","EMDS Call","Rescue Operations","Delivery Case","2026/03/03 05:28:39 PM","Rahim Yar Khan"
"271277","Nida Rahat","DR-1322","EMDS Call","Medical Emergency","Vertigo/ Dizziness","2026/03/03 05:39:56 PM","Rahim Yar Khan"
"271278","Fahad Hussain","DR-538","EMDS Call","Medical Emergency","Hypertension","2026/03/03 05:40:43 PM","Rahim Yar Khan"
"271279","Zia ul Haq","DR-328","EMDS Call","Medical Emergency","Domestic Injuries","2026/03/03 05:43:32 PM","Rahim Yar Khan"
"271280","Fahad Hussain","DR-538","EMDS Call","Medical Emergency","Domestic Injuries","2026/03/03 05:47:43 PM","Rahim Yar Khan"
"271281","Adil Iqbal","DR-782","EMDS Call","Medical Emergency","Abdominal Pain","2026/03/03 05:57:49 PM","Rahim Yar Khan"
"271282","Zia ul Haq","DR-328","EMDS Call","Road Crash","Minor Injuries","2026/03/03 06:00:07 PM","Khanpur"
"76764","Nida Rahat","DR-1322","Direct Call","Patient Transfer Service","N/A","2026/03/03 06:03:08 PM","Sadiqabad"
"271283","Nida Rahat","DR-1322","EMDS Call","Road Crash","Bleeding","2026/03/03 06:04:58 PM","Sadiqabad"
"271284","Aasia Batool","MR-5198","EMDS Call","Crime","Physical Assault/Violence","2026/03/03 06:05:47 PM","Liaqatpur"
"271284","Aasia Batool","MR-5198","EMDS Call","Crime","Physical Assault/Violence","2026/03/03 06:05:47 PM","Liaqatpur"
"271286","Fahad Hussain","DR-538","EMDS Call","Fall","Fall From Roof","2026/03/03 06:31:26 PM","Rahim Yar Khan"
"271285","Aasia Batool","MR-5198","EMDS Call","Medical Emergency","SOB/ Respiratory Distress","2026/03/03 06:31:16 PM","Rahim Yar Khan"
"271287","Aasia Batool","MR-5198","EMDS Call","Medical Emergency","Diabetic","2026/03/03 06:47:13 PM","Khanpur"
"271288","Nida Rahat","DR-1322","EMDS Call","Road Crash","Bleeding","2026/03/03 06:52:28 PM","Sadiqabad"
"271289","Nida Rahat","DR-1322","EMDS Call","Medical Emergency","Hypertension","2026/03/03 06:55:12 PM","Liaqatpur"
"271290","Aasia Batool","MR-5198","EMDS Call","Medical Emergency","Epilepsy","2026/03/03 06:56:31 PM","Rahim Yar Khan"
"271291","Nida Rahat","DR-1322","EMDS Call","Medical Emergency","Abdominal Pain","2026/03/03 06:57:52 PM","Rahim Yar Khan"
"271292","Aasia Batool","MR-5198","EMDS Call","Rescue Operations","Work/Occupational Injuries","2026/03/03 07:06:22 PM","Rahim Yar Khan"
"271293","Nida Rahat","DR-1322","EMDS Call","Medical Emergency","Chronic Illness","2026/03/03 07:07:59 PM","Liaqatpur"
"271294","Aasia Batool","MR-5198","EMDS Call","Medical Emergency","High Fever","2026/03/03 07:13:45 PM","Rahim Yar Khan"
"271295","Aasia Batool","MR-5198","EMDS Call","Medical Emergency","Renal Disorders / Renal Colic ","2026/03/03 07:18:26 PM","Khanpur"
"271296","Fahad Hussain","DR-538","EMDS Call","Rescue Operations","Delivery Case","2026/03/03 07:27:30 PM","Rahim Yar Khan"
"271297","Nida Rahat","DR-1322","EMDS Call","Road Crash","Minor Injuries","2026/03/03 07:32:03 PM","Rahim Yar Khan"
"271298","Aasia Batool","MR-5198","EMDS Call","Medical Emergency","SOB/ Respiratory Distress","2026/03/03 07:37:49 PM","Sadiqabad"
"271299","Fahad Hussain","DR-538","EMDS Call","Medical Emergency","Anxiety / Psychiatric Disorder","2026/03/03 07:38:51 PM","Rahim Yar Khan"
"271300","Fahad Hussain","DR-538","EMDS Call","Road Crash","Minor Injuries","2026/03/03 07:43:50 PM","Rahim Yar Khan"
"271301","Nida Rahat","DR-1322","EMDS Call","Medical Emergency","SOB/ Respiratory Distress","2026/03/03 07:45:48 PM","Rahim Yar Khan"
"271302","Fahad Hussain","DR-538","EMDS Call","Medical Emergency","Headache","2026/03/03 07:47:16 PM","Rahim Yar Khan"
"271303","Aasia Batool","MR-5198","EMDS Call","Medical Emergency","Joints Pain","2026/03/03 07:49:41 PM","Rahim Yar Khan"
"271304","Nida Rahat","DR-1322","EMDS Call","Medical Emergency","Abdominal Pain","2026/03/03 07:51:13 PM","Khanpur"
"76765","Fahad Hussain","DR-538","Direct Call","Patient Transfer Service","N/A","2026/03/03 07:51:42 PM","Liaqatpur"
"271305","Fahad Hussain","DR-538","EMDS Call","Medical Emergency","Anxiety / Psychiatric Disorder","2026/03/03 07:53:15 PM","Sadiqabad"
"271306","Fahad Hussain","DR-538","EMDS Call","Road Crash","Severe Trauma","2026/03/03 07:56:39 PM","Khanpur"
"271307","Nida Rahat","DR-1322","EMDS Call","Medical Emergency","Unconscious","2026/03/03 08:04:14 PM","Liaqatpur"
"271308","Fahad Hussain","DR-538","EMDS Call","Medical Emergency","Vomiting","2026/03/03 08:12:34 PM","Rahim Yar Khan"
"271309","Fahad Hussain","DR-538","EMDS Call","Medical Emergency","Vomiting","2026/03/03 08:20:35 PM","Rahim Yar Khan"
"271310","Zia ul Haq","DR-328","EMDS Call","Medical Emergency","High Fever","2026/03/03 08:21:32 PM","Sadiqabad"
"271311","Nida Rahat","DR-1322","EMDS Call","Medical Emergency","Others","2026/03/03 08:23:51 PM","Khanpur"
"271312","Nida Rahat","DR-1322","EMDS Call","Medical Emergency","Joints Pain","2026/03/03 08:40:44 PM","Rahim Yar Khan"
"271313","Rana M. Usman","DR-200","EMDS Call","Medical Emergency","Chronic Illness","2026/03/03 08:47:57 PM","Rahim Yar Khan"
"271314","Rana M. Usman","DR-200","EMDS Call","Rescue Operations","Delivery Case","2026/03/03 08:51:01 PM","Khanpur"
"271315","Muhammad Fiaz","DR-206","EMDS Call","Medical Emergency","Chronic Illness","2026/03/03 08:52:56 PM","Rahim Yar Khan"
"76766","Muhammad Riaz","DR-654","Direct Call","Patient Transfer Service","N/A","2026/03/03 08:55:38 PM","Sadiqabad"
"271316","Rana M. Usman","DR-200","EMDS Call","Medical Emergency","Joints Pain","2026/03/03 09:02:45 PM","Rahim Yar Khan"
"271317","Muhammad Riaz","DR-654","EMDS Call","Medical Emergency","Anxiety / Psychiatric Disorder","2026/03/03 09:11:41 PM","Rahim Yar Khan"
"271318","Muhammad Riaz","DR-654","EMDS Call","Fire","Others","2026/03/03 09:15:02 PM","Sadiqabad"
"76767","Muhammad Riaz","DR-654","Direct Call","Patient Transfer Service","N/A","2026/03/03 09:16:46 PM","Sadiqabad"
"271320","Muhammad Rashid Saleem","DR-187","EMDS Call","Medical Emergency","High Fever","2026/03/03 09:15:45 PM","Rahim Yar Khan"
"271319","Muhammad Riaz","DR-654","EMDS Call","Medical Emergency","Abdominal Pain","2026/03/03 09:17:06 PM","Liaqatpur"
"Not Assigned","Rana M. Usman","DR-200","EMDS Call","Fire","Others","2026/03/03 09:16:08 PM","Sadiqabad"
"271321","Sajid Mehmood","DR-914","EMDS Call","Medical Emergency","Anxiety / Psychiatric Disorder","2026/03/03 09:18:19 PM","Sadiqabad"
"271322","Muhammad Riaz","DR-654","EMDS Call","Medical Emergency","Abdominal Pain","2026/03/03 09:20:47 PM","Liaqatpur"
"271323","Muhammad Rashid Saleem","DR-187","EMDS Call","Fire","Others","2026/03/03 09:22:26 PM","Liaqatpur"
"271324","Zahid Manzoor","DR-887","EMDS Call","Road Crash","Minor Injuries","2026/03/03 09:36:58 PM","Rahim Yar Khan"
"271325","Sajid Mehmood","DR-914","EMDS Call","Medical Emergency","Chest Pain","2026/03/03 09:45:49 PM","Khanpur"
"271326","Muhammad Riaz","DR-654","EMDS Call","Medical Emergency","Chronic Illness","2026/03/03 09:54:43 PM","Rahim Yar Khan"
"271327","Sajid Mehmood","DR-914","EMDS Call","Medical Emergency","Diabetic","2026/03/03 09:57:55 PM","Rahim Yar Khan"
"76768","Muhammad Riaz","DR-654","Direct Call","Patient Transfer Service","N/A","2026/03/03 10:00:23 PM","Khanpur"
"76769","Muhammad Riaz","DR-654","Direct Call","Patient Transfer Service","N/A","2026/03/03 10:03:55 PM","Khanpur"
"271328","Sajid Mehmood","DR-914","EMDS Call","Medical Emergency","Vertigo/ Dizziness","2026/03/03 10:07:39 PM","Rahim Yar Khan"
"271329","Muhammad Rashid Saleem","DR-187","EMDS Call","Medical Emergency","SOB/ Respiratory Distress","2026/03/03 10:14:10 PM","Liaqatpur"
"271330","Zahid Manzoor","DR-887","EMDS Call","Medical Emergency","Abdominal Pain","2026/03/03 10:21:42 PM","Rahim Yar Khan"
"271331","Zahid Manzoor","DR-887","EMDS Call","Medical Emergency","Unconscious","2026/03/03 10:48:11 PM","Rahim Yar Khan"
"271332","Sajid Mehmood","DR-914","EMDS Call","Medical Emergency","Unconscious","2026/03/03 11:10:43 PM","Rahim Yar Khan"
"271333","Muhammad Rashid Saleem","DR-187","EMDS Call","Medical Emergency","Renal Disorders / Renal Colic ","2026/03/03 11:14:32 PM","Sadiqabad"
"271334","Zahid Manzoor","DR-887","EMDS Call","Medical Emergency","Hypertension","2026/03/03 11:15:34 PM","Rahim Yar Khan"
"271335","Sajid Mehmood","DR-914","EMDS Call","Medical Emergency","SOB/ Respiratory Distress","2026/03/03 11:22:48 PM","Sadiqabad"
"271337","Muhammad Rashid Saleem","DR-187","EMDS Call","Medical Emergency","High Fever","2026/03/03 11:23:16 PM","Rahim Yar Khan"
"271336","Zahid Manzoor","DR-887","EMDS Call","Medical Emergency","Chest Pain","2026/03/03 11:22:55 PM","Rahim Yar Khan"
"271338","Zahid Manzoor","DR-887","EMDS Call","Medical Emergency","SOB/ Respiratory Distress","2026/03/03 11:32:03 PM","Sadiqabad"
"271339","Sajid Mehmood","DR-914","EMDS Call","Medical Emergency","High Fever","2026/03/03 11:41:15 PM","Sadiqabad"
"271340","Zahid Manzoor","DR-887","EMDS Call","Medical Emergency","Anxiety / Psychiatric Disorder","2026/03/03 11:45:23 PM","Rahim Yar Khan"
"76770","Zahid Manzoor","DR-887","Direct Call","Patient Transfer Service","N/A","2026/03/04 12:12:39 AM","Liaqatpur"
"271341","Sajid Mehmood","DR-914","EMDS Call","Rescue Operations","Delivery Case","2026/03/04 12:24:28 AM","Rahim Yar Khan"
"271342","Zahid Manzoor","DR-887","EMDS Call","Medical Emergency","SOB/ Respiratory Distress","2026/03/04 12:35:52 AM","Khanpur"
"271343","Muhammad Rashid Saleem","DR-187","EMDS Call","Medical Emergency","Hypertension","2026/03/04 12:36:50 AM","Rahim Yar Khan"
"271344","Zahid Manzoor","DR-887","EMDS Call","Medical Emergency","SOB/ Respiratory Distress","2026/03/04 12:45:34 AM","Rahim Yar Khan"
"271345","Muhammad Rashid Saleem","DR-187","EMDS Call","Medical Emergency","Abdominal Pain","2026/03/04 12:46:10 AM","Khanpur"
"271346","Zahid Manzoor","DR-887","EMDS Call","Medical Emergency","Others","2026/03/04 12:55:11 AM","Rahim Yar Khan"
"271347","Muhammad Rashid Saleem","DR-187","EMDS Call","Medical Emergency","Headache","2026/03/04 12:56:28 AM","Rahim Yar Khan"
"76771","Sajid Mehmood","DR-914","Direct Call","Patient Transfer Service","N/A","2026/03/04 01:03:21 AM","Sadiqabad"
"271348","Sajid Mehmood","DR-914","EMDS Call","Medical Emergency","Abdominal Pain","2026/03/04 01:05:32 AM","Khanpur"
"271349","Zahid Manzoor","DR-887","EMDS Call","Medical Emergency","Vomiting","2026/03/04 01:08:17 AM","Rahim Yar Khan"
"271350","Muhammad Rashid Saleem","DR-187","EMDS Call","Medical Emergency","Diabetic","2026/03/04 01:24:48 AM","Sadiqabad"
"271351","Muhammad Rashid Saleem","DR-187","EMDS Call","Medical Emergency","Joints Pain","2026/03/04 01:48:36 AM","Khanpur"
"76772","Zahid Manzoor","DR-887","Direct Call","Patient Transfer Service","N/A","2026/03/04 02:20:47 AM","Khanpur"
"271352","Sajid Mehmood","DR-914","EMDS Call","Medical Emergency","Vomiting","2026/03/04 02:20:00 AM","Sadiqabad"
"271353","Zahid Manzoor","DR-887","EMDS Call","Medical Emergency","Vomiting","2026/03/04 02:33:57 AM","Khanpur"
"271354","Muhammad Rashid Saleem","DR-187","EMDS Call","Medical Emergency","Abdominal Pain","2026/03/04 03:06:36 AM","Rahim Yar Khan"
"271355","Muhammad Riaz","DR-654","EMDS Call","Medical Emergency","Joints Pain","2026/03/04 03:41:07 AM","Rahim Yar Khan"
"271356","Muhammad Fiaz","DR-206","EMDS Call","Medical Emergency","Hypertension","2026/03/04 03:55:33 AM","Khanpur"
"271357","Rana M. Usman","DR-200","EMDS Call","Medical Emergency","Domestic Injuries","2026/03/04 04:35:32 AM","Sadiqabad"
"271358","Muhammad Fiaz","DR-206","EMDS Call","Rescue Operations","Delivery Case","2026/03/04 04:40:51 AM","Khanpur"
"271360","Muhammad Riaz","DR-654","EMDS Call","Medical Emergency","Urinary Retention","2026/03/04 04:52:20 AM","Rahim Yar Khan"
"271359","Rana M. Usman","DR-200","EMDS Call","Medical Emergency","Hypertension","2026/03/04 04:53:55 AM","Sadiqabad"
"271361","Rana M. Usman","DR-200","EMDS Call","Fall","Slipped On Floor","2026/03/04 05:05:58 AM","Rahim Yar Khan"
"271362","Muhammad Fiaz","DR-206","Direct Call","Medical Emergency","Headache","2026/03/04 05:10:08 AM","Sadiqabad"
"271363","Muhammad Rashid Saleem","DR-187","EMDS Call","Medical Emergency","Others","2026/03/04 05:13:37 AM","Rahim Yar Khan"
"271364","Rana M. Usman","DR-200","EMDS Call","Medical Emergency","Unconscious","2026/03/04 05:17:38 AM","Rahim Yar Khan"
"271365","Muhammad Rashid Saleem","DR-187","EMDS Call","Medical Emergency","SOB/ Respiratory Distress","2026/03/04 05:28:15 AM","Rahim Yar Khan"
"271366","Muhammad Riaz","DR-654","EMDS Call","Medical Emergency","Chest Pain","2026/03/04 05:31:05 AM","Khanpur"
"271367","Rana M. Usman","DR-200","EMDS Call","Medical Emergency","Anxiety / Psychiatric Disorder","2026/03/04 05:38:36 AM","Sadiqabad"
"271368","Muhammad Rashid Saleem","DR-187","EMDS Call","Medical Emergency","Unconscious","2026/03/04 05:42:29 AM","Khanpur"
"271369","Rana M. Usman","DR-200","EMDS Call","Medical Emergency","High Fever","2026/03/04 06:21:54 AM","Rahim Yar Khan"
"271371","Muhammad Rashid Saleem","DR-187","EMDS Call","Medical Emergency","Joints Pain","2026/03/04 06:24:26 AM","Khanpur"
"271370","Muhammad Riaz","DR-654","EMDS Call","Medical Emergency","Chest Pain","2026/03/04 06:25:15 AM","Rahim Yar Khan"
"271372","Muhammad Riaz","DR-654","EMDS Call","Medical Emergency","SOB/ Respiratory Distress","2026/03/04 06:34:05 AM","Liaqatpur"
"271373","Rana M. Usman","DR-200","EMDS Call","Medical Emergency","Vomiting","2026/03/04 06:34:55 AM","Sadiqabad"
"271374","Muhammad Rashid Saleem","DR-187","EMDS Call","Medical Emergency","Vomiting","2026/03/04 06:35:22 AM","Sadiqabad"
"271375","Muhammad Riaz","DR-654","EMDS Call","Crime","Probable Suicide","2026/03/04 06:53:12 AM","Rahim Yar Khan"
"271376","Muhammad Rashid Saleem","DR-187","EMDS Call","Medical Emergency","Vomiting","2026/03/04 07:07:00 AM","Rahim Yar Khan"
"271377","Muhammad Riaz","DR-654","EMDS Call","Medical Emergency","Unconscious","2026/03/04 07:07:59 AM","Liaqatpur"
"271378","Muhammad Rashid Saleem","DR-187","EMDS Call","Medical Emergency","Gynae Problem","2026/03/04 07:09:56 AM","Sadiqabad"
"271379","Muhammad Riaz","DR-654","EMDS Call","Medical Emergency","Vomiting","2026/03/04 07:10:32 AM","Liaqatpur"
"271381","Muhammad Riaz","DR-654","EMDS Call","Medical Emergency","Epilepsy","2026/03/04 07:28:02 AM","Liaqatpur"
"271380","Rana M. Usman","DR-200","EMDS Call","Medical Emergency","Chest Pain","2026/03/04 07:28:09 AM","Rahim Yar Khan"
"271382","Muhammad Riaz","DR-654","EMDS Call","Road Crash","Minor Injuries","2026/03/04 07:31:57 AM","Rahim Yar Khan"
"271383","Muhammad Riaz","DR-654","EMDS Call","Road Crash","Minor Injuries","2026/03/04 07:46:01 AM","Rahim Yar Khan"
"271384","Rana M. Usman","DR-200","EMDS Call","Road Crash","Severe Trauma","2026/03/04 07:47:01 AM","Sadiqabad"
"271385","Muhammad Rashid Saleem","DR-187","Direct Call","Rescue Operations","Mass Event Coverage","2026/03/04 07:54:49 AM","Rahim Yar Khan"
"271386","Muhammad Rashid Saleem","DR-187","EMDS Call","Medical Emergency","Chronic Illness","2026/03/04 08:01:54 AM","Khanpur"
"271387","Saira Bibi","MR-5494","EMDS Call","Rescue Operations","Others","2026/03/04 08:03:58 AM","Rahim Yar Khan"
"271389","Maheen Tahir","MR-6017","EMDS Call","Medical Emergency","High Fever","2026/03/04 08:04:55 AM","Rahim Yar Khan"
"271388","Nida Rahat","DR-1322","Direct Call","Rescue Operations","Mass Event Coverage","2026/03/04 08:06:57 AM","Rahim Yar Khan"
"271390","Saira Bibi","MR-5494","EMDS Call","Road Crash","Minor Injuries","2026/03/04 08:08:00 AM","Rahim Yar Khan"
"271391","Nida Rahat","DR-1322","EMDS Call","Medical Emergency","Renal Disorders / Renal Colic ","2026/03/04 08:25:58 AM","Khanpur"
"271392","Muhammad Arshad","DR-198","EMDS Call","Medical Emergency","Vomiting","2026/03/04 08:26:28 AM","Sadiqabad"
"271393","Shahla Nawaz","DR-185","EMDS Call","Medical Emergency","Hypertension","2026/03/04 08:26:09 AM","Khanpur"
"271395","Shahla Nawaz","DR-185","EMDS Call","Medical Emergency","SOB/ Respiratory Distress","2026/03/04 08:42:29 AM","Sadiqabad"
"271394","Muhammad Arshad","DR-198","EMDS Call","Rescue Operations","Delivery Case","2026/03/04 08:44:16 AM","Liaqatpur"
"271396","Nida Rahat","DR-1322","Direct Call","Rescue Operations","Mass Event Coverage","2026/03/04 08:48:53 AM","Khanpur"
"271397","Shahla Nawaz","DR-185","EMDS Call","Medical Emergency","Vomiting","2026/03/04 08:53:37 AM","Liaqatpur"
"271398","Shahla Nawaz","DR-185","EMDS Call","Medical Emergency","CVA/Stroke","2026/03/04 09:08:09 AM","Rahim Yar Khan"
"271399","Shahla Nawaz","DR-185","EMDS Call","Road Crash","Minor Injuries","2026/03/04 09:16:55 AM","Rahim Yar Khan"
"271400","Nida Rahat","DR-1322","EMDS Call","Medical Emergency","Diabetic","2026/03/04 09:25:14 AM","Sadiqabad"
"271402","Muhammad AAmar","DR-915","EMDS Call","Road Crash","Severe Trauma","2026/03/04 09:31:22 AM","Rahim Yar Khan"
"271401","Nida Rahat","DR-1322","EMDS Call","Medical Emergency","Others","2026/03/04 09:31:34 AM","Rahim Yar Khan"
"Not Assigned","Nida Rahat","DR-1322","Direct Call","Community","Community Training","2026/03/04 09:35:21 AM","Liaqatpur"
"271403","Muhammad Arshad","DR-198","EMDS Call","Medical Emergency","Vomiting","2026/03/04 09:34:54 AM","Rahim Yar Khan"
"271404","Shahla Nawaz","DR-185","EMDS Call","Rescue Operations","Delivery Case","2026/03/04 09:37:12 AM","Khanpur"
"271405","Muhammad Arshad","DR-198","EMDS Call","Medical Emergency","Diabetic","2026/03/04 09:43:56 AM","Sadiqabad"
"271406","Muhammad AAmar","DR-915","EMDS Call","Medical Emergency","Backache","2026/03/04 09:44:58 AM","Rahim Yar Khan"
"271407","Nida Rahat","DR-1322","EMDS Call","Medical Emergency","Vomiting","2026/03/04 09:45:49 AM","Sadiqabad"
"271408","Shahla Nawaz","DR-185","EMDS Call","Medical Emergency","High Fever","2026/03/04 09:48:06 AM","Rahim Yar Khan"
"271409","Muhammad AAmar","DR-915","EMDS Call","Medical Emergency","Hypertension","2026/03/04 09:59:36 AM","Sadiqabad"
"271410","Shahla Nawaz","DR-185","EMDS Call","Medical Emergency","Anxiety / Psychiatric Disorder","2026/03/04 10:11:20 AM","Rahim Yar Khan"
"271411","Muhammad AAmar","DR-915","EMDS Call","Medical Emergency","Abdominal Pain","2026/03/04 10:27:41 AM","Rahim Yar Khan"
"271412","Nida Rahat","DR-1322","EMDS Call","Medical Emergency","Vomiting","2026/03/04 10:33:56 AM","Liaqatpur"
"271413","Shahla Nawaz","DR-185","EMDS Call","Medical Emergency","Hypertension","2026/03/04 10:34:10 AM","Khanpur"
"271414","Muhammad AAmar","DR-915","EMDS Call","Medical Emergency","Unconscious","2026/03/04 10:37:49 AM","Rahim Yar Khan"
"271415","Saira Bibi","MR-5494","EMDS Call","Medical Emergency","Joints Pain","2026/03/04 10:46:04 AM","Khanpur"
"271416","Nida Rahat","DR-1322","EMDS Call","Medical Emergency","Backache","2026/03/04 10:57:12 AM","Sadiqabad"
"271417","Nida Rahat","DR-1322","EMDS Call","Medical Emergency","Diarrhea","2026/03/04 11:00:27 AM","Rahim Yar Khan"
"271418","Saira Bibi","MR-5494","EMDS Call","Medical Emergency","SOB/ Respiratory Distress","2026/03/04 11:01:38 AM","Khanpur"
"271419","Maheen Tahir","MR-6017","EMDS Call","Road Crash","Bleeding","2026/03/04 11:07:57 AM","Khanpur"
"271420","Saira Bibi","MR-5494","EMDS Call","Fire","Others","2026/03/04 11:10:19 AM","Rahim Yar Khan"
"Not Assigned","Nida Rahat","DR-1322","Direct Call","High Raised Building Inspection","High Raised Building Inspection","2026/03/04 11:12:19 AM","Rahim Yar Khan"
"76773","Nida Rahat","DR-1322","Direct Call","Patient Transfer Service","N/A","2026/03/04 11:17:43 AM","Sadiqabad"
"271421","Muhammad AAmar","DR-915","EMDS Call","Road Crash","Bleeding","2026/03/04 11:21:31 AM","Sadiqabad"
"271422","Nida Rahat","DR-1322","EMDS Call","Medical Emergency","Backache","2026/03/04 11:32:44 AM","Rahim Yar Khan"
"271423","Saira Bibi","MR-5494","EMDS Call","Medical Emergency","Unconscious","2026/03/04 11:42:28 AM","Sadiqabad"
"271424","Maheen Tahir","MR-6017","EMDS Call","Medical Emergency","Diabetic","2026/03/04 11:44:27 AM","Rahim Yar Khan"
"271425","Saira Bibi","MR-5494","EMDS Call","Medical Emergency","Chest Pain","2026/03/04 11:47:13 AM","Sadiqabad"
"271426","Maheen Tahir","MR-6017","EMDS Call","Medical Emergency","Others","2026/03/04 11:47:38 AM","Rahim Yar Khan"
"271427","Saira Bibi","MR-5494","EMDS Call","Medical Emergency","Vertigo/ Dizziness","2026/03/04 11:50:43 AM","Rahim Yar Khan"
"271428","Nida Rahat","DR-1322","EMDS Call","Rescue Operations","Delivery Case","2026/03/04 11:52:28 AM","Sadiqabad"
"271429","Nida Rahat","DR-1322","EMDS Call","Medical Emergency","SOB/ Respiratory Distress","2026/03/04 12:02:12 PM","Rahim Yar Khan"
"271430","Nida Rahat","DR-1322","EMDS Call","Fire","Others","2026/03/04 12:13:28 PM","Rahim Yar Khan"
"Not Assigned","Maheen Tahir","MR-6017","Direct Call","Industrial Inspection","Industrial Inspection","2026/03/04 12:13:48 PM","Rahim Yar Khan"
"76774","Maheen Tahir","MR-6017","Direct Call","Patient Transfer Service","N/A","2026/03/04 12:16:33 PM","Sadiqabad"
"271431","Saira Bibi","MR-5494","EMDS Call","Medical Emergency","Diabetic","2026/03/04 12:16:16 PM","Liaqatpur"
"271432","Maheen Tahir","MR-6017","EMDS Call","Road Crash","Bleeding","2026/03/04 12:18:54 PM","Liaqatpur"
"271432","Maheen Tahir","MR-6017","EMDS Call","Road Crash","Bleeding","2026/03/04 12:18:54 PM","Liaqatpur"
"271433","Nida Rahat","DR-1322","EMDS Call","Medical Emergency","Anxiety / Psychiatric Disorder","2026/03/04 12:28:42 PM","Rahim Yar Khan"
"271434","Nida Rahat","DR-1322","EMDS Call","Fire","Others","2026/03/04 12:32:22 PM","Rahim Yar Khan"
"271435","Saira Bibi","MR-5494","EMDS Call","Medical Emergency","Vomiting","2026/03/04 12:35:24 PM","Rahim Yar Khan"
"Not Assigned","Nida Rahat","DR-1322","EMDS Call","Medical Emergency","High Fever","2026/03/04 12:39:23 PM","Rahim Yar Khan"
"76775","Faiz Muhyy Ul Din","DR-892","Direct Call","Patient Transfer Service","N/A","2026/03/04 12:54:20 PM","Khanpur"
"271437","Maheen Tahir","MR-6017","EMDS Call","Medical Emergency","Joints Pain","2026/03/04 12:54:25 PM","Sadiqabad"
"271438","Faiz Muhyy Ul Din","DR-892","EMDS Call","Road Crash","Minor Injuries","2026/03/04 12:58:55 PM","Liaqatpur"
"271439","Nida Rahat","DR-1322","EMDS Call","Road Crash","Minor Injuries","2026/03/04 01:00:00 PM","Rahim Yar Khan"
"271440","Nida Rahat","DR-1322","EMDS Call","Medical Emergency","SOB/ Respiratory Distress","2026/03/04 01:03:55 PM","Rahim Yar Khan"
"271441","Maheen Tahir","MR-6017","Direct Call","Road Crash","Severe Trauma","2026/03/04 01:02:58 PM","Liaqatpur"
"271441","Maheen Tahir","MR-6017","Direct Call","Road Crash","Severe Trauma","2026/03/04 01:02:58 PM","Liaqatpur"
"271442","Faiz Muhyy Ul Din","DR-892","EMDS Call","Rescue Operations","Scalds/Burn Due To Negligence","2026/03/04 01:06:46 PM","Khanpur"
"76776","Faiz Muhyy Ul Din","DR-892","Direct Call","Patient Transfer Service","N/A","2026/03/04 01:10:12 PM","Liaqatpur"
"271443","Nida Rahat","DR-1322","EMDS Call","Road Crash","Multiple Fractures","2026/03/04 01:20:53 PM","Rahim Yar Khan"
"271444","Faiz Muhyy Ul Din","DR-892","EMDS Call","Rescue Operations","Scalds/Burn Due To Negligence","2026/03/04 01:27:40 PM","Rahim Yar Khan"
"271445","Maheen Tahir","MR-6017","EMDS Call","Medical Emergency","Epilepsy","2026/03/04 01:29:30 PM","Liaqatpur"
"271446","Nida Rahat","DR-1322","EMDS Call","Fall","Fall From Roof","2026/03/04 01:35:02 PM","Rahim Yar Khan"
"271447","Faiz Muhyy Ul Din","DR-892","EMDS Call","Road Crash","Severe Trauma","2026/03/04 01:37:37 PM","Sadiqabad"
"271448","Faiz Muhyy Ul Din","DR-892","EMDS Call","Medical Emergency","Abdominal Pain","2026/03/04 01:53:12 PM","Liaqatpur"
"271449","Faiz Muhyy Ul Din","DR-892","EMDS Call","Road Crash","Bleeding","2026/03/04 01:56:27 PM","Rahim Yar Khan"
"271450","Nida Rahat","DR-1322","EMDS Call","Medical Emergency","SOB/ Respiratory Distress","2026/03/04 01:59:49 PM","Rahim Yar Khan"
"271451","Nida Rahat","DR-1322","EMDS Call","Medical Emergency","Vomiting","2026/03/04 02:08:54 PM","Rahim Yar Khan"
"271452","Faiz Muhyy Ul Din","DR-892","EMDS Call","Fire","Others","2026/03/04 02:08:40 PM","Rahim Yar Khan"
"271453","Faiz Muhyy Ul Din","DR-892","EMDS Call","Crime","Physical Assault/Violence","2026/03/04 02:15:04 PM","Rahim Yar Khan"
"271454","Aasia Batool","MR-5198","EMDS Call","Medical Emergency","Chest Pain","2026/03/04 02:17:46 PM","Khanpur"
"76777","Saima Bashir","MR-5819","Direct Call","Patient Transfer Service","N/A","2026/03/04 02:31:25 PM","Liaqatpur"
"271455","Adil Iqbal","DR-782","EMDS Call","Medical Emergency","Abdominal Pain","2026/03/04 02:33:55 PM","Rahim Yar Khan"
"76778","Saima Bashir","MR-5819","Direct Call","Patient Transfer Service","N/A","2026/03/04 02:37:03 PM","Liaqatpur"
"271456","Saima Bashir","MR-5819","EMDS Call","Road Crash","Bleeding","2026/03/04 02:50:41 PM","Rahim Yar Khan"
"271457","Fahad Hussain","DR-538","EMDS Call","Medical Emergency","Vomiting","2026/03/04 02:52:40 PM","Rahim Yar Khan"
"271458","Aasia Batool","MR-5198","EMDS Call","Medical Emergency","Hypertension","2026/03/04 02:58:19 PM","Rahim Yar Khan"
"271459","Adil Iqbal","DR-782","EMDS Call","Road Crash","Minor Injuries","2026/03/04 03:01:57 PM","Rahim Yar Khan"
"76779","Adil Iqbal","DR-782","Direct Call","Patient Transfer Service","N/A","2026/03/04 03:11:23 PM","Sadiqabad"
"271460","Aasia Batool","MR-5198","EMDS Call","Rescue Operations","Others","2026/03/04 03:12:51 PM","Sadiqabad"
"271461","Adil Iqbal","DR-782","EMDS Call","Medical Emergency","Diabetic","2026/03/04 03:16:35 PM","Sadiqabad"
"271462","Fahad Hussain","DR-538","EMDS Call","Medical Emergency","High Fever","2026/03/04 03:26:17 PM","Rahim Yar Khan"
"271463","Zia ul Haq","DR-328","EMDS Call","Road Crash","Minor Injuries","2026/03/04 03:27:24 PM","Sadiqabad"
"271464","Saima Bashir","MR-5819","EMDS Call","Medical Emergency","Hypertension","2026/03/04 03:42:33 PM","Liaqatpur"
"271465","Adil Iqbal","DR-782","EMDS Call","Medical Emergency","Vertigo/ Dizziness","2026/03/04 03:45:49 PM","Rahim Yar Khan"
"271466","Zia ul Haq","DR-328","EMDS Call","Medical Emergency","Hypertension","2026/03/04 03:52:24 PM","Rahim Yar Khan"
"271467","Fahad Hussain","DR-538","EMDS Call","Crime","Probable Suicide","2026/03/04 04:00:38 PM","Rahim Yar Khan"
"271468","Aasia Batool","MR-5198","EMDS Call","Medical Emergency","CVA/Stroke","2026/03/04 04:03:41 PM","Khanpur"
"271469","Aasia Batool","MR-5198","EMDS Call","Fire","Short Circuit","2026/03/04 04:19:53 PM","Sadiqabad"
"271470","Adil Iqbal","DR-782","Direct Call","Medical Emergency","Domestic Injuries","2026/03/04 04:22:00 PM","Sadiqabad"
"271471","Zia ul Haq","DR-328","EMDS Call","Medical Emergency","SOB/ Respiratory Distress","2026/03/04 04:26:06 PM","Rahim Yar Khan"
"271472","Adil Iqbal","DR-782","EMDS Call","Medical Emergency","Domestic Injuries","2026/03/04 04:27:13 PM","Rahim Yar Khan"
"271473","Zia ul Haq","DR-328","EMDS Call","Fire","Short Circuit","2026/03/04 04:36:51 PM","Sadiqabad"
"271474","Adil Iqbal","DR-782","EMDS Call","Medical Emergency","Unconscious","2026/03/04 04:41:39 PM","Rahim Yar Khan"
"271475","Zia ul Haq","DR-328","EMDS Call","Medical Emergency","Domestic Injuries","2026/03/04 04:46:53 PM","Khanpur"
"271476","Adil Iqbal","DR-782","EMDS Call","Road Crash","Minor Injuries","2026/03/04 04:47:46 PM","Sadiqabad"
"76780","Saima Bashir","MR-5819","Direct Call","Patient Transfer Service","N/A","2026/03/04 04:50:07 PM","Sadiqabad"
"271477","Fahad Hussain","DR-538","EMDS Call","Road Crash","Minor Injuries","2026/03/04 04:54:49 PM","Sadiqabad"
"271478","Fahad Hussain","DR-538","EMDS Call","Medical Emergency","Hypertension","2026/03/04 05:00:21 PM","Liaqatpur"
"76781","Saima Bashir","MR-5819","Direct Call","Patient Transfer Service","N/A","2026/03/04 05:05:08 PM","Sadiqabad"
"271479","Fahad Hussain","DR-538","EMDS Call","Medical Emergency","Abdominal Pain","2026/03/04 05:12:57 PM","Khanpur"
"271480","Farah Sadaqat","MR-5930","EMDS Call","Road Crash","Bleeding","2026/03/04 05:16:53 PM","Rahim Yar Khan"
"271481","Zia ul Haq","DR-328","EMDS Call","Rescue Operations","Delivery Case","2026/03/04 05:30:22 PM","Sadiqabad"
"76782","Farah Sadaqat","MR-5930","Direct Call","Patient Transfer Service","N/A","2026/03/04 05:37:00 PM","Khanpur"
"271482","Farah Sadaqat","MR-5930","EMDS Call","Medical Emergency","SOB/ Respiratory Distress","2026/03/04 05:41:42 PM","Rahim Yar Khan"
"271483","Saima Bashir","MR-5819","EMDS Call","Medical Emergency","High Fever","2026/03/04 05:41:17 PM","Liaqatpur"
"271484","Farah Sadaqat","MR-5930","Direct Call","Medical Emergency","Domestic Injuries","2026/03/04 05:45:24 PM","Liaqatpur"
"271485","Aasia Batool","MR-5198","EMDS Call","Medical Emergency","SOB/ Respiratory Distress","2026/03/04 05:43:05 PM","Rahim Yar Khan"
"76783","Aasia Batool","MR-5198","Direct Call","Patient Transfer Service","N/A","2026/03/04 05:48:30 PM","Sadiqabad"
"271486","Aasia Batool","MR-5198","EMDS Call","Medical Emergency","Unconscious","2026/03/04 05:49:20 PM","Sadiqabad"
"271487","Farah Sadaqat","MR-5930","EMDS Call","Medical Emergency","Vomiting","2026/03/04 05:58:00 PM","Rahim Yar Khan"
"271488","Saima Bashir","MR-5819","EMDS Call","Medical Emergency","Abdominal Pain","2026/03/04 06:02:22 PM","Rahim Yar Khan"
"271489","Farah Sadaqat","MR-5930","EMDS Call","Road Crash","Minor Injuries","2026/03/04 06:18:04 PM","Rahim Yar Khan"
"271490","Aasia Batool","MR-5198","EMDS Call","Fall","Slipped On Floor","2026/03/04 06:18:57 PM","Sadiqabad"
"271491","Aasia Batool","MR-5198","EMDS Call","Fire","Short Circuit","2026/03/04 06:24:43 PM","Rahim Yar Khan"
"271492","Aasia Batool","MR-5198","EMDS Call","Road Crash","Minor Injuries","2026/03/04 06:28:37 PM","Khanpur"
"271493","Farah Sadaqat","MR-5930","EMDS Call","Medical Emergency","Anxiety / Psychiatric Disorder","2026/03/04 06:37:16 PM","Sadiqabad"
"271494","Aasia Batool","MR-5198","EMDS Call","Medical Emergency","Abdominal Pain","2026/03/04 06:37:59 PM","Liaqatpur"
"271496","Farah Sadaqat","MR-5930","EMDS Call","Medical Emergency","High Fever","2026/03/04 06:49:44 PM","Rahim Yar Khan"
"271495","Farah Sadaqat","MR-5930","EMDS Call","Road Crash","Bleeding","2026/03/04 06:54:40 PM","Sadiqabad"
"271497","Farah Sadaqat","MR-5930","EMDS Call","Medical Emergency","Anxiety / Psychiatric Disorder","2026/03/04 07:02:03 PM","Rahim Yar Khan"
"271498","Farah Sadaqat","MR-5930","EMDS Call","Medical Emergency","Unconscious","2026/03/04 07:14:37 PM","Rahim Yar Khan"
"271499","Fahad Hussain","DR-538","EMDS Call","Road Crash","Severe Trauma","2026/03/04 07:15:40 PM","Khanpur"
"271500","Farah Sadaqat","MR-5930","EMDS Call","Medical Emergency","SOB/ Respiratory Distress","2026/03/04 07:21:21 PM","Rahim Yar Khan"
"271501","Fahad Hussain","DR-538","EMDS Call","Road Crash","Minor Injuries","2026/03/04 07:23:33 PM","Rahim Yar Khan"
"271502","Aasia Batool","MR-5198","EMDS Call","Medical Emergency","Vomiting","2026/03/04 07:24:49 PM","Rahim Yar Khan"
"271503","Farah Sadaqat","MR-5930","EMDS Call","Road Crash","Bleeding","2026/03/04 07:43:12 PM","Sadiqabad"
"271503","Farah Sadaqat","MR-5930","EMDS Call","Road Crash","Bleeding","2026/03/04 07:43:12 PM","Sadiqabad"
"271504","Farah Sadaqat","MR-5930","EMDS Call","Medical Emergency","SOB/ Respiratory Distress","2026/03/04 07:48:46 PM","Rahim Yar Khan"
"271505","Farah Sadaqat","MR-5930","EMDS Call","Medical Emergency","Chemical / Drug Poisoning","2026/03/04 07:55:58 PM","Khanpur"
"271506","Farah Sadaqat","MR-5930","EMDS Call","Medical Emergency","SOB/ Respiratory Distress","2026/03/04 08:02:57 PM","Sadiqabad"
"271507","Farah Sadaqat","MR-5930","EMDS Call","Road Crash","Minor Injuries","2026/03/04 08:10:03 PM","Rahim Yar Khan"
"271508","Fahad Hussain","DR-538","EMDS Call","Medical Emergency","Hypotension","2026/03/04 08:13:52 PM","Liaqatpur"
"271509","Saima Bashir","MR-5819","EMDS Call","Medical Emergency","Vomiting","2026/03/04 08:19:36 PM","Rahim Yar Khan"
"Not Assigned","Saima Bashir","MR-5819","EMDS Call","Road Crash","Severe Trauma","2026/03/04 08:25:08 PM","Liaqatpur"
"271511","Fahad Hussain","DR-538","EMDS Call","Medical Emergency","Renal Disorders / Renal Colic ","2026/03/04 08:27:33 PM","Khanpur"
"271512","Farah Sadaqat","MR-5930","EMDS Call","Rescue Operations","Delivery Case","2026/03/04 08:29:03 PM","Rahim Yar Khan"
"271513","Fahad Hussain","DR-538","EMDS Call","Fall","Others","2026/03/04 08:39:07 PM","Rahim Yar Khan"
"271514","Bushra Saleem","MR-5701","EMDS Call","Medical Emergency","Gynae Problem","2026/03/04 08:46:24 PM","Rahim Yar Khan"
"271515","Zupasha Zia","MR-5758","Direct Call","Medical Emergency","Vertigo/ Dizziness","2026/03/04 08:52:33 PM","Sadiqabad"
"271516","Bushra Saleem","MR-5701","EMDS Call","Medical Emergency","Hypertension","2026/03/04 08:51:35 PM","Rahim Yar Khan"
"271517","Zupasha Zia","MR-5758","EMDS Call","Medical Emergency","Diabetic","2026/03/04 08:57:20 PM","Sadiqabad"
"76784","Zupasha Zia","MR-5758","Direct Call","Patient Transfer Service","N/A","2026/03/04 08:59:49 PM","Liaqatpur"
"271519","Muhammad Riaz","DR-654","EMDS Call","Crime","Probable Suicide","2026/03/04 09:01:11 PM","Rahim Yar Khan"
"271518","Bushra Saleem","MR-5701","EMDS Call","Medical Emergency","Abdominal Pain","2026/03/04 09:00:57 PM","Rahim Yar Khan"
"271520","Zupasha Zia","MR-5758","EMDS Call","Medical Emergency","Vertigo/ Dizziness","2026/03/04 09:05:55 PM","Rahim Yar Khan"
"271521","Bushra Saleem","MR-5701","EMDS Call","Road Crash","Bleeding","2026/03/04 09:05:36 PM","Rahim Yar Khan"
"271521","Bushra Saleem","MR-5701","EMDS Call","Road Crash","Bleeding","2026/03/04 09:05:36 PM","Rahim Yar Khan"
"271522","Muhammad Riaz","DR-654","EMDS Call","Road Crash","Minor Injuries","2026/03/04 09:07:04 PM","Rahim Yar Khan"
"271523","Muhammad Riaz","DR-654","EMDS Call","Medical Emergency","Vomiting","2026/03/04 09:12:47 PM","Sadiqabad"
"271524","Zupasha Zia","MR-5758","EMDS Call","Road Crash","Minor Injuries","2026/03/04 09:14:09 PM","Rahim Yar Khan"
"271525","Muhammad Riaz","DR-654","EMDS Call","Road Crash","Severe Trauma","2026/03/04 09:24:18 PM","Rahim Yar Khan"
"271526","Muhammad Riaz","DR-654","EMDS Call","Medical Emergency","Others","2026/03/04 09:26:53 PM","Rahim Yar Khan"
"271527","Zupasha Zia","MR-5758","EMDS Call","Medical Emergency","Joints Pain","2026/03/04 09:29:25 PM","Liaqatpur"
"76785","Muhammad Riaz","DR-654","Direct Call","Patient Transfer Service","N/A","2026/03/04 09:32:43 PM","Khanpur"
"271528","Muhammad Riaz","DR-654","EMDS Call","Medical Emergency","Hypertension","2026/03/04 09:33:55 PM","Rahim Yar Khan"
"271529","Muhammad Riaz","DR-654","EMDS Call","Road Crash","Bleeding","2026/03/04 09:37:58 PM","Rahim Yar Khan"
"271530","Zupasha Zia","MR-5758","EMDS Call","Medical Emergency","Headache","2026/03/04 10:00:57 PM","Sadiqabad"
"271531","Muhammad Rashid Saleem","DR-187","EMDS Call","Road Crash","Minor Injuries","2026/03/04 10:01:12 PM","Rahim Yar Khan"
"Not Assigned","Muhammad Riaz","DR-654","EMDS Call","Medical Emergency","Abdominal Pain","2026/03/04 10:05:43 PM","Khanpur"
"76786","Zupasha Zia","MR-5758","Direct Call","Patient Transfer Service","N/A","2026/03/04 10:07:43 PM","Sadiqabad"
"271534","Zupasha Zia","MR-5758","EMDS Call","Medical Emergency","Vertigo/ Dizziness","2026/03/04 10:17:50 PM","Rahim Yar Khan"
"271533","Muhammad Rashid Saleem","DR-187","EMDS Call","Medical Emergency","SOB/ Respiratory Distress","2026/03/04 10:19:16 PM","Rahim Yar Khan"
"271535","Rana M. Usman","DR-200","EMDS Call","Medical Emergency","Joints Pain","2026/03/04 10:27:40 PM","Rahim Yar Khan"
"271536","Zupasha Zia","MR-5758","EMDS Call","Medical Emergency","Abdominal Pain","2026/03/04 10:41:21 PM","Sadiqabad"
"76787","Zupasha Zia","MR-5758","Direct Call","Patient Transfer Service","N/A","2026/03/04 10:48:45 PM","Khanpur"
"271537","Rana M. Usman","DR-200","Direct Call","Rescue Operations","Vehicle Extrication","2026/03/04 10:49:02 PM","Liaqatpur"
"271538","Muhammad Rashid Saleem","DR-187","EMDS Call","Medical Emergency","Anxiety / Psychiatric Disorder","2026/03/04 10:50:02 PM","Rahim Yar Khan"
"76788","Zupasha Zia","MR-5758","Direct Call","Patient Transfer Service","N/A","2026/03/04 10:55:56 PM","Khanpur"
"271539","Muhammad Rashid Saleem","DR-187","EMDS Call","Medical Emergency","Hypertension","2026/03/04 10:56:19 PM","Sadiqabad"
"271540","Zupasha Zia","MR-5758","EMDS Call","Medical Emergency","Anxiety / Psychiatric Disorder","2026/03/04 11:04:08 PM","Rahim Yar Khan"
"271542","Rana M. Usman","DR-200","EMDS Call","Road Crash","Minor Injuries","2026/03/04 11:15:24 PM","Rahim Yar Khan"
"271541","Muhammad Rashid Saleem","DR-187","EMDS Call","Medical Emergency","Hypertension","2026/03/04 11:16:21 PM","Rahim Yar Khan"
"271543","Zupasha Zia","MR-5758","EMDS Call","Medical Emergency","Joints Pain","2026/03/04 11:16:46 PM","Rahim Yar Khan"
"271544","Rana M. Usman","DR-200","EMDS Call","Medical Emergency","Abdominal Pain","2026/03/04 11:18:43 PM","Sadiqabad"
"271545","Muhammad Rashid Saleem","DR-187","EMDS Call","Medical Emergency","Abdominal Pain","2026/03/04 11:21:35 PM","Khanpur"
"76789","Rana M. Usman","DR-200","Direct Call","Patient Transfer Service","N/A","2026/03/04 11:42:31 PM","Liaqatpur"
"271546","Zupasha Zia","MR-5758","EMDS Call","Medical Emergency","Abdominal Pain","2026/03/04 11:47:26 PM","Khanpur"
"271547","Muhammad Rashid Saleem","DR-187","EMDS Call","Medical Emergency","Chest Pain","2026/03/04 11:54:24 PM","Rahim Yar Khan"
"271548","Rana M. Usman","DR-200","EMDS Call","Medical Emergency","SOB/ Respiratory Distress","2026/03/05 12:03:03 AM","Rahim Yar Khan"
"271549","Zupasha Zia","MR-5758","EMDS Call","Medical Emergency","Unconscious","2026/03/05 12:07:37 AM","Liaqatpur"
"271550","Muhammad Rashid Saleem","DR-187","EMDS Call","Medical Emergency","Anxiety / Psychiatric Disorder","2026/03/05 12:26:15 AM","Sadiqabad"
"76790","Zupasha Zia","MR-5758","Direct Call","Patient Transfer Service","N/A","2026/03/05 12:33:15 AM","Khanpur"
"271551","Muhammad Rashid Saleem","DR-187","EMDS Call","Medical Emergency","Abdominal Pain","2026/03/05 12:49:36 AM","Rahim Yar Khan"
"271552","Zupasha Zia","MR-5758","EMDS Call","Medical Emergency","Hypertension","2026/03/05 12:53:35 AM","Rahim Yar Khan"
"76791","Zupasha Zia","MR-5758","Direct Call","Patient Transfer Service","N/A","2026/03/05 01:14:42 AM","Sadiqabad"
"271553","Muhammad Rashid Saleem","DR-187","EMDS Call","Medical Emergency","Abdominal Pain","2026/03/05 01:18:02 AM","Rahim Yar Khan"
"271554","Zupasha Zia","MR-5758","EMDS Call","Medical Emergency","Hypertension","2026/03/05 01:23:00 AM","Rahim Yar Khan"
"271555","Rana M. Usman","DR-200","EMDS Call","Medical Emergency","Vomiting","2026/03/05 01:43:28 AM","Sadiqabad"
"271556","Zupasha Zia","MR-5758","EMDS Call","Medical Emergency","Joints Pain","2026/03/05 01:55:09 AM","Khanpur"
"271557","Rana M. Usman","DR-200","EMDS Call","Medical Emergency","SOB/ Respiratory Distress","2026/03/05 01:57:29 AM","Khanpur"
"271558","Muhammad Rashid Saleem","DR-187","EMDS Call","Medical Emergency","Unconscious","2026/03/05 02:13:28 AM","Sadiqabad"
"271559","Zupasha Zia","MR-5758","EMDS Call","Medical Emergency","High Fever","2026/03/05 02:40:07 AM","Rahim Yar Khan"
"271560","Rana M. Usman","DR-200","EMDS Call","Medical Emergency","High Fever","2026/03/05 02:40:30 AM","Rahim Yar Khan"
"271561","Zupasha Zia","MR-5758","EMDS Call","Medical Emergency","Anxiety / Psychiatric Disorder","2026/03/05 02:44:25 AM","Sadiqabad"
"271562","Rana M. Usman","DR-200","EMDS Call","Medical Emergency","Diarrhea","2026/03/05 02:46:27 AM","Sadiqabad"
"271563","Zupasha Zia","MR-5758","EMDS Call","Rescue Operations","Delivery Case","2026/03/05 03:08:07 AM","Khanpur"
"271564","Zupasha Zia","MR-5758","EMDS Call","Medical Emergency","Abdominal Pain","2026/03/05 03:15:42 AM","Liaqatpur"
"271565","Muhammad Riaz","DR-654","EMDS Call","Medical Emergency","Hypertension","2026/03/05 03:37:32 AM","Sadiqabad"
"271566","Bushra Saleem","MR-5701","EMDS Call","Medical Emergency","Vomiting","2026/03/05 03:46:22 AM","Rahim Yar Khan"
"271567","Muhammad Riaz","DR-654","EMDS Call","Medical Emergency","Chronic Illness","2026/03/05 04:28:36 AM","Rahim Yar Khan"
"271568","Bushra Saleem","MR-5701","EMDS Call","Medical Emergency","Joints Pain","2026/03/05 04:36:03 AM","Rahim Yar Khan"
"271569","Muhammad Riaz","DR-654","EMDS Call","Medical Emergency","Unconscious","2026/03/05 05:12:39 AM","Rahim Yar Khan"
"271570","Bushra Saleem","MR-5701","EMDS Call","Medical Emergency","Vomiting","2026/03/05 05:13:19 AM","Rahim Yar Khan"
"271571","Muhammad Riaz","DR-654","EMDS Call","Medical Emergency","Unconscious","2026/03/05 05:19:34 AM","Rahim Yar Khan"
"271572","Bushra Saleem","MR-5701","EMDS Call","Medical Emergency","SOB/ Respiratory Distress","2026/03/05 05:31:01 AM","Sadiqabad"
"271573","Bushra Saleem","MR-5701","EMDS Call","Medical Emergency","High Fever","2026/03/05 05:38:14 AM","Sadiqabad"
"271574","Muhammad Riaz","DR-654","EMDS Call","Medical Emergency","Hypertension","2026/03/05 05:53:44 AM","Rahim Yar Khan"
"271575","Muhammad Riaz","DR-654","EMDS Call","Medical Emergency","High Fever","2026/03/05 06:02:44 AM","Khanpur"
"271576","Muhammad Riaz","DR-654","EMDS Call","Medical Emergency","SOB/ Respiratory Distress","2026/03/05 06:13:18 AM","Sadiqabad"
"271577","Bushra Saleem","MR-5701","EMDS Call","Medical Emergency","Abdominal Pain","2026/03/05 06:22:47 AM","Rahim Yar Khan"
"76792","Bushra Saleem","MR-5701","Direct Call","Patient Transfer Service","N/A","2026/03/05 06:41:53 AM","Sadiqabad"
"271578","Muhammad Riaz","DR-654","EMDS Call","Rescue Operations","Delivery Case","2026/03/05 06:47:42 AM","Rahim Yar Khan"
"271579","Bushra Saleem","MR-5701","EMDS Call","Medical Emergency","Vomiting","2026/03/05 06:54:09 AM","Liaqatpur"
"271580","Muhammad Rashid Saleem","DR-187","EMDS Call","Medical Emergency","Others","2026/03/05 07:00:37 AM","Rahim Yar Khan"
"271581","Muhammad Riaz","DR-654","EMDS Call","Road Crash","Severe Trauma","2026/03/05 07:02:30 AM","Khanpur"
"271582","Muhammad Rashid Saleem","DR-187","EMDS Call","Medical Emergency","Hypertension","2026/03/05 07:06:46 AM","Rahim Yar Khan"
"271583","Bushra Saleem","MR-5701","EMDS Call","Medical Emergency","Vomiting","2026/03/05 07:29:50 AM","Rahim Yar Khan"
"271584","Zupasha Zia","MR-5758","EMDS Call","Medical Emergency","Diabetic","2026/03/05 07:32:03 AM","Sadiqabad"
"271585","Shahla Nawaz","DR-185","EMDS Call","Rescue Operations","Deepwell Extrication","2026/03/05 07:46:23 AM","Sadiqabad"
"76793","Muhammad Abid","DR-874","Direct Call","Patient Transfer Service","N/A","2026/03/05 07:50:22 AM","Sadiqabad"
"271586","Muhammad Abid","DR-874","Direct Call","Rescue Operations","Mass Event Coverage","2026/03/05 07:54:40 AM","Rahim Yar Khan"
"271587","Shahla Nawaz","DR-185","EMDS Call","Road Crash","Multiple Fractures","2026/03/05 08:03:43 AM","Sadiqabad"
"271588","Muhammad Abid","DR-874","EMDS Call","Road Crash","Minor Injuries","2026/03/05 08:06:18 AM","Rahim Yar Khan"
"271589","Shahla Nawaz","DR-185","EMDS Call","Medical Emergency","Diabetic","2026/03/05 08:20:36 AM","Liaqatpur"
"271590","Muhammad Arshad","DR-198","EMDS Call","Road Crash","Multiple Fractures","2026/03/05 08:23:18 AM","Sadiqabad"
"271591","Muhammad Arshad","DR-198","EMDS Call","Medical Emergency","Chest Pain","2026/03/05 08:30:22 AM","Rahim Yar Khan"
"271592","Muhammad Arshad","DR-198","EMDS Call","Road Crash","Minor Injuries","2026/03/05 08:36:14 AM","Rahim Yar Khan"
"271593","Muhammad Abid","DR-874","EMDS Call","Medical Emergency","Abdominal Pain","2026/03/05 08:37:52 AM","Rahim Yar Khan"
"271595","Shahla Nawaz","DR-185","EMDS Call","Medical Emergency","Hypertension","2026/03/05 08:45:55 AM","Sadiqabad"
"271594","Muhammad Abid","DR-874","EMDS Call","Medical Emergency","High Fever","2026/03/05 08:45:58 AM","Liaqatpur"
"271596","Shahla Nawaz","DR-185","Direct Call","Rescue Operations","Mass Event Coverage","2026/03/05 08:50:28 AM","Rahim Yar Khan"
"271597","Muhammad Abid","DR-874","EMDS Call","Medical Emergency","Abdominal Pain","2026/03/05 08:56:35 AM","Liaqatpur"
"271598","Muhammad Abid","DR-874","Direct Call","Rescue Operations","Mass Event Coverage","2026/03/05 09:00:18 AM","Khanpur"
"271599","Muhammad Arshad","DR-198","EMDS Call","Medical Emergency","Anxiety / Psychiatric Disorder","2026/03/05 08:59:36 AM","Sadiqabad"
"271600","Muhammad Abid","DR-874","EMDS Call","Medical Emergency","High Fever","2026/03/05 09:11:53 AM","Khanpur"
"271601","Muhammad Arshad","DR-198","EMDS Call","Road Crash","Minor Injuries","2026/03/05 09:12:10 AM","Sadiqabad"
"271602","Shahla Nawaz","DR-185","EMDS Call","Medical Emergency","Hypotension","2026/03/05 09:20:06 AM","Sadiqabad"
"271603","Saira Bibi","MR-5494","EMDS Call","Medical Emergency","Diarrhea","2026/03/05 09:37:26 AM","Liaqatpur"
"271604","Muhammad AAmar","DR-915","EMDS Call","Medical Emergency","Hypotension","2026/03/05 09:38:24 AM","Liaqatpur"
"271605","Saira Bibi","MR-5494","EMDS Call","Medical Emergency","Vertigo/ Dizziness","2026/03/05 09:43:40 AM","Rahim Yar Khan"
"271606","Muhammad Arshad","DR-198","EMDS Call","Medical Emergency","Vertigo/ Dizziness","2026/03/05 09:47:54 AM","Rahim Yar Khan"
"Not Assigned","Saira Bibi","MR-5494","Direct Call","Community","Community Training","2026/03/05 09:51:48 AM","Liaqatpur"
"271607","Muhammad Arshad","DR-198","EMDS Call","Road Crash","Bleeding","2026/03/05 09:53:57 AM","Sadiqabad"
"76794","Saira Bibi","MR-5494","Direct Call","Patient Transfer Service","N/A","2026/03/05 09:55:15 AM","Khanpur"
"271609","Saira Bibi","MR-5494","EMDS Call","Medical Emergency","Epilepsy","2026/03/05 09:57:07 AM","Rahim Yar Khan"
"271608","Muhammad AAmar","DR-915","EMDS Call","Rescue Operations","Delivery Case","2026/03/05 09:57:19 AM","Rahim Yar Khan"
"271610","Shahla Nawaz","DR-185","EMDS Call","Road Crash","Bleeding","2026/03/05 09:59:21 AM","Liaqatpur"
"271610","Shahla Nawaz","DR-185","EMDS Call","Road Crash","Bleeding","2026/03/05 09:59:21 AM","Liaqatpur"
"271611","Muhammad Arshad","DR-198","EMDS Call","Fall","Fall From Stairs","2026/03/05 10:03:14 AM","Liaqatpur"
"76795","Saira Bibi","MR-5494","Direct Call","Patient Transfer Service","N/A","2026/03/05 10:24:51 AM","Sadiqabad"
"271612","Muhammad Arshad","DR-198","EMDS Call","Road Crash","Minor Injuries","2026/03/05 10:26:52 AM","Sadiqabad"
"271613","Saira Bibi","MR-5494","EMDS Call","Road Crash","Minor Injuries","2026/03/05 10:27:47 AM","Rahim Yar Khan"
"271614","Muhammad AAmar","DR-915","EMDS Call","Rescue Operations","Work/Occupational Injuries","2026/03/05 10:28:33 AM","Sadiqabad"
"271615","Muhammad Arshad","DR-198","EMDS Call","Rescue Operations","Snake Emergency","2026/03/05 10:30:39 AM","Rahim Yar Khan"
"271616","Shahla Nawaz","DR-185","EMDS Call","Medical Emergency","High Fever","2026/03/05 10:30:21 AM","Sadiqabad"
"Not Assigned","Saira Bibi","MR-5494","EMDS Call","Road Crash","Minor Injuries","2026/03/05 10:34:06 AM","Rahim Yar Khan"
"271618","Muhammad AAmar","DR-915","EMDS Call","Medical Emergency","Diabetic","2026/03/05 10:36:33 AM","Sadiqabad"
"271620","Muhammad Arshad","DR-198","EMDS Call","Medical Emergency","Gynae Problem","2026/03/05 10:38:15 AM","Khanpur"
"271619","Shahla Nawaz","DR-185","Direct Call","Rescue Operations","Snake Bite","2026/03/05 10:37:45 AM","Rahim Yar Khan"
"Not Assigned","Shahla Nawaz","DR-185","Direct Call","Mock Exercise","Mock","2026/03/05 10:45:27 AM","Rahim Yar Khan"
"271622","Saira Bibi","MR-5494","EMDS Call","Medical Emergency","SOB/ Respiratory Distress","2026/03/05 10:51:57 AM","Rahim Yar Khan"
"271623","Muhammad Arshad","DR-198","EMDS Call","Medical Emergency","Joints Pain","2026/03/05 10:54:01 AM","Rahim Yar Khan"
"271624","Farah Sadaqat","MR-5930","EMDS Call","Medical Emergency","Vomiting","2026/03/05 11:08:16 AM","Rahim Yar Khan"
"271625","Muhammad Arshad","DR-198","EMDS Call","Road Crash","Minor Injuries","2026/03/05 11:16:40 AM","Rahim Yar Khan"
"76796","Farah Sadaqat","MR-5930","Direct Call","Patient Transfer Service","N/A","2026/03/05 11:23:06 AM","Liaqatpur"
"271626","Muhammad Arshad","DR-198","EMDS Call","Medical Emergency","SOB/ Respiratory Distress","2026/03/05 11:25:05 AM","Liaqatpur"
"271627","Maheen Tahir","MR-6017","EMDS Call","Medical Emergency","Hypotension","2026/03/05 11:27:50 AM","Liaqatpur"
"Not Assigned","Farah Sadaqat","MR-5930","Direct Call","Industrial Inspection","Industrial Inspection","2026/03/05 11:33:33 AM","Rahim Yar Khan"
"271628","Muhammad Arshad","DR-198","EMDS Call","Medical Emergency","CVA/Stroke","2026/03/05 11:37:04 AM","Sadiqabad"
"76797","Farah Sadaqat","MR-5930","Direct Call","Patient Transfer Service","N/A","2026/03/05 11:45:09 AM","Liaqatpur"
"76798","Saira Bibi","MR-5494","Direct Call","Patient Transfer Service","N/A","2026/03/05 11:54:21 AM","Sadiqabad"
"271629","Maheen Tahir","MR-6017","EMDS Call","Medical Emergency","Abdominal Pain","2026/03/05 11:53:47 AM","Rahim Yar Khan"
"271630","Saira Bibi","MR-5494","EMDS Call","Medical Emergency","Vomiting","2026/03/05 12:00:01 PM","Sadiqabad"
"271631","Farah Sadaqat","MR-5930","EMDS Call","Medical Emergency","Anxiety / Psychiatric Disorder","2026/03/05 12:03:36 PM","Sadiqabad"
"271632","Saira Bibi","MR-5494","EMDS Call","Medical Emergency","Vomiting","2026/03/05 12:04:32 PM","Khanpur"
"271633","Maheen Tahir","MR-6017","EMDS Call","Medical Emergency","Joints Pain","2026/03/05 12:08:06 PM","Rahim Yar Khan"
"76799","Saira Bibi","MR-5494","Direct Call","Patient Transfer Service","N/A","2026/03/05 12:09:56 PM","Sadiqabad"
"271634","Farah Sadaqat","MR-5930","EMDS Call","Road Crash","Bleeding","2026/03/05 12:09:17 PM","Liaqatpur"
"271635","Maheen Tahir","MR-6017","EMDS Call","Medical Emergency","Hypertension","2026/03/05 12:12:23 PM","Rahim Yar Khan"
"271636","Maheen Tahir","MR-6017","EMDS Call","Medical Emergency","High Fever","2026/03/05 12:16:30 PM","Khanpur"
"271637","Maheen Tahir","MR-6017","EMDS Call","Medical Emergency","Vertigo/ Dizziness","2026/03/05 12:20:29 PM","Rahim Yar Khan"
"271638","Farah Sadaqat","MR-5930","EMDS Call","Medical Emergency","Vomiting","2026/03/05 12:29:41 PM","Rahim Yar Khan"
"76800","Saira Bibi","MR-5494","Direct Call","Patient Transfer Service","N/A","2026/03/05 12:36:19 PM","Sadiqabad"
"271639","Maheen Tahir","MR-6017","EMDS Call","Medical Emergency","Abdominal Pain","2026/03/05 12:39:59 PM","Khanpur"
"271640","Maheen Tahir","MR-6017","EMDS Call","Medical Emergency","Unconscious","2026/03/05 12:53:58 PM","Sadiqabad"
"271642","Saira Bibi","MR-5494","EMDS Call","Road Crash","Minor Injuries","2026/03/05 12:56:03 PM","Sadiqabad"
"271641","Saira Bibi","MR-5494","Direct Call","Medical Emergency","Others","2026/03/05 12:59:21 PM","Rahim Yar Khan"
"271643","Maheen Tahir","MR-6017","EMDS Call","Road Crash","Minor Injuries","2026/03/05 01:02:55 PM","Rahim Yar Khan"
"271644","Farah Sadaqat","MR-5930","EMDS Call","Medical Emergency","Diabetic","2026/03/05 01:09:22 PM","Rahim Yar Khan"
"Not Assigned","Saira Bibi","MR-5494","Direct Call","Industrial Inspection","Industrial Inspection","2026/03/05 01:11:08 PM","Khanpur"
"271645","Farah Sadaqat","MR-5930","EMDS Call","Medical Emergency","Anxiety / Psychiatric Disorder","2026/03/05 01:29:32 PM","Sadiqabad"
"271646","Farah Sadaqat","MR-5930","EMDS Call","Medical Emergency","Abdominal Pain","2026/03/05 01:39:40 PM","Liaqatpur"
"271647","Maheen Tahir","MR-6017","EMDS Call","Medical Emergency","Unconscious","2026/03/05 01:44:34 PM","Liaqatpur"
"76801","Maheen Tahir","MR-6017","Direct Call","Patient Transfer Service","N/A","2026/03/05 01:47:48 PM","Khanpur"
"271648","Farah Sadaqat","MR-5930","EMDS Call","Medical Emergency","Chest Pain","2026/03/05 01:43:59 PM","Rahim Yar Khan"
"271650","Saira Bibi","MR-5494","EMDS Call","Medical Emergency","Diarrhea","2026/03/05 01:50:38 PM","Rahim Yar Khan"
"271649","Maheen Tahir","MR-6017","EMDS Call","Road Crash","Bleeding","2026/03/05 01:51:19 PM","Sadiqabad"
"271651","Farah Sadaqat","MR-5930","EMDS Call","Road Crash","Bleeding","2026/03/05 01:51:44 PM","Rahim Yar Khan"
"271652","Maheen Tahir","MR-6017","EMDS Call","Medical Emergency","Vomiting","2026/03/05 01:51:50 PM","Sadiqabad"
"76802","Maheen Tahir","MR-6017","Direct Call","Patient Transfer Service","N/A","2026/03/05 01:55:20 PM","Khanpur"
"271653","Fahad Hussain","DR-538","Direct Call","Medical Emergency","Joints Pain","2026/03/05 02:08:05 PM","Rahim Yar Khan"
"271654","Saima Bashir","MR-5819","EMDS Call","Medical Emergency","Unconscious","2026/03/05 02:15:54 PM","Rahim Yar Khan"
"271655","Nida Rahat","DR-1322","EMDS Call","Fire","Others","2026/03/05 02:16:16 PM","Sadiqabad"
"271656","Nida Rahat","DR-1322","EMDS Call","Medical Emergency","Diabetic","2026/03/05 02:19:07 PM","Khanpur"
"271657","Nida Rahat","DR-1322","EMDS Call","Road Crash","Minor Injuries","2026/03/05 02:28:21 PM","Khanpur"
"271658","Saima Bashir","MR-5819","EMDS Call","Medical Emergency","Abdominal Pain","2026/03/05 02:40:07 PM","Rahim Yar Khan"
"271659","Sheeza Barkat","MR-5331","EMDS Call","Medical Emergency","Hypotension","2026/03/05 02:44:33 PM","Khanpur"
"271661","Nida Rahat","DR-1322","EMDS Call","Medical Emergency","Hypertension","2026/03/05 02:44:54 PM","Rahim Yar Khan"
"271660","Aasia Batool","MR-5198","EMDS Call","Road Crash","Multiple Fractures","2026/03/05 02:45:22 PM","Sadiqabad"
"271662","Saima Bashir","MR-5819","EMDS Call","Medical Emergency","Diabetic","2026/03/05 02:46:25 PM","Liaqatpur"
"271663","Aasia Batool","MR-5198","EMDS Call","Medical Emergency","Domestic Injuries","2026/03/05 02:47:16 PM","Rahim Yar Khan"
"271664","Nida Rahat","DR-1322","EMDS Call","Medical Emergency","Diabetic","2026/03/05 02:47:58 PM","Khanpur"
"271665","Sheeza Barkat","MR-5331","EMDS Call","Road Crash","Severe Trauma","2026/03/05 02:55:17 PM","Rahim Yar Khan"
"271666","Sheeza Barkat","MR-5331","EMDS Call","Medical Emergency","Chronic Illness","2026/03/05 03:00:01 PM","Rahim Yar Khan"
"76803","Sheeza Barkat","MR-5331","Direct Call","Patient Transfer Service","N/A","2026/03/05 03:07:09 PM","Sadiqabad"
"271667","Aasia Batool","MR-5198","EMDS Call","Medical Emergency","Epilepsy","2026/03/05 03:12:13 PM","Rahim Yar Khan"
"271668","Nida Rahat","DR-1322","EMDS Call","Road Crash","Bleeding","2026/03/05 03:17:47 PM","Liaqatpur"
"271669","Nida Rahat","DR-1322","EMDS Call","Medical Emergency","Vertigo/ Dizziness","2026/03/05 03:33:12 PM","Rahim Yar Khan"
"271670","Saima Bashir","MR-5819","EMDS Call","Fall","Fall From Roof","2026/03/05 03:36:41 PM","Rahim Yar Khan"
"271671","Aasia Batool","MR-5198","EMDS Call","Road Crash","Bleeding","2026/03/05 03:39:42 PM","Liaqatpur"
"271672","Muhammad Abid","DR-874","EMDS Call","Medical Emergency","Joints Pain","2026/03/05 03:41:46 PM","Rahim Yar Khan"
"271673","Nida Rahat","DR-1322","EMDS Call","Road Crash","Minor Injuries","2026/03/05 03:42:28 PM","Sadiqabad"
"271674","Nida Rahat","DR-1322","EMDS Call","Medical Emergency","Chronic Illness","2026/03/05 03:52:33 PM","Rahim Yar Khan"
"271675","Aasia Batool","MR-5198","EMDS Call","Road Crash","Severe Trauma","2026/03/05 03:53:03 PM","Rahim Yar Khan"
"271676","Sheeza Barkat","MR-5331","EMDS Call","Medical Emergency","Anxiety / Psychiatric Disorder","2026/03/05 03:54:18 PM","Khanpur"
"271677","Aasia Batool","MR-5198","EMDS Call","Medical Emergency","Hypertension","2026/03/05 04:10:00 PM","Liaqatpur"
"271678","Saima Bashir","MR-5819","EMDS Call","Medical Emergency","SOB/ Respiratory Distress","2026/03/05 04:12:10 PM","Rahim Yar Khan"
"271679","Aasia Batool","MR-5198","EMDS Call","Medical Emergency","Hypertension","2026/03/05 04:16:59 PM","Liaqatpur"
"271680","Saima Bashir","MR-5819","EMDS Call","Medical Emergency","Diabetic","2026/03/05 04:24:10 PM","Rahim Yar Khan"
"271681","Nida Rahat","DR-1322","EMDS Call","Medical Emergency","SOB/ Respiratory Distress","2026/03/05 04:24:00 PM","Rahim Yar Khan"
"271682","Sheeza Barkat","MR-5331","EMDS Call","Medical Emergency","Abdominal Pain","2026/03/05 04:30:17 PM","Khanpur"
"271683","Aasia Batool","MR-5198","EMDS Call","Medical Emergency","Hypertension","2026/03/05 04:36:48 PM","Sadiqabad"
"76804","Nida Rahat","DR-1322","Direct Call","Patient Transfer Service","N/A","2026/03/05 04:41:20 PM","Sadiqabad"
"271684","Sheeza Barkat","MR-5331","EMDS Call","Road Crash","Minor Injuries","2026/03/05 04:40:57 PM","Rahim Yar Khan"
"271685","Sheeza Barkat","MR-5331","EMDS Call","Medical Emergency","Renal Disorders / Renal Colic ","2026/03/05 04:51:23 PM","Rahim Yar Khan"
"271686","Sheeza Barkat","MR-5331","EMDS Call","Fire","Short Circuit","2026/03/05 04:55:22 PM","Liaqatpur"
"76805","Sheeza Barkat","MR-5331","Direct Call","Patient Transfer Service","N/A","2026/03/05 05:08:05 PM","Khanpur"
"271687","Sheeza Barkat","MR-5331","EMDS Call","Medical Emergency","Unconscious","2026/03/05 05:09:58 PM","Liaqatpur"
"271688","Aasia Batool","MR-5198","EMDS Call","Rescue Operations","Animal/Bird Rescue","2026/03/05 05:11:42 PM","Liaqatpur"
"271689","Aasia Batool","MR-5198","EMDS Call","Fire","Short Circuit","2026/03/05 05:23:15 PM","Rahim Yar Khan"
"271690","Saima Bashir","MR-5819","EMDS Call","Medical Emergency","Domestic Injuries","2026/03/05 05:23:55 PM","Rahim Yar Khan"
"271691","Nida Rahat","DR-1322","EMDS Call","Medical Emergency","Hypertension","2026/03/05 05:24:52 PM","Khanpur"
"271692","Sheeza Barkat","MR-5331","EMDS Call","Road Crash","Severe Trauma","2026/03/05 05:24:59 PM","Khanpur"
"271693","Sheeza Barkat","MR-5331","EMDS Call","Medical Emergency","High Fever","2026/03/05 05:27:21 PM","Rahim Yar Khan"
"271694","Saima Bashir","MR-5819","EMDS Call","Road Crash","Bleeding","2026/03/05 05:29:23 PM","Rahim Yar Khan"
"271695","Nida Rahat","DR-1322","EMDS Call","Road Crash","Bleeding","2026/03/05 05:29:10 PM","Sadiqabad"
"271696","Saima Bashir","MR-5819","EMDS Call","Road Crash","Minor Injuries","2026/03/05 05:42:20 PM","Sadiqabad"
"271697","Nida Rahat","DR-1322","EMDS Call","Medical Emergency","Vertigo/ Dizziness","2026/03/05 05:43:49 PM","Rahim Yar Khan"
"271698","Sheeza Barkat","MR-5331","EMDS Call","Rescue Operations","Electric Shock","2026/03/05 05:44:35 PM","Rahim Yar Khan"
"76806","Nida Rahat","DR-1322","Direct Call","Patient Transfer Service","N/A","2026/03/05 05:52:40 PM","Liaqatpur"
"271699","Sheeza Barkat","MR-5331","EMDS Call","Medical Emergency","Unconscious","2026/03/05 05:55:09 PM","Rahim Yar Khan"
"271700","Aasia Batool","MR-5198","EMDS Call","Fire","Short Circuit","2026/03/05 06:01:04 PM","Liaqatpur"
"271701","Nida Rahat","DR-1322","EMDS Call","Medical Emergency","High Fever","2026/03/05 06:02:11 PM","Sadiqabad"
"271702","Nida Rahat","DR-1322","EMDS Call","Fire","Others","2026/03/05 06:07:01 PM","Khanpur"
"76807","Nida Rahat","DR-1322","Direct Call","Patient Transfer Service","N/A","2026/03/05 06:09:46 PM","Liaqatpur"
"271703","Aasia Batool","MR-5198","EMDS Call","Medical Emergency","Epilepsy","2026/03/05 06:09:14 PM","Khanpur"
"271704","Sheeza Barkat","MR-5331","EMDS Call","Road Crash","Minor Injuries","2026/03/05 06:11:44 PM","Rahim Yar Khan"
"271705","Nida Rahat","DR-1322","EMDS Call","Road Crash","Bleeding","2026/03/05 06:19:21 PM","Rahim Yar Khan"
"271706","Sheeza Barkat","MR-5331","EMDS Call","Medical Emergency","Abdominal Pain","2026/03/05 06:19:27 PM","Khanpur"
"271707","Sheeza Barkat","MR-5331","EMDS Call","Medical Emergency","Headache","2026/03/05 06:35:21 PM","Sadiqabad"
"271708","Saima Bashir","MR-5819","EMDS Call","Medical Emergency","Chest Pain","2026/03/05 06:43:49 PM","Sadiqabad"
"271709","Nida Rahat","DR-1322","EMDS Call","Road Crash","Bleeding","2026/03/05 06:53:09 PM","Rahim Yar Khan"
"271710","Aasia Batool","MR-5198","EMDS Call","Medical Emergency","Domestic Injuries","2026/03/05 07:09:20 PM","Rahim Yar Khan"
"271711","Nida Rahat","DR-1322","EMDS Call","Medical Emergency","Hypertension","2026/03/05 07:15:48 PM","Sadiqabad"
"271712","Nida Rahat","DR-1322","EMDS Call","Medical Emergency","Anxiety / Psychiatric Disorder","2026/03/05 07:18:06 PM","Rahim Yar Khan"
"271713","Saima Bashir","MR-5819","EMDS Call","Road Crash","Bleeding","2026/03/05 07:21:38 PM","Khanpur"
"271714","Aasia Batool","MR-5198","EMDS Call","Road Crash","Multiple Fractures","2026/03/05 07:23:51 PM","Rahim Yar Khan"
"271715","Saima Bashir","MR-5819","EMDS Call","Road Crash","Bleeding","2026/03/05 07:28:38 PM","Khanpur"
"271716","Nida Rahat","DR-1322","EMDS Call","Medical Emergency","Others","2026/03/05 07:32:38 PM","Rahim Yar Khan"
"271717","Sheeza Barkat","MR-5331","EMDS Call","Medical Emergency","Diabetic","2026/03/05 07:32:53 PM","Rahim Yar Khan"
"76808","Sheeza Barkat","MR-5331","Direct Call","Patient Transfer Service","N/A","2026/03/05 07:37:35 PM","Rahim Yar Khan"
"271718","Nida Rahat","DR-1322","EMDS Call","Road Crash","Bleeding","2026/03/05 07:37:47 PM","Rahim Yar Khan"
"271719","Nida Rahat","DR-1322","EMDS Call","Medical Emergency","Others","2026/03/05 07:40:00 PM","Rahim Yar Khan"
"271720","Sheeza Barkat","MR-5331","EMDS Call","Medical Emergency","Hypertension","2026/03/05 07:45:30 PM","Rahim Yar Khan"
"76809","Saima Bashir","MR-5819","Direct Call","Patient Transfer Service","N/A","2026/03/05 07:55:34 PM","Sadiqabad"
"271721","Sheeza Barkat","MR-5331","EMDS Call","Medical Emergency","Chronic Illness","2026/03/05 07:52:12 PM","Rahim Yar Khan"
"271722","Nida Rahat","DR-1322","EMDS Call","Medical Emergency","Hypertension","2026/03/05 08:07:11 PM","Rahim Yar Khan"
"271723","Saima Bashir","MR-5819","EMDS Call","Medical Emergency","Chest Pain","2026/03/05 08:09:52 PM","Rahim Yar Khan"
"271724","Nida Rahat","DR-1322","EMDS Call","Road Crash","Minor Injuries","2026/03/05 08:17:07 PM","Sadiqabad"
"271725","Saima Bashir","MR-5819","EMDS Call","Medical Emergency","Vomiting","2026/03/05 08:27:49 PM","Rahim Yar Khan"
"271726","Sheeza Barkat","MR-5331","EMDS Call","Medical Emergency","Chronic Illness","2026/03/05 08:30:01 PM","Liaqatpur"
"271727","Saima Bashir","MR-5819","EMDS Call","Medical Emergency","Vomiting","2026/03/05 08:33:31 PM","Liaqatpur"
"271728","Saima Bashir","MR-5819","EMDS Call","Medical Emergency","Headache","2026/03/05 08:36:46 PM","Sadiqabad"
"271729","Saima Bashir","MR-5819","EMDS Call","Medical Emergency","Allergy","2026/03/05 08:41:30 PM","Rahim Yar Khan"
"271730","Zupasha Zia","MR-5758","EMDS Call","Medical Emergency","Hypotension","2026/03/05 08:47:59 PM","Rahim Yar Khan"
"271731","Saima Bashir","MR-5819","EMDS Call","Road Crash","Bleeding","2026/03/05 08:48:17 PM","Rahim Yar Khan"
"271732","Rana M. Usman","DR-200","EMDS Call","Road Crash","Minor Injuries","2026/03/05 08:56:08 PM","Rahim Yar Khan"
"271733","Zupasha Zia","MR-5758","EMDS Call","Medical Emergency","Vomiting","2026/03/05 08:58:01 PM","Liaqatpur"
"271734","Rana M. Usman","DR-200","EMDS Call","Medical Emergency","Chronic Illness","2026/03/05 09:02:21 PM","Rahim Yar Khan"
"271735","Rana M. Usman","DR-200","EMDS Call","Medical Emergency","Chest Pain","2026/03/05 09:06:31 PM","Rahim Yar Khan"
"271736","Muhammad Riaz","DR-654","EMDS Call","Medical Emergency","SOB/ Respiratory Distress","2026/03/05 09:24:52 PM","Rahim Yar Khan"
"271737","Farhad Iftikhar","DR-913","EMDS Call","Medical Emergency","Hypertension","2026/03/05 09:28:38 PM","Rahim Yar Khan"
"271738","Muhammad Riaz","DR-654","EMDS Call","Medical Emergency","Hypertension","2026/03/05 09:37:00 PM","Rahim Yar Khan"
"271739","Muhammad Riaz","DR-654","EMDS Call","Crime","Physical Assault/Violence","2026/03/05 09:42:51 PM","Rahim Yar Khan"
"76810","Zupasha Zia","MR-5758","Direct Call","Patient Transfer Service","N/A","2026/03/05 09:57:08 PM","Sadiqabad"
"271740","Zupasha Zia","MR-5758","EMDS Call","Medical Emergency","SOB/ Respiratory Distress","2026/03/05 10:00:47 PM","Rahim Yar Khan"
"271743","Muhammad Riaz","DR-654","EMDS Call","Medical Emergency","Unconscious","2026/03/05 10:01:04 PM","Rahim Yar Khan"
"271741","Farhad Iftikhar","DR-913","EMDS Call","Fall","Fall From Vehicle","2026/03/05 10:06:34 PM","Rahim Yar Khan"
"271742","Zupasha Zia","MR-5758","EMDS Call","Medical Emergency","Vertigo/ Dizziness","2026/03/05 10:07:48 PM","Rahim Yar Khan"
"76811","Zupasha Zia","MR-5758","Direct Call","Patient Transfer Service","N/A","2026/03/05 10:10:52 PM","Sadiqabad"
"271744","Muhammad Riaz","DR-654","EMDS Call","Medical Emergency","Joints Pain","2026/03/05 10:17:50 PM","Sadiqabad"
"271745","Muhammad Rashid Saleem","DR-187","EMDS Call","Medical Emergency","Abdominal Pain","2026/03/05 10:20:39 PM","Sadiqabad"
"271746","Zupasha Zia","MR-5758","EMDS Call","Medical Emergency","Gynae Problem","2026/03/05 10:20:40 PM","Rahim Yar Khan"
"271747","Farhad Iftikhar","DR-913","EMDS Call","Medical Emergency","Others","2026/03/05 10:24:29 PM","Rahim Yar Khan"
"76812","Zupasha Zia","MR-5758","Direct Call","Patient Transfer Service","N/A","2026/03/05 10:26:13 PM","Khanpur"
"76813","Zupasha Zia","MR-5758","Direct Call","Patient Transfer Service","N/A","2026/03/05 10:29:52 PM","Khanpur"
"271748","Zupasha Zia","MR-5758","EMDS Call","Road Crash","Bleeding","2026/03/05 10:37:40 PM","Rahim Yar Khan"
"271749","Muhammad Rashid Saleem","DR-187","EMDS Call","Road Crash","Multiple Fractures","2026/03/05 10:38:43 PM","Liaqatpur"
"271750","Rana M. Usman","DR-200","EMDS Call","Crime","Physical Assault/Violence","2026/03/05 10:46:17 PM","Rahim Yar Khan"
"271751","Zupasha Zia","MR-5758","EMDS Call","Medical Emergency","Anxiety / Psychiatric Disorder","2026/03/05 10:49:14 PM","Rahim Yar Khan"
"271753","Muhammad Rashid Saleem","DR-187","EMDS Call","Medical Emergency","Chest Pain","2026/03/05 11:09:22 PM","Sadiqabad"
"271752","Rana M. Usman","DR-200","EMDS Call","Medical Emergency","Hypertension","2026/03/05 11:06:42 PM","Rahim Yar Khan"
"271754","Zupasha Zia","MR-5758","EMDS Call","Medical Emergency","Hypertension","2026/03/05 11:16:35 PM","Rahim Yar Khan"
"271755","Rana M. Usman","DR-200","EMDS Call","Medical Emergency","Joints Pain","2026/03/05 11:25:35 PM","Rahim Yar Khan"
"76814","Zupasha Zia","MR-5758","Direct Call","Patient Transfer Service","N/A","2026/03/05 11:33:38 PM","Sadiqabad"
"271756","Rana M. Usman","DR-200","EMDS Call","Medical Emergency","Hypertension","2026/03/05 11:33:25 PM","Rahim Yar Khan"
"271757","Muhammad Rashid Saleem","DR-187","EMDS Call","Medical Emergency","Hypertension","2026/03/05 11:41:49 PM","Rahim Yar Khan"
"271758","Rana M. Usman","DR-200","EMDS Call","Medical Emergency","Hypertension","2026/03/05 11:43:01 PM","Rahim Yar Khan"
"271759","Rana M. Usman","DR-200","EMDS Call","Medical Emergency","Unconscious","2026/03/06 12:07:05 AM","Khanpur"
"271760","Rana M. Usman","DR-200","EMDS Call","Medical Emergency","High Fever","2026/03/06 12:22:19 AM","Sadiqabad"
"271761","Zupasha Zia","MR-5758","EMDS Call","Medical Emergency","Anxiety / Psychiatric Disorder","2026/03/06 12:43:02 AM","Liaqatpur"
"76815","Zupasha Zia","MR-5758","Direct Call","Patient Transfer Service","N/A","2026/03/06 12:49:38 AM","Sadiqabad"
"76816","Zupasha Zia","MR-5758","Direct Call","Patient Transfer Service","N/A","2026/03/06 01:11:49 AM","Liaqatpur"
"76817","Zupasha Zia","MR-5758","Direct Call","Patient Transfer Service","N/A","2026/03/06 01:13:34 AM","Liaqatpur"
"271762","Zupasha Zia","MR-5758","EMDS Call","Medical Emergency","SOB/ Respiratory Distress","2026/03/06 01:16:02 AM","Rahim Yar Khan"
"76818","Zupasha Zia","MR-5758","Direct Call","Patient Transfer Service","N/A","2026/03/06 01:22:30 AM","Sadiqabad"
"271763","Muhammad Rashid Saleem","DR-187","EMDS Call","Medical Emergency","Abdominal Pain","2026/03/06 01:22:40 AM","Rahim Yar Khan"
"271765","Rana M. Usman","DR-200","EMDS Call","Medical Emergency","SOB/ Respiratory Distress","2026/03/06 01:26:10 AM","Liaqatpur"
"271764","Muhammad Rashid Saleem","DR-187","EMDS Call","Road Crash","Severe Trauma","2026/03/06 01:26:59 AM","Khanpur"
"271766","Zupasha Zia","MR-5758","EMDS Call","Medical Emergency","Renal Disorders / Renal Colic ","2026/03/06 01:35:23 AM","Rahim Yar Khan"
"271767","Muhammad Rashid Saleem","DR-187","EMDS Call","Medical Emergency","Hypertension","2026/03/06 01:37:01 AM","Rahim Yar Khan"
"271768","Rana M. Usman","DR-200","EMDS Call","Medical Emergency","Chest Pain","2026/03/06 01:40:17 AM","Rahim Yar Khan"
"271769","Zupasha Zia","MR-5758","EMDS Call","Crime","Bullet Injury","2026/03/06 01:41:43 AM","Khanpur"
"271770","Muhammad Rashid Saleem","DR-187","EMDS Call","Rescue Operations","Delivery Case","2026/03/06 01:42:30 AM","Rahim Yar Khan"
"76819","Zupasha Zia","MR-5758","Direct Call","Patient Transfer Service","N/A","2026/03/06 01:46:27 AM","Khanpur"
"271771","Rana M. Usman","DR-200","EMDS Call","Medical Emergency","Abdominal Pain","2026/03/06 01:46:46 AM","Sadiqabad"
"271772","Zupasha Zia","MR-5758","EMDS Call","Medical Emergency","Joints Pain","2026/03/06 01:51:16 AM","Rahim Yar Khan"
"271773","Rana M. Usman","DR-200","EMDS Call","Medical Emergency","Vomiting","2026/03/06 02:12:56 AM","Rahim Yar Khan"
"271774","Muhammad Rashid Saleem","DR-187","EMDS Call","Medical Emergency","Hypertension","2026/03/06 02:19:52 AM","Rahim Yar Khan"
"271775","Rana M. Usman","DR-200","EMDS Call","Medical Emergency","Abdominal Pain","2026/03/06 02:22:04 AM","Rahim Yar Khan"
"271776","Zupasha Zia","MR-5758","EMDS Call","Medical Emergency","Abdominal Pain","2026/03/06 02:25:41 AM","Sadiqabad"
"271777","Rana M. Usman","DR-200","EMDS Call","Medical Emergency","Cardiac Arrest","2026/03/06 02:42:25 AM","Liaqatpur"
"271778","Muhammad Rashid Saleem","DR-187","EMDS Call","Medical Emergency","Headache","2026/03/06 02:51:15 AM","Rahim Yar Khan"
"271779","Muhammad Rashid Saleem","DR-187","EMDS Call","Medical Emergency","Hypertension","2026/03/06 02:59:54 AM","Rahim Yar Khan"
"271780","Zupasha Zia","MR-5758","EMDS Call","Medical Emergency","Vomiting","2026/03/06 03:01:41 AM","Rahim Yar Khan"
"271781","Rana M. Usman","DR-200","EMDS Call","Medical Emergency","Epilepsy","2026/03/06 03:07:59 AM","Liaqatpur"
"76820","Muhammad Rashid Saleem","DR-187","Direct Call","Patient Transfer Service","N/A","2026/03/06 03:19:07 AM","Khanpur"
"271782","Muhammad Rashid Saleem","DR-187","EMDS Call","Medical Emergency","Abdominal Pain","2026/03/06 03:18:48 AM","Liaqatpur"
"271783","Farhad Iftikhar","DR-913","EMDS Call","Medical Emergency","High Fever","2026/03/06 03:25:52 AM","Rahim Yar Khan"
"271784","Muhammad Rashid Saleem","DR-187","EMDS Call","Medical Emergency","Domestic Injuries","2026/03/06 03:27:55 AM","Rahim Yar Khan"
"271785","Bushra Saleem","MR-5701","EMDS Call","Medical Emergency","Gynae Problem","2026/03/06 03:42:46 AM","Khanpur"
"271786","Farhad Iftikhar","DR-913","EMDS Call","Road Crash","Severe Trauma","2026/03/06 03:48:06 AM","Khanpur"
"271787","Bushra Saleem","MR-5701","EMDS Call","Medical Emergency","Unconscious","2026/03/06 03:58:56 AM","Khanpur"
"271788","Bushra Saleem","MR-5701","EMDS Call","Medical Emergency","Backache","2026/03/06 04:08:53 AM","Rahim Yar Khan"
"271789","Farhad Iftikhar","DR-913","EMDS Call","Medical Emergency","Unconscious","2026/03/06 04:12:10 AM","Khanpur"
"271790","Muhammad Rashid Saleem","DR-187","EMDS Call","Medical Emergency","Abdominal Pain","2026/03/06 04:13:03 AM","Rahim Yar Khan"
"271791","Muhammad Rashid Saleem","DR-187","EMDS Call","Medical Emergency","SOB/ Respiratory Distress","2026/03/06 04:35:49 AM","Rahim Yar Khan"
"271792","Bushra Saleem","MR-5701","EMDS Call","Rescue Operations","Delivery Case","2026/03/06 04:35:54 AM","Rahim Yar Khan"
"271793","Bushra Saleem","MR-5701","EMDS Call","Medical Emergency","Vertigo/ Dizziness","2026/03/06 04:40:43 AM","Rahim Yar Khan"
"271794","Muhammad Rashid Saleem","DR-187","EMDS Call","Medical Emergency","SOB/ Respiratory Distress","2026/03/06 04:51:11 AM","Khanpur"
"271795","Bushra Saleem","MR-5701","EMDS Call","Medical Emergency","Vertigo/ Dizziness","2026/03/06 04:52:18 AM","Rahim Yar Khan"
"271796","Bushra Saleem","MR-5701","EMDS Call","Medical Emergency","Vomiting","2026/03/06 05:14:15 AM","Rahim Yar Khan"
"271797","Muhammad Riaz","DR-654","EMDS Call","Medical Emergency","Renal Disorders / Renal Colic ","2026/03/06 05:19:38 AM","Khanpur"
"271798","Bushra Saleem","MR-5701","EMDS Call","Medical Emergency","Anxiety / Psychiatric Disorder","2026/03/06 05:20:45 AM","Rahim Yar Khan"
"271799","Muhammad Riaz","DR-654","EMDS Call","Medical Emergency","Diabetic","2026/03/06 05:39:08 AM","Sadiqabad"
"271800","Muhammad Riaz","DR-654","EMDS Call","Rescue Operations","Delivery Case","2026/03/06 05:53:08 AM","Sadiqabad"
"271801","Muhammad Riaz","DR-654","EMDS Call","Medical Emergency","High Fever","2026/03/06 05:58:32 AM","Rahim Yar Khan"
"271802","Bushra Saleem","MR-5701","EMDS Call","Road Crash","Minor Injuries","2026/03/06 06:00:10 AM","Khanpur"
"271803","Muhammad Riaz","DR-654","EMDS Call","Medical Emergency","Abdominal Pain","2026/03/06 06:13:31 AM","Khanpur"
"76821","Bushra Saleem","MR-5701","Direct Call","Patient Transfer Service","N/A","2026/03/06 06:27:04 AM","Sadiqabad"
"271804","Muhammad Riaz","DR-654","EMDS Call","Road Crash","Bleeding","2026/03/06 06:51:14 AM","Sadiqabad"
"271805","Bushra Saleem","MR-5701","EMDS Call","Medical Emergency","Abdominal Pain","2026/03/06 06:54:05 AM","Khanpur"
"271806","Bushra Saleem","MR-5701","EMDS Call","Medical Emergency","SOB/ Respiratory Distress","2026/03/06 07:04:04 AM","Sadiqabad"
"271807","Muhammad Riaz","DR-654","EMDS Call","Medical Emergency","Unconscious","2026/03/06 07:10:16 AM","Rahim Yar Khan"
"271808","Muhammad Riaz","DR-654","EMDS Call","Medical Emergency","Vomiting","2026/03/06 07:32:25 AM","Khanpur"
"271809","Farhad Iftikhar","DR-913","EMDS Call","Medical Emergency","Chest Pain","2026/03/06 07:33:05 AM","Khanpur"
"271810","Muhammad Riaz","DR-654","EMDS Call","Medical Emergency","Joints Pain","2026/03/06 07:36:49 AM","Khanpur"
"271811","Bushra Saleem","MR-5701","EMDS Call","Medical Emergency","Joints Pain","2026/03/06 07:35:47 AM","Rahim Yar Khan"
"271812","Shahla Nawaz","DR-185","EMDS Call","Rescue Operations","Delivery Case","2026/03/06 07:43:46 AM","Sadiqabad"
"271813","Shahla Nawaz","DR-185","Direct Call","Rescue Operations","Mass Event Coverage","2026/03/06 08:09:11 AM","Rahim Yar Khan"
"271814","Shahla Nawaz","DR-185","EMDS Call","Road Crash","Multiple Fractures","2026/03/06 08:10:37 AM","Rahim Yar Khan"
"271815","Maheen Tahir","MR-6017","EMDS Call","Medical Emergency","SOB/ Respiratory Distress","2026/03/06 08:10:32 AM","Rahim Yar Khan"
"271816","Shahla Nawaz","DR-185","Direct Call","Medical Emergency","SOB/ Respiratory Distress","2026/03/06 08:12:46 AM","Rahim Yar Khan"
"271817","Farah Sadaqat","MR-5930","EMDS Call","Medical Emergency","Chest Pain","2026/03/06 08:14:40 AM","Rahim Yar Khan"
"271818","Shahla Nawaz","DR-185","Direct Call","Rescue Operations","Mass Event Coverage","2026/03/06 08:32:27 AM","Khanpur"
"271819","Farah Sadaqat","MR-5930","EMDS Call","Rescue Operations","Delivery Case","2026/03/06 08:42:53 AM","Rahim Yar Khan"
"271820","Farah Sadaqat","MR-5930","Direct Call","Medical Emergency","Joints Pain","2026/03/06 08:45:54 AM","Khanpur"
"271821","Muhammad Arshad","DR-198","EMDS Call","Medical Emergency","SOB/ Respiratory Distress","2026/03/06 08:59:51 AM","Rahim Yar Khan"
"271822","Muhammad Arshad","DR-198","EMDS Call","Road Crash","Multiple Fractures","2026/03/06 09:10:02 AM","Rahim Yar Khan"
"271823","Farah Sadaqat","MR-5930","EMDS Call","Medical Emergency","Chest Pain","2026/03/06 09:13:26 AM","Khanpur"
"271824","Muhammad AAmar","DR-915","EMDS Call","Medical Emergency","SOB/ Respiratory Distress","2026/03/06 09:17:55 AM","Rahim Yar Khan"
"271825","Shahla Nawaz","DR-185","EMDS Call","Medical Emergency","Headache","2026/03/06 09:19:37 AM","Liaqatpur"
"271826","Muhammad Arshad","DR-198","EMDS Call","Medical Emergency","Vomiting","2026/03/06 09:20:33 AM","Sadiqabad"
"Not Assigned","Farah Sadaqat","MR-5930","Direct Call","Mock Exercise","Mock","2026/03/06 09:31:04 AM","Rahim Yar Khan"
"271827","Muhammad AAmar","DR-915","EMDS Call","Medical Emergency","High Fever","2026/03/06 09:33:58 AM","Liaqatpur"
"271828","Shahla Nawaz","DR-185","EMDS Call","Medical Emergency","Joints Pain","2026/03/06 09:36:27 AM","Sadiqabad"
"271829","Farah Sadaqat","MR-5930","EMDS Call","Road Crash","Minor Injuries","2026/03/06 09:42:58 AM","Sadiqabad"
"271830","Muhammad AAmar","DR-915","EMDS Call","Medical Emergency","Abdominal Pain","2026/03/06 09:53:37 AM","Rahim Yar Khan"
"271831","Muhammad Arshad","DR-198","EMDS Call","Road Crash","Bleeding","2026/03/06 09:55:49 AM","Liaqatpur"
"76822","Shahla Nawaz","DR-185","Direct Call","Patient Transfer Service","N/A","2026/03/06 09:56:45 AM","Sadiqabad"
"271832","Muhammad AAmar","DR-915","EMDS Call","Medical Emergency","Hypertension","2026/03/06 09:57:49 AM","Sadiqabad"
"271833","Shahid Jamil","DR-184","EMDS Call","Medical Emergency","Abdominal Pain","2026/03/06 10:02:07 AM","Khanpur"
"271834","Shahla Nawaz","DR-185","EMDS Call","Medical Emergency","Vomiting","2026/03/06 10:04:28 AM","Sadiqabad"
"Not Assigned","Shahla Nawaz","DR-185","Direct Call","Community","Community Training","2026/03/06 10:10:02 AM","Liaqatpur"
"271835","Farah Sadaqat","MR-5930","EMDS Call","Medical Emergency","SOB/ Respiratory Distress","2026/03/06 10:09:51 AM","Khanpur"
"271837","Shahla Nawaz","DR-185","EMDS Call","Medical Emergency","Joints Pain","2026/03/06 10:12:46 AM","Khanpur"
"271836","Muhammad Arshad","DR-198","EMDS Call","Rescue Operations","Work/Occupational Injuries","2026/03/06 10:13:40 AM","Khanpur"
"271838","Farah Sadaqat","MR-5930","EMDS Call","Road Crash","Minor Injuries","2026/03/06 10:18:43 AM","Rahim Yar Khan"
"271839","Shahla Nawaz","DR-185","EMDS Call","Medical Emergency","Hypertension","2026/03/06 10:18:29 AM","Rahim Yar Khan"
"271840","Shahla Nawaz","DR-185","EMDS Call","Medical Emergency","Hypertension","2026/03/06 10:26:07 AM","Rahim Yar Khan"
"271841","Muhammad AAmar","DR-915","EMDS Call","Medical Emergency","SOB/ Respiratory Distress","2026/03/06 10:28:22 AM","Rahim Yar Khan"
"76823","Farah Sadaqat","MR-5930","Direct Call","Patient Transfer Service","N/A","2026/03/06 10:31:08 AM","Liaqatpur"
"271842","Muhammad Arshad","DR-198","EMDS Call","Medical Emergency","Vomiting","2026/03/06 10:30:28 AM","Rahim Yar Khan"
"271843","Muhammad AAmar","DR-915","EMDS Call","Road Crash","Minor Injuries","2026/03/06 10:32:33 AM","Rahim Yar Khan"
"271844","Muhammad Arshad","DR-198","EMDS Call","Medical Emergency","Vertigo/ Dizziness","2026/03/06 10:36:39 AM","Rahim Yar Khan"
"271845","Muhammad AAmar","DR-915","EMDS Call","Medical Emergency","Chronic Illness","2026/03/06 10:41:31 AM","Rahim Yar Khan"
"271846","Muhammad AAmar","DR-915","EMDS Call","Medical Emergency","Joints Pain","2026/03/06 10:46:20 AM","Rahim Yar Khan"
"271847","Muhammad Arshad","DR-198","EMDS Call","Medical Emergency","Chest Pain","2026/03/06 10:48:50 AM","Sadiqabad"
"271848","Farah Sadaqat","MR-5930","Direct Call","Medical Emergency","SOB/ Respiratory Distress","2026/03/06 10:51:12 AM","Rahim Yar Khan"
"271849","Farah Sadaqat","MR-5930","EMDS Call","Road Crash","Multiple Fractures","2026/03/06 11:03:02 AM","Rahim Yar Khan"
"271849","Farah Sadaqat","MR-5930","EMDS Call","Road Crash","Multiple Fractures","2026/03/06 11:03:02 AM","Rahim Yar Khan"
"76824","Saira Bibi","MR-5494","Direct Call","Patient Transfer Service","N/A","2026/03/06 11:06:09 AM","Sadiqabad"
"271850","Muhammad Arshad","DR-198","EMDS Call","Medical Emergency","Abdominal Pain","2026/03/06 11:06:42 AM","Khanpur"
"271851","Muhammad AAmar","DR-915","EMDS Call","Medical Emergency","Gynae Problem","2026/03/06 11:10:31 AM","Sadiqabad"
"271852","Saira Bibi","MR-5494","EMDS Call","Road Crash","Bleeding","2026/03/06 11:13:23 AM","Rahim Yar Khan"
"271853","Saira Bibi","MR-5494","EMDS Call","Medical Emergency","Chest Pain","2026/03/06 11:24:23 AM","Rahim Yar Khan"
"Not Assigned","Farah Sadaqat","MR-5930","Direct Call","Industrial Inspection","Industrial Inspection","2026/03/06 11:28:26 AM","Liaqatpur"
"271856","Farah Sadaqat","MR-5930","EMDS Call","Medical Emergency","Diabetic","2026/03/06 11:49:06 AM","Rahim Yar Khan"
"271854","Muhammad AAmar","DR-915","EMDS Call","Road Crash","Severe Trauma","2026/03/06 11:49:26 AM","Khanpur"
"271854","Muhammad AAmar","DR-915","EMDS Call","Road Crash","Severe Trauma","2026/03/06 11:49:26 AM","Khanpur"
"271855","Maheen Tahir","MR-6017","Direct Call","Medical Emergency","Abdominal Pain","2026/03/06 11:50:03 AM","Rahim Yar Khan"
"76825","Farah Sadaqat","MR-5930","Direct Call","Patient Transfer Service","N/A","2026/03/06 12:05:53 PM","Sadiqabad"
"271857","Maheen Tahir","MR-6017","EMDS Call","Medical Emergency","Hypertension","2026/03/06 12:10:50 PM","Rahim Yar Khan"
"271858","Faiz Muhyy Ul Din","DR-892","EMDS Call","Medical Emergency","Unconscious","2026/03/06 12:12:31 PM","Rahim Yar Khan"
"76826","Maheen Tahir","MR-6017","Direct Call","Patient Transfer Service","N/A","2026/03/06 12:15:35 PM","Liaqatpur"
"76827","Maheen Tahir","MR-6017","Direct Call","Patient Transfer Service","N/A","2026/03/06 12:20:13 PM","Liaqatpur"
"271859","Faiz Muhyy Ul Din","DR-892","EMDS Call","Medical Emergency","Unconscious","2026/03/06 12:20:22 PM","Rahim Yar Khan"
"76828","Farah Sadaqat","MR-5930","Direct Call","Patient Transfer Service","N/A","2026/03/06 12:36:57 PM","Sadiqabad"
"271860","Farah Sadaqat","MR-5930","EMDS Call","Road Crash","Bleeding","2026/03/06 12:37:21 PM","Rahim Yar Khan"
"271861","Farah Sadaqat","MR-5930","EMDS Call","Medical Emergency","Epilepsy","2026/03/06 12:47:49 PM","Rahim Yar Khan"
"271862","Faiz Muhyy Ul Din","DR-892","EMDS Call","Medical Emergency","Vertigo/ Dizziness","2026/03/06 12:50:03 PM","Rahim Yar Khan"
"271863","Faiz Muhyy Ul Din","DR-892","EMDS Call","Rescue Operations","Animal/Bird Rescue","2026/03/06 12:54:15 PM","Sadiqabad"
"271864","Farah Sadaqat","MR-5930","EMDS Call","Rescue Operations","Electric Shock","2026/03/06 12:59:54 PM","Rahim Yar Khan"
"271865","Maheen Tahir","MR-6017","EMDS Call","Medical Emergency","Hypertension","2026/03/06 01:01:43 PM","Rahim Yar Khan"
"271866","Faiz Muhyy Ul Din","DR-892","EMDS Call","Road Crash","Minor Injuries","2026/03/06 01:12:28 PM","Liaqatpur"
"271867","Maheen Tahir","MR-6017","EMDS Call","Medical Emergency","Domestic Injuries","2026/03/06 01:17:22 PM","Rahim Yar Khan"
"271868","Farah Sadaqat","MR-5930","EMDS Call","Road Crash","Bleeding","2026/03/06 01:22:30 PM","Khanpur"
"271869","Maheen Tahir","MR-6017","EMDS Call","Rescue Operations","Delivery Case","2026/03/06 01:24:04 PM","Rahim Yar Khan"
"271870","Maheen Tahir","MR-6017","EMDS Call","Road Crash","Minor Injuries","2026/03/06 01:27:57 PM","Rahim Yar Khan"
"271871","Muhammad Zahid","DR-888","EMDS Call","Road Crash","Bleeding","2026/03/06 01:29:37 PM","Rahim Yar Khan"
"271872","Maheen Tahir","MR-6017","EMDS Call","Medical Emergency","High Fever","2026/03/06 01:31:24 PM","Rahim Yar Khan"
"271873","Muhammad AAmar","DR-915","EMDS Call","Road Crash","Bleeding","2026/03/06 01:38:33 PM","Liaqatpur"
"271874","Maheen Tahir","MR-6017","EMDS Call","Road Crash","Severe Trauma","2026/03/06 01:43:17 PM","Sadiqabad"
"271875","Maheen Tahir","MR-6017","EMDS Call","Road Crash","Multiple Fractures","2026/03/06 01:51:37 PM","Rahim Yar Khan"
"271876","Farah Sadaqat","MR-5930","EMDS Call","Road Crash","Minor Injuries","2026/03/06 01:51:27 PM","Rahim Yar Khan"
"271877","Maheen Tahir","MR-6017","EMDS Call","Road Crash","Minor Injuries","2026/03/06 01:56:12 PM","Khanpur"
"271879","Farah Sadaqat","MR-5930","EMDS Call","Medical Emergency","Chest Pain","2026/03/06 01:57:28 PM","Rahim Yar Khan"
"271878","Muhammad Zahid","DR-888","EMDS Call","Medical Emergency","Chest Pain","2026/03/06 01:59:12 PM","Rahim Yar Khan"
"271880","Fahad Hussain","DR-538","Direct Call","Medical Emergency","Anxiety / Psychiatric Disorder","2026/03/06 02:01:32 PM","Rahim Yar Khan"
"271881","Nida Rahat","DR-1322","EMDS Call","Fall","Slipped On Floor","2026/03/06 02:15:41 PM","Rahim Yar Khan"
"76829","Saima Bashir","MR-5819","Direct Call","Patient Transfer Service","N/A","2026/03/06 02:17:40 PM","Khanpur"
"271882","Sheeza Barkat","MR-5331","EMDS Call","Medical Emergency","Anxiety / Psychiatric Disorder","2026/03/06 02:15:40 PM","Rahim Yar Khan"
"271884","Sheeza Barkat","MR-5331","EMDS Call","Medical Emergency","Domestic Injuries","2026/03/06 02:19:02 PM","Sadiqabad"
"271883","Saima Bashir","MR-5819","EMDS Call","Medical Emergency","SOB/ Respiratory Distress","2026/03/06 02:18:34 PM","Rahim Yar Khan"
"271885","Nida Rahat","DR-1322","EMDS Call","Medical Emergency","Diarrhea","2026/03/06 02:22:39 PM","Liaqatpur"
"Not Assigned","Nida Rahat","DR-1322","Direct Call","High Raised Building Inspection","High Raised Building Inspection","2026/03/06 02:24:29 PM","Liaqatpur"
"271886","Sheeza Barkat","MR-5331","EMDS Call","Medical Emergency","High Fever","2026/03/06 02:27:58 PM","Liaqatpur"
"76830","Saima Bashir","MR-5819","Direct Call","Patient Transfer Service","N/A","2026/03/06 02:31:06 PM","Khanpur"
"271887","Nida Rahat","DR-1322","Direct Call","Medical Emergency","Hypertension","2026/03/06 02:32:19 PM","Rahim Yar Khan"
"271888","Sheeza Barkat","MR-5331","EMDS Call","Medical Emergency","CVA/Stroke","2026/03/06 02:37:17 PM","Khanpur"
"271889","Saima Bashir","MR-5819","EMDS Call","Medical Emergency","Diabetic","2026/03/06 02:39:12 PM","Rahim Yar Khan"
"271890","Zia ul Haq","DR-328","EMDS Call","Medical Emergency","Abdominal Pain","2026/03/06 02:41:41 PM","Sadiqabad"
"271891","Nida Rahat","DR-1322","EMDS Call","Medical Emergency","Domestic Injuries","2026/03/06 02:45:52 PM","Rahim Yar Khan"
"271892","Zia ul Haq","DR-328","EMDS Call","Medical Emergency","Chest Pain","2026/03/06 02:46:00 PM","Liaqatpur"
"271893","Sheeza Barkat","MR-5331","EMDS Call","Road Crash","Bleeding","2026/03/06 02:48:07 PM","Khanpur"
"271894","Sheeza Barkat","MR-5331","EMDS Call","Road Crash","Bleeding","2026/03/06 02:55:40 PM","Rahim Yar Khan"
"271894","Sheeza Barkat","MR-5331","EMDS Call","Road Crash","Bleeding","2026/03/06 02:55:40 PM","Rahim Yar Khan"
"271894","Sheeza Barkat","MR-5331","EMDS Call","Road Crash","Bleeding","2026/03/06 02:55:40 PM","Rahim Yar Khan"
"271895","Nida Rahat","DR-1322","EMDS Call","Medical Emergency","Abdominal Pain","2026/03/06 02:56:19 PM","Sadiqabad"
"271896","Sheeza Barkat","MR-5331","EMDS Call","Medical Emergency","Chronic Illness","2026/03/06 03:00:02 PM","Rahim Yar Khan"
"271897","Sheeza Barkat","MR-5331","EMDS Call","Medical Emergency","Vertigo/ Dizziness","2026/03/06 03:05:29 PM","Rahim Yar Khan"
"271898","Nida Rahat","DR-1322","EMDS Call","Fire","Others","2026/03/06 03:07:48 PM","Rahim Yar Khan"
"76831","Saima Bashir","MR-5819","Direct Call","Patient Transfer Service","N/A","2026/03/06 03:09:27 PM","Sadiqabad"
"76832","Sheeza Barkat","MR-5331","Direct Call","Patient Transfer Service","N/A","2026/03/06 03:18:43 PM","Sadiqabad"
"76833","Sheeza Barkat","MR-5331","Direct Call","Patient Transfer Service","N/A","2026/03/06 03:32:31 PM","Sadiqabad"
"271899","Sheeza Barkat","MR-5331","EMDS Call","Medical Emergency","SOB/ Respiratory Distress","2026/03/06 03:38:43 PM","Sadiqabad"
"271902","Saima Bashir","MR-5819","EMDS Call","Medical Emergency","Vomiting","2026/03/06 03:39:10 PM","Sadiqabad"
"Not Assigned","Nida Rahat","DR-1322","EMDS Call","Medical Emergency","SOB/ Respiratory Distress","2026/03/06 03:40:40 PM","Sadiqabad"
"271901","Saima Bashir","MR-5819","EMDS Call","Medical Emergency","Hypertension","2026/03/06 03:44:28 PM","Rahim Yar Khan"
"271903","Saima Bashir","MR-5819","EMDS Call","Medical Emergency","Abdominal Pain","2026/03/06 03:47:54 PM","Rahim Yar Khan"
"271904","Nida Rahat","DR-1322","EMDS Call","Medical Emergency","SOB/ Respiratory Distress","2026/03/06 03:48:40 PM","Rahim Yar Khan"
"271905","Saima Bashir","MR-5819","EMDS Call","Medical Emergency","Hypertension","2026/03/06 03:52:23 PM","Liaqatpur"
"76834","Nida Rahat","DR-1322","Direct Call","Patient Transfer Service","N/A","2026/03/06 03:58:23 PM","Liaqatpur"
"271906","Nida Rahat","DR-1322","Direct Call","Medical Emergency","Epilepsy","2026/03/06 03:59:07 PM","Rahim Yar Khan"
"Not Assigned","Saima Bashir","MR-5819","EMDS Call","Fire","LPG Cylinder Blast","2026/03/06 04:06:18 PM","Rahim Yar Khan"
"271908","Zia ul Haq","DR-328","EMDS Call","Medical Emergency","Unconscious","2026/03/06 04:30:08 PM","Sadiqabad"
"271909","Aasia Batool","MR-5198","EMDS Call","Medical Emergency","Epilepsy","2026/03/06 04:30:29 PM","Sadiqabad"
"271910","Sheeza Barkat","MR-5331","EMDS Call","Rescue Operations","Animal/Bird Rescue","2026/03/06 04:32:02 PM","Khanpur"
"76835","Sheeza Barkat","MR-5331","Direct Call","Patient Transfer Service","N/A","2026/03/06 04:39:26 PM","Sadiqabad"
"76836","Sheeza Barkat","MR-5331","Direct Call","Patient Transfer Service","N/A","2026/03/06 04:47:03 PM","Sadiqabad"
"271911","Aasia Batool","MR-5198","EMDS Call","Medical Emergency","Hypertension","2026/03/06 04:49:28 PM","Rahim Yar Khan"
"271913","Nida Rahat","DR-1322","EMDS Call","Road Crash","Multiple Fractures","2026/03/06 04:56:26 PM","Rahim Yar Khan"
"271912","Aasia Batool","MR-5198","EMDS Call","Medical Emergency","Diabetic","2026/03/06 04:58:05 PM","Rahim Yar Khan"
"271914","Sheeza Barkat","MR-5331","EMDS Call","Road Crash","Minor Injuries","2026/03/06 05:04:32 PM","Sadiqabad"
"76837","Sheeza Barkat","MR-5331","Direct Call","Patient Transfer Service","N/A","2026/03/06 05:09:12 PM","Sadiqabad"
"271915","Nida Rahat","DR-1322","EMDS Call","Medical Emergency","Renal Disorders / Renal Colic ","2026/03/06 05:11:47 PM","Khanpur"
"271916","Sheeza Barkat","MR-5331","EMDS Call","Medical Emergency","Abdominal Pain","2026/03/06 05:15:12 PM","Khanpur"
"271917","Aasia Batool","MR-5198","EMDS Call","Medical Emergency","Anxiety / Psychiatric Disorder","2026/03/06 05:21:27 PM","Rahim Yar Khan"
"271918","Sheeza Barkat","MR-5331","EMDS Call","Road Crash","Bleeding","2026/03/06 05:31:40 PM","Rahim Yar Khan"
"271918","Sheeza Barkat","MR-5331","EMDS Call","Road Crash","Bleeding","2026/03/06 05:31:40 PM","Rahim Yar Khan"
"271919","Aasia Batool","MR-5198","EMDS Call","Medical Emergency","Gynae Problem","2026/03/06 05:31:59 PM","Khanpur"
"271920","Sheeza Barkat","MR-5331","EMDS Call","Medical Emergency","Headache","2026/03/06 05:34:37 PM","Rahim Yar Khan"
"271921","Sheeza Barkat","MR-5331","EMDS Call","Rescue Operations","Delivery Case","2026/03/06 05:44:05 PM","Rahim Yar Khan"
"271922","Nida Rahat","DR-1322","EMDS Call","Road Crash","Bleeding","2026/03/06 05:49:59 PM","Sadiqabad"
"76838","Nida Rahat","DR-1322","Direct Call","Patient Transfer Service","N/A","2026/03/06 05:57:51 PM","Khanpur"
"271923","Sheeza Barkat","MR-5331","EMDS Call","Medical Emergency","SOB/ Respiratory Distress","2026/03/06 05:59:46 PM","Rahim Yar Khan"
"271924","Nida Rahat","DR-1322","EMDS Call","Medical Emergency","Unconscious","2026/03/06 06:03:36 PM","Khanpur"
"271925","Aasia Batool","MR-5198","Direct Call","Medical Emergency","Vomiting","2026/03/06 06:04:03 PM","Rahim Yar Khan"
"271926","Sheeza Barkat","MR-5331","EMDS Call","Rescue Operations","Delivery Case","2026/03/06 06:08:30 PM","Liaqatpur"
"271928","Aasia Batool","MR-5198","EMDS Call","Road Crash","Bleeding","2026/03/06 06:30:57 PM","Rahim Yar Khan"
"271927","Nida Rahat","DR-1322","EMDS Call","Medical Emergency","Vomiting","2026/03/06 06:31:22 PM","Liaqatpur"
"271930","Sheeza Barkat","MR-5331","EMDS Call","Fire","Others","2026/03/06 06:50:55 PM","Sadiqabad"
"271929","Zia ul Haq","DR-328","EMDS Call","Medical Emergency","Vomiting","2026/03/06 06:51:02 PM","Sadiqabad"
"271931","Aasia Batool","MR-5198","EMDS Call","Medical Emergency","Vomiting","2026/03/06 06:52:26 PM","Rahim Yar Khan"
"271932","Sheeza Barkat","MR-5331","EMDS Call","Medical Emergency","Anxiety / Psychiatric Disorder","2026/03/06 07:00:28 PM","Rahim Yar Khan"
"271933","Zia ul Haq","DR-328","EMDS Call","Fire","Others","2026/03/06 06:58:18 PM","Sadiqabad"
"76839","Sheeza Barkat","MR-5331","Direct Call","Patient Transfer Service","N/A","2026/03/06 07:04:45 PM","Khanpur"
"271934","Zia ul Haq","DR-328","EMDS Call","Medical Emergency","Joints Pain","2026/03/06 07:05:20 PM","Rahim Yar Khan"
"271935","Sheeza Barkat","MR-5331","EMDS Call","Medical Emergency","SOB/ Respiratory Distress","2026/03/06 07:08:23 PM","Khanpur"
"271936","Aasia Batool","MR-5198","EMDS Call","Road Crash","Multiple Fractures","2026/03/06 07:11:19 PM","Sadiqabad"
"271937","Aasia Batool","MR-5198","EMDS Call","Medical Emergency","Hypertension","2026/03/06 07:19:43 PM","Rahim Yar Khan"
"271938","Sheeza Barkat","MR-5331","EMDS Call","Road Crash","Bleeding","2026/03/06 07:26:29 PM","Sadiqabad"
"271939","Aasia Batool","MR-5198","Direct Call","Medical Emergency","Domestic Injuries","2026/03/06 07:36:25 PM","Rahim Yar Khan"
"271940","Sheeza Barkat","MR-5331","EMDS Call","Medical Emergency","Vomiting","2026/03/06 07:37:49 PM","Sadiqabad"
"271941","Nida Rahat","DR-1322","EMDS Call","Crime","Probable Suicide","2026/03/06 07:39:34 PM","Rahim Yar Khan"
"271942","Aasia Batool","MR-5198","EMDS Call","Medical Emergency","Anxiety / Psychiatric Disorder","2026/03/06 07:41:16 PM","Rahim Yar Khan"
"271943","Sheeza Barkat","MR-5331","Direct Call","Medical Emergency","SOB/ Respiratory Distress","2026/03/06 07:47:04 PM","Sadiqabad"
"271944","Nida Rahat","DR-1322","EMDS Call","Medical Emergency","Vomiting","2026/03/06 07:49:24 PM","Rahim Yar Khan"
"271945","Sheeza Barkat","MR-5331","EMDS Call","Medical Emergency","Abdominal Pain","2026/03/06 07:50:17 PM","Khanpur"
"271946","Aasia Batool","MR-5198","EMDS Call","Medical Emergency","Abdominal Pain","2026/03/06 08:01:01 PM","Sadiqabad"
"271947","Nida Rahat","DR-1322","EMDS Call","Road Crash","Severe Trauma","2026/03/06 08:11:26 PM","Rahim Yar Khan"
"271948","Nida Rahat","DR-1322","EMDS Call","Medical Emergency","Vertigo/ Dizziness","2026/03/06 08:14:28 PM","Rahim Yar Khan"
"271949","Zia ul Haq","DR-328","EMDS Call","Medical Emergency","Vomiting","2026/03/06 08:15:13 PM","Sadiqabad"
"271950","Aasia Batool","MR-5198","EMDS Call","Medical Emergency","Vomiting","2026/03/06 08:44:09 PM","Khanpur"
"271951","Zupasha Zia","MR-5758","EMDS Call","Medical Emergency","Vomiting","2026/03/06 08:51:07 PM","Rahim Yar Khan"
"271952","Muhammad Riaz","DR-654","EMDS Call","Rescue Operations","Others","2026/03/06 08:57:19 PM","Rahim Yar Khan"
"76840","Bushra Saleem","MR-5701","Direct Call","Patient Transfer Service","N/A","2026/03/06 09:16:24 PM","Khanpur"
"271953","Bushra Saleem","MR-5701","EMDS Call","Medical Emergency","Joints Pain","2026/03/06 09:20:41 PM","Rahim Yar Khan"
"271954","Zupasha Zia","MR-5758","EMDS Call","Medical Emergency","SOB/ Respiratory Distress","2026/03/06 09:22:24 PM","Rahim Yar Khan"
"Not Assigned","Zupasha Zia","MR-5758","Direct Call","Mock Exercise","Mock","2026/03/06 09:25:09 PM","Sadiqabad"
"271955","Bushra Saleem","MR-5701","EMDS Call","Medical Emergency","Vomiting","2026/03/06 09:27:35 PM","Sadiqabad"
"271956","Zupasha Zia","MR-5758","EMDS Call","Medical Emergency","Hypertension","2026/03/06 09:34:23 PM","Sadiqabad"
"271957","Muhammad Riaz","DR-654","EMDS Call","Road Crash","Bleeding","2026/03/06 09:36:11 PM","Sadiqabad"
"271958","Muhammad Tariq Hameed","DR-885","EMDS Call","Rescue Operations","Delivery Case","2026/03/06 09:32:31 PM","Liaqatpur"
"271959","Muhammad Tariq Hameed","DR-885","EMDS Call","Rescue Operations","Delivery Case","2026/03/06 09:42:43 PM","Sadiqabad"
"271960","Muhammad Tariq Hameed","DR-885","EMDS Call","Medical Emergency","Hypertension","2026/03/06 10:23:04 PM","Rahim Yar Khan"
"271961","Muhammad Riaz","DR-654","EMDS Call","Medical Emergency","Joints Pain","2026/03/06 10:25:15 PM","Rahim Yar Khan"
"271962","Zupasha Zia","MR-5758","EMDS Call","Medical Emergency","Hypertension","2026/03/06 10:25:57 PM","Sadiqabad"
"271963","Muhammad Riaz","DR-654","EMDS Call","Medical Emergency","Joints Pain","2026/03/06 10:27:28 PM","Rahim Yar Khan"
"271964","Muhammad Tariq Hameed","DR-885","EMDS Call","Medical Emergency","Abdominal Pain","2026/03/06 10:26:46 PM","Rahim Yar Khan"
"76841","Zupasha Zia","MR-5758","Direct Call","Patient Transfer Service","N/A","2026/03/06 10:29:25 PM","Liaqatpur"
"271965","Muhammad Tariq Hameed","DR-885","EMDS Call","Medical Emergency","Hypertension","2026/03/06 10:31:17 PM","Rahim Yar Khan"
"271966","Muhammad Riaz","DR-654","EMDS Call","Medical Emergency","Abdominal Pain","2026/03/06 10:32:50 PM","Sadiqabad"
"271967","Muhammad Riaz","DR-654","EMDS Call","Medical Emergency","Anxiety / Psychiatric Disorder","2026/03/06 10:36:03 PM","Sadiqabad"
"271968","Muhammad Tariq Hameed","DR-885","EMDS Call","Medical Emergency","Abdominal Pain","2026/03/06 10:35:59 PM","Rahim Yar Khan"
"271969","Zupasha Zia","MR-5758","EMDS Call","Road Crash","Minor Injuries","2026/03/06 10:35:37 PM","Liaqatpur"
"271970","Muhammad Tariq Hameed","DR-885","EMDS Call","Road Crash","Severe Trauma","2026/03/06 10:40:49 PM","Rahim Yar Khan"
"76842","Muhammad Riaz","DR-654","Direct Call","Patient Transfer Service","N/A","2026/03/06 10:42:58 PM","Liaqatpur"
"76843","Muhammad Riaz","DR-654","Direct Call","Patient Transfer Service","N/A","2026/03/06 10:50:55 PM","Liaqatpur"
"76844","Zupasha Zia","MR-5758","Direct Call","Patient Transfer Service","N/A","2026/03/06 10:53:07 PM","Khanpur"
"271971","Muhammad Riaz","DR-654","EMDS Call","Medical Emergency","Chest Pain","2026/03/06 10:56:24 PM","Khanpur"
"271972","Zupasha Zia","MR-5758","EMDS Call","Medical Emergency","Abdominal Pain","2026/03/06 10:58:02 PM","Khanpur"
"76845","Zupasha Zia","MR-5758","Direct Call","Patient Transfer Service","N/A","2026/03/06 11:00:15 PM","Khanpur"
"271973","Muhammad Riaz","DR-654","EMDS Call","Medical Emergency","Vomiting","2026/03/06 10:58:57 PM","Rahim Yar Khan"
"76846","Zupasha Zia","MR-5758","Direct Call","Patient Transfer Service","N/A","2026/03/06 11:05:16 PM","Sadiqabad"
"271974","Muhammad Tariq Hameed","DR-885","EMDS Call","Medical Emergency","Hypertension","2026/03/06 11:05:36 PM","Rahim Yar Khan"
"271975","Muhammad Tariq Hameed","DR-885","Direct Call","Medical Emergency","Abdominal Pain","2026/03/06 11:16:26 PM","Rahim Yar Khan"
"271976","Muhammad Tariq Hameed","DR-885","EMDS Call","Medical Emergency","Chest Pain","2026/03/06 11:19:28 PM","Rahim Yar Khan"
"271977","Muhammad Tariq Hameed","DR-885","EMDS Call","Road Crash","Minor Injuries","2026/03/06 11:34:11 PM","Sadiqabad"
"271978","Muhammad Riaz","DR-654","EMDS Call","Rescue Operations","Delivery Case","2026/03/06 11:47:40 PM","Rahim Yar Khan"
"271979","Zupasha Zia","MR-5758","EMDS Call","Medical Emergency","Diarrhea","2026/03/06 11:52:40 PM","Liaqatpur"
"76847","Muhammad Tariq Hameed","DR-885","Direct Call","Patient Transfer Service","N/A","2026/03/07 12:14:26 AM","Sadiqabad"
"271980","Muhammad Riaz","DR-654","EMDS Call","Medical Emergency","Abdominal Pain","2026/03/07 12:20:22 AM","Rahim Yar Khan"
"271981","Zupasha Zia","MR-5758","EMDS Call","Medical Emergency","Headache","2026/03/07 12:22:23 AM","Rahim Yar Khan"
"271982","Muhammad Riaz","DR-654","Direct Call","Rescue Operations","Vehicle Extrication","2026/03/07 12:32:11 AM","Rahim Yar Khan"
"271983","Muhammad Tariq Hameed","DR-885","EMDS Call","Medical Emergency","Unconscious","2026/03/07 12:57:42 AM","Rahim Yar Khan"
"271984","Zupasha Zia","MR-5758","EMDS Call","Medical Emergency","Hypertension","2026/03/07 01:09:05 AM","Rahim Yar Khan"
"271985","Muhammad Riaz","DR-654","EMDS Call","Medical Emergency","Unconscious","2026/03/07 01:16:33 AM","Rahim Yar Khan"
"271986","Muhammad Tariq Hameed","DR-885","EMDS Call","Medical Emergency","Joints Pain","2026/03/07 01:37:16 AM","Sadiqabad"
"76848","Zupasha Zia","MR-5758","Direct Call","Patient Transfer Service","N/A","2026/03/07 01:50:24 AM","Khanpur"
"271987","Zupasha Zia","MR-5758","EMDS Call","Medical Emergency","Chronic Illness","2026/03/07 01:54:11 AM","Rahim Yar Khan"
"76849","Zupasha Zia","MR-5758","Direct Call","Patient Transfer Service","N/A","2026/03/07 02:08:52 AM","Sadiqabad"
"271988","Muhammad Tariq Hameed","DR-885","EMDS Call","Medical Emergency","Urinary Retention","2026/03/07 02:44:54 AM","Rahim Yar Khan"
"271989","Bushra Saleem","MR-5701","EMDS Call","Medical Emergency","High Fever","2026/03/07 03:37:58 AM","Sadiqabad"
"271990","Rana M. Usman","DR-200","EMDS Call","Medical Emergency","Hypertension","2026/03/07 03:54:57 AM","Rahim Yar Khan"
"76850","Bushra Saleem","MR-5701","Direct Call","Patient Transfer Service","N/A","2026/03/07 04:10:35 AM","Sadiqabad"
"271991","Rana M. Usman","DR-200","EMDS Call","Medical Emergency","Joints Pain","2026/03/07 04:22:17 AM","Sadiqabad"
"271992","Bushra Saleem","MR-5701","EMDS Call","Medical Emergency","Vomiting","2026/03/07 04:40:40 AM","Rahim Yar Khan"
"271993","Muhammad Tariq Hameed","DR-885","EMDS Call","Medical Emergency","Vomiting","2026/03/07 04:42:10 AM","Rahim Yar Khan"
"271994","Bushra Saleem","MR-5701","EMDS Call","Medical Emergency","Domestic Injuries","2026/03/07 04:46:03 AM","Rahim Yar Khan"
"271995","Shahid Jamil","DR-184","EMDS Call","Medical Emergency","Unconscious","2026/03/07 05:14:00 AM","Rahim Yar Khan"
"271996","Bushra Saleem","MR-5701","EMDS Call","Rescue Operations","Delivery Case","2026/03/07 05:17:50 AM","Sadiqabad"
"271997","Shahid Jamil","DR-184","EMDS Call","Medical Emergency","Hypertension","2026/03/07 05:44:37 AM","Rahim Yar Khan"
"Not Assigned","Shahid Jamil","DR-184","EMDS Call","Road Crash","Minor Injuries","2026/03/07 05:55:52 AM","Rahim Yar Khan"
"271999","Rana M. Usman","DR-200","EMDS Call","Medical Emergency","SOB/ Respiratory Distress","2026/03/07 05:56:37 AM","Rahim Yar Khan"
"76851","Rana M. Usman","DR-200","Direct Call","Patient Transfer Service","N/A","2026/03/07 06:12:23 AM","Sadiqabad"
"272000","Shahid Jamil","DR-184","EMDS Call","Rescue Operations","Delivery Case","2026/03/07 06:19:41 AM","Rahim Yar Khan"
"272001","Rana M. Usman","DR-200","EMDS Call","Medical Emergency","SOB/ Respiratory Distress","2026/03/07 06:28:06 AM","Sadiqabad"
"272002","Rana M. Usman","DR-200","Direct Call","Medical Emergency","Abdominal Pain","2026/03/07 06:35:27 AM","Rahim Yar Khan"
"272003","Shahid Jamil","DR-184","EMDS Call","Medical Emergency","Renal Disorders / Renal Colic ","2026/03/07 06:39:16 AM","Rahim Yar Khan"
"272004","Rana M. Usman","DR-200","EMDS Call","Medical Emergency","Hypertension","2026/03/07 07:00:29 AM","Rahim Yar Khan"
"272005","Bushra Saleem","MR-5701","EMDS Call","Medical Emergency","Diabetic","2026/03/07 07:20:56 AM","Rahim Yar Khan"
"272006","Zupasha Zia","MR-5758","Direct Call","Medical Emergency","Epilepsy","2026/03/07 07:24:42 AM","Rahim Yar Khan"
"272007","Rana M. Usman","DR-200","EMDS Call","Medical Emergency","SOB/ Respiratory Distress","2026/03/07 07:31:37 AM","Rahim Yar Khan"
"272008","Shahla Nawaz","DR-185","EMDS Call","Medical Emergency","High Fever","2026/03/07 07:51:15 AM","Rahim Yar Khan"
"272009","Rana M. Usman","DR-200","EMDS Call","Medical Emergency","Vomiting","2026/03/07 07:52:00 AM","Liaqatpur"
"272010","Shahla Nawaz","DR-185","EMDS Call","Medical Emergency","Abdominal Pain","2026/03/07 07:53:20 AM","Rahim Yar Khan"
"272011","Farah Sadaqat","MR-5930","Direct Call","Rescue Operations","Mass Event Coverage","2026/03/07 08:05:33 AM","Rahim Yar Khan"
"272012","Farah Sadaqat","MR-5930","EMDS Call","Road Crash","Minor Injuries","2026/03/07 08:20:00 AM","Rahim Yar Khan"
"272013","Nida Rahat","DR-1322","EMDS Call","Road Crash","Bleeding","2026/03/07 08:21:32 AM","Rahim Yar Khan"
"272014","Farah Sadaqat","MR-5930","EMDS Call","Road Crash","Bleeding","2026/03/07 08:24:50 AM","Sadiqabad"
"Not Assigned","Nida Rahat","DR-1322","EMDS Call","Road Crash","Bleeding","2026/03/07 08:32:20 AM","Sadiqabad"
"272015","Maheen Tahir","MR-6017","EMDS Call","Medical Emergency","Vomiting","2026/03/07 08:36:57 AM","Rahim Yar Khan"
"272016","Farah Sadaqat","MR-5930","EMDS Call","Rescue Operations","Delivery Case","2026/03/07 08:43:22 AM","Rahim Yar Khan"
"272017","Farah Sadaqat","MR-5930","EMDS Call","Medical Emergency","Diarrhea","2026/03/07 08:47:17 AM","Rahim Yar Khan"
"272018","Farah Sadaqat","MR-5930","EMDS Call","Medical Emergency","Epilepsy","2026/03/07 08:52:56 AM","Sadiqabad"
"272019","Farah Sadaqat","MR-5930","Direct Call","Medical Emergency","Vomiting","2026/03/07 08:57:04 AM","Rahim Yar Khan"
"272020","Maheen Tahir","MR-6017","EMDS Call","Medical Emergency","Vomiting","2026/03/07 08:55:31 AM","Rahim Yar Khan"
"272021","Farah Sadaqat","MR-5930","EMDS Call","Crime","Physical Assault/Violence","2026/03/07 08:59:20 AM","Rahim Yar Khan"
"272022","Maheen Tahir","MR-6017","EMDS Call","Road Crash","Minor Injuries","2026/03/07 09:03:06 AM","Khanpur"
"76852","Maheen Tahir","MR-6017","Direct Call","Patient Transfer Service","N/A","2026/03/07 09:08:02 AM","Khanpur"
"76853","Maheen Tahir","MR-6017","Direct Call","Patient Transfer Service","N/A","2026/03/07 09:13:52 AM","Sadiqabad"
"272023","Nida Rahat","DR-1322","EMDS Call","Medical Emergency","High Fever","2026/03/07 09:12:43 AM","Liaqatpur"
"272024","Shahid Jamil","DR-184","EMDS Call","Medical Emergency","Domestic Injuries","2026/03/07 09:19:30 AM","Rahim Yar Khan"
"272025","Nida Rahat","DR-1322","EMDS Call","Medical Emergency","Hypotension","2026/03/07 09:23:19 AM","Liaqatpur"
"272026","Muhammad AAmar","DR-915","EMDS Call","Medical Emergency","Unconscious","2026/03/07 09:28:05 AM","Rahim Yar Khan"
"272028","Nida Rahat","DR-1322","EMDS Call","Medical Emergency","Chest Pain","2026/03/07 09:30:43 AM","Khanpur"
"272027","Shahid Jamil","DR-184","EMDS Call","Medical Emergency","Diabetic","2026/03/07 09:30:49 AM","Rahim Yar Khan"
"Not Assigned","Nida Rahat","DR-1322","Direct Call","Community","Community Training","2026/03/07 09:38:05 AM","Khanpur"
"272029","Muhammad AAmar","DR-915","EMDS Call","Road Crash","Minor Injuries","2026/03/07 09:47:55 AM","Rahim Yar Khan"
"272030","Nida Rahat","DR-1322","EMDS Call","Medical Emergency","Hypertension","2026/03/07 09:50:53 AM","Khanpur"
"76854","Yasir Ilyas","DR-893","Direct Call","Patient Transfer Service","N/A","2026/03/07 09:52:57 AM","Liaqatpur"
"272033","Muhammad Arshad","DR-198","EMDS Call","Medical Emergency","Hypertension","2026/03/07 09:54:55 AM","Rahim Yar Khan"
"272031","Muhammad AAmar","DR-915","EMDS Call","Medical Emergency","SOB/ Respiratory Distress","2026/03/07 09:57:15 AM","Rahim Yar Khan"
"272032","Shahid Jamil","DR-184","EMDS Call","Medical Emergency","Chest Pain","2026/03/07 10:00:22 AM","Khanpur"
"272034","Nida Rahat","DR-1322","EMDS Call","Medical Emergency","Joints Pain","2026/03/07 10:04:50 AM","Sadiqabad"
"76855","Nida Rahat","DR-1322","Direct Call","Patient Transfer Service","N/A","2026/03/07 10:07:49 AM","Khanpur"
"76856","Muhammad Arshad","DR-198","Direct Call","Patient Transfer Service","N/A","2026/03/07 10:09:04 AM","Rahim Yar Khan"
"76857","Yasir Ilyas","DR-893","Direct Call","Patient Transfer Service","N/A","2026/03/07 10:15:45 AM","Liaqatpur"
"272035","Muhammad Arshad","DR-198","Direct Call","Medical Emergency","SOB/ Respiratory Distress","2026/03/07 10:15:21 AM","Sadiqabad"
"272036","Yasir Ilyas","DR-893","EMDS Call","Medical Emergency","Unconscious","2026/03/07 10:16:57 AM","Sadiqabad"
"272037","Muhammad Arshad","DR-198","EMDS Call","Medical Emergency","SOB/ Respiratory Distress","2026/03/07 10:20:08 AM","Sadiqabad"
"272038","Muhammad AAmar","DR-915","EMDS Call","Road Crash","Severe Trauma","2026/03/07 10:21:56 AM","Rahim Yar Khan"
"272038","Muhammad AAmar","DR-915","EMDS Call","Road Crash","Severe Trauma","2026/03/07 10:21:56 AM","Rahim Yar Khan"
"272038","Muhammad AAmar","DR-915","EMDS Call","Road Crash","Severe Trauma","2026/03/07 10:21:56 AM","Rahim Yar Khan"
"272039","Muhammad Arshad","DR-198","EMDS Call","Medical Emergency","Vertigo/ Dizziness","2026/03/07 10:28:50 AM","Rahim Yar Khan"
"272040","Muhammad AAmar","DR-915","EMDS Call","Medical Emergency","High Fever","2026/03/07 10:30:49 AM","Liaqatpur"
"272041","Muhammad AAmar","DR-915","EMDS Call","Road Crash","Severe Trauma","2026/03/07 10:37:47 AM","Rahim Yar Khan"
"272042","Nida Rahat","DR-1322","EMDS Call","Medical Emergency","Abdominal Pain","2026/03/07 10:44:04 AM","Liaqatpur"
"272043","Muhammad AAmar","DR-915","EMDS Call","Medical Emergency","Chest Pain","2026/03/07 11:03:16 AM","Rahim Yar Khan"
"272044","Nida Rahat","DR-1322","Direct Call","Medical Emergency","Anxiety / Psychiatric Disorder","2026/03/07 11:06:24 AM","Rahim Yar Khan"
"272045","Muhammad Arshad","DR-198","EMDS Call","Medical Emergency","Chest Pain","2026/03/07 11:07:07 AM","Liaqatpur"
"76858","Nida Rahat","DR-1322","Direct Call","Patient Transfer Service","N/A","2026/03/07 11:10:34 AM","Sadiqabad"
"272047","Nida Rahat","DR-1322","EMDS Call","Rescue Operations","Animal/Bird Rescue","2026/03/07 11:11:14 AM","Rahim Yar Khan"
"272046","Yasir Ilyas","DR-893","EMDS Call","Medical Emergency","Headache","2026/03/07 11:10:42 AM","Rahim Yar Khan"
"272048","Muhammad Arshad","DR-198","EMDS Call","Medical Emergency","High Fever","2026/03/07 11:17:56 AM","Khanpur"
"272049","Yasir Ilyas","DR-893","EMDS Call","Medical Emergency","Chronic Illness","2026/03/07 11:26:45 AM","Rahim Yar Khan"
"272050","Nida Rahat","DR-1322","EMDS Call","Fall","Slipped On Floor","2026/03/07 11:29:14 AM","Rahim Yar Khan"
"272051","Muhammad Arshad","DR-198","EMDS Call","Medical Emergency","Abdominal Pain","2026/03/07 11:39:51 AM","Khanpur"
"272052","Nida Rahat","DR-1322","EMDS Call","Medical Emergency","SOB/ Respiratory Distress","2026/03/07 11:42:53 AM","Rahim Yar Khan"
"272053","Muhammad Arshad","DR-198","EMDS Call","Road Crash","Bleeding","2026/03/07 11:46:24 AM","Rahim Yar Khan"
"272054","Nida Rahat","DR-1322","EMDS Call","Medical Emergency","Chronic Illness","2026/03/07 11:55:27 AM","Khanpur"
"272055","Yasir Ilyas","DR-893","EMDS Call","Medical Emergency","Epilepsy","2026/03/07 12:08:00 PM","Sadiqabad"
"272056","Farah Sadaqat","MR-5930","Direct Call","Medical Emergency","SOB/ Respiratory Distress","2026/03/07 12:13:51 PM","Rahim Yar Khan"
"272057","Farah Sadaqat","MR-5930","EMDS Call","Medical Emergency","Anxiety / Psychiatric Disorder","2026/03/07 12:14:32 PM","Sadiqabad"
"272058","Maheen Tahir","MR-6017","EMDS Call","Medical Emergency","Vomiting","2026/03/07 12:14:40 PM","Khanpur"
"272059","Yasir Ilyas","DR-893","Direct Call","Medical Emergency","Joints Pain","2026/03/07 12:17:19 PM","Khanpur"
"272060","Farah Sadaqat","MR-5930","EMDS Call","Road Crash","Bleeding","2026/03/07 12:33:24 PM","Sadiqabad"
"272061","Farah Sadaqat","MR-5930","EMDS Call","Crime","Physical Assault/Violence","2026/03/07 12:49:39 PM","Sadiqabad"
"272061","Farah Sadaqat","MR-5930","EMDS Call","Crime","Physical Assault/Violence","2026/03/07 12:49:39 PM","Sadiqabad"
"272062","Shaheen Islam","DR-1171","EMDS Call","Rescue Operations","Delivery Case","2026/03/07 12:50:55 PM","Rahim Yar Khan"
"272063","Maheen Tahir","MR-6017","EMDS Call","Road Crash","Minor Injuries","2026/03/07 12:57:07 PM","Sadiqabad"
"272063","Maheen Tahir","MR-6017","EMDS Call","Road Crash","Minor Injuries","2026/03/07 12:57:07 PM","Sadiqabad"
"272064","Farah Sadaqat","MR-5930","EMDS Call","Medical Emergency","Anxiety / Psychiatric Disorder","2026/03/07 12:58:45 PM","Rahim Yar Khan"
"272065","Shaheen Islam","DR-1171","EMDS Call","Medical Emergency","Hypotension","2026/03/07 12:59:15 PM","Rahim Yar Khan"
"272066","Farah Sadaqat","MR-5930","EMDS Call","Road Crash","Bleeding","2026/03/07 01:08:07 PM","Sadiqabad"
"272067","Maheen Tahir","MR-6017","EMDS Call","Fall","Others","2026/03/07 01:10:07 PM","Rahim Yar Khan"
"272069","Shaheen Islam","DR-1171","EMDS Call","Medical Emergency","Vomiting","2026/03/07 01:11:14 PM","Sadiqabad"
"272068","Maheen Tahir","MR-6017","EMDS Call","Road Crash","Bleeding","2026/03/07 01:12:49 PM","Khanpur"
"272068","Maheen Tahir","MR-6017","EMDS Call","Road Crash","Bleeding","2026/03/07 01:12:49 PM","Khanpur"
"272068","Maheen Tahir","MR-6017","EMDS Call","Road Crash","Bleeding","2026/03/07 01:12:49 PM","Khanpur"
"272070","Farah Sadaqat","MR-5930","EMDS Call","Medical Emergency","Chronic Illness","2026/03/07 01:16:35 PM","Rahim Yar Khan"
"272071","Maheen Tahir","MR-6017","EMDS Call","Crime","Probable Suicide","2026/03/07 01:20:53 PM","Sadiqabad"
"272072","Farah Sadaqat","MR-5930","EMDS Call","Rescue Operations","Pet Dog","2026/03/07 01:25:00 PM","Sadiqabad"
"272073","Maheen Tahir","MR-6017","EMDS Call","Fire","Others","2026/03/07 01:30:06 PM","Sadiqabad"
"272074","Farah Sadaqat","MR-5930","EMDS Call","Rescue Operations","Electric Shock","2026/03/07 01:33:26 PM","Sadiqabad"
"272075","Shaheen Islam","DR-1171","EMDS Call","Fire","Others","2026/03/07 01:40:56 PM","Liaqatpur"
"272076","Shaheen Islam","DR-1171","EMDS Call","Road Crash","Minor Injuries","2026/03/07 01:46:29 PM","Sadiqabad"
"272077","Farah Sadaqat","MR-5930","EMDS Call","Road Crash","Bleeding","2026/03/07 01:54:34 PM","Rahim Yar Khan"
"272078","Muhammad Abid","DR-874","EMDS Call","Medical Emergency","Backache","2026/03/07 02:06:00 PM","Rahim Yar Khan"
"272079","Muhammad Abid","DR-874","EMDS Call","Medical Emergency","Joints Pain","2026/03/07 02:08:38 PM","Rahim Yar Khan"
"272080","Sheeza Barkat","MR-5331","EMDS Call","Medical Emergency","SOB/ Respiratory Distress","2026/03/07 02:11:08 PM","Liaqatpur"
"272081","Muhammad Abid","DR-874","EMDS Call","Medical Emergency","Abdominal Pain","2026/03/07 02:11:48 PM","Liaqatpur"
"76859","Saira Bibi","MR-5494","Direct Call","Patient Transfer Service","N/A","2026/03/07 02:15:31 PM","Khanpur"
"272082","Muhammad Abid","DR-874","EMDS Call","Road Crash","Severe Trauma","2026/03/07 02:16:34 PM","Sadiqabad"
"272082","Muhammad Abid","DR-874","EMDS Call","Road Crash","Severe Trauma","2026/03/07 02:16:34 PM","Sadiqabad"
"76860","Saira Bibi","MR-5494","Direct Call","Patient Transfer Service","N/A","2026/03/07 02:17:50 PM","Khanpur"
"272083","Muhammad Abid","DR-874","EMDS Call","Medical Emergency","Domestic Injuries","2026/03/07 02:26:29 PM","Rahim Yar Khan"
"272084","Saima Bashir","MR-5819","EMDS Call","Medical Emergency","Diabetic","2026/03/07 02:35:30 PM","Rahim Yar Khan"
"272085","Saira Bibi","MR-5494","EMDS Call","Medical Emergency","Vomiting","2026/03/07 02:46:47 PM","Khanpur"
"272086","Muhammad Abid","DR-874","EMDS Call","Rescue Operations","Delivery Case","2026/03/07 02:51:39 PM","Sadiqabad"
"76861","Saira Bibi","MR-5494","Direct Call","Patient Transfer Service","N/A","2026/03/07 03:01:03 PM","Khanpur"
"76862","Saira Bibi","MR-5494","Direct Call","Patient Transfer Service","N/A","2026/03/07 03:03:53 PM","Khanpur"
"272087","Saima Bashir","MR-5819","EMDS Call","Medical Emergency","Vomiting","2026/03/07 03:03:39 PM","Rahim Yar Khan"
"272088","Sheeza Barkat","MR-5331","EMDS Call","Road Crash","Minor Injuries","2026/03/07 03:11:45 PM","Sadiqabad"
"76863","Sheeza Barkat","MR-5331","Direct Call","Patient Transfer Service","N/A","2026/03/07 03:25:59 PM","Sadiqabad"
"272089","Saira Bibi","MR-5494","EMDS Call","Road Crash","Bleeding","2026/03/07 03:25:49 PM","Rahim Yar Khan"
"272090","Fahad Hussain","DR-538","EMDS Call","Medical Emergency","Chest Pain","2026/03/07 03:30:19 PM","Khanpur"
"272091","Sheeza Barkat","MR-5331","EMDS Call","Medical Emergency","SOB/ Respiratory Distress","2026/03/07 03:33:31 PM","Khanpur"
"272092","Muhammad Abid","DR-874","EMDS Call","Rescue Operations","Animal/Bird Rescue","2026/03/07 03:33:53 PM","Khanpur"
"272093","Saira Bibi","MR-5494","EMDS Call","Medical Emergency","Anxiety / Psychiatric Disorder","2026/03/07 03:35:08 PM","Rahim Yar Khan"
"272094","Fahad Hussain","DR-538","EMDS Call","Road Crash","Bleeding","2026/03/07 03:45:20 PM","Liaqatpur"
"272095","Saima Bashir","MR-5819","EMDS Call","Road Crash","Bleeding","2026/03/07 03:56:08 PM","Rahim Yar Khan"
"272096","Sheeza Barkat","MR-5331","EMDS Call","Medical Emergency","High Fever","2026/03/07 04:00:40 PM","Rahim Yar Khan"
"272097","Saira Bibi","MR-5494","EMDS Call","Medical Emergency","Vertigo/ Dizziness","2026/03/07 04:11:36 PM","Sadiqabad"
"272098","Saima Bashir","MR-5819","EMDS Call","Medical Emergency","Anxiety / Psychiatric Disorder","2026/03/07 04:15:04 PM","Rahim Yar Khan"
"272099","Aasia Batool","MR-5198","EMDS Call","Medical Emergency","SOB/ Respiratory Distress","2026/03/07 04:17:36 PM","Khanpur"
"272100","Sheeza Barkat","MR-5331","EMDS Call","Medical Emergency","Others","2026/03/07 04:27:31 PM","Khanpur"
"272101","Aasia Batool","MR-5198","EMDS Call","Medical Emergency","Unconscious","2026/03/07 04:33:17 PM","Liaqatpur"
"272102","Sheeza Barkat","MR-5331","EMDS Call","Medical Emergency","Hypotension","2026/03/07 04:34:11 PM","Rahim Yar Khan"
"272103","Sheeza Barkat","MR-5331","EMDS Call","Medical Emergency","SOB/ Respiratory Distress","2026/03/07 04:46:51 PM","Rahim Yar Khan"
"272104","Aasia Batool","MR-5198","EMDS Call","Road Crash","Minor Injuries","2026/03/07 04:50:25 PM","Sadiqabad"
"272105","Saira Bibi","MR-5494","EMDS Call","Medical Emergency","Allergy","2026/03/07 04:55:10 PM","Rahim Yar Khan"
"272106","Saima Bashir","MR-5819","EMDS Call","Medical Emergency","Hypotension","2026/03/07 04:55:46 PM","Liaqatpur"
"76864","Sheeza Barkat","MR-5331","Direct Call","Patient Transfer Service","N/A","2026/03/07 04:57:22 PM","Sadiqabad"
"272107","Saima Bashir","MR-5819","EMDS Call","Road Crash","Bleeding","2026/03/07 05:05:23 PM","Liaqatpur"
"272108","Sheeza Barkat","MR-5331","EMDS Call","Medical Emergency","SOB/ Respiratory Distress","2026/03/07 05:08:22 PM","Rahim Yar Khan"
"272109","Sheeza Barkat","MR-5331","EMDS Call","Rescue Operations","Animal/Bird Rescue","2026/03/07 05:27:43 PM","Rahim Yar Khan"
"272110","Sheeza Barkat","MR-5331","EMDS Call","Road Crash","Bleeding","2026/03/07 05:34:50 PM","Rahim Yar Khan"
"272111","Saima Bashir","MR-5819","EMDS Call","Medical Emergency","Unconscious","2026/03/07 05:43:17 PM","Khanpur"
"272112","Saima Bashir","MR-5819","EMDS Call","Rescue Operations","Delivery Case","2026/03/07 05:56:19 PM","Rahim Yar Khan"
"272113","Sheeza Barkat","MR-5331","EMDS Call","Medical Emergency","Vomiting","2026/03/07 05:54:16 PM","Khanpur"
"272114","Saima Bashir","MR-5819","EMDS Call","Road Crash","Minor Injuries","2026/03/07 06:00:36 PM","Sadiqabad"
"272115","Saira Bibi","MR-5494","EMDS Call","Medical Emergency","Hypertension","2026/03/07 06:02:49 PM","Rahim Yar Khan"
"272116","Saira Bibi","MR-5494","EMDS Call","Medical Emergency","Hypertension","2026/03/07 06:11:31 PM","Rahim Yar Khan"
"272117","Saima Bashir","MR-5819","EMDS Call","Rescue Operations","Animal/Bird Rescue","2026/03/07 06:11:25 PM","Khanpur"
"272118","Aasia Batool","MR-5198","Direct Call","Medical Emergency","Vomiting","2026/03/07 06:14:45 PM","Rahim Yar Khan"
"272119","Saima Bashir","MR-5819","EMDS Call","Road Crash","Minor Injuries","2026/03/07 06:15:51 PM","Khanpur"
"272120","Saira Bibi","MR-5494","EMDS Call","Medical Emergency","Hypertension","2026/03/07 06:32:25 PM","Rahim Yar Khan"
"272121","Saira Bibi","MR-5494","EMDS Call","Rescue Operations","Delivery Case","2026/03/07 06:37:08 PM","Khanpur"
"272122","Saira Bibi","MR-5494","EMDS Call","Road Crash","Bleeding","2026/03/07 06:41:47 PM","Rahim Yar Khan"
"272123","Saima Bashir","MR-5819","EMDS Call","Medical Emergency","Hypertension","2026/03/07 06:46:09 PM","Rahim Yar Khan"
"272124","Saira Bibi","MR-5494","EMDS Call","Medical Emergency","Abdominal Pain","2026/03/07 06:50:03 PM","Rahim Yar Khan"
"272125","Sheeza Barkat","MR-5331","EMDS Call","Road Crash","Bleeding","2026/03/07 06:50:38 PM","Rahim Yar Khan"
"76865","Sheeza Barkat","MR-5331","Direct Call","Patient Transfer Service","N/A","2026/03/07 06:58:40 PM","Sadiqabad"
"272126","Aasia Batool","MR-5198","EMDS Call","Road Crash","Minor Injuries","2026/03/07 06:58:34 PM","Rahim Yar Khan"
"272127","Sheeza Barkat","MR-5331","EMDS Call","Medical Emergency","Vomiting","2026/03/07 07:03:33 PM","Rahim Yar Khan"
"272128","Saira Bibi","MR-5494","Direct Call","Medical Emergency","Headache","2026/03/07 07:06:50 PM","Rahim Yar Khan"
"272129","Sheeza Barkat","MR-5331","EMDS Call","Road Crash","Bleeding","2026/03/07 07:13:03 PM","Rahim Yar Khan"
"272130","Saira Bibi","MR-5494","EMDS Call","Medical Emergency","SOB/ Respiratory Distress","2026/03/07 07:21:43 PM","Liaqatpur"
"272131","Saira Bibi","MR-5494","EMDS Call","Road Crash","Severe Trauma","2026/03/07 07:25:54 PM","Khanpur"
"272131","Saira Bibi","MR-5494","EMDS Call","Road Crash","Severe Trauma","2026/03/07 07:25:54 PM","Khanpur"
"272132","Aasia Batool","MR-5198","EMDS Call","Medical Emergency","Anxiety / Psychiatric Disorder","2026/03/07 07:32:10 PM","Sadiqabad"
"272133","Aasia Batool","MR-5198","EMDS Call","Medical Emergency","Hypertension","2026/03/07 07:38:03 PM","Rahim Yar Khan"
"272134","Saira Bibi","MR-5494","EMDS Call","Road Crash","Minor Injuries","2026/03/07 07:42:33 PM","Rahim Yar Khan"
"76866","Saira Bibi","MR-5494","Direct Call","Patient Transfer Service","N/A","2026/03/07 07:45:47 PM","Rahim Yar Khan"
"272135","Sheeza Barkat","MR-5331","EMDS Call","Road Crash","Bleeding","2026/03/07 07:44:15 PM","Sadiqabad"
"272135","Sheeza Barkat","MR-5331","EMDS Call","Road Crash","Bleeding","2026/03/07 07:44:15 PM","Sadiqabad"
"272136","Aasia Batool","MR-5198","EMDS Call","Medical Emergency","Vomiting","2026/03/07 07:46:05 PM","Rahim Yar Khan"
"272137","Sheeza Barkat","MR-5331","EMDS Call","Fire","Short Circuit","2026/03/07 07:48:02 PM","Rahim Yar Khan"
"272138","Saira Bibi","MR-5494","EMDS Call","Medical Emergency","SOB/ Respiratory Distress","2026/03/07 07:53:34 PM","Rahim Yar Khan"
"272139","Aasia Batool","MR-5198","EMDS Call","Fire","Others","2026/03/07 07:54:20 PM","Khanpur"
"272140","Saira Bibi","MR-5494","Direct Call","Road Crash","Minor Injuries","2026/03/07 07:57:01 PM","Liaqatpur"
"272141","Saira Bibi","MR-5494","EMDS Call","Road Crash","Minor Injuries","2026/03/07 07:58:47 PM","Rahim Yar Khan"
"272142","Sheeza Barkat","MR-5331","EMDS Call","Medical Emergency","Abdominal Pain","2026/03/07 08:03:17 PM","Rahim Yar Khan"
"76867","Aasia Batool","MR-5198","Direct Call","Patient Transfer Service","N/A","2026/03/07 08:06:43 PM","Liaqatpur"
"272143","Aasia Batool","MR-5198","EMDS Call","Medical Emergency","SOB/ Respiratory Distress","2026/03/07 08:11:34 PM","Sadiqabad"
"76868","Sheeza Barkat","MR-5331","Direct Call","Patient Transfer Service","N/A","2026/03/07 08:15:31 PM","Khanpur"
"272144","Aasia Batool","MR-5198","EMDS Call","Medical Emergency","Vomiting","2026/03/07 08:21:06 PM","Khanpur"
"272145","Sheeza Barkat","MR-5331","EMDS Call","Rescue Operations","Others","2026/03/07 08:31:06 PM","Khanpur"
"272146","Saima Bashir","MR-5819","EMDS Call","Medical Emergency","Chronic Illness","2026/03/07 08:46:16 PM","Khanpur"
"272147","Saima Bashir","MR-5819","EMDS Call","Medical Emergency","Joints Pain","2026/03/07 08:57:30 PM","Rahim Yar Khan"
"272148","Bushra Saleem","MR-5701","EMDS Call","Medical Emergency","Anxiety / Psychiatric Disorder","2026/03/07 09:18:13 PM","Rahim Yar Khan"
"272149","Zahid Manzoor","DR-887","EMDS Call","Medical Emergency","Urinary Retention","2026/03/07 09:30:07 PM","Rahim Yar Khan"
"272150","Zahid Manzoor","DR-887","EMDS Call","Medical Emergency","Backache","2026/03/07 09:33:53 PM","Khanpur"
"272151","Zupasha Zia","MR-5758","EMDS Call","Medical Emergency","Epilepsy","2026/03/07 09:35:13 PM","Liaqatpur"
"272152","Zahid Manzoor","DR-887","EMDS Call","Rescue Operations","Snake Emergency","2026/03/07 09:38:02 PM","Khanpur"
"76869","Bushra Saleem","MR-5701","Direct Call","Patient Transfer Service","N/A","2026/03/07 09:42:49 PM","Sadiqabad"
"272154","Bushra Saleem","MR-5701","EMDS Call","Rescue Operations","Pet Dog","2026/03/07 09:45:15 PM","Liaqatpur"
"Not Assigned","Zupasha Zia","MR-5758","EMDS Call","Medical Emergency","Others","2026/03/07 09:48:48 PM","Rahim Yar Khan"
"272155","Zahid Manzoor","DR-887","EMDS Call","Rescue Operations","Delivery Case","2026/03/07 09:49:29 PM","Sadiqabad"
"272156","Bushra Saleem","MR-5701","EMDS Call","Road Crash","Minor Injuries","2026/03/07 09:49:34 PM","Rahim Yar Khan"
"272157","Bushra Saleem","MR-5701","EMDS Call","Medical Emergency","Hypertension","2026/03/07 09:53:31 PM","Rahim Yar Khan"
"272158","Zahid Manzoor","DR-887","EMDS Call","Medical Emergency","Chronic Illness","2026/03/07 09:54:23 PM","Rahim Yar Khan"
"76870","Bushra Saleem","MR-5701","Direct Call","Patient Transfer Service","N/A","2026/03/07 10:01:44 PM","Sadiqabad"
"272159","Bushra Saleem","MR-5701","EMDS Call","Medical Emergency","Hypotension","2026/03/07 10:09:03 PM","Rahim Yar Khan"
"272160","Bushra Saleem","MR-5701","Direct Call","Medical Emergency","Joints Pain","2026/03/07 10:16:08 PM","Rahim Yar Khan"
"272163","Zupasha Zia","MR-5758","EMDS Call","Medical Emergency","Renal Disorders / Renal Colic ","2026/03/07 10:19:26 PM","Rahim Yar Khan"
"272161","Zahid Manzoor","DR-887","EMDS Call","Medical Emergency","SOB/ Respiratory Distress","2026/03/07 10:22:27 PM","Rahim Yar Khan"
"272162","Zupasha Zia","MR-5758","EMDS Call","Road Crash","Bleeding","2026/03/07 10:25:19 PM","Rahim Yar Khan"
"272164","Zupasha Zia","MR-5758","EMDS Call","Rescue Operations","Vehicle Extrication","2026/03/07 10:35:21 PM","Rahim Yar Khan"
"76871","Zupasha Zia","MR-5758","Direct Call","Patient Transfer Service","N/A","2026/03/07 10:54:07 PM","Sadiqabad"
"272165","Zupasha Zia","MR-5758","EMDS Call","Medical Emergency","Unconscious","2026/03/07 10:55:40 PM","Rahim Yar Khan"
"272167","Muhammad Rashid Saleem","DR-187","EMDS Call","Medical Emergency","High Fever","2026/03/07 11:02:41 PM","Sadiqabad"
"272166","Rana M. Usman","DR-200","EMDS Call","Medical Emergency","Vomiting","2026/03/07 11:02:38 PM","Khanpur"
"272168","Zupasha Zia","MR-5758","EMDS Call","Medical Emergency","Others","2026/03/07 11:04:06 PM","Rahim Yar Khan"
"76872","Zupasha Zia","MR-5758","Direct Call","Patient Transfer Service","N/A","2026/03/07 11:10:07 PM","Sadiqabad"
"272169","Rana M. Usman","DR-200","EMDS Call","Medical Emergency","SOB/ Respiratory Distress","2026/03/07 11:09:47 PM","Sadiqabad"
"272170","Muhammad Rashid Saleem","DR-187","EMDS Call","Medical Emergency","Anxiety / Psychiatric Disorder","2026/03/07 11:20:51 PM","Rahim Yar Khan"
"272171","Rana M. Usman","DR-200","EMDS Call","Medical Emergency","SOB/ Respiratory Distress","2026/03/07 11:27:22 PM","Rahim Yar Khan"
"76873","Zupasha Zia","MR-5758","Direct Call","Patient Transfer Service","N/A","2026/03/07 11:40:17 PM","Khanpur"
"76874","Zupasha Zia","MR-5758","Direct Call","Patient Transfer Service","N/A","2026/03/07 11:42:43 PM","Khanpur"
"272172","Muhammad Rashid Saleem","DR-187","EMDS Call","Medical Emergency","Chemical / Drug Poisoning","2026/03/07 11:45:07 PM","Rahim Yar Khan"
"272173","Muhammad Rashid Saleem","DR-187","EMDS Call","Medical Emergency","Joints Pain","2026/03/07 11:59:02 PM","Rahim Yar Khan"
"272174","Zupasha Zia","MR-5758","EMDS Call","Medical Emergency","Vertigo/ Dizziness","2026/03/08 12:07:44 AM","Sadiqabad"
"272175","Muhammad Rashid Saleem","DR-187","EMDS Call","Medical Emergency","SOB/ Respiratory Distress","2026/03/08 12:08:44 AM","Sadiqabad"
"76875","Zupasha Zia","MR-5758","Direct Call","Patient Transfer Service","N/A","2026/03/08 12:12:02 AM","Sadiqabad"
"272176","Rana M. Usman","DR-200","EMDS Call","Medical Emergency","Vomiting","2026/03/08 12:17:23 AM","Rahim Yar Khan"
"76876","Zupasha Zia","MR-5758","Direct Call","Patient Transfer Service","N/A","2026/03/08 12:19:31 AM","Liaqatpur"
"76877","Muhammad Rashid Saleem","DR-187","Direct Call","Patient Transfer Service","N/A","2026/03/08 12:20:26 AM","Sadiqabad"
"272177","Zupasha Zia","MR-5758","EMDS Call","Medical Emergency","Vomiting","2026/03/08 12:31:05 AM","Rahim Yar Khan"
"272180","Zupasha Zia","MR-5758","EMDS Call","Medical Emergency","Diarrhea","2026/03/08 12:43:56 AM","Sadiqabad"
"272178","Rana M. Usman","DR-200","EMDS Call","Medical Emergency","Hypertension","2026/03/08 12:47:16 AM","Rahim Yar Khan"
"272179","Muhammad Rashid Saleem","DR-187","EMDS Call","Medical Emergency","Diabetic","2026/03/08 12:47:47 AM","Rahim Yar Khan"
"272181","Muhammad Rashid Saleem","DR-187","EMDS Call","Medical Emergency","Unconscious","2026/03/08 01:00:14 AM","Rahim Yar Khan"
"272182","Zupasha Zia","MR-5758","EMDS Call","Medical Emergency","Anxiety / Psychiatric Disorder","2026/03/08 01:09:35 AM","Sadiqabad"
"76878","Zupasha Zia","MR-5758","Direct Call","Patient Transfer Service","N/A","2026/03/08 01:21:29 AM","Sadiqabad"
"272183","Rana M. Usman","DR-200","EMDS Call","Medical Emergency","Abdominal Pain","2026/03/08 01:23:01 AM","Rahim Yar Khan"
"272184","Muhammad Rashid Saleem","DR-187","EMDS Call","Medical Emergency","SOB/ Respiratory Distress","2026/03/08 01:53:29 AM","Sadiqabad"
"272185","Zupasha Zia","MR-5758","EMDS Call","Medical Emergency","Hypertension","2026/03/08 02:04:55 AM","Rahim Yar Khan"
"272186","Muhammad Rashid Saleem","DR-187","EMDS Call","Medical Emergency","Anxiety / Psychiatric Disorder","2026/03/08 02:25:31 AM","Rahim Yar Khan"
"272187","Zupasha Zia","MR-5758","EMDS Call","Medical Emergency","Vomiting","2026/03/08 02:27:18 AM","Rahim Yar Khan"
"272189","Zupasha Zia","MR-5758","EMDS Call","Medical Emergency","Unconscious","2026/03/08 02:37:16 AM","Liaqatpur"
"272188","Rana M. Usman","DR-200","EMDS Call","Medical Emergency","Vomiting","2026/03/08 02:38:26 AM","Sadiqabad"
"272190","Zupasha Zia","MR-5758","EMDS Call","Medical Emergency","Abdominal Pain","2026/03/08 02:49:27 AM","Rahim Yar Khan"
"272191","Muhammad Rashid Saleem","DR-187","EMDS Call","Medical Emergency","Renal Disorders / Renal Colic ","2026/03/08 02:53:36 AM","Rahim Yar Khan"
"272192","Zupasha Zia","MR-5758","EMDS Call","Medical Emergency","High Fever","2026/03/08 03:17:53 AM","Liaqatpur"
"272193","Muhammad Rashid Saleem","DR-187","EMDS Call","Medical Emergency","Abdominal Pain","2026/03/08 03:22:38 AM","Rahim Yar Khan"
"272194","Muhammad Rashid Saleem","DR-187","EMDS Call","Medical Emergency","Vomiting","2026/03/08 03:51:44 AM","Rahim Yar Khan"
"272195","Zahid Manzoor","DR-887","EMDS Call","Rescue Operations","Delivery Case","2026/03/08 04:22:23 AM","Rahim Yar Khan"
"272196","Bushra Saleem","MR-5701","EMDS Call","Medical Emergency","Vomiting","2026/03/08 04:27:48 AM","Rahim Yar Khan"
"272197","Muhammad Rashid Saleem","DR-187","EMDS Call","Medical Emergency","Vomiting","2026/03/08 04:34:50 AM","Rahim Yar Khan"
"272198","Bushra Saleem","MR-5701","EMDS Call","Medical Emergency","Unconscious","2026/03/08 05:09:17 AM","Rahim Yar Khan"
"272199","Zahid Manzoor","DR-887","EMDS Call","Road Crash","Minor Injuries","2026/03/08 05:14:24 AM","Khanpur"
"272200","Bushra Saleem","MR-5701","EMDS Call","Medical Emergency","Diabetic","2026/03/08 05:15:26 AM","Rahim Yar Khan"
"272202","Zahid Manzoor","DR-887","EMDS Call","Medical Emergency","SOB/ Respiratory Distress","2026/03/08 05:25:43 AM","Rahim Yar Khan"
"272201","Bushra Saleem","MR-5701","EMDS Call","Medical Emergency","Vomiting","2026/03/08 05:26:12 AM","Rahim Yar Khan"
"272203","Muhammad Rashid Saleem","DR-187","EMDS Call","Medical Emergency","High Fever","2026/03/08 05:36:40 AM","Rahim Yar Khan"
"272204","Zahid Manzoor","DR-887","EMDS Call","Medical Emergency","Anxiety / Psychiatric Disorder","2026/03/08 05:43:41 AM","Sadiqabad"
"272205","Muhammad Rashid Saleem","DR-187","EMDS Call","Rescue Operations","Delivery Case","2026/03/08 06:07:08 AM","Sadiqabad"
"76879","Bushra Saleem","MR-5701","Direct Call","Patient Transfer Service","N/A","2026/03/08 06:30:21 AM","Sadiqabad"
"76880","Zahid Manzoor","DR-887","Direct Call","Patient Transfer Service","N/A","2026/03/08 06:37:21 AM","Khanpur"
"76881","Bushra Saleem","MR-5701","Direct Call","Patient Transfer Service","N/A","2026/03/08 06:39:14 AM","Sadiqabad"
"272206","Muhammad Rashid Saleem","DR-187","EMDS Call","Medical Emergency","Anxiety / Psychiatric Disorder","2026/03/08 07:12:02 AM","Rahim Yar Khan"
"272207","Zahid Manzoor","DR-887","EMDS Call","Medical Emergency","Chest Pain","2026/03/08 07:17:36 AM","Khanpur"
"272208","Zahid Manzoor","DR-887","EMDS Call","Road Crash","Minor Injuries","2026/03/08 07:26:42 AM","Rahim Yar Khan"
"272209","Zahid Manzoor","DR-887","EMDS Call","Medical Emergency","Epistaxis/ Nosebleed","2026/03/08 07:34:14 AM","Rahim Yar Khan"
"272210","Zahid Manzoor","DR-887","EMDS Call","Medical Emergency","Abdominal Pain","2026/03/08 07:43:06 AM","Khanpur"
"272211","Muhammad Rashid Saleem","DR-187","EMDS Call","Road Crash","Minor Injuries","2026/03/08 07:47:21 AM","Rahim Yar Khan"
"272212","Zahid Manzoor","DR-887","Direct Call","Rescue Operations","Vehicle Extrication","2026/03/08 07:51:45 AM","Rahim Yar Khan"
"272213","Muhammad Rashid Saleem","DR-187","EMDS Call","Medical Emergency","Others","2026/03/08 07:52:03 AM","Rahim Yar Khan"
"272214","Muhammad Fiaz","DR-206","EMDS Call","Road Crash","Multiple Fractures","2026/03/08 08:12:36 AM","Sadiqabad"
"272215","Muhammad Fiaz","DR-206","Direct Call","Rescue Operations","Mass Event Coverage","2026/03/08 08:16:18 AM","Rahim Yar Khan"
"272216","Farah Sadaqat","MR-5930","EMDS Call","Medical Emergency","Vomiting","2026/03/08 08:16:01 AM","Rahim Yar Khan"
"272217","Muhammad Fiaz","DR-206","EMDS Call","Medical Emergency","Abdominal Pain","2026/03/08 08:17:54 AM","Rahim Yar Khan"
"272218","Muhammad Fiaz","DR-206","EMDS Call","Rescue Operations","Electric Shock","2026/03/08 08:23:43 AM","Sadiqabad"
"272219","Muhammad Fiaz","DR-206","EMDS Call","Medical Emergency","High Fever","2026/03/08 08:29:44 AM","Rahim Yar Khan"
"272220","Farah Sadaqat","MR-5930","EMDS Call","Rescue Operations","Delivery Case","2026/03/08 08:29:40 AM","Liaqatpur"
"272221","Muhammad Fiaz","DR-206","EMDS Call","Road Crash","Minor Injuries","2026/03/08 08:39:26 AM","Khanpur"
"272222","Maheen Tahir","MR-6017","EMDS Call","Medical Emergency","Chronic Illness","2026/03/08 08:40:01 AM","Rahim Yar Khan"
"272223","Farah Sadaqat","MR-5930","EMDS Call","Rescue Operations","Delivery Case","2026/03/08 08:40:15 AM","Sadiqabad"
"76882","Maheen Tahir","MR-6017","Direct Call","Patient Transfer Service","N/A","2026/03/08 08:43:19 AM","Sadiqabad"
"272224","Maheen Tahir","MR-6017","EMDS Call","Medical Emergency","Abdominal Pain","2026/03/08 08:44:58 AM","Khanpur"
"272225","Farah Sadaqat","MR-5930","EMDS Call","Medical Emergency","Diabetic","2026/03/08 08:58:10 AM","Sadiqabad"
"272226","Maheen Tahir","MR-6017","EMDS Call","Medical Emergency","Joints Pain","2026/03/08 09:01:04 AM","Liaqatpur"
"272227","Maheen Tahir","MR-6017","EMDS Call","Medical Emergency","Hypotension","2026/03/08 09:04:27 AM","Rahim Yar Khan"
"272228","Farah Sadaqat","MR-5930","EMDS Call","Medical Emergency","Vertigo/ Dizziness","2026/03/08 09:06:08 AM","Rahim Yar Khan"
"272229","Farah Sadaqat","MR-5930","EMDS Call","Medical Emergency","Anxiety / Psychiatric Disorder","2026/03/08 09:12:44 AM","Rahim Yar Khan"
"76883","Maheen Tahir","MR-6017","Direct Call","Patient Transfer Service","N/A","2026/03/08 09:24:34 AM","Sadiqabad"
"272230","Maheen Tahir","MR-6017","EMDS Call","Medical Emergency","High Fever","2026/03/08 09:25:37 AM","Khanpur"
"272231","Maheen Tahir","MR-6017","EMDS Call","Crime","Physical Assault/Violence","2026/03/08 09:29:46 AM","Liaqatpur"
"272231","Maheen Tahir","MR-6017","EMDS Call","Crime","Physical Assault/Violence","2026/03/08 09:29:46 AM","Liaqatpur"
"272231","Maheen Tahir","MR-6017","EMDS Call","Crime","Physical Assault/Violence","2026/03/08 09:29:46 AM","Liaqatpur"
"76884","Maheen Tahir","MR-6017","Direct Call","Patient Transfer Service","N/A","2026/03/08 09:40:40 AM","Sadiqabad"
"272232","Farah Sadaqat","MR-5930","EMDS Call","Medical Emergency","SOB/ Respiratory Distress","2026/03/08 09:42:33 AM","Rahim Yar Khan"
"272233","Maheen Tahir","MR-6017","EMDS Call","Medical Emergency","Domestic Injuries","2026/03/08 09:48:03 AM","Khanpur"
"272234","Muhammad Fiaz","DR-206","EMDS Call","Road Crash","Minor Injuries","2026/03/08 09:53:47 AM","Rahim Yar Khan"
"272235","Muhammad Fiaz","DR-206","EMDS Call","Road Crash","Minor Injuries","2026/03/08 09:58:44 AM","Rahim Yar Khan"
"272236","Maheen Tahir","MR-6017","EMDS Call","Fall","Fall From Roof","2026/03/08 09:57:57 AM","Rahim Yar Khan"
"272237","Maheen Tahir","MR-6017","EMDS Call","Medical Emergency","Hypotension","2026/03/08 10:03:42 AM","Liaqatpur"
"272238","Farah Sadaqat","MR-5930","EMDS Call","Medical Emergency","Hypotension","2026/03/08 10:09:24 AM","Liaqatpur"
"272239","Maheen Tahir","MR-6017","EMDS Call","Medical Emergency","Urinary Retention","2026/03/08 10:12:27 AM","Rahim Yar Khan"
"272240","Maheen Tahir","MR-6017","EMDS Call","Medical Emergency","Vomiting","2026/03/08 10:16:40 AM","Rahim Yar Khan"
"272241","Farah Sadaqat","MR-5930","EMDS Call","Medical Emergency","Vomiting","2026/03/08 10:20:49 AM","Khanpur"
"272242","Farah Sadaqat","MR-5930","EMDS Call","Medical Emergency","Chest Pain","2026/03/08 10:28:22 AM","Rahim Yar Khan"
"272243","Farah Sadaqat","MR-5930","EMDS Call","Medical Emergency","Chest Pain","2026/03/08 10:35:52 AM","Rahim Yar Khan"
"272244","Maheen Tahir","MR-6017","EMDS Call","Medical Emergency","Unconscious","2026/03/08 10:38:08 AM","Rahim Yar Khan"
"272245","Farah Sadaqat","MR-5930","EMDS Call","Medical Emergency","Vomiting","2026/03/08 10:39:57 AM","Rahim Yar Khan"
"272246","Maheen Tahir","MR-6017","EMDS Call","Medical Emergency","Joints Pain","2026/03/08 10:41:51 AM","Rahim Yar Khan"
"272247","Saira Bibi","MR-5494","EMDS Call","Road Crash","Minor Injuries","2026/03/08 11:02:16 AM","Rahim Yar Khan"
"272247","Saira Bibi","MR-5494","EMDS Call","Road Crash","Minor Injuries","2026/03/08 11:02:16 AM","Rahim Yar Khan"
"272248","Maheen Tahir","MR-6017","EMDS Call","Road Crash","Bleeding","2026/03/08 11:09:55 AM","Rahim Yar Khan"
"272249","Muhammad Fiaz","DR-206","EMDS Call","Medical Emergency","Domestic Injuries","2026/03/08 11:10:52 AM","Rahim Yar Khan"
"272250","Saira Bibi","MR-5494","EMDS Call","Medical Emergency","SOB/ Respiratory Distress","2026/03/08 11:13:05 AM","Sadiqabad"
"272251","Saira Bibi","MR-5494","EMDS Call","Road Crash","Bleeding","2026/03/08 11:23:13 AM","Rahim Yar Khan"
"272252","Maheen Tahir","MR-6017","EMDS Call","Rescue Operations","Delivery Case","2026/03/08 11:24:28 AM","Sadiqabad"
"272253","Muhammad Fiaz","DR-206","EMDS Call","Medical Emergency","High Fever","2026/03/08 11:29:55 AM","Rahim Yar Khan"
"272254","Saira Bibi","MR-5494","EMDS Call","Medical Emergency","Chest Pain","2026/03/08 11:31:06 AM","Khanpur"
"272255","Maheen Tahir","MR-6017","EMDS Call","Fire","Others","2026/03/08 11:33:11 AM","Rahim Yar Khan"
"272256","Fahad Hussain","DR-538","EMDS Call","Road Crash","Severe Trauma","2026/03/08 11:44:21 AM","Rahim Yar Khan"
"272256","Fahad Hussain","DR-538","EMDS Call","Road Crash","Severe Trauma","2026/03/08 11:44:21 AM","Rahim Yar Khan"
"76885","Saira Bibi","MR-5494","Direct Call","Patient Transfer Service","N/A","2026/03/08 11:48:11 AM","Sadiqabad"
"272257","Farah Sadaqat","MR-5930","EMDS Call","Medical Emergency","Hypertension","2026/03/08 11:48:37 AM","Sadiqabad"
"272258","Fahad Hussain","DR-538","EMDS Call","Medical Emergency","Hypertension","2026/03/08 11:50:44 AM","Rahim Yar Khan"
"272259","Saira Bibi","MR-5494","EMDS Call","Road Crash","Bleeding","2026/03/08 11:52:45 AM","Sadiqabad"
"272260","Farah Sadaqat","MR-5930","EMDS Call","Medical Emergency","Joints Pain","2026/03/08 11:52:47 AM","Rahim Yar Khan"
"272261","Farah Sadaqat","MR-5930","EMDS Call","Medical Emergency","Abdominal Pain","2026/03/08 11:56:03 AM","Liaqatpur"
"76886","Fahad Hussain","DR-538","Direct Call","Patient Transfer Service","N/A","2026/03/08 12:13:39 PM","Liaqatpur"
"272262","Saira Bibi","MR-5494","EMDS Call","Road Crash","Multiple Fractures","2026/03/08 12:20:18 PM","Rahim Yar Khan"
"272263","Saira Bibi","MR-5494","EMDS Call","Medical Emergency","Domestic Injuries","2026/03/08 12:22:50 PM","Rahim Yar Khan"
"272264","Fahad Hussain","DR-538","EMDS Call","Medical Emergency","High Fever","2026/03/08 12:29:23 PM","Rahim Yar Khan"
"272265","Farah Sadaqat","MR-5930","EMDS Call","Fall","Fall From Vehicle","2026/03/08 12:31:49 PM","Sadiqabad"
"272266","Farah Sadaqat","MR-5930","EMDS Call","Medical Emergency","Hypertension","2026/03/08 12:34:00 PM","Rahim Yar Khan"
"272267","Farah Sadaqat","MR-5930","EMDS Call","Rescue Operations","Snake Emergency","2026/03/08 12:36:31 PM","Sadiqabad"
"272268","Fahad Hussain","DR-538","EMDS Call","Medical Emergency","SOB/ Respiratory Distress","2026/03/08 12:37:22 PM","Sadiqabad"
"272269","Fahad Hussain","DR-538","Direct Call","Medical Emergency","Unconscious","2026/03/08 12:43:07 PM","Rahim Yar Khan"
"272270","Farah Sadaqat","MR-5930","EMDS Call","Medical Emergency","High Fever","2026/03/08 12:43:56 PM","Khanpur"
"272271","Saira Bibi","MR-5494","EMDS Call","Rescue Operations","Delivery Case","2026/03/08 12:50:35 PM","Rahim Yar Khan"
"272272","Saira Bibi","MR-5494","EMDS Call","Road Crash","Multiple Fractures","2026/03/08 12:57:39 PM","Rahim Yar Khan"
"272273","Farah Sadaqat","MR-5930","EMDS Call","Fire","Others","2026/03/08 01:05:24 PM","Sadiqabad"
"272274","Saira Bibi","MR-5494","EMDS Call","Road Crash","Minor Injuries","2026/03/08 01:42:22 PM","Sadiqabad"
"272274","Saira Bibi","MR-5494","EMDS Call","Road Crash","Minor Injuries","2026/03/08 01:42:22 PM","Sadiqabad"
"272275","Farah Sadaqat","MR-5930","EMDS Call","Medical Emergency","CVA/Stroke","2026/03/08 01:43:13 PM","Rahim Yar Khan"
"272276","Fahad Hussain","DR-538","EMDS Call","Medical Emergency","Joints Pain","2026/03/08 01:46:49 PM","Rahim Yar Khan"
"272277","Farah Sadaqat","MR-5930","EMDS Call","Medical Emergency","SOB/ Respiratory Distress","2026/03/08 01:56:07 PM","Rahim Yar Khan"
"272278","Fahad Hussain","DR-538","EMDS Call","Medical Emergency","Joints Pain","2026/03/08 01:56:05 PM","Rahim Yar Khan"
"76887","Faiz Muhyy Ul Din","DR-892","Direct Call","Patient Transfer Service","N/A","2026/03/08 02:13:05 PM","Rahim Yar Khan"
"272279","Sheeza Barkat","MR-5331","Direct Call","Medical Emergency","Anxiety / Psychiatric Disorder","2026/03/08 02:23:40 PM","Rahim Yar Khan"
"272282","Aasia Batool","MR-5198","EMDS Call","Medical Emergency","Anxiety / Psychiatric Disorder","2026/03/08 02:25:35 PM","Sadiqabad"
"272280","Faiz Muhyy Ul Din","DR-892","EMDS Call","Medical Emergency","CVA/Stroke","2026/03/08 02:25:20 PM","Khanpur"
"272281","Sheeza Barkat","MR-5331","EMDS Call","Medical Emergency","High Fever","2026/03/08 02:26:31 PM","Khanpur"
"272283","Faiz Muhyy Ul Din","DR-892","EMDS Call","Medical Emergency","Hypertension","2026/03/08 02:31:55 PM","Rahim Yar Khan"
"272284","Aasia Batool","MR-5198","EMDS Call","Road Crash","Bleeding","2026/03/08 02:34:40 PM","Liaqatpur"
"272284","Aasia Batool","MR-5198","EMDS Call","Road Crash","Bleeding","2026/03/08 02:34:40 PM","Liaqatpur"
"272285","Sheeza Barkat","MR-5331","EMDS Call","Road Crash","Bleeding","2026/03/08 02:46:02 PM","Rahim Yar Khan"
"272286","Faiz Muhyy Ul Din","DR-892","EMDS Call","Road Crash","Minor Injuries","2026/03/08 02:59:04 PM","Sadiqabad"
"272287","Sheeza Barkat","MR-5331","EMDS Call","Medical Emergency","Hypertension","2026/03/08 03:04:59 PM","Rahim Yar Khan"
"272288","Sheeza Barkat","MR-5331","EMDS Call","Medical Emergency","Others","2026/03/08 03:11:40 PM","Rahim Yar Khan"
"272289","Sheeza Barkat","MR-5331","EMDS Call","Road Crash","Minor Injuries","2026/03/08 03:15:44 PM","Rahim Yar Khan"
"272290","Sheeza Barkat","MR-5331","EMDS Call","Road Crash","Bleeding","2026/03/08 03:43:37 PM","Liaqatpur"
"272290","Sheeza Barkat","MR-5331","EMDS Call","Road Crash","Bleeding","2026/03/08 03:43:37 PM","Liaqatpur"
"272291","Sheeza Barkat","MR-5331","EMDS Call","Medical Emergency","SOB/ Respiratory Distress","2026/03/08 03:46:17 PM","Rahim Yar Khan"
"272292","Aasia Batool","MR-5198","EMDS Call","Medical Emergency","Diarrhea","2026/03/08 03:50:15 PM","Rahim Yar Khan"
"272293","Sheeza Barkat","MR-5331","EMDS Call","Medical Emergency","Joints Pain","2026/03/08 03:51:09 PM","Rahim Yar Khan"
"272294","Faiz Muhyy Ul Din","DR-892","EMDS Call","Medical Emergency","Domestic Injuries","2026/03/08 03:51:25 PM","Khanpur"
"272295","Aasia Batool","MR-5198","EMDS Call","Medical Emergency","Hypertension","2026/03/08 03:52:32 PM","Rahim Yar Khan"
"76888","Sheeza Barkat","MR-5331","Direct Call","Patient Transfer Service","N/A","2026/03/08 04:05:05 PM","Liaqatpur"
"272296","Saima Bashir","MR-5819","EMDS Call","Medical Emergency","Vomiting","2026/03/08 04:05:22 PM","Rahim Yar Khan"
"272297","Aasia Batool","MR-5198","EMDS Call","Fire","Others","2026/03/08 04:07:39 PM","Sadiqabad"
"272298","Saima Bashir","MR-5819","EMDS Call","Medical Emergency","Diabetic","2026/03/08 04:09:23 PM","Rahim Yar Khan"
"272299","Saima Bashir","MR-5819","EMDS Call","Medical Emergency","Anxiety / Psychiatric Disorder","2026/03/08 04:12:01 PM","Khanpur"
"76889","Aasia Batool","MR-5198","Direct Call","Patient Transfer Service","N/A","2026/03/08 04:24:32 PM","Khanpur"
"76890","Aasia Batool","MR-5198","Direct Call","Patient Transfer Service","N/A","2026/03/08 04:26:57 PM","Khanpur"
"272300","Saima Bashir","MR-5819","EMDS Call","Road Crash","Severe Trauma","2026/03/08 04:24:15 PM","Khanpur"
"272301","Sheeza Barkat","MR-5331","EMDS Call","Rescue Operations","Electric Shock","2026/03/08 04:27:26 PM","Rahim Yar Khan"
"272302","Saima Bashir","MR-5819","EMDS Call","Medical Emergency","Hypertension","2026/03/08 04:28:47 PM","Rahim Yar Khan"
"272303","Sheeza Barkat","MR-5331","EMDS Call","Medical Emergency","Gynae Problem","2026/03/08 04:35:12 PM","Khanpur"
"272304","Saima Bashir","MR-5819","EMDS Call","Medical Emergency","Anxiety / Psychiatric Disorder","2026/03/08 04:57:56 PM","Rahim Yar Khan"
"272305","Saima Bashir","MR-5819","EMDS Call","Medical Emergency","Abdominal Pain","2026/03/08 05:01:44 PM","Liaqatpur"
"76891","Saima Bashir","MR-5819","Direct Call","Patient Transfer Service","N/A","2026/03/08 05:07:43 PM","Sadiqabad"
"272306","Aasia Batool","MR-5198","EMDS Call","Medical Emergency","Unconscious","2026/03/08 05:07:54 PM","Khanpur"
"76892","Faiz Muhyy Ul Din","DR-892","Direct Call","Patient Transfer Service","N/A","2026/03/08 05:10:50 PM","Khanpur"
"272307","Sheeza Barkat","MR-5331","EMDS Call","Rescue Operations","Vehicle Extrication","2026/03/08 05:15:29 PM","Rahim Yar Khan"
"76893","Aasia Batool","MR-5198","Direct Call","Patient Transfer Service","N/A","2026/03/08 05:18:01 PM","Sadiqabad"
"272308","Saima Bashir","MR-5819","EMDS Call","Medical Emergency","Chest Pain","2026/03/08 05:24:35 PM","Sadiqabad"
"272309","Sheeza Barkat","MR-5331","EMDS Call","Road Crash","Bleeding","2026/03/08 05:30:30 PM","Sadiqabad"
"272310","Aasia Batool","MR-5198","EMDS Call","Road Crash","Minor Injuries","2026/03/08 05:32:47 PM","Rahim Yar Khan"
"272311","Sheeza Barkat","MR-5331","EMDS Call","Medical Emergency","SOB/ Respiratory Distress","2026/03/08 05:35:54 PM","Rahim Yar Khan"
"272312","Saima Bashir","MR-5819","EMDS Call","Medical Emergency","High Fever","2026/03/08 05:38:52 PM","Khanpur"
"272313","Saima Bashir","MR-5819","EMDS Call","Medical Emergency","Vertigo/ Dizziness","2026/03/08 05:43:51 PM","Rahim Yar Khan"
"272314","Saima Bashir","MR-5819","EMDS Call","Medical Emergency","High Fever","2026/03/08 05:48:03 PM","Rahim Yar Khan"
"272315","Saima Bashir","MR-5819","EMDS Call","Medical Emergency","Vertigo/ Dizziness","2026/03/08 05:51:40 PM","Sadiqabad"
"272316","Sheeza Barkat","MR-5331","EMDS Call","Medical Emergency","Anxiety / Psychiatric Disorder","2026/03/08 05:56:12 PM","Sadiqabad"
"272317","Saima Bashir","MR-5819","Direct Call","Medical Emergency","SOB/ Respiratory Distress","2026/03/08 05:58:09 PM","Rahim Yar Khan"
"272318","Aasia Batool","MR-5198","EMDS Call","Medical Emergency","Joints Pain","2026/03/08 06:11:51 PM","Sadiqabad"
"272319","Aasia Batool","MR-5198","EMDS Call","Medical Emergency","Diabetic","2026/03/08 06:15:31 PM","Rahim Yar Khan"
"272320","Aasia Batool","MR-5198","EMDS Call","Medical Emergency","Anxiety / Psychiatric Disorder","2026/03/08 06:20:14 PM","Rahim Yar Khan"
"272321","Saima Bashir","MR-5819","EMDS Call","Medical Emergency","High Fever","2026/03/08 06:44:59 PM","Rahim Yar Khan"
"272322","Aasia Batool","MR-5198","EMDS Call","Rescue Operations","Delivery Case","2026/03/08 06:46:49 PM","Rahim Yar Khan"
"272323","Saima Bashir","MR-5819","EMDS Call","Medical Emergency","High Fever","2026/03/08 06:50:15 PM","Rahim Yar Khan"
"272324","Saima Bashir","MR-5819","EMDS Call","Rescue Operations","Delivery Case","2026/03/08 06:56:44 PM","Liaqatpur"
"272325","Sheeza Barkat","MR-5331","EMDS Call","Medical Emergency","High Fever","2026/03/08 06:58:49 PM","Sadiqabad"
"272326","Aasia Batool","MR-5198","EMDS Call","Medical Emergency","Chronic Illness","2026/03/08 07:00:31 PM","Rahim Yar Khan"
"272327","Saima Bashir","MR-5819","EMDS Call","Medical Emergency","Anxiety / Psychiatric Disorder","2026/03/08 07:02:51 PM","Rahim Yar Khan"
"272328","Sheeza Barkat","MR-5331","EMDS Call","Medical Emergency","Hypertension","2026/03/08 07:12:22 PM","Rahim Yar Khan"
"272329","Saima Bashir","MR-5819","EMDS Call","Medical Emergency","Chronic Illness","2026/03/08 07:14:19 PM","Sadiqabad"
"272330","Saima Bashir","MR-5819","EMDS Call","Medical Emergency","Chest Pain","2026/03/08 07:18:16 PM","Sadiqabad"
"272331","Sheeza Barkat","MR-5331","EMDS Call","Medical Emergency","Chronic Illness","2026/03/08 07:18:51 PM","Sadiqabad"
"272332","Saima Bashir","MR-5819","Direct Call","Medical Emergency","SOB/ Respiratory Distress","2026/03/08 07:29:34 PM","Rahim Yar Khan"
"272333","Aasia Batool","MR-5198","EMDS Call","Medical Emergency","Vertigo/ Dizziness","2026/03/08 07:35:00 PM","Rahim Yar Khan"
"272334","Aasia Batool","MR-5198","EMDS Call","Medical Emergency","Abdominal Pain","2026/03/08 07:37:08 PM","Rahim Yar Khan"
"272337","Sheeza Barkat","MR-5331","EMDS Call","Medical Emergency","SOB/ Respiratory Distress","2026/03/08 07:36:52 PM","Khanpur"
"272335","Saima Bashir","MR-5819","EMDS Call","Medical Emergency","Vertigo/ Dizziness","2026/03/08 07:37:32 PM","Rahim Yar Khan"
"272336","Saima Bashir","MR-5819","EMDS Call","Medical Emergency","Abdominal Pain","2026/03/08 07:40:17 PM","Sadiqabad"
"272338","Sheeza Barkat","MR-5331","EMDS Call","Medical Emergency","Hypertension","2026/03/08 07:42:58 PM","Khanpur"
"272339","Aasia Batool","MR-5198","EMDS Call","Medical Emergency","Others","2026/03/08 07:44:27 PM","Rahim Yar Khan"
"272340","Saima Bashir","MR-5819","EMDS Call","Road Crash","Bleeding","2026/03/08 07:47:27 PM","Rahim Yar Khan"
"272341","Saima Bashir","MR-5819","EMDS Call","Medical Emergency","Hypertension","2026/03/08 07:58:59 PM","Rahim Yar Khan"
"272342","Saima Bashir","MR-5819","EMDS Call","Road Crash","Minor Injuries","2026/03/08 08:08:00 PM","Rahim Yar Khan"
"272343","Saima Bashir","MR-5819","EMDS Call","Medical Emergency","Renal Disorders / Renal Colic ","2026/03/08 08:13:49 PM","Sadiqabad"
"272344","Saima Bashir","MR-5819","EMDS Call","Medical Emergency","Urinary Retention","2026/03/08 08:19:44 PM","Rahim Yar Khan"
"272345","Aasia Batool","MR-5198","EMDS Call","Medical Emergency","SOB/ Respiratory Distress","2026/03/08 08:20:42 PM","Rahim Yar Khan"
"272346","Sheeza Barkat","MR-5331","EMDS Call","Road Crash","Bleeding","2026/03/08 08:21:12 PM","Sadiqabad"
"272346","Sheeza Barkat","MR-5331","EMDS Call","Road Crash","Bleeding","2026/03/08 08:21:12 PM","Sadiqabad"
"272346","Sheeza Barkat","MR-5331","EMDS Call","Road Crash","Bleeding","2026/03/08 08:21:12 PM","Sadiqabad"
"272347","Aasia Batool","MR-5198","EMDS Call","Medical Emergency","Epilepsy","2026/03/08 08:24:25 PM","Liaqatpur"
"272349","Sheeza Barkat","MR-5331","EMDS Call","Medical Emergency","Vertigo/ Dizziness","2026/03/08 08:25:37 PM","Rahim Yar Khan"
"272348","Faiz Muhyy Ul Din","DR-892","EMDS Call","Medical Emergency","Joints Pain","2026/03/08 08:31:30 PM","Khanpur"
"272350","Faiz Muhyy Ul Din","DR-892","EMDS Call","Medical Emergency","Vertigo/ Dizziness","2026/03/08 08:37:25 PM","Rahim Yar Khan"
"272351","Aasia Batool","MR-5198","EMDS Call","Medical Emergency","Gynae Problem","2026/03/08 08:38:47 PM","Khanpur"
"272352","Muhammad Rashid Saleem","DR-187","EMDS Call","Medical Emergency","Domestic Injuries","2026/03/08 08:49:37 PM","Rahim Yar Khan"
"272353","Muhammad Tariq Hameed","DR-885","EMDS Call","Medical Emergency","Hypertension","2026/03/08 09:02:55 PM","Liaqatpur"
"272354","Sajid Mehmood","DR-914","EMDS Call","Medical Emergency","SOB/ Respiratory Distress","2026/03/08 09:12:38 PM","Sadiqabad"
"272355","Sajid Mehmood","DR-914","EMDS Call","Medical Emergency","Joints Pain","2026/03/08 09:19:29 PM","Khanpur"
"76894","Muhammad Tariq Hameed","DR-885","Direct Call","Patient Transfer Service","N/A","2026/03/08 09:24:14 PM","Liaqatpur"
"272356","Muhammad Riaz","DR-654","EMDS Call","Medical Emergency","Others","2026/03/08 09:35:14 PM","Khanpur"
"272357","Sajid Mehmood","DR-914","EMDS Call","Road Crash","Multiple Fractures","2026/03/08 09:39:06 PM","Rahim Yar Khan"
"272358","Muhammad Riaz","DR-654","EMDS Call","Rescue Operations","Delivery Case","2026/03/08 09:50:16 PM","Rahim Yar Khan"
"272359","Muhammad Tariq Hameed","DR-885","EMDS Call","Medical Emergency","Chest Pain","2026/03/08 10:00:46 PM","Rahim Yar Khan"
"272360","Sajid Mehmood","DR-914","EMDS Call","Medical Emergency","Hypotension","2026/03/08 10:04:36 PM","Khanpur"
"272362","Zupasha Zia","MR-5758","EMDS Call","Medical Emergency","Joints Pain","2026/03/08 10:06:51 PM","Rahim Yar Khan"
"272361","Muhammad Tariq Hameed","DR-885","EMDS Call","Medical Emergency","Vomiting","2026/03/08 10:06:02 PM","Liaqatpur"
"272363","Muhammad Riaz","DR-654","EMDS Call","Medical Emergency","SOB/ Respiratory Distress","2026/03/08 10:13:06 PM","Khanpur"
"272364","Muhammad Tariq Hameed","DR-885","EMDS Call","Medical Emergency","High Fever","2026/03/08 10:23:01 PM","Rahim Yar Khan"
"76895","Sajid Mehmood","DR-914","Direct Call","Patient Transfer Service","N/A","2026/03/08 10:23:56 PM","Khanpur"
"272365","Zupasha Zia","MR-5758","EMDS Call","Medical Emergency","High Fever","2026/03/08 10:22:57 PM","Khanpur"
"272366","Muhammad Riaz","DR-654","EMDS Call","Medical Emergency","Hypertension","2026/03/08 10:29:29 PM","Sadiqabad"
"272369","Zupasha Zia","MR-5758","EMDS Call","Road Crash","Bleeding","2026/03/08 10:32:02 PM","Rahim Yar Khan"
"272367","Sajid Mehmood","DR-914","EMDS Call","Medical Emergency","Abdominal Pain","2026/03/08 10:37:26 PM","Rahim Yar Khan"
"272368","Muhammad Tariq Hameed","DR-885","EMDS Call","Medical Emergency","Anxiety / Psychiatric Disorder","2026/03/08 10:38:23 PM","Rahim Yar Khan"
"272370","Sajid Mehmood","DR-914","EMDS Call","Road Crash","Bleeding","2026/03/08 10:49:34 PM","Sadiqabad"
"272371","Rana M. Usman","DR-200","EMDS Call","Road Crash","Severe Trauma","2026/03/08 11:00:30 PM","Rahim Yar Khan"
"272372","Rana M. Usman","DR-200","EMDS Call","Medical Emergency","Vomiting","2026/03/08 11:11:00 PM","Sadiqabad"
"272373","Muhammad Rashid Saleem","DR-187","EMDS Call","Medical Emergency","Chronic Illness","2026/03/08 11:11:49 PM","Khanpur"
"272374","Muhammad Tariq Hameed","DR-885","EMDS Call","Medical Emergency","Anxiety / Psychiatric Disorder","2026/03/08 11:12:38 PM","Sadiqabad"
"272375","Muhammad Rashid Saleem","DR-187","EMDS Call","Medical Emergency","Anxiety / Psychiatric Disorder","2026/03/08 11:20:15 PM","Rahim Yar Khan"
"272376","Muhammad Rashid Saleem","DR-187","EMDS Call","Medical Emergency","Vomiting","2026/03/08 11:23:41 PM","Rahim Yar Khan"
"272377","Rana M. Usman","DR-200","EMDS Call","Medical Emergency","Hypertension","2026/03/08 11:24:27 PM","Khanpur"
"272378","Muhammad Rashid Saleem","DR-187","EMDS Call","Medical Emergency","High Fever","2026/03/08 11:27:09 PM","Sadiqabad"
"76896","Muhammad Tariq Hameed","DR-885","Direct Call","Patient Transfer Service","N/A","2026/03/08 11:33:28 PM","Sadiqabad"
"76897","Muhammad Rashid Saleem","DR-187","Direct Call","Patient Transfer Service","N/A","2026/03/08 11:45:05 PM","Sadiqabad"
"272379","Muhammad Rashid Saleem","DR-187","EMDS Call","Medical Emergency","Joints Pain","2026/03/08 11:45:03 PM","Khanpur"
"272380","Muhammad Tariq Hameed","DR-885","EMDS Call","Medical Emergency","Joints Pain","2026/03/08 11:48:09 PM","Rahim Yar Khan"
"272381","Rana M. Usman","DR-200","EMDS Call","Rescue Operations","Delivery Case","2026/03/08 11:51:05 PM","Sadiqabad"
"272382","Muhammad Tariq Hameed","DR-885","EMDS Call","Medical Emergency","Abdominal Pain","2026/03/08 11:53:45 PM","Rahim Yar Khan"
"272383","Rana M. Usman","DR-200","EMDS Call","Crime","Bullet Injury","2026/03/08 11:55:55 PM","Rahim Yar Khan"
"272384","Rana M. Usman","DR-200","EMDS Call","Medical Emergency","Abdominal Pain","2026/03/09 12:20:24 AM","Rahim Yar Khan"
"272385","Mureed Abbas","DR-900","EMDS Call","Medical Emergency","High Fever","2026/03/09 12:22:29 AM","Khanpur"
"272386","Muhammad Tariq Hameed","DR-885","EMDS Call","Medical Emergency","Joints Pain","2026/03/09 12:27:06 AM","Rahim Yar Khan"
"272387","Mureed Abbas","DR-900","EMDS Call","Medical Emergency","Abdominal Pain","2026/03/09 12:40:38 AM","Rahim Yar Khan"
"272388","Muhammad Tariq Hameed","DR-885","EMDS Call","Crime","Probable Suicide","2026/03/09 12:42:58 AM","Rahim Yar Khan"
"76898","Mureed Abbas","DR-900","Direct Call","Patient Transfer Service","N/A","2026/03/09 12:45:28 AM","Sadiqabad"
"76899","Mureed Abbas","DR-900","Direct Call","Patient Transfer Service","N/A","2026/03/09 12:49:05 AM","Sadiqabad"
"272389","Rana M. Usman","DR-200","EMDS Call","Medical Emergency","Abdominal Pain","2026/03/09 12:54:28 AM","Khanpur"
"272390","Muhammad Tariq Hameed","DR-885","EMDS Call","Medical Emergency","Abdominal Pain","2026/03/09 01:04:39 AM","Sadiqabad"
"272391","Mureed Abbas","DR-900","EMDS Call","Medical Emergency","Abdominal Pain","2026/03/09 01:07:35 AM","Rahim Yar Khan"
"272392","Rana M. Usman","DR-200","EMDS Call","Medical Emergency","Vomiting","2026/03/09 01:08:56 AM","Sadiqabad"
"272393","Mureed Abbas","DR-900","EMDS Call","Medical Emergency","Chronic Illness","2026/03/09 01:22:32 AM","Rahim Yar Khan"
"272394","Muhammad Tariq Hameed","DR-885","EMDS Call","Medical Emergency","Joints Pain","2026/03/09 01:37:32 AM","Rahim Yar Khan"
"272395","Rana M. Usman","DR-200","EMDS Call","Medical Emergency","Joints Pain","2026/03/09 02:00:33 AM","Rahim Yar Khan"
"272396","Mureed Abbas","DR-900","EMDS Call","Medical Emergency","Vomiting","2026/03/09 02:26:38 AM","Rahim Yar Khan"
"272397","Rana M. Usman","DR-200","EMDS Call","Medical Emergency","Others","2026/03/09 02:31:41 AM","Sadiqabad"
"272398","Mureed Abbas","DR-900","EMDS Call","Medical Emergency","Anxiety / Psychiatric Disorder","2026/03/09 02:37:59 AM","Rahim Yar Khan"
"272399","Zupasha Zia","MR-5758","EMDS Call","Medical Emergency","Unconscious","2026/03/09 03:01:25 AM","Rahim Yar Khan"
"272400","Zupasha Zia","MR-5758","EMDS Call","Road Crash","Minor Injuries","2026/03/09 03:09:02 AM","Rahim Yar Khan"
"272401","Zupasha Zia","MR-5758","EMDS Call","Medical Emergency","Hypertension","2026/03/09 03:12:06 AM","Rahim Yar Khan"
"272402","Zupasha Zia","MR-5758","EMDS Call","Medical Emergency","High Fever","2026/03/09 03:46:45 AM","Liaqatpur"
"76900","Sajid Mehmood","DR-914","Direct Call","Patient Transfer Service","N/A","2026/03/09 04:03:24 AM","Sadiqabad"
"76901","Sajid Mehmood","DR-914","Direct Call","Patient Transfer Service","N/A","2026/03/09 04:13:19 AM","Sadiqabad"
"272403","Sajid Mehmood","DR-914","EMDS Call","Medical Emergency","High Fever","2026/03/09 04:29:13 AM","Rahim Yar Khan"
"272404","Zupasha Zia","MR-5758","EMDS Call","Medical Emergency","Unconscious","2026/03/09 05:04:27 AM","Sadiqabad"
"272405","Sajid Mehmood","DR-914","EMDS Call","Medical Emergency","Abdominal Pain","2026/03/09 05:27:43 AM","Khanpur"
"272406","Muhammad Riaz","DR-654","EMDS Call","Medical Emergency","Hypotension","2026/03/09 05:30:31 AM","Sadiqabad"
"272407","Zupasha Zia","MR-5758","EMDS Call","Medical Emergency","Anxiety / Psychiatric Disorder","2026/03/09 05:50:55 AM","Rahim Yar Khan"
"272408","Sajid Mehmood","DR-914","EMDS Call","Medical Emergency","Joints Pain","2026/03/09 06:14:07 AM","Rahim Yar Khan"
"272409","Zupasha Zia","MR-5758","EMDS Call","Fall","Fall From Stairs","2026/03/09 06:26:10 AM","Rahim Yar Khan"
"272410","Muhammad Riaz","DR-654","EMDS Call","Medical Emergency","Vomiting","2026/03/09 06:31:24 AM","Rahim Yar Khan"
"272411","Zupasha Zia","MR-5758","EMDS Call","Medical Emergency","Abdominal Pain","2026/03/09 06:34:12 AM","Rahim Yar Khan"
"272412","Zupasha Zia","MR-5758","EMDS Call","Medical Emergency","Gynae Problem","2026/03/09 06:41:30 AM","Liaqatpur"
"272413","Muhammad Riaz","DR-654","EMDS Call","Medical Emergency","Chronic Illness","2026/03/09 06:52:13 AM","Liaqatpur"
"272414","Shaheen Islam","DR-1171","EMDS Call","Road Crash","Minor Injuries","2026/03/09 07:12:38 AM","Sadiqabad"
"272415","Zupasha Zia","MR-5758","EMDS Call","Medical Emergency","Unconscious","2026/03/09 07:14:37 AM","Khanpur"
"272416","Muhammad Riaz","DR-654","EMDS Call","Medical Emergency","Urinary Retention","2026/03/09 07:16:52 AM","Rahim Yar Khan"
"272417","Shaheen Islam","DR-1171","EMDS Call","Medical Emergency","Unconscious","2026/03/09 07:23:26 AM","Sadiqabad"
"272418","Muhammad Riaz","DR-654","EMDS Call","Medical Emergency","SOB/ Respiratory Distress","2026/03/09 07:27:18 AM","Liaqatpur"
"272419","Zupasha Zia","MR-5758","EMDS Call","Road Crash","Severe Trauma","2026/03/09 07:33:57 AM","Khanpur"
"272420","Farah Sadaqat","MR-5930","EMDS Call","Road Crash","Bleeding","2026/03/09 07:58:29 AM","Liaqatpur"
"272420","Farah Sadaqat","MR-5930","EMDS Call","Road Crash","Bleeding","2026/03/09 07:58:29 AM","Liaqatpur"
"272421","Muhammad Abid","DR-874","EMDS Call","Medical Emergency","High Fever","2026/03/09 07:58:10 AM","Rahim Yar Khan"
"272422","Muhammad Abid","DR-874","Direct Call","Rescue Operations","Mass Event Coverage","2026/03/09 08:13:27 AM","Rahim Yar Khan"
"272423","Farah Sadaqat","MR-5930","EMDS Call","Road Crash","Minor Injuries","2026/03/09 08:13:31 AM","Sadiqabad"
"272423","Farah Sadaqat","MR-5930","EMDS Call","Road Crash","Minor Injuries","2026/03/09 08:13:31 AM","Sadiqabad"
"272424","Muhammad Arshad","DR-198","EMDS Call","Medical Emergency","SOB/ Respiratory Distress","2026/03/09 08:27:27 AM","Khanpur"
"272425","Farah Sadaqat","MR-5930","EMDS Call","Medical Emergency","Abdominal Pain","2026/03/09 08:37:07 AM","Sadiqabad"
"272426","Muhammad Arshad","DR-198","EMDS Call","Medical Emergency","Abdominal Pain","2026/03/09 08:39:54 AM","Rahim Yar Khan"
"272427","Muhammad Arshad","DR-198","EMDS Call","Medical Emergency","SOB/ Respiratory Distress","2026/03/09 08:46:42 AM","Rahim Yar Khan"
"272428","Adnan Shabbir","DR-205","EMDS Call","Medical Emergency","Anxiety / Psychiatric Disorder","2026/03/09 08:48:06 AM","Sadiqabad"
"76902","Farah Sadaqat","MR-5930","Direct Call","Patient Transfer Service","N/A","2026/03/09 08:48:59 AM","Liaqatpur"
"76903","Farah Sadaqat","MR-5930","Direct Call","Patient Transfer Service","N/A","2026/03/09 08:56:33 AM","Khanpur"
"272429","Farah Sadaqat","MR-5930","Direct Call","Rescue Operations","Mass Event Coverage","2026/03/09 08:58:05 AM","Khanpur"
"272430","Adnan Shabbir","DR-205","EMDS Call","Rescue Operations","Animal/Bird Rescue","2026/03/09 09:12:03 AM","Rahim Yar Khan"
"272431","Farah Sadaqat","MR-5930","EMDS Call","Medical Emergency","Chest Pain","2026/03/09 09:14:19 AM","Rahim Yar Khan"
"272432","Adnan Shabbir","DR-205","EMDS Call","Medical Emergency","Abdominal Pain","2026/03/09 09:16:01 AM","Sadiqabad"
"Not Assigned","Muhammad Arshad","DR-198","Direct Call","Mock Exercise","Mock","2026/03/09 09:17:20 AM","Rahim Yar Khan"
"272433","Muhammad Abid","DR-874","Direct Call","Rescue Operations","Mass Event Coverage","2026/03/09 09:17:54 AM","Liaqatpur"
"272434","Muhammad Abid","DR-874","EMDS Call","Medical Emergency","Vomiting","2026/03/09 09:21:02 AM","Sadiqabad"
"272435","Muhammad Abid","DR-874","EMDS Call","Medical Emergency","Renal Disorders / Renal Colic ","2026/03/09 09:35:34 AM","Liaqatpur"
"272436","Muhammad Arshad","DR-198","EMDS Call","Medical Emergency","SOB/ Respiratory Distress","2026/03/09 09:49:05 AM","Rahim Yar Khan"
"272437","Farah Sadaqat","MR-5930","EMDS Call","Rescue Operations","Others","2026/03/09 09:46:31 AM","Khanpur"
"272438","Muhammad Arshad","DR-198","EMDS Call","Fire","Gas Leakage","2026/03/09 09:54:19 AM","Rahim Yar Khan"
"76904","Saira Bibi","MR-5494","Direct Call","Patient Transfer Service","N/A","2026/03/09 09:58:43 AM","Sadiqabad"
"272439","Muhammad AAmar","DR-915","EMDS Call","Medical Emergency","Anxiety / Psychiatric Disorder","2026/03/09 09:58:15 AM","Rahim Yar Khan"
"272440","Farah Sadaqat","MR-5930","EMDS Call","Medical Emergency","Vomiting","2026/03/09 10:01:35 AM","Sadiqabad"
"272441","Farah Sadaqat","MR-5930","EMDS Call","Road Crash","Bleeding","2026/03/09 10:06:55 AM","Sadiqabad"
"272442","Muhammad AAmar","DR-915","EMDS Call","Medical Emergency","Anxiety / Psychiatric Disorder","2026/03/09 10:09:13 AM","Rahim Yar Khan"
"76905","Saira Bibi","MR-5494","Direct Call","Patient Transfer Service","N/A","2026/03/09 10:10:18 AM","Khanpur"
"Not Assigned","Saira Bibi","MR-5494","Direct Call","Community","Community Training","2026/03/09 10:11:47 AM","Khanpur"
"76906","Saira Bibi","MR-5494","Direct Call","Patient Transfer Service","N/A","2026/03/09 10:15:37 AM","Khanpur"
"Not Assigned","Farah Sadaqat","MR-5930","EMDS Call","Road Crash","Bleeding","2026/03/09 10:15:11 AM","Khanpur"
"272444","Muhammad AAmar","DR-915","EMDS Call","Medical Emergency","SOB/ Respiratory Distress","2026/03/09 10:21:02 AM","Sadiqabad"
"272445","Saira Bibi","MR-5494","EMDS Call","Road Crash","Minor Injuries","2026/03/09 10:22:42 AM","Rahim Yar Khan"
"272446","Farah Sadaqat","MR-5930","EMDS Call","Medical Emergency","Diabetic","2026/03/09 10:34:36 AM","Liaqatpur"
"272447","Muhammad Arshad","DR-198","EMDS Call","Rescue Operations","Electric Shock","2026/03/09 10:47:54 AM","Sadiqabad"
"272448","Muhammad AAmar","DR-915","EMDS Call","Medical Emergency","Anxiety / Psychiatric Disorder","2026/03/09 10:48:53 AM","Rahim Yar Khan"
"272449","Saira Bibi","MR-5494","EMDS Call","Medical Emergency","Abdominal Pain","2026/03/09 10:49:40 AM","Rahim Yar Khan"
"272450","Farah Sadaqat","MR-5930","EMDS Call","Medical Emergency","Anxiety / Psychiatric Disorder","2026/03/09 10:55:04 AM","Rahim Yar Khan"
"272451","Saira Bibi","MR-5494","EMDS Call","Medical Emergency","SOB/ Respiratory Distress","2026/03/09 11:04:03 AM","Khanpur"
"272452","Muhammad AAmar","DR-915","EMDS Call","Medical Emergency","Unconscious","2026/03/09 11:03:57 AM","Rahim Yar Khan"
"272453","Saira Bibi","MR-5494","EMDS Call","Medical Emergency","Vertigo/ Dizziness","2026/03/09 11:08:59 AM","Rahim Yar Khan"
"272454","Faiz Muhyy Ul Din","DR-892","EMDS Call","Medical Emergency","Anxiety / Psychiatric Disorder","2026/03/09 11:17:01 AM","Rahim Yar Khan"
"272455","Muhammad AAmar","DR-915","Direct Call","Medical Emergency","High Fever","2026/03/09 11:17:38 AM","Rahim Yar Khan"
"272456","Muhammad AAmar","DR-915","EMDS Call","Medical Emergency","High Fever","2026/03/09 11:23:08 AM","Sadiqabad"
"272457","Faiz Muhyy Ul Din","DR-892","EMDS Call","Medical Emergency","Joints Pain","2026/03/09 11:22:49 AM","Sadiqabad"
"272458","Muhammad AAmar","DR-915","EMDS Call","Medical Emergency","Abdominal Pain","2026/03/09 11:28:17 AM","Khanpur"
"272459","Faiz Muhyy Ul Din","DR-892","EMDS Call","Medical Emergency","Chronic Illness","2026/03/09 11:28:04 AM","Khanpur"
"272460","Muhammad AAmar","DR-915","EMDS Call","Medical Emergency","SOB/ Respiratory Distress","2026/03/09 11:41:24 AM","Rahim Yar Khan"
"76907","Muhammad Zahid","DR-888","Direct Call","Patient Transfer Service","N/A","2026/03/09 11:46:35 AM","Liaqatpur"
"272461","Muhammad Zahid","DR-888","EMDS Call","Medical Emergency","Chest Pain","2026/03/09 11:48:39 AM","Rahim Yar Khan"
"76908","Faiz Muhyy Ul Din","DR-892","Direct Call","Patient Transfer Service","N/A","2026/03/09 11:51:28 AM","Liaqatpur"
"272463","Muhammad AAmar","DR-915","EMDS Call","Road Crash","Severe Trauma","2026/03/09 12:07:31 PM","Rahim Yar Khan"
"272462","Shaheen Islam","DR-1171","EMDS Call","Road Crash","Bleeding","2026/03/09 12:07:41 PM","Rahim Yar Khan"
"272464","Faiz Muhyy Ul Din","DR-892","EMDS Call","Medical Emergency","Unconscious","2026/03/09 12:14:58 PM","Rahim Yar Khan"
"272465","Muhammad Zahid","DR-888","EMDS Call","Medical Emergency","High Fever","2026/03/09 12:16:07 PM","Sadiqabad"
"272466","Faiz Muhyy Ul Din","DR-892","EMDS Call","Medical Emergency","Abdominal Pain","2026/03/09 12:16:42 PM","Liaqatpur"
"272467","Muhammad Zahid","DR-888","EMDS Call","Medical Emergency","Unconscious","2026/03/09 12:18:50 PM","Rahim Yar Khan"
"272468","Faiz Muhyy Ul Din","DR-892","EMDS Call","Medical Emergency","Unconscious","2026/03/09 12:21:24 PM","Rahim Yar Khan"
"272469","Saira Bibi","MR-5494","EMDS Call","Medical Emergency","Others","2026/03/09 12:20:58 PM","Rahim Yar Khan"
"272470","Farah Sadaqat","MR-5930","EMDS Call","Medical Emergency","Joints Pain","2026/03/09 12:25:10 PM","Rahim Yar Khan"
"Not Assigned","Faiz Muhyy Ul Din","DR-892","EMDS Call","Medical Emergency","Others","2026/03/09 12:29:49 PM","Rahim Yar Khan"
"272471","Saira Bibi","MR-5494","EMDS Call","Medical Emergency","Abdominal Pain","2026/03/09 12:30:55 PM","Sadiqabad"
"272472","Faiz Muhyy Ul Din","DR-892","EMDS Call","Medical Emergency","Joints Pain","2026/03/09 12:30:51 PM","Sadiqabad"
"272473","Saira Bibi","MR-5494","EMDS Call","Medical Emergency","SOB/ Respiratory Distress","2026/03/09 12:34:52 PM","Rahim Yar Khan"
"272474","Farah Sadaqat","MR-5930","EMDS Call","Medical Emergency","Vomiting","2026/03/09 12:37:10 PM","Sadiqabad"
"272475","Saira Bibi","MR-5494","EMDS Call","Road Crash","Minor Injuries","2026/03/09 12:38:17 PM","Rahim Yar Khan"
"272476","Faiz Muhyy Ul Din","DR-892","EMDS Call","Road Crash","Minor Injuries","2026/03/09 12:39:58 PM","Rahim Yar Khan"
"272477","Faiz Muhyy Ul Din","DR-892","EMDS Call","Medical Emergency","Vomiting","2026/03/09 12:46:16 PM","Liaqatpur"
"272478","Farah Sadaqat","MR-5930","EMDS Call","Medical Emergency","Chronic Illness","2026/03/09 12:47:23 PM","Khanpur"
"Not Assigned","Farah Sadaqat","MR-5930","EMDS Call","Fire","Others","2026/03/09 12:51:41 PM","Sadiqabad"
"76909","Faiz Muhyy Ul Din","DR-892","Direct Call","Patient Transfer Service","N/A","2026/03/09 12:56:35 PM","Sadiqabad"
"272480","Farah Sadaqat","MR-5930","EMDS Call","Medical Emergency","Joints Pain","2026/03/09 12:56:21 PM","Rahim Yar Khan"
"272481","Saira Bibi","MR-5494","EMDS Call","Medical Emergency","Vomiting","2026/03/09 12:59:37 PM","Sadiqabad"
"76910","Saira Bibi","MR-5494","Direct Call","Patient Transfer Service","N/A","2026/03/09 01:03:31 PM","Rahim Yar Khan"
"76911","Farah Sadaqat","MR-5930","Direct Call","Patient Transfer Service","N/A","2026/03/09 01:07:22 PM","Sadiqabad"
"272482","Farah Sadaqat","MR-5930","EMDS Call","Medical Emergency","Unconscious","2026/03/09 01:12:07 PM","Sadiqabad"
"272483","Faiz Muhyy Ul Din","DR-892","EMDS Call","Road Crash","Minor Injuries","2026/03/09 01:31:31 PM","Sadiqabad"
"272485","Saira Bibi","MR-5494","EMDS Call","Medical Emergency","High Fever","2026/03/09 01:32:41 PM","Rahim Yar Khan"
"272484","Farah Sadaqat","MR-5930","EMDS Call","Medical Emergency","Vomiting","2026/03/09 01:33:20 PM","Rahim Yar Khan"
"272486","Faiz Muhyy Ul Din","DR-892","EMDS Call","Medical Emergency","Domestic Injuries","2026/03/09 01:39:48 PM","Rahim Yar Khan"
"272487","Farah Sadaqat","MR-5930","EMDS Call","Medical Emergency","Joints Pain","2026/03/09 01:41:35 PM","Rahim Yar Khan"
"272488","Adil Iqbal","DR-782","EMDS Call","Medical Emergency","Vomiting","2026/03/09 02:09:38 PM","Liaqatpur"
"272489","Adil Iqbal","DR-782","EMDS Call","Medical Emergency","High Fever","2026/03/09 02:13:03 PM","Rahim Yar Khan"
"272490","Sheeza Barkat","MR-5331","EMDS Call","Medical Emergency","Unconscious","2026/03/09 02:17:27 PM","Rahim Yar Khan"
"272491","Nida Rahat","DR-1322","EMDS Call","Medical Emergency","Epilepsy","2026/03/09 02:19:54 PM","Liaqatpur"
"272492","Fahad Hussain","DR-538","EMDS Call","Medical Emergency","Vomiting","2026/03/09 02:21:02 PM","Liaqatpur"
"272493","Sheeza Barkat","MR-5331","EMDS Call","Medical Emergency","Joints Pain","2026/03/09 02:31:20 PM","Khanpur"
"272494","Saima Bashir","MR-5819","EMDS Call","Medical Emergency","Vomiting","2026/03/09 02:32:30 PM","Sadiqabad"
"272495","Nida Rahat","DR-1322","EMDS Call","Medical Emergency","Diabetic","2026/03/09 02:31:31 PM","Rahim Yar Khan"
"272496","Nida Rahat","DR-1322","Direct Call","Medical Emergency","Vertigo/ Dizziness","2026/03/09 02:38:47 PM","Rahim Yar Khan"
"272497","Saima Bashir","MR-5819","EMDS Call","Medical Emergency","Renal Disorders / Renal Colic ","2026/03/09 02:40:20 PM","Liaqatpur"
"272500","Muhammad ALi","DR-818","EMDS Call","Medical Emergency","SOB/ Respiratory Distress","2026/03/09 02:56:31 PM","Rahim Yar Khan"
"272498","Zia ul Haq","DR-328","EMDS Call","Medical Emergency","SOB/ Respiratory Distress","2026/03/09 02:57:28 PM","Rahim Yar Khan"
"272499","Nida Rahat","DR-1322","EMDS Call","Road Crash","Minor Injuries","2026/03/09 03:00:35 PM","Sadiqabad"
"272501","Zia ul Haq","DR-328","EMDS Call","Medical Emergency","Vomiting","2026/03/09 03:02:53 PM","Rahim Yar Khan"
"272502","Sheeza Barkat","MR-5331","EMDS Call","Road Crash","Bleeding","2026/03/09 03:13:40 PM","Rahim Yar Khan"
"272503","Saima Bashir","MR-5819","EMDS Call","Medical Emergency","Chronic Illness","2026/03/09 03:17:23 PM","Liaqatpur"
"272504","Nida Rahat","DR-1322","EMDS Call","Fall","Fall From Roof","2026/03/09 03:21:03 PM","Rahim Yar Khan"
"272505","Saima Bashir","MR-5819","EMDS Call","Medical Emergency","Epilepsy","2026/03/09 03:23:04 PM","Liaqatpur"
"76912","Sheeza Barkat","MR-5331","Direct Call","Patient Transfer Service","N/A","2026/03/09 03:35:36 PM","Sadiqabad"
"272506","Zia ul Haq","DR-328","EMDS Call","Medical Emergency","Joints Pain","2026/03/09 03:31:53 PM","Rahim Yar Khan"
"76913","Nida Rahat","DR-1322","Direct Call","Patient Transfer Service","N/A","2026/03/09 03:40:12 PM","Liaqatpur"
"76914","Sheeza Barkat","MR-5331","Direct Call","Patient Transfer Service","N/A","2026/03/09 03:45:46 PM","Sadiqabad"
"272508","Nida Rahat","DR-1322","EMDS Call","Medical Emergency","SOB/ Respiratory Distress","2026/03/09 04:06:07 PM","Liaqatpur"
"272507","Sheeza Barkat","MR-5331","EMDS Call","Medical Emergency","Vomiting","2026/03/09 04:05:19 PM","Rahim Yar Khan"
"272509","Zia ul Haq","DR-328","EMDS Call","Medical Emergency","Renal Disorders / Renal Colic ","2026/03/09 04:12:54 PM","Rahim Yar Khan"
"272510","Saima Bashir","MR-5819","EMDS Call","Road Crash","Bleeding","2026/03/09 04:14:23 PM","Rahim Yar Khan"
"272510","Saima Bashir","MR-5819","EMDS Call","Road Crash","Bleeding","2026/03/09 04:14:23 PM","Rahim Yar Khan"
"272511","Saima Bashir","MR-5819","Direct Call","Medical Emergency","Hypertension","2026/03/09 04:22:04 PM","Rahim Yar Khan"
"272512","Sheeza Barkat","MR-5331","EMDS Call","Medical Emergency","Unconscious","2026/03/09 04:24:45 PM","Sadiqabad"
"272513","Nida Rahat","DR-1322","EMDS Call","Medical Emergency","Joints Pain","2026/03/09 04:31:03 PM","Rahim Yar Khan"
"Not Assigned","Sheeza Barkat","MR-5331","Direct Call","Industrial Inspection","Industrial Inspection","2026/03/09 04:33:44 PM","Sadiqabad"
"272514","Nida Rahat","DR-1322","EMDS Call","Medical Emergency","High Fever","2026/03/09 04:34:18 PM","Sadiqabad"
"272515","Sheeza Barkat","MR-5331","EMDS Call","Medical Emergency","Chronic Illness","2026/03/09 04:36:32 PM","Khanpur"
"76915","Sheeza Barkat","MR-5331","Direct Call","Patient Transfer Service","N/A","2026/03/09 04:45:04 PM","Sadiqabad"
"272516","Sheeza Barkat","MR-5331","EMDS Call","Medical Emergency","Anxiety / Psychiatric Disorder","2026/03/09 04:45:41 PM","Rahim Yar Khan"
"272517","Saima Bashir","MR-5819","EMDS Call","Medical Emergency","Unconscious","2026/03/09 04:51:40 PM","Rahim Yar Khan"
"272518","Muhammad ALi","DR-818","EMDS Call","Medical Emergency","High Fever","2026/03/09 05:01:41 PM","Rahim Yar Khan"
"272519","Saima Bashir","MR-5819","EMDS Call","Medical Emergency","Headache","2026/03/09 05:06:58 PM","Rahim Yar Khan"
"272520","Muhammad ALi","DR-818","EMDS Call","Medical Emergency","Vomiting","2026/03/09 05:07:22 PM","Rahim Yar Khan"
"272521","Sheeza Barkat","MR-5331","EMDS Call","Medical Emergency","High Fever","2026/03/09 05:08:50 PM","Rahim Yar Khan"
"272522","Muhammad ALi","DR-818","EMDS Call","Medical Emergency","Renal Disorders / Renal Colic ","2026/03/09 05:17:55 PM","Khanpur"
"272523","Sheeza Barkat","MR-5331","EMDS Call","Medical Emergency","SOB/ Respiratory Distress","2026/03/09 05:18:46 PM","Sadiqabad"
"76916","Sheeza Barkat","MR-5331","Direct Call","Patient Transfer Service","N/A","2026/03/09 05:26:10 PM","Sadiqabad"
"272524","Zia ul Haq","DR-328","EMDS Call","Medical Emergency","Chronic Illness","2026/03/09 05:35:21 PM","Khanpur"
"272525","Sheeza Barkat","MR-5331","EMDS Call","Road Crash","Multiple Fractures","2026/03/09 05:44:26 PM","Rahim Yar Khan"
"272526","Nida Rahat","DR-1322","EMDS Call","Medical Emergency","Vertigo/ Dizziness","2026/03/09 05:51:08 PM","Rahim Yar Khan"
"272527","Zia ul Haq","DR-328","EMDS Call","Medical Emergency","Vomiting","2026/03/09 05:53:20 PM","Liaqatpur"
"272528","Sheeza Barkat","MR-5331","EMDS Call","Medical Emergency","Others","2026/03/09 05:57:45 PM","Khanpur"
"272529","Sheeza Barkat","MR-5331","EMDS Call","Rescue Operations","Snake Emergency","2026/03/09 06:01:40 PM","Khanpur"
"272530","Saima Bashir","MR-5819","EMDS Call","Medical Emergency","Hypertension","2026/03/09 06:04:27 PM","Sadiqabad"
"272531","Nida Rahat","DR-1322","EMDS Call","Road Crash","Bleeding","2026/03/09 06:05:37 PM","Liaqatpur"
"272532","Sheeza Barkat","MR-5331","EMDS Call","Road Crash","Minor Injuries","2026/03/09 06:05:58 PM","Sadiqabad"
"272532","Sheeza Barkat","MR-5331","EMDS Call","Road Crash","Minor Injuries","2026/03/09 06:05:58 PM","Sadiqabad"
"272535","Nida Rahat","DR-1322","EMDS Call","Medical Emergency","SOB/ Respiratory Distress","2026/03/09 06:24:22 PM","Khanpur"
"272533","Nida Rahat","DR-1322","EMDS Call","Road Crash","Bleeding","2026/03/09 06:27:06 PM","Rahim Yar Khan"
"272534","Saima Bashir","MR-5819","EMDS Call","Medical Emergency","Chest Pain","2026/03/09 06:27:49 PM","Sadiqabad"
"272537","Nida Rahat","DR-1322","EMDS Call","Medical Emergency","Hypertension","2026/03/09 06:37:38 PM","Liaqatpur"
"272536","Saima Bashir","MR-5819","EMDS Call","Medical Emergency","Anxiety / Psychiatric Disorder","2026/03/09 06:40:06 PM","Rahim Yar Khan"
"272538","Saima Bashir","MR-5819","EMDS Call","Medical Emergency","Vertigo/ Dizziness","2026/03/09 06:51:01 PM","Rahim Yar Khan"
"272539","Sheeza Barkat","MR-5331","EMDS Call","Road Crash","Bleeding","2026/03/09 06:55:38 PM","Rahim Yar Khan"
"272540","Saima Bashir","MR-5819","EMDS Call","Medical Emergency","Unconscious","2026/03/09 06:55:37 PM","Sadiqabad"
"272541","Fahad Hussain","DR-538","EMDS Call","Medical Emergency","High Fever","2026/03/09 06:56:04 PM","Rahim Yar Khan"
"272542","Fahad Hussain","DR-538","EMDS Call","Road Crash","Bleeding","2026/03/09 07:00:25 PM","Rahim Yar Khan"
"272543","Sheeza Barkat","MR-5331","EMDS Call","Medical Emergency","SOB/ Respiratory Distress","2026/03/09 07:01:59 PM","Liaqatpur"
"272545","Sheeza Barkat","MR-5331","EMDS Call","Road Crash","Severe Trauma","2026/03/09 07:10:30 PM","Rahim Yar Khan"
"272545","Sheeza Barkat","MR-5331","EMDS Call","Road Crash","Severe Trauma","2026/03/09 07:10:30 PM","Rahim Yar Khan"
"272544","Nida Rahat","DR-1322","EMDS Call","Medical Emergency","Hypertension","2026/03/09 07:10:33 PM","Rahim Yar Khan"
"Not Assigned","Saima Bashir","MR-5819","EMDS Call","Road Crash","Severe Trauma","2026/03/09 07:10:58 PM","Rahim Yar Khan"
"272547","Saima Bashir","MR-5819","EMDS Call","Rescue Operations","Others","2026/03/09 07:15:37 PM","Liaqatpur"
"76917","Sheeza Barkat","MR-5331","Direct Call","Patient Transfer Service","N/A","2026/03/09 07:25:02 PM","Sadiqabad"
"272548","Nida Rahat","DR-1322","EMDS Call","Medical Emergency","Chronic Illness","2026/03/09 07:34:07 PM","Rahim Yar Khan"
"272549","Fahad Hussain","DR-538","EMDS Call","Medical Emergency","Diabetic","2026/03/09 07:39:14 PM","Sadiqabad"
"272551","Sheeza Barkat","MR-5331","EMDS Call","Road Crash","Bleeding","2026/03/09 07:48:38 PM","Rahim Yar Khan"
"272550","Fahad Hussain","DR-538","EMDS Call","Medical Emergency","Anxiety / Psychiatric Disorder","2026/03/09 07:49:15 PM","Rahim Yar Khan"
"272552","Nida Rahat","DR-1322","EMDS Call","Medical Emergency","High Fever","2026/03/09 07:51:46 PM","Rahim Yar Khan"
"272553","Saima Bashir","MR-5819","EMDS Call","Medical Emergency","Abdominal Pain","2026/03/09 07:52:47 PM","Khanpur"
"272555","Sheeza Barkat","MR-5331","EMDS Call","Medical Emergency","Abdominal Pain","2026/03/09 07:59:19 PM","Khanpur"
"272554","Fahad Hussain","DR-538","EMDS Call","Medical Emergency","Urinary Retention","2026/03/09 07:59:25 PM","Rahim Yar Khan"
"272556","Saima Bashir","MR-5819","EMDS Call","Road Crash","Minor Injuries","2026/03/09 08:09:12 PM","Sadiqabad"
"272557","Fahad Hussain","DR-538","EMDS Call","Medical Emergency","Hypertension","2026/03/09 08:26:47 PM","Rahim Yar Khan"
"272558","Fahad Hussain","DR-538","EMDS Call","Medical Emergency","Vertigo/ Dizziness","2026/03/09 08:31:27 PM","Sadiqabad"
"272559","Saima Bashir","MR-5819","EMDS Call","Medical Emergency","Urinary Retention","2026/03/09 08:30:40 PM","Liaqatpur"
"272560","Bushra Saleem","MR-5701","EMDS Call","Medical Emergency","SOB/ Respiratory Distress","2026/03/09 08:51:04 PM","Liaqatpur"
"272562","Bushra Saleem","MR-5701","EMDS Call","Medical Emergency","Joints Pain","2026/03/09 08:54:29 PM","Khanpur"
"272561","Muhammad Fiaz","DR-206","EMDS Call","Medical Emergency","SOB/ Respiratory Distress","2026/03/09 08:54:39 PM","Rahim Yar Khan"
"272563","Bushra Saleem","MR-5701","EMDS Call","Medical Emergency","Vomiting","2026/03/09 08:58:49 PM","Khanpur"
"76918","Bushra Saleem","MR-5701","Direct Call","Patient Transfer Service","N/A","2026/03/09 09:13:08 PM","Liaqatpur"
"Not Assigned","Muhammad Riaz","DR-654","EMDS Call","Medical Emergency","Vomiting","2026/03/09 09:15:07 PM","Rahim Yar Khan"
"76919","Muhammad Fiaz","DR-206","Direct Call","Patient Transfer Service","N/A","2026/03/09 09:17:17 PM","Sadiqabad"
"272565","Muhammad Riaz","DR-654","EMDS Call","Medical Emergency","Backache","2026/03/09 09:16:09 PM","Rahim Yar Khan"
"272566","Muhammad Riaz","DR-654","EMDS Call","Medical Emergency","Joints Pain","2026/03/09 09:21:03 PM","Rahim Yar Khan"
"272567","Bushra Saleem","MR-5701","EMDS Call","Medical Emergency","Anxiety / Psychiatric Disorder","2026/03/09 09:21:23 PM","Rahim Yar Khan"
"272568","Bushra Saleem","MR-5701","Direct Call","Rescue Operations","Mass Event Coverage","2026/03/09 09:25:24 PM","Rahim Yar Khan"
"272569","Bushra Saleem","MR-5701","EMDS Call","Medical Emergency","Unconscious","2026/03/09 09:36:46 PM","Liaqatpur"
"272570","Zupasha Zia","MR-5758","EMDS Call","Medical Emergency","Abdominal Pain","2026/03/09 09:41:01 PM","Sadiqabad"
"272571","Bushra Saleem","MR-5701","EMDS Call","Medical Emergency","Chronic Illness","2026/03/09 09:42:44 PM","Rahim Yar Khan"
"272572","Muhammad Fiaz","DR-206","Direct Call","Medical Emergency","Vomiting","2026/03/09 09:44:56 PM","Sadiqabad"
"272573","Muhammad Riaz","DR-654","EMDS Call","Fire","Others","2026/03/09 09:54:25 PM","Liaqatpur"
"272574","Muhammad Riaz","DR-654","EMDS Call","Medical Emergency","Hypertension","2026/03/09 10:08:07 PM","Liaqatpur"
"272575","Muhammad Fiaz","DR-206","EMDS Call","Medical Emergency","Hypertension","2026/03/09 10:15:20 PM","Rahim Yar Khan"
"272576","Muhammad Fiaz","DR-206","EMDS Call","Rescue Operations","Delivery Case","2026/03/09 10:25:58 PM","Rahim Yar Khan"
"272577","Muhammad Fiaz","DR-206","EMDS Call","Medical Emergency","Joints Pain","2026/03/09 10:30:52 PM","Sadiqabad"
"272578","Zupasha Zia","MR-5758","EMDS Call","Rescue Operations","Delivery Case","2026/03/09 10:36:08 PM","Rahim Yar Khan"
"272579","Zupasha Zia","MR-5758","EMDS Call","Medical Emergency","Joints Pain","2026/03/09 10:39:44 PM","Rahim Yar Khan"
"272580","Zupasha Zia","MR-5758","EMDS Call","Rescue Operations","Snake Emergency","2026/03/09 10:47:21 PM","Khanpur"
"272581","Muhammad Fiaz","DR-206","EMDS Call","Medical Emergency","Joints Pain","2026/03/09 10:48:21 PM","Rahim Yar Khan"
"272582","Zupasha Zia","MR-5758","EMDS Call","Medical Emergency","Anxiety / Psychiatric Disorder","2026/03/09 10:50:23 PM","Rahim Yar Khan"
"272583","Muhammad Fiaz","DR-206","EMDS Call","Medical Emergency","Others","2026/03/09 10:56:41 PM","Rahim Yar Khan"
"272584","Muhammad Rashid Saleem","DR-187","EMDS Call","Medical Emergency","Abdominal Pain","2026/03/09 10:56:41 PM","Rahim Yar Khan"
"272585","Muhammad Fiaz","DR-206","EMDS Call","Medical Emergency","SOB/ Respiratory Distress","2026/03/09 11:08:05 PM","Rahim Yar Khan"
"272586","Muhammad Fiaz","DR-206","EMDS Call","Medical Emergency","SOB/ Respiratory Distress","2026/03/09 11:29:18 PM","Khanpur"
"272587","Muhammad Rashid Saleem","DR-187","EMDS Call","Medical Emergency","Abdominal Pain","2026/03/09 11:32:08 PM","Sadiqabad"
"272588","Muhammad Fiaz","DR-206","EMDS Call","Medical Emergency","Gynae Problem","2026/03/09 11:34:41 PM","Rahim Yar Khan"
"272589","Zupasha Zia","MR-5758","EMDS Call","Medical Emergency","Joints Pain","2026/03/09 11:39:53 PM","Sadiqabad"
"272590","Muhammad Rashid Saleem","DR-187","EMDS Call","Medical Emergency","Anxiety / Psychiatric Disorder","2026/03/09 11:44:12 PM","Sadiqabad"
"272591","Muhammad Rashid Saleem","DR-187","EMDS Call","Medical Emergency","SOB/ Respiratory Distress","2026/03/09 11:52:11 PM","Sadiqabad"
"272592","Muhammad Fiaz","DR-206","EMDS Call","Medical Emergency","Vomiting","2026/03/10 12:02:41 AM","Rahim Yar Khan"
"272593","Zupasha Zia","MR-5758","EMDS Call","Medical Emergency","Gynae Problem","2026/03/10 12:15:20 AM","Rahim Yar Khan"
"76920","Muhammad Rashid Saleem","DR-187","Direct Call","Patient Transfer Service","N/A","2026/03/10 12:17:55 AM","Khanpur"
"272594","Muhammad Fiaz","DR-206","EMDS Call","Medical Emergency","Headache","2026/03/10 12:31:58 AM","Rahim Yar Khan"
"272595","Zupasha Zia","MR-5758","EMDS Call","Medical Emergency","Anxiety / Psychiatric Disorder","2026/03/10 12:33:47 AM","Sadiqabad"
"272596","Muhammad Fiaz","DR-206","EMDS Call","Medical Emergency","Vomiting","2026/03/10 12:46:34 AM","Rahim Yar Khan"
"272597","Muhammad Rashid Saleem","DR-187","EMDS Call","Medical Emergency","Chest Pain","2026/03/10 01:14:34 AM","Sadiqabad"
"272598","Muhammad Fiaz","DR-206","EMDS Call","Crime","Physical Assault/Violence","2026/03/10 01:27:34 AM","Rahim Yar Khan"
"272599","Muhammad Rashid Saleem","DR-187","EMDS Call","Medical Emergency","Hypertension","2026/03/10 01:37:48 AM","Sadiqabad"
"76921","Zupasha Zia","MR-5758","Direct Call","Patient Transfer Service","N/A","2026/03/10 01:39:21 AM","Rahim Yar Khan"
"272600","Muhammad Fiaz","DR-206","EMDS Call","Medical Emergency","Hypotension","2026/03/10 01:51:05 AM","Khanpur"
"272601","Zupasha Zia","MR-5758","EMDS Call","Medical Emergency","Vomiting","2026/03/10 02:10:13 AM","Rahim Yar Khan"
"272602","Muhammad Rashid Saleem","DR-187","EMDS Call","Medical Emergency","Abdominal Pain","2026/03/10 02:26:29 AM","Liaqatpur"
"272603","Muhammad Fiaz","DR-206","EMDS Call","Medical Emergency","Vomiting","2026/03/10 02:30:40 AM","Rahim Yar Khan"
"272604","Zupasha Zia","MR-5758","EMDS Call","Medical Emergency","Anxiety / Psychiatric Disorder","2026/03/10 02:38:17 AM","Sadiqabad"
"272605","Muhammad Rashid Saleem","DR-187","EMDS Call","Medical Emergency","Anxiety / Psychiatric Disorder","2026/03/10 02:41:29 AM","Rahim Yar Khan"
"272606","Zupasha Zia","MR-5758","EMDS Call","Medical Emergency","Others","2026/03/10 03:13:38 AM","Rahim Yar Khan"
"272607","Muhammad Riaz","DR-654","EMDS Call","Medical Emergency","SOB/ Respiratory Distress","2026/03/10 03:16:34 AM","Rahim Yar Khan"
"76922","Muhammad Riaz","DR-654","Direct Call","Patient Transfer Service","N/A","2026/03/10 03:22:44 AM","Sadiqabad"
"272608","Farhad Iftikhar","DR-913","EMDS Call","Medical Emergency","Chest Pain","2026/03/10 03:23:34 AM","Sadiqabad"
"76923","Muhammad Riaz","DR-654","Direct Call","Patient Transfer Service","N/A","2026/03/10 03:42:10 AM","Khanpur"
"272609","Muhammad Riaz","DR-654","EMDS Call","Medical Emergency","Urinary Retention","2026/03/10 03:44:57 AM","Khanpur"
"272610","Muhammad Riaz","DR-654","EMDS Call","Medical Emergency","Hypertension","2026/03/10 04:13:24 AM","Rahim Yar Khan"
"272611","Farhad Iftikhar","DR-913","EMDS Call","Medical Emergency","Renal Disorders / Renal Colic ","2026/03/10 04:16:17 AM","Sadiqabad"
"272612","Muhammad Riaz","DR-654","EMDS Call","Medical Emergency","Backache","2026/03/10 04:17:42 AM","Rahim Yar Khan"
"272613","Bushra Saleem","MR-5701","EMDS Call","Medical Emergency","Hypertension","2026/03/10 04:50:08 AM","Rahim Yar Khan"
"272614","Muhammad Riaz","DR-654","EMDS Call","Medical Emergency","Hypotension","2026/03/10 04:57:06 AM","Liaqatpur"
"272615","Muhammad Riaz","DR-654","EMDS Call","Medical Emergency","Vomiting","2026/03/10 05:17:54 AM","Khanpur"
"272617","Muhammad Riaz","DR-654","EMDS Call","Rescue Operations","Delivery Case","2026/03/10 06:02:17 AM","Sadiqabad"
"272616","Bushra Saleem","MR-5701","EMDS Call","Medical Emergency","Vertigo/ Dizziness","2026/03/10 06:01:16 AM","Rahim Yar Khan"
"272618","Muhammad Riaz","DR-654","EMDS Call","Road Crash","Bleeding","2026/03/10 06:08:35 AM","Sadiqabad"
"272619","Bushra Saleem","MR-5701","EMDS Call","Medical Emergency","Chest Pain","2026/03/10 06:20:49 AM","Rahim Yar Khan"
"272620","Bushra Saleem","MR-5701","EMDS Call","Medical Emergency","Abdominal Pain","2026/03/10 06:52:09 AM","Rahim Yar Khan"
"272621","Farhad Iftikhar","DR-913","EMDS Call","Medical Emergency","Hypotension","2026/03/10 06:54:23 AM","Khanpur"
"272622","Muhammad Riaz","DR-654","EMDS Call","Medical Emergency","High Fever","2026/03/10 07:11:37 AM","Liaqatpur"
"272623","Bushra Saleem","MR-5701","EMDS Call","Rescue Operations","Others","2026/03/10 07:19:49 AM","Rahim Yar Khan"
"272624","Farhad Iftikhar","DR-913","EMDS Call","Medical Emergency","Renal Disorders / Renal Colic ","2026/03/10 07:38:49 AM","Liaqatpur"
"272625","Shahla Nawaz","DR-185","EMDS Call","Medical Emergency","Joints Pain","2026/03/10 07:51:34 AM","Rahim Yar Khan"
"272626","Bushra Saleem","MR-5701","EMDS Call","Medical Emergency","Unconscious","2026/03/10 07:52:56 AM","Rahim Yar Khan"
"272627","Farah Sadaqat","MR-5930","EMDS Call","Medical Emergency","High Fever","2026/03/10 07:56:54 AM","Rahim Yar Khan"
"272628","Farah Sadaqat","MR-5930","EMDS Call","Road Crash","Minor Injuries","2026/03/10 08:13:22 AM","Rahim Yar Khan"
"272629","Farah Sadaqat","MR-5930","EMDS Call","Medical Emergency","SOB/ Respiratory Distress","2026/03/10 08:18:11 AM","Liaqatpur"
"272630","Shahla Nawaz","DR-185","EMDS Call","Medical Emergency","Others","2026/03/10 08:16:54 AM","Liaqatpur"
"272631","Saira Bibi","MR-5494","EMDS Call","Medical Emergency","High Fever","2026/03/10 08:18:37 AM","Rahim Yar Khan"
"272632","Shahla Nawaz","DR-185","EMDS Call","Medical Emergency","Vertigo/ Dizziness","2026/03/10 08:23:22 AM","Rahim Yar Khan"
"272633","Saira Bibi","MR-5494","Direct Call","Rescue Operations","Mass Event Coverage","2026/03/10 08:26:53 AM","Rahim Yar Khan"
"272634","Shahla Nawaz","DR-185","EMDS Call","Road Crash","Bleeding","2026/03/10 08:27:52 AM","Rahim Yar Khan"
"76924","Saira Bibi","MR-5494","Direct Call","Patient Transfer Service","N/A","2026/03/10 08:31:25 AM","Sadiqabad"
"272635","Farah Sadaqat","MR-5930","EMDS Call","Medical Emergency","SOB/ Respiratory Distress","2026/03/10 08:34:41 AM","Rahim Yar Khan"
"Not Assigned","Saira Bibi","MR-5494","EMDS Call","Road Crash","Bleeding","2026/03/10 08:36:30 AM","Khanpur"
"272636","Farah Sadaqat","MR-5930","EMDS Call","Medical Emergency","Abdominal Pain","2026/03/10 08:36:45 AM","Khanpur"
"76925","Farah Sadaqat","MR-5930","Direct Call","Patient Transfer Service","N/A","2026/03/10 08:41:13 AM","Liaqatpur"
"272637","Shahla Nawaz","DR-185","Direct Call","Rescue Operations","Mass Event Coverage","2026/03/10 08:42:23 AM","Khanpur"
"272638","Farah Sadaqat","MR-5930","EMDS Call","Medical Emergency","Chest Pain","2026/03/10 08:54:41 AM","Sadiqabad"
"272639","Shahla Nawaz","DR-185","EMDS Call","Medical Emergency","Joints Pain","2026/03/10 08:53:51 AM","Khanpur"
"272640","Saira Bibi","MR-5494","EMDS Call","Medical Emergency","SOB/ Respiratory Distress","2026/03/10 08:55:44 AM","Sadiqabad"
"272641","Saira Bibi","MR-5494","EMDS Call","Road Crash","Bleeding","2026/03/10 09:06:50 AM","Khanpur"
"272642","Farah Sadaqat","MR-5930","EMDS Call","Road Crash","Bleeding","2026/03/10 09:10:15 AM","Rahim Yar Khan"
"272643","Yasir Ilyas","DR-893","EMDS Call","Crime","Probable Suicide","2026/03/10 09:11:51 AM","Rahim Yar Khan"
"272644","Muhammad AAmar","DR-915","EMDS Call","Medical Emergency","Vomiting","2026/03/10 09:15:42 AM","Sadiqabad"
"272645","Farah Sadaqat","MR-5930","EMDS Call","Medical Emergency","Others","2026/03/10 09:28:31 AM","Liaqatpur"
"272646","Muhammad AAmar","DR-915","EMDS Call","Medical Emergency","Anxiety / Psychiatric Disorder","2026/03/10 09:38:30 AM","Rahim Yar Khan"
"272647","Farah Sadaqat","MR-5930","EMDS Call","Medical Emergency","Vomiting","2026/03/10 09:43:11 AM","Sadiqabad"
"272648","Yasir Ilyas","DR-893","EMDS Call","Road Crash","Severe Trauma","2026/03/10 09:53:31 AM","Khanpur"
"272649","Farah Sadaqat","MR-5930","EMDS Call","Medical Emergency","SOB/ Respiratory Distress","2026/03/10 09:55:10 AM","Liaqatpur"
"272650","Muhammad AAmar","DR-915","EMDS Call","Medical Emergency","Vomiting","2026/03/10 09:56:31 AM","Rahim Yar Khan"
"272651","Yasir Ilyas","DR-893","Direct Call","Rescue Operations","Animal/Bird Rescue","2026/03/10 09:58:46 AM","Rahim Yar Khan"
"76926","Yasir Ilyas","DR-893","Direct Call","Patient Transfer Service","N/A","2026/03/10 10:03:01 AM","Khanpur"
"272652","Muhammad AAmar","DR-915","EMDS Call","Fall","Fall From Roof","2026/03/10 10:06:20 AM","Rahim Yar Khan"
"272653","Yasir Ilyas","DR-893","EMDS Call","Rescue Operations","Delivery Case","2026/03/10 10:12:48 AM","Khanpur"
"272654","Muhammad AAmar","DR-915","EMDS Call","Medical Emergency","SOB/ Respiratory Distress","2026/03/10 10:15:33 AM","Rahim Yar Khan"
"272655","Farah Sadaqat","MR-5930","EMDS Call","Medical Emergency","Hypertension","2026/03/10 10:20:42 AM","Liaqatpur"
"272656","Muhammad AAmar","DR-915","EMDS Call","Road Crash","Bleeding","2026/03/10 10:27:51 AM","Rahim Yar Khan"
"272657","Farah Sadaqat","MR-5930","EMDS Call","Medical Emergency","Vertigo/ Dizziness","2026/03/10 10:43:50 AM","Rahim Yar Khan"
"272658","Farah Sadaqat","MR-5930","EMDS Call","Road Crash","Bleeding","2026/03/10 10:50:58 AM","Rahim Yar Khan"
"272660","Yasir Ilyas","DR-893","EMDS Call","Road Crash","Bleeding","2026/03/10 10:52:01 AM","Rahim Yar Khan"
"272659","Muhammad Arshad","DR-198","EMDS Call","Medical Emergency","SOB/ Respiratory Distress","2026/03/10 10:56:03 AM","Rahim Yar Khan"
"272661","Yasir Ilyas","DR-893","EMDS Call","Medical Emergency","CVA/Stroke","2026/03/10 10:59:18 AM","Rahim Yar Khan"
"76927","Muhammad AAmar","DR-915","Direct Call","Patient Transfer Service","N/A","2026/03/10 11:01:51 AM","Rahim Yar Khan"
"272662","Muhammad Arshad","DR-198","EMDS Call","Medical Emergency","High Fever","2026/03/10 11:00:50 AM","Liaqatpur"
"272663","Yasir Ilyas","DR-893","EMDS Call","Road Crash","Bleeding","2026/03/10 11:02:53 AM","Sadiqabad"
"Not Assigned","Farah Sadaqat","MR-5930","Direct Call","Industrial Inspection","Industrial Inspection","2026/03/10 11:03:58 AM","Khanpur"
"272664","Muhammad Arshad","DR-198","EMDS Call","Medical Emergency","Vomiting","2026/03/10 11:13:50 AM","Sadiqabad"
"272666","Muhammad Arshad","DR-198","EMDS Call","Medical Emergency","Vertigo/ Dizziness","2026/03/10 11:28:12 AM","Sadiqabad"
"272665","Muhammad Abid","DR-874","EMDS Call","Medical Emergency","Hypertension","2026/03/10 11:28:20 AM","Rahim Yar Khan"
"272667","Yasir Ilyas","DR-893","EMDS Call","Medical Emergency","Anxiety / Psychiatric Disorder","2026/03/10 11:28:28 AM","Rahim Yar Khan"
"272668","Muhammad Abid","DR-874","EMDS Call","Medical Emergency","Domestic Injuries","2026/03/10 11:32:48 AM","Rahim Yar Khan"
"272670","Muhammad Arshad","DR-198","EMDS Call","Medical Emergency","SOB/ Respiratory Distress","2026/03/10 11:33:55 AM","Khanpur"
"272669","Yasir Ilyas","DR-893","EMDS Call","Medical Emergency","Chest Pain","2026/03/10 11:33:44 AM","Rahim Yar Khan"
"272671","Muhammad Abid","DR-874","EMDS Call","Road Crash","Minor Injuries","2026/03/10 11:35:22 AM","Sadiqabad"
"76928","Muhammad Abid","DR-874","Direct Call","Patient Transfer Service","N/A","2026/03/10 11:43:17 AM","Khanpur"
"76929","Muhammad Abid","DR-874","Direct Call","Patient Transfer Service","N/A","2026/03/10 11:45:39 AM","Khanpur"
"272673","Yasir Ilyas","DR-893","EMDS Call","Medical Emergency","CVA/Stroke","2026/03/10 11:49:34 AM","Sadiqabad"
"272672","Muhammad Abid","DR-874","EMDS Call","Medical Emergency","Anxiety / Psychiatric Disorder","2026/03/10 11:51:47 AM","Rahim Yar Khan"
"272674","Yasir Ilyas","DR-893","EMDS Call","Medical Emergency","Joints Pain","2026/03/10 11:54:48 AM","Sadiqabad"
"272675","Muhammad Abid","DR-874","EMDS Call","Road Crash","Severe Trauma","2026/03/10 11:55:50 AM","Sadiqabad"
"272676","Imran Anjum","DR-204","EMDS Call","Road Crash","Minor Injuries","2026/03/10 12:05:26 PM","Sadiqabad"
"272676","Imran Anjum","DR-204","EMDS Call","Road Crash","Minor Injuries","2026/03/10 12:05:26 PM","Sadiqabad"
"272677","Imran Anjum","DR-204","EMDS Call","Medical Emergency","Abdominal Pain","2026/03/10 12:08:23 PM","Sadiqabad"
"272678","Muhammad Abid","DR-874","EMDS Call","Medical Emergency","Hypertension","2026/03/10 12:09:31 PM","Rahim Yar Khan"
"Not Assigned","Saira Bibi","MR-5494","EMDS Call","Road Crash","Bleeding","2026/03/10 12:19:55 PM","Khanpur"
"272680","Imran Anjum","DR-204","EMDS Call","Medical Emergency","High Fever","2026/03/10 12:22:14 PM","Rahim Yar Khan"
"76930","Saira Bibi","MR-5494","Direct Call","Patient Transfer Service","N/A","2026/03/10 12:33:55 PM","Liaqatpur"
"272681","Imran Anjum","DR-204","EMDS Call","Medical Emergency","Vertigo/ Dizziness","2026/03/10 12:32:26 PM","Rahim Yar Khan"
"76931","Saira Bibi","MR-5494","Direct Call","Patient Transfer Service","N/A","2026/03/10 12:38:44 PM","Liaqatpur"
"272682","Muhammad Abid","DR-874","EMDS Call","Road Crash","Bleeding","2026/03/10 12:37:28 PM","Sadiqabad"
"272683","Imran Anjum","DR-204","EMDS Call","Medical Emergency","Diabetic","2026/03/10 12:37:35 PM","Sadiqabad"
"272684","Imran Anjum","DR-204","EMDS Call","Medical Emergency","Chronic Illness","2026/03/10 12:43:14 PM","Sadiqabad"
"272685","Muhammad Abid","DR-874","EMDS Call","Medical Emergency","High Fever","2026/03/10 12:56:00 PM","Sadiqabad"
"272686","Imran Anjum","DR-204","EMDS Call","Medical Emergency","Hypotension","2026/03/10 01:00:24 PM","Sadiqabad"
"272687","Shahla Nawaz","DR-185","EMDS Call","Medical Emergency","Vertigo/ Dizziness","2026/03/10 01:03:54 PM","Rahim Yar Khan"
"272688","Imran Anjum","DR-204","EMDS Call","Medical Emergency","Vomiting","2026/03/10 01:04:22 PM","Khanpur"
"272689","Muhammad Abid","DR-874","EMDS Call","Medical Emergency","SOB/ Respiratory Distress","2026/03/10 01:04:34 PM","Rahim Yar Khan"
"272691","Imran Anjum","DR-204","EMDS Call","Medical Emergency","Chest Pain","2026/03/10 01:20:41 PM","Rahim Yar Khan"
"272690","Muhammad Abid","DR-874","EMDS Call","Medical Emergency","Chest Pain","2026/03/10 01:22:02 PM","Khanpur"
"272692","Shahla Nawaz","DR-185","EMDS Call","Fall","Slipped On Floor","2026/03/10 01:29:02 PM","Liaqatpur"
"272693","Shahla Nawaz","DR-185","EMDS Call","Crime","Probable Suicide","2026/03/10 01:36:07 PM","Rahim Yar Khan"
"272694","Saira Bibi","MR-5494","EMDS Call","Medical Emergency","Vomiting","2026/03/10 01:39:43 PM","Rahim Yar Khan"
"272695","Saira Bibi","MR-5494","EMDS Call","Medical Emergency","Abdominal Pain","2026/03/10 01:47:50 PM","Rahim Yar Khan"
"272696","Saira Bibi","MR-5494","EMDS Call","Medical Emergency","Diabetic","2026/03/10 01:59:18 PM","Rahim Yar Khan"
"272697","Fahad Hussain","DR-538","Direct Call","Medical Emergency","Joints Pain","2026/03/10 02:03:19 PM","Rahim Yar Khan"
"272698","Saira Bibi","MR-5494","EMDS Call","Medical Emergency","Hypertension","2026/03/10 02:05:07 PM","Khanpur"
"272699","Muhammad Abid","DR-874","EMDS Call","Medical Emergency","Vomiting","2026/03/10 02:07:31 PM","Rahim Yar Khan"
"272700","Muhammad Abid","DR-874","Direct Call","Medical Emergency","Joints Pain","2026/03/10 02:10:14 PM","Rahim Yar Khan"
"272701","Sheeza Barkat","MR-5331","EMDS Call","Medical Emergency","Headache","2026/03/10 02:10:10 PM","Rahim Yar Khan"
"272703","Aasia Batool","MR-5198","EMDS Call","Road Crash","Severe Trauma","2026/03/10 02:12:28 PM","Rahim Yar Khan"
"272702","Muhammad Abid","DR-874","EMDS Call","Medical Emergency","Joints Pain","2026/03/10 02:11:08 PM","Khanpur"
"76932","Muhammad Abid","DR-874","Direct Call","Patient Transfer Service","N/A","2026/03/10 02:18:50 PM","Khanpur"
"272704","Muhammad Abid","DR-874","EMDS Call","Medical Emergency","SOB/ Respiratory Distress","2026/03/10 02:20:07 PM","Khanpur"
"76933","Muhammad Abid","DR-874","Direct Call","Patient Transfer Service","N/A","2026/03/10 02:22:44 PM","Khanpur"
"272705","Nida Rahat","DR-1322","EMDS Call","Medical Emergency","High Fever","2026/03/10 02:35:22 PM","Sadiqabad"
"272706","Muhammad ALi","DR-818","EMDS Call","Medical Emergency","Epistaxis/ Nosebleed","2026/03/10 02:36:32 PM","Sadiqabad"
"272707","Aasia Batool","MR-5198","EMDS Call","Medical Emergency","SOB/ Respiratory Distress","2026/03/10 02:44:26 PM","Rahim Yar Khan"
"272708","Muhammad Abid","DR-874","Direct Call","Medical Emergency","Abdominal Pain","2026/03/10 02:46:47 PM","Rahim Yar Khan"
"272709","Nida Rahat","DR-1322","EMDS Call","Fall","Fall From Stairs","2026/03/10 02:47:33 PM","Sadiqabad"
"272710","Aasia Batool","MR-5198","EMDS Call","Medical Emergency","Joints Pain","2026/03/10 02:50:14 PM","Rahim Yar Khan"
"272711","Aasia Batool","MR-5198","EMDS Call","Medical Emergency","High Fever","2026/03/10 02:58:50 PM","Sadiqabad"
"272712","Muhammad Abid","DR-874","EMDS Call","Medical Emergency","Vomiting","2026/03/10 02:59:05 PM","Rahim Yar Khan"
"272714","Muhammad ALi","DR-818","Direct Call","Rescue Operations","Mass Event Coverage","2026/03/10 03:00:47 PM","Rahim Yar Khan"
"76934","Muhammad Abid","DR-874","Direct Call","Patient Transfer Service","N/A","2026/03/10 03:03:16 PM","Liaqatpur"
"272713","Muhammad ALi","DR-818","EMDS Call","Medical Emergency","Abdominal Pain","2026/03/10 03:01:02 PM","Sadiqabad"
"272715","Muhammad ALi","DR-818","EMDS Call","Road Crash","Minor Injuries","2026/03/10 03:05:03 PM","Rahim Yar Khan"
"272716","Muhammad ALi","DR-818","EMDS Call","Medical Emergency","Vertigo/ Dizziness","2026/03/10 03:11:12 PM","Rahim Yar Khan"
"272717","Muhammad ALi","DR-818","EMDS Call","Medical Emergency","SOB/ Respiratory Distress","2026/03/10 03:18:50 PM","Rahim Yar Khan"
"272718","Sheeza Barkat","MR-5331","EMDS Call","Medical Emergency","Hypotension","2026/03/10 03:34:25 PM","Rahim Yar Khan"
"272719","Muhammad ALi","DR-818","EMDS Call","Road Crash","Minor Injuries","2026/03/10 03:39:07 PM","Rahim Yar Khan"
"272720","Muhammad ALi","DR-818","EMDS Call","Road Crash","Minor Injuries","2026/03/10 03:49:52 PM","Sadiqabad"
"272721","Zia ul Haq","DR-328","EMDS Call","Road Crash","Minor Injuries","2026/03/10 03:53:50 PM","Rahim Yar Khan"
"272722","Nida Rahat","DR-1322","EMDS Call","Medical Emergency","Hypertension","2026/03/10 03:53:02 PM","Rahim Yar Khan"
"272723","Zia ul Haq","DR-328","EMDS Call","Medical Emergency","Epistaxis/ Nosebleed","2026/03/10 04:05:15 PM","Rahim Yar Khan"
"272724","Sheeza Barkat","MR-5331","EMDS Call","Road Crash","Severe Trauma","2026/03/10 04:08:50 PM","Rahim Yar Khan"
"272725","Zia ul Haq","DR-328","EMDS Call","Medical Emergency","SOB/ Respiratory Distress","2026/03/10 04:09:36 PM","Sadiqabad"
"76935","Aasia Batool","MR-5198","Direct Call","Patient Transfer Service","N/A","2026/03/10 04:15:12 PM","Sadiqabad"
"272726","Aasia Batool","MR-5198","EMDS Call","Road Crash","Bleeding","2026/03/10 04:17:13 PM","Khanpur"
"272727","Sheeza Barkat","MR-5331","EMDS Call","Medical Emergency","Epilepsy","2026/03/10 04:18:30 PM","Liaqatpur"
"76936","Aasia Batool","MR-5198","Direct Call","Patient Transfer Service","N/A","2026/03/10 04:20:46 PM","Sadiqabad"
"272728","Nida Rahat","DR-1322","EMDS Call","Medical Emergency","Renal Disorders / Renal Colic ","2026/03/10 04:28:56 PM","Rahim Yar Khan"
"272729","Zia ul Haq","DR-328","EMDS Call","Road Crash","Minor Injuries","2026/03/10 04:29:03 PM","Rahim Yar Khan"
"272729","Zia ul Haq","DR-328","EMDS Call","Road Crash","Minor Injuries","2026/03/10 04:29:03 PM","Rahim Yar Khan"
"76937","Aasia Batool","MR-5198","Direct Call","Patient Transfer Service","N/A","2026/03/10 04:39:02 PM","Sadiqabad"
"272732","Muhammad ALi","DR-818","EMDS Call","Medical Emergency","Vertigo/ Dizziness","2026/03/10 04:40:04 PM","Sadiqabad"
"272730","Aasia Batool","MR-5198","EMDS Call","Medical Emergency","SOB/ Respiratory Distress","2026/03/10 04:42:58 PM","Rahim Yar Khan"
"272731","Nida Rahat","DR-1322","EMDS Call","Fire","Others","2026/03/10 04:45:24 PM","Liaqatpur"
"272733","Nida Rahat","DR-1322","EMDS Call","Medical Emergency","Unconscious","2026/03/10 04:49:19 PM","Rahim Yar Khan"
"76938","Aasia Batool","MR-5198","Direct Call","Patient Transfer Service","N/A","2026/03/10 04:53:55 PM","Sadiqabad"
"272734","Nida Rahat","DR-1322","EMDS Call","Medical Emergency","Chest Pain","2026/03/10 05:00:49 PM","Rahim Yar Khan"
"272735","Zia ul Haq","DR-328","EMDS Call","Medical Emergency","SOB/ Respiratory Distress","2026/03/10 05:03:11 PM","Khanpur"
"272736","Sheeza Barkat","MR-5331","EMDS Call","Road Crash","Severe Trauma","2026/03/10 05:15:42 PM","Rahim Yar Khan"
"272737","Sheeza Barkat","MR-5331","EMDS Call","Road Crash","Minor Injuries","2026/03/10 05:27:03 PM","Rahim Yar Khan"
"272738","Nida Rahat","DR-1322","EMDS Call","Medical Emergency","Hypertension","2026/03/10 05:31:17 PM","Sadiqabad"
"272739","Sheeza Barkat","MR-5331","EMDS Call","Medical Emergency","Headache","2026/03/10 05:32:01 PM","Rahim Yar Khan"
"272740","Nida Rahat","DR-1322","EMDS Call","Medical Emergency","SOB/ Respiratory Distress","2026/03/10 05:39:42 PM","Sadiqabad"
"76939","Sheeza Barkat","MR-5331","Direct Call","Patient Transfer Service","N/A","2026/03/10 05:41:12 PM","Liaqatpur"
"76940","Sheeza Barkat","MR-5331","Direct Call","Patient Transfer Service","N/A","2026/03/10 05:44:03 PM","Liaqatpur"
"Not Assigned","Muhammad ALi","DR-818","Direct Call","Patient Transfer Service","N/A","2026/03/10 05:43:32 PM","Liaqatpur"
"272741","Sheeza Barkat","MR-5331","EMDS Call","Road Crash","Bleeding","2026/03/10 05:50:22 PM","Rahim Yar Khan"
"272742","Nida Rahat","DR-1322","EMDS Call","Medical Emergency","Epilepsy","2026/03/10 05:56:39 PM","Rahim Yar Khan"
"272743","Sheeza Barkat","MR-5331","EMDS Call","Fire","Others","2026/03/10 05:58:47 PM","Khanpur"
"272744","Aasia Batool","MR-5198","EMDS Call","Medical Emergency","Urinary Retention","2026/03/10 06:15:57 PM","Rahim Yar Khan"
"272745","Muhammad ALi","DR-818","EMDS Call","Medical Emergency","Abdominal Pain","2026/03/10 06:17:39 PM","Sadiqabad"
"272746","Sheeza Barkat","MR-5331","EMDS Call","Medical Emergency","Domestic Injuries","2026/03/10 06:29:04 PM","Khanpur"
"272747","Muhammad ALi","DR-818","EMDS Call","Medical Emergency","Vomiting","2026/03/10 06:29:31 PM","Rahim Yar Khan"
"272748","Sheeza Barkat","MR-5331","EMDS Call","Medical Emergency","Hypertension","2026/03/10 06:32:30 PM","Sadiqabad"
"272749","Muhammad ALi","DR-818","EMDS Call","Medical Emergency","Chest Pain","2026/03/10 06:42:20 PM","Liaqatpur"
"272751","Aasia Batool","MR-5198","EMDS Call","Medical Emergency","Epilepsy","2026/03/10 06:51:41 PM","Liaqatpur"
"272750","Sheeza Barkat","MR-5331","EMDS Call","Road Crash","Bleeding","2026/03/10 06:52:15 PM","Rahim Yar Khan"
"272753","Sheeza Barkat","MR-5331","EMDS Call","Medical Emergency","High Fever","2026/03/10 07:02:36 PM","Rahim Yar Khan"
"272752","Nida Rahat","DR-1322","EMDS Call","Medical Emergency","Anxiety / Psychiatric Disorder","2026/03/10 07:02:58 PM","Rahim Yar Khan"
"272754","Sheeza Barkat","MR-5331","EMDS Call","Medical Emergency","High Fever","2026/03/10 07:09:00 PM","Rahim Yar Khan"
"272756","Nida Rahat","DR-1322","EMDS Call","Medical Emergency","High Fever","2026/03/10 07:11:55 PM","Rahim Yar Khan"
"272757","Aasia Batool","MR-5198","EMDS Call","Road Crash","Bleeding","2026/03/10 07:11:43 PM","Rahim Yar Khan"
"272755","Sheeza Barkat","MR-5331","EMDS Call","Medical Emergency","Vomiting","2026/03/10 07:13:03 PM","Rahim Yar Khan"
"272758","Nida Rahat","DR-1322","EMDS Call","Road Crash","Bleeding","2026/03/10 07:16:37 PM","Rahim Yar Khan"
"272759","Fahad Hussain","DR-538","EMDS Call","Road Crash","Bleeding","2026/03/10 07:25:14 PM","Khanpur"
"272760","Aasia Batool","MR-5198","EMDS Call","Medical Emergency","Hypertension","2026/03/10 07:32:02 PM","Liaqatpur"
"272761","Aasia Batool","MR-5198","EMDS Call","Medical Emergency","Vertigo/ Dizziness","2026/03/10 07:36:59 PM","Rahim Yar Khan"
"272762","Aasia Batool","MR-5198","EMDS Call","Road Crash","Minor Injuries","2026/03/10 07:41:08 PM","Sadiqabad"
"272763","Sheeza Barkat","MR-5331","EMDS Call","Medical Emergency","Hypertension","2026/03/10 07:42:37 PM","Rahim Yar Khan"
"272764","Fahad Hussain","DR-538","EMDS Call","Medical Emergency","Abdominal Pain","2026/03/10 07:43:43 PM","Khanpur"
"272765","Aasia Batool","MR-5198","EMDS Call","Medical Emergency","SOB/ Respiratory Distress","2026/03/10 07:45:05 PM","Sadiqabad"
"272766","Aasia Batool","MR-5198","EMDS Call","Medical Emergency","Anxiety / Psychiatric Disorder","2026/03/10 07:51:55 PM","Sadiqabad"
"272767","Sheeza Barkat","MR-5331","EMDS Call","Medical Emergency","Vomiting","2026/03/10 07:49:50 PM","Liaqatpur"
"272768","Sheeza Barkat","MR-5331","EMDS Call","Road Crash","Minor Injuries","2026/03/10 07:56:45 PM","Rahim Yar Khan"
"272769","Nida Rahat","DR-1322","EMDS Call","Medical Emergency","Chest Pain","2026/03/10 07:56:54 PM","Sadiqabad"
"272770","Fahad Hussain","DR-538","EMDS Call","Road Crash","Severe Trauma","2026/03/10 07:58:54 PM","Khanpur"
"272771","Fahad Hussain","DR-538","EMDS Call","Medical Emergency","Joints Pain","2026/03/10 08:06:49 PM","Rahim Yar Khan"
"272772","Nida Rahat","DR-1322","EMDS Call","Medical Emergency","Abdominal Pain","2026/03/10 08:06:27 PM","Rahim Yar Khan"
"272773","Sheeza Barkat","MR-5331","EMDS Call","Road Crash","Minor Injuries","2026/03/10 08:11:53 PM","Rahim Yar Khan"
"272774","Fahad Hussain","DR-538","EMDS Call","Medical Emergency","Anxiety / Psychiatric Disorder","2026/03/10 08:15:09 PM","Liaqatpur"
"272776","Sheeza Barkat","MR-5331","EMDS Call","Medical Emergency","Abdominal Pain","2026/03/10 08:16:34 PM","Khanpur"
"272775","Nida Rahat","DR-1322","EMDS Call","Fall","Fall From Stairs","2026/03/10 08:17:46 PM","Rahim Yar Khan"
"272777","Aasia Batool","MR-5198","EMDS Call","Medical Emergency","Abdominal Pain","2026/03/10 08:18:20 PM","Sadiqabad"
"272778","Fahad Hussain","DR-538","EMDS Call","Rescue Operations","Delivery Case","2026/03/10 08:18:29 PM","Khanpur"
"272779","Sheeza Barkat","MR-5331","EMDS Call","Medical Emergency","Abdominal Pain","2026/03/10 08:19:53 PM","Liaqatpur"
"272780","Sheeza Barkat","MR-5331","EMDS Call","Road Crash","Severe Trauma","2026/03/10 08:25:07 PM","Rahim Yar Khan"
"272781","Nida Rahat","DR-1322","EMDS Call","Medical Emergency","Vertigo/ Dizziness","2026/03/10 08:26:28 PM","Rahim Yar Khan"
"272782","Sheeza Barkat","MR-5331","Direct Call","Fire","Others","2026/03/10 08:29:22 PM","Liaqatpur"
"272783","Nida Rahat","DR-1322","EMDS Call","Medical Emergency","Domestic Injuries","2026/03/10 08:33:37 PM","Rahim Yar Khan"
"272784","Zia ul Haq","DR-328","Direct Call","Rescue Operations","Mass Event Coverage","2026/03/10 08:37:10 PM","Rahim Yar Khan"
"272784","Zia ul Haq","DR-328","Direct Call","Rescue Operations","Mass Event Coverage","2026/03/10 08:37:10 PM","Rahim Yar Khan"
"272784","Zia ul Haq","DR-328","Direct Call","Rescue Operations","Mass Event Coverage","2026/03/10 08:37:10 PM","Rahim Yar Khan"
"272784","Zia ul Haq","DR-328","Direct Call","Rescue Operations","Mass Event Coverage","2026/03/10 08:37:10 PM","Rahim Yar Khan"
"272784","Zia ul Haq","DR-328","Direct Call","Rescue Operations","Mass Event Coverage","2026/03/10 08:37:10 PM","Rahim Yar Khan"
"272784","Zia ul Haq","DR-328","Direct Call","Rescue Operations","Mass Event Coverage","2026/03/10 08:37:10 PM","Rahim Yar Khan"
"272784","Zia ul Haq","DR-328","Direct Call","Rescue Operations","Mass Event Coverage","2026/03/10 08:37:10 PM","Rahim Yar Khan"
"272784","Zia ul Haq","DR-328","Direct Call","Rescue Operations","Mass Event Coverage","2026/03/10 08:37:10 PM","Rahim Yar Khan"
"272785","Aasia Batool","MR-5198","EMDS Call","Medical Emergency","SOB/ Respiratory Distress","2026/03/10 08:40:38 PM","Rahim Yar Khan"
"272786","Bushra Saleem","MR-5701","EMDS Call","Medical Emergency","SOB/ Respiratory Distress","2026/03/10 08:44:30 PM","Khanpur"
"272787","Bushra Saleem","MR-5701","EMDS Call","Medical Emergency","Diarrhea","2026/03/10 08:54:42 PM","Rahim Yar Khan"
"272788","Muhammad Rashid Saleem","DR-187","EMDS Call","Medical Emergency","Anxiety / Psychiatric Disorder","2026/03/10 09:20:40 PM","Rahim Yar Khan"
"272789","Sajid Mehmood","DR-914","EMDS Call","Medical Emergency","Vertigo/ Dizziness","2026/03/10 09:23:41 PM","Rahim Yar Khan"
"76941","Muhammad Fiaz","DR-206","Direct Call","Patient Transfer Service","N/A","2026/03/10 09:28:34 PM","Sadiqabad"
"272790","Sajid Mehmood","DR-914","EMDS Call","Medical Emergency","Abdominal Pain","2026/03/10 09:43:39 PM","Rahim Yar Khan"
"272791","Muhammad Fiaz","DR-206","EMDS Call","Medical Emergency","Anxiety / Psychiatric Disorder","2026/03/10 09:47:23 PM","Rahim Yar Khan"
"272792","Bushra Saleem","MR-5701","EMDS Call","Medical Emergency","Vertigo/ Dizziness","2026/03/10 09:49:03 PM","Rahim Yar Khan"
"272793","Sajid Mehmood","DR-914","EMDS Call","Medical Emergency","Hypertension","2026/03/10 09:51:09 PM","Sadiqabad"
"272794","Muhammad Fiaz","DR-206","EMDS Call","Medical Emergency","Vomiting","2026/03/10 09:52:34 PM","Liaqatpur"
"272795","Sajid Mehmood","DR-914","EMDS Call","Medical Emergency","SOB/ Respiratory Distress","2026/03/10 09:56:35 PM","Rahim Yar Khan"
"272796","Muhammad Fiaz","DR-206","EMDS Call","Medical Emergency","Vertigo/ Dizziness","2026/03/10 09:57:16 PM","Rahim Yar Khan"
"76942","Bushra Saleem","MR-5701","Direct Call","Patient Transfer Service","N/A","2026/03/10 10:20:15 PM","Khanpur"
"272797","Muhammad Fiaz","DR-206","EMDS Call","Medical Emergency","Headache","2026/03/10 10:30:44 PM","Liaqatpur"
"272798","Sajid Mehmood","DR-914","EMDS Call","Medical Emergency","Others","2026/03/10 10:36:34 PM","Rahim Yar Khan"
"272799","Muhammad Abid","DR-874","EMDS Call","Road Crash","Severe Trauma","2026/03/10 10:40:52 PM","Sadiqabad"
"76943","Sajid Mehmood","DR-914","Direct Call","Patient Transfer Service","N/A","2026/03/10 10:43:27 PM","Liaqatpur"
"272800","Muhammad Fiaz","DR-206","EMDS Call","Medical Emergency","Diabetic","2026/03/10 10:48:45 PM","Rahim Yar Khan"
"272801","Muhammad Fiaz","DR-206","EMDS Call","Medical Emergency","SOB/ Respiratory Distress","2026/03/10 10:50:27 PM","Khanpur"
"272802","Rana M. Usman","DR-200","EMDS Call","Medical Emergency","High Fever","2026/03/10 10:52:28 PM","Liaqatpur"
"272803","Muhammad Fiaz","DR-206","EMDS Call","Medical Emergency","Anxiety / Psychiatric Disorder","2026/03/10 10:58:43 PM","Sadiqabad"
"272804","Muhammad Fiaz","DR-206","EMDS Call","Medical Emergency","Anxiety / Psychiatric Disorder","2026/03/10 11:02:18 PM","Sadiqabad"
"272805","Muhammad Abid","DR-874","EMDS Call","Medical Emergency","Unconscious","2026/03/10 11:32:38 PM","Sadiqabad"
"272806","Muhammad Abid","DR-874","EMDS Call","Medical Emergency","Chest Pain","2026/03/11 12:08:41 AM","Khanpur"
"272807","Muhammad Fiaz","DR-206","EMDS Call","Medical Emergency","High Fever","2026/03/11 12:27:40 AM","Rahim Yar Khan"
"272808","Rana M. Usman","DR-200","EMDS Call","Medical Emergency","Hypertension","2026/03/11 12:25:40 AM","Rahim Yar Khan"
"76944","Rana M. Usman","DR-200","Direct Call","Patient Transfer Service","N/A","2026/03/11 12:47:28 AM","Sadiqabad"
"76945","Rana M. Usman","DR-200","Direct Call","Patient Transfer Service","N/A","2026/03/11 12:51:32 AM","Sadiqabad"
"272809","Muhammad Fiaz","DR-206","EMDS Call","Medical Emergency","Vomiting","2026/03/11 12:53:27 AM","Rahim Yar Khan"
"272810","Muhammad Abid","DR-874","EMDS Call","Medical Emergency","Anxiety / Psychiatric Disorder","2026/03/11 12:53:47 AM","Sadiqabad"
"272811","Rana M. Usman","DR-200","EMDS Call","Medical Emergency","Epistaxis/ Nosebleed","2026/03/11 01:19:01 AM","Rahim Yar Khan"
"272812","Muhammad Fiaz","DR-206","EMDS Call","Medical Emergency","Gynae Problem","2026/03/11 01:40:42 AM","Rahim Yar Khan"
"272813","Muhammad Fiaz","DR-206","EMDS Call","Medical Emergency","SOB/ Respiratory Distress","2026/03/11 01:57:53 AM","Khanpur"
"272814","Muhammad Abid","DR-874","EMDS Call","Medical Emergency","SOB/ Respiratory Distress","2026/03/11 02:02:51 AM","Khanpur"
"272815","Muhammad Fiaz","DR-206","EMDS Call","Medical Emergency","Chemical / Drug Poisoning","2026/03/11 02:07:44 AM","Liaqatpur"
"272816","Rana M. Usman","DR-200","EMDS Call","Medical Emergency","Unconscious","2026/03/11 02:22:30 AM","Rahim Yar Khan"
"272817","Muhammad Abid","DR-874","EMDS Call","Road Crash","Bleeding","2026/03/11 02:50:02 AM","Liaqatpur"
"76946","Rana M. Usman","DR-200","Direct Call","Patient Transfer Service","N/A","2026/03/11 02:56:02 AM","Sadiqabad"
"272818","Muhammad Fiaz","DR-206","EMDS Call","Medical Emergency","Vomiting","2026/03/11 03:10:11 AM","Rahim Yar Khan"
"272819","Sajid Mehmood","DR-914","EMDS Call","Medical Emergency","Hypertension","2026/03/11 03:28:41 AM","Rahim Yar Khan"
"272820","Bushra Saleem","MR-5701","EMDS Call","Medical Emergency","Hypertension","2026/03/11 03:38:00 AM","Rahim Yar Khan"
"272821","Muhammad Abid","DR-874","EMDS Call","Medical Emergency","SOB/ Respiratory Distress","2026/03/11 03:46:58 AM","Sadiqabad"
"272822","Sajid Mehmood","DR-914","EMDS Call","Medical Emergency","Abdominal Pain","2026/03/11 03:56:45 AM","Khanpur"
"272823","Sajid Mehmood","DR-914","Direct Call","Medical Emergency","SOB/ Respiratory Distress","2026/03/11 03:59:28 AM","Rahim Yar Khan"
"272824","Sajid Mehmood","DR-914","EMDS Call","Medical Emergency","Hypertension","2026/03/11 04:19:55 AM","Rahim Yar Khan"
"272825","Bushra Saleem","MR-5701","EMDS Call","Medical Emergency","Abdominal Pain","2026/03/11 04:18:43 AM","Khanpur"
"272826","Sajid Mehmood","DR-914","EMDS Call","Medical Emergency","Vomiting","2026/03/11 04:54:01 AM","Sadiqabad"
"272827","Bushra Saleem","MR-5701","EMDS Call","Medical Emergency","CVA/Stroke","2026/03/11 05:05:34 AM","Khanpur"
"272828","Sajid Mehmood","DR-914","EMDS Call","Medical Emergency","Unconscious","2026/03/11 05:13:15 AM","Rahim Yar Khan"
"272829","Bushra Saleem","MR-5701","EMDS Call","Medical Emergency","Chronic Illness","2026/03/11 05:20:22 AM","Rahim Yar Khan"
"272830","Bushra Saleem","MR-5701","EMDS Call","Medical Emergency","Vomiting","2026/03/11 05:33:16 AM","Sadiqabad"
"272831","Sajid Mehmood","DR-914","EMDS Call","Medical Emergency","Anxiety / Psychiatric Disorder","2026/03/11 05:33:48 AM","Rahim Yar Khan"
"272832","Bushra Saleem","MR-5701","EMDS Call","Medical Emergency","Vomiting","2026/03/11 06:02:31 AM","Sadiqabad"
"272834","Muhammad Riaz","DR-654","EMDS Call","Medical Emergency","SOB/ Respiratory Distress","2026/03/11 06:04:18 AM","Rahim Yar Khan"
"272833","Sajid Mehmood","DR-914","EMDS Call","Medical Emergency","Joints Pain","2026/03/11 06:04:26 AM","Rahim Yar Khan"
"272835","Sajid Mehmood","DR-914","EMDS Call","Medical Emergency","Diabetic","2026/03/11 06:22:09 AM","Khanpur"
"76947","Sajid Mehmood","DR-914","Direct Call","Patient Transfer Service","N/A","2026/03/11 06:30:07 AM","Sadiqabad"
"272836","Bushra Saleem","MR-5701","EMDS Call","Medical Emergency","Abdominal Pain","2026/03/11 06:28:02 AM","Khanpur"
"272837","Sajid Mehmood","DR-914","EMDS Call","Medical Emergency","SOB/ Respiratory Distress","2026/03/11 06:35:58 AM","Rahim Yar Khan"
"272838","Bushra Saleem","MR-5701","EMDS Call","Medical Emergency","Vertigo/ Dizziness","2026/03/11 06:37:33 AM","Rahim Yar Khan"
"76948","Sajid Mehmood","DR-914","Direct Call","Patient Transfer Service","N/A","2026/03/11 06:40:33 AM","Sadiqabad"
"272839","Muhammad Riaz","DR-654","EMDS Call","Road Crash","Severe Trauma","2026/03/11 06:47:10 AM","Sadiqabad"
"272839","Muhammad Riaz","DR-654","EMDS Call","Road Crash","Severe Trauma","2026/03/11 06:47:10 AM","Sadiqabad"
"272841","Sajid Mehmood","DR-914","EMDS Call","Medical Emergency","Urinary Retention","2026/03/11 06:58:00 AM","Rahim Yar Khan"
"272840","Bushra Saleem","MR-5701","EMDS Call","Medical Emergency","SOB/ Respiratory Distress","2026/03/11 06:58:21 AM","Liaqatpur"
"272842","Muhammad Riaz","DR-654","EMDS Call","Medical Emergency","Vomiting","2026/03/11 07:12:39 AM","Liaqatpur"
"272843","Muhammad Riaz","DR-654","EMDS Call","Medical Emergency","SOB/ Respiratory Distress","2026/03/11 07:19:08 AM","Rahim Yar Khan"
"272844","Sajid Mehmood","DR-914","Direct Call","Medical Emergency","Diabetic","2026/03/11 07:55:47 AM","Sadiqabad"
"272845","Muhammad Riaz","DR-654","Direct Call","Medical Emergency","Vomiting","2026/03/11 08:00:47 AM","Sadiqabad"
"272846","Faiz Muhyy Ul Din","DR-892","EMDS Call","Medical Emergency","Vertigo/ Dizziness","2026/03/11 08:01:13 AM","Rahim Yar Khan"
"272848","Farah Sadaqat","MR-5930","EMDS Call","Medical Emergency","High Fever","2026/03/11 08:14:34 AM","Sadiqabad"
"272847","Faiz Muhyy Ul Din","DR-892","EMDS Call","Medical Emergency","Vomiting","2026/03/11 08:14:07 AM","Rahim Yar Khan"
"272849","Farah Sadaqat","MR-5930","EMDS Call","Medical Emergency","Chronic Illness","2026/03/11 08:19:45 AM","Liaqatpur"
"272850","Muhammad Zahid","DR-888","EMDS Call","Medical Emergency","Chronic Illness","2026/03/11 08:19:44 AM","Sadiqabad"
"Not Assigned","Muhammad Zahid","DR-888","Direct Call","High Raised Building Inspection","High Raised Building Inspection","2026/03/11 08:37:47 AM","Rahim Yar Khan"
"272852","Saira Bibi","MR-5494","EMDS Call","Road Crash","Bleeding","2026/03/11 08:38:16 AM","Sadiqabad"
"272851","Muhammad Zahid","DR-888","Direct Call","Rescue Operations","Mass Event Coverage","2026/03/11 08:39:31 AM","Rahim Yar Khan"
"272853","Farah Sadaqat","MR-5930","EMDS Call","Road Crash","Severe Trauma","2026/03/11 08:40:30 AM","Sadiqabad"
"272854","Saira Bibi","MR-5494","EMDS Call","Medical Emergency","Unconscious","2026/03/11 08:41:40 AM","Sadiqabad"
"272855","Farah Sadaqat","MR-5930","EMDS Call","Road Crash","Bleeding","2026/03/11 08:45:42 AM","Rahim Yar Khan"
"272856","Farah Sadaqat","MR-5930","EMDS Call","Medical Emergency","Joints Pain","2026/03/11 08:50:39 AM","Sadiqabad"
"272857","Saira Bibi","MR-5494","EMDS Call","Medical Emergency","Chest Pain","2026/03/11 08:52:41 AM","Liaqatpur"
"272858","Farah Sadaqat","MR-5930","EMDS Call","Medical Emergency","Gynae Problem","2026/03/11 09:00:38 AM","Khanpur"
"272859","Saira Bibi","MR-5494","EMDS Call","Medical Emergency","Vertigo/ Dizziness","2026/03/11 09:01:50 AM","Rahim Yar Khan"
"272860","Farah Sadaqat","MR-5930","EMDS Call","Medical Emergency","SOB/ Respiratory Distress","2026/03/11 09:04:13 AM","Rahim Yar Khan"
"272861","Saira Bibi","MR-5494","EMDS Call","Road Crash","Minor Injuries","2026/03/11 09:08:17 AM","Rahim Yar Khan"
"272862","Muhammad AAmar","DR-915","EMDS Call","Medical Emergency","Vomiting","2026/03/11 09:15:03 AM","Rahim Yar Khan"
"272864","Saira Bibi","MR-5494","EMDS Call","Medical Emergency","Chronic Illness","2026/03/11 09:25:30 AM","Rahim Yar Khan"
"272863","Muhammad Abid","DR-874","EMDS Call","Medical Emergency","Domestic Injuries","2026/03/11 09:27:58 AM","Sadiqabad"
"272865","Muhammad Arshad","DR-198","EMDS Call","Medical Emergency","Hypertension","2026/03/11 09:30:09 AM","Rahim Yar Khan"
"272867","Muhammad AAmar","DR-915","EMDS Call","Medical Emergency","SOB/ Respiratory Distress","2026/03/11 09:28:08 AM","Rahim Yar Khan"
"272868","Saira Bibi","MR-5494","EMDS Call","Medical Emergency","Abdominal Pain","2026/03/11 09:30:01 AM","Rahim Yar Khan"
"Not Assigned","Muhammad Abid","DR-874","EMDS Call","Road Crash","Severe Trauma","2026/03/11 09:30:08 AM","Rahim Yar Khan"
"76949","Saira Bibi","MR-5494","Direct Call","Patient Transfer Service","N/A","2026/03/11 09:36:15 AM","Sadiqabad"
"272869","Muhammad Abid","DR-874","EMDS Call","Road Crash","Bleeding","2026/03/11 09:37:40 AM","Rahim Yar Khan"
"76950","Muhammad Arshad","DR-198","Direct Call","Patient Transfer Service","N/A","2026/03/11 09:40:35 AM","Rahim Yar Khan"
"272870","Muhammad AAmar","DR-915","EMDS Call","Medical Emergency","Renal Disorders / Renal Colic ","2026/03/11 09:53:17 AM","Rahim Yar Khan"
"272871","Farah Sadaqat","MR-5930","EMDS Call","Medical Emergency","Domestic Injuries","2026/03/11 10:07:13 AM","Rahim Yar Khan"
"76951","Saira Bibi","MR-5494","Direct Call","Patient Transfer Service","N/A","2026/03/11 10:08:45 AM","Sadiqabad"
"272872","Muhammad AAmar","DR-915","EMDS Call","Medical Emergency","SOB/ Respiratory Distress","2026/03/11 10:09:17 AM","Rahim Yar Khan"
"272873","Farah Sadaqat","MR-5930","EMDS Call","Medical Emergency","Others","2026/03/11 10:10:05 AM","Rahim Yar Khan"
"272874","Muhammad AAmar","DR-915","EMDS Call","Medical Emergency","High Fever","2026/03/11 10:16:08 AM","Sadiqabad"
"272875","Shaheen Islam","DR-1171","EMDS Call","Medical Emergency","SOB/ Respiratory Distress","2026/03/11 10:26:56 AM","Sadiqabad"
"272876","Shaheen Islam","DR-1171","EMDS Call","Medical Emergency","Abdominal Pain","2026/03/11 10:43:53 AM","Rahim Yar Khan"
"272877","Muhammad AAmar","DR-915","EMDS Call","Medical Emergency","Joints Pain","2026/03/11 10:49:56 AM","Rahim Yar Khan"
"76952","Muhammad Arshad","DR-198","Direct Call","Patient Transfer Service","N/A","2026/03/11 10:51:04 AM","Khanpur"
"272878","Shaheen Islam","DR-1171","EMDS Call","Road Crash","Minor Injuries","2026/03/11 10:56:23 AM","Sadiqabad"
"272879","Muhammad Arshad","DR-198","EMDS Call","Fall","Fall From Tree","2026/03/11 10:58:39 AM","Khanpur"
"272880","Muhammad AAmar","DR-915","EMDS Call","Medical Emergency","Chest Pain","2026/03/11 11:00:05 AM","Rahim Yar Khan"
"272881","Muhammad Arshad","DR-198","EMDS Call","Road Crash","Minor Injuries","2026/03/11 11:01:57 AM","Rahim Yar Khan"
"272882","Muhammad Arshad","DR-198","EMDS Call","Road Crash","Minor Injuries","2026/03/11 11:13:46 AM","Rahim Yar Khan"
"272883","Yasir Ilyas","DR-893","EMDS Call","Medical Emergency","Others","2026/03/11 11:14:50 AM","Khanpur"
"272884","Muhammad Arshad","DR-198","EMDS Call","Road Crash","Severe Trauma","2026/03/11 11:24:11 AM","Sadiqabad"
"272885","Muhammad Arshad","DR-198","EMDS Call","Road Crash","Bleeding","2026/03/11 11:28:20 AM","Rahim Yar Khan"
"272886","Muhammad Arshad","DR-198","EMDS Call","Medical Emergency","Unconscious","2026/03/11 11:32:26 AM","Rahim Yar Khan"
"272887","Yasir Ilyas","DR-893","EMDS Call","Medical Emergency","Joints Pain","2026/03/11 11:34:35 AM","Rahim Yar Khan"
"272890","Yasir Ilyas","DR-893","EMDS Call","Medical Emergency","Hypertension","2026/03/11 11:39:08 AM","Sadiqabad"
"Not Assigned","Shaheen Islam","DR-1171","EMDS Call","Road Crash","Bleeding","2026/03/11 11:39:12 AM","Rahim Yar Khan"
"76953","Shaheen Islam","DR-1171","Direct Call","Patient Transfer Service","N/A","2026/03/11 11:44:32 AM","Liaqatpur"
"76954","Shaheen Islam","DR-1171","Direct Call","Patient Transfer Service","N/A","2026/03/11 11:45:31 AM","Khanpur"
"272889","Muhammad Arshad","DR-198","EMDS Call","Rescue Operations","Scalds/Burn Due To Negligence","2026/03/11 11:43:49 AM","Rahim Yar Khan"
"272891","Shaheen Islam","DR-1171","EMDS Call","Medical Emergency","Backache","2026/03/11 11:48:22 AM","Rahim Yar Khan"
"272892","Yasir Ilyas","DR-893","EMDS Call","Road Crash","Minor Injuries","2026/03/11 11:51:59 AM","Sadiqabad"
"272893","Muhammad AAmar","DR-915","EMDS Call","Medical Emergency","Abdominal Pain","2026/03/11 11:54:57 AM","Rahim Yar Khan"
"272894","Muhammad Arshad","DR-198","EMDS Call","Rescue Operations","Delivery Case","2026/03/11 12:07:17 PM","Rahim Yar Khan"
"272895","Muhammad AAmar","DR-915","EMDS Call","Road Crash","Multiple Fractures","2026/03/11 12:07:46 PM","Sadiqabad"
"272896","Shaheen Islam","DR-1171","EMDS Call","Medical Emergency","SOB/ Respiratory Distress","2026/03/11 12:20:27 PM","Khanpur"
"272897","Muhammad AAmar","DR-915","EMDS Call","Medical Emergency","Anxiety / Psychiatric Disorder","2026/03/11 12:25:25 PM","Rahim Yar Khan"
"272898","Muhammad AAmar","DR-915","EMDS Call","Medical Emergency","Diarrhea","2026/03/11 12:30:35 PM","Rahim Yar Khan"
"272899","Shahla Nawaz","DR-185","EMDS Call","Medical Emergency","Abdominal Pain","2026/03/11 12:34:22 PM","Khanpur"
"272900","Shahla Nawaz","DR-185","EMDS Call","Medical Emergency","Anxiety / Psychiatric Disorder","2026/03/11 12:43:46 PM","Rahim Yar Khan"
"272901","Saqib Nasim","DR-197","EMDS Call","Road Crash","Severe Trauma","2026/03/11 12:46:10 PM","Rahim Yar Khan"
"272902","Saira Bibi","MR-5494","EMDS Call","Fire","Others","2026/03/11 12:52:02 PM","Sadiqabad"
"272903","Shahla Nawaz","DR-185","EMDS Call","Road Crash","Minor Injuries","2026/03/11 12:53:56 PM","Rahim Yar Khan"
"272905","Saira Bibi","MR-5494","EMDS Call","Medical Emergency","Others","2026/03/11 12:55:35 PM","Rahim Yar Khan"
"272904","Saqib Nasim","DR-197","Direct Call","Medical Emergency","Hypertension","2026/03/11 12:56:52 PM","Sadiqabad"
"76955","Shahla Nawaz","DR-185","Direct Call","Patient Transfer Service","N/A","2026/03/11 01:00:38 PM","Sadiqabad"
"272906","Shahla Nawaz","DR-185","EMDS Call","Road Crash","Bleeding","2026/03/11 01:10:23 PM","Sadiqabad"
"272907","Saira Bibi","MR-5494","EMDS Call","Medical Emergency","Anxiety / Psychiatric Disorder","2026/03/11 01:12:00 PM","Rahim Yar Khan"
"272908","Saqib Nasim","DR-197","EMDS Call","Medical Emergency","SOB/ Respiratory Distress","2026/03/11 01:12:15 PM","Liaqatpur"
"272909","Saira Bibi","MR-5494","EMDS Call","Road Crash","Minor Injuries","2026/03/11 01:16:48 PM","Rahim Yar Khan"
"272910","Shahla Nawaz","DR-185","EMDS Call","Medical Emergency","Chest Pain","2026/03/11 01:17:29 PM","Rahim Yar Khan"
"272911","Saira Bibi","MR-5494","EMDS Call","Fire","Others","2026/03/11 01:19:19 PM","Liaqatpur"
"272912","Saira Bibi","MR-5494","EMDS Call","Medical Emergency","Others","2026/03/11 01:27:29 PM","Rahim Yar Khan"
"272913","Shahla Nawaz","DR-185","EMDS Call","Medical Emergency","Chest Pain","2026/03/11 01:31:17 PM","Rahim Yar Khan"
"272914","Saira Bibi","MR-5494","EMDS Call","Medical Emergency","Chest Pain","2026/03/11 01:36:12 PM","Rahim Yar Khan"
"272915","Muhammad Zahid","DR-888","EMDS Call","Medical Emergency","Others","2026/03/11 01:38:03 PM","Rahim Yar Khan"
"272916","Saqib Nasim","DR-197","EMDS Call","Road Crash","Minor Injuries","2026/03/11 01:38:17 PM","Rahim Yar Khan"
"76956","Saqib Nasim","DR-197","Direct Call","Patient Transfer Service","N/A","2026/03/11 01:42:18 PM","Liaqatpur"
"272917","Muhammad Zahid","DR-888","EMDS Call","Medical Emergency","Hypertension","2026/03/11 01:44:15 PM","Rahim Yar Khan"
"272918","Saira Bibi","MR-5494","EMDS Call","Medical Emergency","Renal Disorders / Renal Colic ","2026/03/11 01:45:16 PM","Liaqatpur"
"76957","Saqib Nasim","DR-197","Direct Call","Patient Transfer Service","N/A","2026/03/11 01:47:36 PM","Liaqatpur"
"272919","Saira Bibi","MR-5494","EMDS Call","Medical Emergency","Joints Pain","2026/03/11 01:59:47 PM","Sadiqabad"
"272921","Saqib Nasim","DR-197","EMDS Call","Medical Emergency","SOB/ Respiratory Distress","2026/03/11 02:01:18 PM","Liaqatpur"
"272922","Muhammad Zahid","DR-888","EMDS Call","Medical Emergency","Joints Pain","2026/03/11 02:12:49 PM","Rahim Yar Khan"
"272923","Saima Bashir","MR-5819","EMDS Call","Medical Emergency","Anxiety / Psychiatric Disorder","2026/03/11 02:14:02 PM","Rahim Yar Khan"
"272924","Saima Bashir","MR-5819","EMDS Call","Medical Emergency","Hypertension","2026/03/11 02:19:25 PM","Rahim Yar Khan"
"272928","Saima Bashir","MR-5819","EMDS Call","Crime","Probable Suicide","2026/03/11 02:22:19 PM","Sadiqabad"
"272925","Nida Rahat","DR-1322","EMDS Call","Medical Emergency","Others","2026/03/11 02:23:56 PM","Liaqatpur"
"272926","Saima Bashir","MR-5819","EMDS Call","Road Crash","Bleeding","2026/03/11 02:24:55 PM","Rahim Yar Khan"
"76958","Aasia Batool","MR-5198","Direct Call","Patient Transfer Service","N/A","2026/03/11 02:29:04 PM","Khanpur"
"272927","Nida Rahat","DR-1322","EMDS Call","Medical Emergency","Chest Pain","2026/03/11 02:29:13 PM","Rahim Yar Khan"
"272929","Saima Bashir","MR-5819","EMDS Call","Rescue Operations","Snake Emergency","2026/03/11 02:30:15 PM","Sadiqabad"
"272930","Muhammad Abid","DR-874","EMDS Call","Road Crash","Bleeding","2026/03/11 02:40:35 PM","Rahim Yar Khan"
"272931","Aasia Batool","MR-5198","EMDS Call","Road Crash","Minor Injuries","2026/03/11 02:39:51 PM","Liaqatpur"
"272932","Saima Bashir","MR-5819","EMDS Call","Medical Emergency","SOB/ Respiratory Distress","2026/03/11 02:42:13 PM","Rahim Yar Khan"
"272933","Muhammad Abid","DR-874","EMDS Call","Medical Emergency","SOB/ Respiratory Distress","2026/03/11 02:51:08 PM","Sadiqabad"
"272935","Muhammad ALi","DR-818","EMDS Call","Medical Emergency","Hypertension","2026/03/11 02:53:48 PM","Liaqatpur"
"272934","Aasia Batool","MR-5198","EMDS Call","Medical Emergency","Anxiety / Psychiatric Disorder","2026/03/11 02:58:13 PM","Rahim Yar Khan"
"76959","Fahad Hussain","DR-538","Direct Call","Patient Transfer Service","N/A","2026/03/11 03:00:03 PM","Sadiqabad"
"272936","Muhammad Abid","DR-874","EMDS Call","Road Crash","Multiple Fractures","2026/03/11 03:01:06 PM","Rahim Yar Khan"
"272937","Saima Bashir","MR-5819","EMDS Call","Medical Emergency","High Fever","2026/03/11 03:01:53 PM","Rahim Yar Khan"
"272938","Muhammad ALi","DR-818","EMDS Call","Medical Emergency","High Fever","2026/03/11 03:03:01 PM","Liaqatpur"
"76960","Fahad Hussain","DR-538","Direct Call","Patient Transfer Service","N/A","2026/03/11 03:05:52 PM","Sadiqabad"
"272940","Saima Bashir","MR-5819","EMDS Call","Fire","Wheat Fire","2026/03/11 03:03:35 PM","Liaqatpur"
"272939","Muhammad Abid","DR-874","EMDS Call","Medical Emergency","Chronic Illness","2026/03/11 03:03:16 PM","Rahim Yar Khan"
"272941","Muhammad ALi","DR-818","Direct Call","Rescue Operations","Mass Event Coverage","2026/03/11 03:07:31 PM","Sadiqabad"
"272941","Muhammad ALi","DR-818","Direct Call","Rescue Operations","Mass Event Coverage","2026/03/11 03:07:31 PM","Sadiqabad"
"272941","Muhammad ALi","DR-818","Direct Call","Rescue Operations","Mass Event Coverage","2026/03/11 03:07:31 PM","Sadiqabad"
"272941","Muhammad ALi","DR-818","Direct Call","Rescue Operations","Mass Event Coverage","2026/03/11 03:07:31 PM","Sadiqabad"
"272941","Muhammad ALi","DR-818","Direct Call","Rescue Operations","Mass Event Coverage","2026/03/11 03:07:31 PM","Sadiqabad"
"272941","Muhammad ALi","DR-818","Direct Call","Rescue Operations","Mass Event Coverage","2026/03/11 03:07:31 PM","Sadiqabad"
"272941","Muhammad ALi","DR-818","Direct Call","Rescue Operations","Mass Event Coverage","2026/03/11 03:07:31 PM","Sadiqabad"
"272941","Muhammad ALi","DR-818","Direct Call","Rescue Operations","Mass Event Coverage","2026/03/11 03:07:31 PM","Sadiqabad"
"272941","Muhammad ALi","DR-818","Direct Call","Rescue Operations","Mass Event Coverage","2026/03/11 03:07:31 PM","Sadiqabad"
"272941","Muhammad ALi","DR-818","Direct Call","Rescue Operations","Mass Event Coverage","2026/03/11 03:07:31 PM","Sadiqabad"
"76961","Fahad Hussain","DR-538","Direct Call","Patient Transfer Service","N/A","2026/03/11 03:11:48 PM","Sadiqabad"
"272942","Fahad Hussain","DR-538","EMDS Call","Road Crash","Multiple Fractures","2026/03/11 03:19:41 PM","Rahim Yar Khan"
"272943","Muhammad ALi","DR-818","EMDS Call","Fire","Others","2026/03/11 03:20:54 PM","Khanpur"
"272944","Saima Bashir","MR-5819","EMDS Call","Road Crash","Bleeding","2026/03/11 03:26:16 PM","Rahim Yar Khan"
"272945","Muhammad ALi","DR-818","EMDS Call","Medical Emergency","SOB/ Respiratory Distress","2026/03/11 03:32:06 PM","Rahim Yar Khan"
"272946","Fahad Hussain","DR-538","EMDS Call","Medical Emergency","Abdominal Pain","2026/03/11 03:33:10 PM","Liaqatpur"
"272947","Muhammad ALi","DR-818","EMDS Call","Medical Emergency","Chest Pain","2026/03/11 03:37:12 PM","Sadiqabad"
"76962","Fahad Hussain","DR-538","Direct Call","Patient Transfer Service","N/A","2026/03/11 03:47:37 PM","Sadiqabad"
"272948","Aasia Batool","MR-5198","Direct Call","Rescue Operations","Mass Event Coverage","2026/03/11 03:55:33 PM","Khanpur"
"272949","Fahad Hussain","DR-538","EMDS Call","Medical Emergency","Chest Pain","2026/03/11 04:00:21 PM","Liaqatpur"
"76963","Aasia Batool","MR-5198","Direct Call","Patient Transfer Service","N/A","2026/03/11 04:14:55 PM","Liaqatpur"
"272950","Muhammad ALi","DR-818","EMDS Call","Medical Emergency","Vertigo/ Dizziness","2026/03/11 04:18:43 PM","Rahim Yar Khan"
"76964","Saima Bashir","MR-5819","Direct Call","Patient Transfer Service","N/A","2026/03/11 04:23:55 PM","Liaqatpur"
"272951","Fahad Hussain","DR-538","EMDS Call","Road Crash","Minor Injuries","2026/03/11 04:38:54 PM","Sadiqabad"
"76965","Fahad Hussain","DR-538","Direct Call","Patient Transfer Service","N/A","2026/03/11 05:10:35 PM","Sadiqabad"
"272952","Muhammad ALi","DR-818","EMDS Call","Rescue Operations","Animal/Bird Rescue","2026/03/11 05:34:31 PM","Khanpur"
"272953","Saima Bashir","MR-5819","EMDS Call","Road Crash","Bleeding","2026/03/11 05:40:36 PM","Rahim Yar Khan"
"272954","Saima Bashir","MR-5819","EMDS Call","Medical Emergency","SOB/ Respiratory Distress","2026/03/11 05:51:23 PM","Rahim Yar Khan"
"272955","Saima Bashir","MR-5819","EMDS Call","Medical Emergency","Chest Pain","2026/03/11 05:56:39 PM","Rahim Yar Khan"
"272956","Aasia Batool","MR-5198","EMDS Call","Road Crash","Multiple Fractures","2026/03/11 05:59:47 PM","Rahim Yar Khan"
"272957","Nida Rahat","DR-1322","EMDS Call","Road Crash","Bleeding","2026/03/11 06:13:23 PM","Sadiqabad"
"272958","Aasia Batool","MR-5198","EMDS Call","Medical Emergency","Hypertension","2026/03/11 06:15:43 PM","Khanpur"
"272959","Aasia Batool","MR-5198","EMDS Call","Medical Emergency","Domestic Injuries","2026/03/11 06:17:56 PM","Rahim Yar Khan"
"272960","Aasia Batool","MR-5198","EMDS Call","Medical Emergency","Hypertension","2026/03/11 06:22:55 PM","Rahim Yar Khan"
"272961","Nida Rahat","DR-1322","EMDS Call","Medical Emergency","Unconscious","2026/03/11 06:24:19 PM","Liaqatpur"
"272962","Muhammad ALi","DR-818","EMDS Call","Medical Emergency","SOB/ Respiratory Distress","2026/03/11 06:28:47 PM","Rahim Yar Khan"
"272963","Fahad Hussain","DR-538","EMDS Call","Medical Emergency","SOB/ Respiratory Distress","2026/03/11 06:32:14 PM","Rahim Yar Khan"
"272964","Saima Bashir","MR-5819","EMDS Call","Medical Emergency","Abdominal Pain","2026/03/11 06:57:26 PM","Sadiqabad"
"272965","Saima Bashir","MR-5819","EMDS Call","Fire","Short Circuit","2026/03/11 07:01:43 PM","Rahim Yar Khan"
"272966","Aasia Batool","MR-5198","EMDS Call","Medical Emergency","Hypertension","2026/03/11 07:02:49 PM","Sadiqabad"
"272967","Aasia Batool","MR-5198","EMDS Call","Road Crash","Bleeding","2026/03/11 07:12:03 PM","Rahim Yar Khan"
"272968","Aasia Batool","MR-5198","EMDS Call","Medical Emergency","Domestic Injuries","2026/03/11 07:17:26 PM","Rahim Yar Khan"
"272969","Nida Rahat","DR-1322","EMDS Call","Medical Emergency","Anxiety / Psychiatric Disorder","2026/03/11 07:17:14 PM","Sadiqabad"
"272970","Fahad Hussain","DR-538","Direct Call","Medical Emergency","Diabetic","2026/03/11 07:27:56 PM","Rahim Yar Khan"
"272971","Aasia Batool","MR-5198","EMDS Call","Medical Emergency","Hypertension","2026/03/11 07:26:47 PM","Rahim Yar Khan"
"272972","Aasia Batool","MR-5198","EMDS Call","Medical Emergency","SOB/ Respiratory Distress","2026/03/11 07:37:12 PM","Rahim Yar Khan"
"272973","Nida Rahat","DR-1322","EMDS Call","Road Crash","Bleeding","2026/03/11 07:39:29 PM","Sadiqabad"
"76966","Aasia Batool","MR-5198","Direct Call","Patient Transfer Service","N/A","2026/03/11 07:40:49 PM","Sadiqabad"
"272974","Nida Rahat","DR-1322","Direct Call","Medical Emergency","Chest Pain","2026/03/11 07:41:09 PM","Rahim Yar Khan"
"272975","Fahad Hussain","DR-538","EMDS Call","Medical Emergency","SOB/ Respiratory Distress","2026/03/11 07:40:57 PM","Sadiqabad"
"272976","Fahad Hussain","DR-538","EMDS Call","Medical Emergency","SOB/ Respiratory Distress","2026/03/11 07:43:47 PM","Khanpur"
"272977","Saima Bashir","MR-5819","EMDS Call","Road Crash","Bleeding","2026/03/11 07:58:02 PM","Sadiqabad"
"272978","Nida Rahat","DR-1322","EMDS Call","Medical Emergency","Hypertension","2026/03/11 08:03:38 PM","Rahim Yar Khan"
"272979","Saima Bashir","MR-5819","EMDS Call","Medical Emergency","Renal Disorders / Renal Colic ","2026/03/11 08:05:19 PM","Khanpur"
"272980","Saima Bashir","MR-5819","EMDS Call","Medical Emergency","High Fever","2026/03/11 08:12:27 PM","Liaqatpur"
"272981","Nida Rahat","DR-1322","EMDS Call","Medical Emergency","Joints Pain","2026/03/11 08:14:02 PM","Rahim Yar Khan"
"272982","Saima Bashir","MR-5819","EMDS Call","Medical Emergency","SOB/ Respiratory Distress","2026/03/11 08:20:34 PM","Liaqatpur"
"272983","Nida Rahat","DR-1322","EMDS Call","Medical Emergency","Anxiety / Psychiatric Disorder","2026/03/11 08:21:22 PM","Sadiqabad"
"272984","Saima Bashir","MR-5819","EMDS Call","Medical Emergency","Anxiety / Psychiatric Disorder","2026/03/11 08:30:44 PM","Liaqatpur"
"272985","Saima Bashir","MR-5819","EMDS Call","Medical Emergency","Unconscious","2026/03/11 08:35:49 PM","Rahim Yar Khan"
"272987","Bushra Saleem","MR-5701","EMDS Call","Rescue Operations","Delivery Case","2026/03/11 08:42:59 PM","Rahim Yar Khan"
"76967","Muhammad Rashid Saleem","DR-187","Direct Call","Patient Transfer Service","N/A","2026/03/11 08:47:12 PM","Khanpur"
"272986","Bushra Saleem","MR-5701","EMDS Call","Road Crash","Severe Trauma","2026/03/11 08:49:39 PM","Rahim Yar Khan"
"76968","Bushra Saleem","MR-5701","Direct Call","Patient Transfer Service","N/A","2026/03/11 09:05:29 PM","Liaqatpur"
"272988","Muhammad Zubair","DR-894","EMDS Call","Medical Emergency","Chronic Illness","2026/03/11 09:05:32 PM","Rahim Yar Khan"
"272989","Muhammad Zubair","DR-894","EMDS Call","Road Crash","Minor Injuries","2026/03/11 09:13:31 PM","Rahim Yar Khan"
"272990","Bushra Saleem","MR-5701","EMDS Call","Medical Emergency","Headache","2026/03/11 09:21:03 PM","Rahim Yar Khan"
"272991","Bushra Saleem","MR-5701","EMDS Call","Medical Emergency","Unconscious","2026/03/11 09:27:15 PM","Rahim Yar Khan"
"272992","Bushra Saleem","MR-5701","EMDS Call","Road Crash","Minor Injuries","2026/03/11 09:34:36 PM","Rahim Yar Khan"
"272993","Zupasha Zia","MR-5758","EMDS Call","Medical Emergency","Chest Pain","2026/03/11 09:38:49 PM","Khanpur"
"272994","Zupasha Zia","MR-5758","EMDS Call","Medical Emergency","Abdominal Pain","2026/03/11 09:42:23 PM","Liaqatpur"
"272995","Bushra Saleem","MR-5701","EMDS Call","Medical Emergency","Domestic Injuries","2026/03/11 09:43:55 PM","Rahim Yar Khan"
"272996","Zupasha Zia","MR-5758","EMDS Call","Medical Emergency","Vomiting","2026/03/11 09:45:12 PM","Rahim Yar Khan"
"272997","Zupasha Zia","MR-5758","EMDS Call","Road Crash","Minor Injuries","2026/03/11 09:50:18 PM","Sadiqabad"
"272998","Bushra Saleem","MR-5701","EMDS Call","Medical Emergency","SOB/ Respiratory Distress","2026/03/11 09:51:48 PM","Rahim Yar Khan"
"272999","Zupasha Zia","MR-5758","EMDS Call","Medical Emergency","High Fever","2026/03/11 09:55:36 PM","Rahim Yar Khan"
"273000","Bushra Saleem","MR-5701","EMDS Call","Medical Emergency","Joints Pain","2026/03/11 10:03:09 PM","Rahim Yar Khan"
"76969","Bushra Saleem","MR-5701","Direct Call","Patient Transfer Service","N/A","2026/03/11 10:09:11 PM","Sadiqabad"
"273001","Bushra Saleem","MR-5701","EMDS Call","Medical Emergency","Joints Pain","2026/03/11 10:11:45 PM","Sadiqabad"
"273002","Muhammad Zubair","DR-894","EMDS Call","Medical Emergency","Chest Pain","2026/03/11 10:17:34 PM","Liaqatpur"
"76970","Zupasha Zia","MR-5758","Direct Call","Patient Transfer Service","N/A","2026/03/11 10:21:01 PM","Sadiqabad"
"273003","Muhammad Zubair","DR-894","EMDS Call","Medical Emergency","Abdominal Pain","2026/03/11 10:23:07 PM","Khanpur"
"273004","Muhammad Zubair","DR-894","EMDS Call","Road Crash","Minor Injuries","2026/03/11 10:33:38 PM","Rahim Yar Khan"
"273005","Zupasha Zia","MR-5758","EMDS Call","Medical Emergency","Anxiety / Psychiatric Disorder","2026/03/11 10:38:54 PM","Rahim Yar Khan"
"273006","Rana M. Usman","DR-200","EMDS Call","Medical Emergency","SOB/ Respiratory Distress","2026/03/11 10:40:29 PM","Khanpur"
"76971","Muhammad Zubair","DR-894","Direct Call","Patient Transfer Service","N/A","2026/03/11 10:46:28 PM","Khanpur"
"273007","Rana M. Usman","DR-200","EMDS Call","Medical Emergency","Vertigo/ Dizziness","2026/03/11 10:46:19 PM","Rahim Yar Khan"
"273008","Zupasha Zia","MR-5758","EMDS Call","Medical Emergency","Vomiting","2026/03/11 10:51:12 PM","Rahim Yar Khan"
"273009","Muhammad Zubair","DR-894","EMDS Call","Medical Emergency","Chronic Illness","2026/03/11 11:00:52 PM","Khanpur"
"76972","Zupasha Zia","MR-5758","Direct Call","Patient Transfer Service","N/A","2026/03/11 11:20:23 PM","Sadiqabad"
"76973","Zupasha Zia","MR-5758","Direct Call","Patient Transfer Service","N/A","2026/03/11 11:25:03 PM","Sadiqabad"
"273010","Muhammad Zubair","DR-894","EMDS Call","Medical Emergency","Chest Pain","2026/03/11 11:24:55 PM","Khanpur"
"273011","Rana M. Usman","DR-200","EMDS Call","Medical Emergency","SOB/ Respiratory Distress","2026/03/11 11:44:51 PM","Rahim Yar Khan"
"273012","Muhammad Zubair","DR-894","EMDS Call","Medical Emergency","Renal Disorders / Renal Colic ","2026/03/12 12:01:13 AM","Sadiqabad"
"273013","Rana M. Usman","DR-200","EMDS Call","Medical Emergency","SOB/ Respiratory Distress","2026/03/12 12:02:09 AM","Sadiqabad"
"273014","Zupasha Zia","MR-5758","EMDS Call","Medical Emergency","Joints Pain","2026/03/12 12:05:14 AM","Rahim Yar Khan"
"273015","Muhammad Zubair","DR-894","EMDS Call","Medical Emergency","Vertigo/ Dizziness","2026/03/12 12:12:02 AM","Rahim Yar Khan"
"273017","Zupasha Zia","MR-5758","EMDS Call","Medical Emergency","SOB/ Respiratory Distress","2026/03/12 12:15:01 AM","Rahim Yar Khan"
"273016","Rana M. Usman","DR-200","EMDS Call","Medical Emergency","Chest Pain","2026/03/12 12:16:06 AM","Khanpur"
"273018","Rana M. Usman","DR-200","EMDS Call","Medical Emergency","Gynae Problem","2026/03/12 12:27:02 AM","Rahim Yar Khan"
"273019","Rana M. Usman","DR-200","EMDS Call","Medical Emergency","SOB/ Respiratory Distress","2026/03/12 12:54:47 AM","Rahim Yar Khan"
"273020","Zupasha Zia","MR-5758","EMDS Call","Medical Emergency","Abdominal Pain","2026/03/12 12:57:45 AM","Rahim Yar Khan"
"273021","Muhammad Zubair","DR-894","EMDS Call","Medical Emergency","Hypertension","2026/03/12 12:57:49 AM","Rahim Yar Khan"
"273022","Rana M. Usman","DR-200","EMDS Call","Medical Emergency","Vertigo/ Dizziness","2026/03/12 01:03:19 AM","Rahim Yar Khan"
"273023","Zupasha Zia","MR-5758","EMDS Call","Rescue Operations","Delivery Case","2026/03/12 01:07:56 AM","Khanpur"
"273024","Rana M. Usman","DR-200","EMDS Call","Medical Emergency","Hypertension","2026/03/12 01:08:32 AM","Rahim Yar Khan"
"273025","Muhammad Zubair","DR-894","EMDS Call","Fire","Others","2026/03/12 01:10:08 AM","Sadiqabad"
"273026","Rana M. Usman","DR-200","EMDS Call","Rescue Operations","Delivery Case","2026/03/12 01:15:21 AM","Rahim Yar Khan"
"273027","Zupasha Zia","MR-5758","EMDS Call","Medical Emergency","Vomiting","2026/03/12 01:28:44 AM","Rahim Yar Khan"
"273028","Rana M. Usman","DR-200","EMDS Call","Medical Emergency","Joints Pain","2026/03/12 01:29:05 AM","Rahim Yar Khan"
"273029","Muhammad Zubair","DR-894","EMDS Call","Medical Emergency","Anxiety / Psychiatric Disorder","2026/03/12 01:31:45 AM","Rahim Yar Khan"
"273030","Rana M. Usman","DR-200","Direct Call","Medical Emergency","Abdominal Pain","2026/03/12 01:38:45 AM","Khanpur"
"273031","Muhammad Zubair","DR-894","EMDS Call","Medical Emergency","Vomiting","2026/03/12 01:51:24 AM","Rahim Yar Khan"
"273032","Zupasha Zia","MR-5758","EMDS Call","Medical Emergency","Vomiting","2026/03/12 02:10:53 AM","Rahim Yar Khan"
"273033","Muhammad Riaz","DR-654","EMDS Call","Medical Emergency","SOB/ Respiratory Distress","2026/03/12 03:11:41 AM","Rahim Yar Khan"
"273034","Rana M. Usman","DR-200","EMDS Call","Medical Emergency","Vomiting","2026/03/12 03:12:25 AM","Rahim Yar Khan"
"273035","Muhammad Zubair","DR-894","EMDS Call","Medical Emergency","Diabetic","2026/03/12 03:22:59 AM","Sadiqabad"
"273036","Muhammad Riaz","DR-654","EMDS Call","Medical Emergency","Diabetic","2026/03/12 03:40:00 AM","Rahim Yar Khan"
"273037","Muhammad Zubair","DR-894","EMDS Call","Medical Emergency","Vomiting","2026/03/12 04:17:26 AM","Rahim Yar Khan"
"273038","Muhammad Riaz","DR-654","EMDS Call","Medical Emergency","Chest Pain","2026/03/12 05:47:06 AM","Khanpur"
"273039","Bushra Saleem","MR-5701","EMDS Call","Medical Emergency","Unconscious","2026/03/12 05:52:20 AM","Rahim Yar Khan"
"273040","Muhammad Riaz","DR-654","EMDS Call","Medical Emergency","Others","2026/03/12 06:03:20 AM","Rahim Yar Khan"
"273041","Muhammad Zubair","DR-894","EMDS Call","Medical Emergency","Gynae Problem","2026/03/12 06:06:06 AM","Rahim Yar Khan"
"273042","Bushra Saleem","MR-5701","EMDS Call","Medical Emergency","Vertigo/ Dizziness","2026/03/12 06:05:45 AM","Rahim Yar Khan"
"273043","Bushra Saleem","MR-5701","EMDS Call","Medical Emergency","Epistaxis/ Nosebleed","2026/03/12 06:15:49 AM","Sadiqabad"
"273044","Bushra Saleem","MR-5701","EMDS Call","Medical Emergency","Abdominal Pain","2026/03/12 06:37:52 AM","Liaqatpur"
"273045","Bushra Saleem","MR-5701","Direct Call","Road Crash","Severe Trauma","2026/03/12 07:07:32 AM","Rahim Yar Khan"
"273046","Saima Bashir","MR-5819","EMDS Call","Road Crash","Severe Trauma","2026/03/12 07:48:54 AM","Sadiqabad"
"273046","Saima Bashir","MR-5819","EMDS Call","Road Crash","Severe Trauma","2026/03/12 07:48:54 AM","Sadiqabad"
"273047","Muhammad Zubair","DR-894","Direct Call","Rescue Operations","Mass Event Coverage","2026/03/12 07:50:47 AM","Rahim Yar Khan"
"273048","Bushra Saleem","MR-5701","EMDS Call","Medical Emergency","CVA/Stroke","2026/03/12 07:50:32 AM","Sadiqabad"
"273049","Farah Sadaqat","MR-5930","EMDS Call","Road Crash","Severe Trauma","2026/03/12 07:58:59 AM","Rahim Yar Khan"
"273050","Saima Bashir","MR-5819","EMDS Call","Medical Emergency","Abdominal Pain","2026/03/12 08:08:10 AM","Rahim Yar Khan"
"273051","Shahla Nawaz","DR-185","Direct Call","Fall","Slipped On Floor","2026/03/12 08:22:26 AM","Rahim Yar Khan"
"273052","Farah Sadaqat","MR-5930","EMDS Call","Road Crash","Multiple Fractures","2026/03/12 08:24:13 AM","Rahim Yar Khan"
"273053","Shahla Nawaz","DR-185","EMDS Call","Medical Emergency","SOB/ Respiratory Distress","2026/03/12 08:24:25 AM","Liaqatpur"
"273054","Farah Sadaqat","MR-5930","EMDS Call","Medical Emergency","Joints Pain","2026/03/12 08:36:10 AM","Rahim Yar Khan"
"273055","Saima Bashir","MR-5819","EMDS Call","Medical Emergency","Vertigo/ Dizziness","2026/03/12 08:47:07 AM","Khanpur"
"273056","Shahla Nawaz","DR-185","EMDS Call","Medical Emergency","Abdominal Pain","2026/03/12 08:46:35 AM","Khanpur"
"273057","Shahla Nawaz","DR-185","EMDS Call","Medical Emergency","Epilepsy","2026/03/12 08:50:59 AM","Liaqatpur"
"76974","Farah Sadaqat","MR-5930","Direct Call","Patient Transfer Service","N/A","2026/03/12 08:59:57 AM","Sadiqabad"
"273058","Saima Bashir","MR-5819","EMDS Call","Medical Emergency","Hypertension","2026/03/12 09:06:33 AM","Rahim Yar Khan"
"273059","Saima Bashir","MR-5819","EMDS Call","Road Crash","Multiple Fractures","2026/03/12 09:11:42 AM","Rahim Yar Khan"
"273060","Shahla Nawaz","DR-185","EMDS Call","Rescue Operations","Delivery Case","2026/03/12 09:11:46 AM","Rahim Yar Khan"
"273061","Mureed Abbas","DR-900","EMDS Call","Medical Emergency","SOB/ Respiratory Distress","2026/03/12 09:25:37 AM","Khanpur"
"Not Assigned","Yasir Ilyas","DR-893","Direct Call","Medical Emergency","Abdominal Pain","2026/03/12 09:27:06 AM","Rahim Yar Khan"
"273062","Muhammad AAmar","DR-915","EMDS Call","Medical Emergency","High Fever","2026/03/12 09:33:09 AM","Sadiqabad"
"76975","Yasir Ilyas","DR-893","Direct Call","Patient Transfer Service","N/A","2026/03/12 09:34:47 AM","Sadiqabad"
"Not Assigned","Mureed Abbas","DR-900","Direct Call","High Raised Building Inspection","High Raised Building Inspection","2026/03/12 09:39:50 AM","Rahim Yar Khan"
"273063","Mureed Abbas","DR-900","EMDS Call","Medical Emergency","Hypertension","2026/03/12 09:42:37 AM","Rahim Yar Khan"
"273064","Muhammad AAmar","DR-915","EMDS Call","Road Crash","Minor Injuries","2026/03/12 09:48:26 AM","Rahim Yar Khan"
"Not Assigned","Muhammad AAmar","DR-915","EMDS Call","Road Crash","Minor Injuries","2026/03/12 10:05:00 AM","Khanpur"
"273066","Yasir Ilyas","DR-893","EMDS Call","Road Crash","Minor Injuries","2026/03/12 10:15:14 AM","Sadiqabad"
"273067","Mureed Abbas","DR-900","EMDS Call","Road Crash","Severe Trauma","2026/03/12 10:17:27 AM","Rahim Yar Khan"
"273068","Yasir Ilyas","DR-893","EMDS Call","Medical Emergency","Renal Disorders / Renal Colic ","2026/03/12 10:21:38 AM","Liaqatpur"
"273069","Yasir Ilyas","DR-893","EMDS Call","Rescue Operations","Delivery Case","2026/03/12 10:25:46 AM","Khanpur"
"273070","Muhammad Arshad","DR-198","EMDS Call","Medical Emergency","Diarrhea","2026/03/12 10:34:45 AM","Khanpur"
"273071","Saima Bashir","MR-5819","EMDS Call","Medical Emergency","Joints Pain","2026/03/12 10:35:32 AM","Sadiqabad"
"273072","Yasir Ilyas","DR-893","EMDS Call","Fire","Others","2026/03/12 10:35:44 AM","Sadiqabad"
"273073","Muhammad Arshad","DR-198","EMDS Call","Medical Emergency","Epilepsy","2026/03/12 10:42:13 AM","Rahim Yar Khan"
"76976","Yasir Ilyas","DR-893","Direct Call","Patient Transfer Service","N/A","2026/03/12 10:52:44 AM","Khanpur"
"273074","Muhammad Arshad","DR-198","EMDS Call","Road Crash","Bleeding","2026/03/12 10:55:09 AM","Sadiqabad"
"273075","Yasir Ilyas","DR-893","EMDS Call","Medical Emergency","Unconscious","2026/03/12 10:54:03 AM","Rahim Yar Khan"
"76977","Yasir Ilyas","DR-893","Direct Call","Patient Transfer Service","N/A","2026/03/12 10:58:12 AM","Khanpur"
"273076","Muhammad Arshad","DR-198","EMDS Call","Medical Emergency","SOB/ Respiratory Distress","2026/03/12 10:58:53 AM","Rahim Yar Khan"
"273077","Yasir Ilyas","DR-893","EMDS Call","Road Crash","Bleeding","2026/03/12 10:59:55 AM","Rahim Yar Khan"
"76978","Saima Bashir","MR-5819","Direct Call","Patient Transfer Service","N/A","2026/03/12 11:12:27 AM","Khanpur"
"273078","Muhammad Arshad","DR-198","EMDS Call","Medical Emergency","Vomiting","2026/03/12 11:12:11 AM","Sadiqabad"
"76979","Saima Bashir","MR-5819","Direct Call","Patient Transfer Service","N/A","2026/03/12 11:14:37 AM","Khanpur"
"273079","Muhammad Arshad","DR-198","EMDS Call","Medical Emergency","SOB/ Respiratory Distress","2026/03/12 11:14:39 AM","Sadiqabad"
"273080","Saima Bashir","MR-5819","EMDS Call","Medical Emergency","Abdominal Pain","2026/03/12 11:20:34 AM","Khanpur"
"273081","Yasir Ilyas","DR-893","EMDS Call","Medical Emergency","High Fever","2026/03/12 11:24:02 AM","Rahim Yar Khan"
"76980","Saima Bashir","MR-5819","Direct Call","Patient Transfer Service","N/A","2026/03/12 11:32:32 AM","Sadiqabad"
"273082","Muhammad Arshad","DR-198","EMDS Call","Medical Emergency","Chronic Illness","2026/03/12 11:34:19 AM","Rahim Yar Khan"
"273083","Saima Bashir","MR-5819","EMDS Call","Medical Emergency","SOB/ Respiratory Distress","2026/03/12 11:46:15 AM","Rahim Yar Khan"
"76981","Yasir Ilyas","DR-893","Direct Call","Patient Transfer Service","N/A","2026/03/12 11:47:38 AM","Sadiqabad"
"273084","Yasir Ilyas","DR-893","EMDS Call","Road Crash","Bleeding","2026/03/12 11:50:10 AM","Rahim Yar Khan"
"273085","Muhammad Zahid","DR-888","EMDS Call","Road Crash","Bleeding","2026/03/12 11:51:22 AM","Khanpur"
"273086","Muhammad Zahid","DR-888","EMDS Call","Medical Emergency","Chest Pain","2026/03/12 11:56:32 AM","Liaqatpur"
"76982","Saima Bashir","MR-5819","Direct Call","Patient Transfer Service","N/A","2026/03/12 11:59:37 AM","Sadiqabad"
"273087","Saima Bashir","MR-5819","EMDS Call","Road Crash","Severe Trauma","2026/03/12 12:07:35 PM","Sadiqabad"
"273087","Saima Bashir","MR-5819","EMDS Call","Road Crash","Severe Trauma","2026/03/12 12:07:35 PM","Sadiqabad"
"273087","Saima Bashir","MR-5819","EMDS Call","Road Crash","Severe Trauma","2026/03/12 12:07:35 PM","Sadiqabad"
"273088","Muhammad Zahid","DR-888","EMDS Call","Medical Emergency","Chronic Illness","2026/03/12 12:14:47 PM","Rahim Yar Khan"
"273089","Yasir Ilyas","DR-893","EMDS Call","Road Crash","Minor Injuries","2026/03/12 12:16:37 PM","Rahim Yar Khan"
"273090","Muhammad Zahid","DR-888","EMDS Call","Medical Emergency","Chest Pain","2026/03/12 12:19:05 PM","Rahim Yar Khan"
"273091","Yasir Ilyas","DR-893","EMDS Call","Crime","Probable Suicide","2026/03/12 12:19:38 PM","Rahim Yar Khan"
"273092","Muhammad Zahid","DR-888","EMDS Call","Rescue Operations","Delivery Case","2026/03/12 12:24:27 PM","Khanpur"
"273093","Saira Bibi","MR-5494","EMDS Call","Medical Emergency","Diabetic","2026/03/12 12:27:49 PM","Rahim Yar Khan"
"273095","Farah Sadaqat","MR-5930","EMDS Call","Medical Emergency","Diarrhea","2026/03/12 12:45:16 PM","Khanpur"
"273094","Shaheen Islam","DR-1171","EMDS Call","Medical Emergency","Abdominal Pain","2026/03/12 12:48:16 PM","Rahim Yar Khan"
"273096","Saira Bibi","MR-5494","EMDS Call","Fire","Others","2026/03/12 12:49:30 PM","Rahim Yar Khan"
"273097","Farah Sadaqat","MR-5930","EMDS Call","Medical Emergency","High Fever","2026/03/12 12:49:53 PM","Liaqatpur"
"273098","Farah Sadaqat","MR-5930","EMDS Call","Medical Emergency","Abdominal Pain","2026/03/12 12:53:38 PM","Rahim Yar Khan"
"273099","Farah Sadaqat","MR-5930","EMDS Call","Road Crash","Bleeding","2026/03/12 12:57:35 PM","Rahim Yar Khan"
"273100","Saira Bibi","MR-5494","EMDS Call","Medical Emergency","Hypertension","2026/03/12 01:01:07 PM","Sadiqabad"
"273101","Muhammad Arshad","DR-198","EMDS Call","Road Crash","Bleeding","2026/03/12 12:59:53 PM","Rahim Yar Khan"
"273103","Saira Bibi","MR-5494","EMDS Call","Road Crash","Bleeding","2026/03/12 01:03:40 PM","Rahim Yar Khan"
"273103","Saira Bibi","MR-5494","EMDS Call","Road Crash","Bleeding","2026/03/12 01:03:40 PM","Rahim Yar Khan"
"Not Assigned","Farah Sadaqat","MR-5930","EMDS Call","Rescue Operations","Animal/Bird Rescue","2026/03/12 01:00:37 PM","Sadiqabad"
"273104","Saira Bibi","MR-5494","Direct Call","Medical Emergency","Vertigo/ Dizziness","2026/03/12 01:07:08 PM","Rahim Yar Khan"
"273105","Farah Sadaqat","MR-5930","EMDS Call","Medical Emergency","SOB/ Respiratory Distress","2026/03/12 01:16:03 PM","Rahim Yar Khan"
"76983","Saira Bibi","MR-5494","Direct Call","Patient Transfer Service","N/A","2026/03/12 01:19:44 PM","Sadiqabad"
"273106","Saira Bibi","MR-5494","EMDS Call","Road Crash","Bleeding","2026/03/12 01:22:03 PM","Liaqatpur"
"273107","Saira Bibi","MR-5494","EMDS Call","Medical Emergency","Vomiting","2026/03/12 01:25:40 PM","Rahim Yar Khan"
"76984","Shaheen Islam","DR-1171","Direct Call","Patient Transfer Service","N/A","2026/03/12 01:27:25 PM","Liaqatpur"
"273108","Farah Sadaqat","MR-5930","EMDS Call","Road Crash","Bleeding","2026/03/12 01:31:25 PM","Sadiqabad"
"273108","Farah Sadaqat","MR-5930","EMDS Call","Road Crash","Bleeding","2026/03/12 01:31:25 PM","Sadiqabad"
"273109","Shaheen Islam","DR-1171","EMDS Call","Medical Emergency","Unconscious","2026/03/12 01:31:55 PM","Sadiqabad"
"273113","Shaheen Islam","DR-1171","Direct Call","Road Crash","Bleeding","2026/03/12 01:35:31 PM","Liaqatpur"
"273110","Saira Bibi","MR-5494","EMDS Call","Medical Emergency","High Fever","2026/03/12 01:36:42 PM","Rahim Yar Khan"
"273111","Saira Bibi","MR-5494","EMDS Call","Road Crash","Bleeding","2026/03/12 01:40:42 PM","Sadiqabad"
"273111","Saira Bibi","MR-5494","EMDS Call","Road Crash","Bleeding","2026/03/12 01:40:42 PM","Sadiqabad"
"273112","Shaheen Islam","DR-1171","EMDS Call","Road Crash","Minor Injuries","2026/03/12 01:39:57 PM","Sadiqabad"
"273114","Saira Bibi","MR-5494","Direct Call","Rescue Operations","Mass Event Coverage","2026/03/12 01:55:19 PM","Khanpur"
"273115","Shaheen Islam","DR-1171","EMDS Call","Medical Emergency","High Fever","2026/03/12 02:01:26 PM","Liaqatpur"
"273117","Nida Rahat","DR-1322","EMDS Call","Medical Emergency","Abdominal Pain","2026/03/12 02:06:34 PM","Khanpur"
"273116","Sheeza Barkat","MR-5331","EMDS Call","Road Crash","Bleeding","2026/03/12 02:05:54 PM","Rahim Yar Khan"
"273119","Nida Rahat","DR-1322","EMDS Call","Rescue Operations","Delivery Case","2026/03/12 02:17:13 PM","Rahim Yar Khan"
"273118","Aasia Batool","MR-5198","EMDS Call","Medical Emergency","High Fever","2026/03/12 02:17:25 PM","Rahim Yar Khan"
"273120","Nida Rahat","DR-1322","EMDS Call","Medical Emergency","Vertigo/ Dizziness","2026/03/12 02:25:50 PM","Rahim Yar Khan"
"273121","Nida Rahat","DR-1322","EMDS Call","Medical Emergency","Hypertension","2026/03/12 02:52:28 PM","Sadiqabad"
"273122","Aasia Batool","MR-5198","EMDS Call","Medical Emergency","Vertigo/ Dizziness","2026/03/12 02:57:27 PM","Rahim Yar Khan"
"76985","Nida Rahat","DR-1322","Direct Call","Patient Transfer Service","N/A","2026/03/12 02:59:16 PM","Sadiqabad"
"76986","Nida Rahat","DR-1322","Direct Call","Patient Transfer Service","N/A","2026/03/12 03:09:09 PM","Sadiqabad"
"Not Assigned","Sheeza Barkat","MR-5331","Direct Call","Industrial Inspection","Industrial Inspection","2026/03/12 03:10:31 PM","Khanpur"
"273123","Aasia Batool","MR-5198","EMDS Call","Medical Emergency","SOB/ Respiratory Distress","2026/03/12 03:12:54 PM","Rahim Yar Khan"
"273124","Fahad Hussain","DR-538","EMDS Call","Road Crash","Severe Trauma","2026/03/12 03:13:39 PM","Rahim Yar Khan"
"76987","Aasia Batool","MR-5198","Direct Call","Patient Transfer Service","N/A","2026/03/12 03:19:23 PM","Khanpur"
"273125","Sheeza Barkat","MR-5331","EMDS Call","Road Crash","Bleeding","2026/03/12 03:22:42 PM","Rahim Yar Khan"
"273126","Aasia Batool","MR-5198","EMDS Call","Medical Emergency","Others","2026/03/12 03:25:35 PM","Rahim Yar Khan"
"273127","Sheeza Barkat","MR-5331","EMDS Call","Fire","Others","2026/03/12 03:32:18 PM","Khanpur"
"Not Assigned","Zia ul Haq","DR-328","Direct Call","High Raised Building Inspection","High Raised Building Inspection","2026/03/12 03:37:18 PM","Rahim Yar Khan"
"273128","Zia ul Haq","DR-328","EMDS Call","Medical Emergency","Anxiety / Psychiatric Disorder","2026/03/12 03:48:57 PM","Rahim Yar Khan"
"273129","Fahad Hussain","DR-538","EMDS Call","Medical Emergency","Anxiety / Psychiatric Disorder","2026/03/12 03:49:38 PM","Sadiqabad"
"273130","Zia ul Haq","DR-328","EMDS Call","Crime","Physical Assault/Violence","2026/03/12 03:52:18 PM","Khanpur"
"273131","Aasia Batool","MR-5198","EMDS Call","Road Crash","Bleeding","2026/03/12 03:57:51 PM","Rahim Yar Khan"
"273131","Aasia Batool","MR-5198","EMDS Call","Road Crash","Bleeding","2026/03/12 03:57:51 PM","Rahim Yar Khan"
"273132","Fahad Hussain","DR-538","EMDS Call","Medical Emergency","SOB/ Respiratory Distress","2026/03/12 03:59:26 PM","Rahim Yar Khan"
"273133","Fahad Hussain","DR-538","EMDS Call","Road Crash","Severe Trauma","2026/03/12 04:04:23 PM","Sadiqabad"
"273134","Aasia Batool","MR-5198","EMDS Call","Rescue Operations","Animal/Bird Rescue","2026/03/12 04:04:24 PM","Sadiqabad"
"273135","Nida Rahat","DR-1322","EMDS Call","Road Crash","Minor Injuries","2026/03/12 04:15:12 PM","Rahim Yar Khan"
"273136","Nida Rahat","DR-1322","EMDS Call","Rescue Operations","Snake Emergency","2026/03/12 04:22:47 PM","Rahim Yar Khan"
"273137","Fahad Hussain","DR-538","EMDS Call","Medical Emergency","Vomiting","2026/03/12 04:22:14 PM","Rahim Yar Khan"
"273138","Fahad Hussain","DR-538","EMDS Call","Medical Emergency","Joints Pain","2026/03/12 04:27:46 PM","Rahim Yar Khan"
"273139","Nida Rahat","DR-1322","EMDS Call","Fall","Fall From Stairs","2026/03/12 04:29:23 PM","Rahim Yar Khan"
"76988","Nida Rahat","DR-1322","Direct Call","Patient Transfer Service","N/A","2026/03/12 04:31:42 PM","Khanpur"
"273140","Fahad Hussain","DR-538","EMDS Call","Medical Emergency","Anxiety / Psychiatric Disorder","2026/03/12 04:40:56 PM","Sadiqabad"
"273141","Fahad Hussain","DR-538","EMDS Call","Medical Emergency","High Fever","2026/03/12 05:13:00 PM","Liaqatpur"
"76989","Aasia Batool","MR-5198","Direct Call","Patient Transfer Service","N/A","2026/03/12 05:18:26 PM","Sadiqabad"
"273142","Aasia Batool","MR-5198","EMDS Call","Road Crash","Minor Injuries","2026/03/12 05:22:36 PM","Khanpur"
"273143","Zia ul Haq","DR-328","EMDS Call","Medical Emergency","Diabetic","2026/03/12 05:30:13 PM","Rahim Yar Khan"
"273144","Maheen Tahir","MR-6017","EMDS Call","Medical Emergency","Domestic Injuries","2026/03/12 05:34:20 PM","Sadiqabad"
"273145","Nida Rahat","DR-1322","EMDS Call","Medical Emergency","Hypertension","2026/03/12 05:37:08 PM","Rahim Yar Khan"
"273146","Zia ul Haq","DR-328","EMDS Call","Rescue Operations","Delivery Case","2026/03/12 05:46:07 PM","Rahim Yar Khan"
"273147","Nida Rahat","DR-1322","EMDS Call","Road Crash","Multiple Fractures","2026/03/12 05:49:49 PM","Sadiqabad"
"273148","Aasia Batool","MR-5198","EMDS Call","Medical Emergency","Chest Pain","2026/03/12 05:59:23 PM","Liaqatpur"
"273149","Nida Rahat","DR-1322","EMDS Call","Road Crash","Bleeding","2026/03/12 06:09:14 PM","Khanpur"
"273150","Nida Rahat","DR-1322","EMDS Call","Rescue Operations","Delivery Case","2026/03/12 06:43:03 PM","Rahim Yar Khan"
"273151","Nida Rahat","DR-1322","EMDS Call","Fire","Short Circuit","2026/03/12 06:52:39 PM","Khanpur"
"273152","Maheen Tahir","MR-6017","EMDS Call","Medical Emergency","Vertigo/ Dizziness","2026/03/12 06:53:36 PM","Rahim Yar Khan"
"273153","Maheen Tahir","MR-6017","EMDS Call","Medical Emergency","Anxiety / Psychiatric Disorder","2026/03/12 06:58:40 PM","Rahim Yar Khan"
"273154","Aasia Batool","MR-5198","EMDS Call","Medical Emergency","Vomiting","2026/03/12 07:00:57 PM","Rahim Yar Khan"
"273155","Aasia Batool","MR-5198","EMDS Call","Medical Emergency","Unconscious","2026/03/12 07:11:36 PM","Rahim Yar Khan"
"76990","Maheen Tahir","MR-6017","Direct Call","Patient Transfer Service","N/A","2026/03/12 07:24:23 PM","Sadiqabad"
"273156","Fahad Hussain","DR-538","EMDS Call","Medical Emergency","Abdominal Pain","2026/03/12 07:25:01 PM","Rahim Yar Khan"
"273157","Sheeza Barkat","MR-5331","EMDS Call","Medical Emergency","Diabetic","2026/03/12 07:24:04 PM","Rahim Yar Khan"
"76991","Maheen Tahir","MR-6017","Direct Call","Patient Transfer Service","N/A","2026/03/12 07:28:38 PM","Sadiqabad"
"273158","Sheeza Barkat","MR-5331","EMDS Call","Medical Emergency","Hypertension","2026/03/12 07:28:12 PM","Rahim Yar Khan"
"76992","Nida Rahat","DR-1322","Direct Call","Patient Transfer Service","N/A","2026/03/12 07:40:00 PM","Khanpur"
"273159","Sheeza Barkat","MR-5331","EMDS Call","Medical Emergency","Vomiting","2026/03/12 07:38:08 PM","Rahim Yar Khan"
"273160","Maheen Tahir","MR-6017","EMDS Call","Medical Emergency","Domestic Injuries","2026/03/12 07:42:21 PM","Khanpur"
"76993","Maheen Tahir","MR-6017","Direct Call","Patient Transfer Service","N/A","2026/03/12 07:44:53 PM","Rahim Yar Khan"
"273161","Fahad Hussain","DR-538","EMDS Call","Crime","Physical Assault/Violence","2026/03/12 07:47:17 PM","Rahim Yar Khan"
"273162","Sheeza Barkat","MR-5331","EMDS Call","Medical Emergency","Unconscious","2026/03/12 07:50:11 PM","Rahim Yar Khan"
"273163","Maheen Tahir","MR-6017","EMDS Call","Fall","Slipped On Floor","2026/03/12 07:53:25 PM","Sadiqabad"
"273164","Sheeza Barkat","MR-5331","EMDS Call","Medical Emergency","Renal Disorders / Renal Colic ","2026/03/12 07:54:18 PM","Rahim Yar Khan"
"273165","Maheen Tahir","MR-6017","EMDS Call","Road Crash","Minor Injuries","2026/03/12 07:56:10 PM","Sadiqabad"
"273166","Fahad Hussain","DR-538","EMDS Call","Road Crash","Multiple Fractures","2026/03/12 07:57:46 PM","Rahim Yar Khan"
"273171","Sheeza Barkat","MR-5331","EMDS Call","Road Crash","Minor Injuries","2026/03/12 07:59:46 PM","Rahim Yar Khan"
"273167","Fahad Hussain","DR-538","EMDS Call","Medical Emergency","Hypertension","2026/03/12 08:01:15 PM","Sadiqabad"
"273168","Maheen Tahir","MR-6017","EMDS Call","Road Crash","Minor Injuries","2026/03/12 08:01:56 PM","Rahim Yar Khan"
"273169","Nida Rahat","DR-1322","EMDS Call","Medical Emergency","Chest Pain","2026/03/12 08:02:40 PM","Rahim Yar Khan"
"273170","Maheen Tahir","MR-6017","EMDS Call","Medical Emergency","Vomiting","2026/03/12 08:05:32 PM","Rahim Yar Khan"
"76994","Maheen Tahir","MR-6017","Direct Call","Patient Transfer Service","N/A","2026/03/12 08:10:36 PM","Liaqatpur"
"273172","Sheeza Barkat","MR-5331","EMDS Call","Medical Emergency","Anxiety / Psychiatric Disorder","2026/03/12 08:09:56 PM","Rahim Yar Khan"
"273173","Nida Rahat","DR-1322","EMDS Call","Medical Emergency","High Fever","2026/03/12 08:12:33 PM","Rahim Yar Khan"
"273174","Sheeza Barkat","MR-5331","EMDS Call","Road Crash","Minor Injuries","2026/03/12 08:13:09 PM","Liaqatpur"
"76995","Fahad Hussain","DR-538","Direct Call","Patient Transfer Service","N/A","2026/03/12 08:18:46 PM","Liaqatpur"
"273175","Sheeza Barkat","MR-5331","EMDS Call","Medical Emergency","Unconscious","2026/03/12 08:21:05 PM","Rahim Yar Khan"
"273176","Nida Rahat","DR-1322","EMDS Call","Medical Emergency","Joints Pain","2026/03/12 08:29:43 PM","Rahim Yar Khan"
"273177","Bushra Saleem","MR-5701","EMDS Call","Medical Emergency","SOB/ Respiratory Distress","2026/03/12 08:35:16 PM","Khanpur"
"273178","Bushra Saleem","MR-5701","EMDS Call","Medical Emergency","SOB/ Respiratory Distress","2026/03/12 08:38:25 PM","Sadiqabad"
"273179","Rana M. Usman","DR-200","EMDS Call","Rescue Operations","Delivery Case","2026/03/12 08:39:24 PM","Rahim Yar Khan"
"76996","Bushra Saleem","MR-5701","Direct Call","Patient Transfer Service","N/A","2026/03/12 08:49:19 PM","Sadiqabad"
"273180","Muhammad Riaz","DR-654","EMDS Call","Road Crash","Bleeding","2026/03/12 09:05:26 PM","Sadiqabad"
"273181","Zupasha Zia","MR-5758","EMDS Call","Medical Emergency","SOB/ Respiratory Distress","2026/03/12 09:05:03 PM","Rahim Yar Khan"
"273182","Bushra Saleem","MR-5701","EMDS Call","Medical Emergency","SOB/ Respiratory Distress","2026/03/12 09:08:55 PM","Khanpur"
"76997","Bushra Saleem","MR-5701","Direct Call","Patient Transfer Service","N/A","2026/03/12 09:24:51 PM","Khanpur"
"273183","Muhammad Riaz","DR-654","EMDS Call","Medical Emergency","Hypertension","2026/03/12 09:24:40 PM","Rahim Yar Khan"
"273184","Zupasha Zia","MR-5758","EMDS Call","Medical Emergency","Diarrhea","2026/03/12 09:28:19 PM","Liaqatpur"
"273185","Bushra Saleem","MR-5701","EMDS Call","Medical Emergency","Anxiety / Psychiatric Disorder","2026/03/12 09:32:52 PM","Rahim Yar Khan"
"Not Assigned","Bushra Saleem","MR-5701","Direct Call","Rescue Operations","Delivery Case","2026/03/12 09:42:57 PM","Khanpur"
"273187","Bushra Saleem","MR-5701","EMDS Call","Medical Emergency","Hypertension","2026/03/12 09:45:02 PM","Rahim Yar Khan"
"273189","Muhammad Riaz","DR-654","EMDS Call","Rescue Operations","Delivery Case","2026/03/12 09:50:06 PM","Liaqatpur"
"273188","Bushra Saleem","MR-5701","EMDS Call","Medical Emergency","Renal Disorders / Renal Colic ","2026/03/12 09:51:17 PM","Liaqatpur"
"273190","Rana M. Usman","DR-200","EMDS Call","Fall","Slipped On Floor","2026/03/12 10:14:29 PM","Sadiqabad"
"76998","Bushra Saleem","MR-5701","Direct Call","Patient Transfer Service","N/A","2026/03/12 10:20:23 PM","Sadiqabad"
"273191","Rana M. Usman","DR-200","EMDS Call","Medical Emergency","Vertigo/ Dizziness","2026/03/12 10:19:32 PM","Rahim Yar Khan"
"76999","Bushra Saleem","MR-5701","Direct Call","Patient Transfer Service","N/A","2026/03/12 10:26:26 PM","Liaqatpur"
"273192","Rana M. Usman","DR-200","EMDS Call","Medical Emergency","Joints Pain","2026/03/12 10:27:13 PM","Rahim Yar Khan"
"273193","Zupasha Zia","MR-5758","EMDS Call","Medical Emergency","Anxiety / Psychiatric Disorder","2026/03/12 10:35:39 PM","Sadiqabad"
"273194","Rana M. Usman","DR-200","EMDS Call","Rescue Operations","Delivery Case","2026/03/12 10:36:46 PM","Khanpur"
"273195","Muhammad Rashid Saleem","DR-187","EMDS Call","Medical Emergency","Chest Pain","2026/03/12 10:37:39 PM","Khanpur"
"273196","Rana M. Usman","DR-200","EMDS Call","Medical Emergency","Anxiety / Psychiatric Disorder","2026/03/12 10:43:40 PM","Sadiqabad"
"273197","Muhammad Rashid Saleem","DR-187","EMDS Call","Crime","Probable Suicide","2026/03/12 10:51:32 PM","Liaqatpur"
"273198","Rana M. Usman","DR-200","EMDS Call","Medical Emergency","Backache","2026/03/12 11:02:44 PM","Rahim Yar Khan"
"273199","Muhammad Rashid Saleem","DR-187","EMDS Call","Rescue Operations","Delivery Case","2026/03/12 11:08:39 PM","Sadiqabad"
"273200","Zupasha Zia","MR-5758","EMDS Call","Medical Emergency","Abdominal Pain","2026/03/12 11:24:10 PM","Rahim Yar Khan"
"273201","Zupasha Zia","MR-5758","EMDS Call","Medical Emergency","Hypertension","2026/03/12 11:29:10 PM","Rahim Yar Khan"
"273202","Rana M. Usman","DR-200","EMDS Call","Medical Emergency","High Fever","2026/03/12 11:32:07 PM","Rahim Yar Khan"
"273203","Zupasha Zia","MR-5758","EMDS Call","Medical Emergency","Headache","2026/03/12 11:57:55 PM","Sadiqabad"
"273204","Muhammad Rashid Saleem","DR-187","EMDS Call","Medical Emergency","SOB/ Respiratory Distress","2026/03/13 12:08:06 AM","Rahim Yar Khan"
"273205","Zupasha Zia","MR-5758","EMDS Call","Medical Emergency","Hypertension","2026/03/13 12:10:53 AM","Rahim Yar Khan"
"273206","Rana M. Usman","DR-200","EMDS Call","Rescue Operations","Delivery Case","2026/03/13 12:14:14 AM","Liaqatpur"
"273207","Muhammad Rashid Saleem","DR-187","EMDS Call","Medical Emergency","Vomiting","2026/03/13 12:14:35 AM","Rahim Yar Khan"
"273208","Muhammad Rashid Saleem","DR-187","EMDS Call","Medical Emergency","SOB/ Respiratory Distress","2026/03/13 12:47:45 AM","Sadiqabad"
"273209","Zupasha Zia","MR-5758","EMDS Call","Crime","Bullet Injury","2026/03/13 12:49:47 AM","Sadiqabad"
"77000","Rana M. Usman","DR-200","Direct Call","Patient Transfer Service","N/A","2026/03/13 12:56:58 AM","Khanpur"
"77001","Rana M. Usman","DR-200","Direct Call","Patient Transfer Service","N/A","2026/03/13 12:59:49 AM","Khanpur"
"273210","Zupasha Zia","MR-5758","EMDS Call","Medical Emergency","Others","2026/03/13 01:14:19 AM","Rahim Yar Khan"
"77002","Rana M. Usman","DR-200","Direct Call","Patient Transfer Service","N/A","2026/03/13 01:18:28 AM","Sadiqabad"
"273211","Rana M. Usman","DR-200","EMDS Call","Medical Emergency","Joints Pain","2026/03/13 01:22:28 AM","Rahim Yar Khan"
"77003","Rana M. Usman","DR-200","Direct Call","Patient Transfer Service","N/A","2026/03/13 01:29:27 AM","Sadiqabad"
"273212","Rana M. Usman","DR-200","EMDS Call","Medical Emergency","Renal Disorders / Renal Colic ","2026/03/13 01:42:18 AM","Sadiqabad"
"273213","Zupasha Zia","MR-5758","EMDS Call","Medical Emergency","SOB/ Respiratory Distress","2026/03/13 02:17:57 AM","Khanpur"
"273214","Muhammad Rashid Saleem","DR-187","EMDS Call","Medical Emergency","SOB/ Respiratory Distress","2026/03/13 02:30:58 AM","Sadiqabad"
"273215","Zupasha Zia","MR-5758","EMDS Call","Medical Emergency","Headache","2026/03/13 02:36:53 AM","Rahim Yar Khan"
"273216","Rana M. Usman","DR-200","EMDS Call","Medical Emergency","Joints Pain","2026/03/13 02:40:10 AM","Rahim Yar Khan"
"273217","Zupasha Zia","MR-5758","EMDS Call","Medical Emergency","SOB/ Respiratory Distress","2026/03/13 02:47:58 AM","Rahim Yar Khan"
"273219","Rana M. Usman","DR-200","EMDS Call","Medical Emergency","Vomiting","2026/03/13 02:57:20 AM","Liaqatpur"
"273218","Muhammad Rashid Saleem","DR-187","EMDS Call","Rescue Operations","Vehicle Extrication","2026/03/13 03:02:24 AM","Rahim Yar Khan"
"77004","Muhammad Rashid Saleem","DR-187","Direct Call","Patient Transfer Service","N/A","2026/03/13 03:13:26 AM","Sadiqabad"
"273220","Muhammad Riaz","DR-654","EMDS Call","Medical Emergency","Vomiting","2026/03/13 03:21:37 AM","Sadiqabad"
"273221","Farhad Iftikhar","DR-913","EMDS Call","Medical Emergency","Gynae Problem","2026/03/13 03:22:31 AM","Rahim Yar Khan"
"273222","Bushra Saleem","MR-5701","EMDS Call","Medical Emergency","Abdominal Pain","2026/03/13 03:25:14 AM","Sadiqabad"
"77005","Farhad Iftikhar","DR-913","Direct Call","Patient Transfer Service","N/A","2026/03/13 03:34:10 AM","Sadiqabad"
"273223","Muhammad Riaz","DR-654","EMDS Call","Medical Emergency","Vomiting","2026/03/13 03:47:31 AM","Sadiqabad"
"273224","Muhammad Riaz","DR-654","EMDS Call","Medical Emergency","Renal Disorders / Renal Colic ","2026/03/13 03:55:22 AM","Rahim Yar Khan"
"273225","Muhammad Riaz","DR-654","EMDS Call","Medical Emergency","Diabetic","2026/03/13 04:13:28 AM","Rahim Yar Khan"
"273226","Muhammad Riaz","DR-654","EMDS Call","Medical Emergency","Diabetic","2026/03/13 04:46:06 AM","Rahim Yar Khan"
"273227","Farhad Iftikhar","DR-913","EMDS Call","Medical Emergency","Headache","2026/03/13 04:51:38 AM","Rahim Yar Khan"
"273228","Bushra Saleem","MR-5701","EMDS Call","Medical Emergency","Vertigo/ Dizziness","2026/03/13 04:53:20 AM","Rahim Yar Khan"
"273229","Muhammad Riaz","DR-654","EMDS Call","Medical Emergency","Domestic Injuries","2026/03/13 05:02:17 AM","Khanpur"
"273230","Bushra Saleem","MR-5701","EMDS Call","Medical Emergency","Hypertension","2026/03/13 05:20:23 AM","Rahim Yar Khan"
"273231","Bushra Saleem","MR-5701","EMDS Call","Medical Emergency","SOB/ Respiratory Distress","2026/03/13 05:34:22 AM","Rahim Yar Khan"
"273232","Bushra Saleem","MR-5701","EMDS Call","Medical Emergency","Hypertension","2026/03/13 05:48:08 AM","Sadiqabad"
"273233","Farhad Iftikhar","DR-913","EMDS Call","Road Crash","Severe Trauma","2026/03/13 05:50:25 AM","Khanpur"
"273234","Bushra Saleem","MR-5701","EMDS Call","Medical Emergency","Renal Disorders / Renal Colic ","2026/03/13 05:54:38 AM","Rahim Yar Khan"
"273235","Muhammad Riaz","DR-654","EMDS Call","Medical Emergency","Urinary Retention","2026/03/13 05:59:29 AM","Sadiqabad"
"273236","Muhammad Riaz","DR-654","EMDS Call","Road Crash","Bleeding","2026/03/13 06:11:49 AM","Khanpur"
"273237","Muhammad Riaz","DR-654","EMDS Call","Medical Emergency","Abdominal Pain","2026/03/13 06:26:18 AM","Khanpur"
"273239","Bushra Saleem","MR-5701","EMDS Call","Rescue Operations","Delivery Case","2026/03/13 06:45:33 AM","Khanpur"
"273238","Farhad Iftikhar","DR-913","EMDS Call","Medical Emergency","Vomiting","2026/03/13 06:50:17 AM","Rahim Yar Khan"
"273240","Farhad Iftikhar","DR-913","EMDS Call","Fire","Carelessness/Smoking","2026/03/13 06:55:09 AM","Khanpur"
"273241","Bushra Saleem","MR-5701","EMDS Call","Medical Emergency","Diarrhea","2026/03/13 06:58:20 AM","Liaqatpur"
"273242","Farhad Iftikhar","DR-913","EMDS Call","Medical Emergency","Vertigo/ Dizziness","2026/03/13 07:05:18 AM","Rahim Yar Khan"
"273243","Bushra Saleem","MR-5701","EMDS Call","Medical Emergency","Hypertension","2026/03/13 07:18:51 AM","Rahim Yar Khan"
"273244","Muhammad Riaz","DR-654","EMDS Call","Rescue Operations","Others","2026/03/13 07:20:48 AM","Rahim Yar Khan"
"273245","Farhad Iftikhar","DR-913","EMDS Call","Medical Emergency","SOB/ Respiratory Distress","2026/03/13 07:22:17 AM","Liaqatpur"
"273246","Bushra Saleem","MR-5701","EMDS Call","Medical Emergency","Unconscious","2026/03/13 07:43:51 AM","Rahim Yar Khan"
"273247","Bushra Saleem","MR-5701","EMDS Call","Rescue Operations","Delivery Case","2026/03/13 07:51:08 AM","Khanpur"
"273248","Farah Sadaqat","MR-5930","EMDS Call","Rescue Operations","Delivery Case","2026/03/13 07:58:56 AM","Rahim Yar Khan"
"273249","Shahla Nawaz","DR-185","EMDS Call","Road Crash","Minor Injuries","2026/03/13 07:58:54 AM","Rahim Yar Khan"
"273251","Maheen Tahir","MR-6017","EMDS Call","Medical Emergency","Hypertension","2026/03/13 08:03:04 AM","Rahim Yar Khan"
"273250","Shahla Nawaz","DR-185","EMDS Call","Medical Emergency","Chest Pain","2026/03/13 08:03:49 AM","Khanpur"
"273252","Maheen Tahir","MR-6017","EMDS Call","Medical Emergency","Unconscious","2026/03/13 08:10:09 AM","Sadiqabad"
"273253","Shahla Nawaz","DR-185","Direct Call","Rescue Operations","Mass Event Coverage","2026/03/13 08:10:02 AM","Rahim Yar Khan"
"77006","Farah Sadaqat","MR-5930","Direct Call","Patient Transfer Service","N/A","2026/03/13 08:13:21 AM","Sadiqabad"
"77007","Farah Sadaqat","MR-5930","Direct Call","Patient Transfer Service","N/A","2026/03/13 08:22:15 AM","Khanpur"
"273254","Farah Sadaqat","MR-5930","EMDS Call","Medical Emergency","Vertigo/ Dizziness","2026/03/13 08:26:03 AM","Rahim Yar Khan"
"273255","Saira Bibi","MR-5494","Direct Call","Rescue Operations","Mass Event Coverage","2026/03/13 08:52:18 AM","Khanpur"
"273256","Maheen Tahir","MR-6017","EMDS Call","Medical Emergency","High Fever","2026/03/13 08:56:31 AM","Rahim Yar Khan"
"273257","Saira Bibi","MR-5494","EMDS Call","Medical Emergency","Abdominal Pain","2026/03/13 08:59:57 AM","Rahim Yar Khan"
"273258","Saira Bibi","MR-5494","EMDS Call","Medical Emergency","Chest Pain","2026/03/13 09:03:37 AM","Khanpur"
"273259","Farah Sadaqat","MR-5930","Direct Call","Fall","Slipped On Floor","2026/03/13 09:02:19 AM","Rahim Yar Khan"
"77008","Farah Sadaqat","MR-5930","Direct Call","Patient Transfer Service","N/A","2026/03/13 09:13:22 AM","Khanpur"
"273260","Farah Sadaqat","MR-5930","EMDS Call","Medical Emergency","SOB/ Respiratory Distress","2026/03/13 09:20:18 AM","Rahim Yar Khan"
"273261","Muhammad AAmar","DR-915","EMDS Call","Fall","Fall From Tree","2026/03/13 09:23:58 AM","Rahim Yar Khan"
"273262","Muhammad Arshad","DR-198","EMDS Call","Medical Emergency","SOB/ Respiratory Distress","2026/03/13 09:40:33 AM","Sadiqabad"
"273264","Farah Sadaqat","MR-5930","EMDS Call","Medical Emergency","Epilepsy","2026/03/13 09:42:16 AM","Rahim Yar Khan"
"273263","Mureed Abbas","DR-900","EMDS Call","Medical Emergency","High Fever","2026/03/13 09:43:53 AM","Rahim Yar Khan"
"273265","Farah Sadaqat","MR-5930","Direct Call","Medical Emergency","Vertigo/ Dizziness","2026/03/13 09:47:20 AM","Rahim Yar Khan"
"273266","Farah Sadaqat","MR-5930","EMDS Call","Medical Emergency","Chest Pain","2026/03/13 09:49:09 AM","Rahim Yar Khan"
"273267","Shahla Nawaz","DR-185","EMDS Call","Medical Emergency","Abdominal Pain","2026/03/13 10:00:16 AM","Rahim Yar Khan"
"273268","Muhammad Arshad","DR-198","EMDS Call","Medical Emergency","SOB/ Respiratory Distress","2026/03/13 10:00:00 AM","Sadiqabad"
"273269","Muhammad AAmar","DR-915","EMDS Call","Medical Emergency","CVA/Stroke","2026/03/13 10:03:36 AM","Khanpur"
"273270","Shahla Nawaz","DR-185","EMDS Call","Medical Emergency","Renal Disorders / Renal Colic ","2026/03/13 10:12:27 AM","Sadiqabad"
"273271","Mureed Abbas","DR-900","EMDS Call","Medical Emergency","SOB/ Respiratory Distress","2026/03/13 10:24:07 AM","Rahim Yar Khan"
"273272","Muhammad Arshad","DR-198","EMDS Call","Rescue Operations","Animal/Bird Rescue","2026/03/13 10:24:20 AM","Sadiqabad"
"273273","Shahla Nawaz","DR-185","Direct Call","Medical Emergency","SOB/ Respiratory Distress","2026/03/13 10:32:44 AM","Rahim Yar Khan"
"273274","Shahla Nawaz","DR-185","EMDS Call","Road Crash","Minor Injuries","2026/03/13 10:38:07 AM","Rahim Yar Khan"
"273274","Shahla Nawaz","DR-185","EMDS Call","Road Crash","Minor Injuries","2026/03/13 10:38:07 AM","Rahim Yar Khan"
"273275","Saira Bibi","MR-5494","EMDS Call","Road Crash","Minor Injuries","2026/03/13 11:01:00 AM","Rahim Yar Khan"
"273276","Shahla Nawaz","DR-185","EMDS Call","Medical Emergency","SOB/ Respiratory Distress","2026/03/13 10:59:24 AM","Rahim Yar Khan"
"273277","Imran Anjum","DR-204","EMDS Call","Medical Emergency","Vertigo/ Dizziness","2026/03/13 11:22:23 AM","Rahim Yar Khan"
"273278","Imran Anjum","DR-204","EMDS Call","Medical Emergency","Urinary Retention","2026/03/13 11:27:49 AM","Rahim Yar Khan"
"273279","Shahla Nawaz","DR-185","EMDS Call","Fire","Others","2026/03/13 11:28:55 AM","Liaqatpur"
"273280","Imran Anjum","DR-204","EMDS Call","Medical Emergency","Vertigo/ Dizziness","2026/03/13 11:40:54 AM","Khanpur"
"77009","Saira Bibi","MR-5494","Direct Call","Patient Transfer Service","N/A","2026/03/13 11:52:17 AM","Sadiqabad"
"273281","Maheen Tahir","MR-6017","EMDS Call","Medical Emergency","Vomiting","2026/03/13 11:55:52 AM","Sadiqabad"
"273282","Imran Anjum","DR-204","EMDS Call","Medical Emergency","Vertigo/ Dizziness","2026/03/13 12:00:57 PM","Rahim Yar Khan"
"77010","Maheen Tahir","MR-6017","Direct Call","Patient Transfer Service","N/A","2026/03/13 12:05:34 PM","Khanpur"
"273283","Imran Anjum","DR-204","EMDS Call","Medical Emergency","Domestic Injuries","2026/03/13 12:05:26 PM","Liaqatpur"
"77011","Saira Bibi","MR-5494","Direct Call","Patient Transfer Service","N/A","2026/03/13 12:09:10 PM","Khanpur"
"273284","Mureed Abbas","DR-900","EMDS Call","Medical Emergency","SOB/ Respiratory Distress","2026/03/13 12:11:28 PM","Sadiqabad"
"273285","Imran Anjum","DR-204","EMDS Call","Medical Emergency","Abdominal Pain","2026/03/13 12:10:17 PM","Khanpur"
"273286","Saira Bibi","MR-5494","EMDS Call","Crime","Physical Assault/Violence","2026/03/13 12:14:21 PM","Rahim Yar Khan"
"273287","Maheen Tahir","MR-6017","EMDS Call","Road Crash","Minor Injuries","2026/03/13 12:14:32 PM","Sadiqabad"
"77012","Mureed Abbas","DR-900","Direct Call","Patient Transfer Service","N/A","2026/03/13 12:29:02 PM","Khanpur"
"273288","Imran Anjum","DR-204","EMDS Call","Medical Emergency","Vertigo/ Dizziness","2026/03/13 12:29:58 PM","Sadiqabad"
"273289","Imran Anjum","DR-204","EMDS Call","Medical Emergency","Anxiety / Psychiatric Disorder","2026/03/13 12:33:21 PM","Rahim Yar Khan"
"273290","Mureed Abbas","DR-900","EMDS Call","Road Crash","Bleeding","2026/03/13 12:39:13 PM","Khanpur"
"77013","Saira Bibi","MR-5494","Direct Call","Patient Transfer Service","N/A","2026/03/13 12:41:27 PM","Sadiqabad"
"273291","Saira Bibi","MR-5494","EMDS Call","Medical Emergency","Headache","2026/03/13 12:44:20 PM","Rahim Yar Khan"
"273292","Maheen Tahir","MR-6017","EMDS Call","Fall","Slipped On Floor","2026/03/13 01:00:30 PM","Sadiqabad"
"273293","Saira Bibi","MR-5494","EMDS Call","Medical Emergency","SOB/ Respiratory Distress","2026/03/13 01:04:37 PM","Khanpur"
"273294","Maheen Tahir","MR-6017","EMDS Call","Road Crash","Minor Injuries","2026/03/13 01:05:15 PM","Rahim Yar Khan"
"273295","Saira Bibi","MR-5494","EMDS Call","Medical Emergency","Vertigo/ Dizziness","2026/03/13 01:06:11 PM","Rahim Yar Khan"
"273296","Mureed Abbas","DR-900","EMDS Call","Medical Emergency","Domestic Injuries","2026/03/13 01:06:31 PM","Rahim Yar Khan"
"273298","Maheen Tahir","MR-6017","EMDS Call","Medical Emergency","SOB/ Respiratory Distress","2026/03/13 01:08:31 PM","Sadiqabad"
"273297","Mureed Abbas","DR-900","EMDS Call","Road Crash","Severe Trauma","2026/03/13 01:10:01 PM","Sadiqabad"
"273299","Saira Bibi","MR-5494","EMDS Call","Crime","Physical Assault/Violence","2026/03/13 01:10:15 PM","Sadiqabad"
"273299","Saira Bibi","MR-5494","EMDS Call","Crime","Physical Assault/Violence","2026/03/13 01:10:15 PM","Sadiqabad"
"273300","Maheen Tahir","MR-6017","EMDS Call","Medical Emergency","Domestic Injuries","2026/03/13 01:12:59 PM","Khanpur"
"273301","Saira Bibi","MR-5494","EMDS Call","Medical Emergency","SOB/ Respiratory Distress","2026/03/13 01:23:18 PM","Liaqatpur"
"273303","Saira Bibi","MR-5494","EMDS Call","Medical Emergency","Gynae Problem","2026/03/13 01:32:32 PM","Rahim Yar Khan"
"273302","Maheen Tahir","MR-6017","EMDS Call","Road Crash","Bleeding","2026/03/13 01:32:47 PM","Sadiqabad"
"273302","Maheen Tahir","MR-6017","EMDS Call","Road Crash","Bleeding","2026/03/13 01:32:47 PM","Sadiqabad"
"273304","Fahad Hussain","DR-538","Direct Call","Medical Emergency","Joints Pain","2026/03/13 01:55:02 PM","Rahim Yar Khan"
"273305","Saima Bashir","MR-5819","EMDS Call","Medical Emergency","Domestic Injuries","2026/03/13 02:14:59 PM","Sadiqabad"
"273306","Aasia Batool","MR-5198","EMDS Call","Fall","Fall From Tree","2026/03/13 02:16:16 PM","Rahim Yar Khan"
"Not Assigned","Sheeza Barkat","MR-5331","EMDS Call","Fire","Others","2026/03/13 02:17:50 PM","Khanpur"
"273308","Sheeza Barkat","MR-5331","EMDS Call","Medical Emergency","Gynae Problem","2026/03/13 02:20:26 PM","Sadiqabad"
"273309","Saima Bashir","MR-5819","EMDS Call","Road Crash","Bleeding","2026/03/13 02:24:10 PM","Rahim Yar Khan"
"273310","Sheeza Barkat","MR-5331","EMDS Call","Medical Emergency","Vertigo/ Dizziness","2026/03/13 02:24:27 PM","Rahim Yar Khan"
"273311","Sheeza Barkat","MR-5331","EMDS Call","Medical Emergency","Renal Disorders / Renal Colic ","2026/03/13 02:31:33 PM","Rahim Yar Khan"
"273312","Saima Bashir","MR-5819","EMDS Call","Medical Emergency","Renal Disorders / Renal Colic ","2026/03/13 02:37:04 PM","Rahim Yar Khan"
"273314","Aasia Batool","MR-5198","EMDS Call","Fall","Slipped On Floor","2026/03/13 02:43:41 PM","Rahim Yar Khan"
"273313","Saima Bashir","MR-5819","Direct Call","Medical Emergency","Headache","2026/03/13 02:45:25 PM","Rahim Yar Khan"
"273315","Muhammad ALi","DR-818","EMDS Call","Road Crash","Bleeding","2026/03/13 02:46:42 PM","Rahim Yar Khan"
"273317","Saima Bashir","MR-5819","EMDS Call","Medical Emergency","Anxiety / Psychiatric Disorder","2026/03/13 02:48:02 PM","Rahim Yar Khan"
"273316","Zia ul Haq","DR-328","EMDS Call","Medical Emergency","Hypotension","2026/03/13 02:47:11 PM","Sadiqabad"
"77014","Sheeza Barkat","MR-5331","Direct Call","Patient Transfer Service","N/A","2026/03/13 02:54:30 PM","Sadiqabad"
"273318","Muhammad ALi","DR-818","EMDS Call","Medical Emergency","Others","2026/03/13 02:55:50 PM","Rahim Yar Khan"
"273319","Sheeza Barkat","MR-5331","EMDS Call","Medical Emergency","Joints Pain","2026/03/13 02:56:45 PM","Rahim Yar Khan"
"77015","Saima Bashir","MR-5819","Direct Call","Patient Transfer Service","N/A","2026/03/13 03:04:27 PM","Sadiqabad"
"77016","Sheeza Barkat","MR-5331","Direct Call","Patient Transfer Service","N/A","2026/03/13 03:11:52 PM","Sadiqabad"
"273320","Aasia Batool","MR-5198","EMDS Call","Medical Emergency","Domestic Injuries","2026/03/13 03:10:26 PM","Rahim Yar Khan"
"273321","Zia ul Haq","DR-328","EMDS Call","Road Crash","Multiple Fractures","2026/03/13 03:21:47 PM","Rahim Yar Khan"
"273322","Saima Bashir","MR-5819","EMDS Call","Medical Emergency","Domestic Injuries","2026/03/13 03:27:17 PM","Khanpur"
"273323","Aasia Batool","MR-5198","EMDS Call","Medical Emergency","Unconscious","2026/03/13 03:33:06 PM","Rahim Yar Khan"
"273324","Sheeza Barkat","MR-5331","EMDS Call","Medical Emergency","Renal Disorders / Renal Colic ","2026/03/13 03:41:12 PM","Sadiqabad"
"273325","Sheeza Barkat","MR-5331","EMDS Call","Medical Emergency","Abdominal Pain","2026/03/13 03:47:34 PM","Rahim Yar Khan"
"273327","Aasia Batool","MR-5198","EMDS Call","Medical Emergency","Chest Pain","2026/03/13 03:51:23 PM","Khanpur"
"273326","Zia ul Haq","DR-328","EMDS Call","Road Crash","Minor Injuries","2026/03/13 03:52:21 PM","Rahim Yar Khan"
"273328","Saima Bashir","MR-5819","EMDS Call","Road Crash","Bleeding","2026/03/13 03:54:16 PM","Rahim Yar Khan"
"273329","Zia ul Haq","DR-328","EMDS Call","Medical Emergency","Anxiety / Psychiatric Disorder","2026/03/13 04:03:15 PM","Khanpur"
"273331","Saima Bashir","MR-5819","EMDS Call","Medical Emergency","SOB/ Respiratory Distress","2026/03/13 04:04:45 PM","Rahim Yar Khan"
"273330","Aasia Batool","MR-5198","EMDS Call","Medical Emergency","High Fever","2026/03/13 04:05:59 PM","Rahim Yar Khan"
"273332","Zia ul Haq","DR-328","EMDS Call","Medical Emergency","Chronic Illness","2026/03/13 04:20:05 PM","Liaqatpur"
"273333","Muhammad ALi","DR-818","EMDS Call","Medical Emergency","Anxiety / Psychiatric Disorder","2026/03/13 04:25:01 PM","Rahim Yar Khan"
"273334","Muhammad ALi","DR-818","EMDS Call","Medical Emergency","Hypertension","2026/03/13 04:28:32 PM","Rahim Yar Khan"
"77017","Aasia Batool","MR-5198","Direct Call","Patient Transfer Service","N/A","2026/03/13 04:31:32 PM","Liaqatpur"
"77018","Aasia Batool","MR-5198","Direct Call","Patient Transfer Service","N/A","2026/03/13 04:35:15 PM","Liaqatpur"
"273335","Zia ul Haq","DR-328","EMDS Call","Medical Emergency","Anxiety / Psychiatric Disorder","2026/03/13 04:43:14 PM","Rahim Yar Khan"
"273336","Muhammad ALi","DR-818","EMDS Call","Medical Emergency","Hypertension","2026/03/13 04:44:01 PM","Sadiqabad"
"273337","Aasia Batool","MR-5198","EMDS Call","Road Crash","Multiple Fractures","2026/03/13 04:46:18 PM","Sadiqabad"
"273339","Saima Bashir","MR-5819","EMDS Call","Medical Emergency","Hypertension","2026/03/13 04:51:48 PM","Liaqatpur"
"273338","Muhammad ALi","DR-818","EMDS Call","Fall","Fall From Tree","2026/03/13 04:53:05 PM","Rahim Yar Khan"
"273340","Muhammad ALi","DR-818","EMDS Call","Medical Emergency","SOB/ Respiratory Distress","2026/03/13 05:13:21 PM","Sadiqabad"
"273342","Sheeza Barkat","MR-5331","EMDS Call","Medical Emergency","SOB/ Respiratory Distress","2026/03/13 05:17:32 PM","Rahim Yar Khan"
"273341","Muhammad ALi","DR-818","EMDS Call","Road Crash","Minor Injuries","2026/03/13 05:17:33 PM","Khanpur"
"273343","Sheeza Barkat","MR-5331","EMDS Call","Medical Emergency","CVA/Stroke","2026/03/13 05:26:48 PM","Sadiqabad"
"273344","Muhammad ALi","DR-818","EMDS Call","Fire","Carelessness/Smoking","2026/03/13 05:30:38 PM","Rahim Yar Khan"
"273345","Sheeza Barkat","MR-5331","EMDS Call","Medical Emergency","Chest Pain","2026/03/13 05:33:52 PM","Rahim Yar Khan"
"273346","Zia ul Haq","DR-328","EMDS Call","Medical Emergency","Headache","2026/03/13 05:45:23 PM","Rahim Yar Khan"
"273347","Aasia Batool","MR-5198","EMDS Call","Medical Emergency","Domestic Injuries","2026/03/13 06:10:14 PM","Rahim Yar Khan"
"273348","Saima Bashir","MR-5819","EMDS Call","Road Crash","Minor Injuries","2026/03/13 06:11:09 PM","Rahim Yar Khan"
"273349","Saima Bashir","MR-5819","EMDS Call","Medical Emergency","Anxiety / Psychiatric Disorder","2026/03/13 06:19:25 PM","Sadiqabad"
"273350","Saima Bashir","MR-5819","EMDS Call","Medical Emergency","Abdominal Pain","2026/03/13 06:21:37 PM","Sadiqabad"
"77019","Saima Bashir","MR-5819","Direct Call","Patient Transfer Service","N/A","2026/03/13 06:47:38 PM","Khanpur"
"273351","Saima Bashir","MR-5819","EMDS Call","Medical Emergency","Vomiting","2026/03/13 06:55:56 PM","Sadiqabad"
"273352","Sheeza Barkat","MR-5331","EMDS Call","Medical Emergency","Chest Pain","2026/03/13 06:58:01 PM","Rahim Yar Khan"
"273353","Zia ul Haq","DR-328","EMDS Call","Medical Emergency","Renal Disorders / Renal Colic ","2026/03/13 06:59:29 PM","Liaqatpur"
"273354","Saima Bashir","MR-5819","EMDS Call","Fall","Fall From Wall","2026/03/13 07:05:05 PM","Rahim Yar Khan"
"273355","Zia ul Haq","DR-328","Direct Call","Medical Emergency","Anxiety / Psychiatric Disorder","2026/03/13 07:06:20 PM","Rahim Yar Khan"
"273356","Sheeza Barkat","MR-5331","EMDS Call","Medical Emergency","Hypertension","2026/03/13 07:07:18 PM","Rahim Yar Khan"
"273357","Aasia Batool","MR-5198","EMDS Call","Crime","Physical Assault/Violence","2026/03/13 07:13:55 PM","Khanpur"
"273358","Nida Rahat","DR-1322","EMDS Call","Medical Emergency","Diabetic","2026/03/13 07:16:25 PM","Rahim Yar Khan"
"77020","Sheeza Barkat","MR-5331","Direct Call","Patient Transfer Service","N/A","2026/03/13 07:19:22 PM","Sadiqabad"
"Not Assigned","Aasia Batool","MR-5198","EMDS Call","Medical Emergency","Others","2026/03/13 07:18:13 PM","Sadiqabad"
"273360","Sheeza Barkat","MR-5331","EMDS Call","Crime","Physical Assault/Violence","2026/03/13 07:19:56 PM","Liaqatpur"
"273360","Sheeza Barkat","MR-5331","EMDS Call","Crime","Physical Assault/Violence","2026/03/13 07:19:56 PM","Liaqatpur"
"273361","Zia ul Haq","DR-328","EMDS Call","Medical Emergency","SOB/ Respiratory Distress","2026/03/13 07:20:33 PM","Rahim Yar Khan"
"273362","Sheeza Barkat","MR-5331","EMDS Call","Crime","Physical Assault/Violence","2026/03/13 07:34:36 PM","Sadiqabad"
"273362","Sheeza Barkat","MR-5331","EMDS Call","Crime","Physical Assault/Violence","2026/03/13 07:34:36 PM","Sadiqabad"
"273362","Sheeza Barkat","MR-5331","EMDS Call","Crime","Physical Assault/Violence","2026/03/13 07:34:36 PM","Sadiqabad"
"273362","Sheeza Barkat","MR-5331","EMDS Call","Crime","Physical Assault/Violence","2026/03/13 07:34:36 PM","Sadiqabad"
"273362","Sheeza Barkat","MR-5331","EMDS Call","Crime","Physical Assault/Violence","2026/03/13 07:34:36 PM","Sadiqabad"
"273362","Sheeza Barkat","MR-5331","EMDS Call","Crime","Physical Assault/Violence","2026/03/13 07:34:36 PM","Sadiqabad"
"77021","Nida Rahat","DR-1322","Direct Call","Patient Transfer Service","N/A","2026/03/13 07:39:21 PM","Sadiqabad"
"273363","Sheeza Barkat","MR-5331","EMDS Call","Medical Emergency","SOB/ Respiratory Distress","2026/03/13 07:36:59 PM","Khanpur"
"273364","Aasia Batool","MR-5198","EMDS Call","Rescue Operations","Snake Emergency","2026/03/13 07:43:50 PM","Rahim Yar Khan"
"273365","Sheeza Barkat","MR-5331","EMDS Call","Road Crash","Minor Injuries","2026/03/13 07:50:42 PM","Rahim Yar Khan"
"273366","Aasia Batool","MR-5198","EMDS Call","Medical Emergency","Epilepsy","2026/03/13 08:03:50 PM","Rahim Yar Khan"
"273367","Nida Rahat","DR-1322","EMDS Call","Medical Emergency","SOB/ Respiratory Distress","2026/03/13 08:07:33 PM","Rahim Yar Khan"
"273368","Aasia Batool","MR-5198","EMDS Call","Medical Emergency","Anxiety / Psychiatric Disorder","2026/03/13 08:09:28 PM","Rahim Yar Khan"
"273369","Aasia Batool","MR-5198","EMDS Call","Medical Emergency","Diarrhea","2026/03/13 08:13:23 PM","Khanpur"
"273370","Saima Bashir","MR-5819","EMDS Call","Medical Emergency","Joints Pain","2026/03/13 08:14:10 PM","Rahim Yar Khan"
"273371","Saima Bashir","MR-5819","EMDS Call","Medical Emergency","Chest Pain","2026/03/13 08:28:01 PM","Rahim Yar Khan"
"273372","Sheeza Barkat","MR-5331","EMDS Call","Medical Emergency","Joints Pain","2026/03/13 08:30:43 PM","Rahim Yar Khan"
"273373","Saima Bashir","MR-5819","EMDS Call","Rescue Operations","Delivery Case","2026/03/13 08:33:41 PM","Sadiqabad"
"77022","Nida Rahat","DR-1322","Direct Call","Patient Transfer Service","N/A","2026/03/13 08:35:49 PM","Liaqatpur"
"273374","Sheeza Barkat","MR-5331","EMDS Call","Crime","Physical Assault/Violence","2026/03/13 08:35:30 PM","Liaqatpur"
"273374","Sheeza Barkat","MR-5331","EMDS Call","Crime","Physical Assault/Violence","2026/03/13 08:35:30 PM","Liaqatpur"
"273374","Sheeza Barkat","MR-5331","EMDS Call","Crime","Physical Assault/Violence","2026/03/13 08:35:30 PM","Liaqatpur"
"273374","Sheeza Barkat","MR-5331","EMDS Call","Crime","Physical Assault/Violence","2026/03/13 08:35:30 PM","Liaqatpur"
"77023","Nida Rahat","DR-1322","Direct Call","Patient Transfer Service","N/A","2026/03/13 08:43:53 PM","Liaqatpur"
"77024","Nida Rahat","DR-1322","Direct Call","Patient Transfer Service","N/A","2026/03/13 08:46:24 PM","Liaqatpur"
"77025","Bushra Saleem","MR-5701","Direct Call","Patient Transfer Service","N/A","2026/03/13 08:53:34 PM","Sadiqabad"
"273375","Muhammad Tariq Hameed","DR-885","EMDS Call","Medical Emergency","High Fever","2026/03/13 08:53:50 PM","Rahim Yar Khan"
"273376","Zupasha Zia","MR-5758","EMDS Call","Medical Emergency","SOB/ Respiratory Distress","2026/03/13 09:02:05 PM","Rahim Yar Khan"
"273377","Bushra Saleem","MR-5701","EMDS Call","Medical Emergency","Abdominal Pain","2026/03/13 09:04:42 PM","Khanpur"
"273379","Muhammad Tariq Hameed","DR-885","Direct Call","Road Crash","Bleeding","2026/03/13 09:12:10 PM","Sadiqabad"
"273379","Muhammad Tariq Hameed","DR-885","Direct Call","Road Crash","Bleeding","2026/03/13 09:12:10 PM","Sadiqabad"
"273378","Zupasha Zia","MR-5758","EMDS Call","Medical Emergency","Joints Pain","2026/03/13 09:16:11 PM","Sadiqabad"
"273380","Bushra Saleem","MR-5701","EMDS Call","Road Crash","Multiple Fractures","2026/03/13 09:18:22 PM","Rahim Yar Khan"
"273381","Zupasha Zia","MR-5758","EMDS Call","Medical Emergency","Renal Disorders / Renal Colic ","2026/03/13 09:26:53 PM","Khanpur"
"273382","Bushra Saleem","MR-5701","EMDS Call","Medical Emergency","Hypertension","2026/03/13 09:32:55 PM","Sadiqabad"
"273383","Zupasha Zia","MR-5758","EMDS Call","Medical Emergency","Vomiting","2026/03/13 09:45:18 PM","Sadiqabad"
"273384","Bushra Saleem","MR-5701","EMDS Call","Road Crash","Minor Injuries","2026/03/13 09:51:54 PM","Rahim Yar Khan"
"273385","Zupasha Zia","MR-5758","EMDS Call","Road Crash","Severe Trauma","2026/03/13 09:54:27 PM","Khanpur"
"273385","Zupasha Zia","MR-5758","EMDS Call","Road Crash","Severe Trauma","2026/03/13 09:54:27 PM","Khanpur"
"273386","Zupasha Zia","MR-5758","EMDS Call","Medical Emergency","Hypertension","2026/03/13 09:56:03 PM","Rahim Yar Khan"
"273387","Zupasha Zia","MR-5758","EMDS Call","Road Crash","Bleeding","2026/03/13 10:09:01 PM","Rahim Yar Khan"
"273388","Muhammad Tariq Hameed","DR-885","EMDS Call","Medical Emergency","Anxiety / Psychiatric Disorder","2026/03/13 10:25:52 PM","Rahim Yar Khan"
"273391","Bushra Saleem","MR-5701","EMDS Call","Medical Emergency","Others","2026/03/13 10:34:59 PM","Sadiqabad"
"273389","Zupasha Zia","MR-5758","EMDS Call","Medical Emergency","Chest Pain","2026/03/13 10:35:48 PM","Sadiqabad"
"273390","Muhammad Tariq Hameed","DR-885","EMDS Call","Medical Emergency","Vertigo/ Dizziness","2026/03/13 10:40:44 PM","Rahim Yar Khan"
"77026","Rana M. Usman","DR-200","Direct Call","Patient Transfer Service","N/A","2026/03/13 10:42:50 PM","Sadiqabad"
"273392","Rana M. Usman","DR-200","EMDS Call","Medical Emergency","Gynae Problem","2026/03/13 10:44:09 PM","Rahim Yar Khan"
"273393","Rana M. Usman","DR-200","EMDS Call","Medical Emergency","Chest Pain","2026/03/13 10:47:42 PM","Rahim Yar Khan"
"273394","Zupasha Zia","MR-5758","EMDS Call","Medical Emergency","High Fever","2026/03/13 10:50:12 PM","Sadiqabad"
"273395","Rana M. Usman","DR-200","EMDS Call","Medical Emergency","Vomiting","2026/03/13 10:58:55 PM","Rahim Yar Khan"
"273396","Rana M. Usman","DR-200","EMDS Call","Fall","Slipped On Floor","2026/03/13 11:06:07 PM","Rahim Yar Khan"
"77027","Zupasha Zia","MR-5758","Direct Call","Patient Transfer Service","N/A","2026/03/13 11:15:01 PM","Khanpur"
"77028","Zupasha Zia","MR-5758","Direct Call","Patient Transfer Service","N/A","2026/03/13 11:18:01 PM","Khanpur"
"273397","Zupasha Zia","MR-5758","EMDS Call","Medical Emergency","Hypertension","2026/03/13 11:22:20 PM","Rahim Yar Khan"
"273398","Rana M. Usman","DR-200","EMDS Call","Medical Emergency","SOB/ Respiratory Distress","2026/03/13 11:28:48 PM","Khanpur"
"77029","Zupasha Zia","MR-5758","Direct Call","Patient Transfer Service","N/A","2026/03/13 11:31:20 PM","Khanpur"
"77030","Zupasha Zia","MR-5758","Direct Call","Patient Transfer Service","N/A","2026/03/14 12:08:59 AM","Sadiqabad"
"273399","Zupasha Zia","MR-5758","EMDS Call","Medical Emergency","SOB/ Respiratory Distress","2026/03/14 12:20:37 AM","Rahim Yar Khan"
"273400","Muhammad Tariq Hameed","DR-885","EMDS Call","Medical Emergency","Hypertension","2026/03/14 12:29:16 AM","Sadiqabad"
"273401","Zupasha Zia","MR-5758","EMDS Call","Medical Emergency","High Fever","2026/03/14 12:32:28 AM","Rahim Yar Khan"
"273402","Rana M. Usman","DR-200","EMDS Call","Medical Emergency","Chronic Illness","2026/03/14 12:40:22 AM","Rahim Yar Khan"
"273403","Muhammad Tariq Hameed","DR-885","EMDS Call","Medical Emergency","Hypertension","2026/03/14 01:04:43 AM","Rahim Yar Khan"
"273404","Zupasha Zia","MR-5758","EMDS Call","Medical Emergency","Vomiting","2026/03/14 01:12:58 AM","Rahim Yar Khan"
"273405","Zupasha Zia","MR-5758","EMDS Call","Medical Emergency","SOB/ Respiratory Distress","2026/03/14 01:35:30 AM","Khanpur"
"273406","Rana M. Usman","DR-200","EMDS Call","Medical Emergency","Chest Pain","2026/03/14 01:37:11 AM","Rahim Yar Khan"
"273407","Zupasha Zia","MR-5758","EMDS Call","Medical Emergency","Chronic Illness","2026/03/14 01:39:16 AM","Rahim Yar Khan"
"273408","Rana M. Usman","DR-200","EMDS Call","Medical Emergency","Hypertension","2026/03/14 01:57:05 AM","Rahim Yar Khan"
"273409","Muhammad Tariq Hameed","DR-885","EMDS Call","Medical Emergency","High Fever","2026/03/14 02:26:39 AM","Khanpur"
"273410","Zupasha Zia","MR-5758","EMDS Call","Medical Emergency","Vomiting","2026/03/14 02:27:03 AM","Rahim Yar Khan"
"273411","Muhammad Tariq Hameed","DR-885","EMDS Call","Medical Emergency","Vomiting","2026/03/14 02:32:02 AM","Sadiqabad"
"Not Assigned","Zupasha Zia","MR-5758","EMDS Call","Medical Emergency","Joints Pain","2026/03/14 02:34:40 AM","Rahim Yar Khan"
"273413","Rana M. Usman","DR-200","EMDS Call","Medical Emergency","Unconscious","2026/03/14 02:38:15 AM","Rahim Yar Khan"
"273414","Rana M. Usman","DR-200","EMDS Call","Medical Emergency","Vomiting","2026/03/14 02:58:14 AM","Sadiqabad"
"273415","Muhammad Tariq Hameed","DR-885","EMDS Call","Medical Emergency","Hypertension","2026/03/14 02:58:37 AM","Sadiqabad"
"273416","Rana M. Usman","DR-200","EMDS Call","Fall","Slipped On Floor","2026/03/14 03:10:10 AM","Rahim Yar Khan"
"273417","Muhammad Riaz","DR-654","EMDS Call","Medical Emergency","Chest Pain","2026/03/14 03:14:25 AM","Liaqatpur"
"273418","Muhammad Riaz","DR-654","EMDS Call","Medical Emergency","Abdominal Pain","2026/03/14 03:19:31 AM","Rahim Yar Khan"
"273419","Bushra Saleem","MR-5701","EMDS Call","Medical Emergency","Hypertension","2026/03/14 03:20:51 AM","Khanpur"
"273420","Rana M. Usman","DR-200","EMDS Call","Medical Emergency","Renal Disorders / Renal Colic ","2026/03/14 03:25:49 AM","Rahim Yar Khan"
"273421","Muhammad Riaz","DR-654","EMDS Call","Medical Emergency","Abdominal Pain","2026/03/14 03:37:54 AM","Liaqatpur"
"273422","Bushra Saleem","MR-5701","EMDS Call","Medical Emergency","High Fever","2026/03/14 03:56:08 AM","Khanpur"
"273423","Rana M. Usman","DR-200","EMDS Call","Medical Emergency","Unconscious","2026/03/14 04:00:14 AM","Rahim Yar Khan"
"273424","Bushra Saleem","MR-5701","EMDS Call","Medical Emergency","Hypertension","2026/03/14 04:12:54 AM","Rahim Yar Khan"
"273425","Muhammad Riaz","DR-654","EMDS Call","Fire","Others","2026/03/14 04:25:14 AM","Rahim Yar Khan"
"273426","Rana M. Usman","DR-200","EMDS Call","Road Crash","Bleeding","2026/03/14 04:26:54 AM","Khanpur"
"273427","Bushra Saleem","MR-5701","EMDS Call","Medical Emergency","Abdominal Pain","2026/03/14 04:26:17 AM","Rahim Yar Khan"
"273428","Muhammad Riaz","DR-654","EMDS Call","Medical Emergency","Joints Pain","2026/03/14 05:13:20 AM","Rahim Yar Khan"
"273429","Muhammad Riaz","DR-654","EMDS Call","Medical Emergency","Gynae Problem","2026/03/14 05:46:37 AM","Rahim Yar Khan"
"273430","Rana M. Usman","DR-200","EMDS Call","Medical Emergency","High Fever","2026/03/14 05:48:18 AM","Rahim Yar Khan"
"273431","Muhammad Riaz","DR-654","EMDS Call","Rescue Operations","Delivery Case","2026/03/14 05:48:56 AM","Rahim Yar Khan"
"273432","Muhammad Riaz","DR-654","EMDS Call","Medical Emergency","Hypertension","2026/03/14 06:10:07 AM","Sadiqabad"
"77031","Rana M. Usman","DR-200","Direct Call","Patient Transfer Service","N/A","2026/03/14 06:24:58 AM","Khanpur"
"273433","Muhammad Riaz","DR-654","EMDS Call","Medical Emergency","SOB/ Respiratory Distress","2026/03/14 06:40:41 AM","Liaqatpur"
"273434","Bushra Saleem","MR-5701","EMDS Call","Medical Emergency","Hypertension","2026/03/14 06:57:13 AM","Rahim Yar Khan"
"Not Assigned","Muhammad Riaz","DR-654","EMDS Call","Road Crash","Bleeding","2026/03/14 06:58:39 AM","Sadiqabad"
"273435","Rana M. Usman","DR-200","EMDS Call","Medical Emergency","CVA/Stroke","2026/03/14 07:01:33 AM","Rahim Yar Khan"
"273436","Rana M. Usman","DR-200","EMDS Call","Medical Emergency","SOB/ Respiratory Distress","2026/03/14 07:05:46 AM","Liaqatpur"
"273437","Bushra Saleem","MR-5701","EMDS Call","Medical Emergency","Unconscious","2026/03/14 07:07:05 AM","Rahim Yar Khan"
"273438","Rana M. Usman","DR-200","EMDS Call","Medical Emergency","Unconscious","2026/03/14 07:09:44 AM","Liaqatpur"
"273439","Rana M. Usman","DR-200","EMDS Call","Medical Emergency","High Fever","2026/03/14 07:13:26 AM","Liaqatpur"
"273440","Rana M. Usman","DR-200","EMDS Call","Road Crash","Minor Injuries","2026/03/14 07:20:45 AM","Sadiqabad"
"273441","Muhammad Riaz","DR-654","EMDS Call","Medical Emergency","Abdominal Pain","2026/03/14 07:30:41 AM","Rahim Yar Khan"
"77032","Bushra Saleem","MR-5701","Direct Call","Patient Transfer Service","N/A","2026/03/14 07:50:22 AM","Sadiqabad"
"273442","Shahla Nawaz","DR-185","EMDS Call","Fall","Slipped On Floor","2026/03/14 07:55:19 AM","Sadiqabad"
"273443","Mureed Abbas","DR-900","Direct Call","Medical Emergency","Vomiting","2026/03/14 08:03:38 AM","Rahim Yar Khan"
"77033","Shahla Nawaz","DR-185","Direct Call","Patient Transfer Service","N/A","2026/03/14 08:04:31 AM","Liaqatpur"
"273444","Maheen Tahir","MR-6017","EMDS Call","Medical Emergency","Unconscious","2026/03/14 08:07:48 AM","Sadiqabad"
"273445","Mureed Abbas","DR-900","EMDS Call","Medical Emergency","Diarrhea","2026/03/14 08:25:43 AM","Khanpur"
"273446","Maheen Tahir","MR-6017","EMDS Call","Medical Emergency","Chest Pain","2026/03/14 08:30:59 AM","Khanpur"
"273447","Muhammad Zahid","DR-888","Direct Call","Rescue Operations","Mass Event Coverage","2026/03/14 08:33:04 AM","Rahim Yar Khan"
"273448","Shahla Nawaz","DR-185","EMDS Call","Medical Emergency","Vomiting","2026/03/14 08:40:37 AM","Khanpur"
"273449","Shahla Nawaz","DR-185","Direct Call","Medical Emergency","SOB/ Respiratory Distress","2026/03/14 08:44:54 AM","Rahim Yar Khan"
"273450","Maheen Tahir","MR-6017","EMDS Call","Medical Emergency","Diabetic","2026/03/14 08:52:53 AM","Rahim Yar Khan"
"273451","Mureed Abbas","DR-900","EMDS Call","Medical Emergency","Domestic Injuries","2026/03/14 08:55:23 AM","Rahim Yar Khan"
"273452","Muhammad Zubair","DR-894","Direct Call","Medical Emergency","Abdominal Pain","2026/03/14 09:17:36 AM","Liaqatpur"
"273453","Muhammad Zubair","DR-894","Direct Call","Rescue Operations","Mass Event Coverage","2026/03/14 09:20:00 AM","Khanpur"
"273454","Nida Rahat","DR-1322","EMDS Call","Medical Emergency","Backache","2026/03/14 09:20:17 AM","Sadiqabad"
"273455","Mureed Abbas","DR-900","EMDS Call","Medical Emergency","Urinary Retention","2026/03/14 09:22:10 AM","Rahim Yar Khan"
"273456","Nida Rahat","DR-1322","Direct Call","Medical Emergency","Renal Disorders / Renal Colic ","2026/03/14 09:24:14 AM","Rahim Yar Khan"
"273458","Mureed Abbas","DR-900","EMDS Call","Road Crash","Bleeding","2026/03/14 09:29:29 AM","Rahim Yar Khan"
"273457","Nida Rahat","DR-1322","EMDS Call","Medical Emergency","Others","2026/03/14 09:29:25 AM","Rahim Yar Khan"
"273459","Nida Rahat","DR-1322","EMDS Call","Medical Emergency","SOB/ Respiratory Distress","2026/03/14 09:31:56 AM","Rahim Yar Khan"
"273460","Muhammad Zubair","DR-894","EMDS Call","Medical Emergency","Joints Pain","2026/03/14 09:34:14 AM","Khanpur"
"77034","Nida Rahat","DR-1322","Direct Call","Patient Transfer Service","N/A","2026/03/14 09:54:09 AM","Khanpur"
"273461","Nida Rahat","DR-1322","EMDS Call","Rescue Operations","Delivery Case","2026/03/14 09:56:44 AM","Rahim Yar Khan"
"77035","Nida Rahat","DR-1322","Direct Call","Patient Transfer Service","N/A","2026/03/14 10:00:07 AM","Sadiqabad"
"273462","Muhammad AAmar","DR-915","EMDS Call","Medical Emergency","Abdominal Pain","2026/03/14 10:00:52 AM","Khanpur"
"273463","Muhammad AAmar","DR-915","EMDS Call","Road Crash","Severe Trauma","2026/03/14 10:03:34 AM","Rahim Yar Khan"
"273464","Mureed Abbas","DR-900","EMDS Call","Medical Emergency","SOB/ Respiratory Distress","2026/03/14 10:01:58 AM","Rahim Yar Khan"
"273465","Muhammad Zubair","DR-894","EMDS Call","Road Crash","Minor Injuries","2026/03/14 10:05:26 AM","Rahim Yar Khan"
"273467","Muhammad AAmar","DR-915","EMDS Call","Medical Emergency","SOB/ Respiratory Distress","2026/03/14 10:10:18 AM","Sadiqabad"
"273468","Muhammad Zubair","DR-894","EMDS Call","Medical Emergency","Vomiting","2026/03/14 10:12:44 AM","Sadiqabad"
"273466","Nida Rahat","DR-1322","EMDS Call","Medical Emergency","CVA/Stroke","2026/03/14 10:12:14 AM","Liaqatpur"
"273469","Muhammad AAmar","DR-915","EMDS Call","Medical Emergency","SOB/ Respiratory Distress","2026/03/14 10:14:23 AM","Rahim Yar Khan"
"273470","Muhammad Zubair","DR-894","EMDS Call","Road Crash","Bleeding","2026/03/14 10:29:17 AM","Rahim Yar Khan"
"273471","Muhammad AAmar","DR-915","EMDS Call","Crime","Probable Suicide","2026/03/14 10:32:02 AM","Khanpur"
"273472","Nida Rahat","DR-1322","EMDS Call","Medical Emergency","High Fever","2026/03/14 10:31:03 AM","Rahim Yar Khan"
"273473","Muhammad AAmar","DR-915","EMDS Call","Medical Emergency","Diabetic","2026/03/14 10:39:08 AM","Rahim Yar Khan"
"273475","Muhammad Zubair","DR-894","EMDS Call","Medical Emergency","Hypertension","2026/03/14 10:49:29 AM","Rahim Yar Khan"
"273474","Muhammad AAmar","DR-915","EMDS Call","Medical Emergency","Anxiety / Psychiatric Disorder","2026/03/14 10:49:59 AM","Rahim Yar Khan"
"77036","Mureed Abbas","DR-900","Direct Call","Patient Transfer Service","N/A","2026/03/14 10:51:36 AM","Khanpur"
"273476","Nida Rahat","DR-1322","EMDS Call","Medical Emergency","Anxiety / Psychiatric Disorder","2026/03/14 10:50:52 AM","Khanpur"
"273477","Mureed Abbas","DR-900","EMDS Call","Medical Emergency","Abdominal Pain","2026/03/14 10:51:31 AM","Sadiqabad"
"77037","Nida Rahat","DR-1322","Direct Call","Patient Transfer Service","N/A","2026/03/14 10:55:29 AM","Khanpur"
"273478","Saira Bibi","MR-5494","EMDS Call","Medical Emergency","Vertigo/ Dizziness","2026/03/14 11:16:10 AM","Rahim Yar Khan"
"273479","Mureed Abbas","DR-900","EMDS Call","Road Crash","Bleeding","2026/03/14 11:21:46 AM","Rahim Yar Khan"
"273479","Mureed Abbas","DR-900","EMDS Call","Road Crash","Bleeding","2026/03/14 11:21:46 AM","Rahim Yar Khan"
"273480","Saira Bibi","MR-5494","EMDS Call","Medical Emergency","Vomiting","2026/03/14 11:22:11 AM","Khanpur"
"273481","Nida Rahat","DR-1322","EMDS Call","Medical Emergency","Abdominal Pain","2026/03/14 11:21:48 AM","Sadiqabad"
"273482","Nida Rahat","DR-1322","EMDS Call","Medical Emergency","SOB/ Respiratory Distress","2026/03/14 11:27:00 AM","Khanpur"
"273483","Saira Bibi","MR-5494","EMDS Call","Rescue Operations","Snake Emergency","2026/03/14 11:28:03 AM","Khanpur"
"273484","Saira Bibi","MR-5494","EMDS Call","Fire","Others","2026/03/14 11:36:27 AM","Rahim Yar Khan"
"273485","Saira Bibi","MR-5494","EMDS Call","Medical Emergency","CVA/Stroke","2026/03/14 11:44:10 AM","Liaqatpur"
"273486","Mureed Abbas","DR-900","EMDS Call","Road Crash","Bleeding","2026/03/14 11:46:05 AM","Sadiqabad"
"273487","Saira Bibi","MR-5494","EMDS Call","Road Crash","Bleeding","2026/03/14 11:50:20 AM","Khanpur"
"273488","Mureed Abbas","DR-900","EMDS Call","Road Crash","Bleeding","2026/03/14 11:56:08 AM","Liaqatpur"
"273489","Mureed Abbas","DR-900","EMDS Call","Road Crash","Bleeding","2026/03/14 12:01:55 PM","Rahim Yar Khan"
"273490","Shahla Nawaz","DR-185","EMDS Call","Crime","Bullet Injury","2026/03/14 12:08:11 PM","Rahim Yar Khan"
"273491","Mureed Abbas","DR-900","EMDS Call","Medical Emergency","Vomiting","2026/03/14 12:08:56 PM","Sadiqabad"
"273492","Mureed Abbas","DR-900","EMDS Call","Medical Emergency","Unconscious","2026/03/14 12:15:44 PM","Sadiqabad"
"273493","Mureed Abbas","DR-900","EMDS Call","Rescue Operations","Electric Shock","2026/03/14 12:19:51 PM","Sadiqabad"
"273494","Shahla Nawaz","DR-185","Direct Call","Medical Emergency","SOB/ Respiratory Distress","2026/03/14 12:28:00 PM","Rahim Yar Khan"
"273495","Nida Rahat","DR-1322","EMDS Call","Medical Emergency","Backache","2026/03/14 12:38:12 PM","Khanpur"
"Not Assigned","Shahla Nawaz","DR-185","EMDS Call","Fall","Fall From Roof","2026/03/14 12:38:11 PM","Rahim Yar Khan"
"77038","Mureed Abbas","DR-900","Direct Call","Patient Transfer Service","N/A","2026/03/14 12:43:56 PM","Rahim Yar Khan"
"273496","Nida Rahat","DR-1322","EMDS Call","Medical Emergency","SOB/ Respiratory Distress","2026/03/14 12:48:35 PM","Rahim Yar Khan"
"273497","Shahla Nawaz","DR-185","EMDS Call","Fall","Fall From Stairs","2026/03/14 12:51:54 PM","Rahim Yar Khan"
"273498","Imran Anjum","DR-204","EMDS Call","Road Crash","Multiple Fractures","2026/03/14 12:52:44 PM","Sadiqabad"
"273499","Mureed Abbas","DR-900","Direct Call","Medical Emergency","SOB/ Respiratory Distress","2026/03/14 12:58:29 PM","Khanpur"
"273500","Shahla Nawaz","DR-185","EMDS Call","Medical Emergency","Chest Pain","2026/03/14 01:02:23 PM","Sadiqabad"
"273501","Imran Anjum","DR-204","EMDS Call","Crime","Probable Suicide","2026/03/14 01:02:59 PM","Rahim Yar Khan"
"273502","Maheen Tahir","MR-6017","EMDS Call","Road Crash","Bleeding","2026/03/14 01:08:39 PM","Liaqatpur"
"273503","Imran Anjum","DR-204","EMDS Call","Fire","Short Circuit","2026/03/14 01:08:17 PM","Sadiqabad"
"273504","Imran Anjum","DR-204","EMDS Call","Medical Emergency","Abdominal Pain","2026/03/14 01:14:58 PM","Rahim Yar Khan"
"273505","Imran Anjum","DR-204","EMDS Call","Road Crash","Minor Injuries","2026/03/14 01:18:01 PM","Rahim Yar Khan"
"273506","Imran Anjum","DR-204","EMDS Call","Road Crash","Minor Injuries","2026/03/14 01:21:12 PM","Liaqatpur"
"273507","Shahla Nawaz","DR-185","EMDS Call","Crime","Probable Suicide","2026/03/14 01:28:19 PM","Sadiqabad"
"77039","Saira Bibi","MR-5494","Direct Call","Patient Transfer Service","N/A","2026/03/14 01:30:08 PM","Rahim Yar Khan"
"273508","Saira Bibi","MR-5494","EMDS Call","Medical Emergency","Joints Pain","2026/03/14 01:33:35 PM","Rahim Yar Khan"
"273509","Imran Anjum","DR-204","EMDS Call","Road Crash","Severe Trauma","2026/03/14 01:55:34 PM","Rahim Yar Khan"
"273510","Saira Bibi","MR-5494","EMDS Call","Road Crash","Bleeding","2026/03/14 01:58:06 PM","Khanpur"
"273511","Imran Anjum","DR-204","EMDS Call","Medical Emergency","Vomiting","2026/03/14 01:59:28 PM","Sadiqabad"
"273512","Sheeza Barkat","MR-5331","EMDS Call","Medical Emergency","Urinary Retention","2026/03/14 02:15:06 PM","Liaqatpur"
"273513","Saima Bashir","MR-5819","EMDS Call","Medical Emergency","Joints Pain","2026/03/14 02:17:33 PM","Sadiqabad"
"273514","Sheeza Barkat","MR-5331","EMDS Call","Road Crash","Bleeding","2026/03/14 02:18:06 PM","Sadiqabad"
"273515","Farah Sadaqat","MR-5930","EMDS Call","Medical Emergency","Abdominal Pain","2026/03/14 02:22:19 PM","Sadiqabad"
"77040","Fahad Hussain","DR-538","Direct Call","Patient Transfer Service","N/A","2026/03/14 02:26:34 PM","Khanpur"
"273516","Farah Sadaqat","MR-5930","EMDS Call","Medical Emergency","Renal Disorders / Renal Colic ","2026/03/14 02:26:16 PM","Liaqatpur"
"77041","Fahad Hussain","DR-538","Direct Call","Patient Transfer Service","N/A","2026/03/14 02:30:03 PM","Khanpur"
"273517","Saima Bashir","MR-5819","EMDS Call","Rescue Operations","Work/Occupational Injuries","2026/03/14 02:33:58 PM","Khanpur"
"273518","Sheeza Barkat","MR-5331","EMDS Call","Road Crash","Bleeding","2026/03/14 02:39:45 PM","Rahim Yar Khan"
"273520","Saima Bashir","MR-5819","EMDS Call","Crime","Probable Suicide","2026/03/14 02:43:54 PM","Liaqatpur"
"273519","Farah Sadaqat","MR-5930","EMDS Call","Medical Emergency","Hypertension","2026/03/14 02:43:20 PM","Rahim Yar Khan"
"77042","Fahad Hussain","DR-538","Direct Call","Patient Transfer Service","N/A","2026/03/14 02:50:59 PM","Khanpur"
"273521","Sheeza Barkat","MR-5331","EMDS Call","Fire","Others","2026/03/14 02:51:36 PM","Khanpur"
"273522","Farah Sadaqat","MR-5930","EMDS Call","Medical Emergency","SOB/ Respiratory Distress","2026/03/14 02:56:06 PM","Rahim Yar Khan"
"77043","Sheeza Barkat","MR-5331","Direct Call","Patient Transfer Service","N/A","2026/03/14 03:05:38 PM","Sadiqabad"
"273523","Farah Sadaqat","MR-5930","EMDS Call","Medical Emergency","High Fever","2026/03/14 03:20:04 PM","Khanpur"
"273524","Farah Sadaqat","MR-5930","EMDS Call","Medical Emergency","Hypertension","2026/03/14 03:29:35 PM","Rahim Yar Khan"
"273525","Fahad Hussain","DR-538","EMDS Call","Medical Emergency","CVA/Stroke","2026/03/14 03:30:24 PM","Sadiqabad"
"273526","Zia ul Haq","DR-328","EMDS Call","Medical Emergency","High Fever","2026/03/14 03:31:20 PM","Rahim Yar Khan"
"77044","Farah Sadaqat","MR-5930","Direct Call","Patient Transfer Service","N/A","2026/03/14 03:35:16 PM","Liaqatpur"
"273527","Farah Sadaqat","MR-5930","EMDS Call","Medical Emergency","Vertigo/ Dizziness","2026/03/14 03:36:16 PM","Rahim Yar Khan"
"273528","Fahad Hussain","DR-538","EMDS Call","Medical Emergency","High Fever","2026/03/14 03:37:27 PM","Liaqatpur"
"273529","Fahad Hussain","DR-538","EMDS Call","Medical Emergency","Renal Disorders / Renal Colic ","2026/03/14 03:47:52 PM","Rahim Yar Khan"
"273530","Zia ul Haq","DR-328","EMDS Call","Medical Emergency","CVA/Stroke","2026/03/14 03:50:51 PM","Liaqatpur"
"273531","Farah Sadaqat","MR-5930","EMDS Call","Road Crash","Minor Injuries","2026/03/14 03:55:14 PM","Rahim Yar Khan"
"77045","Fahad Hussain","DR-538","Direct Call","Patient Transfer Service","N/A","2026/03/14 03:56:36 PM","Sadiqabad"
"273532","Sheeza Barkat","MR-5331","EMDS Call","Medical Emergency","Domestic Injuries","2026/03/14 04:01:38 PM","Khanpur"
"273533","Zia ul Haq","DR-328","EMDS Call","Road Crash","Severe Trauma","2026/03/14 04:14:35 PM","Rahim Yar Khan"
"273534","Zia ul Haq","DR-328","EMDS Call","Road Crash","Minor Injuries","2026/03/14 04:17:38 PM","Rahim Yar Khan"
"273535","Sheeza Barkat","MR-5331","EMDS Call","Medical Emergency","SOB/ Respiratory Distress","2026/03/14 04:32:45 PM","Khanpur"
"273536","Zia ul Haq","DR-328","EMDS Call","Road Crash","Severe Trauma","2026/03/14 04:41:21 PM","Liaqatpur"
"273537","Fahad Hussain","DR-538","EMDS Call","Medical Emergency","SOB/ Respiratory Distress","2026/03/14 04:43:58 PM","Rahim Yar Khan"
"273538","Farah Sadaqat","MR-5930","EMDS Call","Medical Emergency","Anxiety / Psychiatric Disorder","2026/03/14 04:48:27 PM","Rahim Yar Khan"
"273539","Sheeza Barkat","MR-5331","EMDS Call","Medical Emergency","Hypertension","2026/03/14 04:49:50 PM","Rahim Yar Khan"
"273540","Farah Sadaqat","MR-5930","EMDS Call","Medical Emergency","Domestic Injuries","2026/03/14 04:56:22 PM","Rahim Yar Khan"
"273541","Farah Sadaqat","MR-5930","EMDS Call","Road Crash","Bleeding","2026/03/14 05:02:07 PM","Rahim Yar Khan"
"273542","Saima Bashir","MR-5819","EMDS Call","Medical Emergency","Others","2026/03/14 05:05:05 PM","Rahim Yar Khan"
"273543","Saima Bashir","MR-5819","EMDS Call","Medical Emergency","Anxiety / Psychiatric Disorder","2026/03/14 05:12:51 PM","Rahim Yar Khan"
"273544","Zia ul Haq","DR-328","EMDS Call","Road Crash","Severe Trauma","2026/03/14 05:16:52 PM","Rahim Yar Khan"
"273545","Saima Bashir","MR-5819","EMDS Call","Road Crash","Minor Injuries","2026/03/14 05:21:42 PM","Rahim Yar Khan"
"273546","Farah Sadaqat","MR-5930","EMDS Call","Medical Emergency","Unconscious","2026/03/14 05:26:29 PM","Rahim Yar Khan"
"77046","Sheeza Barkat","MR-5331","Direct Call","Patient Transfer Service","N/A","2026/03/14 05:37:33 PM","Liaqatpur"
"273547","Farah Sadaqat","MR-5930","EMDS Call","Road Crash","Bleeding","2026/03/14 05:44:39 PM","Sadiqabad"
"77047","Farah Sadaqat","MR-5930","Direct Call","Patient Transfer Service","N/A","2026/03/14 05:47:23 PM","Khanpur"
"273548","Saima Bashir","MR-5819","EMDS Call","Medical Emergency","Joints Pain","2026/03/14 05:50:42 PM","Rahim Yar Khan"
"77048","Sheeza Barkat","MR-5331","Direct Call","Patient Transfer Service","N/A","2026/03/14 05:51:49 PM","Khanpur"
"273549","Farah Sadaqat","MR-5930","EMDS Call","Fire","Others","2026/03/14 05:49:49 PM","Liaqatpur"
"273550","Farah Sadaqat","MR-5930","EMDS Call","Medical Emergency","Hypotension","2026/03/14 05:55:48 PM","Sadiqabad"
"273552","Farah Sadaqat","MR-5930","EMDS Call","Medical Emergency","Hypertension","2026/03/14 05:58:35 PM","Rahim Yar Khan"
"273551","Sheeza Barkat","MR-5331","EMDS Call","Road Crash","Bleeding","2026/03/14 05:58:18 PM","Rahim Yar Khan"
"273553","Sheeza Barkat","MR-5331","EMDS Call","Rescue Operations","Scorpion Bite/Other Animal/Insect Bite","2026/03/14 06:01:46 PM","Rahim Yar Khan"
"Not Assigned","Saima Bashir","MR-5819","EMDS Call","Rescue Operations","Animal/Bird Rescue","2026/03/14 06:01:25 PM","Rahim Yar Khan"
"273554","Farah Sadaqat","MR-5930","EMDS Call","Medical Emergency","Domestic Injuries","2026/03/14 06:04:35 PM","Rahim Yar Khan"
"77049","Farah Sadaqat","MR-5930","Direct Call","Patient Transfer Service","N/A","2026/03/14 06:08:36 PM","Sadiqabad"
"273556","Saima Bashir","MR-5819","EMDS Call","Medical Emergency","Anxiety / Psychiatric Disorder","2026/03/14 06:08:26 PM","Khanpur"
"273555","Sheeza Barkat","MR-5331","EMDS Call","Medical Emergency","Unconscious","2026/03/14 06:07:51 PM","Sadiqabad"
"273557","Sheeza Barkat","MR-5331","EMDS Call","Medical Emergency","Vertigo/ Dizziness","2026/03/14 06:12:22 PM","Rahim Yar Khan"
"77050","Saima Bashir","MR-5819","Direct Call","Patient Transfer Service","N/A","2026/03/14 06:16:52 PM","Sadiqabad"
"273558","Saima Bashir","MR-5819","EMDS Call","Medical Emergency","Vertigo/ Dizziness","2026/03/14 06:24:59 PM","Rahim Yar Khan"
"273559","Farah Sadaqat","MR-5930","EMDS Call","Medical Emergency","Abdominal Pain","2026/03/14 06:27:32 PM","Khanpur"
"273560","Farah Sadaqat","MR-5930","EMDS Call","Road Crash","Bleeding","2026/03/14 06:38:31 PM","Rahim Yar Khan"
"273561","Sheeza Barkat","MR-5331","EMDS Call","Medical Emergency","Anxiety / Psychiatric Disorder","2026/03/14 06:38:24 PM","Rahim Yar Khan"
"273562","Farah Sadaqat","MR-5930","EMDS Call","Medical Emergency","Vomiting","2026/03/14 06:40:50 PM","Rahim Yar Khan"
"273563","Sheeza Barkat","MR-5331","EMDS Call","Road Crash","Bleeding","2026/03/14 06:53:02 PM","Liaqatpur"
"273564","Zia ul Haq","DR-328","EMDS Call","Medical Emergency","Hypertension","2026/03/14 06:56:57 PM","Khanpur"
"273565","Zia ul Haq","DR-328","Direct Call","Fire","Others","2026/03/14 07:01:46 PM","Liaqatpur"
"77051","Farah Sadaqat","MR-5930","Direct Call","Patient Transfer Service","N/A","2026/03/14 07:04:09 PM","Khanpur"
"273566","Farah Sadaqat","MR-5930","EMDS Call","Medical Emergency","Hypertension","2026/03/14 07:09:19 PM","Rahim Yar Khan"
"273567","Farah Sadaqat","MR-5930","EMDS Call","Road Crash","Severe Trauma","2026/03/14 07:13:00 PM","Khanpur"
"273568","Sheeza Barkat","MR-5331","EMDS Call","Road Crash","Bleeding","2026/03/14 07:16:10 PM","Rahim Yar Khan"
"273569","Farah Sadaqat","MR-5930","EMDS Call","Medical Emergency","Epilepsy","2026/03/14 07:23:49 PM","Rahim Yar Khan"
"273570","Fahad Hussain","DR-538","EMDS Call","Medical Emergency","Vomiting","2026/03/14 07:25:10 PM","Liaqatpur"
"273571","Farah Sadaqat","MR-5930","EMDS Call","Medical Emergency","Vertigo/ Dizziness","2026/03/14 07:31:35 PM","Rahim Yar Khan"
"273572","Fahad Hussain","DR-538","EMDS Call","Medical Emergency","Hypertension","2026/03/14 07:33:54 PM","Rahim Yar Khan"
"273573","Sheeza Barkat","MR-5331","EMDS Call","Medical Emergency","Abdominal Pain","2026/03/14 07:33:59 PM","Khanpur"
"273574","Fahad Hussain","DR-538","EMDS Call","Medical Emergency","Vertigo/ Dizziness","2026/03/14 07:36:42 PM","Sadiqabad"
"273575","Farah Sadaqat","MR-5930","EMDS Call","Medical Emergency","Hypertension","2026/03/14 07:40:19 PM","Rahim Yar Khan"
"273576","Farah Sadaqat","MR-5930","EMDS Call","Medical Emergency","Hypertension","2026/03/14 07:44:27 PM","Sadiqabad"
"Not Assigned","Saima Bashir","MR-5819","EMDS Call","Road Crash","Bleeding","2026/03/14 07:55:27 PM","Khanpur"
"273577","Sheeza Barkat","MR-5331","EMDS Call","Road Crash","Bleeding","2026/03/14 07:56:45 PM","Sadiqabad"
"273578","Fahad Hussain","DR-538","EMDS Call","Medical Emergency","Hypertension","2026/03/14 08:06:18 PM","Rahim Yar Khan"
"273579","Saima Bashir","MR-5819","EMDS Call","Medical Emergency","Joints Pain","2026/03/14 08:08:58 PM","Khanpur"
"77052","Sheeza Barkat","MR-5331","Direct Call","Patient Transfer Service","N/A","2026/03/14 08:30:39 PM","Liaqatpur"
"273581","Sheeza Barkat","MR-5331","EMDS Call","Medical Emergency","Joints Pain","2026/03/14 08:32:31 PM","Rahim Yar Khan"
"273580","Fahad Hussain","DR-538","EMDS Call","Medical Emergency","Vomiting","2026/03/14 08:32:46 PM","Rahim Yar Khan"
"273582","Saima Bashir","MR-5819","EMDS Call","Medical Emergency","Hypertension","2026/03/14 08:36:04 PM","Rahim Yar Khan"
"273583","Fahad Hussain","DR-538","EMDS Call","Medical Emergency","Domestic Injuries","2026/03/14 08:35:43 PM","Rahim Yar Khan"
"273584","Saima Bashir","MR-5819","EMDS Call","Fall","Slipped On Floor","2026/03/14 08:39:26 PM","Rahim Yar Khan"
"273585","Fahad Hussain","DR-538","EMDS Call","Medical Emergency","Anxiety / Psychiatric Disorder","2026/03/14 08:40:49 PM","Sadiqabad"
"273586","Muhammad Fiaz","DR-206","EMDS Call","Medical Emergency","Headache","2026/03/14 08:48:38 PM","Rahim Yar Khan"
"273587","Bushra Saleem","MR-5701","EMDS Call","Fire","Others","2026/03/14 08:50:22 PM","Rahim Yar Khan"
"273588","Bushra Saleem","MR-5701","EMDS Call","Medical Emergency","Abdominal Pain","2026/03/14 08:55:55 PM","Khanpur"
"273589","Muhammad Fiaz","DR-206","EMDS Call","Medical Emergency","Hypotension","2026/03/14 08:56:42 PM","Khanpur"
"273590","Bushra Saleem","MR-5701","EMDS Call","Medical Emergency","Abdominal Pain","2026/03/14 09:07:11 PM","Rahim Yar Khan"
"273591","Zupasha Zia","MR-5758","EMDS Call","Medical Emergency","Chronic Illness","2026/03/14 09:14:44 PM","Liaqatpur"
"273592","Muhammad Fiaz","DR-206","EMDS Call","Medical Emergency","Hypertension","2026/03/14 09:25:25 PM","Rahim Yar Khan"
"273593","Zupasha Zia","MR-5758","EMDS Call","Medical Emergency","Anxiety / Psychiatric Disorder","2026/03/14 09:26:15 PM","Rahim Yar Khan"
"273594","Muhammad Fiaz","DR-206","EMDS Call","Rescue Operations","Mass Event Coverage","2026/03/14 09:38:20 PM","Liaqatpur"
"273595","Zupasha Zia","MR-5758","EMDS Call","Medical Emergency","Hypertension","2026/03/14 09:40:42 PM","Khanpur"
"273596","Bushra Saleem","MR-5701","EMDS Call","Medical Emergency","Abdominal Pain","2026/03/14 09:41:31 PM","Rahim Yar Khan"
"273597","Muhammad Fiaz","DR-206","EMDS Call","Medical Emergency","Vertigo/ Dizziness","2026/03/14 09:42:23 PM","Rahim Yar Khan"
"273598","Bushra Saleem","MR-5701","EMDS Call","Road Crash","Minor Injuries","2026/03/14 09:47:45 PM","Liaqatpur"
"77053","Muhammad Fiaz","DR-206","Direct Call","Patient Transfer Service","N/A","2026/03/14 09:51:25 PM","Khanpur"
"273599","Zupasha Zia","MR-5758","EMDS Call","Road Crash","Severe Trauma","2026/03/14 09:51:15 PM","Khanpur"
"273600","Zupasha Zia","MR-5758","EMDS Call","Medical Emergency","Unconscious","2026/03/14 09:53:38 PM","Liaqatpur"
"273601","Zupasha Zia","MR-5758","EMDS Call","Medical Emergency","Diarrhea","2026/03/14 10:02:32 PM","Rahim Yar Khan"
"273602","Bushra Saleem","MR-5701","EMDS Call","Medical Emergency","SOB/ Respiratory Distress","2026/03/14 10:02:52 PM","Sadiqabad"
"273603","Muhammad Fiaz","DR-206","EMDS Call","Medical Emergency","Hypertension","2026/03/14 10:07:50 PM","Rahim Yar Khan"
"77054","Zupasha Zia","MR-5758","Direct Call","Patient Transfer Service","N/A","2026/03/14 10:10:15 PM","Liaqatpur"
"273604","Zupasha Zia","MR-5758","EMDS Call","Medical Emergency","Chest Pain","2026/03/14 10:15:24 PM","Sadiqabad"
"273605","Zupasha Zia","MR-5758","EMDS Call","Medical Emergency","High Fever","2026/03/14 10:25:51 PM","Rahim Yar Khan"
"273606","Bushra Saleem","MR-5701","EMDS Call","Rescue Operations","Others","2026/03/14 10:28:08 PM","Sadiqabad"
"273607","Muhammad Fiaz","DR-206","EMDS Call","Medical Emergency","High Fever","2026/03/14 10:29:21 PM","Rahim Yar Khan"
"273608","Zupasha Zia","MR-5758","EMDS Call","Medical Emergency","CVA/Stroke","2026/03/14 10:35:48 PM","Khanpur"
"273609","Zupasha Zia","MR-5758","EMDS Call","Medical Emergency","Joints Pain","2026/03/14 10:39:34 PM","Liaqatpur"
"273610","Muhammad Fiaz","DR-206","EMDS Call","Medical Emergency","Vertigo/ Dizziness","2026/03/14 10:55:03 PM","Rahim Yar Khan"
"273611","Zupasha Zia","MR-5758","EMDS Call","Medical Emergency","Vomiting","2026/03/14 10:55:53 PM","Rahim Yar Khan"
"273612","Rana M. Usman","DR-200","EMDS Call","Medical Emergency","Vomiting","2026/03/14 11:06:42 PM","Rahim Yar Khan"
"77055","Zupasha Zia","MR-5758","Direct Call","Patient Transfer Service","N/A","2026/03/14 11:11:24 PM","Sadiqabad"
"77056","Rana M. Usman","DR-200","Direct Call","Patient Transfer Service","N/A","2026/03/14 11:26:08 PM","Sadiqabad"
"273613","Muhammad Fiaz","DR-206","EMDS Call","Medical Emergency","SOB/ Respiratory Distress","2026/03/14 11:29:40 PM","Khanpur"
"273614","Rana M. Usman","DR-200","EMDS Call","Medical Emergency","Renal Disorders / Renal Colic ","2026/03/14 11:31:51 PM","Rahim Yar Khan"
"77057","Zupasha Zia","MR-5758","Direct Call","Patient Transfer Service","N/A","2026/03/14 11:33:47 PM","Khanpur"
"273615","Rana M. Usman","DR-200","EMDS Call","Fire","Others","2026/03/14 11:44:34 PM","Khanpur"
"273616","Zupasha Zia","MR-5758","EMDS Call","Medical Emergency","Anxiety / Psychiatric Disorder","2026/03/15 12:01:37 AM","Rahim Yar Khan"
"273617","Rana M. Usman","DR-200","EMDS Call","Medical Emergency","Abdominal Pain","2026/03/15 12:02:37 AM","Sadiqabad"
"273618","Muhammad Fiaz","DR-206","EMDS Call","Medical Emergency","SOB/ Respiratory Distress","2026/03/15 12:08:04 AM","Sadiqabad"
"77058","Rana M. Usman","DR-200","Direct Call","Patient Transfer Service","N/A","2026/03/15 12:10:53 AM","Liaqatpur"
"273619","Rana M. Usman","DR-200","EMDS Call","Medical Emergency","Vomiting","2026/03/15 12:11:58 AM","Rahim Yar Khan"
"273620","Muhammad Fiaz","DR-206","EMDS Call","Rescue Operations","Delivery Case","2026/03/15 12:17:55 AM","Liaqatpur"
"273621","Zupasha Zia","MR-5758","EMDS Call","Medical Emergency","Backache","2026/03/15 12:18:30 AM","Liaqatpur"
"273622","Muhammad Fiaz","DR-206","EMDS Call","Medical Emergency","Hypotension","2026/03/15 12:24:43 AM","Sadiqabad"
"273623","Zupasha Zia","MR-5758","EMDS Call","Rescue Operations","Delivery Case","2026/03/15 12:33:40 AM","Rahim Yar Khan"
"273624","Rana M. Usman","DR-200","EMDS Call","Medical Emergency","Hypertension","2026/03/15 12:41:49 AM","Rahim Yar Khan"
"273625","Muhammad Fiaz","DR-206","EMDS Call","Medical Emergency","Unconscious","2026/03/15 12:48:39 AM","Rahim Yar Khan"
"273626","Rana M. Usman","DR-200","EMDS Call","Medical Emergency","Anxiety / Psychiatric Disorder","2026/03/15 12:59:24 AM","Rahim Yar Khan"
"273627","Zupasha Zia","MR-5758","EMDS Call","Medical Emergency","Diarrhea","2026/03/15 01:11:09 AM","Rahim Yar Khan"
"273628","Muhammad Fiaz","DR-206","EMDS Call","Medical Emergency","Backache","2026/03/15 01:17:45 AM","Liaqatpur"
"273629","Zupasha Zia","MR-5758","EMDS Call","Medical Emergency","Urinary Retention","2026/03/15 01:34:00 AM","Rahim Yar Khan"
"273630","Muhammad Fiaz","DR-206","EMDS Call","Medical Emergency","SOB/ Respiratory Distress","2026/03/15 01:43:00 AM","Sadiqabad"
"273631","Zupasha Zia","MR-5758","EMDS Call","Medical Emergency","Hypertension","2026/03/15 02:04:12 AM","Rahim Yar Khan"
"273632","Muhammad Fiaz","DR-206","EMDS Call","Medical Emergency","Hypertension","2026/03/15 02:05:16 AM","Rahim Yar Khan"
"77059","Muhammad Fiaz","DR-206","Direct Call","Patient Transfer Service","N/A","2026/03/15 02:21:23 AM","Khanpur"
"77060","Zupasha Zia","MR-5758","Direct Call","Patient Transfer Service","N/A","2026/03/15 02:22:07 AM","Sadiqabad"
"273633","Rana M. Usman","DR-200","EMDS Call","Medical Emergency","Abdominal Pain","2026/03/15 02:24:40 AM","Rahim Yar Khan"
"273634","Muhammad Fiaz","DR-206","EMDS Call","Medical Emergency","Abdominal Pain","2026/03/15 02:53:27 AM","Rahim Yar Khan"
"273635","Zupasha Zia","MR-5758","EMDS Call","Medical Emergency","Diabetic","2026/03/15 03:00:30 AM","Rahim Yar Khan"
"273636","Bushra Saleem","MR-5701","EMDS Call","Medical Emergency","SOB/ Respiratory Distress","2026/03/15 03:35:40 AM","Rahim Yar Khan"
"273637","Muhammad Fiaz","DR-206","EMDS Call","Medical Emergency","Vomiting","2026/03/15 04:16:45 AM","Rahim Yar Khan"
"273638","Zahid Manzoor","DR-887","EMDS Call","Medical Emergency","Abdominal Pain","2026/03/15 04:18:33 AM","Liaqatpur"
"273639","Muhammad Fiaz","DR-206","EMDS Call","Road Crash","Bleeding","2026/03/15 04:24:42 AM","Rahim Yar Khan"
"273640","Bushra Saleem","MR-5701","EMDS Call","Rescue Operations","Delivery Case","2026/03/15 04:50:46 AM","Khanpur"
"273641","Zahid Manzoor","DR-887","EMDS Call","Medical Emergency","Chronic Illness","2026/03/15 04:57:57 AM","Khanpur"
"77061","Bushra Saleem","MR-5701","Direct Call","Patient Transfer Service","N/A","2026/03/15 05:12:05 AM","Khanpur"
"273642","Zahid Manzoor","DR-887","EMDS Call","Medical Emergency","Hypertension","2026/03/15 05:42:20 AM","Khanpur"
"273643","Bushra Saleem","MR-5701","EMDS Call","Medical Emergency","Joints Pain","2026/03/15 05:44:17 AM","Rahim Yar Khan"
"273644","Muhammad Fiaz","DR-206","EMDS Call","Medical Emergency","Vertigo/ Dizziness","2026/03/15 06:03:52 AM","Rahim Yar Khan"
"273646","Zahid Manzoor","DR-887","EMDS Call","Medical Emergency","Hypertension","2026/03/15 06:15:15 AM","Rahim Yar Khan"
"273645","Muhammad Fiaz","DR-206","EMDS Call","Medical Emergency","Abdominal Pain","2026/03/15 06:15:49 AM","Sadiqabad"
"273647","Bushra Saleem","MR-5701","EMDS Call","Medical Emergency","Chest Pain","2026/03/15 06:22:41 AM","Sadiqabad"
"273648","Muhammad Fiaz","DR-206","EMDS Call","Road Crash","Bleeding","2026/03/15 06:34:02 AM","Khanpur"
"273649","Zahid Manzoor","DR-887","EMDS Call","Road Crash","Multiple Fractures","2026/03/15 06:46:51 AM","Khanpur"
"273650","Bushra Saleem","MR-5701","EMDS Call","Medical Emergency","Abdominal Pain","2026/03/15 06:50:08 AM","Rahim Yar Khan"
"273651","Muhammad Fiaz","DR-206","EMDS Call","Medical Emergency","Hypertension","2026/03/15 06:59:41 AM","Rahim Yar Khan"
"273652","Bushra Saleem","MR-5701","EMDS Call","Medical Emergency","Abdominal Pain","2026/03/15 07:13:45 AM","Liaqatpur"
"273653","Zahid Manzoor","DR-887","EMDS Call","Medical Emergency","Hypertension","2026/03/15 07:24:04 AM","Rahim Yar Khan"
"273654","Muhammad Fiaz","DR-206","EMDS Call","Medical Emergency","Hypertension","2026/03/15 07:25:08 AM","Rahim Yar Khan"
"273655","Bushra Saleem","MR-5701","EMDS Call","Medical Emergency","Diabetic","2026/03/15 07:24:47 AM","Rahim Yar Khan"
"77062","Maheen Tahir","MR-6017","Direct Call","Patient Transfer Service","N/A","2026/03/15 07:54:28 AM","Sadiqabad"
"273656","Bushra Saleem","MR-5701","EMDS Call","Road Crash","Minor Injuries","2026/03/15 07:55:04 AM","Rahim Yar Khan"
"273657","Maheen Tahir","MR-6017","EMDS Call","Medical Emergency","Hypertension","2026/03/15 08:09:31 AM","Rahim Yar Khan"
"273658","Maheen Tahir","MR-6017","Direct Call","Rescue Operations","Mass Event Coverage","2026/03/15 08:18:29 AM","Rahim Yar Khan"
"273659","Farah Sadaqat","MR-5930","EMDS Call","Medical Emergency","Joints Pain","2026/03/15 08:24:08 AM","Sadiqabad"
"273660","Saira Bibi","MR-5494","EMDS Call","Road Crash","Minor Injuries","2026/03/15 08:27:54 AM","Sadiqabad"
"273660","Saira Bibi","MR-5494","EMDS Call","Road Crash","Minor Injuries","2026/03/15 08:27:54 AM","Sadiqabad"
"273660","Saira Bibi","MR-5494","EMDS Call","Road Crash","Minor Injuries","2026/03/15 08:27:54 AM","Sadiqabad"
"273661","Farah Sadaqat","MR-5930","EMDS Call","Medical Emergency","Diabetic","2026/03/15 08:27:53 AM","Rahim Yar Khan"
"273662","Saira Bibi","MR-5494","EMDS Call","Medical Emergency","Abdominal Pain","2026/03/15 08:33:46 AM","Sadiqabad"
"273663","Farah Sadaqat","MR-5930","EMDS Call","Medical Emergency","Diabetic","2026/03/15 08:36:01 AM","Rahim Yar Khan"
"77063","Saira Bibi","MR-5494","Direct Call","Patient Transfer Service","N/A","2026/03/15 08:41:21 AM","Khanpur"
"273664","Maheen Tahir","MR-6017","EMDS Call","Medical Emergency","Abdominal Pain","2026/03/15 08:45:20 AM","Liaqatpur"
"273665","Saira Bibi","MR-5494","EMDS Call","Medical Emergency","Anxiety / Psychiatric Disorder","2026/03/15 08:46:57 AM","Rahim Yar Khan"
"273666","Saira Bibi","MR-5494","EMDS Call","Road Crash","Minor Injuries","2026/03/15 08:55:43 AM","Rahim Yar Khan"
"273667","Farah Sadaqat","MR-5930","EMDS Call","Road Crash","Bleeding","2026/03/15 09:23:10 AM","Rahim Yar Khan"
"273667","Farah Sadaqat","MR-5930","EMDS Call","Road Crash","Bleeding","2026/03/15 09:23:10 AM","Rahim Yar Khan"
"273668","Maheen Tahir","MR-6017","EMDS Call","Fall","Fall From Stairs","2026/03/15 09:25:10 AM","Rahim Yar Khan"
"273669","Saira Bibi","MR-5494","EMDS Call","Medical Emergency","High Fever","2026/03/15 09:25:51 AM","Rahim Yar Khan"
"273670","Farah Sadaqat","MR-5930","EMDS Call","Medical Emergency","Abdominal Pain","2026/03/15 09:27:37 AM","Sadiqabad"
"273671","Farah Sadaqat","MR-5930","EMDS Call","Medical Emergency","Joints Pain","2026/03/15 09:36:29 AM","Rahim Yar Khan"
"273672","Saira Bibi","MR-5494","EMDS Call","Road Crash","Minor Injuries","2026/03/15 09:38:45 AM","Rahim Yar Khan"
"273673","Farah Sadaqat","MR-5930","EMDS Call","Medical Emergency","Domestic Injuries","2026/03/15 09:52:38 AM","Khanpur"
"273674","Saira Bibi","MR-5494","EMDS Call","Road Crash","Bleeding","2026/03/15 09:54:38 AM","Rahim Yar Khan"
"273675","Farah Sadaqat","MR-5930","EMDS Call","Road Crash","Bleeding","2026/03/15 10:00:24 AM","Sadiqabad"
"273676","Farah Sadaqat","MR-5930","EMDS Call","Medical Emergency","Joints Pain","2026/03/15 10:02:51 AM","Liaqatpur"
"273677","Saira Bibi","MR-5494","EMDS Call","Medical Emergency","High Fever","2026/03/15 10:04:56 AM","Rahim Yar Khan"
"273678","Farah Sadaqat","MR-5930","Direct Call","Medical Emergency","Vertigo/ Dizziness","2026/03/15 10:12:20 AM","Rahim Yar Khan"
"273680","Maheen Tahir","MR-6017","EMDS Call","Medical Emergency","High Fever","2026/03/15 10:20:51 AM","Liaqatpur"
"273679","Farah Sadaqat","MR-5930","EMDS Call","Road Crash","Bleeding","2026/03/15 10:21:11 AM","Khanpur"
"273681","Maheen Tahir","MR-6017","EMDS Call","Medical Emergency","Renal Disorders / Renal Colic ","2026/03/15 10:23:30 AM","Sadiqabad"
"273682","Saira Bibi","MR-5494","EMDS Call","Medical Emergency","Vertigo/ Dizziness","2026/03/15 10:21:16 AM","Rahim Yar Khan"
"273683","Farah Sadaqat","MR-5930","EMDS Call","Medical Emergency","Abdominal Pain","2026/03/15 10:26:51 AM","Rahim Yar Khan"
"273684","Maheen Tahir","MR-6017","EMDS Call","Rescue Operations","Electric Shock","2026/03/15 10:33:22 AM","Rahim Yar Khan"
"273685","Shaheen Islam","DR-1171","EMDS Call","Road Crash","Minor Injuries","2026/03/15 10:34:42 AM","Rahim Yar Khan"
"273686","Maheen Tahir","MR-6017","EMDS Call","Medical Emergency","Vomiting","2026/03/15 10:40:33 AM","Rahim Yar Khan"
"273687","Farah Sadaqat","MR-5930","EMDS Call","Medical Emergency","Chronic Illness","2026/03/15 10:46:31 AM","Khanpur"
"273688","Maheen Tahir","MR-6017","EMDS Call","Medical Emergency","Others","2026/03/15 10:46:52 AM","Rahim Yar Khan"
"273689","Maheen Tahir","MR-6017","EMDS Call","Fall","Slipped On Floor","2026/03/15 10:51:21 AM","Rahim Yar Khan"
"273690","Maheen Tahir","MR-6017","EMDS Call","Road Crash","Minor Injuries","2026/03/15 11:01:25 AM","Rahim Yar Khan"
"273692","Muhammad Zubair","DR-894","EMDS Call","Medical Emergency","Abdominal Pain","2026/03/15 11:03:51 AM","Sadiqabad"
"273691","Maheen Tahir","MR-6017","EMDS Call","Medical Emergency","SOB/ Respiratory Distress","2026/03/15 11:04:37 AM","Rahim Yar Khan"
"273693","Muhammad Zubair","DR-894","EMDS Call","Road Crash","Minor Injuries","2026/03/15 11:10:31 AM","Rahim Yar Khan"
"273694","Saira Bibi","MR-5494","Direct Call","Medical Emergency","Joints Pain","2026/03/15 11:14:40 AM","Rahim Yar Khan"
"273695","Shaheen Islam","DR-1171","EMDS Call","Medical Emergency","Epilepsy","2026/03/15 11:13:18 AM","Khanpur"
"273696","Muhammad Zubair","DR-894","EMDS Call","Medical Emergency","Vomiting","2026/03/15 11:15:38 AM","Rahim Yar Khan"
"77064","Saira Bibi","MR-5494","Direct Call","Patient Transfer Service","N/A","2026/03/15 11:25:09 AM","Khanpur"
"273697","Shaheen Islam","DR-1171","EMDS Call","Medical Emergency","Renal Disorders / Renal Colic ","2026/03/15 11:23:52 AM","Rahim Yar Khan"
"77065","Saira Bibi","MR-5494","Direct Call","Patient Transfer Service","N/A","2026/03/15 11:28:55 AM","Sadiqabad"
"77066","Saira Bibi","MR-5494","Direct Call","Patient Transfer Service","N/A","2026/03/15 11:29:42 AM","Khanpur"
"273698","Saira Bibi","MR-5494","EMDS Call","Medical Emergency","Joints Pain","2026/03/15 11:39:50 AM","Rahim Yar Khan"
"273700","Shaheen Islam","DR-1171","EMDS Call","Road Crash","Severe Trauma","2026/03/15 11:39:00 AM","Rahim Yar Khan"
"273699","Saira Bibi","MR-5494","EMDS Call","Road Crash","Bleeding","2026/03/15 11:43:11 AM","Liaqatpur"
"273701","Saira Bibi","MR-5494","EMDS Call","Medical Emergency","Hypotension","2026/03/15 12:04:36 PM","Rahim Yar Khan"
"77067","Shaheen Islam","DR-1171","Direct Call","Patient Transfer Service","N/A","2026/03/15 12:14:33 PM","Sadiqabad"
"273703","Muhammad Zubair","DR-894","EMDS Call","Medical Emergency","SOB/ Respiratory Distress","2026/03/15 12:15:11 PM","Rahim Yar Khan"
"273702","Saira Bibi","MR-5494","EMDS Call","Medical Emergency","Vertigo/ Dizziness","2026/03/15 12:16:38 PM","Rahim Yar Khan"
"273704","Shaheen Islam","DR-1171","EMDS Call","Road Crash","Minor Injuries","2026/03/15 12:21:01 PM","Rahim Yar Khan"
"273705","Muhammad Zubair","DR-894","EMDS Call","Road Crash","Severe Trauma","2026/03/15 12:21:29 PM","Rahim Yar Khan"
"273705","Muhammad Zubair","DR-894","EMDS Call","Road Crash","Severe Trauma","2026/03/15 12:21:29 PM","Rahim Yar Khan"
"273705","Muhammad Zubair","DR-894","EMDS Call","Road Crash","Severe Trauma","2026/03/15 12:21:29 PM","Rahim Yar Khan"
"273705","Muhammad Zubair","DR-894","EMDS Call","Road Crash","Severe Trauma","2026/03/15 12:21:29 PM","Rahim Yar Khan"
"273706","Shaheen Islam","DR-1171","EMDS Call","Fire","Others","2026/03/15 12:36:13 PM","Sadiqabad"
"273707","Saira Bibi","MR-5494","EMDS Call","Crime","Physical Assault/Violence","2026/03/15 01:06:21 PM","Khanpur"
"273708","Saira Bibi","MR-5494","EMDS Call","Medical Emergency","Gynae Problem","2026/03/15 01:11:30 PM","Liaqatpur"
"273709","Farah Sadaqat","MR-5930","EMDS Call","Medical Emergency","Vomiting","2026/03/15 01:35:48 PM","Rahim Yar Khan"
"273710","Maheen Tahir","MR-6017","EMDS Call","Rescue Operations","Delivery Case","2026/03/15 01:46:06 PM","Khanpur"
"273712","Aasia Batool","MR-5198","EMDS Call","Road Crash","Minor Injuries","2026/03/15 02:06:10 PM","Sadiqabad"
"273711","Saira Bibi","MR-5494","EMDS Call","Medical Emergency","Abdominal Pain","2026/03/15 02:06:21 PM","Khanpur"
"273713","Aasia Batool","MR-5198","EMDS Call","Road Crash","Bleeding","2026/03/15 02:10:33 PM","Sadiqabad"
"273714","Aasia Batool","MR-5198","EMDS Call","Medical Emergency","Domestic Injuries","2026/03/15 02:14:01 PM","Khanpur"
"273715","Sheeza Barkat","MR-5331","EMDS Call","Medical Emergency","Backache","2026/03/15 02:18:25 PM","Rahim Yar Khan"
"273716","Sheeza Barkat","MR-5331","EMDS Call","Road Crash","Bleeding","2026/03/15 02:35:02 PM","Liaqatpur"
"273716","Sheeza Barkat","MR-5331","EMDS Call","Road Crash","Bleeding","2026/03/15 02:35:02 PM","Liaqatpur"
"273717","Saima Bashir","MR-5819","EMDS Call","Medical Emergency","Epilepsy","2026/03/15 02:36:34 PM","Liaqatpur"
"273718","Adil Iqbal","DR-782","EMDS Call","Medical Emergency","Vomiting","2026/03/15 02:40:04 PM","Rahim Yar Khan"
"273719","Aasia Batool","MR-5198","EMDS Call","Medical Emergency","Vertigo/ Dizziness","2026/03/15 02:42:02 PM","Rahim Yar Khan"
"273720","Sheeza Barkat","MR-5331","EMDS Call","Medical Emergency","Others","2026/03/15 02:52:13 PM","Rahim Yar Khan"
"273721","Adil Iqbal","DR-782","EMDS Call","Medical Emergency","Backache","2026/03/15 02:56:16 PM","Sadiqabad"
"273722","Adil Iqbal","DR-782","EMDS Call","Medical Emergency","Abdominal Pain","2026/03/15 02:59:53 PM","Khanpur"
"273723","Sheeza Barkat","MR-5331","EMDS Call","Medical Emergency","Abdominal Pain","2026/03/15 03:01:45 PM","Khanpur"
"273724","Aasia Batool","MR-5198","Direct Call","Medical Emergency","Chronic Illness","2026/03/15 03:18:26 PM","Rahim Yar Khan"
"273725","Adil Iqbal","DR-782","EMDS Call","Medical Emergency","High Fever","2026/03/15 03:20:04 PM","Liaqatpur"
"273726","Adil Iqbal","DR-782","EMDS Call","Medical Emergency","Unconscious","2026/03/15 03:26:12 PM","Khanpur"
"77068","Aasia Batool","MR-5198","Direct Call","Patient Transfer Service","N/A","2026/03/15 03:33:04 PM","Khanpur"
"273727","Sheeza Barkat","MR-5331","EMDS Call","Medical Emergency","Diabetic","2026/03/15 03:38:34 PM","Rahim Yar Khan"
"273728","Aasia Batool","MR-5198","EMDS Call","Road Crash","Bleeding","2026/03/15 03:38:51 PM","Rahim Yar Khan"
"273729","Aasia Batool","MR-5198","EMDS Call","Road Crash","Bleeding","2026/03/15 03:42:44 PM","Sadiqabad"
"273730","Aasia Batool","MR-5198","EMDS Call","Medical Emergency","SOB/ Respiratory Distress","2026/03/15 03:45:44 PM","Sadiqabad"
"273731","Adil Iqbal","DR-782","EMDS Call","Medical Emergency","Others","2026/03/15 03:47:47 PM","Sadiqabad"
"273732","Sheeza Barkat","MR-5331","EMDS Call","Fall","Fall From Roof","2026/03/15 03:48:37 PM","Khanpur"
"273733","Adil Iqbal","DR-782","EMDS Call","Road Crash","Minor Injuries","2026/03/15 04:03:14 PM","Sadiqabad"
"273734","Adil Iqbal","DR-782","EMDS Call","Medical Emergency","Unconscious","2026/03/15 04:28:16 PM","Rahim Yar Khan"
"273735","Aasia Batool","MR-5198","EMDS Call","Fire","Others","2026/03/15 04:35:42 PM","Sadiqabad"
"273736","Adil Iqbal","DR-782","EMDS Call","Medical Emergency","Chronic Illness","2026/03/15 04:38:21 PM","Rahim Yar Khan"
"273737","Sheeza Barkat","MR-5331","EMDS Call","Medical Emergency","Domestic Injuries","2026/03/15 04:40:52 PM","Khanpur"
"273738","Sheeza Barkat","MR-5331","EMDS Call","Medical Emergency","Anxiety / Psychiatric Disorder","2026/03/15 04:51:22 PM","Rahim Yar Khan"
"273740","Adil Iqbal","DR-782","EMDS Call","Crime","Physical Assault/Violence","2026/03/15 04:56:29 PM","Liaqatpur"
"273739","Sheeza Barkat","MR-5331","EMDS Call","Road Crash","Bleeding","2026/03/15 04:57:23 PM","Rahim Yar Khan"
"273741","Sheeza Barkat","MR-5331","EMDS Call","Medical Emergency","Vomiting","2026/03/15 05:07:09 PM","Rahim Yar Khan"
"77069","Aasia Batool","MR-5198","Direct Call","Patient Transfer Service","N/A","2026/03/15 05:09:14 PM","Sadiqabad"
"273742","Adil Iqbal","DR-782","EMDS Call","Medical Emergency","Abdominal Pain","2026/03/15 05:10:53 PM","Sadiqabad"
"273743","Sheeza Barkat","MR-5331","EMDS Call","Medical Emergency","Hypertension","2026/03/15 05:13:28 PM","Rahim Yar Khan"
"77070","Aasia Batool","MR-5198","Direct Call","Patient Transfer Service","N/A","2026/03/15 05:24:49 PM","Sadiqabad"
"273744","Sheeza Barkat","MR-5331","EMDS Call","Road Crash","Bleeding","2026/03/15 05:25:25 PM","Khanpur"
"273745","Sheeza Barkat","MR-5331","EMDS Call","Medical Emergency","Chronic Illness","2026/03/15 05:50:26 PM","Sadiqabad"
"273746","Adil Iqbal","DR-782","EMDS Call","Road Crash","Minor Injuries","2026/03/15 05:55:55 PM","Sadiqabad"
"77071","Aasia Batool","MR-5198","Direct Call","Patient Transfer Service","N/A","2026/03/15 05:57:34 PM","Khanpur"
"273747","Sheeza Barkat","MR-5331","EMDS Call","Medical Emergency","Hypertension","2026/03/15 05:58:04 PM","Rahim Yar Khan"
"77072","Aasia Batool","MR-5198","Direct Call","Patient Transfer Service","N/A","2026/03/15 06:00:59 PM","Khanpur"
"273748","Adil Iqbal","DR-782","EMDS Call","Medical Emergency","Hypertension","2026/03/15 06:05:36 PM","Rahim Yar Khan"
"273749","Aasia Batool","MR-5198","EMDS Call","Road Crash","Bleeding","2026/03/15 06:05:34 PM","Sadiqabad"
"77073","Aasia Batool","MR-5198","Direct Call","Patient Transfer Service","N/A","2026/03/15 06:12:42 PM","Khanpur"
"273750","Aasia Batool","MR-5198","EMDS Call","Medical Emergency","Anxiety / Psychiatric Disorder","2026/03/15 06:12:47 PM","Khanpur"
"273751","Sheeza Barkat","MR-5331","EMDS Call","Medical Emergency","Unconscious","2026/03/15 06:14:40 PM","Rahim Yar Khan"
"273752","Aasia Batool","MR-5198","EMDS Call","Medical Emergency","Vertigo/ Dizziness","2026/03/15 06:31:08 PM","Rahim Yar Khan"
"273753","Adil Iqbal","DR-782","EMDS Call","Medical Emergency","Vomiting","2026/03/15 06:33:56 PM","Rahim Yar Khan"
"Not Assigned","Aasia Batool","MR-5198","EMDS Call","Fire","Candle/Heater","2026/03/15 06:34:35 PM","Sadiqabad"
"273755","Aasia Batool","MR-5198","EMDS Call","Medical Emergency","Headache","2026/03/15 06:44:16 PM","Rahim Yar Khan"
"273756","Aasia Batool","MR-5198","EMDS Call","Medical Emergency","Anxiety / Psychiatric Disorder","2026/03/15 06:55:30 PM","Sadiqabad"
"Not Assigned","Sheeza Barkat","MR-5331","EMDS Call","Road Crash","Bleeding","2026/03/15 07:02:22 PM","Khanpur"
"273757","Aasia Batool","MR-5198","EMDS Call","Road Crash","Bleeding","2026/03/15 07:03:14 PM","Sadiqabad"
"273759","Adil Iqbal","DR-782","EMDS Call","Medical Emergency","Domestic Injuries","2026/03/15 07:03:25 PM","Sadiqabad"
"273760","Sheeza Barkat","MR-5331","EMDS Call","Medical Emergency","Hypotension","2026/03/15 07:06:56 PM","Khanpur"
"273761","Fahad Hussain","DR-538","EMDS Call","Medical Emergency","Allergy","2026/03/15 07:35:52 PM","Sadiqabad"
"77074","Saima Bashir","MR-5819","Direct Call","Patient Transfer Service","N/A","2026/03/15 07:40:00 PM","Sadiqabad"
"273762","Saima Bashir","MR-5819","EMDS Call","Road Crash","Multiple Fractures","2026/03/15 07:39:20 PM","Sadiqabad"
"273763","Fahad Hussain","DR-538","EMDS Call","Road Crash","Minor Injuries","2026/03/15 07:40:12 PM","Rahim Yar Khan"
"273763","Fahad Hussain","DR-538","EMDS Call","Road Crash","Minor Injuries","2026/03/15 07:40:12 PM","Rahim Yar Khan"
"273764","Sheeza Barkat","MR-5331","EMDS Call","Rescue Operations","Delivery Case","2026/03/15 07:38:38 PM","Sadiqabad"
"273765","Saima Bashir","MR-5819","EMDS Call","Medical Emergency","Anxiety / Psychiatric Disorder","2026/03/15 07:43:03 PM","Liaqatpur"
"273766","Sheeza Barkat","MR-5331","EMDS Call","Medical Emergency","Hypertension","2026/03/15 07:49:12 PM","Khanpur"
"273767","Fahad Hussain","DR-538","EMDS Call","Medical Emergency","Vomiting","2026/03/15 07:52:08 PM","Liaqatpur"
"273768","Fahad Hussain","DR-538","EMDS Call","Road Crash","Multiple Fractures","2026/03/15 07:55:44 PM","Rahim Yar Khan"
"273769","Saima Bashir","MR-5819","EMDS Call","Rescue Operations","Animal/Bird Rescue","2026/03/15 08:04:04 PM","Rahim Yar Khan"
"273770","Fahad Hussain","DR-538","EMDS Call","Medical Emergency","Anxiety / Psychiatric Disorder","2026/03/15 08:17:21 PM","Rahim Yar Khan"
"273771","Sheeza Barkat","MR-5331","EMDS Call","Road Crash","Bleeding","2026/03/15 08:17:33 PM","Sadiqabad"
"273772","Saima Bashir","MR-5819","EMDS Call","Medical Emergency","Vomiting","2026/03/15 08:21:55 PM","Liaqatpur"
"273773","Aasia Batool","MR-5198","EMDS Call","Fire","Others","2026/03/15 08:30:06 PM","Rahim Yar Khan"
"273774","Saima Bashir","MR-5819","EMDS Call","Fall","Slipped On Floor","2026/03/15 08:32:21 PM","Rahim Yar Khan"
"273775","Fahad Hussain","DR-538","EMDS Call","Medical Emergency","Vomiting","2026/03/15 08:38:57 PM","Rahim Yar Khan"
"273776","Fahad Hussain","DR-538","EMDS Call","Medical Emergency","Vomiting","2026/03/15 08:51:40 PM","Rahim Yar Khan"
"273777","Muhammad Fiaz","DR-206","EMDS Call","Medical Emergency","Epilepsy","2026/03/15 08:52:39 PM","Sadiqabad"
"273778","Muhammad Fiaz","DR-206","EMDS Call","Medical Emergency","Vomiting","2026/03/15 08:55:44 PM","Sadiqabad"
"273779","Muhammad Tariq Hameed","DR-885","EMDS Call","Medical Emergency","Unconscious","2026/03/15 09:00:17 PM","Rahim Yar Khan"
"273780","Muhammad Fiaz","DR-206","Direct Call","Rescue Operations","Others","2026/03/15 09:18:02 PM","Rahim Yar Khan"
"77075","Muhammad Tariq Hameed","DR-885","Direct Call","Patient Transfer Service","N/A","2026/03/15 09:27:20 PM","Sadiqabad"
"273781","Muhammad Tariq Hameed","DR-885","EMDS Call","Medical Emergency","Hypertension","2026/03/15 09:31:20 PM","Sadiqabad"
"273782","Zupasha Zia","MR-5758","EMDS Call","Medical Emergency","SOB/ Respiratory Distress","2026/03/15 09:31:49 PM","Khanpur"
"273783","Muhammad Tariq Hameed","DR-885","EMDS Call","Medical Emergency","Anxiety / Psychiatric Disorder","2026/03/15 09:40:05 PM","Rahim Yar Khan"
"273784","Zupasha Zia","MR-5758","EMDS Call","Medical Emergency","Urinary Retention","2026/03/15 09:44:57 PM","Rahim Yar Khan"
"273786","Muhammad Tariq Hameed","DR-885","EMDS Call","Medical Emergency","Diabetic","2026/03/15 09:53:38 PM","Rahim Yar Khan"
"273785","Sajid Mehmood","DR-914","EMDS Call","Medical Emergency","Abdominal Pain","2026/03/15 09:54:28 PM","Rahim Yar Khan"
"273787","Muhammad Fiaz","DR-206","EMDS Call","Medical Emergency","Vomiting","2026/03/15 09:56:12 PM","Liaqatpur"
"273788","Sajid Mehmood","DR-914","EMDS Call","Medical Emergency","Joints Pain","2026/03/15 10:00:39 PM","Khanpur"
"273789","Muhammad Tariq Hameed","DR-885","Direct Call","Medical Emergency","Vertigo/ Dizziness","2026/03/15 10:02:41 PM","Sadiqabad"
"273790","Sajid Mehmood","DR-914","EMDS Call","Medical Emergency","Others","2026/03/15 10:04:11 PM","Rahim Yar Khan"
"77076","Zupasha Zia","MR-5758","Direct Call","Patient Transfer Service","N/A","2026/03/15 10:24:36 PM","Sadiqabad"
"273791","Sajid Mehmood","DR-914","EMDS Call","Medical Emergency","Unconscious","2026/03/15 10:39:22 PM","Sadiqabad"
"273792","Muhammad Fiaz","DR-206","EMDS Call","Medical Emergency","Joints Pain","2026/03/15 10:44:36 PM","Rahim Yar Khan"
"273793","Sajid Mehmood","DR-914","EMDS Call","Medical Emergency","SOB/ Respiratory Distress","2026/03/15 10:48:35 PM","Sadiqabad"
"77077","Zupasha Zia","MR-5758","Direct Call","Patient Transfer Service","N/A","2026/03/15 10:51:49 PM","Khanpur"
"273794","Muhammad Fiaz","DR-206","EMDS Call","Fire","Others","2026/03/15 10:49:32 PM","Sadiqabad"
"273795","Rana M. Usman","DR-200","EMDS Call","Medical Emergency","SOB/ Respiratory Distress","2026/03/15 10:58:04 PM","Rahim Yar Khan"
"273796","Rana M. Usman","DR-200","EMDS Call","Medical Emergency","SOB/ Respiratory Distress","2026/03/15 11:11:10 PM","Rahim Yar Khan"
"273797","Muhammad Fiaz","DR-206","EMDS Call","Medical Emergency","Chronic Illness","2026/03/15 11:28:41 PM","Rahim Yar Khan"
"273798","Zupasha Zia","MR-5758","EMDS Call","Medical Emergency","Joints Pain","2026/03/15 11:30:47 PM","Rahim Yar Khan"
"273799","Rana M. Usman","DR-200","EMDS Call","Medical Emergency","Urinary Retention","2026/03/16 12:01:16 AM","Rahim Yar Khan"
"77078","Rana M. Usman","DR-200","Direct Call","Patient Transfer Service","N/A","2026/03/16 12:09:28 AM","Sadiqabad"
"273800","Rana M. Usman","DR-200","EMDS Call","Medical Emergency","Joints Pain","2026/03/16 12:13:28 AM","Khanpur"
"273801","Muhammad Fiaz","DR-206","EMDS Call","Crime","Probable Suicide","2026/03/16 12:21:25 AM","Sadiqabad"
"273802","Zupasha Zia","MR-5758","EMDS Call","Road Crash","Bleeding","2026/03/16 12:22:38 AM","Rahim Yar Khan"
"273803","Muhammad Fiaz","DR-206","EMDS Call","Medical Emergency","Vertigo/ Dizziness","2026/03/16 12:27:18 AM","Khanpur"
"273804","Zupasha Zia","MR-5758","EMDS Call","Medical Emergency","SOB/ Respiratory Distress","2026/03/16 12:28:01 AM","Khanpur"
"273805","Shahid Jamil","DR-184","EMDS Call","Medical Emergency","Abdominal Pain","2026/03/16 12:46:07 AM","Khanpur"
"273806","Muhammad Fiaz","DR-206","EMDS Call","Medical Emergency","Vomiting","2026/03/16 12:55:11 AM","Rahim Yar Khan"
"77079","Shahid Jamil","DR-184","Direct Call","Patient Transfer Service","N/A","2026/03/16 12:58:55 AM","Liaqatpur"
"273807","Muhammad Fiaz","DR-206","EMDS Call","Medical Emergency","High Fever","2026/03/16 01:03:48 AM","Sadiqabad"
"273808","Shahid Jamil","DR-184","EMDS Call","Medical Emergency","SOB/ Respiratory Distress","2026/03/16 01:32:20 AM","Rahim Yar Khan"
"77080","Shahid Jamil","DR-184","Direct Call","Patient Transfer Service","N/A","2026/03/16 01:53:07 AM","Sadiqabad"
"77081","Muhammad Fiaz","DR-206","Direct Call","Patient Transfer Service","N/A","2026/03/16 01:54:25 AM","Khanpur"
"273809","Muhammad Fiaz","DR-206","EMDS Call","Medical Emergency","Headache","2026/03/16 01:57:35 AM","Rahim Yar Khan"
"273810","Shahid Jamil","DR-184","EMDS Call","Medical Emergency","Abdominal Pain","2026/03/16 02:08:57 AM","Rahim Yar Khan"
"273811","Zupasha Zia","MR-5758","EMDS Call","Medical Emergency","SOB/ Respiratory Distress","2026/03/16 02:31:11 AM","Rahim Yar Khan"
"77082","Muhammad Fiaz","DR-206","Direct Call","Patient Transfer Service","N/A","2026/03/16 02:41:42 AM","Sadiqabad"
"273812","Muhammad Fiaz","DR-206","EMDS Call","Medical Emergency","Vomiting","2026/03/16 02:45:07 AM","Rahim Yar Khan"
"273813","Muhammad Riaz","DR-654","EMDS Call","Medical Emergency","Vomiting","2026/03/16 03:22:13 AM","Sadiqabad"
"273814","Sajid Mehmood","DR-914","EMDS Call","Medical Emergency","SOB/ Respiratory Distress","2026/03/16 03:25:13 AM","Rahim Yar Khan"
"273815","Muhammad Riaz","DR-654","EMDS Call","Medical Emergency","Renal Disorders / Renal Colic ","2026/03/16 03:37:32 AM","Rahim Yar Khan"
"77083","Shahid Jamil","DR-184","Direct Call","Patient Transfer Service","N/A","2026/03/16 03:46:09 AM","Sadiqabad"
"273816","Shahid Jamil","DR-184","EMDS Call","Medical Emergency","Headache","2026/03/16 04:00:32 AM","Sadiqabad"
"273817","Muhammad Riaz","DR-654","EMDS Call","Medical Emergency","Abdominal Pain","2026/03/16 04:01:08 AM","Rahim Yar Khan"
"273818","Sajid Mehmood","DR-914","EMDS Call","Medical Emergency","Chest Pain","2026/03/16 04:08:30 AM","Sadiqabad"
"273819","Shahid Jamil","DR-184","EMDS Call","Medical Emergency","Hypertension","2026/03/16 04:13:48 AM","Rahim Yar Khan"
"273820","Muhammad Riaz","DR-654","EMDS Call","Medical Emergency","Abdominal Pain","2026/03/16 04:39:49 AM","Khanpur"
"273821","Shahid Jamil","DR-184","EMDS Call","Medical Emergency","SOB/ Respiratory Distress","2026/03/16 04:45:46 AM","Sadiqabad"
"273822","Muhammad Riaz","DR-654","EMDS Call","Medical Emergency","Hypertension","2026/03/16 04:47:02 AM","Rahim Yar Khan"
"273824","Muhammad Riaz","DR-654","EMDS Call","Medical Emergency","Abdominal Pain","2026/03/16 04:49:52 AM","Rahim Yar Khan"
"273823","Shahid Jamil","DR-184","EMDS Call","Medical Emergency","Vertigo/ Dizziness","2026/03/16 04:48:42 AM","Rahim Yar Khan"
"273825","Sajid Mehmood","DR-914","EMDS Call","Medical Emergency","Urinary Retention","2026/03/16 05:06:28 AM","Rahim Yar Khan"
"273826","Muhammad Riaz","DR-654","EMDS Call","Road Crash","Bleeding","2026/03/16 05:13:26 AM","Sadiqabad"
"273826","Muhammad Riaz","DR-654","EMDS Call","Road Crash","Bleeding","2026/03/16 05:13:26 AM","Sadiqabad"
"273827","Muhammad Tariq Hameed","DR-885","EMDS Call","Medical Emergency","Abdominal Pain","2026/03/16 05:22:52 AM","Sadiqabad"
"273828","Muhammad Tariq Hameed","DR-885","EMDS Call","Medical Emergency","Unconscious","2026/03/16 05:29:37 AM","Rahim Yar Khan"
"77084","Sajid Mehmood","DR-914","Direct Call","Patient Transfer Service","N/A","2026/03/16 05:53:30 AM","Khanpur"
"273829","Muhammad Tariq Hameed","DR-885","EMDS Call","Medical Emergency","Hypertension","2026/03/16 05:54:23 AM","Sadiqabad"
"273830","Muhammad Riaz","DR-654","EMDS Call","Medical Emergency","Hypertension","2026/03/16 05:57:42 AM","Rahim Yar Khan"
"273831","Muhammad Riaz","DR-654","EMDS Call","Medical Emergency","Unconscious","2026/03/16 06:11:56 AM","Rahim Yar Khan"
"273832","Muhammad Riaz","DR-654","EMDS Call","Road Crash","Minor Injuries","2026/03/16 06:19:29 AM","Liaqatpur"
"273833","Sajid Mehmood","DR-914","EMDS Call","Medical Emergency","Hypertension","2026/03/16 06:24:33 AM","Rahim Yar Khan"
"273834","Muhammad Tariq Hameed","DR-885","EMDS Call","Medical Emergency","Joints Pain","2026/03/16 06:37:14 AM","Rahim Yar Khan"
"273835","Muhammad Riaz","DR-654","EMDS Call","Medical Emergency","Chest Pain","2026/03/16 06:40:34 AM","Rahim Yar Khan"
"273836","Sajid Mehmood","DR-914","EMDS Call","Medical Emergency","Abdominal Pain","2026/03/16 06:41:20 AM","Rahim Yar Khan"
"273837","Muhammad Tariq Hameed","DR-885","EMDS Call","Medical Emergency","Abdominal Pain","2026/03/16 06:45:22 AM","Rahim Yar Khan"
"273838","Muhammad Riaz","DR-654","EMDS Call","Medical Emergency","SOB/ Respiratory Distress","2026/03/16 06:56:21 AM","Sadiqabad"
"273839","Muhammad Riaz","DR-654","EMDS Call","Medical Emergency","Hypertension","2026/03/16 07:06:37 AM","Rahim Yar Khan"
"273840","Zupasha Zia","MR-5758","EMDS Call","Medical Emergency","Anxiety / Psychiatric Disorder","2026/03/16 07:12:56 AM","Liaqatpur"
"273841","Muhammad Tariq Hameed","DR-885","EMDS Call","Medical Emergency","Diabetic","2026/03/16 07:30:32 AM","Sadiqabad"
"273842","Muhammad Zahid","DR-888","EMDS Call","Medical Emergency","Unconscious","2026/03/16 07:52:58 AM","Rahim Yar Khan"
"273844","Shahla Nawaz","DR-185","EMDS Call","Medical Emergency","Epistaxis/ Nosebleed","2026/03/16 08:09:21 AM","Rahim Yar Khan"
"273843","Farah Sadaqat","MR-5930","EMDS Call","Medical Emergency","High Fever","2026/03/16 08:09:53 AM","Sadiqabad"
"273845","Muhammad Zahid","DR-888","Direct Call","Rescue Operations","Mass Event Coverage","2026/03/16 08:16:26 AM","Rahim Yar Khan"
"273846","Shahla Nawaz","DR-185","EMDS Call","Road Crash","Minor Injuries","2026/03/16 08:14:59 AM","Liaqatpur"
"273847","Farah Sadaqat","MR-5930","EMDS Call","Road Crash","Bleeding","2026/03/16 08:17:08 AM","Sadiqabad"
"273848","Farah Sadaqat","MR-5930","EMDS Call","Medical Emergency","Chest Pain","2026/03/16 08:29:24 AM","Sadiqabad"
"273849","Shahla Nawaz","DR-185","EMDS Call","Medical Emergency","Diarrhea","2026/03/16 08:31:12 AM","Liaqatpur"
"273850","Farah Sadaqat","MR-5930","EMDS Call","Medical Emergency","Abdominal Pain","2026/03/16 08:36:40 AM","Khanpur"
"273852","Muhammad Zahid","DR-888","EMDS Call","Medical Emergency","Unconscious","2026/03/16 08:41:57 AM","Liaqatpur"
"273851","Shahla Nawaz","DR-185","EMDS Call","Road Crash","Severe Trauma","2026/03/16 08:43:21 AM","Khanpur"
"273853","Muhammad Zahid","DR-888","EMDS Call","Medical Emergency","Unconscious","2026/03/16 08:44:50 AM","Sadiqabad"
"273854","Farah Sadaqat","MR-5930","EMDS Call","Medical Emergency","Hypotension","2026/03/16 08:50:54 AM","Liaqatpur"
"273855","Mureed Abbas","DR-900","EMDS Call","Medical Emergency","Hypertension","2026/03/16 08:52:42 AM","Sadiqabad"
"273856","Farah Sadaqat","MR-5930","EMDS Call","Medical Emergency","Vomiting","2026/03/16 09:01:01 AM","Rahim Yar Khan"
"273857","Farah Sadaqat","MR-5930","EMDS Call","Medical Emergency","Domestic Injuries","2026/03/16 09:09:47 AM","Rahim Yar Khan"
"Not Assigned","Mureed Abbas","DR-900","EMDS Call","Community","Community Training","2026/03/16 09:12:31 AM","Rahim Yar Khan"
"273858","Mureed Abbas","DR-900","Direct Call","Rescue Operations","Mass Event Coverage","2026/03/16 09:16:55 AM","Khanpur"
"273859","Muhammad AAmar","DR-915","EMDS Call","Road Crash","Minor Injuries","2026/03/16 09:25:08 AM","Rahim Yar Khan"
"273860","Maheen Tahir","MR-6017","EMDS Call","Medical Emergency","Vomiting","2026/03/16 09:25:53 AM","Sadiqabad"
"273861","Farah Sadaqat","MR-5930","EMDS Call","Medical Emergency","Chest Pain","2026/03/16 09:25:39 AM","Rahim Yar Khan"
"273862","Muhammad AAmar","DR-915","EMDS Call","Medical Emergency","Hypertension","2026/03/16 09:29:11 AM","Rahim Yar Khan"
"273863","Maheen Tahir","MR-6017","EMDS Call","Medical Emergency","Vomiting","2026/03/16 09:32:21 AM","Rahim Yar Khan"
"273864","Farah Sadaqat","MR-5930","EMDS Call","Medical Emergency","SOB/ Respiratory Distress","2026/03/16 09:31:37 AM","Rahim Yar Khan"
"273865","Mureed Abbas","DR-900","EMDS Call","Medical Emergency","SOB/ Respiratory Distress","2026/03/16 09:42:39 AM","Rahim Yar Khan"
"273866","Maheen Tahir","MR-6017","EMDS Call","Medical Emergency","Vomiting","2026/03/16 09:49:52 AM","Rahim Yar Khan"
"273867","Muhammad AAmar","DR-915","EMDS Call","Rescue Operations","Delivery Case","2026/03/16 09:50:13 AM","Rahim Yar Khan"
"273868","Mureed Abbas","DR-900","EMDS Call","Rescue Operations","Delivery Case","2026/03/16 09:52:36 AM","Sadiqabad"
"273869","Muhammad Arshad","DR-198","EMDS Call","Road Crash","Bleeding","2026/03/16 10:03:08 AM","Sadiqabad"
"273872","Muhammad Arshad","DR-198","EMDS Call","Medical Emergency","Gynae Problem","2026/03/16 10:11:18 AM","Rahim Yar Khan"
"273871","Farah Sadaqat","MR-5930","EMDS Call","Road Crash","Bleeding","2026/03/16 10:12:29 AM","Liaqatpur"
"273870","Muhammad AAmar","DR-915","EMDS Call","Road Crash","Severe Trauma","2026/03/16 10:14:36 AM","Khanpur"
"273873","Farah Sadaqat","MR-5930","EMDS Call","Medical Emergency","Vertigo/ Dizziness","2026/03/16 10:22:55 AM","Rahim Yar Khan"
"273874","Muhammad AAmar","DR-915","EMDS Call","Medical Emergency","Unconscious","2026/03/16 10:24:27 AM","Rahim Yar Khan"
"273875","Farah Sadaqat","MR-5930","EMDS Call","Medical Emergency","High Fever","2026/03/16 10:34:27 AM","Rahim Yar Khan"
"273876","Farah Sadaqat","MR-5930","EMDS Call","Road Crash","Minor Injuries","2026/03/16 10:38:17 AM","Rahim Yar Khan"
"273877","Muhammad AAmar","DR-915","EMDS Call","Structural Collapse","Extra Load","2026/03/16 10:39:07 AM","Rahim Yar Khan"
"273877","Muhammad AAmar","DR-915","EMDS Call","Structural Collapse","Extra Load","2026/03/16 10:39:07 AM","Rahim Yar Khan"
"273877","Muhammad AAmar","DR-915","EMDS Call","Structural Collapse","Extra Load","2026/03/16 10:39:07 AM","Rahim Yar Khan"
"273877","Muhammad AAmar","DR-915","EMDS Call","Structural Collapse","Extra Load","2026/03/16 10:39:07 AM","Rahim Yar Khan"
"273877","Muhammad AAmar","DR-915","EMDS Call","Structural Collapse","Extra Load","2026/03/16 10:39:07 AM","Rahim Yar Khan"
"273877","Muhammad AAmar","DR-915","EMDS Call","Structural Collapse","Extra Load","2026/03/16 10:39:07 AM","Rahim Yar Khan"
"273877","Muhammad AAmar","DR-915","EMDS Call","Structural Collapse","Extra Load","2026/03/16 10:39:07 AM","Rahim Yar Khan"
"273877","Muhammad AAmar","DR-915","EMDS Call","Structural Collapse","Extra Load","2026/03/16 10:39:07 AM","Rahim Yar Khan"
"273877","Muhammad AAmar","DR-915","EMDS Call","Structural Collapse","Extra Load","2026/03/16 10:39:07 AM","Rahim Yar Khan"
"273877","Muhammad AAmar","DR-915","EMDS Call","Structural Collapse","Extra Load","2026/03/16 10:39:07 AM","Rahim Yar Khan"
"273877","Muhammad AAmar","DR-915","EMDS Call","Structural Collapse","Extra Load","2026/03/16 10:39:07 AM","Rahim Yar Khan"
"273877","Muhammad AAmar","DR-915","EMDS Call","Structural Collapse","Extra Load","2026/03/16 10:39:07 AM","Rahim Yar Khan"
"273877","Muhammad AAmar","DR-915","EMDS Call","Structural Collapse","Extra Load","2026/03/16 10:39:07 AM","Rahim Yar Khan"
"273877","Muhammad AAmar","DR-915","EMDS Call","Structural Collapse","Extra Load","2026/03/16 10:39:07 AM","Rahim Yar Khan"
"273877","Muhammad AAmar","DR-915","EMDS Call","Structural Collapse","Extra Load","2026/03/16 10:39:07 AM","Rahim Yar Khan"
"273877","Muhammad AAmar","DR-915","EMDS Call","Structural Collapse","Extra Load","2026/03/16 10:39:07 AM","Rahim Yar Khan"
"273877","Muhammad AAmar","DR-915","EMDS Call","Structural Collapse","Extra Load","2026/03/16 10:39:07 AM","Rahim Yar Khan"
"273877","Muhammad AAmar","DR-915","EMDS Call","Structural Collapse","Extra Load","2026/03/16 10:39:07 AM","Rahim Yar Khan"
"273877","Muhammad AAmar","DR-915","EMDS Call","Structural Collapse","Extra Load","2026/03/16 10:39:07 AM","Rahim Yar Khan"
"273877","Muhammad AAmar","DR-915","EMDS Call","Structural Collapse","Extra Load","2026/03/16 10:39:07 AM","Rahim Yar Khan"
"273877","Muhammad AAmar","DR-915","EMDS Call","Structural Collapse","Extra Load","2026/03/16 10:39:07 AM","Rahim Yar Khan"
"273877","Muhammad AAmar","DR-915","EMDS Call","Structural Collapse","Extra Load","2026/03/16 10:39:07 AM","Rahim Yar Khan"
"273877","Muhammad AAmar","DR-915","EMDS Call","Structural Collapse","Extra Load","2026/03/16 10:39:07 AM","Rahim Yar Khan"
"273877","Muhammad AAmar","DR-915","EMDS Call","Structural Collapse","Extra Load","2026/03/16 10:39:07 AM","Rahim Yar Khan"
"273877","Muhammad AAmar","DR-915","EMDS Call","Structural Collapse","Extra Load","2026/03/16 10:39:07 AM","Rahim Yar Khan"
"273877","Muhammad AAmar","DR-915","EMDS Call","Structural Collapse","Extra Load","2026/03/16 10:39:07 AM","Rahim Yar Khan"
"273877","Muhammad AAmar","DR-915","EMDS Call","Structural Collapse","Extra Load","2026/03/16 10:39:07 AM","Rahim Yar Khan"
"273877","Muhammad AAmar","DR-915","EMDS Call","Structural Collapse","Extra Load","2026/03/16 10:39:07 AM","Rahim Yar Khan"
"273877","Muhammad AAmar","DR-915","EMDS Call","Structural Collapse","Extra Load","2026/03/16 10:39:07 AM","Rahim Yar Khan"
"273877","Muhammad AAmar","DR-915","EMDS Call","Structural Collapse","Extra Load","2026/03/16 10:39:07 AM","Rahim Yar Khan"
"273877","Muhammad AAmar","DR-915","EMDS Call","Structural Collapse","Extra Load","2026/03/16 10:39:07 AM","Rahim Yar Khan"
"273877","Muhammad AAmar","DR-915","EMDS Call","Structural Collapse","Extra Load","2026/03/16 10:39:07 AM","Rahim Yar Khan"
"273877","Muhammad AAmar","DR-915","EMDS Call","Structural Collapse","Extra Load","2026/03/16 10:39:07 AM","Rahim Yar Khan"
"273877","Muhammad AAmar","DR-915","EMDS Call","Structural Collapse","Extra Load","2026/03/16 10:39:07 AM","Rahim Yar Khan"
"273877","Muhammad AAmar","DR-915","EMDS Call","Structural Collapse","Extra Load","2026/03/16 10:39:07 AM","Rahim Yar Khan"
"273877","Muhammad AAmar","DR-915","EMDS Call","Structural Collapse","Extra Load","2026/03/16 10:39:07 AM","Rahim Yar Khan"
"273877","Muhammad AAmar","DR-915","EMDS Call","Structural Collapse","Extra Load","2026/03/16 10:39:07 AM","Rahim Yar Khan"
"273877","Muhammad AAmar","DR-915","EMDS Call","Structural Collapse","Extra Load","2026/03/16 10:39:07 AM","Rahim Yar Khan"
"273877","Muhammad AAmar","DR-915","EMDS Call","Structural Collapse","Extra Load","2026/03/16 10:39:07 AM","Rahim Yar Khan"
"273877","Muhammad AAmar","DR-915","EMDS Call","Structural Collapse","Extra Load","2026/03/16 10:39:07 AM","Rahim Yar Khan"
"273877","Muhammad AAmar","DR-915","EMDS Call","Structural Collapse","Extra Load","2026/03/16 10:39:07 AM","Rahim Yar Khan"
"273877","Muhammad AAmar","DR-915","EMDS Call","Structural Collapse","Extra Load","2026/03/16 10:39:07 AM","Rahim Yar Khan"
"273877","Muhammad AAmar","DR-915","EMDS Call","Structural Collapse","Extra Load","2026/03/16 10:39:07 AM","Rahim Yar Khan"
"273877","Muhammad AAmar","DR-915","EMDS Call","Structural Collapse","Extra Load","2026/03/16 10:39:07 AM","Rahim Yar Khan"
"273877","Muhammad AAmar","DR-915","EMDS Call","Structural Collapse","Extra Load","2026/03/16 10:39:07 AM","Rahim Yar Khan"
"273878","Muhammad Arshad","DR-198","EMDS Call","Medical Emergency","SOB/ Respiratory Distress","2026/03/16 10:42:07 AM","Rahim Yar Khan"
"77085","Mureed Abbas","DR-900","Direct Call","Patient Transfer Service","N/A","2026/03/16 10:45:43 AM","Sadiqabad"
"273879","Farah Sadaqat","MR-5930","EMDS Call","Medical Emergency","Drug Addiction","2026/03/16 10:50:49 AM","Sadiqabad"
"273880","Yasir Ilyas","DR-893","EMDS Call","Road Crash","Severe Trauma","2026/03/16 10:53:14 AM","Rahim Yar Khan"
"77086","Mureed Abbas","DR-900","Direct Call","Patient Transfer Service","N/A","2026/03/16 10:52:49 AM","Rahim Yar Khan"
"273881","Mureed Abbas","DR-900","EMDS Call","Medical Emergency","Joints Pain","2026/03/16 10:54:20 AM","Khanpur"
"273882","Farah Sadaqat","MR-5930","EMDS Call","Road Crash","Bleeding","2026/03/16 11:01:28 AM","Khanpur"
"77087","Yasir Ilyas","DR-893","Direct Call","Patient Transfer Service","N/A","2026/03/16 11:15:25 AM","Sadiqabad"
"273883","Mureed Abbas","DR-900","EMDS Call","Medical Emergency","SOB/ Respiratory Distress","2026/03/16 11:22:48 AM","Khanpur"
"273884","Muhammad AAmar","DR-915","EMDS Call","Road Crash","Severe Trauma","2026/03/16 11:23:59 AM","Sadiqabad"
"77088","Yasir Ilyas","DR-893","Direct Call","Patient Transfer Service","N/A","2026/03/16 11:25:15 AM","Khanpur"
"273885","Mureed Abbas","DR-900","EMDS Call","Medical Emergency","Domestic Injuries","2026/03/16 11:29:14 AM","Liaqatpur"
"273886","Muhammad AAmar","DR-915","EMDS Call","Medical Emergency","Vomiting","2026/03/16 11:31:25 AM","Rahim Yar Khan"
"77089","Mureed Abbas","DR-900","EMDS Call","Patient Transfer Service","N/A","2026/03/16 11:33:58 AM","Sadiqabad"
"273887","Mureed Abbas","DR-900","EMDS Call","Medical Emergency","SOB/ Respiratory Distress","2026/03/16 11:38:52 AM","Khanpur"
"77090","Mureed Abbas","DR-900","Direct Call","Patient Transfer Service","N/A","2026/03/16 11:45:06 AM","Khanpur"
"273888","Mureed Abbas","DR-900","EMDS Call","Road Crash","Bleeding","2026/03/16 11:45:16 AM","Liaqatpur"
"273888","Mureed Abbas","DR-900","EMDS Call","Road Crash","Bleeding","2026/03/16 11:45:16 AM","Liaqatpur"
"273889","Maheen Tahir","MR-6017","EMDS Call","Medical Emergency","SOB/ Respiratory Distress","2026/03/16 11:50:20 AM","Sadiqabad"
"273890","Maheen Tahir","MR-6017","EMDS Call","Rescue Operations","Animal/Bird Rescue","2026/03/16 11:54:39 AM","Khanpur"
"273891","Mureed Abbas","DR-900","EMDS Call","Road Crash","Minor Injuries","2026/03/16 12:07:30 PM","Rahim Yar Khan"
"273892","Maheen Tahir","MR-6017","EMDS Call","Medical Emergency","Vertigo/ Dizziness","2026/03/16 12:17:24 PM","Rahim Yar Khan"
"273894","Shahla Nawaz","DR-185","EMDS Call","Medical Emergency","Hypertension","2026/03/16 12:23:57 PM","Khanpur"
"273893","Maheen Tahir","MR-6017","EMDS Call","Crime","Physical Assault/Violence","2026/03/16 12:25:44 PM","Sadiqabad"
"273895","Mureed Abbas","DR-900","EMDS Call","Rescue Operations","Others","2026/03/16 12:27:20 PM","Sadiqabad"
"273895","Mureed Abbas","DR-900","EMDS Call","Rescue Operations","Others","2026/03/16 12:27:20 PM","Sadiqabad"
"273896","Shahla Nawaz","DR-185","EMDS Call","Fire","Candle/Heater","2026/03/16 12:29:26 PM","Khanpur"
"273897","Mureed Abbas","DR-900","EMDS Call","Medical Emergency","Unconscious","2026/03/16 12:30:03 PM","Rahim Yar Khan"
"273898","Shahla Nawaz","DR-185","EMDS Call","Road Crash","Minor Injuries","2026/03/16 12:34:01 PM","Rahim Yar Khan"
"273899","Mureed Abbas","DR-900","EMDS Call","Medical Emergency","Anxiety / Psychiatric Disorder","2026/03/16 12:36:50 PM","Rahim Yar Khan"
"273900","Shahla Nawaz","DR-185","EMDS Call","Medical Emergency","Joints Pain","2026/03/16 12:37:29 PM","Rahim Yar Khan"
"273901","Mureed Abbas","DR-900","EMDS Call","Road Crash","Minor Injuries","2026/03/16 12:40:07 PM","Rahim Yar Khan"
"273902","Mureed Abbas","DR-900","EMDS Call","Medical Emergency","Joints Pain","2026/03/16 12:50:35 PM","Rahim Yar Khan"
"273903","Shahla Nawaz","DR-185","EMDS Call","Medical Emergency","SOB/ Respiratory Distress","2026/03/16 01:17:17 PM","Rahim Yar Khan"
"273905","Maheen Tahir","MR-6017","EMDS Call","Road Crash","Severe Trauma","2026/03/16 01:28:35 PM","Sadiqabad"
"273904","Shahla Nawaz","DR-185","EMDS Call","Road Crash","Bleeding","2026/03/16 01:29:18 PM","Rahim Yar Khan"
"273906","Maheen Tahir","MR-6017","EMDS Call","Medical Emergency","Joints Pain","2026/03/16 01:30:39 PM","Rahim Yar Khan"
"273907","Shahla Nawaz","DR-185","EMDS Call","Medical Emergency","SOB/ Respiratory Distress","2026/03/16 01:32:15 PM","Khanpur"
"273908","Saira Bibi","MR-5494","EMDS Call","Medical Emergency","High Fever","2026/03/16 01:44:10 PM","Rahim Yar Khan"
"77091","Mureed Abbas","DR-900","Direct Call","Patient Transfer Service","N/A","2026/03/16 01:46:44 PM","Liaqatpur"
"273909","Saira Bibi","MR-5494","EMDS Call","Rescue Operations","Scorpion Bite/Other Animal/Insect Bite","2026/03/16 01:50:16 PM","Sadiqabad"
"273910","Mureed Abbas","DR-900","EMDS Call","Medical Emergency","SOB/ Respiratory Distress","2026/03/16 01:54:12 PM","Sadiqabad"
"273911","Mureed Abbas","DR-900","EMDS Call","Medical Emergency","High Fever","2026/03/16 02:06:21 PM","Liaqatpur"
"273912","Saira Bibi","MR-5494","EMDS Call","Road Crash","Bleeding","2026/03/16 02:08:09 PM","Sadiqabad"
"273913","Nida Rahat","DR-1322","EMDS Call","Medical Emergency","Joints Pain","2026/03/16 02:11:40 PM","Rahim Yar Khan"
"273914","Sheeza Barkat","MR-5331","EMDS Call","Medical Emergency","Chest Pain","2026/03/16 02:36:31 PM","Sadiqabad"
"273915","Nida Rahat","DR-1322","EMDS Call","Medical Emergency","High Fever","2026/03/16 02:39:20 PM","Rahim Yar Khan"
"273916","Sheeza Barkat","MR-5331","EMDS Call","Fire","Others","2026/03/16 02:39:37 PM","Rahim Yar Khan"
"77092","Sheeza Barkat","MR-5331","Direct Call","Patient Transfer Service","N/A","2026/03/16 02:46:20 PM","Khanpur"
"273917","Sheeza Barkat","MR-5331","EMDS Call","Road Crash","Bleeding","2026/03/16 02:47:09 PM","Rahim Yar Khan"
"77093","Nida Rahat","DR-1322","Direct Call","Patient Transfer Service","N/A","2026/03/16 02:55:28 PM","Khanpur"
"273918","Sheeza Barkat","MR-5331","EMDS Call","Road Crash","Bleeding","2026/03/16 02:59:44 PM","Rahim Yar Khan"
"273919","Nida Rahat","DR-1322","EMDS Call","Rescue Operations","Others","2026/03/16 03:12:17 PM","Rahim Yar Khan"
"77094","Adil Iqbal","DR-782","EMDS Call","Patient Transfer Service","N/A","2026/03/16 03:18:42 PM","Rahim Yar Khan"
"273920","Nida Rahat","DR-1322","EMDS Call","Medical Emergency","Hypertension","2026/03/16 03:21:37 PM","Rahim Yar Khan"
"77095","Nida Rahat","DR-1322","Direct Call","Patient Transfer Service","N/A","2026/03/16 03:25:08 PM","Sadiqabad"
"77096","Adil Iqbal","DR-782","EMDS Call","Patient Transfer Service","N/A","2026/03/16 03:28:00 PM","Rahim Yar Khan"
"77097","Nida Rahat","DR-1322","Direct Call","Patient Transfer Service","N/A","2026/03/16 03:28:39 PM","Liaqatpur"
"273921","Sheeza Barkat","MR-5331","EMDS Call","Medical Emergency","Diabetic","2026/03/16 03:29:18 PM","Sadiqabad"
"Not Assigned","Nida Rahat","DR-1322","Direct Call","High Raised Building Inspection","High Raised Building Inspection","2026/03/16 03:31:13 PM","Sadiqabad"
"273922","Adil Iqbal","DR-782","EMDS Call","Medical Emergency","Gynae Problem","2026/03/16 03:30:53 PM","Sadiqabad"
"77098","Nida Rahat","DR-1322","Direct Call","Patient Transfer Service","N/A","2026/03/16 03:33:47 PM","Sadiqabad"
"273923","Adil Iqbal","DR-782","EMDS Call","Medical Emergency","Abdominal Pain","2026/03/16 03:36:48 PM","Rahim Yar Khan"
"273924","Sheeza Barkat","MR-5331","EMDS Call","Road Crash","Bleeding","2026/03/16 03:37:30 PM","Rahim Yar Khan"
"273925","Sheeza Barkat","MR-5331","EMDS Call","Medical Emergency","Chest Pain","2026/03/16 03:44:01 PM","Khanpur"
"273926","Nida Rahat","DR-1322","EMDS Call","Road Crash","Bleeding","2026/03/16 03:46:15 PM","Rahim Yar Khan"
"273927","Adil Iqbal","DR-782","EMDS Call","Road Crash","Minor Injuries","2026/03/16 03:46:34 PM","Khanpur"
"273928","Sheeza Barkat","MR-5331","EMDS Call","Road Crash","Bleeding","2026/03/16 03:48:10 PM","Rahim Yar Khan"
"273929","Sheeza Barkat","MR-5331","EMDS Call","Medical Emergency","Diarrhea","2026/03/16 04:02:38 PM","Sadiqabad"
"273930","Adil Iqbal","DR-782","EMDS Call","Road Crash","Severe Trauma","2026/03/16 04:09:08 PM","Khanpur"
"273931","Sheeza Barkat","MR-5331","EMDS Call","Fall","Fall From Tree","2026/03/16 04:11:05 PM","Rahim Yar Khan"
"273932","Nida Rahat","DR-1322","EMDS Call","Medical Emergency","Abdominal Pain","2026/03/16 04:15:12 PM","Rahim Yar Khan"
"273933","Adil Iqbal","DR-782","EMDS Call","Road Crash","Multiple Fractures","2026/03/16 04:20:33 PM","Sadiqabad"
"273934","Nida Rahat","DR-1322","EMDS Call","Road Crash","Bleeding","2026/03/16 04:22:23 PM","Rahim Yar Khan"
"273935","Sheeza Barkat","MR-5331","EMDS Call","Medical Emergency","Joints Pain","2026/03/16 04:23:10 PM","Liaqatpur"
"273936","Nida Rahat","DR-1322","EMDS Call","Medical Emergency","Hypertension","2026/03/16 04:28:26 PM","Sadiqabad"
"273937","Nida Rahat","DR-1322","EMDS Call","Medical Emergency","SOB/ Respiratory Distress","2026/03/16 04:30:38 PM","Rahim Yar Khan"
"273938","Sheeza Barkat","MR-5331","EMDS Call","Medical Emergency","Vomiting","2026/03/16 04:33:50 PM","Rahim Yar Khan"
"273939","Adil Iqbal","DR-782","EMDS Call","Medical Emergency","Vomiting","2026/03/16 04:38:08 PM","Liaqatpur"
"273940","Sheeza Barkat","MR-5331","EMDS Call","Medical Emergency","Vertigo/ Dizziness","2026/03/16 05:07:37 PM","Rahim Yar Khan"
"273941","Nida Rahat","DR-1322","EMDS Call","Medical Emergency","Abdominal Pain","2026/03/16 05:09:35 PM","Sadiqabad"
"273942","Adil Iqbal","DR-782","EMDS Call","Road Crash","Severe Trauma","2026/03/16 05:20:01 PM","Khanpur"
"273942","Adil Iqbal","DR-782","EMDS Call","Road Crash","Severe Trauma","2026/03/16 05:20:01 PM","Khanpur"
"273943","Sheeza Barkat","MR-5331","EMDS Call","Road Crash","Bleeding","2026/03/16 05:25:03 PM","Khanpur"
"273944","Adil Iqbal","DR-782","EMDS Call","Medical Emergency","Anxiety / Psychiatric Disorder","2026/03/16 05:28:44 PM","Rahim Yar Khan"
"273945","Sheeza Barkat","MR-5331","EMDS Call","Medical Emergency","Hypertension","2026/03/16 05:30:45 PM","Rahim Yar Khan"
"273946","Adil Iqbal","DR-782","EMDS Call","Fall","Fall From Roof","2026/03/16 05:33:52 PM","Rahim Yar Khan"
"273947","Sheeza Barkat","MR-5331","EMDS Call","Rescue Operations","Electric Shock","2026/03/16 05:49:56 PM","Sadiqabad"
"273948","Adil Iqbal","DR-782","EMDS Call","Medical Emergency","SOB/ Respiratory Distress","2026/03/16 05:53:37 PM","Rahim Yar Khan"
"273949","Adil Iqbal","DR-782","EMDS Call","Medical Emergency","Abdominal Pain","2026/03/16 05:56:18 PM","Liaqatpur"
"273950","Sheeza Barkat","MR-5331","EMDS Call","Crime","Probable Suicide","2026/03/16 06:05:01 PM","Rahim Yar Khan"
"273951","Nida Rahat","DR-1322","EMDS Call","Medical Emergency","High Fever","2026/03/16 06:18:07 PM","Khanpur"
"273952","Adil Iqbal","DR-782","EMDS Call","Fire","Short Circuit","2026/03/16 06:19:37 PM","Liaqatpur"
"273953","Adil Iqbal","DR-782","EMDS Call","Medical Emergency","Headache","2026/03/16 06:36:18 PM","Khanpur"
"273954","Adil Iqbal","DR-782","EMDS Call","Medical Emergency","Anxiety / Psychiatric Disorder","2026/03/16 06:39:41 PM","Rahim Yar Khan"
"273955","Adil Iqbal","DR-782","EMDS Call","Road Crash","Minor Injuries","2026/03/16 06:44:21 PM","Rahim Yar Khan"
"273956","Sheeza Barkat","MR-5331","EMDS Call","Medical Emergency","Abdominal Pain","2026/03/16 06:52:04 PM","Rahim Yar Khan"
"273957","Adil Iqbal","DR-782","EMDS Call","Medical Emergency","Hypertension","2026/03/16 06:59:28 PM","Sadiqabad"
"273958","Nida Rahat","DR-1322","EMDS Call","Rescue Operations","Delivery Case","2026/03/16 07:02:07 PM","Sadiqabad"
"273959","Adil Iqbal","DR-782","EMDS Call","Road Crash","Minor Injuries","2026/03/16 07:09:08 PM","Sadiqabad"
"273960","Nida Rahat","DR-1322","EMDS Call","Medical Emergency","Vomiting","2026/03/16 07:13:26 PM","Liaqatpur"
"273961","Sheeza Barkat","MR-5331","EMDS Call","Road Crash","Bleeding","2026/03/16 07:14:23 PM","Sadiqabad"
"273962","Sheeza Barkat","MR-5331","EMDS Call","Medical Emergency","SOB/ Respiratory Distress","2026/03/16 07:29:59 PM","Rahim Yar Khan"
"273963","Adil Iqbal","DR-782","EMDS Call","Road Crash","Bleeding","2026/03/16 07:34:17 PM","Khanpur"
"273964","Adil Iqbal","DR-782","EMDS Call","Medical Emergency","Hypertension","2026/03/16 07:59:09 PM","Rahim Yar Khan"
"273966","Nida Rahat","DR-1322","EMDS Call","Medical Emergency","SOB/ Respiratory Distress","2026/03/16 08:06:37 PM","Sadiqabad"
"273965","Adil Iqbal","DR-782","EMDS Call","Road Crash","Bleeding","2026/03/16 08:07:22 PM","Rahim Yar Khan"
"273967","Nida Rahat","DR-1322","EMDS Call","Medical Emergency","Anxiety / Psychiatric Disorder","2026/03/16 08:13:14 PM","Rahim Yar Khan"
"273968","Sheeza Barkat","MR-5331","EMDS Call","Medical Emergency","SOB/ Respiratory Distress","2026/03/16 08:36:06 PM","Liaqatpur"
"273969","Farhad Iftikhar","DR-913","EMDS Call","Medical Emergency","Joints Pain","2026/03/16 08:37:37 PM","Rahim Yar Khan"
"273970","Farhad Iftikhar","DR-913","EMDS Call","Rescue Operations","Delivery Case","2026/03/16 08:41:18 PM","Khanpur"
"273971","Nida Rahat","DR-1322","EMDS Call","Medical Emergency","Anxiety / Psychiatric Disorder","2026/03/16 08:43:50 PM","Rahim Yar Khan"
"273972","Farhad Iftikhar","DR-913","EMDS Call","Medical Emergency","Unconscious","2026/03/16 08:45:28 PM","Rahim Yar Khan"
"273973","Farhad Iftikhar","DR-913","EMDS Call","Medical Emergency","High Fever","2026/03/16 08:50:43 PM","Rahim Yar Khan"
"273974","Farhad Iftikhar","DR-913","EMDS Call","Road Crash","Bleeding","2026/03/16 08:58:38 PM","Rahim Yar Khan"
"273975","Muhammad Fiaz","DR-206","Direct Call","Medical Emergency","Hypertension","2026/03/16 09:05:20 PM","Khanpur"
"273976","Farhad Iftikhar","DR-913","EMDS Call","Medical Emergency","Diabetic","2026/03/16 09:07:51 PM","Rahim Yar Khan"
"273977","Zupasha Zia","MR-5758","EMDS Call","Medical Emergency","SOB/ Respiratory Distress","2026/03/16 09:32:13 PM","Khanpur"
"77099","Muhammad Fiaz","DR-206","Direct Call","Patient Transfer Service","N/A","2026/03/16 09:37:51 PM","Sadiqabad"
"273978","Muhammad Fiaz","DR-206","EMDS Call","Medical Emergency","Abdominal Pain","2026/03/16 09:39:30 PM","Sadiqabad"
"273979","Zupasha Zia","MR-5758","EMDS Call","Road Crash","Bleeding","2026/03/16 09:42:25 PM","Rahim Yar Khan"
"273980","Muhammad Fiaz","DR-206","EMDS Call","Medical Emergency","Unconscious","2026/03/16 09:44:18 PM","Khanpur"
"273982","Zupasha Zia","MR-5758","Direct Call","Medical Emergency","Hypertension","2026/03/16 09:57:07 PM","Rahim Yar Khan"
"273981","Farhad Iftikhar","DR-913","Direct Call","Rescue Operations","Snake Emergency","2026/03/16 10:09:49 PM","Rahim Yar Khan"
"273983","Zupasha Zia","MR-5758","EMDS Call","Medical Emergency","High Fever","2026/03/16 10:13:58 PM","Rahim Yar Khan"
"273984","Zupasha Zia","MR-5758","EMDS Call","Medical Emergency","Hypertension","2026/03/16 10:17:56 PM","Sadiqabad"
"273985","Zupasha Zia","MR-5758","EMDS Call","Medical Emergency","Hypertension","2026/03/16 10:28:00 PM","Rahim Yar Khan"
"273986","Zupasha Zia","MR-5758","EMDS Call","Medical Emergency","Hypertension","2026/03/16 10:45:00 PM","Sadiqabad"
"273987","Muhammad Fiaz","DR-206","EMDS Call","Medical Emergency","SOB/ Respiratory Distress","2026/03/16 10:46:29 PM","Rahim Yar Khan"
"273988","Farhad Iftikhar","DR-913","EMDS Call","Medical Emergency","Joints Pain","2026/03/16 10:53:24 PM","Rahim Yar Khan"
"273989","Muhammad Fiaz","DR-206","Direct Call","Medical Emergency","Joints Pain","2026/03/16 10:59:50 PM","Sadiqabad"
"77100","Zupasha Zia","MR-5758","Direct Call","Patient Transfer Service","N/A","2026/03/16 11:02:18 PM","Liaqatpur"
"273990","Zupasha Zia","MR-5758","EMDS Call","Medical Emergency","Hypertension","2026/03/16 11:08:27 PM","Rahim Yar Khan"
"273991","Muhammad Fiaz","DR-206","EMDS Call","Medical Emergency","CVA/Stroke","2026/03/16 11:10:44 PM","Liaqatpur"
"77101","Zupasha Zia","MR-5758","Direct Call","Patient Transfer Service","N/A","2026/03/16 11:14:29 PM","Sadiqabad"
"77102","Zupasha Zia","MR-5758","Direct Call","Patient Transfer Service","N/A","2026/03/16 11:20:18 PM","Liaqatpur"
"273992","Farhad Iftikhar","DR-913","EMDS Call","Medical Emergency","SOB/ Respiratory Distress","2026/03/16 11:52:51 PM","Rahim Yar Khan"
"77103","Zupasha Zia","MR-5758","Direct Call","Patient Transfer Service","N/A","2026/03/16 11:54:40 PM","Khanpur"
"273993","Zupasha Zia","MR-5758","EMDS Call","Medical Emergency","Headache","2026/03/17 12:02:18 AM","Liaqatpur"
"273994","Farhad Iftikhar","DR-913","EMDS Call","Medical Emergency","Epistaxis/ Nosebleed","2026/03/17 12:04:01 AM","Rahim Yar Khan"
"273995","Muhammad Fiaz","DR-206","EMDS Call","Medical Emergency","Abdominal Pain","2026/03/17 12:12:41 AM","Rahim Yar Khan"
"273996","Farhad Iftikhar","DR-913","EMDS Call","Medical Emergency","SOB/ Respiratory Distress","2026/03/17 12:13:50 AM","Rahim Yar Khan"
"77104","Zupasha Zia","MR-5758","Direct Call","Patient Transfer Service","N/A","2026/03/17 12:45:07 AM","Sadiqabad"
"273997","Zupasha Zia","MR-5758","EMDS Call","Medical Emergency","Diarrhea","2026/03/17 12:56:57 AM","Liaqatpur"
"273998","Zupasha Zia","MR-5758","EMDS Call","Medical Emergency","Renal Disorders / Renal Colic ","2026/03/17 01:05:43 AM","Liaqatpur"
"273999","Muhammad Fiaz","DR-206","EMDS Call","Medical Emergency","Vomiting","2026/03/17 01:09:08 AM","Rahim Yar Khan"
"274000","Farhad Iftikhar","DR-913","EMDS Call","Road Crash","Bleeding","2026/03/17 01:18:05 AM","Rahim Yar Khan"
"274001","Zupasha Zia","MR-5758","EMDS Call","Medical Emergency","SOB/ Respiratory Distress","2026/03/17 01:35:11 AM","Khanpur"
"274002","Muhammad Fiaz","DR-206","EMDS Call","Medical Emergency","SOB/ Respiratory Distress","2026/03/17 01:36:20 AM","Rahim Yar Khan"
"274003","Farhad Iftikhar","DR-913","EMDS Call","Medical Emergency","Vertigo/ Dizziness","2026/03/17 01:46:12 AM","Rahim Yar Khan"
"77105","Zupasha Zia","MR-5758","Direct Call","Patient Transfer Service","N/A","2026/03/17 01:49:47 AM","Sadiqabad"
"274004","Muhammad Fiaz","DR-206","EMDS Call","Medical Emergency","Diabetic","2026/03/17 01:59:11 AM","Rahim Yar Khan"
"77106","Zupasha Zia","MR-5758","Direct Call","Patient Transfer Service","N/A","2026/03/17 02:02:43 AM","Sadiqabad"
"274005","Farhad Iftikhar","DR-913","EMDS Call","Medical Emergency","Chest Pain","2026/03/17 02:02:07 AM","Liaqatpur"
"274006","Muhammad Fiaz","DR-206","EMDS Call","Road Crash","Bleeding","2026/03/17 02:27:27 AM","Rahim Yar Khan"
"274007","Farhad Iftikhar","DR-913","EMDS Call","Medical Emergency","Chest Pain","2026/03/17 02:54:08 AM","Sadiqabad"
"274008","Zupasha Zia","MR-5758","EMDS Call","Medical Emergency","SOB/ Respiratory Distress","2026/03/17 02:57:17 AM","Rahim Yar Khan"
"274009","Muhammad Riaz","DR-654","EMDS Call","Medical Emergency","Abdominal Pain","2026/03/17 03:57:26 AM","Rahim Yar Khan"
"274010","Bushra Saleem","MR-5701","EMDS Call","Road Crash","Minor Injuries","2026/03/17 03:59:48 AM","Rahim Yar Khan"
"274011","Muhammad Riaz","DR-654","EMDS Call","Road Crash","Minor Injuries","2026/03/17 04:12:51 AM","Rahim Yar Khan"
"274012","Farhad Iftikhar","DR-913","EMDS Call","Medical Emergency","Abdominal Pain","2026/03/17 04:21:07 AM","Rahim Yar Khan"
"274013","Muhammad Riaz","DR-654","EMDS Call","Medical Emergency","Diabetic","2026/03/17 04:30:39 AM","Rahim Yar Khan"
"274014","Bushra Saleem","MR-5701","EMDS Call","Road Crash","Bleeding","2026/03/17 04:35:04 AM","Rahim Yar Khan"
"274015","Farhad Iftikhar","DR-913","EMDS Call","Medical Emergency","Chest Pain","2026/03/17 04:38:47 AM","Khanpur"
"274016","Muhammad Riaz","DR-654","EMDS Call","Medical Emergency","Urinary Retention","2026/03/17 04:44:42 AM","Rahim Yar Khan"
"274017","Bushra Saleem","MR-5701","EMDS Call","Medical Emergency","Gynae Problem","2026/03/17 04:53:18 AM","Liaqatpur"
"274018","Farhad Iftikhar","DR-913","EMDS Call","Medical Emergency","Renal Disorders / Renal Colic ","2026/03/17 04:58:50 AM","Khanpur"
"274019","Muhammad Riaz","DR-654","EMDS Call","Medical Emergency","Anxiety / Psychiatric Disorder","2026/03/17 05:15:11 AM","Rahim Yar Khan"
"274020","Muhammad Riaz","DR-654","EMDS Call","Road Crash","Minor Injuries","2026/03/17 05:23:27 AM","Rahim Yar Khan"
"274021","Bushra Saleem","MR-5701","Direct Call","Medical Emergency","Epilepsy","2026/03/17 05:25:56 AM","Khanpur"
"274022","Bushra Saleem","MR-5701","Direct Call","Medical Emergency","Renal Disorders / Renal Colic ","2026/03/17 05:43:29 AM","Rahim Yar Khan"
"274023","Bushra Saleem","MR-5701","EMDS Call","Medical Emergency","Anxiety / Psychiatric Disorder","2026/03/17 05:55:12 AM","Rahim Yar Khan"
"274024","Farhad Iftikhar","DR-913","EMDS Call","Medical Emergency","Backache","2026/03/17 06:00:50 AM","Rahim Yar Khan"
"274025","Bushra Saleem","MR-5701","EMDS Call","Road Crash","Minor Injuries","2026/03/17 06:00:06 AM","Khanpur"
"274026","Bushra Saleem","MR-5701","Direct Call","Medical Emergency","SOB/ Respiratory Distress","2026/03/17 06:08:42 AM","Rahim Yar Khan"
"274027","Farhad Iftikhar","DR-913","EMDS Call","Medical Emergency","Hypertension","2026/03/17 06:14:11 AM","Rahim Yar Khan"
"274028","Farhad Iftikhar","DR-913","EMDS Call","Medical Emergency","Chest Pain","2026/03/17 06:33:12 AM","Rahim Yar Khan"
"274029","Muhammad Riaz","DR-654","EMDS Call","Medical Emergency","Backache","2026/03/17 06:46:18 AM","Sadiqabad"
"274030","Bushra Saleem","MR-5701","EMDS Call","Medical Emergency","Hypotension","2026/03/17 06:47:12 AM","Rahim Yar Khan"
"274031","Bushra Saleem","MR-5701","EMDS Call","Road Crash","Bleeding","2026/03/17 07:05:36 AM","Sadiqabad"
"77107","Bushra Saleem","MR-5701","Direct Call","Patient Transfer Service","N/A","2026/03/17 07:13:39 AM","Khanpur"
"274032","Muhammad Riaz","DR-654","EMDS Call","Medical Emergency","Hypertension","2026/03/17 07:20:29 AM","Rahim Yar Khan"
"274033","Bushra Saleem","MR-5701","EMDS Call","Medical Emergency","Chest Pain","2026/03/17 07:32:05 AM","Rahim Yar Khan"
"274034","Shahla Nawaz","DR-185","EMDS Call","Medical Emergency","Vomiting","2026/03/17 07:47:29 AM","Liaqatpur"
"274035","Faiz Muhyy Ul Din","DR-892","EMDS Call","Medical Emergency","Joints Pain","2026/03/17 07:57:51 AM","Sadiqabad"
"274036","Muhammad Zahid","DR-888","EMDS Call","Road Crash","Minor Injuries","2026/03/17 08:06:53 AM","Sadiqabad"
"77108","Faiz Muhyy Ul Din","DR-892","Direct Call","Patient Transfer Service","N/A","2026/03/17 08:17:50 AM","Sadiqabad"
"274037","Faiz Muhyy Ul Din","DR-892","Direct Call","Rescue Operations","Mass Event Coverage","2026/03/17 08:22:30 AM","Rahim Yar Khan"
"274038","Shahla Nawaz","DR-185","EMDS Call","Medical Emergency","Joints Pain","2026/03/17 08:23:57 AM","Liaqatpur"
"274039","Faiz Muhyy Ul Din","DR-892","EMDS Call","Medical Emergency","CVA/Stroke","2026/03/17 08:25:28 AM","Khanpur"
"274040","Faiz Muhyy Ul Din","DR-892","EMDS Call","Medical Emergency","Vomiting","2026/03/17 08:33:04 AM","Rahim Yar Khan"
"274041","Shahla Nawaz","DR-185","EMDS Call","Medical Emergency","Unconscious","2026/03/17 08:50:47 AM","Khanpur"
"274042","Faiz Muhyy Ul Din","DR-892","Direct Call","Rescue Operations","Mass Event Coverage","2026/03/17 08:52:10 AM","Khanpur"
"274043","Aasia Batool","MR-5198","EMDS Call","Fire","Others","2026/03/17 08:51:43 AM","Khanpur"
"274044","Faiz Muhyy Ul Din","DR-892","EMDS Call","Rescue Operations","Snake Emergency","2026/03/17 08:53:06 AM","Liaqatpur"
"274045","Aasia Batool","MR-5198","EMDS Call","Medical Emergency","Chest Pain","2026/03/17 08:55:49 AM","Rahim Yar Khan"
"274046","Aasia Batool","MR-5198","EMDS Call","Medical Emergency","SOB/ Respiratory Distress","2026/03/17 08:58:57 AM","Rahim Yar Khan"
"274047","Aasia Batool","MR-5198","EMDS Call","Medical Emergency","CVA/Stroke","2026/03/17 09:00:58 AM","Khanpur"
"274048","Shahla Nawaz","DR-185","EMDS Call","Medical Emergency","Joints Pain","2026/03/17 09:02:27 AM","Rahim Yar Khan"
"274049","Shaheen Islam","DR-1171","EMDS Call","Medical Emergency","Abdominal Pain","2026/03/17 09:08:17 AM","Rahim Yar Khan"
"274051","Shahla Nawaz","DR-185","EMDS Call","Medical Emergency","SOB/ Respiratory Distress","2026/03/17 09:12:48 AM","Rahim Yar Khan"
"274050","Aasia Batool","MR-5198","EMDS Call","Medical Emergency","Abdominal Pain","2026/03/17 09:13:32 AM","Rahim Yar Khan"
"274052","Shaheen Islam","DR-1171","EMDS Call","Medical Emergency","Vomiting","2026/03/17 09:12:21 AM","Khanpur"
"274053","Aasia Batool","MR-5198","EMDS Call","Medical Emergency","Diabetic","2026/03/17 09:18:41 AM","Sadiqabad"
"274054","Shahla Nawaz","DR-185","EMDS Call","Medical Emergency","Vomiting","2026/03/17 09:17:25 AM","Rahim Yar Khan"
"274055","Adnan Shabbir","DR-205","EMDS Call","Road Crash","Minor Injuries","2026/03/17 09:26:40 AM","Rahim Yar Khan"
"274056","Aasia Batool","MR-5198","EMDS Call","Medical Emergency","Vomiting","2026/03/17 09:33:49 AM","Rahim Yar Khan"
"274057","Shaheen Islam","DR-1171","EMDS Call","Road Crash","Minor Injuries","2026/03/17 09:39:49 AM","Rahim Yar Khan"
"274058","Shahla Nawaz","DR-185","EMDS Call","Medical Emergency","Vertigo/ Dizziness","2026/03/17 09:44:33 AM","Rahim Yar Khan"
"274059","Muhammad Arshad","DR-198","EMDS Call","Medical Emergency","Chest Pain","2026/03/17 09:55:11 AM","Khanpur"
"274061","Adnan Shabbir","DR-205","EMDS Call","Medical Emergency","Headache","2026/03/17 09:56:48 AM","Sadiqabad"
"274060","Adnan Shabbir","DR-205","EMDS Call","Medical Emergency","Chest Pain","2026/03/17 10:00:20 AM","Rahim Yar Khan"
"274062","Muhammad Arshad","DR-198","EMDS Call","Road Crash","Minor Injuries","2026/03/17 10:22:31 AM","Rahim Yar Khan"
"274063","Adnan Shabbir","DR-205","EMDS Call","Medical Emergency","Diabetic","2026/03/17 10:21:57 AM","Khanpur"
"274064","Adnan Shabbir","DR-205","EMDS Call","Medical Emergency","Abdominal Pain","2026/03/17 10:41:17 AM","Sadiqabad"
"274065","Shahla Nawaz","DR-185","EMDS Call","Medical Emergency","Joints Pain","2026/03/17 10:43:10 AM","Khanpur"
"274066","Adnan Shabbir","DR-205","EMDS Call","Medical Emergency","Renal Disorders / Renal Colic ","2026/03/17 10:44:22 AM","Liaqatpur"
"274067","Muhammad Arshad","DR-198","EMDS Call","Medical Emergency","Abdominal Pain","2026/03/17 10:46:47 AM","Khanpur"
"274068","Adnan Shabbir","DR-205","EMDS Call","Medical Emergency","Vomiting","2026/03/17 10:48:40 AM","Rahim Yar Khan"
"274069","Muhammad Zahid","DR-888","EMDS Call","Medical Emergency","Joints Pain","2026/03/17 10:52:03 AM","Rahim Yar Khan"
"274070","Muhammad Arshad","DR-198","EMDS Call","Road Crash","Minor Injuries","2026/03/17 10:55:57 AM","Rahim Yar Khan"
"274072","Adnan Shabbir","DR-205","EMDS Call","Road Crash","Minor Injuries","2026/03/17 11:02:35 AM","Sadiqabad"
"274071","Muhammad Arshad","DR-198","EMDS Call","Medical Emergency","SOB/ Respiratory Distress","2026/03/17 11:03:14 AM","Rahim Yar Khan"
"274073","Muhammad Zahid","DR-888","EMDS Call","Medical Emergency","Abdominal Pain","2026/03/17 11:05:28 AM","Khanpur"
"274074","Adnan Shabbir","DR-205","EMDS Call","Medical Emergency","Joints Pain","2026/03/17 11:12:56 AM","Khanpur"
"77109","Muhammad Arshad","DR-198","Direct Call","Patient Transfer Service","N/A","2026/03/17 11:22:39 AM","Rahim Yar Khan"
"274075","Muhammad Zahid","DR-888","EMDS Call","Medical Emergency","Others","2026/03/17 11:25:06 AM","Rahim Yar Khan"
"274077","Muhammad Arshad","DR-198","EMDS Call","Fall","Slipped On Floor","2026/03/17 11:32:18 AM","Khanpur"
"274076","Mureed Abbas","DR-900","Direct Call","Medical Emergency","Vertigo/ Dizziness","2026/03/17 11:33:49 AM","Rahim Yar Khan"
"274078","Imran Anjum","DR-204","EMDS Call","Medical Emergency","Joints Pain","2026/03/17 11:35:28 AM","Rahim Yar Khan"
"274079","Mureed Abbas","DR-900","EMDS Call","Medical Emergency","Diabetic","2026/03/17 11:39:17 AM","Rahim Yar Khan"
"77110","Mureed Abbas","DR-900","Direct Call","Patient Transfer Service","N/A","2026/03/17 11:51:10 AM","Sadiqabad"
"274080","Imran Anjum","DR-204","EMDS Call","Medical Emergency","High Fever","2026/03/17 11:54:45 AM","Liaqatpur"
"274081","Mureed Abbas","DR-900","EMDS Call","Medical Emergency","Hypertension","2026/03/17 12:03:51 PM","Sadiqabad"
"274082","Shaheen Islam","DR-1171","Direct Call","Road Crash","Bleeding","2026/03/17 12:12:05 PM","Khanpur"
"274083","Muhammad Zahid","DR-888","EMDS Call","Medical Emergency","Joints Pain","2026/03/17 12:11:33 PM","Khanpur"
"274084","Muhammad Zahid","DR-888","EMDS Call","Medical Emergency","Vertigo/ Dizziness","2026/03/17 12:31:37 PM","Rahim Yar Khan"
"274085","Shaheen Islam","DR-1171","EMDS Call","Medical Emergency","Vertigo/ Dizziness","2026/03/17 12:33:10 PM","Liaqatpur"
"274086","Mureed Abbas","DR-900","EMDS Call","Road Crash","Bleeding","2026/03/17 12:41:21 PM","Liaqatpur"
"274087","Mureed Abbas","DR-900","EMDS Call","Road Crash","Minor Injuries","2026/03/17 12:51:23 PM","Rahim Yar Khan"
"274088","Aasia Batool","MR-5198","EMDS Call","Fall","Fall From Stairs","2026/03/17 01:00:05 PM","Rahim Yar Khan"
"77111","Mureed Abbas","DR-900","Direct Call","Patient Transfer Service","N/A","2026/03/17 01:07:59 PM","Sadiqabad"
"274089","Imran Anjum","DR-204","EMDS Call","Medical Emergency","Chest Pain","2026/03/17 01:09:55 PM","Rahim Yar Khan"
"77112","Faiz Muhyy Ul Din","DR-892","Direct Call","Patient Transfer Service","N/A","2026/03/17 01:28:50 PM","Sadiqabad"
"274090","Imran Anjum","DR-204","EMDS Call","Medical Emergency","Vertigo/ Dizziness","2026/03/17 01:34:54 PM","Rahim Yar Khan"
"274091","Aasia Batool","MR-5198","EMDS Call","Rescue Operations","Others","2026/03/17 01:36:13 PM","Khanpur"
"77113","Mureed Abbas","DR-900","Direct Call","Patient Transfer Service","N/A","2026/03/17 01:47:00 PM","Liaqatpur"
"274092","Imran Anjum","DR-204","EMDS Call","Medical Emergency","Domestic Injuries","2026/03/17 01:45:31 PM","Sadiqabad"
"274093","Imran Anjum","DR-204","EMDS Call","Road Crash","Severe Trauma","2026/03/17 01:51:20 PM","Rahim Yar Khan"
"274093","Imran Anjum","DR-204","EMDS Call","Road Crash","Severe Trauma","2026/03/17 01:51:20 PM","Rahim Yar Khan"
"274094","Mureed Abbas","DR-900","EMDS Call","Road Crash","Bleeding","2026/03/17 01:49:58 PM","Rahim Yar Khan"
"274095","Imran Anjum","DR-204","EMDS Call","Fire","Others","2026/03/17 01:53:32 PM","Khanpur"
"77114","Sheeza Barkat","MR-5331","Direct Call","Patient Transfer Service","N/A","2026/03/17 02:16:56 PM","Khanpur"
"274096","Nida Rahat","DR-1322","EMDS Call","Medical Emergency","Abdominal Pain","2026/03/17 02:16:19 PM","Khanpur"
"77115","Sheeza Barkat","MR-5331","Direct Call","Patient Transfer Service","N/A","2026/03/17 02:21:52 PM","Khanpur"
"274097","Nida Rahat","DR-1322","EMDS Call","Medical Emergency","High Fever","2026/03/17 02:27:07 PM","Liaqatpur"
"274098","Nida Rahat","DR-1322","EMDS Call","Road Crash","Bleeding","2026/03/17 02:43:41 PM","Sadiqabad"
"274099","Mureed Abbas","DR-900","EMDS Call","Medical Emergency","Joints Pain","2026/03/17 02:43:15 PM","Rahim Yar Khan"
"274100","Sheeza Barkat","MR-5331","EMDS Call","Medical Emergency","Vomiting","2026/03/17 02:45:09 PM","Rahim Yar Khan"
"274101","Nida Rahat","DR-1322","EMDS Call","Medical Emergency","Hypertension","2026/03/17 02:45:17 PM","Khanpur"
"274102","Nida Rahat","DR-1322","Direct Call","Fall","Fall From Tree","2026/03/17 02:48:50 PM","Rahim Yar Khan"
"274103","Nida Rahat","DR-1322","EMDS Call","Medical Emergency","SOB/ Respiratory Distress","2026/03/17 02:51:18 PM","Khanpur"
"274104","Sheeza Barkat","MR-5331","EMDS Call","Medical Emergency","SOB/ Respiratory Distress","2026/03/17 03:03:30 PM","Sadiqabad"
"274105","Muhammad ALi","DR-818","EMDS Call","Rescue Operations","Delivery Case","2026/03/17 03:09:29 PM","Rahim Yar Khan"
"274106","Mureed Abbas","DR-900","EMDS Call","Road Crash","Minor Injuries","2026/03/17 03:10:09 PM","Rahim Yar Khan"
"274107","Fahad Hussain","DR-538","EMDS Call","Medical Emergency","High Fever","2026/03/17 03:20:12 PM","Rahim Yar Khan"
"274108","Nida Rahat","DR-1322","EMDS Call","Medical Emergency","Anxiety / Psychiatric Disorder","2026/03/17 03:21:43 PM","Sadiqabad"
"274109","Muhammad ALi","DR-818","EMDS Call","Road Crash","Severe Trauma","2026/03/17 03:25:13 PM","Rahim Yar Khan"
"274110","Sheeza Barkat","MR-5331","EMDS Call","Medical Emergency","Domestic Injuries","2026/03/17 03:35:53 PM","Rahim Yar Khan"
"274111","Muhammad ALi","DR-818","EMDS Call","Medical Emergency","Chest Pain","2026/03/17 03:39:36 PM","Rahim Yar Khan"
"274112","Sheeza Barkat","MR-5331","EMDS Call","Medical Emergency","Unconscious","2026/03/17 03:46:33 PM","Rahim Yar Khan"
"274113","Zia ul Haq","DR-328","EMDS Call","Medical Emergency","Hypertension","2026/03/17 04:04:19 PM","Rahim Yar Khan"
"274114","Muhammad ALi","DR-818","EMDS Call","Road Crash","Minor Injuries","2026/03/17 04:11:00 PM","Sadiqabad"
"274115","Muhammad ALi","DR-818","EMDS Call","Medical Emergency","Diabetic","2026/03/17 04:16:46 PM","Sadiqabad"
"274116","Zia ul Haq","DR-328","EMDS Call","Medical Emergency","Abdominal Pain","2026/03/17 04:27:30 PM","Rahim Yar Khan"
"274117","Zia ul Haq","DR-328","EMDS Call","Medical Emergency","High Fever","2026/03/17 04:34:19 PM","Rahim Yar Khan"
"274118","Saira Bibi","MR-5494","EMDS Call","Road Crash","Minor Injuries","2026/03/17 04:36:13 PM","Sadiqabad"
"274119","Muhammad ALi","DR-818","EMDS Call","Road Crash","Minor Injuries","2026/03/17 04:37:00 PM","Rahim Yar Khan"
"274120","Fahad Hussain","DR-538","EMDS Call","Road Crash","Severe Trauma","2026/03/17 04:40:14 PM","Rahim Yar Khan"
"77116","Saira Bibi","MR-5494","Direct Call","Patient Transfer Service","N/A","2026/03/17 04:42:04 PM","Sadiqabad"
"274121","Muhammad ALi","DR-818","EMDS Call","Medical Emergency","SOB/ Respiratory Distress","2026/03/17 05:08:51 PM","Rahim Yar Khan"
"274122","Saira Bibi","MR-5494","EMDS Call","Medical Emergency","SOB/ Respiratory Distress","2026/03/17 05:20:05 PM","Rahim Yar Khan"
"274123","Muhammad ALi","DR-818","EMDS Call","Medical Emergency","Chronic Illness","2026/03/17 05:27:57 PM","Rahim Yar Khan"
"77117","Nida Rahat","DR-1322","Direct Call","Patient Transfer Service","N/A","2026/03/17 05:37:34 PM","Sadiqabad"
"274124","Nida Rahat","DR-1322","EMDS Call","Medical Emergency","Domestic Injuries","2026/03/17 05:41:57 PM","Sadiqabad"
"274125","Nida Rahat","DR-1322","EMDS Call","Medical Emergency","Joints Pain","2026/03/17 05:47:43 PM","Liaqatpur"
"274126","Sheeza Barkat","MR-5331","EMDS Call","Road Crash","Bleeding","2026/03/17 05:56:33 PM","Rahim Yar Khan"
"274127","Saira Bibi","MR-5494","EMDS Call","Road Crash","Minor Injuries","2026/03/17 06:00:19 PM","Rahim Yar Khan"
"274128","Nida Rahat","DR-1322","EMDS Call","Crime","Probable Suicide","2026/03/17 06:05:50 PM","Khanpur"
"274129","Saira Bibi","MR-5494","EMDS Call","Medical Emergency","Joints Pain","2026/03/17 06:07:49 PM","Rahim Yar Khan"
"274130","Sheeza Barkat","MR-5331","Direct Call","Medical Emergency","Backache","2026/03/17 06:10:32 PM","Sadiqabad"
"274131","Saira Bibi","MR-5494","EMDS Call","Road Crash","Bleeding","2026/03/17 06:12:20 PM","Rahim Yar Khan"
"274132","Sheeza Barkat","MR-5331","EMDS Call","Rescue Operations","Delivery Case","2026/03/17 06:22:10 PM","Rahim Yar Khan"
"274133","Nida Rahat","DR-1322","EMDS Call","Medical Emergency","Diabetic","2026/03/17 06:40:44 PM","Sadiqabad"
"274134","Sheeza Barkat","MR-5331","EMDS Call","Medical Emergency","Others","2026/03/17 06:41:50 PM","Rahim Yar Khan"
"77118","Nida Rahat","DR-1322","Direct Call","Patient Transfer Service","N/A","2026/03/17 06:44:44 PM","Khanpur"
"274135","Muhammad ALi","DR-818","EMDS Call","Road Crash","Minor Injuries","2026/03/17 06:45:50 PM","Sadiqabad"
"274136","Nida Rahat","DR-1322","EMDS Call","Road Crash","Bleeding","2026/03/17 06:47:12 PM","Rahim Yar Khan"
"274137","Nida Rahat","DR-1322","EMDS Call","Fall","Slipped On Floor","2026/03/17 06:53:04 PM","Khanpur"
"274138","Muhammad ALi","DR-818","EMDS Call","Medical Emergency","Domestic Injuries","2026/03/17 06:54:14 PM","Rahim Yar Khan"
"274139","Nida Rahat","DR-1322","EMDS Call","Medical Emergency","Renal Disorders / Renal Colic ","2026/03/17 06:56:08 PM","Sadiqabad"
"274140","Sheeza Barkat","MR-5331","EMDS Call","Medical Emergency","SOB/ Respiratory Distress","2026/03/17 07:03:36 PM","Sadiqabad"
"274141","Nida Rahat","DR-1322","EMDS Call","Road Crash","Minor Injuries","2026/03/17 07:07:32 PM","Sadiqabad"
"274142","Nida Rahat","DR-1322","EMDS Call","Medical Emergency","Hypertension","2026/03/17 07:11:07 PM","Rahim Yar Khan"
"274143","Sheeza Barkat","MR-5331","EMDS Call","Road Crash","Bleeding","2026/03/17 07:12:48 PM","Rahim Yar Khan"
"274144","Fahad Hussain","DR-538","EMDS Call","Medical Emergency","Abdominal Pain","2026/03/17 07:11:50 PM","Liaqatpur"
"274145","Nida Rahat","DR-1322","EMDS Call","Road Crash","Bleeding","2026/03/17 07:14:56 PM","Khanpur"
"274147","Sheeza Barkat","MR-5331","EMDS Call","Medical Emergency","High Fever","2026/03/17 07:15:39 PM","Rahim Yar Khan"
"274146","Fahad Hussain","DR-538","EMDS Call","Medical Emergency","SOB/ Respiratory Distress","2026/03/17 07:16:43 PM","Rahim Yar Khan"
"274148","Sheeza Barkat","MR-5331","EMDS Call","Medical Emergency","Urinary Retention","2026/03/17 07:27:46 PM","Rahim Yar Khan"
"274149","Fahad Hussain","DR-538","EMDS Call","Road Crash","Bleeding","2026/03/17 07:37:08 PM","Rahim Yar Khan"
"77119","Nida Rahat","DR-1322","Direct Call","Patient Transfer Service","N/A","2026/03/17 07:41:20 PM","Sadiqabad"
"77120","Fahad Hussain","DR-538","Direct Call","Patient Transfer Service","N/A","2026/03/17 07:46:12 PM","Sadiqabad"
"274150","Sheeza Barkat","MR-5331","EMDS Call","Road Crash","Bleeding","2026/03/17 07:44:50 PM","Rahim Yar Khan"
"274151","Nida Rahat","DR-1322","EMDS Call","Medical Emergency","Gynae Problem","2026/03/17 08:00:21 PM","Sadiqabad"
"274152","Nida Rahat","DR-1322","EMDS Call","Road Crash","Multiple Fractures","2026/03/17 08:02:08 PM","Rahim Yar Khan"
"274152","Nida Rahat","DR-1322","EMDS Call","Road Crash","Multiple Fractures","2026/03/17 08:02:08 PM","Rahim Yar Khan"
"274153","Fahad Hussain","DR-538","EMDS Call","Medical Emergency","Anxiety / Psychiatric Disorder","2026/03/17 08:04:41 PM","Rahim Yar Khan"
"274154","Nida Rahat","DR-1322","EMDS Call","Medical Emergency","Diabetic","2026/03/17 08:09:03 PM","Rahim Yar Khan"
"274155","Sheeza Barkat","MR-5331","EMDS Call","Medical Emergency","Joints Pain","2026/03/17 08:09:35 PM","Sadiqabad"
"274156","Nida Rahat","DR-1322","EMDS Call","Medical Emergency","Unconscious","2026/03/17 08:11:00 PM","Khanpur"
"274157","Sheeza Barkat","MR-5331","EMDS Call","Medical Emergency","Anxiety / Psychiatric Disorder","2026/03/17 08:12:36 PM","Rahim Yar Khan"
"274158","Muhammad Fiaz","DR-206","EMDS Call","Medical Emergency","SOB/ Respiratory Distress","2026/03/17 08:17:27 PM","Rahim Yar Khan"
"274159","Nida Rahat","DR-1322","EMDS Call","Road Crash","Bleeding","2026/03/17 08:20:29 PM","Rahim Yar Khan"
"274160","Muhammad Fiaz","DR-206","EMDS Call","Road Crash","Bleeding","2026/03/17 08:25:33 PM","Rahim Yar Khan"
"274161","Sheeza Barkat","MR-5331","EMDS Call","Medical Emergency","Hypertension","2026/03/17 08:27:23 PM","Sadiqabad"
"274162","Muhammad Fiaz","DR-206","EMDS Call","Road Crash","Bleeding","2026/03/17 08:29:02 PM","Rahim Yar Khan"
"274163","Nida Rahat","DR-1322","EMDS Call","Medical Emergency","Others","2026/03/17 08:33:28 PM","Rahim Yar Khan"
"274164","Sheeza Barkat","MR-5331","Direct Call","Road Crash","Severe Trauma","2026/03/17 08:41:34 PM","Rahim Yar Khan"
"274164","Sheeza Barkat","MR-5331","Direct Call","Road Crash","Severe Trauma","2026/03/17 08:41:34 PM","Rahim Yar Khan"
"274165","Muhammad Riaz","DR-654","EMDS Call","Medical Emergency","SOB/ Respiratory Distress","2026/03/17 08:47:06 PM","Liaqatpur"
"274167","Muhammad Fiaz","DR-206","EMDS Call","Road Crash","Bleeding","2026/03/17 08:49:12 PM","Rahim Yar Khan"
"274167","Muhammad Fiaz","DR-206","EMDS Call","Road Crash","Bleeding","2026/03/17 08:49:12 PM","Rahim Yar Khan"
"274166","Muhammad Riaz","DR-654","EMDS Call","Medical Emergency","Abdominal Pain","2026/03/17 08:50:03 PM","Khanpur"
"274168","Muhammad Riaz","DR-654","EMDS Call","Medical Emergency","Vomiting","2026/03/17 09:00:16 PM","Sadiqabad"
"274169","Muhammad Fiaz","DR-206","EMDS Call","Road Crash","Minor Injuries","2026/03/17 09:07:03 PM","Rahim Yar Khan"
"77121","Bushra Saleem","MR-5701","Direct Call","Patient Transfer Service","N/A","2026/03/17 09:11:08 PM","Sadiqabad"
"274171","Muhammad Fiaz","DR-206","EMDS Call","Medical Emergency","Joints Pain","2026/03/17 09:19:37 PM","Rahim Yar Khan"
"274170","Muhammad Riaz","DR-654","EMDS Call","Medical Emergency","Vomiting","2026/03/17 09:19:18 PM","Rahim Yar Khan"
"274172","Muhammad Riaz","DR-654","EMDS Call","Medical Emergency","Unconscious","2026/03/17 09:23:25 PM","Khanpur"
"274173","Zahid Manzoor","DR-887","EMDS Call","Medical Emergency","Anxiety / Psychiatric Disorder","2026/03/17 09:24:03 PM","Rahim Yar Khan"
"274174","Bushra Saleem","MR-5701","EMDS Call","Medical Emergency","Anxiety / Psychiatric Disorder","2026/03/17 09:25:53 PM","Rahim Yar Khan"
"274175","Bushra Saleem","MR-5701","EMDS Call","Medical Emergency","Vomiting","2026/03/17 09:37:02 PM","Khanpur"
"274176","Zahid Manzoor","DR-887","EMDS Call","Medical Emergency","High Fever","2026/03/17 09:40:22 PM","Sadiqabad"
"274177","Sajid Mehmood","DR-914","EMDS Call","Medical Emergency","Vomiting","2026/03/17 09:42:11 PM","Rahim Yar Khan"
"274178","Muhammad Fiaz","DR-206","EMDS Call","Medical Emergency","Abdominal Pain","2026/03/17 09:47:31 PM","Liaqatpur"
"274179","Bushra Saleem","MR-5701","EMDS Call","Medical Emergency","Anxiety / Psychiatric Disorder","2026/03/17 09:50:21 PM","Sadiqabad"
"274180","Sajid Mehmood","DR-914","EMDS Call","Medical Emergency","Vertigo/ Dizziness","2026/03/17 10:09:25 PM","Rahim Yar Khan"
"274181","Muhammad Fiaz","DR-206","EMDS Call","Medical Emergency","Anxiety / Psychiatric Disorder","2026/03/17 10:11:46 PM","Sadiqabad"
"274182","Sajid Mehmood","DR-914","EMDS Call","Medical Emergency","Renal Disorders / Renal Colic ","2026/03/17 10:16:23 PM","Khanpur"
"274183","Zahid Manzoor","DR-887","EMDS Call","Medical Emergency","Hypertension","2026/03/17 10:16:53 PM","Rahim Yar Khan"
"274184","Sajid Mehmood","DR-914","EMDS Call","Road Crash","Minor Injuries","2026/03/17 10:25:01 PM","Liaqatpur"
"77122","Zahid Manzoor","DR-887","Direct Call","Patient Transfer Service","N/A","2026/03/17 10:26:15 PM","Sadiqabad"
"77123","Sajid Mehmood","DR-914","Direct Call","Patient Transfer Service","N/A","2026/03/17 10:36:27 PM","Khanpur"
"77124","Sajid Mehmood","DR-914","Direct Call","Patient Transfer Service","N/A","2026/03/17 10:41:25 PM","Khanpur"
"274185","Sajid Mehmood","DR-914","EMDS Call","Medical Emergency","Abdominal Pain","2026/03/17 10:45:10 PM","Rahim Yar Khan"
"274186","Zahid Manzoor","DR-887","EMDS Call","Medical Emergency","High Fever","2026/03/17 10:45:56 PM","Rahim Yar Khan"
"274187","Muhammad Fiaz","DR-206","EMDS Call","Medical Emergency","Anxiety / Psychiatric Disorder","2026/03/17 10:46:01 PM","Rahim Yar Khan"
"274188","Sajid Mehmood","DR-914","EMDS Call","Medical Emergency","Hypertension","2026/03/17 11:25:41 PM","Rahim Yar Khan"
"274189","Rana M. Usman","DR-200","EMDS Call","Medical Emergency","Abdominal Pain","2026/03/17 11:26:59 PM","Sadiqabad"
"274190","Zahid Manzoor","DR-887","EMDS Call","Medical Emergency","Abdominal Pain","2026/03/17 11:30:38 PM","Rahim Yar Khan"
"274191","Sajid Mehmood","DR-914","EMDS Call","Medical Emergency","Diabetic","2026/03/17 11:33:47 PM","Liaqatpur"
"274192","Rana M. Usman","DR-200","EMDS Call","Medical Emergency","Hypertension","2026/03/17 11:37:13 PM","Rahim Yar Khan"
"274193","Zahid Manzoor","DR-887","EMDS Call","Rescue Operations","Delivery Case","2026/03/17 11:40:45 PM","Rahim Yar Khan"
"274194","Rana M. Usman","DR-200","EMDS Call","Medical Emergency","Vertigo/ Dizziness","2026/03/18 12:01:52 AM","Rahim Yar Khan"
"274195","Zahid Manzoor","DR-887","EMDS Call","Medical Emergency","Hypertension","2026/03/18 12:04:00 AM","Rahim Yar Khan"
"274196","Sajid Mehmood","DR-914","Direct Call","Medical Emergency","High Fever","2026/03/18 12:07:24 AM","Liaqatpur"
"77125","Zahid Manzoor","DR-887","Direct Call","Patient Transfer Service","N/A","2026/03/18 12:10:25 AM","Sadiqabad"
"274197","Rana M. Usman","DR-200","EMDS Call","Medical Emergency","Chronic Illness","2026/03/18 12:16:10 AM","Rahim Yar Khan"
"274198","Sajid Mehmood","DR-914","EMDS Call","Medical Emergency","Diarrhea","2026/03/18 12:43:05 AM","Rahim Yar Khan"
"77126","Sajid Mehmood","DR-914","EMDS Call","Patient Transfer Service","N/A","2026/03/18 01:03:11 AM","Rahim Yar Khan"
"274199","Rana M. Usman","DR-200","EMDS Call","Medical Emergency","Chest Pain","2026/03/18 01:06:16 AM","Rahim Yar Khan"
"274200","Zahid Manzoor","DR-887","EMDS Call","Medical Emergency","High Fever","2026/03/18 01:06:17 AM","Liaqatpur"
"274201","Rana M. Usman","DR-200","EMDS Call","Medical Emergency","Unconscious","2026/03/18 01:08:05 AM","Khanpur"
"274202","Zahid Manzoor","DR-887","EMDS Call","Medical Emergency","High Fever","2026/03/18 01:17:50 AM","Rahim Yar Khan"
"77127","Zahid Manzoor","DR-887","Direct Call","Patient Transfer Service","N/A","2026/03/18 01:22:53 AM","Sadiqabad"
"274203","Sajid Mehmood","DR-914","EMDS Call","Medical Emergency","Abdominal Pain","2026/03/18 01:33:18 AM","Rahim Yar Khan"
"274204","Rana M. Usman","DR-200","EMDS Call","Rescue Operations","Delivery Case","2026/03/18 01:35:40 AM","Rahim Yar Khan"
"274205","Zahid Manzoor","DR-887","EMDS Call","Medical Emergency","Unconscious","2026/03/18 01:37:55 AM","Rahim Yar Khan"
"274206","Sajid Mehmood","DR-914","EMDS Call","Medical Emergency","Abdominal Pain","2026/03/18 01:44:50 AM","Rahim Yar Khan"
"274207","Rana M. Usman","DR-200","EMDS Call","Medical Emergency","SOB/ Respiratory Distress","2026/03/18 02:03:01 AM","Rahim Yar Khan"
"274208","Rana M. Usman","DR-200","EMDS Call","Medical Emergency","High Fever","2026/03/18 02:20:02 AM","Rahim Yar Khan"
"274209","Sajid Mehmood","DR-914","EMDS Call","Medical Emergency","Joints Pain","2026/03/18 02:30:13 AM","Rahim Yar Khan"
"274210","Rana M. Usman","DR-200","EMDS Call","Road Crash","Severe Trauma","2026/03/18 02:34:14 AM","Sadiqabad"
"274210","Rana M. Usman","DR-200","EMDS Call","Road Crash","Severe Trauma","2026/03/18 02:34:14 AM","Sadiqabad"
"274211","Sajid Mehmood","DR-914","EMDS Call","Medical Emergency","CVA/Stroke","2026/03/18 03:04:37 AM","Khanpur"
"274212","Sajid Mehmood","DR-914","EMDS Call","Medical Emergency","Headache","2026/03/18 03:15:38 AM","Sadiqabad"
"274213","Zahid Manzoor","DR-887","Direct Call","Medical Emergency","CVA/Stroke","2026/03/18 03:16:30 AM","Rahim Yar Khan"
"274214","Rana M. Usman","DR-200","EMDS Call","Medical Emergency","Gynae Problem","2026/03/18 03:23:28 AM","Sadiqabad"
"274215","Rana M. Usman","DR-200","EMDS Call","Medical Emergency","High Fever","2026/03/18 03:38:56 AM","Khanpur"
"274216","Bushra Saleem","MR-5701","EMDS Call","Medical Emergency","Epilepsy","2026/03/18 03:43:28 AM","Khanpur"
"274217","Sajid Mehmood","DR-914","EMDS Call","Medical Emergency","Hypertension","2026/03/18 03:56:31 AM","Rahim Yar Khan"
"274218","Bushra Saleem","MR-5701","EMDS Call","Fire","Short Circuit","2026/03/18 03:58:13 AM","Khanpur"
"274219","Bushra Saleem","MR-5701","EMDS Call","Medical Emergency","High Fever","2026/03/18 04:14:46 AM","Rahim Yar Khan"
"274220","Bushra Saleem","MR-5701","EMDS Call","Rescue Operations","Delivery Case","2026/03/18 04:22:42 AM","Khanpur"
"274221","Bushra Saleem","MR-5701","EMDS Call","Rescue Operations","Delivery Case","2026/03/18 04:30:51 AM","Khanpur"
"274222","Bushra Saleem","MR-5701","EMDS Call","Rescue Operations","Delivery Case","2026/03/18 04:37:23 AM","Rahim Yar Khan"
"274223","Bushra Saleem","MR-5701","EMDS Call","Medical Emergency","Hypertension","2026/03/18 04:52:21 AM","Sadiqabad"
"274224","Muhammad Fiaz","DR-206","EMDS Call","Medical Emergency","Unconscious","2026/03/18 04:53:11 AM","Sadiqabad"
"274225","Muhammad Fiaz","DR-206","EMDS Call","Road Crash","Severe Trauma","2026/03/18 05:20:27 AM","Khanpur"
"274226","Muhammad Fiaz","DR-206","EMDS Call","Road Crash","Multiple Fractures","2026/03/18 05:30:04 AM","Rahim Yar Khan"
"274227","Muhammad Riaz","DR-654","EMDS Call","Medical Emergency","Vomiting","2026/03/18 05:43:39 AM","Rahim Yar Khan"
"274228","Bushra Saleem","MR-5701","EMDS Call","Medical Emergency","Unconscious","2026/03/18 05:45:57 AM","Liaqatpur"
"274229","Muhammad Fiaz","DR-206","EMDS Call","Medical Emergency","Vertigo/ Dizziness","2026/03/18 05:47:58 AM","Rahim Yar Khan"
"274230","Bushra Saleem","MR-5701","Direct Call","Road Crash","Minor Injuries","2026/03/18 05:57:00 AM","Khanpur"
"77128","Bushra Saleem","MR-5701","Direct Call","Patient Transfer Service","N/A","2026/03/18 06:00:57 AM","Sadiqabad"
"274231","Muhammad Fiaz","DR-206","EMDS Call","Road Crash","Minor Injuries","2026/03/18 06:05:41 AM","Rahim Yar Khan"
"274232","Muhammad Riaz","DR-654","EMDS Call","Road Crash","Minor Injuries","2026/03/18 06:11:52 AM","Khanpur"
"77129","Bushra Saleem","MR-5701","Direct Call","Patient Transfer Service","N/A","2026/03/18 06:15:28 AM","Khanpur"
"274233","Bushra Saleem","MR-5701","EMDS Call","Road Crash","Severe Trauma","2026/03/18 06:33:41 AM","Khanpur"
"274233","Bushra Saleem","MR-5701","EMDS Call","Road Crash","Severe Trauma","2026/03/18 06:33:41 AM","Khanpur"
"274234","Muhammad Fiaz","DR-206","EMDS Call","Road Crash","Bleeding","2026/03/18 06:44:47 AM","Rahim Yar Khan"
"274235","Bushra Saleem","MR-5701","EMDS Call","Road Crash","Severe Trauma","2026/03/18 06:50:58 AM","Sadiqabad"
"274236","Muhammad Fiaz","DR-206","EMDS Call","Rescue Operations","Delivery Case","2026/03/18 06:52:05 AM","Liaqatpur"
"Not Assigned","Muhammad Riaz","DR-654","EMDS Call","Road Crash","Bleeding","2026/03/18 06:54:07 AM","Rahim Yar Khan"
"274237","Muhammad Riaz","DR-654","EMDS Call","Road Crash","Minor Injuries","2026/03/18 06:55:30 AM","Rahim Yar Khan"
"274239","Muhammad Fiaz","DR-206","EMDS Call","Medical Emergency","High Fever","2026/03/18 07:05:54 AM","Liaqatpur"
"274240","Muhammad Fiaz","DR-206","EMDS Call","Road Crash","Bleeding","2026/03/18 07:28:54 AM","Rahim Yar Khan"
"274241","Bushra Saleem","MR-5701","EMDS Call","Road Crash","Multiple Fractures","2026/03/18 07:33:53 AM","Rahim Yar Khan"
"274242","Muhammad Riaz","DR-654","EMDS Call","Medical Emergency","Hypertension","2026/03/18 07:39:29 AM","Sadiqabad"
"274243","Muhammad Fiaz","DR-206","EMDS Call","Road Crash","Minor Injuries","2026/03/18 07:48:45 AM","Sadiqabad"
"274244","Muhammad Riaz","DR-654","EMDS Call","Medical Emergency","Abdominal Pain","2026/03/18 07:51:33 AM","Khanpur"
"274245","Muhammad Fiaz","DR-206","EMDS Call","Road Crash","Bleeding","2026/03/18 07:57:54 AM","Rahim Yar Khan"
"274246","Farah Sadaqat","MR-5930","EMDS Call","Rescue Operations","Delivery Case","2026/03/18 07:58:08 AM","Sadiqabad"
"274247","Saira Bibi","MR-5494","EMDS Call","Road Crash","Minor Injuries","2026/03/18 08:05:48 AM","Rahim Yar Khan"
"274248","Saira Bibi","MR-5494","EMDS Call","Medical Emergency","Joints Pain","2026/03/18 08:13:07 AM","Rahim Yar Khan"
"274249","Mureed Abbas","DR-900","EMDS Call","Road Crash","Multiple Fractures","2026/03/18 08:19:33 AM","Rahim Yar Khan"
"274249","Mureed Abbas","DR-900","EMDS Call","Road Crash","Multiple Fractures","2026/03/18 08:19:33 AM","Rahim Yar Khan"
"274249","Mureed Abbas","DR-900","EMDS Call","Road Crash","Multiple Fractures","2026/03/18 08:19:33 AM","Rahim Yar Khan"
"274250","Saira Bibi","MR-5494","EMDS Call","Medical Emergency","Hypertension","2026/03/18 08:22:30 AM","Sadiqabad"
"274252","Saira Bibi","MR-5494","Direct Call","Rescue Operations","Mass Event Coverage","2026/03/18 08:25:17 AM","Rahim Yar Khan"
"274251","Mureed Abbas","DR-900","Direct Call","Rescue Operations","Mass Event Coverage","2026/03/18 08:25:02 AM","Rahim Yar Khan"
"274253","Farah Sadaqat","MR-5930","EMDS Call","Medical Emergency","Vomiting","2026/03/18 08:39:36 AM","Sadiqabad"
"77130","Mureed Abbas","DR-900","Direct Call","Patient Transfer Service","N/A","2026/03/18 08:46:06 AM","Liaqatpur"
"274254","Farah Sadaqat","MR-5930","EMDS Call","Medical Emergency","Diarrhea","2026/03/18 08:49:55 AM","Rahim Yar Khan"
"274255","Saira Bibi","MR-5494","EMDS Call","Medical Emergency","Vomiting","2026/03/18 08:53:23 AM","Sadiqabad"
"77131","Saira Bibi","MR-5494","Direct Call","Patient Transfer Service","N/A","2026/03/18 09:00:57 AM","Liaqatpur"
"274256","Mureed Abbas","DR-900","EMDS Call","Medical Emergency","CVA/Stroke","2026/03/18 09:02:02 AM","Liaqatpur"
"Not Assigned","Farah Sadaqat","MR-5930","Direct Call","Industrial Inspection","Industrial Inspection","2026/03/18 09:03:20 AM","Khanpur"
"274257","Saira Bibi","MR-5494","EMDS Call","Medical Emergency","High Fever","2026/03/18 09:05:32 AM","Liaqatpur"
"274258","Saira Bibi","MR-5494","EMDS Call","Road Crash","Minor Injuries","2026/03/18 09:15:34 AM","Rahim Yar Khan"
"274259","Mureed Abbas","DR-900","EMDS Call","Medical Emergency","SOB/ Respiratory Distress","2026/03/18 09:18:26 AM","Khanpur"
"274260","Farah Sadaqat","MR-5930","EMDS Call","Medical Emergency","Diarrhea","2026/03/18 09:29:11 AM","Sadiqabad"
"274261","Shahid Jamil","DR-184","EMDS Call","Medical Emergency","Diabetic","2026/03/18 09:30:03 AM","Khanpur"
"274262","Mureed Abbas","DR-900","EMDS Call","Medical Emergency","Vomiting","2026/03/18 09:32:49 AM","Liaqatpur"
"274263","Shahid Jamil","DR-184","EMDS Call","Medical Emergency","Joints Pain","2026/03/18 09:37:43 AM","Rahim Yar Khan"
"274264","Saira Bibi","MR-5494","EMDS Call","Medical Emergency","High Fever","2026/03/18 09:38:44 AM","Rahim Yar Khan"
"77132","Farah Sadaqat","MR-5930","Direct Call","Patient Transfer Service","N/A","2026/03/18 09:41:33 AM","Khanpur"
"77133","Saira Bibi","MR-5494","Direct Call","Patient Transfer Service","N/A","2026/03/18 09:43:36 AM","Khanpur"
"274265","Farah Sadaqat","MR-5930","EMDS Call","Medical Emergency","Abdominal Pain","2026/03/18 09:41:46 AM","Rahim Yar Khan"
"274266","Shahid Jamil","DR-184","EMDS Call","Medical Emergency","SOB/ Respiratory Distress","2026/03/18 10:07:50 AM","Liaqatpur"
"274267","Farah Sadaqat","MR-5930","EMDS Call","Road Crash","Minor Injuries","2026/03/18 10:17:02 AM","Rahim Yar Khan"
"274269","Shahid Jamil","DR-184","Direct Call","Medical Emergency","Vomiting","2026/03/18 10:22:01 AM","Rahim Yar Khan"
"274268","Maheen Tahir","MR-6017","EMDS Call","Medical Emergency","Diabetic","2026/03/18 10:22:14 AM","Sadiqabad"
"274270","Mureed Abbas","DR-900","EMDS Call","Medical Emergency","CVA/Stroke","2026/03/18 10:26:42 AM","Rahim Yar Khan"
"77134","Farah Sadaqat","MR-5930","Direct Call","Patient Transfer Service","N/A","2026/03/18 10:37:45 AM","Liaqatpur"
"77135","Maheen Tahir","MR-6017","Direct Call","Patient Transfer Service","N/A","2026/03/18 10:40:24 AM","Sadiqabad"
"274271","Mureed Abbas","DR-900","EMDS Call","Medical Emergency","Hypertension","2026/03/18 10:48:40 AM","Sadiqabad"
"274272","Imran Anjum","DR-204","EMDS Call","Rescue Operations","Delivery Case","2026/03/18 10:51:27 AM","Sadiqabad"
"274273","Maheen Tahir","MR-6017","EMDS Call","Medical Emergency","Anxiety / Psychiatric Disorder","2026/03/18 11:07:33 AM","Sadiqabad"
"274274","Imran Anjum","DR-204","EMDS Call","Medical Emergency","SOB/ Respiratory Distress","2026/03/18 11:08:14 AM","Sadiqabad"
"274275","Saqib Nasim","DR-197","EMDS Call","Medical Emergency","SOB/ Respiratory Distress","2026/03/18 11:14:07 AM","Rahim Yar Khan"
"274276","Mureed Abbas","DR-900","EMDS Call","Medical Emergency","SOB/ Respiratory Distress","2026/03/18 11:14:31 AM","Rahim Yar Khan"
"274277","Imran Anjum","DR-204","EMDS Call","Medical Emergency","Abdominal Pain","2026/03/18 11:21:14 AM","Sadiqabad"
"274278","Mureed Abbas","DR-900","EMDS Call","Road Crash","Severe Trauma","2026/03/18 11:23:28 AM","Khanpur"
"274279","Maheen Tahir","MR-6017","EMDS Call","Medical Emergency","Hypertension","2026/03/18 11:25:12 AM","Khanpur"
"274280","Saqib Nasim","DR-197","EMDS Call","Medical Emergency","Gynae Problem","2026/03/18 11:38:01 AM","Khanpur"
"77136","Saira Bibi","MR-5494","Direct Call","Patient Transfer Service","N/A","2026/03/18 11:40:59 AM","Sadiqabad"
"Not Assigned","Imran Anjum","DR-204","EMDS Call","Medical Emergency","Others","2026/03/18 11:49:24 AM","Rahim Yar Khan"
"274282","Saqib Nasim","DR-197","EMDS Call","Medical Emergency","Anxiety / Psychiatric Disorder","2026/03/18 11:59:15 AM","Sadiqabad"
"274283","Shahla Nawaz","DR-185","EMDS Call","Road Crash","Minor Injuries","2026/03/18 12:03:26 PM","Rahim Yar Khan"
"Not Assigned","Shahla Nawaz","DR-185","EMDS Call","Medical Emergency","Abdominal Pain","2026/03/18 12:16:39 PM","Rahim Yar Khan"
"274284","Saqib Nasim","DR-197","EMDS Call","Medical Emergency","Joints Pain","2026/03/18 12:30:41 PM","Sadiqabad"
"274285","Shahla Nawaz","DR-185","EMDS Call","Road Crash","Minor Injuries","2026/03/18 12:31:05 PM","Khanpur"
"274286","Saira Bibi","MR-5494","EMDS Call","Medical Emergency","Chest Pain","2026/03/18 12:32:00 PM","Sadiqabad"
"274287","Saqib Nasim","DR-197","EMDS Call","Medical Emergency","Vomiting","2026/03/18 12:51:40 PM","Liaqatpur"
"274288","Saira Bibi","MR-5494","Direct Call","Medical Emergency","Anxiety / Psychiatric Disorder","2026/03/18 12:56:10 PM","Rahim Yar Khan"
"274289","Saqib Nasim","DR-197","EMDS Call","Medical Emergency","Unconscious","2026/03/18 12:58:56 PM","Rahim Yar Khan"
"274291","Saqib Nasim","DR-197","EMDS Call","Medical Emergency","Joints Pain","2026/03/18 01:13:28 PM","Rahim Yar Khan"
"274290","Shahla Nawaz","DR-185","EMDS Call","Medical Emergency","Abdominal Pain","2026/03/18 01:13:00 PM","Rahim Yar Khan"
"274292","Saira Bibi","MR-5494","EMDS Call","Medical Emergency","Diarrhea","2026/03/18 01:24:46 PM","Liaqatpur"
"274293","Saira Bibi","MR-5494","EMDS Call","Road Crash","Bleeding","2026/03/18 01:27:35 PM","Rahim Yar Khan"
"274294","Saqib Nasim","DR-197","EMDS Call","Medical Emergency","SOB/ Respiratory Distress","2026/03/18 01:41:36 PM","Rahim Yar Khan"
"274295","Saqib Nasim","DR-197","EMDS Call","Medical Emergency","Epilepsy","2026/03/18 01:55:54 PM","Liaqatpur"
"274296","Shahla Nawaz","DR-185","EMDS Call","Road Crash","Severe Trauma","2026/03/18 01:56:12 PM","Rahim Yar Khan"
"274297","Aasia Batool","MR-5198","EMDS Call","Road Crash","Severe Trauma","2026/03/18 02:21:40 PM","Khanpur"
"274297","Aasia Batool","MR-5198","EMDS Call","Road Crash","Severe Trauma","2026/03/18 02:21:40 PM","Khanpur"
"274298","Fahad Hussain","DR-538","EMDS Call","Medical Emergency","Backache","2026/03/18 02:36:29 PM","Rahim Yar Khan"
"274299","Aasia Batool","MR-5198","EMDS Call","Medical Emergency","Chronic Illness","2026/03/18 02:39:08 PM","Rahim Yar Khan"
"274300","Fahad Hussain","DR-538","EMDS Call","Medical Emergency","Diabetic","2026/03/18 02:39:50 PM","Sadiqabad"
"274301","Aasia Batool","MR-5198","EMDS Call","Road Crash","Minor Injuries","2026/03/18 02:48:07 PM","Khanpur"
"274302","Fahad Hussain","DR-538","EMDS Call","Medical Emergency","Domestic Injuries","2026/03/18 02:48:53 PM","Rahim Yar Khan"
"274303","Aasia Batool","MR-5198","EMDS Call","Medical Emergency","Abdominal Pain","2026/03/18 02:51:46 PM","Rahim Yar Khan"
"274304","Aasia Batool","MR-5198","EMDS Call","Medical Emergency","CVA/Stroke","2026/03/18 02:57:56 PM","Liaqatpur"
"77137","Nida Rahat","DR-1322","Direct Call","Patient Transfer Service","N/A","2026/03/18 03:02:48 PM","Sadiqabad"
"274305","Aasia Batool","MR-5198","EMDS Call","Medical Emergency","Hypertension","2026/03/18 03:04:15 PM","Rahim Yar Khan"
"274306","Fahad Hussain","DR-538","EMDS Call","Medical Emergency","Diabetic","2026/03/18 03:07:06 PM","Liaqatpur"
"77138","Fahad Hussain","DR-538","Direct Call","Patient Transfer Service","N/A","2026/03/18 03:10:56 PM","Sadiqabad"
"77139","Nida Rahat","DR-1322","Direct Call","Patient Transfer Service","N/A","2026/03/18 03:17:20 PM","Sadiqabad"
"274307","Aasia Batool","MR-5198","EMDS Call","Medical Emergency","Anxiety / Psychiatric Disorder","2026/03/18 03:14:40 PM","Sadiqabad"
"274308","Saima Bashir","MR-5819","EMDS Call","Medical Emergency","Hypertension","2026/03/18 03:23:17 PM","Sadiqabad"
"274309","Saima Bashir","MR-5819","EMDS Call","Medical Emergency","Abdominal Pain","2026/03/18 03:49:37 PM","Liaqatpur"
"77140","Nida Rahat","DR-1322","Direct Call","Patient Transfer Service","N/A","2026/03/18 03:52:58 PM","Khanpur"
"274310","Zia ul Haq","DR-328","EMDS Call","Road Crash","Minor Injuries","2026/03/18 03:51:51 PM","Rahim Yar Khan"
"274311","Nida Rahat","DR-1322","EMDS Call","Road Crash","Bleeding","2026/03/18 03:58:56 PM","Khanpur"
"274312","Aasia Batool","MR-5198","EMDS Call","Medical Emergency","Joints Pain","2026/03/18 03:59:42 PM","Liaqatpur"
"274313","Zia ul Haq","DR-328","EMDS Call","Medical Emergency","Hypertension","2026/03/18 04:06:17 PM","Sadiqabad"
"274314","Saima Bashir","MR-5819","EMDS Call","Medical Emergency","Joints Pain","2026/03/18 04:08:29 PM","Rahim Yar Khan"
"274315","Muhammad ALi","DR-818","EMDS Call","Medical Emergency","Vertigo/ Dizziness","2026/03/18 04:09:56 PM","Rahim Yar Khan"
"274316","Saima Bashir","MR-5819","EMDS Call","Medical Emergency","SOB/ Respiratory Distress","2026/03/18 04:12:52 PM","Khanpur"
"274317","Nida Rahat","DR-1322","EMDS Call","Medical Emergency","Joints Pain","2026/03/18 04:15:30 PM","Sadiqabad"
"274318","Saima Bashir","MR-5819","EMDS Call","Medical Emergency","High Fever","2026/03/18 04:17:57 PM","Rahim Yar Khan"
"274319","Zia ul Haq","DR-328","EMDS Call","Crime","Physical Assault/Violence","2026/03/18 04:21:24 PM","Rahim Yar Khan"
"274320","Zia ul Haq","DR-328","EMDS Call","Medical Emergency","Diabetic","2026/03/18 04:27:58 PM","Sadiqabad"
"274321","Muhammad ALi","DR-818","EMDS Call","Medical Emergency","Vomiting","2026/03/18 04:50:22 PM","Sadiqabad"
"77141","Saima Bashir","MR-5819","Direct Call","Patient Transfer Service","N/A","2026/03/18 04:54:13 PM","Sadiqabad"
"77142","Aasia Batool","MR-5198","Direct Call","Patient Transfer Service","N/A","2026/03/18 04:59:55 PM","Sadiqabad"
"274322","Zia ul Haq","DR-328","EMDS Call","Medical Emergency","Abdominal Pain","2026/03/18 05:00:11 PM","Rahim Yar Khan"
"77143","Zia ul Haq","DR-328","EMDS Call","Patient Transfer Service","N/A","2026/03/18 05:08:27 PM","Khanpur"
"274323","Saima Bashir","MR-5819","EMDS Call","Medical Emergency","Vomiting","2026/03/18 05:15:51 PM","Sadiqabad"
"77144","Nida Rahat","DR-1322","Direct Call","Patient Transfer Service","N/A","2026/03/18 05:19:23 PM","Liaqatpur"
"77145","Nida Rahat","DR-1322","Direct Call","Patient Transfer Service","N/A","2026/03/18 05:23:45 PM","Liaqatpur"
"274324","Nida Rahat","DR-1322","EMDS Call","Medical Emergency","Chest Pain","2026/03/18 05:29:57 PM","Rahim Yar Khan"
"274325","Fahad Hussain","DR-538","EMDS Call","Medical Emergency","Epilepsy","2026/03/18 05:36:17 PM","Rahim Yar Khan"
"274326","Nida Rahat","DR-1322","EMDS Call","Road Crash","Bleeding","2026/03/18 05:45:16 PM","Sadiqabad"
"274327","Nida Rahat","DR-1322","EMDS Call","Road Crash","Multiple Fractures","2026/03/18 05:53:20 PM","Rahim Yar Khan"
"274328","Saima Bashir","MR-5819","EMDS Call","Medical Emergency","Epilepsy","2026/03/18 05:54:56 PM","Liaqatpur"
"274329","Muhammad ALi","DR-818","EMDS Call","Medical Emergency","SOB/ Respiratory Distress","2026/03/18 05:56:07 PM","Khanpur"
"274330","Saima Bashir","MR-5819","EMDS Call","Medical Emergency","Anxiety / Psychiatric Disorder","2026/03/18 06:12:38 PM","Rahim Yar Khan"
"274332","Muhammad ALi","DR-818","EMDS Call","Medical Emergency","Joints Pain","2026/03/18 06:27:41 PM","Rahim Yar Khan"
"274331","Saima Bashir","MR-5819","EMDS Call","Road Crash","Bleeding","2026/03/18 06:27:22 PM","Rahim Yar Khan"
"274333","Aasia Batool","MR-5198","EMDS Call","Medical Emergency","Anxiety / Psychiatric Disorder","2026/03/18 06:35:23 PM","Khanpur"
"274334","Muhammad ALi","DR-818","EMDS Call","Medical Emergency","Anxiety / Psychiatric Disorder","2026/03/18 06:36:43 PM","Khanpur"
"274335","Aasia Batool","MR-5198","Direct Call","Medical Emergency","Renal Disorders / Renal Colic ","2026/03/18 06:45:44 PM","Rahim Yar Khan"
"274336","Saima Bashir","MR-5819","EMDS Call","Road Crash","Bleeding","2026/03/18 06:51:12 PM","Rahim Yar Khan"
"274337","Muhammad ALi","DR-818","EMDS Call","Crime","Physical Assault/Violence","2026/03/18 07:02:13 PM","Khanpur"
"274338","Fahad Hussain","DR-538","EMDS Call","Medical Emergency","Chronic Illness","2026/03/18 07:16:27 PM","Liaqatpur"
"274339","Fahad Hussain","DR-538","EMDS Call","Medical Emergency","Anxiety / Psychiatric Disorder","2026/03/18 07:21:05 PM","Rahim Yar Khan"
"274340","Aasia Batool","MR-5198","EMDS Call","Road Crash","Bleeding","2026/03/18 07:22:35 PM","Sadiqabad"
"274341","Fahad Hussain","DR-538","EMDS Call","Road Crash","Bleeding","2026/03/18 07:22:56 PM","Liaqatpur"
"274342","Nida Rahat","DR-1322","EMDS Call","Medical Emergency","SOB/ Respiratory Distress","2026/03/18 07:23:08 PM","Liaqatpur"
"274343","Aasia Batool","MR-5198","EMDS Call","Medical Emergency","Anxiety / Psychiatric Disorder","2026/03/18 07:25:24 PM","Khanpur"
"274344","Nida Rahat","DR-1322","EMDS Call","Road Crash","Bleeding","2026/03/18 07:29:27 PM","Rahim Yar Khan"
"274345","Nida Rahat","DR-1322","EMDS Call","Medical Emergency","Diabetic","2026/03/18 07:33:58 PM","Sadiqabad"
"274346","Aasia Batool","MR-5198","EMDS Call","Road Crash","Bleeding","2026/03/18 07:36:35 PM","Sadiqabad"
"274347","Nida Rahat","DR-1322","EMDS Call","Medical Emergency","Epilepsy","2026/03/18 07:44:48 PM","Khanpur"
"274348","Aasia Batool","MR-5198","EMDS Call","Medical Emergency","Hypertension","2026/03/18 07:54:27 PM","Rahim Yar Khan"
"274349","Saima Bashir","MR-5819","EMDS Call","Road Crash","Severe Trauma","2026/03/18 07:55:47 PM","Rahim Yar Khan"
"274349","Saima Bashir","MR-5819","EMDS Call","Road Crash","Severe Trauma","2026/03/18 07:55:47 PM","Rahim Yar Khan"
"274351","Nida Rahat","DR-1322","EMDS Call","Medical Emergency","SOB/ Respiratory Distress","2026/03/18 08:08:14 PM","Khanpur"
"274350","Saima Bashir","MR-5819","EMDS Call","Medical Emergency","Domestic Injuries","2026/03/18 08:11:11 PM","Rahim Yar Khan"
"274352","Saima Bashir","MR-5819","EMDS Call","Medical Emergency","Epilepsy","2026/03/18 08:26:21 PM","Rahim Yar Khan"
"274353","Nida Rahat","DR-1322","EMDS Call","Fall","Slipped On Floor","2026/03/18 08:27:18 PM","Rahim Yar Khan"
"274354","Fahad Hussain","DR-538","EMDS Call","Road Crash","Minor Injuries","2026/03/18 08:35:07 PM","Rahim Yar Khan"
"274355","Fahad Hussain","DR-538","EMDS Call","Medical Emergency","Chest Pain","2026/03/18 08:37:09 PM","Khanpur"
"274356","Nida Rahat","DR-1322","EMDS Call","Medical Emergency","Anxiety / Psychiatric Disorder","2026/03/18 08:39:42 PM","Sadiqabad"
"77146","Nida Rahat","DR-1322","Direct Call","Patient Transfer Service","N/A","2026/03/18 08:43:55 PM","Liaqatpur"
"274357","Nida Rahat","DR-1322","EMDS Call","Medical Emergency","SOB/ Respiratory Distress","2026/03/18 08:45:25 PM","Sadiqabad"
"274358","Muhammad Fiaz","DR-206","EMDS Call","Medical Emergency","Unconscious","2026/03/18 08:48:35 PM","Sadiqabad"
"77147","Zupasha Zia","MR-5758","Direct Call","Patient Transfer Service","N/A","2026/03/18 08:50:52 PM","Khanpur"
"77148","Bushra Saleem","MR-5701","Direct Call","Patient Transfer Service","N/A","2026/03/18 08:55:56 PM","Liaqatpur"
"274359","Zupasha Zia","MR-5758","EMDS Call","Medical Emergency","Domestic Injuries","2026/03/18 08:56:19 PM","Sadiqabad"
"274360","Bushra Saleem","MR-5701","EMDS Call","Medical Emergency","Hypertension","2026/03/18 08:57:58 PM","Rahim Yar Khan"
"274361","Bushra Saleem","MR-5701","EMDS Call","Medical Emergency","Anxiety / Psychiatric Disorder","2026/03/18 09:07:15 PM","Rahim Yar Khan"
"Not Assigned","Zupasha Zia","MR-5758","Direct Call","Patient Transfer Service","N/A","2026/03/18 09:18:15 PM","Rahim Yar Khan"
"274362","Bushra Saleem","MR-5701","EMDS Call","Medical Emergency","Hypertension","2026/03/18 09:25:43 PM","Rahim Yar Khan"
"274363","Muhammad Fiaz","DR-206","EMDS Call","Medical Emergency","Joints Pain","2026/03/18 09:26:56 PM","Rahim Yar Khan"
"274364","Bushra Saleem","MR-5701","EMDS Call","Road Crash","Bleeding","2026/03/18 09:47:25 PM","Rahim Yar Khan"
"274365","Zupasha Zia","MR-5758","EMDS Call","Medical Emergency","Vomiting","2026/03/18 09:50:22 PM","Rahim Yar Khan"
"77150","Muhammad Fiaz","DR-206","Direct Call","Patient Transfer Service","N/A","2026/03/18 09:53:08 PM","Sadiqabad"
"274366","Bushra Saleem","MR-5701","EMDS Call","Medical Emergency","Anxiety / Psychiatric Disorder","2026/03/18 09:52:08 PM","Khanpur"
"77151","Muhammad Fiaz","DR-206","Direct Call","Patient Transfer Service","N/A","2026/03/18 10:00:39 PM","Sadiqabad"
"274367","Bushra Saleem","MR-5701","EMDS Call","Medical Emergency","Anxiety / Psychiatric Disorder","2026/03/18 09:59:06 PM","Sadiqabad"
"274368","Muhammad Fiaz","DR-206","EMDS Call","Medical Emergency","CVA/Stroke","2026/03/18 10:00:46 PM","Rahim Yar Khan"
"77152","Zupasha Zia","MR-5758","Direct Call","Patient Transfer Service","N/A","2026/03/18 10:03:10 PM","Khanpur"
"274369","Zupasha Zia","MR-5758","EMDS Call","Medical Emergency","Anxiety / Psychiatric Disorder","2026/03/18 10:04:23 PM","Sadiqabad"
"274370","Zupasha Zia","MR-5758","EMDS Call","Medical Emergency","SOB/ Respiratory Distress","2026/03/18 10:13:35 PM","Sadiqabad"
"77153","Muhammad Fiaz","DR-206","Direct Call","Patient Transfer Service","N/A","2026/03/18 10:28:00 PM","Sadiqabad"
"274371","Zupasha Zia","MR-5758","EMDS Call","Medical Emergency","Abdominal Pain","2026/03/18 10:32:28 PM","Rahim Yar Khan"
"274372","Bushra Saleem","MR-5701","EMDS Call","Medical Emergency","SOB/ Respiratory Distress","2026/03/18 10:37:50 PM","Sadiqabad"
"274373","Muhammad Abid","DR-874","EMDS Call","Road Crash","Bleeding","2026/03/18 11:00:23 PM","Khanpur"
"274374","Rana M. Usman","DR-200","EMDS Call","Medical Emergency","Anxiety / Psychiatric Disorder","2026/03/18 11:26:16 PM","Liaqatpur"
"274375","Rana M. Usman","DR-200","EMDS Call","Medical Emergency","Chronic Illness","2026/03/18 11:32:50 PM","Rahim Yar Khan"
"274376","Muhammad Fiaz","DR-206","EMDS Call","Road Crash","Severe Trauma","2026/03/18 11:34:54 PM","Khanpur"
"274377","Rana M. Usman","DR-200","EMDS Call","Rescue Operations","Delivery Case","2026/03/18 11:46:29 PM","Rahim Yar Khan"
"274378","Muhammad Fiaz","DR-206","EMDS Call","Medical Emergency","Vomiting","2026/03/18 11:47:08 PM","Liaqatpur"
"274379","Muhammad Abid","DR-874","EMDS Call","Medical Emergency","Hypotension","2026/03/18 11:59:49 PM","Khanpur"
"274380","Muhammad Fiaz","DR-206","EMDS Call","Medical Emergency","Chest Pain","2026/03/19 12:05:44 AM","Rahim Yar Khan"
"274381","Rana M. Usman","DR-200","EMDS Call","Medical Emergency","SOB/ Respiratory Distress","2026/03/19 12:23:03 AM","Rahim Yar Khan"
"274382","Muhammad Abid","DR-874","EMDS Call","Medical Emergency","Hypertension","2026/03/19 12:29:26 AM","Rahim Yar Khan"
"274383","Muhammad Fiaz","DR-206","EMDS Call","Medical Emergency","Hypertension","2026/03/19 12:33:14 AM","Rahim Yar Khan"
"274384","Muhammad Abid","DR-874","EMDS Call","Medical Emergency","Diabetic","2026/03/19 01:04:04 AM","Rahim Yar Khan"
"274385","Muhammad Fiaz","DR-206","EMDS Call","Medical Emergency","Unconscious","2026/03/19 01:06:11 AM","Liaqatpur"
"274386","Rana M. Usman","DR-200","EMDS Call","Medical Emergency","Hypertension","2026/03/19 01:22:49 AM","Rahim Yar Khan"
"274387","Rana M. Usman","DR-200","EMDS Call","Rescue Operations","Delivery Case","2026/03/19 01:33:04 AM","Rahim Yar Khan"
"77154","Muhammad Fiaz","DR-206","Direct Call","Patient Transfer Service","N/A","2026/03/19 01:49:05 AM","Khanpur"
"77155","Rana M. Usman","DR-200","Direct Call","Patient Transfer Service","N/A","2026/03/19 01:50:05 AM","Liaqatpur"
"274388","Muhammad Fiaz","DR-206","EMDS Call","Medical Emergency","Headache","2026/03/19 01:56:50 AM","Rahim Yar Khan"
"77156","Rana M. Usman","DR-200","Direct Call","Patient Transfer Service","N/A","2026/03/19 02:01:05 AM","Liaqatpur"
"274389","Shahid Jamil","DR-184","EMDS Call","Medical Emergency","Hypertension","2026/03/19 02:16:01 AM","Rahim Yar Khan"
"274390","Muhammad Fiaz","DR-206","EMDS Call","Medical Emergency","Abdominal Pain","2026/03/19 02:26:18 AM","Rahim Yar Khan"
"274391","Shahid Jamil","DR-184","EMDS Call","Medical Emergency","Abdominal Pain","2026/03/19 02:35:02 AM","Rahim Yar Khan"
"77157","Shaheen Islam","DR-1171","Direct Call","Patient Transfer Service","N/A","2026/03/19 03:35:23 AM","Khanpur"
"77158","Zupasha Zia","MR-5758","Direct Call","Patient Transfer Service","N/A","2026/03/19 03:48:07 AM","Khanpur"
"274392","Zupasha Zia","MR-5758","EMDS Call","Medical Emergency","Gynae Problem","2026/03/19 03:59:34 AM","Khanpur"
"274393","Bushra Saleem","MR-5701","EMDS Call","Medical Emergency","Abdominal Pain","2026/03/19 04:10:28 AM","Khanpur"
"274394","Shaheen Islam","DR-1171","EMDS Call","Medical Emergency","Abdominal Pain","2026/03/19 04:31:05 AM","Rahim Yar Khan"
"274395","Shaheen Islam","DR-1171","EMDS Call","Medical Emergency","Joints Pain","2026/03/19 04:35:27 AM","Rahim Yar Khan"
"274396","Zupasha Zia","MR-5758","EMDS Call","Medical Emergency","SOB/ Respiratory Distress","2026/03/19 04:44:39 AM","Rahim Yar Khan"
"274397","Shaheen Islam","DR-1171","EMDS Call","Road Crash","Bleeding","2026/03/19 04:53:34 AM","Liaqatpur"
"274399","Zupasha Zia","MR-5758","EMDS Call","Medical Emergency","Joints Pain","2026/03/19 05:26:13 AM","Rahim Yar Khan"
"274398","Bushra Saleem","MR-5701","EMDS Call","Medical Emergency","Abdominal Pain","2026/03/19 05:27:30 AM","Khanpur"
"274400","Zupasha Zia","MR-5758","EMDS Call","Medical Emergency","Chronic Illness","2026/03/19 05:45:33 AM","Rahim Yar Khan"
"274401","Zupasha Zia","MR-5758","EMDS Call","Medical Emergency","High Fever","2026/03/19 05:57:32 AM","Liaqatpur"
"274402","Zupasha Zia","MR-5758","EMDS Call","Medical Emergency","CVA/Stroke","2026/03/19 06:16:11 AM","Sadiqabad"
"274403","Bushra Saleem","MR-5701","EMDS Call","Medical Emergency","Hypertension","2026/03/19 06:30:27 AM","Rahim Yar Khan"
"274404","Shaheen Islam","DR-1171","EMDS Call","Medical Emergency","Renal Disorders / Renal Colic ","2026/03/19 07:02:27 AM","Liaqatpur"
"274405","Bushra Saleem","MR-5701","EMDS Call","Medical Emergency","Abdominal Pain","2026/03/19 07:07:00 AM","Sadiqabad"
"274406","Shaheen Islam","DR-1171","EMDS Call","Medical Emergency","Vomiting","2026/03/19 07:10:47 AM","Rahim Yar Khan"
"274407","Bushra Saleem","MR-5701","EMDS Call","Medical Emergency","Vomiting","2026/03/19 07:35:24 AM","Rahim Yar Khan"
"274408","Shaheen Islam","DR-1171","EMDS Call","Medical Emergency","Hypertension","2026/03/19 07:41:58 AM","Liaqatpur"
"274409","Bushra Saleem","MR-5701","EMDS Call","Medical Emergency","Chronic Illness","2026/03/19 07:44:54 AM","Khanpur"
"274410","Shahla Nawaz","DR-185","EMDS Call","Medical Emergency","SOB/ Respiratory Distress","2026/03/19 08:15:53 AM","Liaqatpur"
"274411","Shahla Nawaz","DR-185","EMDS Call","Medical Emergency","Unconscious","2026/03/19 08:29:56 AM","Liaqatpur"
"77159","Nida Rahat","DR-1322","Direct Call","Patient Transfer Service","N/A","2026/03/19 08:40:52 AM","Sadiqabad"
"274412","Muhammad Zahid","DR-888","EMDS Call","Medical Emergency","Vomiting","2026/03/19 08:55:12 AM","Rahim Yar Khan"
"274413","Maheen Tahir","MR-6017","EMDS Call","Medical Emergency","Chest Pain","2026/03/19 08:56:49 AM","Rahim Yar Khan"
"274414","Shahla Nawaz","DR-185","EMDS Call","Medical Emergency","Unconscious","2026/03/19 08:56:45 AM","Rahim Yar Khan"
"274415","Maheen Tahir","MR-6017","EMDS Call","Medical Emergency","Chronic Illness","2026/03/19 09:10:18 AM","Sadiqabad"
"274416","Muhammad Zahid","DR-888","EMDS Call","Road Crash","Minor Injuries","2026/03/19 09:14:24 AM","Rahim Yar Khan"
"274417","Nida Rahat","DR-1322","EMDS Call","Medical Emergency","Hypertension","2026/03/19 09:19:04 AM","Rahim Yar Khan"
"274418","Muhammad Abid","DR-874","EMDS Call","Medical Emergency","Hypotension","2026/03/19 09:25:34 AM","Liaqatpur"
"274419","Shahla Nawaz","DR-185","EMDS Call","Medical Emergency","Hypertension","2026/03/19 09:25:54 AM","Sadiqabad"
"274420","Muhammad Zahid","DR-888","EMDS Call","Road Crash","Minor Injuries","2026/03/19 09:33:42 AM","Rahim Yar Khan"
"274422","Muhammad Abid","DR-874","EMDS Call","Medical Emergency","SOB/ Respiratory Distress","2026/03/19 09:34:23 AM","Sadiqabad"
"77160","Shahla Nawaz","DR-185","Direct Call","Patient Transfer Service","N/A","2026/03/19 09:36:32 AM","Sadiqabad"
"274421","Shahla Nawaz","DR-185","EMDS Call","Medical Emergency","SOB/ Respiratory Distress","2026/03/19 09:40:10 AM","Rahim Yar Khan"
"274423","Nida Rahat","DR-1322","EMDS Call","Road Crash","Bleeding","2026/03/19 09:40:24 AM","Rahim Yar Khan"
"274424","Muhammad Zahid","DR-888","EMDS Call","Medical Emergency","Joints Pain","2026/03/19 09:41:50 AM","Rahim Yar Khan"
"274425","Shahla Nawaz","DR-185","EMDS Call","Fall","Fall From Stairs","2026/03/19 09:44:35 AM","Rahim Yar Khan"
"274426","Shahla Nawaz","DR-185","EMDS Call","Medical Emergency","Joints Pain","2026/03/19 09:56:00 AM","Khanpur"
"77161","Muhammad Abid","DR-874","Direct Call","Patient Transfer Service","N/A","2026/03/19 09:59:43 AM","Liaqatpur"
"274427","Shahla Nawaz","DR-185","EMDS Call","Crime","Physical Assault/Violence","2026/03/19 10:13:35 AM","Rahim Yar Khan"
"77162","Muhammad Abid","DR-874","Direct Call","Patient Transfer Service","N/A","2026/03/19 10:17:47 AM","Khanpur"
"77163","Shahla Nawaz","DR-185","Direct Call","Patient Transfer Service","N/A","2026/03/19 10:25:23 AM","Khanpur"
"274428","Nida Rahat","DR-1322","EMDS Call","Rescue Operations","Electric Shock","2026/03/19 10:26:38 AM","Rahim Yar Khan"
"274429","Muhammad Abid","DR-874","EMDS Call","Medical Emergency","Anxiety / Psychiatric Disorder","2026/03/19 10:29:48 AM","Sadiqabad"
"274430","Shahla Nawaz","DR-185","EMDS Call","Fall","Slipped On Floor","2026/03/19 10:34:41 AM","Rahim Yar Khan"
"274431","Nida Rahat","DR-1322","EMDS Call","Road Crash","Severe Trauma","2026/03/19 10:37:17 AM","Khanpur"
"274432","Shahla Nawaz","DR-185","EMDS Call","Medical Emergency","High Fever","2026/03/19 10:42:05 AM","Rahim Yar Khan"
"274433","Maheen Tahir","MR-6017","EMDS Call","Medical Emergency","CVA/Stroke","2026/03/19 10:53:20 AM","Rahim Yar Khan"
"274434","Saira Bibi","MR-5494","EMDS Call","Road Crash","Minor Injuries","2026/03/19 10:59:32 AM","Rahim Yar Khan"
"274435","Nida Rahat","DR-1322","Direct Call","Medical Emergency","Joints Pain","2026/03/19 11:03:54 AM","Rahim Yar Khan"
"274436","Saira Bibi","MR-5494","EMDS Call","Road Crash","Bleeding","2026/03/19 11:04:31 AM","Khanpur"
"274436","Saira Bibi","MR-5494","EMDS Call","Road Crash","Bleeding","2026/03/19 11:04:31 AM","Khanpur"
"Not Assigned","Nida Rahat","DR-1322","Direct Call","Patient Transfer Service","N/A","2026/03/19 11:18:50 AM","Sadiqabad"
"274437","Nida Rahat","DR-1322","EMDS Call","Medical Emergency","Renal Disorders / Renal Colic ","2026/03/19 11:18:47 AM","Sadiqabad"
"274438","Maheen Tahir","MR-6017","EMDS Call","Medical Emergency","High Fever","2026/03/19 11:26:22 AM","Liaqatpur"
"274439","Saira Bibi","MR-5494","EMDS Call","Medical Emergency","Unconscious","2026/03/19 11:29:25 AM","Khanpur"
"274440","Maheen Tahir","MR-6017","EMDS Call","Medical Emergency","Joints Pain","2026/03/19 11:44:14 AM","Rahim Yar Khan"
"274441","Muhammad Zahid","DR-888","EMDS Call","Road Crash","Bleeding","2026/03/19 12:02:09 PM","Rahim Yar Khan"
"274442","Muhammad Zahid","DR-888","EMDS Call","Road Crash","Minor Injuries","2026/03/19 12:19:23 PM","Rahim Yar Khan"
"274443","Shaheen Islam","DR-1171","EMDS Call","Medical Emergency","Vertigo/ Dizziness","2026/03/19 12:20:02 PM","Sadiqabad"
"77165","Shaheen Islam","DR-1171","Direct Call","Patient Transfer Service","N/A","2026/03/19 12:24:12 PM","Khanpur"
"274444","Maheen Tahir","MR-6017","EMDS Call","Medical Emergency","Diabetic","2026/03/19 12:32:28 PM","Rahim Yar Khan"
"274445","Muhammad Zahid","DR-888","EMDS Call","Road Crash","Minor Injuries","2026/03/19 12:34:48 PM","Khanpur"
"274446","Muhammad Zahid","DR-888","EMDS Call","Fire","Others","2026/03/19 12:37:18 PM","Rahim Yar Khan"
"274447","Maheen Tahir","MR-6017","EMDS Call","Road Crash","Severe Trauma","2026/03/19 12:44:20 PM","Sadiqabad"
"274448","Maheen Tahir","MR-6017","EMDS Call","Rescue Operations","Electric Shock","2026/03/19 12:47:38 PM","Sadiqabad"
"274449","Shahla Nawaz","DR-185","EMDS Call","Medical Emergency","SOB/ Respiratory Distress","2026/03/19 12:49:45 PM","Rahim Yar Khan"
"274450","Muhammad Zahid","DR-888","EMDS Call","Medical Emergency","Epilepsy","2026/03/19 01:02:13 PM","Rahim Yar Khan"
"274451","Shahla Nawaz","DR-185","EMDS Call","Medical Emergency","Chest Pain","2026/03/19 01:03:18 PM","Rahim Yar Khan"
"77166","Muhammad Zahid","DR-888","Direct Call","Patient Transfer Service","N/A","2026/03/19 01:04:42 PM","Khanpur"
"274452","Muhammad Zahid","DR-888","EMDS Call","Medical Emergency","Vertigo/ Dizziness","2026/03/19 01:08:39 PM","Rahim Yar Khan"
"Not Assigned","Shahla Nawaz","DR-185","EMDS Call","Medical Emergency","CVA/Stroke","2026/03/19 01:08:59 PM","Rahim Yar Khan"
"274454","Shahla Nawaz","DR-185","EMDS Call","Medical Emergency","Anxiety / Psychiatric Disorder","2026/03/19 01:12:57 PM","Sadiqabad"
"274455","Muhammad Zahid","DR-888","EMDS Call","Rescue Operations","Scorpion Bite/Other Animal/Insect Bite","2026/03/19 01:15:40 PM","Liaqatpur"
"274456","Muhammad Zahid","DR-888","EMDS Call","Road Crash","Minor Injuries","2026/03/19 01:24:24 PM","Rahim Yar Khan"
"274457","Shahla Nawaz","DR-185","EMDS Call","Road Crash","Bleeding","2026/03/19 01:28:52 PM","Rahim Yar Khan"
"274458","Maheen Tahir","MR-6017","EMDS Call","Medical Emergency","High Fever","2026/03/19 01:37:00 PM","Rahim Yar Khan"
"274459","Shahla Nawaz","DR-185","EMDS Call","Road Crash","Severe Trauma","2026/03/19 01:48:39 PM","Khanpur"
"274460","Maheen Tahir","MR-6017","EMDS Call","Road Crash","Minor Injuries","2026/03/19 01:52:03 PM","Rahim Yar Khan"
"274461","Muhammad Zahid","DR-888","EMDS Call","Medical Emergency","High Fever","2026/03/19 02:00:14 PM","Rahim Yar Khan"
"77167","Muhammad Zahid","DR-888","Direct Call","Patient Transfer Service","N/A","2026/03/19 02:11:28 PM","Liaqatpur"
"274462","Farah Sadaqat","MR-5930","EMDS Call","Road Crash","Severe Trauma","2026/03/19 02:09:05 PM","Khanpur"
"274462","Farah Sadaqat","MR-5930","EMDS Call","Road Crash","Severe Trauma","2026/03/19 02:09:05 PM","Khanpur"
"274463","Aasia Batool","MR-5198","EMDS Call","Medical Emergency","Diabetic","2026/03/19 02:13:17 PM","Sadiqabad"
"274464","Sheeza Barkat","MR-5331","EMDS Call","Road Crash","Multiple Fractures","2026/03/19 02:13:43 PM","Sadiqabad"
"274465","Aasia Batool","MR-5198","EMDS Call","Medical Emergency","Vertigo/ Dizziness","2026/03/19 02:28:37 PM","Rahim Yar Khan"
"274466","Sheeza Barkat","MR-5331","EMDS Call","Medical Emergency","Abdominal Pain","2026/03/19 02:28:52 PM","Rahim Yar Khan"
"274467","Farah Sadaqat","MR-5930","EMDS Call","Medical Emergency","Diarrhea","2026/03/19 02:30:06 PM","Rahim Yar Khan"
"274468","Aasia Batool","MR-5198","EMDS Call","Medical Emergency","Anxiety / Psychiatric Disorder","2026/03/19 02:36:30 PM","Sadiqabad"
"274469","Aasia Batool","MR-5198","EMDS Call","Medical Emergency","Abdominal Pain","2026/03/19 02:42:51 PM","Liaqatpur"
"274471","Farah Sadaqat","MR-5930","EMDS Call","Medical Emergency","Gynae Problem","2026/03/19 02:44:08 PM","Rahim Yar Khan"
"274470","Sheeza Barkat","MR-5331","EMDS Call","Road Crash","Bleeding","2026/03/19 02:46:39 PM","Rahim Yar Khan"
"274472","Farah Sadaqat","MR-5930","EMDS Call","Medical Emergency","Hypertension","2026/03/19 02:51:28 PM","Rahim Yar Khan"
"274473","Farah Sadaqat","MR-5930","EMDS Call","Road Crash","Minor Injuries","2026/03/19 02:57:08 PM","Sadiqabad"
"274474","Aasia Batool","MR-5198","EMDS Call","Medical Emergency","Renal Disorders / Renal Colic ","2026/03/19 03:00:13 PM","Rahim Yar Khan"
"274475","Farah Sadaqat","MR-5930","EMDS Call","Medical Emergency","CVA/Stroke","2026/03/19 03:01:24 PM","Rahim Yar Khan"
"274477","Aasia Batool","MR-5198","EMDS Call","Medical Emergency","Diabetic","2026/03/19 03:02:01 PM","Rahim Yar Khan"
"274476","Farah Sadaqat","MR-5930","EMDS Call","Medical Emergency","Vomiting","2026/03/19 03:04:07 PM","Rahim Yar Khan"
"274478","Sheeza Barkat","MR-5331","EMDS Call","Medical Emergency","Domestic Injuries","2026/03/19 03:07:30 PM","Sadiqabad"
"77168","Sheeza Barkat","MR-5331","Direct Call","Patient Transfer Service","N/A","2026/03/19 03:20:28 PM","Khanpur"
"274479","Sheeza Barkat","MR-5331","EMDS Call","Medical Emergency","Domestic Injuries","2026/03/19 03:41:43 PM","Rahim Yar Khan"
"77169","Farah Sadaqat","MR-5930","Direct Call","Patient Transfer Service","N/A","2026/03/19 03:50:45 PM","Sadiqabad"
"274480","Farah Sadaqat","MR-5930","EMDS Call","Road Crash","Bleeding","2026/03/19 03:54:40 PM","Khanpur"
"77170","Sheeza Barkat","MR-5331","Direct Call","Patient Transfer Service","N/A","2026/03/19 03:57:20 PM","Sadiqabad"
"77171","Farah Sadaqat","MR-5930","Direct Call","Patient Transfer Service","N/A","2026/03/19 03:57:22 PM","Khanpur"
"274481","Zia ul Haq","DR-328","EMDS Call","Medical Emergency","CVA/Stroke","2026/03/19 03:59:13 PM","Rahim Yar Khan"
"274482","Sheeza Barkat","MR-5331","EMDS Call","Medical Emergency","Abdominal Pain","2026/03/19 04:05:10 PM","Rahim Yar Khan"
"274483","Zia ul Haq","DR-328","EMDS Call","Medical Emergency","Joints Pain","2026/03/19 04:18:32 PM","Rahim Yar Khan"
"274484","Fahad Hussain","DR-538","EMDS Call","Medical Emergency","Gynae Problem","2026/03/19 04:19:17 PM","Khanpur"
"274485","Zia ul Haq","DR-328","EMDS Call","Rescue Operations","Delivery Case","2026/03/19 04:21:40 PM","Rahim Yar Khan"
"274486","Fahad Hussain","DR-538","EMDS Call","Medical Emergency","SOB/ Respiratory Distress","2026/03/19 04:26:17 PM","Rahim Yar Khan"
"274487","Zia ul Haq","DR-328","EMDS Call","Rescue Operations","Snake Emergency","2026/03/19 04:36:47 PM","Rahim Yar Khan"
"274488","Aasia Batool","MR-5198","EMDS Call","Medical Emergency","Diabetic","2026/03/19 04:46:06 PM","Khanpur"
"274489","Zia ul Haq","DR-328","EMDS Call","Medical Emergency","SOB/ Respiratory Distress","2026/03/19 05:00:37 PM","Sadiqabad"
"274490","Fahad Hussain","DR-538","EMDS Call","Fire","Others","2026/03/19 05:04:06 PM","Liaqatpur"
"274491","Fahad Hussain","DR-538","EMDS Call","Road Crash","Minor Injuries","2026/03/19 05:22:27 PM","Rahim Yar Khan"
"274492","Farah Sadaqat","MR-5930","EMDS Call","Road Crash","Minor Injuries","2026/03/19 05:22:14 PM","Rahim Yar Khan"
"274493","Saima Bashir","MR-5819","EMDS Call","Medical Emergency","Unconscious","2026/03/19 05:23:22 PM","Rahim Yar Khan"
"274494","Fahad Hussain","DR-538","EMDS Call","Medical Emergency","Hypotension","2026/03/19 05:24:59 PM","Liaqatpur"
"274495","Saima Bashir","MR-5819","EMDS Call","Medical Emergency","Vomiting","2026/03/19 05:26:26 PM","Rahim Yar Khan"
"274496","Saima Bashir","MR-5819","EMDS Call","Road Crash","Bleeding","2026/03/19 05:41:48 PM","Rahim Yar Khan"
"274497","Farah Sadaqat","MR-5930","EMDS Call","Medical Emergency","Headache","2026/03/19 05:46:02 PM","Khanpur"
"274498","Sheeza Barkat","MR-5331","EMDS Call","Road Crash","Minor Injuries","2026/03/19 05:51:50 PM","Rahim Yar Khan"
"274499","Aasia Batool","MR-5198","EMDS Call","Medical Emergency","Anxiety / Psychiatric Disorder","2026/03/19 06:06:43 PM","Khanpur"
"274500","Aasia Batool","MR-5198","EMDS Call","Medical Emergency","Unconscious","2026/03/19 06:10:17 PM","Rahim Yar Khan"
"274501","Saima Bashir","MR-5819","EMDS Call","Crime","Physical Assault/Violence","2026/03/19 06:10:08 PM","Khanpur"
"274502","Farah Sadaqat","MR-5930","EMDS Call","Medical Emergency","Hypotension","2026/03/19 06:17:09 PM","Liaqatpur"
"274503","Saima Bashir","MR-5819","EMDS Call","Medical Emergency","Diabetic","2026/03/19 06:17:18 PM","Sadiqabad"
"274504","Farah Sadaqat","MR-5930","EMDS Call","Medical Emergency","Diabetic","2026/03/19 06:19:06 PM","Rahim Yar Khan"
"274505","Farah Sadaqat","MR-5930","EMDS Call","Medical Emergency","Anxiety / Psychiatric Disorder","2026/03/19 06:29:14 PM","Sadiqabad"
"274506","Aasia Batool","MR-5198","EMDS Call","Road Crash","Multiple Fractures","2026/03/19 06:47:33 PM","Rahim Yar Khan"
"274507","Farah Sadaqat","MR-5930","EMDS Call","Medical Emergency","Unconscious","2026/03/19 06:47:03 PM","Liaqatpur"
"274508","Zia ul Haq","DR-328","EMDS Call","Medical Emergency","Hypertension","2026/03/19 06:56:11 PM","Sadiqabad"
"274509","Saima Bashir","MR-5819","EMDS Call","Road Crash","Severe Trauma","2026/03/19 06:59:04 PM","Khanpur"
"77172","Farah Sadaqat","MR-5930","Direct Call","Patient Transfer Service","N/A","2026/03/19 07:00:51 PM","Sadiqabad"
"274510","Saima Bashir","MR-5819","EMDS Call","Road Crash","Bleeding","2026/03/19 07:01:59 PM","Liaqatpur"
"274511","Aasia Batool","MR-5198","EMDS Call","Road Crash","Minor Injuries","2026/03/19 07:15:12 PM","Rahim Yar Khan"
"274512","Zia ul Haq","DR-328","EMDS Call","Road Crash","Minor Injuries","2026/03/19 07:15:08 PM","Rahim Yar Khan"
"274513","Sheeza Barkat","MR-5331","EMDS Call","Medical Emergency","Domestic Injuries","2026/03/19 07:15:30 PM","Rahim Yar Khan"
"274514","Zia ul Haq","DR-328","EMDS Call","Crime","Physical Assault/Violence","2026/03/19 07:18:44 PM","Khanpur"
"274514","Zia ul Haq","DR-328","EMDS Call","Crime","Physical Assault/Violence","2026/03/19 07:18:44 PM","Khanpur"
"274516","Sheeza Barkat","MR-5331","EMDS Call","Fall","Fall From Stairs","2026/03/19 07:25:56 PM","Rahim Yar Khan"
"274515","Zia ul Haq","DR-328","EMDS Call","Medical Emergency","Anxiety / Psychiatric Disorder","2026/03/19 07:25:30 PM","Rahim Yar Khan"
"274517","Saima Bashir","MR-5819","EMDS Call","Medical Emergency","Hypertension","2026/03/19 07:27:35 PM","Sadiqabad"
"274518","Sheeza Barkat","MR-5331","EMDS Call","Medical Emergency","SOB/ Respiratory Distress","2026/03/19 07:29:46 PM","Liaqatpur"
"274519","Sheeza Barkat","MR-5331","EMDS Call","Road Crash","Severe Trauma","2026/03/19 07:40:54 PM","Khanpur"
"274520","Zia ul Haq","DR-328","EMDS Call","Medical Emergency","Vomiting","2026/03/19 07:41:24 PM","Rahim Yar Khan"
"274521","Saima Bashir","MR-5819","EMDS Call","Medical Emergency","Renal Disorders / Renal Colic ","2026/03/19 07:43:49 PM","Rahim Yar Khan"
"274522","Aasia Batool","MR-5198","EMDS Call","Medical Emergency","Vomiting","2026/03/19 07:44:26 PM","Rahim Yar Khan"
"274523","Sheeza Barkat","MR-5331","EMDS Call","Medical Emergency","SOB/ Respiratory Distress","2026/03/19 07:46:21 PM","Rahim Yar Khan"
"274524","Saima Bashir","MR-5819","EMDS Call","Road Crash","Bleeding","2026/03/19 07:48:35 PM","Liaqatpur"
"274525","Zia ul Haq","DR-328","EMDS Call","Medical Emergency","Vertigo/ Dizziness","2026/03/19 07:49:28 PM","Sadiqabad"
"274526","Zia ul Haq","DR-328","EMDS Call","Medical Emergency","Vomiting","2026/03/19 07:55:47 PM","Khanpur"
"274527","Saima Bashir","MR-5819","EMDS Call","Fire","Others","2026/03/19 08:03:14 PM","Rahim Yar Khan"
"274528","Sheeza Barkat","MR-5331","EMDS Call","Road Crash","Bleeding","2026/03/19 08:06:20 PM","Rahim Yar Khan"
"274529","Zia ul Haq","DR-328","EMDS Call","Road Crash","Bleeding","2026/03/19 08:06:23 PM","Rahim Yar Khan"
"274530","Zia ul Haq","DR-328","EMDS Call","Medical Emergency","Renal Disorders / Renal Colic ","2026/03/19 08:09:14 PM","Rahim Yar Khan"
"274531","Farah Sadaqat","MR-5930","EMDS Call","Medical Emergency","Abdominal Pain","2026/03/19 08:11:20 PM","Khanpur"
"274532","Aasia Batool","MR-5198","EMDS Call","Medical Emergency","Hypertension","2026/03/19 08:10:16 PM","Rahim Yar Khan"
"274533","Sheeza Barkat","MR-5331","EMDS Call","Medical Emergency","Epilepsy","2026/03/19 08:17:35 PM","Sadiqabad"
"274534","Aasia Batool","MR-5198","EMDS Call","Medical Emergency","Hypertension","2026/03/19 08:34:52 PM","Liaqatpur"
"274535","Aasia Batool","MR-5198","EMDS Call","Road Crash","Minor Injuries","2026/03/19 08:39:04 PM","Khanpur"
"274536","Aasia Batool","MR-5198","EMDS Call","Road Crash","Bleeding","2026/03/19 08:43:50 PM","Liaqatpur"
"274537","Zupasha Zia","MR-5758","EMDS Call","Road Crash","Minor Injuries","2026/03/19 08:50:48 PM","Rahim Yar Khan"
"274538","Muhammad Fiaz","DR-206","EMDS Call","Fire","Others","2026/03/19 09:12:11 PM","Sadiqabad"
"274539","Zupasha Zia","MR-5758","EMDS Call","Medical Emergency","Abdominal Pain","2026/03/19 09:12:48 PM","Liaqatpur"
"274540","Zupasha Zia","MR-5758","EMDS Call","Medical Emergency","Vomiting","2026/03/19 09:25:15 PM","Rahim Yar Khan"
"274541","Muhammad Riaz","DR-654","EMDS Call","Medical Emergency","Vomiting","2026/03/19 09:26:24 PM","Liaqatpur"
"274542","Muhammad Fiaz","DR-206","EMDS Call","Road Crash","Bleeding","2026/03/19 09:30:52 PM","Sadiqabad"
"274543","Muhammad Riaz","DR-654","EMDS Call","Road Crash","Severe Trauma","2026/03/19 09:32:06 PM","Sadiqabad"
"274544","Zupasha Zia","MR-5758","EMDS Call","Medical Emergency","Anxiety / Psychiatric Disorder","2026/03/19 09:32:33 PM","Rahim Yar Khan"
"274545","Muhammad Fiaz","DR-206","EMDS Call","Road Crash","Bleeding","2026/03/19 09:39:32 PM","Sadiqabad"
"274546","Muhammad Riaz","DR-654","EMDS Call","Medical Emergency","Vomiting","2026/03/19 09:43:15 PM","Rahim Yar Khan"
"274547","Zupasha Zia","MR-5758","Direct Call","Road Crash","Bleeding","2026/03/19 09:42:33 PM","Rahim Yar Khan"
"77173","Muhammad Fiaz","DR-206","Direct Call","Patient Transfer Service","N/A","2026/03/19 09:45:59 PM","Khanpur"
"274548","Muhammad Fiaz","DR-206","EMDS Call","Road Crash","Bleeding","2026/03/19 09:47:25 PM","Rahim Yar Khan"
"77174","Zupasha Zia","MR-5758","Direct Call","Patient Transfer Service","N/A","2026/03/19 09:50:55 PM","Khanpur"
"274549","Muhammad Riaz","DR-654","EMDS Call","Medical Emergency","SOB/ Respiratory Distress","2026/03/19 09:56:15 PM","Rahim Yar Khan"
"274550","Muhammad Fiaz","DR-206","EMDS Call","Medical Emergency","Hypertension","2026/03/19 10:04:38 PM","Liaqatpur"
"274551","Zupasha Zia","MR-5758","EMDS Call","Medical Emergency","SOB/ Respiratory Distress","2026/03/19 10:05:46 PM","Rahim Yar Khan"
"274552","Zupasha Zia","MR-5758","EMDS Call","Medical Emergency","Diabetic","2026/03/19 10:11:59 PM","Rahim Yar Khan"
"274553","Zupasha Zia","MR-5758","EMDS Call","Medical Emergency","Renal Disorders / Renal Colic ","2026/03/19 10:20:40 PM","Rahim Yar Khan"
"274554","Muhammad Fiaz","DR-206","EMDS Call","Crime","Physical Assault/Violence","2026/03/19 10:26:54 PM","Khanpur"
"77175","Farhad Iftikhar","DR-913","Direct Call","Patient Transfer Service","N/A","2026/03/19 10:34:06 PM","Sadiqabad"
"274555","Zupasha Zia","MR-5758","Direct Call","Medical Emergency","Urinary Retention","2026/03/19 10:35:55 PM","Rahim Yar Khan"
"77176","Muhammad Fiaz","DR-206","Direct Call","Patient Transfer Service","N/A","2026/03/19 10:41:54 PM","Sadiqabad"
"274556","Zupasha Zia","MR-5758","EMDS Call","Medical Emergency","Vomiting","2026/03/19 10:43:26 PM","Rahim Yar Khan"
"274557","Muhammad Fiaz","DR-206","EMDS Call","Medical Emergency","Backache","2026/03/19 10:51:19 PM","Rahim Yar Khan"
"77177","Muhammad Fiaz","DR-206","Direct Call","Patient Transfer Service","N/A","2026/03/19 10:56:24 PM","Khanpur"
"274558","Zupasha Zia","MR-5758","EMDS Call","Medical Emergency","SOB/ Respiratory Distress","2026/03/19 11:01:54 PM","Liaqatpur"
"274559","Rana M. Usman","DR-200","EMDS Call","Medical Emergency","Joints Pain","2026/03/19 11:07:25 PM","Rahim Yar Khan"
"77178","Rana M. Usman","DR-200","Direct Call","Patient Transfer Service","N/A","2026/03/19 11:13:25 PM","Sadiqabad"
"77179","Muhammad Fiaz","DR-206","Direct Call","Patient Transfer Service","N/A","2026/03/19 11:26:10 PM","Sadiqabad"
"274560","Muhammad Fiaz","DR-206","EMDS Call","Road Crash","Bleeding","2026/03/19 11:30:49 PM","Khanpur"
"274561","Muhammad Fiaz","DR-206","EMDS Call","Medical Emergency","Hypertension","2026/03/20 12:00:34 AM","Rahim Yar Khan"
"274562","Rana M. Usman","DR-200","EMDS Call","Medical Emergency","Gynae Problem","2026/03/20 12:03:32 AM","Rahim Yar Khan"
"274563","Rana M. Usman","DR-200","EMDS Call","Medical Emergency","SOB/ Respiratory Distress","2026/03/20 12:09:58 AM","Sadiqabad"
"274564","Muhammad Abid","DR-874","EMDS Call","Medical Emergency","Joints Pain","2026/03/20 12:32:36 AM","Khanpur"
"274565","Muhammad Fiaz","DR-206","EMDS Call","Medical Emergency","SOB/ Respiratory Distress","2026/03/20 12:36:23 AM","Sadiqabad"
"274566","Rana M. Usman","DR-200","EMDS Call","Medical Emergency","Gynae Problem","2026/03/20 12:57:53 AM","Rahim Yar Khan"
"274567","Muhammad Abid","DR-874","EMDS Call","Medical Emergency","Hypertension","2026/03/20 01:07:17 AM","Rahim Yar Khan"
"274568","Muhammad Abid","DR-874","EMDS Call","Medical Emergency","Joints Pain","2026/03/20 01:13:32 AM","Sadiqabad"
"274569","Muhammad Fiaz","DR-206","EMDS Call","Medical Emergency","Chest Pain","2026/03/20 01:16:48 AM","Rahim Yar Khan"
"274570","Rana M. Usman","DR-200","EMDS Call","Medical Emergency","Hypertension","2026/03/20 01:29:46 AM","Rahim Yar Khan"
"274571","Muhammad Fiaz","DR-206","EMDS Call","Medical Emergency","Abdominal Pain","2026/03/20 01:29:16 AM","Sadiqabad"
"274572","Muhammad Abid","DR-874","EMDS Call","Medical Emergency","Joints Pain","2026/03/20 01:37:19 AM","Khanpur"
"274573","Muhammad Fiaz","DR-206","EMDS Call","Medical Emergency","Unconscious","2026/03/20 01:39:13 AM","Liaqatpur"
"274574","Muhammad Abid","DR-874","EMDS Call","Medical Emergency","SOB/ Respiratory Distress","2026/03/20 02:09:55 AM","Khanpur"
"274575","Muhammad Fiaz","DR-206","EMDS Call","Medical Emergency","Renal Disorders / Renal Colic ","2026/03/20 02:17:17 AM","Sadiqabad"
"274576","Rana M. Usman","DR-200","EMDS Call","Medical Emergency","Hypertension","2026/03/20 02:18:31 AM","Rahim Yar Khan"
"274577","Muhammad Abid","DR-874","EMDS Call","Medical Emergency","High Fever","2026/03/20 02:21:57 AM","Khanpur"
"274578","Muhammad Fiaz","DR-206","EMDS Call","Medical Emergency","Vertigo/ Dizziness","2026/03/20 02:27:57 AM","Rahim Yar Khan"
"274579","Muhammad Abid","DR-874","EMDS Call","Medical Emergency","High Fever","2026/03/20 02:42:54 AM","Rahim Yar Khan"
"274580","Zupasha Zia","MR-5758","EMDS Call","Medical Emergency","Vomiting","2026/03/20 03:16:21 AM","Liaqatpur"
"77180","Zupasha Zia","MR-5758","Direct Call","Patient Transfer Service","N/A","2026/03/20 03:24:23 AM","Khanpur"
"274581","Bushra Saleem","MR-5701","EMDS Call","Medical Emergency","Abdominal Pain","2026/03/20 03:32:57 AM","Rahim Yar Khan"
"274582","Zupasha Zia","MR-5758","EMDS Call","Medical Emergency","CVA/Stroke","2026/03/20 04:22:06 AM","Rahim Yar Khan"
"274583","Bushra Saleem","MR-5701","EMDS Call","Medical Emergency","SOB/ Respiratory Distress","2026/03/20 04:36:34 AM","Rahim Yar Khan"
"77181","Zupasha Zia","MR-5758","Direct Call","Patient Transfer Service","N/A","2026/03/20 05:32:46 AM","Sadiqabad"
"274584","Bushra Saleem","MR-5701","EMDS Call","Medical Emergency","Chest Pain","2026/03/20 05:40:36 AM","Khanpur"
"77182","Zupasha Zia","MR-5758","Direct Call","Patient Transfer Service","N/A","2026/03/20 05:42:38 AM","Sadiqabad"
"274585","Zupasha Zia","MR-5758","EMDS Call","Fire","Others","2026/03/20 05:48:58 AM","Rahim Yar Khan"
"274586","Zupasha Zia","MR-5758","EMDS Call","Medical Emergency","High Fever","2026/03/20 05:54:42 AM","Rahim Yar Khan"
"274587","Bushra Saleem","MR-5701","EMDS Call","Medical Emergency","High Fever","2026/03/20 06:10:13 AM","Liaqatpur"
"274588","Bushra Saleem","MR-5701","EMDS Call","Medical Emergency","Renal Disorders / Renal Colic ","2026/03/20 06:23:37 AM","Rahim Yar Khan"
"274589","Shahla Nawaz","DR-185","EMDS Call","Medical Emergency","Hypotension","2026/03/20 07:49:22 AM","Rahim Yar Khan"
"274590","Faiz Muhyy Ul Din","DR-892","EMDS Call","Road Crash","Minor Injuries","2026/03/20 08:15:07 AM","Rahim Yar Khan"
"274591","Shahla Nawaz","DR-185","EMDS Call","Medical Emergency","Diabetic","2026/03/20 08:27:52 AM","Liaqatpur"
"77183","Muhammad Zahid","DR-888","Direct Call","Patient Transfer Service","N/A","2026/03/20 08:30:06 AM","Sadiqabad"
"274592","Shahla Nawaz","DR-185","EMDS Call","Medical Emergency","Hypotension","2026/03/20 08:30:20 AM","Liaqatpur"
"274593","Faiz Muhyy Ul Din","DR-892","EMDS Call","Crime","Probable Suicide","2026/03/20 08:36:15 AM","Rahim Yar Khan"
"274594","Shahla Nawaz","DR-185","EMDS Call","Medical Emergency","SOB/ Respiratory Distress","2026/03/20 08:36:39 AM","Rahim Yar Khan"
"274595","Muhammad Zahid","DR-888","EMDS Call","Medical Emergency","Chest Pain","2026/03/20 08:37:13 AM","Khanpur"
"274596","Shahla Nawaz","DR-185","EMDS Call","Medical Emergency","Vomiting","2026/03/20 08:41:10 AM","Rahim Yar Khan"
"274597","Faiz Muhyy Ul Din","DR-892","Direct Call","Rescue Operations","Animal/Bird Rescue","2026/03/20 08:45:59 AM","Rahim Yar Khan"
"77184","Muhammad Zahid","DR-888","Direct Call","Patient Transfer Service","N/A","2026/03/20 08:55:11 AM","Khanpur"
"274598","Shahla Nawaz","DR-185","EMDS Call","Rescue Operations","Delivery Case","2026/03/20 08:54:12 AM","Sadiqabad"
"274599","Shahla Nawaz","DR-185","EMDS Call","Medical Emergency","Anxiety / Psychiatric Disorder","2026/03/20 09:04:12 AM","Khanpur"
"274600","Maheen Tahir","MR-6017","EMDS Call","Medical Emergency","Abdominal Pain","2026/03/20 09:34:47 AM","Rahim Yar Khan"
"274601","Muhammad Zahid","DR-888","EMDS Call","Road Crash","Multiple Fractures","2026/03/20 09:37:14 AM","Rahim Yar Khan"
"274602","Muhammad Zahid","DR-888","EMDS Call","Medical Emergency","Domestic Injuries","2026/03/20 09:46:22 AM","Rahim Yar Khan"
"77185","Muhammad Zahid","DR-888","Direct Call","Patient Transfer Service","N/A","2026/03/20 09:50:55 AM","Liaqatpur"
"274603","Shahla Nawaz","DR-185","EMDS Call","Medical Emergency","Vomiting","2026/03/20 09:52:07 AM","Sadiqabad"
"274604","Maheen Tahir","MR-6017","EMDS Call","Road Crash","Minor Injuries","2026/03/20 09:52:16 AM","Sadiqabad"
"77186","Muhammad Zahid","DR-888","Direct Call","Patient Transfer Service","N/A","2026/03/20 09:56:52 AM","Liaqatpur"
"274605","Shahla Nawaz","DR-185","EMDS Call","Medical Emergency","Drug Addiction","2026/03/20 10:03:47 AM","Liaqatpur"
"274606","Maheen Tahir","MR-6017","Direct Call","Medical Emergency","Vomiting","2026/03/20 10:17:26 AM","Sadiqabad"
"274607","Maheen Tahir","MR-6017","Direct Call","Road Crash","Minor Injuries","2026/03/20 10:23:29 AM","Liaqatpur"
"274608","Shahla Nawaz","DR-185","EMDS Call","Medical Emergency","Anxiety / Psychiatric Disorder","2026/03/20 10:24:34 AM","Sadiqabad"
"274609","Maheen Tahir","MR-6017","EMDS Call","Medical Emergency","Joints Pain","2026/03/20 10:26:18 AM","Sadiqabad"
"274610","Shahla Nawaz","DR-185","EMDS Call","Medical Emergency","Hypotension","2026/03/20 10:32:22 AM","Sadiqabad"
"274611","Muhammad Zahid","DR-888","EMDS Call","Road Crash","Minor Injuries","2026/03/20 10:40:18 AM","Rahim Yar Khan"
"274613","Shahla Nawaz","DR-185","EMDS Call","Medical Emergency","Unconscious","2026/03/20 10:40:16 AM","Khanpur"
"274612","Maheen Tahir","MR-6017","EMDS Call","Road Crash","Minor Injuries","2026/03/20 10:41:37 AM","Rahim Yar Khan"
"274614","Shahla Nawaz","DR-185","EMDS Call","Medical Emergency","Abdominal Pain","2026/03/20 10:44:44 AM","Rahim Yar Khan"
"274615","Maheen Tahir","MR-6017","EMDS Call","Road Crash","Minor Injuries","2026/03/20 10:45:32 AM","Rahim Yar Khan"
"274616","Muhammad Zahid","DR-888","EMDS Call","Road Crash","Severe Trauma","2026/03/20 10:46:30 AM","Khanpur"
"77187","Maheen Tahir","MR-6017","Direct Call","Patient Transfer Service","N/A","2026/03/20 10:53:08 AM","Khanpur"
"274617","Shahla Nawaz","DR-185","EMDS Call","Medical Emergency","CVA/Stroke","2026/03/20 11:04:08 AM","Khanpur"
"77188","Maheen Tahir","MR-6017","Direct Call","Patient Transfer Service","N/A","2026/03/20 11:08:05 AM","Liaqatpur"
"274618","Muhammad Zahid","DR-888","EMDS Call","Medical Emergency","Anxiety / Psychiatric Disorder","2026/03/20 11:09:43 AM","Rahim Yar Khan"
"274619","Maheen Tahir","MR-6017","EMDS Call","Road Crash","Bleeding","2026/03/20 11:19:15 AM","Sadiqabad"
"274620","Shahla Nawaz","DR-185","EMDS Call","Medical Emergency","Vomiting","2026/03/20 11:18:50 AM","Rahim Yar Khan"
"274621","Maheen Tahir","MR-6017","EMDS Call","Medical Emergency","Diabetic","2026/03/20 11:27:45 AM","Sadiqabad"
"274622","Muhammad Zahid","DR-888","EMDS Call","Medical Emergency","Chronic Illness","2026/03/20 11:26:47 AM","Rahim Yar Khan"
"274623","Shahla Nawaz","DR-185","EMDS Call","Medical Emergency","Hypertension","2026/03/20 11:36:31 AM","Rahim Yar Khan"
"274624","Muhammad Zahid","DR-888","EMDS Call","Medical Emergency","Abdominal Pain","2026/03/20 11:37:33 AM","Khanpur"
"274625","Shahla Nawaz","DR-185","EMDS Call","Medical Emergency","Abdominal Pain","2026/03/20 11:40:01 AM","Khanpur"
"274626","Shahla Nawaz","DR-185","EMDS Call","Road Crash","Minor Injuries","2026/03/20 11:42:13 AM","Rahim Yar Khan"
"274627","Muhammad Zahid","DR-888","EMDS Call","Medical Emergency","Vertigo/ Dizziness","2026/03/20 11:51:41 AM","Sadiqabad"
"274628","Shahla Nawaz","DR-185","EMDS Call","Medical Emergency","Diabetic","2026/03/20 11:53:30 AM","Liaqatpur"
"274629","Maheen Tahir","MR-6017","EMDS Call","Fire","Short Circuit","2026/03/20 11:58:06 AM","Sadiqabad"
"274630","Muhammad Zahid","DR-888","EMDS Call","Medical Emergency","Hypertension","2026/03/20 11:59:03 AM","Rahim Yar Khan"
"274631","Maheen Tahir","MR-6017","EMDS Call","Medical Emergency","Vomiting","2026/03/20 12:04:04 PM","Rahim Yar Khan"
"274632","Shahla Nawaz","DR-185","EMDS Call","Medical Emergency","Domestic Injuries","2026/03/20 12:04:12 PM","Rahim Yar Khan"
"274633","Muhammad Zahid","DR-888","EMDS Call","Medical Emergency","Chest Pain","2026/03/20 12:05:45 PM","Rahim Yar Khan"
"274634","Maheen Tahir","MR-6017","EMDS Call","Medical Emergency","Vomiting","2026/03/20 12:07:27 PM","Liaqatpur"
"274635","Muhammad Zahid","DR-888","EMDS Call","Road Crash","Minor Injuries","2026/03/20 12:19:38 PM","Liaqatpur"
"274636","Maheen Tahir","MR-6017","Direct Call","Rescue Operations","Mass Event Coverage","2026/03/20 12:24:42 PM","Liaqatpur"
"274637","Muhammad Zahid","DR-888","EMDS Call","Medical Emergency","Chest Pain","2026/03/20 12:28:08 PM","Khanpur"
"274638","Shahla Nawaz","DR-185","EMDS Call","Medical Emergency","High Fever","2026/03/20 12:29:00 PM","Rahim Yar Khan"
"77189","Muhammad Zahid","DR-888","Direct Call","Patient Transfer Service","N/A","2026/03/20 12:44:03 PM","Sadiqabad"
"274639","Shahla Nawaz","DR-185","EMDS Call","Medical Emergency","Unconscious","2026/03/20 12:43:22 PM","Khanpur"
"274640","Muhammad Zahid","DR-888","EMDS Call","Medical Emergency","Hypertension","2026/03/20 12:51:56 PM","Khanpur"
"274641","Maheen Tahir","MR-6017","EMDS Call","Medical Emergency","Vomiting","2026/03/20 12:58:59 PM","Khanpur"
"274642","Muhammad Zahid","DR-888","EMDS Call","Road Crash","Minor Injuries","2026/03/20 01:05:30 PM","Rahim Yar Khan"
"274643","Maheen Tahir","MR-6017","Direct Call","Rescue Operations","Mass Event Coverage","2026/03/20 01:09:26 PM","Khanpur"
"274644","Muhammad Zahid","DR-888","EMDS Call","Medical Emergency","Vomiting","2026/03/20 01:10:43 PM","Rahim Yar Khan"
"274645","Shahla Nawaz","DR-185","EMDS Call","Crime","Bullet Injury","2026/03/20 01:12:54 PM","Rahim Yar Khan"
"274646","Maheen Tahir","MR-6017","EMDS Call","Crime","Bullet Injury","2026/03/20 01:19:12 PM","Rahim Yar Khan"
"274647","Muhammad Zahid","DR-888","EMDS Call","Medical Emergency","Vomiting","2026/03/20 01:23:55 PM","Liaqatpur"
"274648","Muhammad Zahid","DR-888","EMDS Call","Medical Emergency","Joints Pain","2026/03/20 01:28:35 PM","Rahim Yar Khan"
"274649","Shahla Nawaz","DR-185","EMDS Call","Medical Emergency","Abdominal Pain","2026/03/20 01:30:14 PM","Sadiqabad"
"274650","Muhammad Zubair","DR-894","EMDS Call","Medical Emergency","Diarrhea","2026/03/20 01:43:19 PM","Rahim Yar Khan"
"Not Assigned","Aasia Batool","MR-5198","Direct Call","Patient Transfer Service","N/A","2026/03/20 02:12:38 PM","Rahim Yar Khan"
"274651","Sheeza Barkat","MR-5331","EMDS Call","Medical Emergency","High Fever","2026/03/20 02:11:36 PM","Rahim Yar Khan"
"274652","Aasia Batool","MR-5198","EMDS Call","Medical Emergency","Chest Pain","2026/03/20 02:14:14 PM","Khanpur"
"77191","Sheeza Barkat","MR-5331","Direct Call","Patient Transfer Service","N/A","2026/03/20 02:18:57 PM","Khanpur"
"77192","Aasia Batool","MR-5198","Direct Call","Patient Transfer Service","N/A","2026/03/20 02:21:51 PM","Khanpur"
"274653","Sheeza Barkat","MR-5331","EMDS Call","Medical Emergency","Anxiety / Psychiatric Disorder","2026/03/20 02:19:59 PM","Rahim Yar Khan"
"274654","Aasia Batool","MR-5198","EMDS Call","Medical Emergency","Unconscious","2026/03/20 02:27:35 PM","Rahim Yar Khan"
"274655","Zia ul Haq","DR-328","Direct Call","Medical Emergency","SOB/ Respiratory Distress","2026/03/20 02:33:22 PM","Sadiqabad"
"274656","Muhammad ALi","DR-818","EMDS Call","Medical Emergency","Vertigo/ Dizziness","2026/03/20 02:34:43 PM","Rahim Yar Khan"
"274657","Sheeza Barkat","MR-5331","EMDS Call","Medical Emergency","Unconscious","2026/03/20 02:37:06 PM","Rahim Yar Khan"
"274658","Saima Bashir","MR-5819","EMDS Call","Medical Emergency","Domestic Injuries","2026/03/20 02:42:01 PM","Rahim Yar Khan"
"274659","Zia ul Haq","DR-328","Direct Call","Rescue Operations","Mass Event Coverage","2026/03/20 02:45:51 PM","Rahim Yar Khan"
"274663","Sheeza Barkat","MR-5331","EMDS Call","Medical Emergency","Hypertension","2026/03/20 02:50:37 PM","Sadiqabad"
"274661","Saima Bashir","MR-5819","EMDS Call","Rescue Operations","Delivery Case","2026/03/20 02:51:47 PM","Sadiqabad"
"274660","Aasia Batool","MR-5198","EMDS Call","Medical Emergency","Abdominal Pain","2026/03/20 02:50:43 PM","Liaqatpur"
"274662","Muhammad ALi","DR-818","EMDS Call","Road Crash","Multiple Fractures","2026/03/20 02:50:35 PM","Rahim Yar Khan"
"274664","Muhammad ALi","DR-818","EMDS Call","Medical Emergency","Vertigo/ Dizziness","2026/03/20 03:03:27 PM","Sadiqabad"
"274665","Muhammad ALi","DR-818","EMDS Call","Road Crash","Minor Injuries","2026/03/20 03:08:57 PM","Liaqatpur"
"274666","Muhammad ALi","DR-818","EMDS Call","Medical Emergency","Vomiting","2026/03/20 03:17:21 PM","Sadiqabad"
"274667","Aasia Batool","MR-5198","EMDS Call","Medical Emergency","SOB/ Respiratory Distress","2026/03/20 03:20:05 PM","Rahim Yar Khan"
"77193","Aasia Batool","MR-5198","Direct Call","Patient Transfer Service","N/A","2026/03/20 03:26:08 PM","Sadiqabad"
"274668","Aasia Batool","MR-5198","EMDS Call","Medical Emergency","Vomiting","2026/03/20 03:26:04 PM","Khanpur"
"274669","Aasia Batool","MR-5198","EMDS Call","Road Crash","Minor Injuries","2026/03/20 03:30:05 PM","Rahim Yar Khan"
"274670","Muhammad ALi","DR-818","EMDS Call","Medical Emergency","Vomiting","2026/03/20 03:29:52 PM","Sadiqabad"
"274671","Muhammad ALi","DR-818","EMDS Call","Rescue Operations","Delivery Case","2026/03/20 03:32:38 PM","Khanpur"
"274672","Zia ul Haq","DR-328","EMDS Call","Medical Emergency","High Fever","2026/03/20 03:36:16 PM","Rahim Yar Khan"
"274673","Muhammad ALi","DR-818","EMDS Call","Medical Emergency","Renal Disorders / Renal Colic ","2026/03/20 03:41:18 PM","Rahim Yar Khan"
"274674","Muhammad ALi","DR-818","EMDS Call","Medical Emergency","Diabetic","2026/03/20 03:46:47 PM","Rahim Yar Khan"
"274675","Sheeza Barkat","MR-5331","EMDS Call","Medical Emergency","High Fever","2026/03/20 03:52:37 PM","Rahim Yar Khan"
"274676","Saima Bashir","MR-5819","EMDS Call","Medical Emergency","Abdominal Pain","2026/03/20 03:54:27 PM","Khanpur"
"274677","Aasia Batool","MR-5198","EMDS Call","Medical Emergency","Chest Pain","2026/03/20 03:55:16 PM","Rahim Yar Khan"
"274678","Zia ul Haq","DR-328","EMDS Call","Medical Emergency","Abdominal Pain","2026/03/20 04:05:02 PM","Rahim Yar Khan"
"274679","Sheeza Barkat","MR-5331","EMDS Call","Medical Emergency","Hypertension","2026/03/20 04:13:20 PM","Rahim Yar Khan"
"274680","Zia ul Haq","DR-328","EMDS Call","Medical Emergency","Hypertension","2026/03/20 04:15:17 PM","Liaqatpur"
"274681","Saima Bashir","MR-5819","EMDS Call","Medical Emergency","Anxiety / Psychiatric Disorder","2026/03/20 04:16:49 PM","Rahim Yar Khan"
"274682","Muhammad ALi","DR-818","EMDS Call","Crime","Physical Assault/Violence","2026/03/20 04:19:42 PM","Khanpur"
"274682","Muhammad ALi","DR-818","EMDS Call","Crime","Physical Assault/Violence","2026/03/20 04:19:42 PM","Khanpur"
"274684","Aasia Batool","MR-5198","EMDS Call","Medical Emergency","SOB/ Respiratory Distress","2026/03/20 04:29:19 PM","Khanpur"
"274683","Sheeza Barkat","MR-5331","EMDS Call","Road Crash","Bleeding","2026/03/20 04:29:50 PM","Liaqatpur"
"274685","Zia ul Haq","DR-328","EMDS Call","Medical Emergency","Hypertension","2026/03/20 04:43:02 PM","Khanpur"
"274686","Aasia Batool","MR-5198","EMDS Call","Medical Emergency","Unconscious","2026/03/20 04:48:49 PM","Rahim Yar Khan"
"274687","Muhammad ALi","DR-818","EMDS Call","Fire","Others","2026/03/20 05:00:37 PM","Rahim Yar Khan"
"274688","Zia ul Haq","DR-328","EMDS Call","Rescue Operations","Vehicle Extrication","2026/03/20 05:01:21 PM","Sadiqabad"
"274689","Zia ul Haq","DR-328","EMDS Call","Medical Emergency","CVA/Stroke","2026/03/20 05:28:19 PM","Khanpur"
"274690","Saima Bashir","MR-5819","EMDS Call","Medical Emergency","High Fever","2026/03/20 05:37:46 PM","Rahim Yar Khan"
"274691","Sheeza Barkat","MR-5331","EMDS Call","Medical Emergency","Headache","2026/03/20 05:38:54 PM","Rahim Yar Khan"
"274692","Muhammad ALi","DR-818","EMDS Call","Medical Emergency","Unconscious","2026/03/20 05:54:04 PM","Rahim Yar Khan"
"274693","Aasia Batool","MR-5198","EMDS Call","Medical Emergency","Abdominal Pain","2026/03/20 06:04:23 PM","Rahim Yar Khan"
"274694","Muhammad ALi","DR-818","EMDS Call","Road Crash","Minor Injuries","2026/03/20 06:03:55 PM","Rahim Yar Khan"
"274695","Saima Bashir","MR-5819","EMDS Call","Crime","Probable Suicide","2026/03/20 06:05:53 PM","Rahim Yar Khan"
"274696","Saima Bashir","MR-5819","EMDS Call","Road Crash","Bleeding","2026/03/20 06:17:02 PM","Sadiqabad"
"274697","Muhammad ALi","DR-818","EMDS Call","Medical Emergency","Anxiety / Psychiatric Disorder","2026/03/20 06:17:26 PM","Rahim Yar Khan"
"274698","Sheeza Barkat","MR-5331","EMDS Call","Medical Emergency","Anxiety / Psychiatric Disorder","2026/03/20 06:28:46 PM","Sadiqabad"
"274699","Aasia Batool","MR-5198","EMDS Call","Medical Emergency","Hypertension","2026/03/20 06:31:01 PM","Rahim Yar Khan"
"274700","Saima Bashir","MR-5819","EMDS Call","Medical Emergency","Epilepsy","2026/03/20 06:38:19 PM","Sadiqabad"
"274701","Sheeza Barkat","MR-5331","EMDS Call","Medical Emergency","SOB/ Respiratory Distress","2026/03/20 06:40:09 PM","Sadiqabad"
"274702","Sheeza Barkat","MR-5331","EMDS Call","Medical Emergency","Anxiety / Psychiatric Disorder","2026/03/20 06:42:31 PM","Rahim Yar Khan"
"274703","Saima Bashir","MR-5819","EMDS Call","Medical Emergency","Vomiting","2026/03/20 06:43:11 PM","Rahim Yar Khan"
"274704","Muhammad ALi","DR-818","EMDS Call","Medical Emergency","Abdominal Pain","2026/03/20 06:45:54 PM","Rahim Yar Khan"
"274705","Saima Bashir","MR-5819","EMDS Call","Medical Emergency","Abdominal Pain","2026/03/20 06:51:24 PM","Sadiqabad"
"77194","Aasia Batool","MR-5198","Direct Call","Patient Transfer Service","N/A","2026/03/20 07:09:49 PM","Khanpur"
"274706","Aasia Batool","MR-5198","EMDS Call","Medical Emergency","Anxiety / Psychiatric Disorder","2026/03/20 07:10:48 PM","Sadiqabad"
"274707","Zia ul Haq","DR-328","EMDS Call","Medical Emergency","Anxiety / Psychiatric Disorder","2026/03/20 07:14:09 PM","Sadiqabad"
"77195","Sheeza Barkat","MR-5331","Direct Call","Patient Transfer Service","N/A","2026/03/20 07:27:23 PM","Sadiqabad"
"274708","Zia ul Haq","DR-328","EMDS Call","Medical Emergency","Chest Pain","2026/03/20 07:28:22 PM","Khanpur"
"274709","Sheeza Barkat","MR-5331","EMDS Call","Road Crash","Bleeding","2026/03/20 07:34:31 PM","Rahim Yar Khan"
"274712","Zia ul Haq","DR-328","EMDS Call","Medical Emergency","Vertigo/ Dizziness","2026/03/20 07:36:01 PM","Rahim Yar Khan"
"274710","Zia ul Haq","DR-328","EMDS Call","Road Crash","Minor Injuries","2026/03/20 07:39:36 PM","Sadiqabad"
"274711","Aasia Batool","MR-5198","EMDS Call","Medical Emergency","Hypertension","2026/03/20 07:40:56 PM","Liaqatpur"
"274713","Zia ul Haq","DR-328","EMDS Call","Road Crash","Minor Injuries","2026/03/20 07:45:01 PM","Liaqatpur"
"274713","Zia ul Haq","DR-328","EMDS Call","Road Crash","Minor Injuries","2026/03/20 07:45:01 PM","Liaqatpur"
"274714","Sheeza Barkat","MR-5331","EMDS Call","Rescue Operations","Animal/Bird Rescue","2026/03/20 07:52:01 PM","Sadiqabad"
"274715","Aasia Batool","MR-5198","EMDS Call","Crime","Probable Suicide","2026/03/20 08:02:03 PM","Khanpur"
"274716","Sheeza Barkat","MR-5331","EMDS Call","Medical Emergency","SOB/ Respiratory Distress","2026/03/20 08:22:08 PM","Liaqatpur"
"274717","Aasia Batool","MR-5198","EMDS Call","Fall","Slipped On Floor","2026/03/20 08:25:18 PM","Rahim Yar Khan"
"274718","Sheeza Barkat","MR-5331","EMDS Call","Road Crash","Bleeding","2026/03/20 08:26:51 PM","Rahim Yar Khan"
"274719","Muhammad ALi","DR-818","Direct Call","Medical Emergency","Anxiety / Psychiatric Disorder","2026/03/20 08:30:15 PM","Rahim Yar Khan"
"274721","Rana M. Usman","DR-200","EMDS Call","Medical Emergency","Joints Pain","2026/03/20 08:42:18 PM","Rahim Yar Khan"
"274720","Saima Bashir","MR-5819","EMDS Call","Road Crash","Minor Injuries","2026/03/20 08:42:17 PM","Rahim Yar Khan"
"274722","Zupasha Zia","MR-5758","EMDS Call","Medical Emergency","Joints Pain","2026/03/20 08:54:38 PM","Rahim Yar Khan"
"274723","Rana M. Usman","DR-200","EMDS Call","Medical Emergency","Headache","2026/03/20 08:59:36 PM","Sadiqabad"
"274724","Rana M. Usman","DR-200","EMDS Call","Medical Emergency","Joints Pain","2026/03/20 09:12:33 PM","Sadiqabad"
"274725","Zupasha Zia","MR-5758","EMDS Call","Medical Emergency","Diabetic","2026/03/20 09:15:19 PM","Rahim Yar Khan"
"274726","Bushra Saleem","MR-5701","EMDS Call","Medical Emergency","SOB/ Respiratory Distress","2026/03/20 09:18:17 PM","Khanpur"
"274727","Bushra Saleem","MR-5701","EMDS Call","Road Crash","Bleeding","2026/03/20 09:26:46 PM","Khanpur"
"274728","Rana M. Usman","DR-200","EMDS Call","Medical Emergency","Hypertension","2026/03/20 09:34:27 PM","Khanpur"
"274729","Zupasha Zia","MR-5758","EMDS Call","Road Crash","Minor Injuries","2026/03/20 09:38:30 PM","Rahim Yar Khan"
"274730","Rana M. Usman","DR-200","EMDS Call","Rescue Operations","Delivery Case","2026/03/20 09:38:46 PM","Sadiqabad"
"274731","Bushra Saleem","MR-5701","EMDS Call","Medical Emergency","Vomiting","2026/03/20 09:38:54 PM","Khanpur"
"274732","Zupasha Zia","MR-5758","EMDS Call","Medical Emergency","Chest Pain","2026/03/20 09:43:29 PM","Sadiqabad"
"274733","Bushra Saleem","MR-5701","EMDS Call","Medical Emergency","Joints Pain","2026/03/20 09:49:28 PM","Sadiqabad"
"274734","Rana M. Usman","DR-200","EMDS Call","Medical Emergency","Joints Pain","2026/03/20 09:51:09 PM","Rahim Yar Khan"
"274735","Bushra Saleem","MR-5701","EMDS Call","Medical Emergency","Joints Pain","2026/03/20 09:51:42 PM","Rahim Yar Khan"
"274736","Rana M. Usman","DR-200","EMDS Call","Medical Emergency","High Fever","2026/03/20 09:54:36 PM","Rahim Yar Khan"
"274737","Zupasha Zia","MR-5758","EMDS Call","Medical Emergency","Joints Pain","2026/03/20 09:59:39 PM","Khanpur"
"274738","Rana M. Usman","DR-200","EMDS Call","Road Crash","Minor Injuries","2026/03/20 10:04:27 PM","Rahim Yar Khan"
"77196","Bushra Saleem","MR-5701","Direct Call","Patient Transfer Service","N/A","2026/03/20 10:12:14 PM","Sadiqabad"
"274739","Rana M. Usman","DR-200","EMDS Call","Road Crash","Bleeding","2026/03/20 10:16:19 PM","Liaqatpur"
"274740","Bushra Saleem","MR-5701","EMDS Call","Crime","Physical Assault/Violence","2026/03/20 10:17:49 PM","Rahim Yar Khan"
"274741","Bushra Saleem","MR-5701","EMDS Call","Medical Emergency","Anxiety / Psychiatric Disorder","2026/03/20 10:30:09 PM","Sadiqabad"
"274742","Rana M. Usman","DR-200","EMDS Call","Medical Emergency","SOB/ Respiratory Distress","2026/03/20 10:32:00 PM","Rahim Yar Khan"
"274743","Bushra Saleem","MR-5701","EMDS Call","Road Crash","Minor Injuries","2026/03/20 10:33:28 PM","Rahim Yar Khan"
"274744","Rana M. Usman","DR-200","EMDS Call","Medical Emergency","Vomiting","2026/03/20 10:34:40 PM","Sadiqabad"
"274745","Bushra Saleem","MR-5701","EMDS Call","Medical Emergency","Hypertension","2026/03/20 10:36:23 PM","Rahim Yar Khan"
"274746","Muhammad Abid","DR-874","EMDS Call","Medical Emergency","Headache","2026/03/20 10:37:24 PM","Khanpur"
"274747","Bushra Saleem","MR-5701","EMDS Call","Medical Emergency","Headache","2026/03/20 10:47:08 PM","Rahim Yar Khan"
"274748","Rana M. Usman","DR-200","EMDS Call","Road Crash","Bleeding","2026/03/20 10:56:50 PM","Rahim Yar Khan"
"274750","Rana M. Usman","DR-200","EMDS Call","Medical Emergency","Abdominal Pain","2026/03/20 11:06:46 PM","Rahim Yar Khan"
"274749","Muhammad Tariq Hameed","DR-885","EMDS Call","Medical Emergency","Joints Pain","2026/03/20 11:06:18 PM","Sadiqabad"
"274751","Muhammad Abid","DR-874","EMDS Call","Medical Emergency","Hypertension","2026/03/20 11:08:56 PM","Khanpur"
"274752","Rana M. Usman","DR-200","EMDS Call","Road Crash","Bleeding","2026/03/20 11:16:30 PM","Khanpur"
"274753","Muhammad Tariq Hameed","DR-885","EMDS Call","Medical Emergency","Anxiety / Psychiatric Disorder","2026/03/20 11:27:37 PM","Sadiqabad"
"274754","Rana M. Usman","DR-200","EMDS Call","Medical Emergency","Hypertension","2026/03/20 11:33:38 PM","Rahim Yar Khan"
"274755","Rana M. Usman","DR-200","Direct Call","Medical Emergency","CVA/Stroke","2026/03/20 11:35:14 PM","Rahim Yar Khan"
"274756","Muhammad Abid","DR-874","EMDS Call","Road Crash","Minor Injuries","2026/03/20 11:42:14 PM","Rahim Yar Khan"
"274757","Muhammad Abid","DR-874","EMDS Call","Medical Emergency","Backache","2026/03/20 11:46:35 PM","Sadiqabad"
"274759","Muhammad Tariq Hameed","DR-885","EMDS Call","Road Crash","Bleeding","2026/03/20 11:50:04 PM","Rahim Yar Khan"
"274758","Rana M. Usman","DR-200","EMDS Call","Rescue Operations","Delivery Case","2026/03/20 11:50:29 PM","Liaqatpur"
"274761","Muhammad Tariq Hameed","DR-885","EMDS Call","Road Crash","Minor Injuries","2026/03/21 12:05:35 AM","Rahim Yar Khan"
"274760","Rana M. Usman","DR-200","EMDS Call","Medical Emergency","Joints Pain","2026/03/21 12:07:39 AM","Rahim Yar Khan"
"274762","Rana M. Usman","DR-200","EMDS Call","Road Crash","Bleeding","2026/03/21 12:12:49 AM","Rahim Yar Khan"
"274763","Muhammad Tariq Hameed","DR-885","EMDS Call","Medical Emergency","Unconscious","2026/03/21 12:24:27 AM","Rahim Yar Khan"
"274764","Rana M. Usman","DR-200","EMDS Call","Medical Emergency","Chest Pain","2026/03/21 12:31:15 AM","Rahim Yar Khan"
"274765","Muhammad Tariq Hameed","DR-885","EMDS Call","Medical Emergency","Abdominal Pain","2026/03/21 12:59:47 AM","Rahim Yar Khan"
"77197","Rana M. Usman","DR-200","Direct Call","Patient Transfer Service","N/A","2026/03/21 01:14:21 AM","Sadiqabad"
"274766","Muhammad Abid","DR-874","EMDS Call","Medical Emergency","Vertigo/ Dizziness","2026/03/21 01:26:27 AM","Rahim Yar Khan"
"77198","Rana M. Usman","DR-200","Direct Call","Patient Transfer Service","N/A","2026/03/21 01:31:30 AM","Sadiqabad"
"274767","Muhammad Tariq Hameed","DR-885","EMDS Call","Medical Emergency","Joints Pain","2026/03/21 01:39:10 AM","Khanpur"
"274768","Rana M. Usman","DR-200","EMDS Call","Medical Emergency","SOB/ Respiratory Distress","2026/03/21 01:40:54 AM","Khanpur"
"274769","Muhammad Tariq Hameed","DR-885","EMDS Call","Medical Emergency","Vomiting","2026/03/21 02:08:24 AM","Liaqatpur"
"274770","Muhammad Abid","DR-874","EMDS Call","Medical Emergency","Renal Disorders / Renal Colic ","2026/03/21 02:48:24 AM","Khanpur"
"274771","Muhammad Tariq Hameed","DR-885","EMDS Call","Medical Emergency","Anxiety / Psychiatric Disorder","2026/03/21 02:50:56 AM","Rahim Yar Khan"
"274772","Rana M. Usman","DR-200","EMDS Call","Rescue Operations","Delivery Case","2026/03/21 02:52:39 AM","Rahim Yar Khan"
"274773","Muhammad Riaz","DR-654","EMDS Call","Medical Emergency","Urinary Retention","2026/03/21 03:21:04 AM","Rahim Yar Khan"
"274774","Muhammad Riaz","DR-654","EMDS Call","Medical Emergency","Vomiting","2026/03/21 04:00:41 AM","Sadiqabad"
"274775","Zupasha Zia","MR-5758","EMDS Call","Medical Emergency","Vomiting","2026/03/21 04:17:26 AM","Rahim Yar Khan"
"274776","Bushra Saleem","MR-5701","EMDS Call","Medical Emergency","Hypertension","2026/03/21 04:27:59 AM","Sadiqabad"
"274777","Muhammad Riaz","DR-654","Direct Call","Rescue Operations","Mass Event Coverage","2026/03/21 05:59:04 AM","Sadiqabad"
"274778","Bushra Saleem","MR-5701","Direct Call","Rescue Operations","Mass Event Coverage","2026/03/21 06:13:54 AM","Khanpur"
"274779","Bushra Saleem","MR-5701","Direct Call","Rescue Operations","Mass Event Coverage","2026/03/21 06:26:11 AM","Rahim Yar Khan"
"274780","Zupasha Zia","MR-5758","Direct Call","Rescue Operations","Mass Event Coverage","2026/03/21 06:28:39 AM","Liaqatpur"
"274781","Bushra Saleem","MR-5701","EMDS Call","Medical Emergency","Abdominal Pain","2026/03/21 06:44:26 AM","Rahim Yar Khan"
"274782","Muhammad Riaz","DR-654","EMDS Call","Medical Emergency","Joints Pain","2026/03/21 06:45:52 AM","Khanpur"
"274783","Zupasha Zia","MR-5758","EMDS Call","Road Crash","Bleeding","2026/03/21 06:48:36 AM","Sadiqabad"
"274783","Zupasha Zia","MR-5758","EMDS Call","Road Crash","Bleeding","2026/03/21 06:48:36 AM","Sadiqabad"
"274784","Muhammad Riaz","DR-654","EMDS Call","Medical Emergency","Renal Disorders / Renal Colic ","2026/03/21 06:56:43 AM","Rahim Yar Khan"
"274786","Zupasha Zia","MR-5758","EMDS Call","Medical Emergency","Vomiting","2026/03/21 07:05:12 AM","Sadiqabad"
"274785","Bushra Saleem","MR-5701","EMDS Call","Medical Emergency","SOB/ Respiratory Distress","2026/03/21 07:05:26 AM","Liaqatpur"
"77199","Bushra Saleem","MR-5701","Direct Call","Patient Transfer Service","N/A","2026/03/21 07:16:00 AM","Sadiqabad"
"274787","Bushra Saleem","MR-5701","EMDS Call","Road Crash","Minor Injuries","2026/03/21 07:17:18 AM","Sadiqabad"
"274788","Muhammad Riaz","DR-654","EMDS Call","Medical Emergency","High Fever","2026/03/21 07:17:08 AM","Sadiqabad"
"274789","Bushra Saleem","MR-5701","EMDS Call","Medical Emergency","Vomiting","2026/03/21 07:20:50 AM","Sadiqabad"
"274790","Zupasha Zia","MR-5758","EMDS Call","Medical Emergency","Diabetic","2026/03/21 07:24:21 AM","Rahim Yar Khan"
"274791","Bushra Saleem","MR-5701","EMDS Call","Crime","Physical Assault/Violence","2026/03/21 07:24:26 AM","Rahim Yar Khan"
"274792","Muhammad Zubair","DR-894","EMDS Call","Medical Emergency","Vertigo/ Dizziness","2026/03/21 07:46:02 AM","Rahim Yar Khan"
"274793","Muhammad Zubair","DR-894","EMDS Call","Medical Emergency","Backache","2026/03/21 07:49:05 AM","Sadiqabad"
"274794","Farah Sadaqat","MR-5930","EMDS Call","Medical Emergency","High Fever","2026/03/21 08:04:33 AM","Rahim Yar Khan"
"274795","Farah Sadaqat","MR-5930","EMDS Call","Road Crash","Severe Trauma","2026/03/21 08:13:45 AM","Rahim Yar Khan"
"274796","Farah Sadaqat","MR-5930","EMDS Call","Medical Emergency","Hypertension","2026/03/21 08:22:20 AM","Sadiqabad"
"274797","Muhammad Zubair","DR-894","EMDS Call","Medical Emergency","Anxiety / Psychiatric Disorder","2026/03/21 08:46:33 AM","Rahim Yar Khan"
"274798","Farah Sadaqat","MR-5930","EMDS Call","Medical Emergency","Chronic Illness","2026/03/21 08:55:06 AM","Liaqatpur"
"274799","Muhammad Zubair","DR-894","Direct Call","Medical Emergency","High Fever","2026/03/21 09:02:59 AM","Rahim Yar Khan"
"274800","Muhammad Zubair","DR-894","Direct Call","Rescue Operations","Mass Event Coverage","2026/03/21 09:08:21 AM","Rahim Yar Khan"
"274801","Muhammad Zubair","DR-894","EMDS Call","Road Crash","Bleeding","2026/03/21 09:11:02 AM","Rahim Yar Khan"
"274802","Shahla Nawaz","DR-185","EMDS Call","Medical Emergency","SOB/ Respiratory Distress","2026/03/21 09:19:09 AM","Rahim Yar Khan"
"274803","Farah Sadaqat","MR-5930","EMDS Call","Medical Emergency","Urinary Retention","2026/03/21 09:20:33 AM","Rahim Yar Khan"
"274804","Shahla Nawaz","DR-185","EMDS Call","Medical Emergency","Abdominal Pain","2026/03/21 09:23:54 AM","Sadiqabad"
"274805","Farah Sadaqat","MR-5930","EMDS Call","Medical Emergency","Unconscious","2026/03/21 09:26:24 AM","Rahim Yar Khan"
"77200","Farah Sadaqat","MR-5930","Direct Call","Patient Transfer Service","N/A","2026/03/21 09:36:41 AM","Liaqatpur"
"274807","Shahla Nawaz","DR-185","EMDS Call","Medical Emergency","Renal Disorders / Renal Colic ","2026/03/21 09:39:01 AM","Sadiqabad"
"274806","Faiz Muhyy Ul Din","DR-892","EMDS Call","Road Crash","Bleeding","2026/03/21 09:39:07 AM","Khanpur"
"274808","Farah Sadaqat","MR-5930","EMDS Call","Medical Emergency","Unconscious","2026/03/21 09:42:15 AM","Rahim Yar Khan"
"274809","Shahla Nawaz","DR-185","EMDS Call","Medical Emergency","CVA/Stroke","2026/03/21 09:44:06 AM","Khanpur"
"274810","Farah Sadaqat","MR-5930","EMDS Call","Road Crash","Minor Injuries","2026/03/21 09:58:56 AM","Rahim Yar Khan"
"274811","Faiz Muhyy Ul Din","DR-892","EMDS Call","Medical Emergency","Abdominal Pain","2026/03/21 10:02:04 AM","Liaqatpur"
"274812","Farah Sadaqat","MR-5930","EMDS Call","Medical Emergency","Vomiting","2026/03/21 10:06:34 AM","Rahim Yar Khan"
"274813","Faiz Muhyy Ul Din","DR-892","EMDS Call","Road Crash","Minor Injuries","2026/03/21 10:08:37 AM","Rahim Yar Khan"
"77201","Farah Sadaqat","MR-5930","Direct Call","Patient Transfer Service","N/A","2026/03/21 10:11:25 AM","Khanpur"
"274814","Shahla Nawaz","DR-185","EMDS Call","Crime","Physical Assault/Violence","2026/03/21 10:18:29 AM","Rahim Yar Khan"
"274815","Farah Sadaqat","MR-5930","EMDS Call","Rescue Operations","Animal/Bird Rescue","2026/03/21 10:30:35 AM","Rahim Yar Khan"
"274817","Shahla Nawaz","DR-185","EMDS Call","Road Crash","Multiple Fractures","2026/03/21 10:35:43 AM","Liaqatpur"
"274816","Faiz Muhyy Ul Din","DR-892","EMDS Call","Medical Emergency","Unconscious","2026/03/21 10:35:52 AM","Khanpur"
"274818","Farah Sadaqat","MR-5930","EMDS Call","Road Crash","Bleeding","2026/03/21 10:49:27 AM","Rahim Yar Khan"
"274819","Shahla Nawaz","DR-185","EMDS Call","Medical Emergency","Vomiting","2026/03/21 10:59:58 AM","Rahim Yar Khan"
"274820","Faiz Muhyy Ul Din","DR-892","EMDS Call","Road Crash","Severe Trauma","2026/03/21 11:02:32 AM","Sadiqabad"
"274820","Faiz Muhyy Ul Din","DR-892","EMDS Call","Road Crash","Severe Trauma","2026/03/21 11:02:32 AM","Sadiqabad"
"274820","Faiz Muhyy Ul Din","DR-892","EMDS Call","Road Crash","Severe Trauma","2026/03/21 11:02:32 AM","Sadiqabad"
"274821","Shahla Nawaz","DR-185","EMDS Call","Medical Emergency","SOB/ Respiratory Distress","2026/03/21 11:04:47 AM","Rahim Yar Khan"
"274822","Faiz Muhyy Ul Din","DR-892","EMDS Call","Road Crash","Bleeding","2026/03/21 11:08:01 AM","Sadiqabad"
"274823","Farah Sadaqat","MR-5930","EMDS Call","Road Crash","Minor Injuries","2026/03/21 11:08:28 AM","Rahim Yar Khan"
"274824","Faiz Muhyy Ul Din","DR-892","EMDS Call","Medical Emergency","Joints Pain","2026/03/21 11:20:58 AM","Rahim Yar Khan"
"274825","Farah Sadaqat","MR-5930","EMDS Call","Medical Emergency","Hypertension","2026/03/21 11:21:45 AM","Rahim Yar Khan"
"274826","Shahla Nawaz","DR-185","EMDS Call","Road Crash","Severe Trauma","2026/03/21 11:23:30 AM","Rahim Yar Khan"
"274826","Shahla Nawaz","DR-185","EMDS Call","Road Crash","Severe Trauma","2026/03/21 11:23:30 AM","Rahim Yar Khan"
"274827","Faiz Muhyy Ul Din","DR-892","EMDS Call","Medical Emergency","Vomiting","2026/03/21 11:25:22 AM","Rahim Yar Khan"
"274828","Faiz Muhyy Ul Din","DR-892","EMDS Call","Medical Emergency","High Fever","2026/03/21 11:34:43 AM","Rahim Yar Khan"
"274829","Farah Sadaqat","MR-5930","EMDS Call","Road Crash","Bleeding","2026/03/21 11:42:32 AM","Khanpur"
"274830","Shahla Nawaz","DR-185","EMDS Call","Medical Emergency","Abdominal Pain","2026/03/21 11:48:24 AM","Liaqatpur"
"274831","Shahla Nawaz","DR-185","EMDS Call","Medical Emergency","Joints Pain","2026/03/21 11:55:31 AM","Sadiqabad"
"274832","Faiz Muhyy Ul Din","DR-892","EMDS Call","Medical Emergency","Abdominal Pain","2026/03/21 11:58:11 AM","Sadiqabad"
"274833","Shahla Nawaz","DR-185","EMDS Call","Road Crash","Minor Injuries","2026/03/21 12:06:14 PM","Rahim Yar Khan"
"274834","Faiz Muhyy Ul Din","DR-892","EMDS Call","Medical Emergency","High Fever","2026/03/21 12:20:15 PM","Rahim Yar Khan"
"274835","Shahla Nawaz","DR-185","EMDS Call","Medical Emergency","Abdominal Pain","2026/03/21 12:24:55 PM","Liaqatpur"
"274836","Shahla Nawaz","DR-185","EMDS Call","Medical Emergency","Hypertension","2026/03/21 12:29:29 PM","Khanpur"
"274837","Farah Sadaqat","MR-5930","EMDS Call","Medical Emergency","Unconscious","2026/03/21 12:26:42 PM","Rahim Yar Khan"
"274838","Shahla Nawaz","DR-185","EMDS Call","Medical Emergency","Vertigo/ Dizziness","2026/03/21 12:34:24 PM","Rahim Yar Khan"
"274839","Shahla Nawaz","DR-185","EMDS Call","Road Crash","Bleeding","2026/03/21 12:52:55 PM","Rahim Yar Khan"
"274840","Shahla Nawaz","DR-185","EMDS Call","Fire","Candle/Heater","2026/03/21 12:55:14 PM","Rahim Yar Khan"
"274841","Faiz Muhyy Ul Din","DR-892","EMDS Call","Road Crash","Bleeding","2026/03/21 12:56:42 PM","Khanpur"
"274842","Farah Sadaqat","MR-5930","EMDS Call","Medical Emergency","Abdominal Pain","2026/03/21 01:00:04 PM","Sadiqabad"
"274843","Shahla Nawaz","DR-185","EMDS Call","Road Crash","Bleeding","2026/03/21 01:01:02 PM","Sadiqabad"
"274844","Farah Sadaqat","MR-5930","EMDS Call","Road Crash","Bleeding","2026/03/21 01:03:52 PM","Rahim Yar Khan"
"274845","Farah Sadaqat","MR-5930","EMDS Call","Medical Emergency","SOB/ Respiratory Distress","2026/03/21 01:06:50 PM","Khanpur"
"274846","Faiz Muhyy Ul Din","DR-892","EMDS Call","Road Crash","Bleeding","2026/03/21 01:11:24 PM","Rahim Yar Khan"
"Not Assigned","Farah Sadaqat","MR-5930","EMDS Call","Road Crash","Bleeding","2026/03/21 01:16:25 PM","Rahim Yar Khan"
"274847","Shahla Nawaz","DR-185","EMDS Call","Medical Emergency","Epilepsy","2026/03/21 01:18:27 PM","Rahim Yar Khan"
"274848","Farah Sadaqat","MR-5930","EMDS Call","Medical Emergency","Anxiety / Psychiatric Disorder","2026/03/21 01:19:11 PM","Rahim Yar Khan"
"274849","Shahla Nawaz","DR-185","EMDS Call","Road Crash","Minor Injuries","2026/03/21 01:22:19 PM","Rahim Yar Khan"
"274850","Farah Sadaqat","MR-5930","EMDS Call","Medical Emergency","Vomiting","2026/03/21 01:23:54 PM","Rahim Yar Khan"
"274851","Shahla Nawaz","DR-185","EMDS Call","Fall","Fall From Stairs","2026/03/21 01:26:15 PM","Rahim Yar Khan"
"77202","Farah Sadaqat","MR-5930","Direct Call","Patient Transfer Service","N/A","2026/03/21 01:28:55 PM","Khanpur"
"77203","Farah Sadaqat","MR-5930","Direct Call","Patient Transfer Service","N/A","2026/03/21 01:35:27 PM","Khanpur"
"274852","Shahla Nawaz","DR-185","EMDS Call","Medical Emergency","Vomiting","2026/03/21 01:36:12 PM","Sadiqabad"
"274855","Farah Sadaqat","MR-5930","EMDS Call","Medical Emergency","Abdominal Pain","2026/03/21 01:35:49 PM","Sadiqabad"
"77204","Muhammad Zahid","DR-888","Direct Call","Patient Transfer Service","N/A","2026/03/21 01:39:33 PM","Liaqatpur"
"274853","Farah Sadaqat","MR-5930","EMDS Call","Medical Emergency","Unconscious","2026/03/21 01:41:28 PM","Liaqatpur"
"274854","Shahla Nawaz","DR-185","EMDS Call","Road Crash","Bleeding","2026/03/21 01:43:30 PM","Khanpur"
"274854","Shahla Nawaz","DR-185","EMDS Call","Road Crash","Bleeding","2026/03/21 01:43:30 PM","Khanpur"
"274856","Faiz Muhyy Ul Din","DR-892","Direct Call","Rescue Operations","Mass Event Coverage","2026/03/21 01:49:29 PM","Rahim Yar Khan"
"274857","Shahla Nawaz","DR-185","EMDS Call","Road Crash","Bleeding","2026/03/21 01:49:22 PM","Sadiqabad"
"274858","Faiz Muhyy Ul Din","DR-892","EMDS Call","Medical Emergency","Vomiting","2026/03/21 01:51:09 PM","Rahim Yar Khan"
"77205","Faiz Muhyy Ul Din","DR-892","Direct Call","Patient Transfer Service","N/A","2026/03/21 01:55:58 PM","Liaqatpur"
"274859","Shahla Nawaz","DR-185","EMDS Call","Road Crash","Bleeding","2026/03/21 01:59:28 PM","Sadiqabad"
"274860","Faiz Muhyy Ul Din","DR-892","EMDS Call","Road Crash","Minor Injuries","2026/03/21 01:59:42 PM","Sadiqabad"
"274860","Faiz Muhyy Ul Din","DR-892","EMDS Call","Road Crash","Minor Injuries","2026/03/21 01:59:42 PM","Sadiqabad"
"274861","Farah Sadaqat","MR-5930","EMDS Call","Road Crash","Severe Trauma","2026/03/21 02:04:50 PM","Rahim Yar Khan"
"274861","Farah Sadaqat","MR-5930","EMDS Call","Road Crash","Severe Trauma","2026/03/21 02:04:50 PM","Rahim Yar Khan"
"274861","Farah Sadaqat","MR-5930","EMDS Call","Road Crash","Severe Trauma","2026/03/21 02:04:50 PM","Rahim Yar Khan"
"274861","Farah Sadaqat","MR-5930","EMDS Call","Road Crash","Severe Trauma","2026/03/21 02:04:50 PM","Rahim Yar Khan"
"274861","Farah Sadaqat","MR-5930","EMDS Call","Road Crash","Severe Trauma","2026/03/21 02:04:50 PM","Rahim Yar Khan"
"274861","Farah Sadaqat","MR-5930","EMDS Call","Road Crash","Severe Trauma","2026/03/21 02:04:50 PM","Rahim Yar Khan"
"77206","Faiz Muhyy Ul Din","DR-892","Direct Call","Patient Transfer Service","N/A","2026/03/21 02:06:36 PM","Liaqatpur"
"Not Assigned","Shahla Nawaz","DR-185","EMDS Call","Road Crash","Bleeding","2026/03/21 02:06:09 PM","Rahim Yar Khan"
"274863","Shahla Nawaz","DR-185","EMDS Call","Road Crash","Severe Trauma","2026/03/21 02:11:01 PM","Khanpur"
"274864","Faiz Muhyy Ul Din","DR-892","EMDS Call","Medical Emergency","Urinary Retention","2026/03/21 02:12:34 PM","Sadiqabad"
"274865","Farah Sadaqat","MR-5930","EMDS Call","Medical Emergency","SOB/ Respiratory Distress","2026/03/21 02:12:18 PM","Khanpur"
"274868","Adil Iqbal","DR-782","EMDS Call","Road Crash","Severe Trauma","2026/03/21 02:17:58 PM","Khanpur"
"274868","Adil Iqbal","DR-782","EMDS Call","Road Crash","Severe Trauma","2026/03/21 02:17:58 PM","Khanpur"
"274867","Saima Bashir","MR-5819","EMDS Call","Road Crash","Bleeding","2026/03/21 02:18:12 PM","Khanpur"
"274866","Zia ul Haq","DR-328","EMDS Call","Road Crash","Minor Injuries","2026/03/21 02:19:37 PM","Rahim Yar Khan"
"Not Assigned","Adil Iqbal","DR-782","EMDS Call","Road Crash","Minor Injuries","2026/03/21 02:23:40 PM","Rahim Yar Khan"
"274870","Saima Bashir","MR-5819","EMDS Call","Medical Emergency","Vomiting","2026/03/21 02:32:36 PM","Khanpur"
"274871","Adil Iqbal","DR-782","EMDS Call","Road Crash","Minor Injuries","2026/03/21 02:34:05 PM","Rahim Yar Khan"
"274872","Zia ul Haq","DR-328","EMDS Call","Medical Emergency","Chest Pain","2026/03/21 02:36:39 PM","Rahim Yar Khan"
"274873","Saima Bashir","MR-5819","EMDS Call","Medical Emergency","Chest Pain","2026/03/21 02:35:56 PM","Rahim Yar Khan"
"274874","Sheeza Barkat","MR-5331","EMDS Call","Road Crash","Bleeding","2026/03/21 02:50:05 PM","Rahim Yar Khan"
"274876","Sheeza Barkat","MR-5331","EMDS Call","Medical Emergency","Domestic Injuries","2026/03/21 02:53:48 PM","Rahim Yar Khan"
"274875","Adil Iqbal","DR-782","EMDS Call","Medical Emergency","Unconscious","2026/03/21 02:52:36 PM","Liaqatpur"
"274877","Sheeza Barkat","MR-5331","EMDS Call","Road Crash","Severe Trauma","2026/03/21 02:57:01 PM","Sadiqabad"
"274877","Sheeza Barkat","MR-5331","EMDS Call","Road Crash","Severe Trauma","2026/03/21 02:57:01 PM","Sadiqabad"
"274878","Saima Bashir","MR-5819","EMDS Call","Road Crash","Severe Trauma","2026/03/21 03:00:10 PM","Rahim Yar Khan"
"274878","Saima Bashir","MR-5819","EMDS Call","Road Crash","Severe Trauma","2026/03/21 03:00:10 PM","Rahim Yar Khan"
"274879","Adil Iqbal","DR-782","EMDS Call","Road Crash","Severe Trauma","2026/03/21 03:02:24 PM","Sadiqabad"
"274880","Sheeza Barkat","MR-5331","EMDS Call","Medical Emergency","Anxiety / Psychiatric Disorder","2026/03/21 03:05:19 PM","Sadiqabad"
"77207","Adil Iqbal","DR-782","Direct Call","Patient Transfer Service","N/A","2026/03/21 03:09:17 PM","Sadiqabad"
"274881","Saima Bashir","MR-5819","EMDS Call","Road Crash","Minor Injuries","2026/03/21 03:12:29 PM","Rahim Yar Khan"
"274882","Adil Iqbal","DR-782","EMDS Call","Road Crash","Severe Trauma","2026/03/21 03:18:47 PM","Rahim Yar Khan"
"274882","Adil Iqbal","DR-782","EMDS Call","Road Crash","Severe Trauma","2026/03/21 03:18:47 PM","Rahim Yar Khan"
"274884","Sheeza Barkat","MR-5331","EMDS Call","Road Crash","Bleeding","2026/03/21 03:23:57 PM","Rahim Yar Khan"
"274883","Adil Iqbal","DR-782","EMDS Call","Medical Emergency","High Fever","2026/03/21 03:23:55 PM","Rahim Yar Khan"
"274885","Adil Iqbal","DR-782","EMDS Call","Crime","Physical Assault/Violence","2026/03/21 03:26:30 PM","Khanpur"
"274886","Adil Iqbal","DR-782","EMDS Call","Medical Emergency","Joints Pain","2026/03/21 03:29:12 PM","Rahim Yar Khan"
"274887","Zia ul Haq","DR-328","EMDS Call","Road Crash","Minor Injuries","2026/03/21 03:28:13 PM","Rahim Yar Khan"
"274888","Saima Bashir","MR-5819","EMDS Call","Medical Emergency","Anxiety / Psychiatric Disorder","2026/03/21 03:36:46 PM","Rahim Yar Khan"
"274890","Sheeza Barkat","MR-5331","EMDS Call","Medical Emergency","CVA/Stroke","2026/03/21 03:36:28 PM","Khanpur"
"Not Assigned","Adil Iqbal","DR-782","EMDS Call","Fire","Short Circuit","2026/03/21 03:37:31 PM","Rahim Yar Khan"
"274891","Sheeza Barkat","MR-5331","Direct Call","Road Crash","Severe Trauma","2026/03/21 03:50:40 PM","Khanpur"
"274892","Sheeza Barkat","MR-5331","EMDS Call","Medical Emergency","Epilepsy","2026/03/21 04:11:48 PM","Sadiqabad"
"274892","Sheeza Barkat","MR-5331","EMDS Call","Medical Emergency","Epilepsy","2026/03/21 04:11:48 PM","Sadiqabad"
"274893","Zia ul Haq","DR-328","EMDS Call","Rescue Operations","Others","2026/03/21 04:20:56 PM","Khanpur"
"274894","Adil Iqbal","DR-782","EMDS Call","Rescue Operations","Others","2026/03/21 04:30:52 PM","Rahim Yar Khan"
"274896","Adil Iqbal","DR-782","EMDS Call","Medical Emergency","Vomiting","2026/03/21 04:33:39 PM","Rahim Yar Khan"
"274895","Sheeza Barkat","MR-5331","EMDS Call","Road Crash","Severe Trauma","2026/03/21 04:35:00 PM","Sadiqabad"
"274895","Sheeza Barkat","MR-5331","EMDS Call","Road Crash","Severe Trauma","2026/03/21 04:35:00 PM","Sadiqabad"
"274897","Sheeza Barkat","MR-5331","EMDS Call","Medical Emergency","SOB/ Respiratory Distress","2026/03/21 04:42:53 PM","Khanpur"
"77208","Sheeza Barkat","MR-5331","Direct Call","Patient Transfer Service","N/A","2026/03/21 04:52:31 PM","Sadiqabad"
"77209","Saima Bashir","MR-5819","Direct Call","Patient Transfer Service","N/A","2026/03/21 05:02:08 PM","Khanpur"
"274898","Saima Bashir","MR-5819","EMDS Call","Fall","Fall From Roof","2026/03/21 05:02:57 PM","Rahim Yar Khan"
"274899","Sheeza Barkat","MR-5331","EMDS Call","Road Crash","Severe Trauma","2026/03/21 05:03:41 PM","Rahim Yar Khan"
"274900","Adil Iqbal","DR-782","EMDS Call","Medical Emergency","Chest Pain","2026/03/21 05:09:56 PM","Sadiqabad"
"274901","Adil Iqbal","DR-782","EMDS Call","Medical Emergency","Vomiting","2026/03/21 05:16:04 PM","Sadiqabad"
"274902","Zia ul Haq","DR-328","EMDS Call","Road Crash","Severe Trauma","2026/03/21 05:16:21 PM","Sadiqabad"
"274903","Adil Iqbal","DR-782","EMDS Call","Road Crash","Bleeding","2026/03/21 05:23:32 PM","Khanpur"
"77210","Sheeza Barkat","MR-5331","Direct Call","Patient Transfer Service","N/A","2026/03/21 05:26:43 PM","Sadiqabad"
"274904","Sheeza Barkat","MR-5331","EMDS Call","Medical Emergency","Vertigo/ Dizziness","2026/03/21 05:27:17 PM","Sadiqabad"
"274905","Sheeza Barkat","MR-5331","EMDS Call","Road Crash","Severe Trauma","2026/03/21 05:33:30 PM","Rahim Yar Khan"
"274906","Zia ul Haq","DR-328","EMDS Call","Road Crash","Minor Injuries","2026/03/21 05:35:58 PM","Rahim Yar Khan"
"274907","Sheeza Barkat","MR-5331","EMDS Call","Road Crash","Severe Trauma","2026/03/21 05:38:06 PM","Rahim Yar Khan"
"274908","Zia ul Haq","DR-328","EMDS Call","Fall","Fall From Wall","2026/03/21 05:40:05 PM","Rahim Yar Khan"
"274909","Zia ul Haq","DR-328","EMDS Call","Road Crash","Severe Trauma","2026/03/21 05:48:44 PM","Khanpur"
"274910","Sheeza Barkat","MR-5331","EMDS Call","Medical Emergency","Diabetic","2026/03/21 05:49:45 PM","Rahim Yar Khan"
"274911","Zia ul Haq","DR-328","EMDS Call","Road Crash","Severe Trauma","2026/03/21 05:52:24 PM","Khanpur"
"274912","Sheeza Barkat","MR-5331","EMDS Call","Medical Emergency","Vomiting","2026/03/21 05:54:23 PM","Sadiqabad"
"77211","Saima Bashir","MR-5819","Direct Call","Patient Transfer Service","N/A","2026/03/21 05:59:11 PM","Liaqatpur"
"274913","Sheeza Barkat","MR-5331","EMDS Call","Medical Emergency","Vertigo/ Dizziness","2026/03/21 05:57:39 PM","Rahim Yar Khan"
"274914","Adil Iqbal","DR-782","EMDS Call","Medical Emergency","Hypertension","2026/03/21 05:59:03 PM","Liaqatpur"
"274915","Saima Bashir","MR-5819","EMDS Call","Medical Emergency","SOB/ Respiratory Distress","2026/03/21 06:00:45 PM","Sadiqabad"
"274916","Adil Iqbal","DR-782","EMDS Call","Medical Emergency","Joints Pain","2026/03/21 06:02:00 PM","Rahim Yar Khan"
"77212","Sheeza Barkat","MR-5331","Direct Call","Patient Transfer Service","N/A","2026/03/21 06:04:48 PM","Liaqatpur"
"274917","Sheeza Barkat","MR-5331","EMDS Call","Road Crash","Severe Trauma","2026/03/21 06:06:01 PM","Sadiqabad"
"274918","Adil Iqbal","DR-782","EMDS Call","Medical Emergency","Vomiting","2026/03/21 06:07:37 PM","Liaqatpur"
"77213","Saima Bashir","MR-5819","Direct Call","Patient Transfer Service","N/A","2026/03/21 06:14:16 PM","Sadiqabad"
"274919","Sheeza Barkat","MR-5331","EMDS Call","Medical Emergency","Hypotension","2026/03/21 06:11:19 PM","Rahim Yar Khan"
"274920","Saima Bashir","MR-5819","EMDS Call","Medical Emergency","Epilepsy","2026/03/21 06:18:11 PM","Rahim Yar Khan"
"274921","Sheeza Barkat","MR-5331","EMDS Call","Medical Emergency","Hypertension","2026/03/21 06:22:38 PM","Rahim Yar Khan"
"274922","Sheeza Barkat","MR-5331","EMDS Call","Medical Emergency","Abdominal Pain","2026/03/21 06:29:24 PM","Rahim Yar Khan"
"77214","Sheeza Barkat","MR-5331","Direct Call","Patient Transfer Service","N/A","2026/03/21 06:34:26 PM","Sadiqabad"
"274923","Adil Iqbal","DR-782","EMDS Call","Medical Emergency","Gynae Problem","2026/03/21 06:30:55 PM","Sadiqabad"
"274924","Adil Iqbal","DR-782","EMDS Call","Crime","Physical Assault/Violence","2026/03/21 06:40:45 PM","Rahim Yar Khan"
"274925","Saima Bashir","MR-5819","EMDS Call","Rescue Operations","Delivery Case","2026/03/21 06:55:13 PM","Rahim Yar Khan"
"274926","Saima Bashir","MR-5819","EMDS Call","Road Crash","Minor Injuries","2026/03/21 07:02:32 PM","Khanpur"
"274927","Sheeza Barkat","MR-5331","EMDS Call","Crime","Probable Suicide","2026/03/21 07:04:28 PM","Rahim Yar Khan"
"274928","Zia ul Haq","DR-328","EMDS Call","Road Crash","Minor Injuries","2026/03/21 07:11:11 PM","Liaqatpur"
"77215","Saima Bashir","MR-5819","Direct Call","Patient Transfer Service","N/A","2026/03/21 07:18:25 PM","Sadiqabad"
"274929","Adil Iqbal","DR-782","EMDS Call","Rescue Operations","Delivery Case","2026/03/21 07:21:36 PM","Liaqatpur"
"274930","Saima Bashir","MR-5819","EMDS Call","Road Crash","Minor Injuries","2026/03/21 07:22:48 PM","Rahim Yar Khan"
"77216","Adil Iqbal","DR-782","Direct Call","Patient Transfer Service","N/A","2026/03/21 07:24:28 PM","Khanpur"
"274931","Zia ul Haq","DR-328","Direct Call","Medical Emergency","Chest Pain","2026/03/21 07:33:35 PM","Sadiqabad"
"274932","Saima Bashir","MR-5819","EMDS Call","Road Crash","Severe Trauma","2026/03/21 07:34:08 PM","Rahim Yar Khan"
"274932","Saima Bashir","MR-5819","EMDS Call","Road Crash","Severe Trauma","2026/03/21 07:34:08 PM","Rahim Yar Khan"
"274933","Sheeza Barkat","MR-5331","EMDS Call","Medical Emergency","Joints Pain","2026/03/21 07:34:48 PM","Rahim Yar Khan"
"274934","Saima Bashir","MR-5819","EMDS Call","Medical Emergency","Vertigo/ Dizziness","2026/03/21 07:36:28 PM","Rahim Yar Khan"
"274935","Zia ul Haq","DR-328","EMDS Call","Medical Emergency","Vomiting","2026/03/21 07:36:24 PM","Sadiqabad"
"274936","Zia ul Haq","DR-328","EMDS Call","Medical Emergency","Anxiety / Psychiatric Disorder","2026/03/21 07:46:04 PM","Rahim Yar Khan"
"274937","Saima Bashir","MR-5819","EMDS Call","Medical Emergency","Domestic Injuries","2026/03/21 07:47:00 PM","Sadiqabad"
"274938","Sheeza Barkat","MR-5331","EMDS Call","Medical Emergency","Hypertension","2026/03/21 07:47:39 PM","Liaqatpur"
"274939","Sheeza Barkat","MR-5331","EMDS Call","Medical Emergency","SOB/ Respiratory Distress","2026/03/21 07:57:16 PM","Liaqatpur"
"274941","Saima Bashir","MR-5819","EMDS Call","Medical Emergency","Vomiting","2026/03/21 08:03:48 PM","Rahim Yar Khan"
"274940","Adil Iqbal","DR-782","EMDS Call","Medical Emergency","Vomiting","2026/03/21 08:03:06 PM","Rahim Yar Khan"
"274942","Adil Iqbal","DR-782","EMDS Call","Road Crash","Minor Injuries","2026/03/21 08:06:39 PM","Rahim Yar Khan"
"274943","Adil Iqbal","DR-782","EMDS Call","Road Crash","Multiple Fractures","2026/03/21 08:13:18 PM","Sadiqabad"
"Not Assigned","Saima Bashir","MR-5819","EMDS Call","Medical Emergency","Others","2026/03/21 08:21:16 PM","Sadiqabad"
"274946","Saima Bashir","MR-5819","EMDS Call","Rescue Operations","Delivery Case","2026/03/21 08:32:37 PM","Rahim Yar Khan"
"274945","Sheeza Barkat","MR-5331","EMDS Call","Medical Emergency","Anxiety / Psychiatric Disorder","2026/03/21 08:32:21 PM","Sadiqabad"
"274947","Zupasha Zia","MR-5758","EMDS Call","Medical Emergency","Anxiety / Psychiatric Disorder","2026/03/21 08:43:05 PM","Sadiqabad"
"274948","Bushra Saleem","MR-5701","EMDS Call","Medical Emergency","Diabetic","2026/03/21 08:48:44 PM","Rahim Yar Khan"
"274949","Zupasha Zia","MR-5758","EMDS Call","Medical Emergency","Chest Pain","2026/03/21 08:51:04 PM","Rahim Yar Khan"
"274950","Muhammad Rashid Saleem","DR-187","EMDS Call","Medical Emergency","SOB/ Respiratory Distress","2026/03/21 09:01:07 PM","Rahim Yar Khan"
"274951","Muhammad Rashid Saleem","DR-187","EMDS Call","Rescue Operations","Delivery Case","2026/03/21 09:06:20 PM","Sadiqabad"
"274952","Bushra Saleem","MR-5701","EMDS Call","Medical Emergency","Chest Pain","2026/03/21 09:07:54 PM","Rahim Yar Khan"
"274954","Zupasha Zia","MR-5758","EMDS Call","Medical Emergency","Vomiting","2026/03/21 09:08:47 PM","Rahim Yar Khan"
"274953","Muhammad Rashid Saleem","DR-187","EMDS Call","Medical Emergency","Joints Pain","2026/03/21 09:08:52 PM","Rahim Yar Khan"
"274955","Bushra Saleem","MR-5701","EMDS Call","Medical Emergency","Hypotension","2026/03/21 09:09:01 PM","Khanpur"
"274956","Zupasha Zia","MR-5758","EMDS Call","Road Crash","Minor Injuries","2026/03/21 09:16:49 PM","Rahim Yar Khan"
"274957","Zupasha Zia","MR-5758","EMDS Call","Medical Emergency","Vertigo/ Dizziness","2026/03/21 09:21:10 PM","Rahim Yar Khan"
"274958","Bushra Saleem","MR-5701","EMDS Call","Medical Emergency","Unconscious","2026/03/21 09:22:02 PM","Rahim Yar Khan"
"274959","Zupasha Zia","MR-5758","EMDS Call","Medical Emergency","Unconscious","2026/03/21 09:30:06 PM","Rahim Yar Khan"
"274960","Zahid Manzoor","DR-887","EMDS Call","Medical Emergency","Domestic Injuries","2026/03/21 09:29:32 PM","Rahim Yar Khan"
"274961","Zupasha Zia","MR-5758","EMDS Call","Medical Emergency","Abdominal Pain","2026/03/21 09:34:39 PM","Sadiqabad"
"274962","Zahid Manzoor","DR-887","EMDS Call","Medical Emergency","Abdominal Pain","2026/03/21 09:41:44 PM","Khanpur"
"274963","Zahid Manzoor","DR-887","EMDS Call","Medical Emergency","High Fever","2026/03/21 09:52:12 PM","Rahim Yar Khan"
"274964","Bushra Saleem","MR-5701","Direct Call","Medical Emergency","SOB/ Respiratory Distress","2026/03/21 09:53:01 PM","Rahim Yar Khan"
"274965","Zahid Manzoor","DR-887","EMDS Call","Rescue Operations","Delivery Case","2026/03/21 09:55:32 PM","Liaqatpur"
"274966","Zahid Manzoor","DR-887","EMDS Call","Road Crash","Minor Injuries","2026/03/21 10:00:39 PM","Rahim Yar Khan"
"274966","Zahid Manzoor","DR-887","EMDS Call","Road Crash","Minor Injuries","2026/03/21 10:00:39 PM","Rahim Yar Khan"
"77217","Bushra Saleem","MR-5701","Direct Call","Patient Transfer Service","N/A","2026/03/21 10:07:54 PM","Liaqatpur"
"274967","Zupasha Zia","MR-5758","EMDS Call","Medical Emergency","High Fever","2026/03/21 10:07:33 PM","Rahim Yar Khan"
"274968","Zupasha Zia","MR-5758","EMDS Call","Medical Emergency","Joints Pain","2026/03/21 10:12:43 PM","Rahim Yar Khan"
"274969","Bushra Saleem","MR-5701","EMDS Call","Medical Emergency","Urinary Retention","2026/03/21 10:18:22 PM","Sadiqabad"
"274970","Zupasha Zia","MR-5758","EMDS Call","Medical Emergency","Hypertension","2026/03/21 10:19:50 PM","Rahim Yar Khan"
"274971","Zahid Manzoor","DR-887","EMDS Call","Medical Emergency","Backache","2026/03/21 10:24:10 PM","Sadiqabad"
"274972","Bushra Saleem","MR-5701","EMDS Call","Medical Emergency","Hypertension","2026/03/21 10:25:20 PM","Khanpur"
"274973","Zahid Manzoor","DR-887","EMDS Call","Road Crash","Minor Injuries","2026/03/21 10:28:15 PM","Rahim Yar Khan"
"274974","Zupasha Zia","MR-5758","EMDS Call","Medical Emergency","Chest Pain","2026/03/21 10:30:29 PM","Rahim Yar Khan"
"274975","Bushra Saleem","MR-5701","EMDS Call","Medical Emergency","Hypertension","2026/03/21 10:33:21 PM","Sadiqabad"
"274976","Bushra Saleem","MR-5701","EMDS Call","Medical Emergency","Joints Pain","2026/03/21 10:36:54 PM","Rahim Yar Khan"
"274977","Zahid Manzoor","DR-887","EMDS Call","Road Crash","Severe Trauma","2026/03/21 10:38:14 PM","Khanpur"
"274977","Zahid Manzoor","DR-887","EMDS Call","Road Crash","Severe Trauma","2026/03/21 10:38:14 PM","Khanpur"
"274977","Zahid Manzoor","DR-887","EMDS Call","Road Crash","Severe Trauma","2026/03/21 10:38:14 PM","Khanpur"
"274977","Zahid Manzoor","DR-887","EMDS Call","Road Crash","Severe Trauma","2026/03/21 10:38:14 PM","Khanpur"
"274977","Zahid Manzoor","DR-887","EMDS Call","Road Crash","Severe Trauma","2026/03/21 10:38:14 PM","Khanpur"
"274977","Zahid Manzoor","DR-887","EMDS Call","Road Crash","Severe Trauma","2026/03/21 10:38:14 PM","Khanpur"
"274977","Zahid Manzoor","DR-887","EMDS Call","Road Crash","Severe Trauma","2026/03/21 10:38:14 PM","Khanpur"
"274978","Zupasha Zia","MR-5758","EMDS Call","Medical Emergency","Abdominal Pain","2026/03/21 10:40:47 PM","Rahim Yar Khan"
"77218","Bushra Saleem","MR-5701","Direct Call","Patient Transfer Service","N/A","2026/03/21 10:52:25 PM","Sadiqabad"
"274979","Zupasha Zia","MR-5758","EMDS Call","Medical Emergency","Vomiting","2026/03/21 10:54:02 PM","Rahim Yar Khan"
"274980","Muhammad Rashid Saleem","DR-187","EMDS Call","Medical Emergency","Vertigo/ Dizziness","2026/03/21 11:02:16 PM","Rahim Yar Khan"
"274981","Zupasha Zia","MR-5758","EMDS Call","Medical Emergency","Epilepsy","2026/03/21 11:07:45 PM","Rahim Yar Khan"
"274982","Zupasha Zia","MR-5758","EMDS Call","Medical Emergency","Vertigo/ Dizziness","2026/03/21 11:10:59 PM","Rahim Yar Khan"
"274983","Rana M. Usman","DR-200","EMDS Call","Medical Emergency","Hypertension","2026/03/21 11:13:55 PM","Khanpur"
"274984","Muhammad Rashid Saleem","DR-187","EMDS Call","Medical Emergency","Hypotension","2026/03/21 11:18:59 PM","Khanpur"
"274985","Zupasha Zia","MR-5758","EMDS Call","Medical Emergency","SOB/ Respiratory Distress","2026/03/21 11:19:18 PM","Rahim Yar Khan"
"274986","Zupasha Zia","MR-5758","EMDS Call","Medical Emergency","Hypertension","2026/03/21 11:30:26 PM","Rahim Yar Khan"
"274987","Rana M. Usman","DR-200","Direct Call","Medical Emergency","Vomiting","2026/03/21 11:34:29 PM","Rahim Yar Khan"
"274988","Zupasha Zia","MR-5758","EMDS Call","Medical Emergency","Headache","2026/03/21 11:37:23 PM","Sadiqabad"
"274989","Rana M. Usman","DR-200","EMDS Call","Medical Emergency","Abdominal Pain","2026/03/21 11:41:36 PM","Rahim Yar Khan"
"274990","Rana M. Usman","DR-200","EMDS Call","Road Crash","Severe Trauma","2026/03/22 12:10:20 AM","Rahim Yar Khan"
"274991","Muhammad Rashid Saleem","DR-187","EMDS Call","Medical Emergency","Anxiety / Psychiatric Disorder","2026/03/22 12:18:13 AM","Rahim Yar Khan"
"274992","Rana M. Usman","DR-200","EMDS Call","Medical Emergency","Chest Pain","2026/03/22 12:20:13 AM","Rahim Yar Khan"
"274993","Zupasha Zia","MR-5758","EMDS Call","Medical Emergency","High Fever","2026/03/22 12:21:29 AM","Rahim Yar Khan"
"274994","Zupasha Zia","MR-5758","EMDS Call","Medical Emergency","CVA/Stroke","2026/03/22 12:31:16 AM","Khanpur"
"274995","Rana M. Usman","DR-200","EMDS Call","Medical Emergency","Joints Pain","2026/03/22 12:32:22 AM","Rahim Yar Khan"
"274996","Rana M. Usman","DR-200","EMDS Call","Medical Emergency","Anxiety / Psychiatric Disorder","2026/03/22 12:44:02 AM","Rahim Yar Khan"
"274997","Muhammad Rashid Saleem","DR-187","EMDS Call","Medical Emergency","Hypertension","2026/03/22 12:52:32 AM","Khanpur"
"77219","Zupasha Zia","MR-5758","Direct Call","Patient Transfer Service","N/A","2026/03/22 01:04:39 AM","Sadiqabad"
"77220","Zupasha Zia","MR-5758","Direct Call","Patient Transfer Service","N/A","2026/03/22 01:17:14 AM","Sadiqabad"
"274998","Muhammad Rashid Saleem","DR-187","EMDS Call","Medical Emergency","Diarrhea","2026/03/22 01:21:08 AM","Rahim Yar Khan"
"274999","Rana M. Usman","DR-200","EMDS Call","Medical Emergency","Anxiety / Psychiatric Disorder","2026/03/22 01:31:40 AM","Rahim Yar Khan"
"275000","Zupasha Zia","MR-5758","EMDS Call","Medical Emergency","Abdominal Pain","2026/03/22 01:38:21 AM","Khanpur"
"275001","Rana M. Usman","DR-200","EMDS Call","Medical Emergency","Vomiting","2026/03/22 01:41:13 AM","Sadiqabad"
"275002","Muhammad Rashid Saleem","DR-187","EMDS Call","Medical Emergency","Vomiting","2026/03/22 01:45:04 AM","Khanpur"
"275003","Zupasha Zia","MR-5758","EMDS Call","Medical Emergency","Anxiety / Psychiatric Disorder","2026/03/22 02:03:06 AM","Sadiqabad"
"275004","Muhammad Rashid Saleem","DR-187","Direct Call","Medical Emergency","Hypertension","2026/03/22 02:03:54 AM","Khanpur"
"275005","Rana M. Usman","DR-200","EMDS Call","Medical Emergency","Diarrhea","2026/03/22 02:14:44 AM","Khanpur"
"275007","Zupasha Zia","MR-5758","EMDS Call","Medical Emergency","High Fever","2026/03/22 02:15:56 AM","Khanpur"
"275006","Muhammad Rashid Saleem","DR-187","EMDS Call","Medical Emergency","SOB/ Respiratory Distress","2026/03/22 02:14:59 AM","Rahim Yar Khan"
"275008","Rana M. Usman","DR-200","EMDS Call","Rescue Operations","Vehicle Extrication","2026/03/22 02:16:46 AM","Rahim Yar Khan"
"275009","Muhammad Rashid Saleem","DR-187","EMDS Call","Medical Emergency","Abdominal Pain","2026/03/22 02:34:48 AM","Rahim Yar Khan"
"275010","Rana M. Usman","DR-200","EMDS Call","Rescue Operations","Delivery Case","2026/03/22 02:54:56 AM","Sadiqabad"
"275011","Muhammad Rashid Saleem","DR-187","EMDS Call","Medical Emergency","Abdominal Pain","2026/03/22 02:59:03 AM","Rahim Yar Khan"
"275012","Zupasha Zia","MR-5758","EMDS Call","Medical Emergency","Abdominal Pain","2026/03/22 03:04:02 AM","Rahim Yar Khan"
"77221","Zupasha Zia","MR-5758","Direct Call","Patient Transfer Service","N/A","2026/03/22 03:08:42 AM","Sadiqabad"
"275013","Muhammad Rashid Saleem","DR-187","EMDS Call","Medical Emergency","Anxiety / Psychiatric Disorder","2026/03/22 03:13:59 AM","Rahim Yar Khan"
"275014","Muhammad Rashid Saleem","DR-187","EMDS Call","Medical Emergency","Joints Pain","2026/03/22 03:45:28 AM","Khanpur"
"275015","Bushra Saleem","MR-5701","EMDS Call","Medical Emergency","Abdominal Pain","2026/03/22 03:50:16 AM","Rahim Yar Khan"
"275016","Bushra Saleem","MR-5701","Direct Call","Medical Emergency","Vomiting","2026/03/22 04:00:00 AM","Rahim Yar Khan"
"275017","Zahid Manzoor","DR-887","EMDS Call","Medical Emergency","Abdominal Pain","2026/03/22 04:02:32 AM","Rahim Yar Khan"
"275018","Muhammad Rashid Saleem","DR-187","EMDS Call","Medical Emergency","Hypertension","2026/03/22 04:04:06 AM","Khanpur"
"275019","Muhammad Rashid Saleem","DR-187","EMDS Call","Medical Emergency","Unconscious","2026/03/22 04:26:37 AM","Rahim Yar Khan"
"275020","Muhammad Rashid Saleem","DR-187","EMDS Call","Medical Emergency","Urinary Retention","2026/03/22 04:31:06 AM","Rahim Yar Khan"
"275021","Bushra Saleem","MR-5701","EMDS Call","Medical Emergency","Chronic Illness","2026/03/22 04:34:34 AM","Rahim Yar Khan"
"275022","Muhammad Rashid Saleem","DR-187","EMDS Call","Rescue Operations","Delivery Case","2026/03/22 04:35:54 AM","Khanpur"
"275023","Muhammad Rashid Saleem","DR-187","EMDS Call","Medical Emergency","Abdominal Pain","2026/03/22 04:43:55 AM","Rahim Yar Khan"
"275024","Bushra Saleem","MR-5701","EMDS Call","Medical Emergency","Renal Disorders / Renal Colic ","2026/03/22 04:49:01 AM","Rahim Yar Khan"
"77222","Muhammad Rashid Saleem","DR-187","Direct Call","Patient Transfer Service","N/A","2026/03/22 05:01:52 AM","Sadiqabad"
"275025","Bushra Saleem","MR-5701","EMDS Call","Medical Emergency","Abdominal Pain","2026/03/22 05:06:46 AM","Sadiqabad"
"275026","Zahid Manzoor","DR-887","EMDS Call","Medical Emergency","Joints Pain","2026/03/22 05:23:28 AM","Rahim Yar Khan"
"275027","Muhammad Rashid Saleem","DR-187","EMDS Call","Medical Emergency","Chronic Illness","2026/03/22 05:53:33 AM","Liaqatpur"
"275028","Zahid Manzoor","DR-887","EMDS Call","Medical Emergency","Joints Pain","2026/03/22 06:09:54 AM","Rahim Yar Khan"
"275029","Bushra Saleem","MR-5701","EMDS Call","Medical Emergency","Unconscious","2026/03/22 06:28:34 AM","Khanpur"
"275030","Muhammad Rashid Saleem","DR-187","EMDS Call","Medical Emergency","Joints Pain","2026/03/22 07:10:27 AM","Rahim Yar Khan"
"275032","Muhammad Rashid Saleem","DR-187","EMDS Call","Crime","Probable Suicide","2026/03/22 07:19:09 AM","Rahim Yar Khan"
"275031","Bushra Saleem","MR-5701","EMDS Call","Road Crash","Bleeding","2026/03/22 07:20:13 AM","Liaqatpur"
"275033","Zahid Manzoor","DR-887","EMDS Call","Medical Emergency","Vomiting","2026/03/22 07:23:43 AM","Rahim Yar Khan"
"275034","Bushra Saleem","MR-5701","EMDS Call","Medical Emergency","Diabetic","2026/03/22 07:29:16 AM","Rahim Yar Khan"
"275035","Muhammad Rashid Saleem","DR-187","EMDS Call","Road Crash","Bleeding","2026/03/22 07:39:10 AM","Khanpur"
"275036","Muhammad Zubair","DR-894","EMDS Call","Medical Emergency","Chest Pain","2026/03/22 07:48:31 AM","Sadiqabad"
"275037","Bushra Saleem","MR-5701","EMDS Call","Rescue Operations","Delivery Case","2026/03/22 07:52:10 AM","Khanpur"
"275038","Muhammad Zubair","DR-894","EMDS Call","Medical Emergency","Abdominal Pain","2026/03/22 07:53:40 AM","Khanpur"
"275039","Farah Sadaqat","MR-5930","EMDS Call","Medical Emergency","High Fever","2026/03/22 08:06:32 AM","Khanpur"
"Not Assigned","Farah Sadaqat","MR-5930","EMDS Call","Crime","Bullet Injury","2026/03/22 08:11:15 AM","Rahim Yar Khan"
"275041","Farah Sadaqat","MR-5930","EMDS Call","Road Crash","Minor Injuries","2026/03/22 08:19:07 AM","Rahim Yar Khan"
"275042","Muhammad Zubair","DR-894","EMDS Call","Medical Emergency","Abdominal Pain","2026/03/22 08:20:49 AM","Rahim Yar Khan"
"275043","Farah Sadaqat","MR-5930","EMDS Call","Medical Emergency","Joints Pain","2026/03/22 08:22:25 AM","Sadiqabad"
"275044","Muhammad Zubair","DR-894","EMDS Call","Road Crash","Minor Injuries","2026/03/22 08:24:48 AM","Rahim Yar Khan"
"275045","Farah Sadaqat","MR-5930","EMDS Call","Road Crash","Minor Injuries","2026/03/22 08:30:50 AM","Rahim Yar Khan"
"275048","Muhammad Zubair","DR-894","EMDS Call","Medical Emergency","Chest Pain","2026/03/22 08:33:05 AM","Sadiqabad"
"275046","Faiz Muhyy Ul Din","DR-892","EMDS Call","Road Crash","Minor Injuries","2026/03/22 08:32:38 AM","Rahim Yar Khan"
"275047","Farah Sadaqat","MR-5930","EMDS Call","Road Crash","Bleeding","2026/03/22 08:36:15 AM","Rahim Yar Khan"
"275049","Farah Sadaqat","MR-5930","EMDS Call","Road Crash","Minor Injuries","2026/03/22 08:39:20 AM","Rahim Yar Khan"
"275050","Faiz Muhyy Ul Din","DR-892","EMDS Call","Medical Emergency","SOB/ Respiratory Distress","2026/03/22 08:41:53 AM","Sadiqabad"
"275051","Faiz Muhyy Ul Din","DR-892","EMDS Call","Medical Emergency","Renal Disorders / Renal Colic ","2026/03/22 08:44:13 AM","Rahim Yar Khan"
"275052","Shahla Nawaz","DR-185","EMDS Call","Medical Emergency","Urinary Retention","2026/03/22 08:48:51 AM","Rahim Yar Khan"
"275054","Faiz Muhyy Ul Din","DR-892","EMDS Call","Medical Emergency","Renal Disorders / Renal Colic ","2026/03/22 08:48:10 AM","Sadiqabad"
"77223","Farah Sadaqat","MR-5930","Direct Call","Patient Transfer Service","N/A","2026/03/22 08:51:44 AM","Liaqatpur"
"275053","Faiz Muhyy Ul Din","DR-892","EMDS Call","Road Crash","Multiple Fractures","2026/03/22 08:53:01 AM","Rahim Yar Khan"
"Not Assigned","Shahla Nawaz","DR-185","EMDS Call","Medical Emergency","Unconscious","2026/03/22 08:53:11 AM","Rahim Yar Khan"
"275056","Shahla Nawaz","DR-185","EMDS Call","Medical Emergency","Hypertension","2026/03/22 08:53:35 AM","Rahim Yar Khan"
"275055","Faiz Muhyy Ul Din","DR-892","EMDS Call","Medical Emergency","High Fever","2026/03/22 08:55:29 AM","Rahim Yar Khan"
"275057","Farah Sadaqat","MR-5930","EMDS Call","Road Crash","Minor Injuries","2026/03/22 08:54:23 AM","Rahim Yar Khan"
"275058","Shahla Nawaz","DR-185","EMDS Call","Medical Emergency","High Fever","2026/03/22 09:06:22 AM","Liaqatpur"
"275059","Farah Sadaqat","MR-5930","EMDS Call","Road Crash","Bleeding","2026/03/22 09:08:28 AM","Khanpur"
"275060","Faiz Muhyy Ul Din","DR-892","Direct Call","Rescue Operations","Mass Event Coverage","2026/03/22 09:10:55 AM","Rahim Yar Khan"
"77224","Shahla Nawaz","DR-185","Direct Call","Patient Transfer Service","N/A","2026/03/22 09:13:04 AM","Sadiqabad"
"275061","Shahla Nawaz","DR-185","EMDS Call","Medical Emergency","SOB/ Respiratory Distress","2026/03/22 09:15:48 AM","Liaqatpur"
"275062","Shahla Nawaz","DR-185","EMDS Call","Road Crash","Minor Injuries","2026/03/22 09:20:02 AM","Rahim Yar Khan"
"275063","Shahla Nawaz","DR-185","EMDS Call","Medical Emergency","Headache","2026/03/22 09:25:35 AM","Rahim Yar Khan"
"275064","Farah Sadaqat","MR-5930","EMDS Call","Medical Emergency","SOB/ Respiratory Distress","2026/03/22 09:27:23 AM","Sadiqabad"
"275065","Faiz Muhyy Ul Din","DR-892","EMDS Call","Road Crash","Severe Trauma","2026/03/22 09:28:27 AM","Khanpur"
"Not Assigned","Faiz Muhyy Ul Din","DR-892","EMDS Call","Medical Emergency","Domestic Injuries","2026/03/22 09:33:08 AM","Rahim Yar Khan"
"275067","Farah Sadaqat","MR-5930","EMDS Call","Road Crash","Severe Trauma","2026/03/22 09:32:14 AM","Khanpur"
"275068","Farah Sadaqat","MR-5930","EMDS Call","Fall","Fall From Roof","2026/03/22 09:39:36 AM","Rahim Yar Khan"
"275069","Shahla Nawaz","DR-185","EMDS Call","Medical Emergency","CVA/Stroke","2026/03/22 09:52:55 AM","Rahim Yar Khan"
"77225","Farah Sadaqat","MR-5930","Direct Call","Patient Transfer Service","N/A","2026/03/22 09:56:58 AM","Khanpur"
"275070","Faiz Muhyy Ul Din","DR-892","EMDS Call","Medical Emergency","Anxiety / Psychiatric Disorder","2026/03/22 10:03:48 AM","Khanpur"
"275071","Farah Sadaqat","MR-5930","EMDS Call","Medical Emergency","Anxiety / Psychiatric Disorder","2026/03/22 10:21:38 AM","Rahim Yar Khan"
"77226","Shahla Nawaz","DR-185","Direct Call","Patient Transfer Service","N/A","2026/03/22 10:22:41 AM","Sadiqabad"
"275072","Shahla Nawaz","DR-185","EMDS Call","Medical Emergency","Joints Pain","2026/03/22 10:35:36 AM","Rahim Yar Khan"
"275073","Muhammad Zahid","DR-888","EMDS Call","Medical Emergency","Unconscious","2026/03/22 10:35:54 AM","Rahim Yar Khan"
"77227","Farah Sadaqat","MR-5930","Direct Call","Patient Transfer Service","N/A","2026/03/22 10:38:21 AM","Khanpur"
"77228","Farah Sadaqat","MR-5930","Direct Call","Patient Transfer Service","N/A","2026/03/22 10:42:32 AM","Liaqatpur"
"275074","Faiz Muhyy Ul Din","DR-892","EMDS Call","Medical Emergency","Domestic Injuries","2026/03/22 10:41:39 AM","Rahim Yar Khan"
"77229","Farah Sadaqat","MR-5930","Direct Call","Patient Transfer Service","N/A","2026/03/22 10:45:33 AM","Sadiqabad"
"77230","Farah Sadaqat","MR-5930","Direct Call","Patient Transfer Service","N/A","2026/03/22 10:51:44 AM","Khanpur"
"275075","Faiz Muhyy Ul Din","DR-892","EMDS Call","Medical Emergency","Joints Pain","2026/03/22 10:52:45 AM","Khanpur"
"275076","Faiz Muhyy Ul Din","DR-892","EMDS Call","Road Crash","Severe Trauma","2026/03/22 10:59:19 AM","Khanpur"
"275077","Faiz Muhyy Ul Din","DR-892","EMDS Call","Medical Emergency","Anxiety / Psychiatric Disorder","2026/03/22 11:00:44 AM","Rahim Yar Khan"
"275078","Farah Sadaqat","MR-5930","EMDS Call","Medical Emergency","Domestic Injuries","2026/03/22 11:01:38 AM","Khanpur"
"275079","Faiz Muhyy Ul Din","DR-892","Direct Call","Medical Emergency","Hypertension","2026/03/22 11:14:18 AM","Rahim Yar Khan"
"275080","Faiz Muhyy Ul Din","DR-892","EMDS Call","Road Crash","Minor Injuries","2026/03/22 11:19:29 AM","Rahim Yar Khan"
"275081","Farah Sadaqat","MR-5930","EMDS Call","Medical Emergency","Abdominal Pain","2026/03/22 11:23:06 AM","Khanpur"
"275082","Shahla Nawaz","DR-185","EMDS Call","Medical Emergency","Hypertension","2026/03/22 11:30:27 AM","Rahim Yar Khan"
"275083","Farah Sadaqat","MR-5930","EMDS Call","Medical Emergency","Abdominal Pain","2026/03/22 11:31:30 AM","Rahim Yar Khan"
"275084","Faiz Muhyy Ul Din","DR-892","EMDS Call","Road Crash","Minor Injuries","2026/03/22 11:37:07 AM","Sadiqabad"
"275085","Faiz Muhyy Ul Din","DR-892","EMDS Call","Road Crash","Bleeding","2026/03/22 11:40:23 AM","Khanpur"
"275086","Faiz Muhyy Ul Din","DR-892","EMDS Call","Medical Emergency","Anxiety / Psychiatric Disorder","2026/03/22 11:45:58 AM","Sadiqabad"
"275087","Farah Sadaqat","MR-5930","EMDS Call","Road Crash","Minor Injuries","2026/03/22 11:54:48 AM","Rahim Yar Khan"
"77231","Farah Sadaqat","MR-5930","Direct Call","Patient Transfer Service","N/A","2026/03/22 11:58:06 AM","Sadiqabad"
"275088","Faiz Muhyy Ul Din","DR-892","EMDS Call","Medical Emergency","Vertigo/ Dizziness","2026/03/22 12:05:00 PM","Rahim Yar Khan"
"77232","Farah Sadaqat","MR-5930","Direct Call","Patient Transfer Service","N/A","2026/03/22 12:12:12 PM","Sadiqabad"
"275089","Shahla Nawaz","DR-185","EMDS Call","Medical Emergency","SOB/ Respiratory Distress","2026/03/22 12:13:12 PM","Khanpur"
"275090","Farah Sadaqat","MR-5930","EMDS Call","Rescue Operations","Animal/Bird Rescue","2026/03/22 12:19:38 PM","Khanpur"
"275091","Farah Sadaqat","MR-5930","Direct Call","Medical Emergency","High Fever","2026/03/22 12:29:19 PM","Rahim Yar Khan"
"Not Assigned","Shahla Nawaz","DR-185","EMDS Call","Medical Emergency","Abdominal Pain","2026/03/22 12:29:27 PM","Rahim Yar Khan"
"275093","Farah Sadaqat","MR-5930","EMDS Call","Medical Emergency","Hypertension","2026/03/22 12:39:15 PM","Rahim Yar Khan"
"275094","Shahla Nawaz","DR-185","EMDS Call","Medical Emergency","Vertigo/ Dizziness","2026/03/22 12:43:30 PM","Rahim Yar Khan"
"275095","Shahla Nawaz","DR-185","EMDS Call","Medical Emergency","Chronic Illness","2026/03/22 12:49:15 PM","Rahim Yar Khan"
"275096","Faiz Muhyy Ul Din","DR-892","EMDS Call","Medical Emergency","Abdominal Pain","2026/03/22 12:58:17 PM","Rahim Yar Khan"
"77233","Farah Sadaqat","MR-5930","Direct Call","Patient Transfer Service","N/A","2026/03/22 01:02:08 PM","Sadiqabad"
"275097","Farah Sadaqat","MR-5930","EMDS Call","Road Crash","Severe Trauma","2026/03/22 01:10:04 PM","Khanpur"
"275098","Faiz Muhyy Ul Din","DR-892","Direct Call","Crime","Physical Assault/Violence","2026/03/22 01:11:41 PM","Rahim Yar Khan"
"275099","Shahla Nawaz","DR-185","EMDS Call","Medical Emergency","Abdominal Pain","2026/03/22 01:09:51 PM","Khanpur"
"275100","Farah Sadaqat","MR-5930","EMDS Call","Road Crash","Minor Injuries","2026/03/22 01:12:17 PM","Rahim Yar Khan"
"275101","Faiz Muhyy Ul Din","DR-892","EMDS Call","Road Crash","Bleeding","2026/03/22 01:13:36 PM","Rahim Yar Khan"
"275102","Shahla Nawaz","DR-185","EMDS Call","Medical Emergency","Unconscious","2026/03/22 01:13:53 PM","Rahim Yar Khan"
"275103","Faiz Muhyy Ul Din","DR-892","EMDS Call","Medical Emergency","Joints Pain","2026/03/22 01:16:36 PM","Rahim Yar Khan"
"275104","Shahla Nawaz","DR-185","EMDS Call","Medical Emergency","Vertigo/ Dizziness","2026/03/22 01:19:25 PM","Rahim Yar Khan"
"275105","Shahla Nawaz","DR-185","EMDS Call","Crime","Physical Assault/Violence","2026/03/22 01:23:38 PM","Liaqatpur"
"275105","Shahla Nawaz","DR-185","EMDS Call","Crime","Physical Assault/Violence","2026/03/22 01:23:38 PM","Liaqatpur"
"275106","Shahla Nawaz","DR-185","EMDS Call","Rescue Operations","Animal/Bird Rescue","2026/03/22 01:25:57 PM","Sadiqabad"
"275107","Farah Sadaqat","MR-5930","EMDS Call","Road Crash","Severe Trauma","2026/03/22 01:28:29 PM","Khanpur"
"275108","Faiz Muhyy Ul Din","DR-892","EMDS Call","Fall","Slipped On Floor","2026/03/22 01:31:02 PM","Rahim Yar Khan"
"275109","Farah Sadaqat","MR-5930","EMDS Call","Fire","Others","2026/03/22 01:33:03 PM","Sadiqabad"
"275110","Faiz Muhyy Ul Din","DR-892","EMDS Call","Road Crash","Minor Injuries","2026/03/22 01:40:07 PM","Rahim Yar Khan"
"275111","Faiz Muhyy Ul Din","DR-892","EMDS Call","Road Crash","Minor Injuries","2026/03/22 01:48:59 PM","Rahim Yar Khan"
"275112","Shahla Nawaz","DR-185","EMDS Call","Medical Emergency","Chest Pain","2026/03/22 01:51:06 PM","Rahim Yar Khan"
"275113","Farah Sadaqat","MR-5930","Direct Call","Medical Emergency","SOB/ Respiratory Distress","2026/03/22 01:53:13 PM","Khanpur"
"275114","Faiz Muhyy Ul Din","DR-892","EMDS Call","Fire","Others","2026/03/22 01:57:21 PM","Rahim Yar Khan"
"275115","Shahla Nawaz","DR-185","EMDS Call","Medical Emergency","Joints Pain","2026/03/22 01:59:08 PM","Khanpur"
"275116","Faiz Muhyy Ul Din","DR-892","Direct Call","Rescue Operations","Mass Event Coverage","2026/03/22 02:12:54 PM","Rahim Yar Khan"
"275117","Sheeza Barkat","MR-5331","EMDS Call","Road Crash","Bleeding","2026/03/22 02:17:02 PM","Sadiqabad"
"275117","Sheeza Barkat","MR-5331","EMDS Call","Road Crash","Bleeding","2026/03/22 02:17:02 PM","Sadiqabad"
"275118","Farah Sadaqat","MR-5930","EMDS Call","Medical Emergency","Joints Pain","2026/03/22 02:20:54 PM","Rahim Yar Khan"
"275119","Saima Bashir","MR-5819","Direct Call","Medical Emergency","Vertigo/ Dizziness","2026/03/22 02:28:13 PM","Rahim Yar Khan"
"275120","Saima Bashir","MR-5819","EMDS Call","Medical Emergency","SOB/ Respiratory Distress","2026/03/22 02:32:23 PM","Khanpur"
"275121","Sheeza Barkat","MR-5331","EMDS Call","Medical Emergency","Abdominal Pain","2026/03/22 02:33:22 PM","Rahim Yar Khan"
"77234","Muhammad ALi","DR-818","Direct Call","Patient Transfer Service","N/A","2026/03/22 02:38:49 PM","Khanpur"
"77235","Muhammad ALi","DR-818","Direct Call","Patient Transfer Service","N/A","2026/03/22 02:41:24 PM","Khanpur"
"275122","Muhammad ALi","DR-818","EMDS Call","Medical Emergency","SOB/ Respiratory Distress","2026/03/22 02:46:29 PM","Rahim Yar Khan"
"275123","Sheeza Barkat","MR-5331","EMDS Call","Medical Emergency","Chest Pain","2026/03/22 02:49:14 PM","Rahim Yar Khan"
"275124","Saima Bashir","MR-5819","EMDS Call","Road Crash","Minor Injuries","2026/03/22 02:58:27 PM","Sadiqabad"
"275125","Sheeza Barkat","MR-5331","EMDS Call","Medical Emergency","Vertigo/ Dizziness","2026/03/22 02:59:07 PM","Sadiqabad"
"275126","Muhammad ALi","DR-818","EMDS Call","Road Crash","Bleeding","2026/03/22 03:02:22 PM","Rahim Yar Khan"
"275128","Sheeza Barkat","MR-5331","EMDS Call","Road Crash","Bleeding","2026/03/22 03:04:18 PM","Liaqatpur"
"275127","Muhammad ALi","DR-818","EMDS Call","Medical Emergency","Anxiety / Psychiatric Disorder","2026/03/22 03:06:03 PM","Sadiqabad"
"275129","Saima Bashir","MR-5819","EMDS Call","Road Crash","Minor Injuries","2026/03/22 03:22:08 PM","Rahim Yar Khan"
"275131","Muhammad ALi","DR-818","EMDS Call","Medical Emergency","SOB/ Respiratory Distress","2026/03/22 03:26:32 PM","Sadiqabad"
"275130","Saima Bashir","MR-5819","EMDS Call","Medical Emergency","Diabetic","2026/03/22 03:27:30 PM","Rahim Yar Khan"
"275132","Muhammad ALi","DR-818","EMDS Call","Road Crash","Minor Injuries","2026/03/22 03:29:56 PM","Rahim Yar Khan"
"275133","Muhammad ALi","DR-818","EMDS Call","Road Crash","Minor Injuries","2026/03/22 03:35:46 PM","Rahim Yar Khan"
"275134","Sheeza Barkat","MR-5331","EMDS Call","Medical Emergency","Vomiting","2026/03/22 03:36:20 PM","Rahim Yar Khan"
"275135","Muhammad ALi","DR-818","EMDS Call","Road Crash","Bleeding","2026/03/22 03:38:37 PM","Khanpur"
"77236","Sheeza Barkat","MR-5331","Direct Call","Patient Transfer Service","N/A","2026/03/22 03:40:17 PM","Sadiqabad"
"275136","Sheeza Barkat","MR-5331","EMDS Call","Medical Emergency","Unconscious","2026/03/22 03:41:04 PM","Sadiqabad"
"275137","Saima Bashir","MR-5819","EMDS Call","Medical Emergency","Abdominal Pain","2026/03/22 03:51:52 PM","Liaqatpur"
"275138","Zia ul Haq","DR-328","EMDS Call","Medical Emergency","Headache","2026/03/22 04:00:48 PM","Rahim Yar Khan"
"275139","Muhammad ALi","DR-818","EMDS Call","Medical Emergency","Abdominal Pain","2026/03/22 04:03:19 PM","Khanpur"
"275140","Muhammad ALi","DR-818","EMDS Call","Road Crash","Severe Trauma","2026/03/22 04:07:23 PM","Rahim Yar Khan"
"275141","Saima Bashir","MR-5819","EMDS Call","Medical Emergency","Renal Disorders / Renal Colic ","2026/03/22 04:11:09 PM","Liaqatpur"
"77237","Sheeza Barkat","MR-5331","Direct Call","Patient Transfer Service","N/A","2026/03/22 04:15:19 PM","Liaqatpur"
"275142","Sheeza Barkat","MR-5331","EMDS Call","Road Crash","Bleeding","2026/03/22 04:18:58 PM","Sadiqabad"
"77238","Saima Bashir","MR-5819","Direct Call","Patient Transfer Service","N/A","2026/03/22 04:21:31 PM","Sadiqabad"
"275143","Saima Bashir","MR-5819","EMDS Call","Medical Emergency","SOB/ Respiratory Distress","2026/03/22 04:38:53 PM","Rahim Yar Khan"
"275144","Saima Bashir","MR-5819","EMDS Call","Medical Emergency","Anxiety / Psychiatric Disorder","2026/03/22 04:48:17 PM","Rahim Yar Khan"
"275145","Muhammad ALi","DR-818","EMDS Call","Medical Emergency","Chronic Illness","2026/03/22 04:48:42 PM","Khanpur"
"275146","Zia ul Haq","DR-328","EMDS Call","Medical Emergency","Domestic Injuries","2026/03/22 04:49:25 PM","Rahim Yar Khan"
"275147","Sheeza Barkat","MR-5331","EMDS Call","Road Crash","Bleeding","2026/03/22 04:51:19 PM","Rahim Yar Khan"
"77239","Sheeza Barkat","MR-5331","Direct Call","Patient Transfer Service","N/A","2026/03/22 05:00:27 PM","Sadiqabad"
"275148","Muhammad ALi","DR-818","EMDS Call","Road Crash","Severe Trauma","2026/03/22 05:05:37 PM","Rahim Yar Khan"
"275149","Muhammad ALi","DR-818","EMDS Call","Road Crash","Bleeding","2026/03/22 05:08:00 PM","Rahim Yar Khan"
"77240","Saima Bashir","MR-5819","Direct Call","Patient Transfer Service","N/A","2026/03/22 05:09:45 PM","Sadiqabad"
"275150","Sheeza Barkat","MR-5331","EMDS Call","Medical Emergency","High Fever","2026/03/22 05:16:10 PM","Rahim Yar Khan"
"275151","Muhammad ALi","DR-818","EMDS Call","Road Crash","Multiple Fractures","2026/03/22 05:17:27 PM","Rahim Yar Khan"
"275152","Zia ul Haq","DR-328","EMDS Call","Medical Emergency","Hypertension","2026/03/22 05:17:48 PM","Rahim Yar Khan"
"275153","Muhammad ALi","DR-818","EMDS Call","Medical Emergency","Joints Pain","2026/03/22 05:18:19 PM","Liaqatpur"
"275154","Zia ul Haq","DR-328","EMDS Call","Medical Emergency","Anxiety / Psychiatric Disorder","2026/03/22 05:21:03 PM","Sadiqabad"
"275155","Zia ul Haq","DR-328","EMDS Call","Road Crash","Bleeding","2026/03/22 05:24:51 PM","Liaqatpur"
"275156","Sheeza Barkat","MR-5331","EMDS Call","Medical Emergency","High Fever","2026/03/22 05:33:09 PM","Sadiqabad"
"275157","Zia ul Haq","DR-328","EMDS Call","Medical Emergency","Epilepsy","2026/03/22 05:40:15 PM","Rahim Yar Khan"
"275158","Sheeza Barkat","MR-5331","EMDS Call","Road Crash","Bleeding","2026/03/22 05:50:24 PM","Khanpur"
"275158","Sheeza Barkat","MR-5331","EMDS Call","Road Crash","Bleeding","2026/03/22 05:50:24 PM","Khanpur"
"275159","Sheeza Barkat","MR-5331","EMDS Call","Medical Emergency","Vomiting","2026/03/22 05:57:56 PM","Rahim Yar Khan"
"275161","Muhammad ALi","DR-818","EMDS Call","Crime","Probable Suicide","2026/03/22 06:01:22 PM","Rahim Yar Khan"
"275160","Saima Bashir","MR-5819","EMDS Call","Road Crash","Severe Trauma","2026/03/22 06:00:42 PM","Rahim Yar Khan"
"275160","Saima Bashir","MR-5819","EMDS Call","Road Crash","Severe Trauma","2026/03/22 06:00:42 PM","Rahim Yar Khan"
"275160","Saima Bashir","MR-5819","EMDS Call","Road Crash","Severe Trauma","2026/03/22 06:00:42 PM","Rahim Yar Khan"
"77241","Saima Bashir","MR-5819","Direct Call","Patient Transfer Service","N/A","2026/03/22 06:03:50 PM","Khanpur"
"275162","Sheeza Barkat","MR-5331","EMDS Call","Road Crash","Bleeding","2026/03/22 06:03:27 PM","Rahim Yar Khan"
"77242","Saima Bashir","MR-5819","Direct Call","Patient Transfer Service","N/A","2026/03/22 06:07:06 PM","Khanpur"
"275163","Sheeza Barkat","MR-5331","EMDS Call","Medical Emergency","Gynae Problem","2026/03/22 06:12:05 PM","Sadiqabad"
"275164","Muhammad ALi","DR-818","EMDS Call","Medical Emergency","Chest Pain","2026/03/22 06:14:46 PM","Sadiqabad"
"275165","Muhammad ALi","DR-818","EMDS Call","Medical Emergency","Joints Pain","2026/03/22 06:23:56 PM","Rahim Yar Khan"
"275166","Sheeza Barkat","MR-5331","EMDS Call","Road Crash","Minor Injuries","2026/03/22 06:24:22 PM","Rahim Yar Khan"
"275167","Muhammad ALi","DR-818","EMDS Call","Road Crash","Bleeding","2026/03/22 06:27:09 PM","Sadiqabad"
"275167","Muhammad ALi","DR-818","EMDS Call","Road Crash","Bleeding","2026/03/22 06:27:09 PM","Sadiqabad"
"275168","Sheeza Barkat","MR-5331","EMDS Call","Road Crash","Severe Trauma","2026/03/22 06:28:47 PM","Rahim Yar Khan"
"275168","Sheeza Barkat","MR-5331","EMDS Call","Road Crash","Severe Trauma","2026/03/22 06:28:47 PM","Rahim Yar Khan"
"275169","Muhammad ALi","DR-818","EMDS Call","Medical Emergency","Vomiting","2026/03/22 06:31:34 PM","Rahim Yar Khan"
"275170","Saima Bashir","MR-5819","EMDS Call","Medical Emergency","Epilepsy","2026/03/22 06:36:18 PM","Liaqatpur"
"275171","Muhammad ALi","DR-818","EMDS Call","Medical Emergency","High Fever","2026/03/22 06:35:49 PM","Rahim Yar Khan"
"275172","Saima Bashir","MR-5819","EMDS Call","Crime","Probable Suicide","2026/03/22 06:39:17 PM","Sadiqabad"
"275173","Muhammad ALi","DR-818","EMDS Call","Medical Emergency","Abdominal Pain","2026/03/22 06:42:29 PM","Liaqatpur"
"275174","Saima Bashir","MR-5819","EMDS Call","Medical Emergency","Anxiety / Psychiatric Disorder","2026/03/22 06:42:47 PM","Rahim Yar Khan"
"275175","Sheeza Barkat","MR-5331","EMDS Call","Medical Emergency","Vomiting","2026/03/22 06:50:38 PM","Rahim Yar Khan"
"Not Assigned","Zia ul Haq","DR-328","EMDS Call","Rescue Operations","Delivery Case","2026/03/22 06:55:14 PM","Liaqatpur"
"275176","Saima Bashir","MR-5819","EMDS Call","Medical Emergency","Abdominal Pain","2026/03/22 07:01:07 PM","Rahim Yar Khan"
"275177","Sheeza Barkat","MR-5331","EMDS Call","Road Crash","Bleeding","2026/03/22 07:05:04 PM","Khanpur"
"275179","Muhammad ALi","DR-818","EMDS Call","Road Crash","Bleeding","2026/03/22 07:07:17 PM","Liaqatpur"
"77243","Saima Bashir","MR-5819","Direct Call","Patient Transfer Service","N/A","2026/03/22 07:09:03 PM","Khanpur"
"275178","Zia ul Haq","DR-328","EMDS Call","Road Crash","Minor Injuries","2026/03/22 07:09:38 PM","Rahim Yar Khan"
"275180","Muhammad ALi","DR-818","EMDS Call","Medical Emergency","Joints Pain","2026/03/22 07:15:45 PM","Rahim Yar Khan"
"77244","Saima Bashir","MR-5819","Direct Call","Patient Transfer Service","N/A","2026/03/22 07:22:36 PM","Liaqatpur"
"275181","Sheeza Barkat","MR-5331","EMDS Call","Medical Emergency","Unconscious","2026/03/22 07:23:10 PM","Rahim Yar Khan"
"275182","Saima Bashir","MR-5819","EMDS Call","Medical Emergency","Joints Pain","2026/03/22 07:23:49 PM","Khanpur"
"275183","Zia ul Haq","DR-328","EMDS Call","Road Crash","Minor Injuries","2026/03/22 07:26:06 PM","Rahim Yar Khan"
"275184","Muhammad ALi","DR-818","EMDS Call","Medical Emergency","Hypertension","2026/03/22 07:29:17 PM","Rahim Yar Khan"
"77245","Sheeza Barkat","MR-5331","Direct Call","Patient Transfer Service","N/A","2026/03/22 07:37:39 PM","Liaqatpur"
"275185","Muhammad ALi","DR-818","EMDS Call","Medical Emergency","Anxiety / Psychiatric Disorder","2026/03/22 07:41:25 PM","Rahim Yar Khan"
"77246","Muhammad ALi","DR-818","Direct Call","Patient Transfer Service","N/A","2026/03/22 07:44:37 PM","Sadiqabad"
"275186","Muhammad ALi","DR-818","EMDS Call","Medical Emergency","Anxiety / Psychiatric Disorder","2026/03/22 07:55:42 PM","Rahim Yar Khan"
"275187","Saima Bashir","MR-5819","EMDS Call","Medical Emergency","Joints Pain","2026/03/22 07:56:16 PM","Rahim Yar Khan"
"275188","Zia ul Haq","DR-328","EMDS Call","Medical Emergency","Abdominal Pain","2026/03/22 07:55:31 PM","Rahim Yar Khan"
"77247","Saima Bashir","MR-5819","Direct Call","Patient Transfer Service","N/A","2026/03/22 08:03:32 PM","Sadiqabad"
"275189","Muhammad ALi","DR-818","EMDS Call","Medical Emergency","Joints Pain","2026/03/22 08:02:21 PM","Sadiqabad"
"77248","Saima Bashir","MR-5819","Direct Call","Patient Transfer Service","N/A","2026/03/22 08:04:32 PM","Rahim Yar Khan"
"275190","Muhammad ALi","DR-818","EMDS Call","Medical Emergency","Abdominal Pain","2026/03/22 08:10:02 PM","Sadiqabad"
"275191","Sheeza Barkat","MR-5331","EMDS Call","Road Crash","Minor Injuries","2026/03/22 08:13:30 PM","Rahim Yar Khan"
"275193","Zia ul Haq","DR-328","EMDS Call","Medical Emergency","Joints Pain","2026/03/22 08:19:36 PM","Rahim Yar Khan"
"275192","Saima Bashir","MR-5819","EMDS Call","Medical Emergency","Anxiety / Psychiatric Disorder","2026/03/22 08:21:56 PM","Rahim Yar Khan"
"275194","Zia ul Haq","DR-328","EMDS Call","Medical Emergency","Vomiting","2026/03/22 08:23:48 PM","Khanpur"
"275195","Saima Bashir","MR-5819","EMDS Call","Medical Emergency","Hypertension","2026/03/22 08:29:15 PM","Liaqatpur"
"275196","Saima Bashir","MR-5819","EMDS Call","Medical Emergency","Anxiety / Psychiatric Disorder","2026/03/22 08:37:14 PM","Sadiqabad"
"275197","Muhammad ALi","DR-818","EMDS Call","Medical Emergency","Renal Disorders / Renal Colic ","2026/03/22 08:40:05 PM","Rahim Yar Khan"
"275199","Muhammad ALi","DR-818","EMDS Call","Medical Emergency","Unconscious","2026/03/22 08:47:02 PM","Khanpur"
"275198","Bushra Saleem","MR-5701","EMDS Call","Road Crash","Multiple Fractures","2026/03/22 08:47:55 PM","Rahim Yar Khan"
"275200","Bushra Saleem","MR-5701","EMDS Call","Road Crash","Multiple Fractures","2026/03/22 08:50:08 PM","Rahim Yar Khan"
"275201","Muhammad ALi","DR-818","EMDS Call","Medical Emergency","Vomiting","2026/03/22 08:49:36 PM","Liaqatpur"
"275202","Zupasha Zia","MR-5758","EMDS Call","Medical Emergency","Anxiety / Psychiatric Disorder","2026/03/22 09:01:14 PM","Sadiqabad"
"275203","Muhammad Tariq Hameed","DR-885","EMDS Call","Medical Emergency","High Fever","2026/03/22 09:06:44 PM","Rahim Yar Khan"
"275204","Zupasha Zia","MR-5758","EMDS Call","Medical Emergency","Abdominal Pain","2026/03/22 09:13:24 PM","Khanpur"
"275205","Muhammad Tariq Hameed","DR-885","EMDS Call","Medical Emergency","SOB/ Respiratory Distress","2026/03/22 09:16:05 PM","Sadiqabad"
"275206","Bushra Saleem","MR-5701","EMDS Call","Medical Emergency","Vertigo/ Dizziness","2026/03/22 09:24:49 PM","Sadiqabad"
"275207","Zupasha Zia","MR-5758","EMDS Call","Medical Emergency","SOB/ Respiratory Distress","2026/03/22 09:29:28 PM","Rahim Yar Khan"
"275208","Muhammad Tariq Hameed","DR-885","EMDS Call","Fire","Short Circuit","2026/03/22 09:33:14 PM","Rahim Yar Khan"
"275209","Zupasha Zia","MR-5758","EMDS Call","Medical Emergency","Chest Pain","2026/03/22 09:33:40 PM","Sadiqabad"
"275211","Muhammad Tariq Hameed","DR-885","EMDS Call","Road Crash","Bleeding","2026/03/22 09:35:25 PM","Rahim Yar Khan"
"275211","Muhammad Tariq Hameed","DR-885","EMDS Call","Road Crash","Bleeding","2026/03/22 09:35:25 PM","Rahim Yar Khan"
"275210","Zupasha Zia","MR-5758","EMDS Call","Medical Emergency","Renal Disorders / Renal Colic ","2026/03/22 09:36:46 PM","Liaqatpur"
"275214","Zupasha Zia","MR-5758","EMDS Call","Medical Emergency","SOB/ Respiratory Distress","2026/03/22 09:43:56 PM","Sadiqabad"
"275212","Muhammad Tariq Hameed","DR-885","Direct Call","Medical Emergency","High Fever","2026/03/22 09:47:29 PM","Rahim Yar Khan"
"275213","Zupasha Zia","MR-5758","EMDS Call","Medical Emergency","Anxiety / Psychiatric Disorder","2026/03/22 09:48:08 PM","Rahim Yar Khan"
"275215","Zupasha Zia","MR-5758","EMDS Call","Rescue Operations","Delivery Case","2026/03/22 09:50:27 PM","Khanpur"
"77249","Zupasha Zia","MR-5758","Direct Call","Patient Transfer Service","N/A","2026/03/22 09:55:28 PM","Sadiqabad"
"275216","Zupasha Zia","MR-5758","EMDS Call","Medical Emergency","Unconscious","2026/03/22 09:56:27 PM","Rahim Yar Khan"
"77250","Muhammad Tariq Hameed","DR-885","Direct Call","Patient Transfer Service","N/A","2026/03/22 10:00:51 PM","Khanpur"
"77251","Muhammad Tariq Hameed","DR-885","Direct Call","Patient Transfer Service","N/A","2026/03/22 10:06:35 PM","Sadiqabad"
"77252","Muhammad Tariq Hameed","DR-885","Direct Call","Patient Transfer Service","N/A","2026/03/22 10:14:30 PM","Sadiqabad"
"275217","Sajid Mehmood","DR-914","Direct Call","Medical Emergency","Hypertension","2026/03/22 10:16:47 PM","Liaqatpur"
"275218","Sajid Mehmood","DR-914","EMDS Call","Medical Emergency","Vomiting","2026/03/22 10:30:24 PM","Rahim Yar Khan"
"Not Assigned","Sajid Mehmood","DR-914","EMDS Call","Road Crash","Bleeding","2026/03/22 10:40:27 PM","Rahim Yar Khan"
"275220","Muhammad Tariq Hameed","DR-885","EMDS Call","Road Crash","Bleeding","2026/03/22 10:51:20 PM","Sadiqabad"
"275221","Rana M. Usman","DR-200","EMDS Call","Medical Emergency","Vertigo/ Dizziness","2026/03/22 11:13:58 PM","Rahim Yar Khan"
"275222","Sajid Mehmood","DR-914","EMDS Call","Medical Emergency","Abdominal Pain","2026/03/22 11:16:23 PM","Sadiqabad"
"275223","Muhammad Tariq Hameed","DR-885","EMDS Call","Medical Emergency","Chest Pain","2026/03/22 11:18:52 PM","Rahim Yar Khan"
"275224","Rana M. Usman","DR-200","EMDS Call","Medical Emergency","Abdominal Pain","2026/03/22 11:23:23 PM","Rahim Yar Khan"
"275225","Sajid Mehmood","DR-914","EMDS Call","Medical Emergency","Chest Pain","2026/03/22 11:25:11 PM","Sadiqabad"
"275226","Sajid Mehmood","DR-914","EMDS Call","Road Crash","Minor Injuries","2026/03/22 11:42:14 PM","Khanpur"
"275227","Rana M. Usman","DR-200","EMDS Call","Road Crash","Minor Injuries","2026/03/22 11:43:22 PM","Rahim Yar Khan"
"275228","Sajid Mehmood","DR-914","EMDS Call","Medical Emergency","Headache","2026/03/22 11:46:05 PM","Rahim Yar Khan"
"275229","Muhammad Tariq Hameed","DR-885","EMDS Call","Medical Emergency","Hypertension","2026/03/22 11:54:58 PM","Sadiqabad"
"275230","Rana M. Usman","DR-200","EMDS Call","Medical Emergency","Abdominal Pain","2026/03/22 11:58:37 PM","Rahim Yar Khan"
"77253","Sajid Mehmood","DR-914","Direct Call","Patient Transfer Service","N/A","2026/03/23 12:06:02 AM","Liaqatpur"
"275231","Sajid Mehmood","DR-914","Direct Call","Medical Emergency","Chest Pain","2026/03/23 12:10:49 AM","Khanpur"
"275232","Sajid Mehmood","DR-914","EMDS Call","Medical Emergency","Hypertension","2026/03/23 12:22:15 AM","Khanpur"
"275233","Rana M. Usman","DR-200","EMDS Call","Medical Emergency","High Fever","2026/03/23 12:34:39 AM","Rahim Yar Khan"
"275234","Sajid Mehmood","DR-914","EMDS Call","Medical Emergency","Chronic Illness","2026/03/23 12:42:43 AM","Sadiqabad"
"275235","Rana M. Usman","DR-200","EMDS Call","Medical Emergency","Unconscious","2026/03/23 12:47:26 AM","Khanpur"
"77254","Rana M. Usman","DR-200","Direct Call","Patient Transfer Service","N/A","2026/03/23 12:54:26 AM","Sadiqabad"
"275236","Rana M. Usman","DR-200","EMDS Call","Medical Emergency","SOB/ Respiratory Distress","2026/03/23 01:05:19 AM","Rahim Yar Khan"
"275237","Muhammad Tariq Hameed","DR-885","EMDS Call","Medical Emergency","Abdominal Pain","2026/03/23 01:21:43 AM","Rahim Yar Khan"
"275238","Sajid Mehmood","DR-914","EMDS Call","Medical Emergency","Headache","2026/03/23 01:27:35 AM","Sadiqabad"
"275239","Rana M. Usman","DR-200","EMDS Call","Medical Emergency","SOB/ Respiratory Distress","2026/03/23 01:28:02 AM","Sadiqabad"
"77255","Sajid Mehmood","DR-914","Direct Call","Patient Transfer Service","N/A","2026/03/23 01:42:22 AM","Khanpur"
"275241","Muhammad Tariq Hameed","DR-885","EMDS Call","Medical Emergency","Allergy","2026/03/23 01:44:57 AM","Rahim Yar Khan"
"275240","Sajid Mehmood","DR-914","EMDS Call","Medical Emergency","SOB/ Respiratory Distress","2026/03/23 01:46:20 AM","Rahim Yar Khan"
"275242","Rana M. Usman","DR-200","EMDS Call","Crime","Physical Assault/Violence","2026/03/23 01:50:55 AM","Sadiqabad"
"275243","Muhammad Tariq Hameed","DR-885","EMDS Call","Road Crash","Minor Injuries","2026/03/23 02:07:29 AM","Rahim Yar Khan"
"275244","Sajid Mehmood","DR-914","EMDS Call","Road Crash","Severe Trauma","2026/03/23 02:09:58 AM","Khanpur"
"275244","Sajid Mehmood","DR-914","EMDS Call","Road Crash","Severe Trauma","2026/03/23 02:09:58 AM","Khanpur"
"275245","Rana M. Usman","DR-200","EMDS Call","Medical Emergency","Abdominal Pain","2026/03/23 02:11:32 AM","Khanpur"
"275246","Muhammad Tariq Hameed","DR-885","EMDS Call","Medical Emergency","High Fever","2026/03/23 02:17:14 AM","Rahim Yar Khan"
"275247","Sajid Mehmood","DR-914","EMDS Call","Crime","Probable Suicide","2026/03/23 02:18:35 AM","Khanpur"
"275248","Muhammad Tariq Hameed","DR-885","EMDS Call","Rescue Operations","Delivery Case","2026/03/23 02:21:29 AM","Rahim Yar Khan"
"275249","Rana M. Usman","DR-200","Direct Call","Medical Emergency","SOB/ Respiratory Distress","2026/03/23 02:33:20 AM","Rahim Yar Khan"
"275250","Sajid Mehmood","DR-914","EMDS Call","Medical Emergency","Chest Pain","2026/03/23 02:33:25 AM","Sadiqabad"
"275251","Rana M. Usman","DR-200","EMDS Call","Medical Emergency","Abdominal Pain","2026/03/23 02:37:58 AM","Rahim Yar Khan"
"275252","Muhammad Tariq Hameed","DR-885","EMDS Call","Medical Emergency","Vomiting","2026/03/23 02:43:29 AM","Rahim Yar Khan"
"275253","Muhammad Tariq Hameed","DR-885","EMDS Call","Medical Emergency","Chest Pain","2026/03/23 02:57:22 AM","Liaqatpur"
"77256","Muhammad Tariq Hameed","DR-885","Direct Call","Patient Transfer Service","N/A","2026/03/23 03:02:04 AM","Sadiqabad"
"275254","Zupasha Zia","MR-5758","EMDS Call","Medical Emergency","Vomiting","2026/03/23 03:20:38 AM","Rahim Yar Khan"
"275255","Bushra Saleem","MR-5701","EMDS Call","Medical Emergency","Urinary Retention","2026/03/23 03:20:57 AM","Rahim Yar Khan"
"275256","Muhammad Tariq Hameed","DR-885","EMDS Call","Medical Emergency","Anxiety / Psychiatric Disorder","2026/03/23 03:23:01 AM","Rahim Yar Khan"
"77257","Muhammad Tariq Hameed","DR-885","Direct Call","Patient Transfer Service","N/A","2026/03/23 04:24:58 AM","Khanpur"
"275257","Muhammad Tariq Hameed","DR-885","EMDS Call","Medical Emergency","Abdominal Pain","2026/03/23 04:49:30 AM","Sadiqabad"
"275258","Zupasha Zia","MR-5758","EMDS Call","Medical Emergency","Unconscious","2026/03/23 04:54:17 AM","Rahim Yar Khan"
"275259","Muhammad Tariq Hameed","DR-885","EMDS Call","Medical Emergency","SOB/ Respiratory Distress","2026/03/23 05:12:44 AM","Rahim Yar Khan"
"275260","Zupasha Zia","MR-5758","EMDS Call","Medical Emergency","Joints Pain","2026/03/23 05:25:36 AM","Rahim Yar Khan"
"275261","Bushra Saleem","MR-5701","EMDS Call","Rescue Operations","Delivery Case","2026/03/23 05:44:00 AM","Sadiqabad"
"275262","Muhammad Tariq Hameed","DR-885","EMDS Call","Medical Emergency","Chest Pain","2026/03/23 05:47:25 AM","Sadiqabad"
"275263","Bushra Saleem","MR-5701","EMDS Call","Medical Emergency","Abdominal Pain","2026/03/23 05:52:20 AM","Sadiqabad"
"275264","Zupasha Zia","MR-5758","EMDS Call","Medical Emergency","Vomiting","2026/03/23 06:12:10 AM","Sadiqabad"
"275265","Bushra Saleem","MR-5701","EMDS Call","Medical Emergency","Anxiety / Psychiatric Disorder","2026/03/23 06:13:11 AM","Rahim Yar Khan"
"275266","Zupasha Zia","MR-5758","EMDS Call","Medical Emergency","Headache","2026/03/23 06:29:41 AM","Sadiqabad"
"275268","Zupasha Zia","MR-5758","EMDS Call","Medical Emergency","Drug Addiction","2026/03/23 06:49:52 AM","Liaqatpur"
"275267","Bushra Saleem","MR-5701","EMDS Call","Medical Emergency","SOB/ Respiratory Distress","2026/03/23 06:51:04 AM","Rahim Yar Khan"
"275269","Muhammad Tariq Hameed","DR-885","EMDS Call","Road Crash","Minor Injuries","2026/03/23 06:53:36 AM","Khanpur"
"275270","Muhammad Tariq Hameed","DR-885","EMDS Call","Medical Emergency","Epilepsy","2026/03/23 07:07:26 AM","Sadiqabad"
"275271","Zupasha Zia","MR-5758","EMDS Call","Medical Emergency","Abdominal Pain","2026/03/23 07:11:23 AM","Khanpur"
"275272","Muhammad Tariq Hameed","DR-885","EMDS Call","Medical Emergency","Unconscious","2026/03/23 07:16:30 AM","Sadiqabad"
"275273","Zupasha Zia","MR-5758","EMDS Call","Medical Emergency","Abdominal Pain","2026/03/23 07:21:29 AM","Khanpur"
"275274","Zupasha Zia","MR-5758","EMDS Call","Medical Emergency","SOB/ Respiratory Distress","2026/03/23 07:29:58 AM","Rahim Yar Khan"
"275275","Shahla Nawaz","DR-185","Direct Call","Road Crash","Minor Injuries","2026/03/23 08:09:24 AM","Khanpur"
"275276","Sheeza Barkat","MR-5331","EMDS Call","Medical Emergency","Chest Pain","2026/03/23 08:20:43 AM","Liaqatpur"
"275277","Shahla Nawaz","DR-185","EMDS Call","Medical Emergency","Renal Disorders / Renal Colic ","2026/03/23 08:24:16 AM","Liaqatpur"
"275278","Farhad Iftikhar","DR-913","Direct Call","Rescue Operations","Mass Event Coverage","2026/03/23 08:37:57 AM","Rahim Yar Khan"
"275279","Shahla Nawaz","DR-185","EMDS Call","Road Crash","Minor Injuries","2026/03/23 08:45:25 AM","Liaqatpur"
"275280","Shahla Nawaz","DR-185","EMDS Call","Road Crash","Minor Injuries","2026/03/23 08:52:51 AM","Rahim Yar Khan"
"77258","Shahla Nawaz","DR-185","Direct Call","Patient Transfer Service","N/A","2026/03/23 08:58:12 AM","Sadiqabad"
"77259","Farhad Iftikhar","DR-913","Direct Call","Patient Transfer Service","N/A","2026/03/23 09:19:32 AM","Sadiqabad"
"275281","Shahla Nawaz","DR-185","EMDS Call","Medical Emergency","Renal Disorders / Renal Colic ","2026/03/23 09:29:23 AM","Rahim Yar Khan"
"275282","Sheeza Barkat","MR-5331","EMDS Call","Medical Emergency","Vertigo/ Dizziness","2026/03/23 09:31:55 AM","Khanpur"
"77260","Farhad Iftikhar","DR-913","Direct Call","Patient Transfer Service","N/A","2026/03/23 09:38:00 AM","Sadiqabad"
"275283","Sheeza Barkat","MR-5331","EMDS Call","Medical Emergency","Chronic Illness","2026/03/23 09:43:44 AM","Rahim Yar Khan"
"77261","Farhad Iftikhar","DR-913","Direct Call","Patient Transfer Service","N/A","2026/03/23 09:52:46 AM","Khanpur"
"77262","Farhad Iftikhar","DR-913","Direct Call","Patient Transfer Service","N/A","2026/03/23 09:54:44 AM","Khanpur"
"275284","Sheeza Barkat","MR-5331","EMDS Call","Rescue Operations","Scorpion Bite/Other Animal/Insect Bite","2026/03/23 09:55:56 AM","Rahim Yar Khan"
"275285","Sheeza Barkat","MR-5331","EMDS Call","Medical Emergency","Vomiting","2026/03/23 10:02:54 AM","Liaqatpur"
"275286","Shahla Nawaz","DR-185","EMDS Call","Medical Emergency","Gynae Problem","2026/03/23 10:10:29 AM","Liaqatpur"
"275287","Sheeza Barkat","MR-5331","EMDS Call","Road Crash","Severe Trauma","2026/03/23 10:10:23 AM","Rahim Yar Khan"
"275288","Farhad Iftikhar","DR-913","EMDS Call","Medical Emergency","Vomiting","2026/03/23 10:10:51 AM","Rahim Yar Khan"
"275289","Sheeza Barkat","MR-5331","EMDS Call","Medical Emergency","SOB/ Respiratory Distress","2026/03/23 10:13:17 AM","Rahim Yar Khan"
"275290","Shahla Nawaz","DR-185","EMDS Call","Medical Emergency","SOB/ Respiratory Distress","2026/03/23 10:15:22 AM","Sadiqabad"
"275291","Farhad Iftikhar","DR-913","EMDS Call","Medical Emergency","Chest Pain","2026/03/23 10:18:02 AM","Rahim Yar Khan"
"275292","Farhad Iftikhar","DR-913","EMDS Call","Medical Emergency","Joints Pain","2026/03/23 10:23:00 AM","Rahim Yar Khan"
"275293","Sheeza Barkat","MR-5331","EMDS Call","Road Crash","Bleeding","2026/03/23 10:26:16 AM","Khanpur"
"275294","Shahla Nawaz","DR-185","EMDS Call","Road Crash","Minor Injuries","2026/03/23 10:31:05 AM","Sadiqabad"
"275294","Shahla Nawaz","DR-185","EMDS Call","Road Crash","Minor Injuries","2026/03/23 10:31:05 AM","Sadiqabad"
"275295","Sheeza Barkat","MR-5331","EMDS Call","Medical Emergency","Abdominal Pain","2026/03/23 10:31:49 AM","Rahim Yar Khan"
"275300","Shahla Nawaz","DR-185","EMDS Call","Fire","Others","2026/03/23 10:34:07 AM","Khanpur"
"275297","Farhad Iftikhar","DR-913","EMDS Call","Road Crash","Minor Injuries","2026/03/23 10:34:40 AM","Rahim Yar Khan"
"275296","Sheeza Barkat","MR-5331","EMDS Call","Medical Emergency","Anxiety / Psychiatric Disorder","2026/03/23 10:35:34 AM","Rahim Yar Khan"
"275298","Shahla Nawaz","DR-185","EMDS Call","Road Crash","Minor Injuries","2026/03/23 10:37:06 AM","Rahim Yar Khan"
"275298","Shahla Nawaz","DR-185","EMDS Call","Road Crash","Minor Injuries","2026/03/23 10:37:06 AM","Rahim Yar Khan"
"275299","Sheeza Barkat","MR-5331","EMDS Call","Road Crash","Minor Injuries","2026/03/23 10:39:03 AM","Rahim Yar Khan"
"275301","Sheeza Barkat","MR-5331","EMDS Call","Medical Emergency","Urinary Retention","2026/03/23 10:49:20 AM","Sadiqabad"
"275302","Shahla Nawaz","DR-185","EMDS Call","Medical Emergency","Vomiting","2026/03/23 10:52:52 AM","Rahim Yar Khan"
"275303","Sheeza Barkat","MR-5331","EMDS Call","Medical Emergency","Abdominal Pain","2026/03/23 10:57:05 AM","Liaqatpur"
"275304","Shahla Nawaz","DR-185","EMDS Call","Road Crash","Bleeding","2026/03/23 10:57:35 AM","Khanpur"
"275305","Sheeza Barkat","MR-5331","EMDS Call","Road Crash","Minor Injuries","2026/03/23 11:02:47 AM","Sadiqabad"
"275306","Shahla Nawaz","DR-185","EMDS Call","Road Crash","Minor Injuries","2026/03/23 11:06:18 AM","Rahim Yar Khan"
"275307","Sheeza Barkat","MR-5331","EMDS Call","Fall","Slipped On Floor","2026/03/23 11:08:46 AM","Rahim Yar Khan"
"275308","Shahla Nawaz","DR-185","EMDS Call","Medical Emergency","Unconscious","2026/03/23 11:10:57 AM","Khanpur"
"275309","Sheeza Barkat","MR-5331","EMDS Call","Medical Emergency","Chronic Illness","2026/03/23 11:17:14 AM","Liaqatpur"
"275310","Shahla Nawaz","DR-185","EMDS Call","Medical Emergency","Vertigo/ Dizziness","2026/03/23 11:39:14 AM","Rahim Yar Khan"
"275311","Sheeza Barkat","MR-5331","EMDS Call","Road Crash","Bleeding","2026/03/23 11:41:01 AM","Sadiqabad"
"275312","Shahla Nawaz","DR-185","EMDS Call","Medical Emergency","Hypertension","2026/03/23 11:43:17 AM","Sadiqabad"
"275313","Sheeza Barkat","MR-5331","EMDS Call","Medical Emergency","Vomiting","2026/03/23 11:46:10 AM","Rahim Yar Khan"
"275315","Shahla Nawaz","DR-185","EMDS Call","Road Crash","Minor Injuries","2026/03/23 11:49:52 AM","Rahim Yar Khan"
"77263","Sheeza Barkat","MR-5331","Direct Call","Patient Transfer Service","N/A","2026/03/23 11:53:00 AM","Sadiqabad"
"275314","Shahla Nawaz","DR-185","EMDS Call","Road Crash","Minor Injuries","2026/03/23 11:51:57 AM","Khanpur"
"275316","Sheeza Barkat","MR-5331","EMDS Call","Road Crash","Bleeding","2026/03/23 11:53:11 AM","Rahim Yar Khan"
"275316","Sheeza Barkat","MR-5331","EMDS Call","Road Crash","Bleeding","2026/03/23 11:53:11 AM","Rahim Yar Khan"
"275318","Farhad Iftikhar","DR-913","EMDS Call","Medical Emergency","Unconscious","2026/03/23 11:54:51 AM","Rahim Yar Khan"
"275317","Shahla Nawaz","DR-185","EMDS Call","Medical Emergency","Hypertension","2026/03/23 11:58:03 AM","Rahim Yar Khan"
"77264","Sheeza Barkat","MR-5331","Direct Call","Patient Transfer Service","N/A","2026/03/23 12:12:06 PM","Sadiqabad"
"275319","Shahla Nawaz","DR-185","EMDS Call","Medical Emergency","Vomiting","2026/03/23 12:05:46 PM","Rahim Yar Khan"
"275321","Shahla Nawaz","DR-185","EMDS Call","Medical Emergency","High Fever","2026/03/23 12:10:06 PM","Rahim Yar Khan"
"275320","Farhad Iftikhar","DR-913","EMDS Call","Medical Emergency","Diarrhea","2026/03/23 12:14:09 PM","Liaqatpur"
"275322","Sheeza Barkat","MR-5331","EMDS Call","Road Crash","Bleeding","2026/03/23 12:18:29 PM","Sadiqabad"
"275323","Farhad Iftikhar","DR-913","EMDS Call","Rescue Operations","Animal/Bird Rescue","2026/03/23 12:23:53 PM","Khanpur"
"275325","Shahla Nawaz","DR-185","EMDS Call","Medical Emergency","Anxiety / Psychiatric Disorder","2026/03/23 12:25:12 PM","Rahim Yar Khan"
"275324","Sheeza Barkat","MR-5331","EMDS Call","Medical Emergency","Anxiety / Psychiatric Disorder","2026/03/23 12:26:17 PM","Sadiqabad"
"275326","Shahla Nawaz","DR-185","EMDS Call","Medical Emergency","Vomiting","2026/03/23 12:29:26 PM","Sadiqabad"
"275327","Shahla Nawaz","DR-185","EMDS Call","Road Crash","Minor Injuries","2026/03/23 12:33:31 PM","Khanpur"
"77265","Farhad Iftikhar","DR-913","Direct Call","Patient Transfer Service","N/A","2026/03/23 12:37:25 PM","Liaqatpur"
"77266","Farhad Iftikhar","DR-913","Direct Call","Patient Transfer Service","N/A","2026/03/23 12:41:29 PM","Liaqatpur"
"275328","Farhad Iftikhar","DR-913","EMDS Call","Medical Emergency","SOB/ Respiratory Distress","2026/03/23 12:43:18 PM","Rahim Yar Khan"
"275329","Shahla Nawaz","DR-185","EMDS Call","Medical Emergency","Vomiting","2026/03/23 12:44:14 PM","Sadiqabad"
"275330","Shahla Nawaz","DR-185","EMDS Call","Medical Emergency","Hypertension","2026/03/23 12:52:15 PM","Sadiqabad"
"275331","Sheeza Barkat","MR-5331","EMDS Call","Medical Emergency","Headache","2026/03/23 12:54:19 PM","Rahim Yar Khan"
"275332","Sheeza Barkat","MR-5331","EMDS Call","Medical Emergency","Anxiety / Psychiatric Disorder","2026/03/23 12:57:53 PM","Rahim Yar Khan"
"275333","Farhad Iftikhar","DR-913","EMDS Call","Road Crash","Bleeding","2026/03/23 01:01:35 PM","Rahim Yar Khan"
"275334","Sheeza Barkat","MR-5331","EMDS Call","Medical Emergency","Hypertension","2026/03/23 01:03:08 PM","Rahim Yar Khan"
"275335","Shahla Nawaz","DR-185","EMDS Call","Rescue Operations","Delivery Case","2026/03/23 01:03:23 PM","Khanpur"
"275336","Farhad Iftikhar","DR-913","EMDS Call","Road Crash","Bleeding","2026/03/23 01:05:10 PM","Rahim Yar Khan"
"275337","Sheeza Barkat","MR-5331","EMDS Call","Road Crash","Multiple Fractures","2026/03/23 01:08:02 PM","Liaqatpur"
"275338","Shahla Nawaz","DR-185","EMDS Call","Road Crash","Bleeding","2026/03/23 01:10:39 PM","Rahim Yar Khan"
"275339","Shahla Nawaz","DR-185","EMDS Call","Medical Emergency","Anxiety / Psychiatric Disorder","2026/03/23 01:14:24 PM","Rahim Yar Khan"
"275340","Farhad Iftikhar","DR-913","EMDS Call","Road Crash","Multiple Fractures","2026/03/23 01:14:52 PM","Rahim Yar Khan"
"275341","Sheeza Barkat","MR-5331","EMDS Call","Fire","Others","2026/03/23 01:21:44 PM","Khanpur"
"275342","Shahla Nawaz","DR-185","EMDS Call","Road Crash","Minor Injuries","2026/03/23 01:27:35 PM","Rahim Yar Khan"
"275343","Shahla Nawaz","DR-185","EMDS Call","Road Crash","Minor Injuries","2026/03/23 01:33:55 PM","Rahim Yar Khan"
"275344","Sheeza Barkat","MR-5331","EMDS Call","Medical Emergency","Vomiting","2026/03/23 01:35:22 PM","Sadiqabad"
"275345","Sheeza Barkat","MR-5331","EMDS Call","Road Crash","Severe Trauma","2026/03/23 01:38:38 PM","Rahim Yar Khan"
"275345","Sheeza Barkat","MR-5331","EMDS Call","Road Crash","Severe Trauma","2026/03/23 01:38:38 PM","Rahim Yar Khan"
"275345","Sheeza Barkat","MR-5331","EMDS Call","Road Crash","Severe Trauma","2026/03/23 01:38:38 PM","Rahim Yar Khan"
"275346","Shahla Nawaz","DR-185","EMDS Call","Medical Emergency","Unconscious","2026/03/23 01:56:50 PM","Liaqatpur"
"77267","Farhad Iftikhar","DR-913","Direct Call","Patient Transfer Service","N/A","2026/03/23 02:01:41 PM","Khanpur"
"275347","Shahla Nawaz","DR-185","EMDS Call","Medical Emergency","Unconscious","2026/03/23 02:05:43 PM","Rahim Yar Khan"
"77268","Farhad Iftikhar","DR-913","Direct Call","Patient Transfer Service","N/A","2026/03/23 02:10:31 PM","Khanpur"
"275348","Muhammad Zubair","DR-894","EMDS Call","Medical Emergency","Joints Pain","2026/03/23 02:14:17 PM","Khanpur"
"275350","Muhammad Zubair","DR-894","EMDS Call","Medical Emergency","Unconscious","2026/03/23 02:24:10 PM","Sadiqabad"
"275349","Aasia Batool","MR-5198","EMDS Call","Medical Emergency","Renal Disorders / Renal Colic ","2026/03/23 02:25:14 PM","Liaqatpur"
"275351","Muhammad ALi","DR-818","EMDS Call","Medical Emergency","SOB/ Respiratory Distress","2026/03/23 02:26:00 PM","Rahim Yar Khan"
"275352","Muhammad Zubair","DR-894","EMDS Call","Rescue Operations","Delivery Case","2026/03/23 02:35:46 PM","Liaqatpur"
"77269","Muhammad ALi","DR-818","Direct Call","Patient Transfer Service","N/A","2026/03/23 02:40:13 PM","Sadiqabad"
"275353","Aasia Batool","MR-5198","EMDS Call","Medical Emergency","Joints Pain","2026/03/23 02:46:06 PM","Rahim Yar Khan"
"275354","Muhammad ALi","DR-818","EMDS Call","Medical Emergency","Hypertension","2026/03/23 02:46:25 PM","Sadiqabad"
"275356","Aasia Batool","MR-5198","EMDS Call","Medical Emergency","Vomiting","2026/03/23 02:51:55 PM","Rahim Yar Khan"
"275355","Muhammad ALi","DR-818","EMDS Call","Medical Emergency","Vomiting","2026/03/23 02:52:18 PM","Rahim Yar Khan"
"275357","Muhammad Zubair","DR-894","Direct Call","Medical Emergency","Vomiting","2026/03/23 02:55:15 PM","Rahim Yar Khan"
"275358","Muhammad ALi","DR-818","EMDS Call","Medical Emergency","Hypertension","2026/03/23 03:02:00 PM","Khanpur"
"275359","Zia ul Haq","DR-328","EMDS Call","Medical Emergency","Joints Pain","2026/03/23 03:03:56 PM","Rahim Yar Khan"
"275360","Aasia Batool","MR-5198","EMDS Call","Road Crash","Minor Injuries","2026/03/23 03:09:13 PM","Sadiqabad"
"275361","Muhammad ALi","DR-818","EMDS Call","Road Crash","Bleeding","2026/03/23 03:12:15 PM","Sadiqabad"
"275362","Zia ul Haq","DR-328","EMDS Call","Medical Emergency","Unconscious","2026/03/23 03:13:01 PM","Rahim Yar Khan"
"77270","Muhammad ALi","DR-818","Direct Call","Patient Transfer Service","N/A","2026/03/23 03:15:14 PM","Sadiqabad"
"275363","Aasia Batool","MR-5198","EMDS Call","Rescue Operations","Delivery Case","2026/03/23 03:15:44 PM","Sadiqabad"
"275364","Muhammad ALi","DR-818","EMDS Call","Medical Emergency","Unconscious","2026/03/23 03:18:03 PM","Sadiqabad"
"275365","Zia ul Haq","DR-328","EMDS Call","Road Crash","Minor Injuries","2026/03/23 03:18:09 PM","Rahim Yar Khan"
"77271","Muhammad ALi","DR-818","Direct Call","Patient Transfer Service","N/A","2026/03/23 03:23:06 PM","Sadiqabad"
"77272","Aasia Batool","MR-5198","Direct Call","Patient Transfer Service","N/A","2026/03/23 03:26:07 PM","Sadiqabad"
"275366","Muhammad ALi","DR-818","EMDS Call","Medical Emergency","SOB/ Respiratory Distress","2026/03/23 03:30:14 PM","Rahim Yar Khan"
"77273","Zia ul Haq","DR-328","Direct Call","Patient Transfer Service","N/A","2026/03/23 03:31:21 PM","Sadiqabad"
"275367","Zia ul Haq","DR-328","EMDS Call","Road Crash","Minor Injuries","2026/03/23 03:33:21 PM","Rahim Yar Khan"
"275368","Zia ul Haq","DR-328","EMDS Call","Fire","Others","2026/03/23 03:37:46 PM","Sadiqabad"
"275369","Aasia Batool","MR-5198","EMDS Call","Medical Emergency","Joints Pain","2026/03/23 03:44:01 PM","Rahim Yar Khan"
"275370","Zia ul Haq","DR-328","EMDS Call","Road Crash","Severe Trauma","2026/03/23 03:45:31 PM","Liaqatpur"
"275370","Zia ul Haq","DR-328","EMDS Call","Road Crash","Severe Trauma","2026/03/23 03:45:31 PM","Liaqatpur"
"275371","Zia ul Haq","DR-328","EMDS Call","Medical Emergency","Domestic Injuries","2026/03/23 03:50:46 PM","Rahim Yar Khan"
"275372","Muhammad ALi","DR-818","EMDS Call","Road Crash","Minor Injuries","2026/03/23 03:51:57 PM","Rahim Yar Khan"
"275373","Aasia Batool","MR-5198","EMDS Call","Medical Emergency","Vertigo/ Dizziness","2026/03/23 03:53:49 PM","Rahim Yar Khan"
"275374","Zia ul Haq","DR-328","EMDS Call","Fire","Others","2026/03/23 03:58:18 PM","Rahim Yar Khan"
"275375","Muhammad ALi","DR-818","EMDS Call","Medical Emergency","Hypertension","2026/03/23 03:57:50 PM","Rahim Yar Khan"
"275376","Zia ul Haq","DR-328","EMDS Call","Road Crash","Bleeding","2026/03/23 04:06:54 PM","Rahim Yar Khan"
"275377","Aasia Batool","MR-5198","EMDS Call","Medical Emergency","Headache","2026/03/23 04:11:28 PM","Rahim Yar Khan"
"275378","Muhammad ALi","DR-818","EMDS Call","Medical Emergency","Abdominal Pain","2026/03/23 04:11:51 PM","Khanpur"
"Not Assigned","Zia ul Haq","DR-328","EMDS Call","Road Crash","Bleeding","2026/03/23 04:12:56 PM","Rahim Yar Khan"
"275380","Muhammad Zubair","DR-894","EMDS Call","Medical Emergency","SOB/ Respiratory Distress","2026/03/23 04:24:41 PM","Sadiqabad"
"275382","Muhammad ALi","DR-818","EMDS Call","Medical Emergency","Chest Pain","2026/03/23 04:25:14 PM","Liaqatpur"
"275381","Aasia Batool","MR-5198","EMDS Call","Medical Emergency","SOB/ Respiratory Distress","2026/03/23 04:26:41 PM","Rahim Yar Khan"
"275384","Zia ul Haq","DR-328","EMDS Call","Road Crash","Minor Injuries","2026/03/23 04:31:57 PM","Rahim Yar Khan"
"275383","Aasia Batool","MR-5198","EMDS Call","Medical Emergency","Unconscious","2026/03/23 04:33:18 PM","Rahim Yar Khan"
"275385","Muhammad ALi","DR-818","EMDS Call","Medical Emergency","Domestic Injuries","2026/03/23 04:38:12 PM","Liaqatpur"
"275386","Zia ul Haq","DR-328","EMDS Call","Medical Emergency","SOB/ Respiratory Distress","2026/03/23 04:43:53 PM","Khanpur"
"275387","Zia ul Haq","DR-328","EMDS Call","Medical Emergency","High Fever","2026/03/23 04:59:24 PM","Rahim Yar Khan"
"275389","Muhammad ALi","DR-818","EMDS Call","Medical Emergency","Abdominal Pain","2026/03/23 05:00:21 PM","Khanpur"
"275388","Muhammad Zubair","DR-894","EMDS Call","Road Crash","Minor Injuries","2026/03/23 05:02:07 PM","Sadiqabad"
"275390","Aasia Batool","MR-5198","EMDS Call","Medical Emergency","High Fever","2026/03/23 05:03:07 PM","Rahim Yar Khan"
"275392","Zia ul Haq","DR-328","EMDS Call","Medical Emergency","Joints Pain","2026/03/23 05:12:02 PM","Rahim Yar Khan"
"77274","Aasia Batool","MR-5198","Direct Call","Patient Transfer Service","N/A","2026/03/23 05:17:47 PM","Khanpur"
"275391","Muhammad Zubair","DR-894","EMDS Call","Medical Emergency","Abdominal Pain","2026/03/23 05:16:53 PM","Liaqatpur"
"275393","Aasia Batool","MR-5198","EMDS Call","Road Crash","Minor Injuries","2026/03/23 05:20:46 PM","Khanpur"
"275394","Zia ul Haq","DR-328","EMDS Call","Medical Emergency","Abdominal Pain","2026/03/23 05:19:25 PM","Liaqatpur"
"275395","Zia ul Haq","DR-328","EMDS Call","Crime","Bullet Injury","2026/03/23 05:29:54 PM","Rahim Yar Khan"
"275396","Aasia Batool","MR-5198","EMDS Call","Medical Emergency","Diabetic","2026/03/23 05:30:55 PM","Rahim Yar Khan"
"275399","Muhammad Zubair","DR-894","EMDS Call","Road Crash","Minor Injuries","2026/03/23 05:32:44 PM","Sadiqabad"
"275399","Muhammad Zubair","DR-894","EMDS Call","Road Crash","Minor Injuries","2026/03/23 05:32:44 PM","Sadiqabad"
"275397","Zia ul Haq","DR-328","EMDS Call","Road Crash","Minor Injuries","2026/03/23 05:37:11 PM","Rahim Yar Khan"
"275398","Muhammad ALi","DR-818","EMDS Call","Medical Emergency","Unconscious","2026/03/23 05:37:39 PM","Sadiqabad"
"77277","Muhammad ALi","DR-818","Direct Call","Patient Transfer Service","N/A","2026/03/23 05:43:12 PM","Sadiqabad"
"77275","Muhammad Zubair","DR-894","Direct Call","Patient Transfer Service","N/A","2026/03/23 05:44:15 PM","Khanpur"
"77276","Zia ul Haq","DR-328","Direct Call","Patient Transfer Service","N/A","2026/03/23 05:43:23 PM","Liaqatpur"
"275400","Muhammad Zubair","DR-894","Direct Call","Medical Emergency","High Fever","2026/03/23 05:50:11 PM","Rahim Yar Khan"
"275401","Muhammad ALi","DR-818","EMDS Call","Medical Emergency","Chronic Illness","2026/03/23 05:50:38 PM","Khanpur"
"275402","Muhammad ALi","DR-818","EMDS Call","Medical Emergency","Epilepsy","2026/03/23 05:53:50 PM","Rahim Yar Khan"
"275403","Aasia Batool","MR-5198","EMDS Call","Medical Emergency","Joints Pain","2026/03/23 05:56:13 PM","Rahim Yar Khan"
"275404","Muhammad ALi","DR-818","EMDS Call","Medical Emergency","Anxiety / Psychiatric Disorder","2026/03/23 05:58:23 PM","Liaqatpur"
"275406","Muhammad Zubair","DR-894","EMDS Call","Medical Emergency","Unconscious","2026/03/23 05:59:23 PM","Khanpur"
"275405","Aasia Batool","MR-5198","EMDS Call","Medical Emergency","Domestic Injuries","2026/03/23 06:00:45 PM","Rahim Yar Khan"
"275408","Muhammad ALi","DR-818","EMDS Call","Medical Emergency","Drug Addiction","2026/03/23 06:05:33 PM","Rahim Yar Khan"
"275407","Muhammad Zubair","DR-894","Direct Call","Medical Emergency","Unconscious","2026/03/23 06:05:36 PM","Rahim Yar Khan"
"275409","Aasia Batool","MR-5198","EMDS Call","Medical Emergency","Vomiting","2026/03/23 06:06:56 PM","Sadiqabad"
"275410","Muhammad ALi","DR-818","EMDS Call","Rescue Operations","Delivery Case","2026/03/23 06:08:35 PM","Khanpur"
"275411","Muhammad Zubair","DR-894","EMDS Call","Medical Emergency","Hypertension","2026/03/23 06:07:59 PM","Rahim Yar Khan"
"275412","Muhammad ALi","DR-818","EMDS Call","Medical Emergency","SOB/ Respiratory Distress","2026/03/23 06:21:06 PM","Khanpur"
"275413","Muhammad ALi","DR-818","EMDS Call","Medical Emergency","Epilepsy","2026/03/23 06:27:46 PM","Sadiqabad"
"275414","Muhammad ALi","DR-818","EMDS Call","Medical Emergency","Diabetic","2026/03/23 06:31:41 PM","Liaqatpur"
"275415","Muhammad Zubair","DR-894","EMDS Call","Medical Emergency","Joints Pain","2026/03/23 06:33:49 PM","Rahim Yar Khan"
"275416","Muhammad Zubair","DR-894","EMDS Call","Road Crash","Severe Trauma","2026/03/23 06:45:18 PM","Khanpur"
"275417","Muhammad Zubair","DR-894","EMDS Call","Road Crash","Bleeding","2026/03/23 06:48:11 PM","Sadiqabad"
"275418","Aasia Batool","MR-5198","EMDS Call","Medical Emergency","High Fever","2026/03/23 06:52:16 PM","Rahim Yar Khan"
"275419","Muhammad Zubair","DR-894","EMDS Call","Road Crash","Multiple Fractures","2026/03/23 06:55:39 PM","Sadiqabad"
"77278","Aasia Batool","MR-5198","Direct Call","Patient Transfer Service","N/A","2026/03/23 06:57:06 PM","Khanpur"
"275420","Zia ul Haq","DR-328","EMDS Call","Fire","Others","2026/03/23 06:57:03 PM","Khanpur"
"275421","Aasia Batool","MR-5198","EMDS Call","Road Crash","Bleeding","2026/03/23 06:58:23 PM","Rahim Yar Khan"
"275422","Zia ul Haq","DR-328","EMDS Call","Medical Emergency","Abdominal Pain","2026/03/23 07:11:18 PM","Liaqatpur"
"275423","Muhammad Zubair","DR-894","EMDS Call","Medical Emergency","Joints Pain","2026/03/23 07:07:24 PM","Sadiqabad"
"275424","Zia ul Haq","DR-328","EMDS Call","Road Crash","Minor Injuries","2026/03/23 07:14:32 PM","Rahim Yar Khan"
"275425","Muhammad Zubair","DR-894","EMDS Call","Medical Emergency","Vomiting","2026/03/23 07:34:08 PM","Sadiqabad"
"275426","Aasia Batool","MR-5198","EMDS Call","Road Crash","Bleeding","2026/03/23 07:38:09 PM","Rahim Yar Khan"
"275426","Aasia Batool","MR-5198","EMDS Call","Road Crash","Bleeding","2026/03/23 07:38:09 PM","Rahim Yar Khan"
"275427","Muhammad ALi","DR-818","EMDS Call","Medical Emergency","Abdominal Pain","2026/03/23 07:41:41 PM","Khanpur"
"275428","Aasia Batool","MR-5198","Direct Call","Medical Emergency","Abdominal Pain","2026/03/23 07:44:10 PM","Sadiqabad"
"275429","Zia ul Haq","DR-328","EMDS Call","Medical Emergency","Abdominal Pain","2026/03/23 07:48:10 PM","Rahim Yar Khan"
"275431","Muhammad Zubair","DR-894","EMDS Call","Road Crash","Minor Injuries","2026/03/23 07:49:50 PM","Rahim Yar Khan"
"275430","Muhammad ALi","DR-818","EMDS Call","Road Crash","Bleeding","2026/03/23 07:49:48 PM","Rahim Yar Khan"
"275432","Muhammad Zubair","DR-894","EMDS Call","Road Crash","Minor Injuries","2026/03/23 07:52:35 PM","Rahim Yar Khan"
"275433","Muhammad Zubair","DR-894","EMDS Call","Rescue Operations","Delivery Case","2026/03/23 07:57:09 PM","Sadiqabad"
"275434","Muhammad ALi","DR-818","EMDS Call","Medical Emergency","SOB/ Respiratory Distress","2026/03/23 08:06:45 PM","Rahim Yar Khan"
"275435","Muhammad ALi","DR-818","EMDS Call","Medical Emergency","Vomiting","2026/03/23 08:11:39 PM","Rahim Yar Khan"
"275436","Aasia Batool","MR-5198","EMDS Call","Medical Emergency","Chest Pain","2026/03/23 08:12:05 PM","Rahim Yar Khan"
"275437","Muhammad Zubair","DR-894","EMDS Call","Medical Emergency","Vertigo/ Dizziness","2026/03/23 08:29:14 PM","Rahim Yar Khan"
"275438","Muhammad ALi","DR-818","EMDS Call","Medical Emergency","Vomiting","2026/03/23 08:38:06 PM","Khanpur"
"275439","Aasia Batool","MR-5198","EMDS Call","Medical Emergency","Abdominal Pain","2026/03/23 08:40:27 PM","Khanpur"
"275440","Muhammad Zubair","DR-894","EMDS Call","Road Crash","Severe Trauma","2026/03/23 08:46:07 PM","Liaqatpur"
"275441","Nida Rahat","DR-1322","EMDS Call","Medical Emergency","Hypertension","2026/03/23 08:54:56 PM","Rahim Yar Khan"
"275442","Maheen Tahir","MR-6017","EMDS Call","Road Crash","Bleeding","2026/03/23 08:55:28 PM","Rahim Yar Khan"
"275442","Maheen Tahir","MR-6017","EMDS Call","Road Crash","Bleeding","2026/03/23 08:55:28 PM","Rahim Yar Khan"
"275443","Nida Rahat","DR-1322","EMDS Call","Medical Emergency","Abdominal Pain","2026/03/23 08:58:53 PM","Rahim Yar Khan"
"275444","Muhammad Fiaz","DR-206","EMDS Call","Medical Emergency","Chest Pain","2026/03/23 09:01:13 PM","Rahim Yar Khan"
"275445","Maheen Tahir","MR-6017","EMDS Call","Medical Emergency","Vomiting","2026/03/23 09:05:24 PM","Rahim Yar Khan"
"275447","Maheen Tahir","MR-6017","EMDS Call","Medical Emergency","Joints Pain","2026/03/23 09:12:33 PM","Liaqatpur"
"275446","Muhammad Fiaz","DR-206","EMDS Call","Medical Emergency","SOB/ Respiratory Distress","2026/03/23 09:11:04 PM","Sadiqabad"
"275448","Nida Rahat","DR-1322","EMDS Call","Medical Emergency","Hypertension","2026/03/23 09:13:31 PM","Khanpur"
"275449","Muhammad Fiaz","DR-206","EMDS Call","Medical Emergency","Hypertension","2026/03/23 09:16:36 PM","Rahim Yar Khan"
"275450","Nida Rahat","DR-1322","EMDS Call","Medical Emergency","Hypertension","2026/03/23 09:20:36 PM","Rahim Yar Khan"
"275451","Muhammad Fiaz","DR-206","EMDS Call","Medical Emergency","Vomiting","2026/03/23 09:23:23 PM","Khanpur"
"77279","Muhammad Fiaz","DR-206","Direct Call","Patient Transfer Service","N/A","2026/03/23 09:25:24 PM","Sadiqabad"
"275452","Nida Rahat","DR-1322","EMDS Call","Rescue Operations","Delivery Case","2026/03/23 09:28:05 PM","Liaqatpur"
"275453","Maheen Tahir","MR-6017","EMDS Call","Medical Emergency","Anxiety / Psychiatric Disorder","2026/03/23 09:28:23 PM","Rahim Yar Khan"
"77280","Maheen Tahir","MR-6017","Direct Call","Patient Transfer Service","N/A","2026/03/23 09:39:36 PM","Sadiqabad"
"275454","Muhammad Fiaz","DR-206","EMDS Call","Rescue Operations","Snake Emergency","2026/03/23 09:45:06 PM","Khanpur"
"275455","Maheen Tahir","MR-6017","EMDS Call","Medical Emergency","Anxiety / Psychiatric Disorder","2026/03/23 10:03:57 PM","Rahim Yar Khan"
"275456","Muhammad Fiaz","DR-206","EMDS Call","Road Crash","Minor Injuries","2026/03/23 10:16:20 PM","Rahim Yar Khan"
"275456","Muhammad Fiaz","DR-206","EMDS Call","Road Crash","Minor Injuries","2026/03/23 10:16:20 PM","Rahim Yar Khan"
"77281","Nida Rahat","DR-1322","Direct Call","Patient Transfer Service","N/A","2026/03/23 10:23:15 PM","Khanpur"
"275457","Muhammad Fiaz","DR-206","EMDS Call","Road Crash","Minor Injuries","2026/03/23 10:22:14 PM","Rahim Yar Khan"
"275458","Maheen Tahir","MR-6017","EMDS Call","Medical Emergency","Anxiety / Psychiatric Disorder","2026/03/23 10:22:42 PM","Sadiqabad"
"275459","Nida Rahat","DR-1322","EMDS Call","Medical Emergency","Chest Pain","2026/03/23 10:23:57 PM","Liaqatpur"
"77282","Maheen Tahir","MR-6017","Direct Call","Patient Transfer Service","N/A","2026/03/23 10:33:07 PM","Khanpur"
"77283","Maheen Tahir","MR-6017","Direct Call","Patient Transfer Service","N/A","2026/03/23 10:36:58 PM","Sadiqabad"
"275461","Muhammad Fiaz","DR-206","EMDS Call","Medical Emergency","SOB/ Respiratory Distress","2026/03/23 10:37:31 PM","Rahim Yar Khan"
"275460","Nida Rahat","DR-1322","EMDS Call","Medical Emergency","Chest Pain","2026/03/23 10:37:59 PM","Rahim Yar Khan"
"275462","Rana M. Usman","DR-200","EMDS Call","Medical Emergency","Gynae Problem","2026/03/23 10:40:17 PM","Rahim Yar Khan"
"275463","Muhammad Fiaz","DR-206","EMDS Call","Medical Emergency","SOB/ Respiratory Distress","2026/03/23 10:41:25 PM","Rahim Yar Khan"
"275464","Adil Iqbal","DR-782","EMDS Call","Medical Emergency","Anxiety / Psychiatric Disorder","2026/03/23 10:47:24 PM","Rahim Yar Khan"
"275465","Muhammad Fiaz","DR-206","EMDS Call","Medical Emergency","Hypertension","2026/03/23 10:52:58 PM","Sadiqabad"
"275466","Muhammad Fiaz","DR-206","EMDS Call","Road Crash","Minor Injuries","2026/03/23 11:12:59 PM","Rahim Yar Khan"
"275467","Adil Iqbal","DR-782","EMDS Call","Medical Emergency","Abdominal Pain","2026/03/23 11:14:03 PM","Rahim Yar Khan"
"275468","Muhammad Fiaz","DR-206","EMDS Call","Medical Emergency","Hypertension","2026/03/23 11:15:17 PM","Rahim Yar Khan"
"275469","Muhammad Fiaz","DR-206","EMDS Call","Medical Emergency","SOB/ Respiratory Distress","2026/03/23 11:24:49 PM","Liaqatpur"
"275470","Adil Iqbal","DR-782","EMDS Call","Medical Emergency","High Fever","2026/03/23 11:29:52 PM","Rahim Yar Khan"
"77284","Muhammad Fiaz","DR-206","Direct Call","Patient Transfer Service","N/A","2026/03/23 11:33:34 PM","Khanpur"
"275471","Adil Iqbal","DR-782","EMDS Call","Medical Emergency","High Fever","2026/03/23 11:39:28 PM","Rahim Yar Khan"
"275472","Muhammad Fiaz","DR-206","EMDS Call","Medical Emergency","Vomiting","2026/03/23 11:41:13 PM","Rahim Yar Khan"
"275473","Rana M. Usman","DR-200","EMDS Call","Medical Emergency","Joints Pain","2026/03/23 11:42:05 PM","Sadiqabad"
"275474","Muhammad Fiaz","DR-206","EMDS Call","Rescue Operations","Animal/Bird Rescue","2026/03/23 11:47:24 PM","Khanpur"
"275475","Muhammad Fiaz","DR-206","EMDS Call","Medical Emergency","Backache","2026/03/23 11:52:49 PM","Rahim Yar Khan"
"275476","Rana M. Usman","DR-200","EMDS Call","Road Crash","Severe Trauma","2026/03/23 11:54:46 PM","Rahim Yar Khan"
"275477","Muhammad Fiaz","DR-206","EMDS Call","Medical Emergency","Abdominal Pain","2026/03/24 12:02:59 AM","Rahim Yar Khan"
"275478","Rana M. Usman","DR-200","EMDS Call","Medical Emergency","SOB/ Respiratory Distress","2026/03/24 12:11:53 AM","Sadiqabad"
"275479","Adil Iqbal","DR-782","EMDS Call","Medical Emergency","Abdominal Pain","2026/03/24 12:29:15 AM","Rahim Yar Khan"
"275480","Muhammad Fiaz","DR-206","EMDS Call","Medical Emergency","Hypertension","2026/03/24 12:35:22 AM","Sadiqabad"
"275481","Rana M. Usman","DR-200","EMDS Call","Medical Emergency","Anxiety / Psychiatric Disorder","2026/03/24 12:38:17 AM","Sadiqabad"
"275482","Rana M. Usman","DR-200","EMDS Call","Medical Emergency","Chest Pain","2026/03/24 12:53:16 AM","Rahim Yar Khan"
"275483","Adil Iqbal","DR-782","EMDS Call","Medical Emergency","Vomiting","2026/03/24 12:56:54 AM","Sadiqabad"
"275484","Muhammad Fiaz","DR-206","EMDS Call","Medical Emergency","Joints Pain","2026/03/24 01:06:04 AM","Rahim Yar Khan"
"77285","Muhammad Fiaz","DR-206","Direct Call","Patient Transfer Service","N/A","2026/03/24 01:12:32 AM","Liaqatpur"
"275485","Adil Iqbal","DR-782","EMDS Call","Rescue Operations","Delivery Case","2026/03/24 01:14:21 AM","Rahim Yar Khan"
"77286","Muhammad Fiaz","DR-206","Direct Call","Patient Transfer Service","N/A","2026/03/24 01:19:42 AM","Liaqatpur"
"275486","Rana M. Usman","DR-200","EMDS Call","Medical Emergency","Anxiety / Psychiatric Disorder","2026/03/24 01:23:58 AM","Sadiqabad"
"275487","Muhammad Fiaz","DR-206","EMDS Call","Medical Emergency","Chest Pain","2026/03/24 01:26:44 AM","Sadiqabad"
"275488","Rana M. Usman","DR-200","EMDS Call","Medical Emergency","SOB/ Respiratory Distress","2026/03/24 01:29:49 AM","Khanpur"
"275489","Muhammad Fiaz","DR-206","EMDS Call","Medical Emergency","Diabetic","2026/03/24 01:35:36 AM","Rahim Yar Khan"
"77287","Muhammad Fiaz","DR-206","Direct Call","Patient Transfer Service","N/A","2026/03/24 01:40:06 AM","Sadiqabad"
"275490","Adil Iqbal","DR-782","EMDS Call","Medical Emergency","Headache","2026/03/24 01:40:57 AM","Rahim Yar Khan"
"275491","Muhammad Fiaz","DR-206","EMDS Call","Medical Emergency","Allergy","2026/03/24 01:42:04 AM","Rahim Yar Khan"
"275492","Rana M. Usman","DR-200","EMDS Call","Medical Emergency","Hypotension","2026/03/24 01:46:23 AM","Khanpur"
"275493","Adil Iqbal","DR-782","EMDS Call","Medical Emergency","Hypertension","2026/03/24 01:49:10 AM","Sadiqabad"
"275494","Adil Iqbal","DR-782","EMDS Call","Medical Emergency","High Fever","2026/03/24 01:59:41 AM","Rahim Yar Khan"
"275495","Muhammad Fiaz","DR-206","EMDS Call","Medical Emergency","Hypertension","2026/03/24 02:02:06 AM","Rahim Yar Khan"
"Not Assigned","Adil Iqbal","DR-782","EMDS Call","Medical Emergency","Hypertension","2026/03/24 02:12:37 AM","Rahim Yar Khan"
"275497","Rana M. Usman","DR-200","EMDS Call","Medical Emergency","Abdominal Pain","2026/03/24 02:12:08 AM","Khanpur"
"275498","Rana M. Usman","DR-200","EMDS Call","Medical Emergency","Diabetic","2026/03/24 02:26:31 AM","Rahim Yar Khan"
"275499","Adil Iqbal","DR-782","EMDS Call","Medical Emergency","Abdominal Pain","2026/03/24 02:58:00 AM","Sadiqabad"
"275500","Rana M. Usman","DR-200","EMDS Call","Medical Emergency","Abdominal Pain","2026/03/24 03:11:36 AM","Rahim Yar Khan"
"275501","Muhammad Riaz","DR-654","EMDS Call","Medical Emergency","Headache","2026/03/24 03:20:51 AM","Rahim Yar Khan"
"77288","Nida Rahat","DR-1322","Direct Call","Patient Transfer Service","N/A","2026/03/24 03:26:23 AM","Khanpur"
"275502","Nida Rahat","DR-1322","EMDS Call","Medical Emergency","Vomiting","2026/03/24 03:58:15 AM","Rahim Yar Khan"
"275503","Nida Rahat","DR-1322","EMDS Call","Medical Emergency","Vomiting","2026/03/24 04:21:16 AM","Sadiqabad"
"275504","Muhammad Riaz","DR-654","EMDS Call","Medical Emergency","Vomiting","2026/03/24 04:22:00 AM","Rahim Yar Khan"
"275505","Maheen Tahir","MR-6017","EMDS Call","Medical Emergency","High Fever","2026/03/24 04:32:51 AM","Rahim Yar Khan"
"275506","Muhammad Riaz","DR-654","EMDS Call","Medical Emergency","Abdominal Pain","2026/03/24 04:41:14 AM","Rahim Yar Khan"
"275507","Maheen Tahir","MR-6017","EMDS Call","Medical Emergency","Hypertension","2026/03/24 04:41:58 AM","Rahim Yar Khan"
"275508","Muhammad Riaz","DR-654","EMDS Call","Medical Emergency","Vomiting","2026/03/24 04:46:35 AM","Rahim Yar Khan"
"275509","Nida Rahat","DR-1322","Direct Call","Medical Emergency","Unconscious","2026/03/24 05:18:21 AM","Khanpur"
"275510","Maheen Tahir","MR-6017","EMDS Call","Medical Emergency","Chest Pain","2026/03/24 05:38:25 AM","Sadiqabad"
"275511","Nida Rahat","DR-1322","EMDS Call","Road Crash","Bleeding","2026/03/24 06:08:49 AM","Rahim Yar Khan"
"275511","Nida Rahat","DR-1322","EMDS Call","Road Crash","Bleeding","2026/03/24 06:08:49 AM","Rahim Yar Khan"
"275512","Muhammad Riaz","DR-654","EMDS Call","Medical Emergency","Hypertension","2026/03/24 06:27:01 AM","Rahim Yar Khan"
"275513","Maheen Tahir","MR-6017","EMDS Call","Medical Emergency","Hypertension","2026/03/24 06:28:42 AM","Rahim Yar Khan"
"275514","Maheen Tahir","MR-6017","EMDS Call","Medical Emergency","Unconscious","2026/03/24 06:43:02 AM","Khanpur"
"275515","Muhammad Riaz","DR-654","EMDS Call","Medical Emergency","Epilepsy","2026/03/24 06:55:01 AM","Rahim Yar Khan"
"77289","Muhammad Riaz","DR-654","Direct Call","Patient Transfer Service","N/A","2026/03/24 07:09:01 AM","Sadiqabad"
"275517","Nida Rahat","DR-1322","EMDS Call","Medical Emergency","Renal Disorders / Renal Colic ","2026/03/24 07:16:46 AM","Khanpur"
"275516","Maheen Tahir","MR-6017","EMDS Call","Medical Emergency","Vomiting","2026/03/24 07:17:50 AM","Rahim Yar Khan"
"275518","Maheen Tahir","MR-6017","EMDS Call","Medical Emergency","SOB/ Respiratory Distress","2026/03/24 07:26:26 AM","Sadiqabad"
"275520","Maheen Tahir","MR-6017","EMDS Call","Fall","Slipped On Floor","2026/03/24 07:42:58 AM","Liaqatpur"
"275519","Muhammad Riaz","DR-654","EMDS Call","Medical Emergency","Backache","2026/03/24 07:41:52 AM","Khanpur"
"275521","Nida Rahat","DR-1322","Direct Call","Medical Emergency","Unconscious","2026/03/24 07:52:05 AM","Liaqatpur"
"275522","Nida Rahat","DR-1322","EMDS Call","Medical Emergency","High Fever","2026/03/24 07:55:36 AM","Liaqatpur"
"77290","Nida Rahat","DR-1322","Direct Call","Patient Transfer Service","N/A","2026/03/24 08:04:26 AM","Liaqatpur"
"275523","Shahla Nawaz","DR-185","EMDS Call","Medical Emergency","Chest Pain","2026/03/24 08:03:02 AM","Rahim Yar Khan"
"275524","Maheen Tahir","MR-6017","EMDS Call","Road Crash","Minor Injuries","2026/03/24 08:06:11 AM","Sadiqabad"
"275525","Muhammad Zubair","DR-894","EMDS Call","Medical Emergency","High Fever","2026/03/24 08:13:34 AM","Rahim Yar Khan"
"275526","Saqib Nasim","DR-197","EMDS Call","Medical Emergency","Chronic Illness","2026/03/24 08:18:23 AM","Rahim Yar Khan"
"275527","Saqib Nasim","DR-197","EMDS Call","Medical Emergency","Chronic Illness","2026/03/24 08:23:52 AM","Rahim Yar Khan"
"275528","Muhammad Zubair","DR-894","EMDS Call","Medical Emergency","High Fever","2026/03/24 08:24:24 AM","Khanpur"
"275529","Shahla Nawaz","DR-185","EMDS Call","Rescue Operations","Delivery Case","2026/03/24 08:27:15 AM","Sadiqabad"
"275530","Muhammad Zubair","DR-894","EMDS Call","Medical Emergency","Anxiety / Psychiatric Disorder","2026/03/24 08:29:09 AM","Rahim Yar Khan"
"275531","Saqib Nasim","DR-197","EMDS Call","Medical Emergency","Renal Disorders / Renal Colic ","2026/03/24 08:31:57 AM","Khanpur"
"275532","Shahla Nawaz","DR-185","EMDS Call","Medical Emergency","Anxiety / Psychiatric Disorder","2026/03/24 08:42:10 AM","Rahim Yar Khan"
"275533","Muhammad Zubair","DR-894","EMDS Call","Rescue Operations","Snake Emergency","2026/03/24 08:44:50 AM","Khanpur"
"275534","Shahid Jamil","DR-184","EMDS Call","Road Crash","Minor Injuries","2026/03/24 08:46:50 AM","Liaqatpur"
"275535","Muhammad Zubair","DR-894","EMDS Call","Medical Emergency","SOB/ Respiratory Distress","2026/03/24 08:54:42 AM","Rahim Yar Khan"
"275536","Shahid Jamil","DR-184","EMDS Call","Medical Emergency","Renal Disorders / Renal Colic ","2026/03/24 08:56:47 AM","Rahim Yar Khan"
"275537","Shahla Nawaz","DR-185","EMDS Call","Medical Emergency","Abdominal Pain","2026/03/24 08:59:18 AM","Khanpur"
"275538","Muhammad Zubair","DR-894","EMDS Call","Road Crash","Severe Trauma","2026/03/24 09:01:49 AM","Rahim Yar Khan"
"275539","Muhammad Zubair","DR-894","EMDS Call","Road Crash","Minor Injuries","2026/03/24 09:05:03 AM","Rahim Yar Khan"
"275540","Shahla Nawaz","DR-185","EMDS Call","Medical Emergency","Vomiting","2026/03/24 09:06:51 AM","Rahim Yar Khan"
"275541","Adnan Shabbir","DR-205","EMDS Call","Rescue Operations","Animal/Bird Rescue","2026/03/24 09:10:18 AM","Rahim Yar Khan"
"275542","Adnan Shabbir","DR-205","EMDS Call","Medical Emergency","Vomiting","2026/03/24 09:20:58 AM","Sadiqabad"
"275544","Shahla Nawaz","DR-185","EMDS Call","Medical Emergency","CVA/Stroke","2026/03/24 09:24:29 AM","Liaqatpur"
"275543","Adnan Shabbir","DR-205","EMDS Call","Road Crash","Minor Injuries","2026/03/24 09:27:31 AM","Rahim Yar Khan"
"275545","Shahla Nawaz","DR-185","EMDS Call","Medical Emergency","Chronic Illness","2026/03/24 09:34:19 AM","Rahim Yar Khan"
"275547","Muhammad Zubair","DR-894","Direct Call","Medical Emergency","High Fever","2026/03/24 09:44:04 AM","Rahim Yar Khan"
"275546","Shahid Jamil","DR-184","EMDS Call","Rescue Operations","Scorpion Bite/Other Animal/Insect Bite","2026/03/24 09:43:30 AM","Khanpur"
"275548","Adnan Shabbir","DR-205","Direct Call","Medical Emergency","Vomiting","2026/03/24 09:47:48 AM","Rahim Yar Khan"
"275549","Shahid Jamil","DR-184","EMDS Call","Road Crash","Severe Trauma","2026/03/24 09:47:31 AM","Khanpur"
"275550","Muhammad Zubair","DR-894","EMDS Call","Medical Emergency","Joints Pain","2026/03/24 10:06:03 AM","Khanpur"
"275551","Shahid Jamil","DR-184","EMDS Call","Medical Emergency","CVA/Stroke","2026/03/24 10:09:40 AM","Rahim Yar Khan"
"275552","Muhammad Zubair","DR-894","EMDS Call","Medical Emergency","Abdominal Pain","2026/03/24 10:11:58 AM","Rahim Yar Khan"
"275553","Adnan Shabbir","DR-205","EMDS Call","Medical Emergency","Anxiety / Psychiatric Disorder","2026/03/24 10:12:42 AM","Rahim Yar Khan"
"275554","Shahid Jamil","DR-184","EMDS Call","Road Crash","Bleeding","2026/03/24 10:14:36 AM","Rahim Yar Khan"
"275556","Shahla Nawaz","DR-185","EMDS Call","Medical Emergency","Chest Pain","2026/03/24 10:12:45 AM","Rahim Yar Khan"
"275555","Muhammad Zubair","DR-894","EMDS Call","Road Crash","Minor Injuries","2026/03/24 10:14:53 AM","Sadiqabad"
"275557","Adnan Shabbir","DR-205","Direct Call","Rescue Operations","Mass Event Coverage","2026/03/24 10:16:33 AM","Rahim Yar Khan"
"275558","Adnan Shabbir","DR-205","EMDS Call","Crime","Probable Suicide","2026/03/24 10:18:36 AM","Khanpur"
"Not Assigned","Adnan Shabbir","DR-205","Direct Call","Mock Exercise","Mock","2026/03/24 10:22:48 AM","Sadiqabad"
"275559","Adnan Shabbir","DR-205","EMDS Call","Road Crash","Severe Trauma","2026/03/24 10:24:59 AM","Khanpur"
"275560","Shahla Nawaz","DR-185","EMDS Call","Medical Emergency","Renal Disorders / Renal Colic ","2026/03/24 10:25:49 AM","Rahim Yar Khan"
"275562","Muhammad Zubair","DR-894","EMDS Call","Road Crash","Minor Injuries","2026/03/24 10:30:52 AM","Rahim Yar Khan"
"275561","Adnan Shabbir","DR-205","EMDS Call","Road Crash","Minor Injuries","2026/03/24 10:30:02 AM","Rahim Yar Khan"
"275564","Shahla Nawaz","DR-185","EMDS Call","Rescue Operations","Manhole Rescue","2026/03/24 10:32:20 AM","Sadiqabad"
"275564","Shahla Nawaz","DR-185","EMDS Call","Rescue Operations","Manhole Rescue","2026/03/24 10:32:20 AM","Sadiqabad"
"275564","Shahla Nawaz","DR-185","EMDS Call","Rescue Operations","Manhole Rescue","2026/03/24 10:32:20 AM","Sadiqabad"
"Not Assigned","Adnan Shabbir","DR-205","EMDS Call","Medical Emergency","Backache","2026/03/24 10:32:09 AM","Sadiqabad"
"275565","Shahid Jamil","DR-184","EMDS Call","Medical Emergency","Vomiting","2026/03/24 10:34:38 AM","Rahim Yar Khan"
"275566","Muhammad Zubair","DR-894","EMDS Call","Road Crash","Severe Trauma","2026/03/24 10:33:45 AM","Khanpur"
"275567","Muhammad Zubair","DR-894","EMDS Call","Medical Emergency","Domestic Injuries","2026/03/24 10:45:51 AM","Sadiqabad"
"275569","Adnan Shabbir","DR-205","EMDS Call","Road Crash","Severe Trauma","2026/03/24 10:54:03 AM","Liaqatpur"
"275569","Adnan Shabbir","DR-205","EMDS Call","Road Crash","Severe Trauma","2026/03/24 10:54:03 AM","Liaqatpur"
"275569","Adnan Shabbir","DR-205","EMDS Call","Road Crash","Severe Trauma","2026/03/24 10:54:03 AM","Liaqatpur"
"275568","Shahla Nawaz","DR-185","EMDS Call","Road Crash","Minor Injuries","2026/03/24 10:54:14 AM","Sadiqabad"
"Not Assigned","Muhammad Zubair","DR-894","EMDS Call","Road Crash","Bleeding","2026/03/24 11:01:00 AM","Rahim Yar Khan"
"275570","Shahla Nawaz","DR-185","EMDS Call","Rescue Operations","Delivery Case","2026/03/24 11:03:54 AM","Sadiqabad"
"275571","Adnan Shabbir","DR-205","EMDS Call","Medical Emergency","Joints Pain","2026/03/24 11:08:18 AM","Rahim Yar Khan"
"275572","Shahid Jamil","DR-184","EMDS Call","Medical Emergency","Abdominal Pain","2026/03/24 11:10:39 AM","Sadiqabad"
"275573","Muhammad Zubair","DR-894","EMDS Call","Road Crash","Multiple Fractures","2026/03/24 11:12:44 AM","Rahim Yar Khan"
"275574","Shahla Nawaz","DR-185","EMDS Call","Medical Emergency","Vomiting","2026/03/24 11:12:26 AM","Rahim Yar Khan"
"275575","Muhammad Zubair","DR-894","EMDS Call","Medical Emergency","SOB/ Respiratory Distress","2026/03/24 11:16:35 AM","Rahim Yar Khan"
"275577","Adnan Shabbir","DR-205","EMDS Call","Medical Emergency","CVA/Stroke","2026/03/24 11:20:45 AM","Sadiqabad"
"275576","Muhammad Zubair","DR-894","EMDS Call","Medical Emergency","Anxiety / Psychiatric Disorder","2026/03/24 11:20:38 AM","Rahim Yar Khan"
"275578","Adnan Shabbir","DR-205","EMDS Call","Medical Emergency","Chest Pain","2026/03/24 11:25:55 AM","Khanpur"
"77291","Adnan Shabbir","DR-205","Direct Call","Patient Transfer Service","N/A","2026/03/24 11:28:25 AM","Sadiqabad"
"77292","Adnan Shabbir","DR-205","Direct Call","Patient Transfer Service","N/A","2026/03/24 11:29:42 AM","Sadiqabad"
"275579","Adnan Shabbir","DR-205","EMDS Call","Medical Emergency","Vomiting","2026/03/24 11:40:27 AM","Rahim Yar Khan"
"275580","Adnan Shabbir","DR-205","EMDS Call","Medical Emergency","Vomiting","2026/03/24 11:44:23 AM","Rahim Yar Khan"
"77293","Muhammad Zubair","DR-894","Direct Call","Patient Transfer Service","N/A","2026/03/24 11:46:10 AM","Sadiqabad"
"275581","Muhammad Zubair","DR-894","EMDS Call","Medical Emergency","Hypertension","2026/03/24 11:46:34 AM","Khanpur"
"77294","Adnan Shabbir","DR-205","Direct Call","Patient Transfer Service","N/A","2026/03/24 11:56:59 AM","Khanpur"
"275582","Muhammad Zubair","DR-894","EMDS Call","Road Crash","Bleeding","2026/03/24 12:04:12 PM","Sadiqabad"
"275583","Muhammad Zubair","DR-894","EMDS Call","Road Crash","Minor Injuries","2026/03/24 12:19:10 PM","Sadiqabad"
"275584","Muhammad Zubair","DR-894","EMDS Call","Medical Emergency","Vertigo/ Dizziness","2026/03/24 12:24:38 PM","Rahim Yar Khan"
"77295","Shahla Nawaz","DR-185","Direct Call","Patient Transfer Service","N/A","2026/03/24 12:27:56 PM","Khanpur"
"275585","Adnan Shabbir","DR-205","EMDS Call","Road Crash","Severe Trauma","2026/03/24 12:29:17 PM","Sadiqabad"
"77296","Adnan Shabbir","DR-205","Direct Call","Patient Transfer Service","N/A","2026/03/24 12:32:55 PM","Khanpur"
"275586","Muhammad Zubair","DR-894","EMDS Call","Medical Emergency","Abdominal Pain","2026/03/24 12:34:55 PM","Rahim Yar Khan"
"275587","Shahla Nawaz","DR-185","EMDS Call","Medical Emergency","Vomiting","2026/03/24 12:34:57 PM","Rahim Yar Khan"
"275588","Shahla Nawaz","DR-185","EMDS Call","Road Crash","Minor Injuries","2026/03/24 12:41:10 PM","Rahim Yar Khan"
"275589","Adnan Shabbir","DR-205","EMDS Call","Medical Emergency","Abdominal Pain","2026/03/24 12:42:35 PM","Rahim Yar Khan"
"275590","Muhammad Zubair","DR-894","EMDS Call","Road Crash","Minor Injuries","2026/03/24 12:42:23 PM","Rahim Yar Khan"
"275591","Muhammad Zubair","DR-894","EMDS Call","Medical Emergency","Hypotension","2026/03/24 12:46:31 PM","Khanpur"
"275593","Shahla Nawaz","DR-185","EMDS Call","Medical Emergency","Abdominal Pain","2026/03/24 12:47:15 PM","Sadiqabad"
"275592","Muhammad Zubair","DR-894","EMDS Call","Medical Emergency","Chronic Illness","2026/03/24 12:47:39 PM","Liaqatpur"
"275594","Shahla Nawaz","DR-185","EMDS Call","Road Crash","Bleeding","2026/03/24 12:52:52 PM","Rahim Yar Khan"
"275595","Adnan Shabbir","DR-205","EMDS Call","Road Crash","Bleeding","2026/03/24 12:57:23 PM","Liaqatpur"
"275595","Adnan Shabbir","DR-205","EMDS Call","Road Crash","Bleeding","2026/03/24 12:57:23 PM","Liaqatpur"
"275596","Adnan Shabbir","DR-205","EMDS Call","Medical Emergency","High Fever","2026/03/24 01:00:37 PM","Khanpur"
"275597","Shahla Nawaz","DR-185","EMDS Call","Road Crash","Minor Injuries","2026/03/24 01:02:27 PM","Khanpur"
"275598","Adnan Shabbir","DR-205","EMDS Call","Road Crash","Minor Injuries","2026/03/24 01:10:52 PM","Rahim Yar Khan"
"275599","Adnan Shabbir","DR-205","EMDS Call","Road Crash","Severe Trauma","2026/03/24 01:13:46 PM","Khanpur"
"275599","Adnan Shabbir","DR-205","EMDS Call","Road Crash","Severe Trauma","2026/03/24 01:13:46 PM","Khanpur"
"275600","Muhammad Zubair","DR-894","EMDS Call","Fall","Fall From Roof","2026/03/24 01:12:55 PM","Rahim Yar Khan"
"275601","Adnan Shabbir","DR-205","EMDS Call","Medical Emergency","SOB/ Respiratory Distress","2026/03/24 01:18:56 PM","Rahim Yar Khan"
"275602","Adnan Shabbir","DR-205","EMDS Call","Rescue Operations","Delivery Case","2026/03/24 01:24:34 PM","Sadiqabad"
"275603","Muhammad Zubair","DR-894","EMDS Call","Road Crash","Minor Injuries","2026/03/24 01:25:41 PM","Rahim Yar Khan"
"275604","Shahla Nawaz","DR-185","EMDS Call","Road Crash","Bleeding","2026/03/24 01:33:52 PM","Rahim Yar Khan"
"275605","Muhammad Zubair","DR-894","EMDS Call","Road Crash","Bleeding","2026/03/24 01:37:17 PM","Rahim Yar Khan"
"275606","Adnan Shabbir","DR-205","EMDS Call","Medical Emergency","Vertigo/ Dizziness","2026/03/24 01:45:30 PM","Rahim Yar Khan"
"Not Assigned","Shahla Nawaz","DR-185","EMDS Call","Medical Emergency","Chest Pain","2026/03/24 01:48:32 PM","Rahim Yar Khan"
"275607","Adnan Shabbir","DR-205","EMDS Call","Medical Emergency","SOB/ Respiratory Distress","2026/03/24 01:49:12 PM","Khanpur"
"275608","Sheeza Barkat","MR-5331","EMDS Call","Road Crash","Bleeding","2026/03/24 01:57:32 PM","Liaqatpur"
"275608","Sheeza Barkat","MR-5331","EMDS Call","Road Crash","Bleeding","2026/03/24 01:57:32 PM","Liaqatpur"
"275609","Adnan Shabbir","DR-205","EMDS Call","Medical Emergency","Abdominal Pain","2026/03/24 01:58:39 PM","Rahim Yar Khan"
"275610","Shahla Nawaz","DR-185","EMDS Call","Medical Emergency","Vertigo/ Dizziness","2026/03/24 01:59:08 PM","Rahim Yar Khan"
"275611","Shahla Nawaz","DR-185","EMDS Call","Rescue Operations","Animal/Bird Rescue","2026/03/24 02:05:48 PM","Rahim Yar Khan"
"275612","Shahla Nawaz","DR-185","EMDS Call","Fall","Slipped On Floor","2026/03/24 02:10:22 PM","Rahim Yar Khan"
"275613","Sheeza Barkat","MR-5331","EMDS Call","Medical Emergency","Hypertension","2026/03/24 02:20:21 PM","Sadiqabad"
"77297","Sheeza Barkat","MR-5331","Direct Call","Patient Transfer Service","N/A","2026/03/24 02:24:53 PM","Liaqatpur"
"275614","Aasia Batool","MR-5198","EMDS Call","Medical Emergency","Abdominal Pain","2026/03/24 02:24:19 PM","Rahim Yar Khan"
"275615","Shahid Jamil","DR-184","EMDS Call","Road Crash","Severe Trauma","2026/03/24 02:25:23 PM","Khanpur"
"275616","Aasia Batool","MR-5198","EMDS Call","Medical Emergency","High Fever","2026/03/24 02:29:08 PM","Liaqatpur"
"275617","Shahid Jamil","DR-184","EMDS Call","Road Crash","Minor Injuries","2026/03/24 02:29:58 PM","Rahim Yar Khan"
"275617","Shahid Jamil","DR-184","EMDS Call","Road Crash","Minor Injuries","2026/03/24 02:29:58 PM","Rahim Yar Khan"
"275618","Sheeza Barkat","MR-5331","EMDS Call","Medical Emergency","Joints Pain","2026/03/24 02:31:59 PM","Rahim Yar Khan"
"275619","Adil Iqbal","DR-782","EMDS Call","Medical Emergency","Abdominal Pain","2026/03/24 02:36:05 PM","Rahim Yar Khan"
"77298","Sheeza Barkat","MR-5331","Direct Call","Patient Transfer Service","N/A","2026/03/24 02:40:19 PM","Liaqatpur"
"77300","Aasia Batool","MR-5198","Direct Call","Patient Transfer Service","N/A","2026/03/24 02:44:21 PM","Sadiqabad"
"77299","Zia ul Haq","DR-328","Direct Call","Patient Transfer Service","N/A","2026/03/24 02:43:07 PM","Rahim Yar Khan"
"77301","Aasia Batool","MR-5198","Direct Call","Patient Transfer Service","N/A","2026/03/24 02:47:56 PM","Sadiqabad"
"275620","Shahid Jamil","DR-184","EMDS Call","Road Crash","Minor Injuries","2026/03/24 02:48:39 PM","Sadiqabad"
"275621","Sheeza Barkat","MR-5331","EMDS Call","Medical Emergency","Chronic Illness","2026/03/24 02:49:20 PM","Liaqatpur"
"275622","Aasia Batool","MR-5198","EMDS Call","Road Crash","Minor Injuries","2026/03/24 02:50:49 PM","Rahim Yar Khan"
"77302","Aasia Batool","MR-5198","Direct Call","Patient Transfer Service","N/A","2026/03/24 02:58:07 PM","Sadiqabad"
"275623","Sheeza Barkat","MR-5331","EMDS Call","Medical Emergency","Urinary Retention","2026/03/24 02:58:22 PM","Rahim Yar Khan"
"275624","Aasia Batool","MR-5198","EMDS Call","Fall","Fall From Stairs","2026/03/24 03:00:30 PM","Sadiqabad"
"275625","Sheeza Barkat","MR-5331","EMDS Call","Medical Emergency","High Fever","2026/03/24 03:02:56 PM","Khanpur"
"275626","Adil Iqbal","DR-782","EMDS Call","Medical Emergency","Epilepsy","2026/03/24 03:10:10 PM","Rahim Yar Khan"
"275627","Aasia Batool","MR-5198","EMDS Call","Medical Emergency","SOB/ Respiratory Distress","2026/03/24 03:12:47 PM","Rahim Yar Khan"
"275628","Adil Iqbal","DR-782","EMDS Call","Medical Emergency","Vomiting","2026/03/24 03:15:35 PM","Sadiqabad"
"275629","Adil Iqbal","DR-782","EMDS Call","Road Crash","Minor Injuries","2026/03/24 03:30:42 PM","Liaqatpur"
"77303","Adil Iqbal","DR-782","Direct Call","Patient Transfer Service","N/A","2026/03/24 03:33:15 PM","Khanpur"
"275630","Fahad Hussain","DR-538","EMDS Call","Road Crash","Minor Injuries","2026/03/24 03:36:57 PM","Rahim Yar Khan"
"275631","Sheeza Barkat","MR-5331","EMDS Call","Medical Emergency","Unconscious","2026/03/24 03:38:59 PM","Rahim Yar Khan"
"275632","Zia ul Haq","DR-328","EMDS Call","Medical Emergency","Chest Pain","2026/03/24 03:41:29 PM","Rahim Yar Khan"
"275633","Sheeza Barkat","MR-5331","EMDS Call","Road Crash","Bleeding","2026/03/24 03:46:51 PM","Rahim Yar Khan"
"275634","Aasia Batool","MR-5198","EMDS Call","Medical Emergency","Gynae Problem","2026/03/24 03:55:50 PM","Rahim Yar Khan"
"275635","Sheeza Barkat","MR-5331","EMDS Call","Rescue Operations","Scorpion Bite/Other Animal/Insect Bite","2026/03/24 03:59:50 PM","Rahim Yar Khan"
"275636","Sheeza Barkat","MR-5331","EMDS Call","Medical Emergency","Chronic Illness","2026/03/24 04:03:08 PM","Khanpur"
"275637","Fahad Hussain","DR-538","EMDS Call","Road Crash","Severe Trauma","2026/03/24 04:03:45 PM","Khanpur"
"275638","Sheeza Barkat","MR-5331","EMDS Call","Medical Emergency","Hypertension","2026/03/24 04:06:58 PM","Sadiqabad"
"275639","Aasia Batool","MR-5198","EMDS Call","Medical Emergency","Vomiting","2026/03/24 04:08:26 PM","Sadiqabad"
"77304","Sheeza Barkat","MR-5331","Direct Call","Patient Transfer Service","N/A","2026/03/24 04:10:33 PM","Khanpur"
"275640","Sheeza Barkat","MR-5331","EMDS Call","Medical Emergency","Vomiting","2026/03/24 04:19:11 PM","Rahim Yar Khan"
"275641","Zia ul Haq","DR-328","EMDS Call","Medical Emergency","Abdominal Pain","2026/03/24 04:28:43 PM","Rahim Yar Khan"
"275642","Aasia Batool","MR-5198","EMDS Call","Medical Emergency","Anxiety / Psychiatric Disorder","2026/03/24 04:34:16 PM","Rahim Yar Khan"
"275643","Sheeza Barkat","MR-5331","EMDS Call","Medical Emergency","Urinary Retention","2026/03/24 04:33:43 PM","Rahim Yar Khan"
"275644","Sheeza Barkat","MR-5331","EMDS Call","Medical Emergency","High Fever","2026/03/24 04:40:30 PM","Rahim Yar Khan"
"275645","Fahad Hussain","DR-538","EMDS Call","Medical Emergency","Vertigo/ Dizziness","2026/03/24 04:45:07 PM","Rahim Yar Khan"
"77305","Aasia Batool","MR-5198","Direct Call","Patient Transfer Service","N/A","2026/03/24 04:48:44 PM","Liaqatpur"
"275646","Fahad Hussain","DR-538","EMDS Call","Road Crash","Minor Injuries","2026/03/24 04:55:04 PM","Rahim Yar Khan"
"275647","Sheeza Barkat","MR-5331","EMDS Call","Road Crash","Severe Trauma","2026/03/24 05:01:09 PM","Rahim Yar Khan"
"275648","Fahad Hussain","DR-538","EMDS Call","Medical Emergency","Diabetic","2026/03/24 05:02:31 PM","Rahim Yar Khan"
"275649","Fahad Hussain","DR-538","EMDS Call","Medical Emergency","Domestic Injuries","2026/03/24 05:10:43 PM","Rahim Yar Khan"
"77306","Fahad Hussain","DR-538","Direct Call","Patient Transfer Service","N/A","2026/03/24 05:21:38 PM","Sadiqabad"
"275650","Sheeza Barkat","MR-5331","EMDS Call","Medical Emergency","Vomiting","2026/03/24 05:23:46 PM","Sadiqabad"
"275651","Fahad Hussain","DR-538","EMDS Call","Rescue Operations","Scalds/Burn Due To Negligence","2026/03/24 05:26:12 PM","Rahim Yar Khan"
"275652","Sheeza Barkat","MR-5331","EMDS Call","Medical Emergency","Unconscious","2026/03/24 05:31:51 PM","Rahim Yar Khan"
"275653","Aasia Batool","MR-5198","EMDS Call","Medical Emergency","Gynae Problem","2026/03/24 05:50:29 PM","Khanpur"
"275654","Zia ul Haq","DR-328","EMDS Call","Fire","Others","2026/03/24 05:50:05 PM","Sadiqabad"
"275655","Sheeza Barkat","MR-5331","EMDS Call","Medical Emergency","High Fever","2026/03/24 05:51:11 PM","Liaqatpur"
"275656","Zia ul Haq","DR-328","EMDS Call","Medical Emergency","Joints Pain","2026/03/24 05:54:43 PM","Khanpur"
"275657","Sheeza Barkat","MR-5331","EMDS Call","Crime","Physical Assault/Violence","2026/03/24 06:01:26 PM","Rahim Yar Khan"
"275658","Zia ul Haq","DR-328","EMDS Call","Medical Emergency","Diabetic","2026/03/24 06:09:37 PM","Rahim Yar Khan"
"275659","Sheeza Barkat","MR-5331","EMDS Call","Medical Emergency","Hypertension","2026/03/24 06:12:08 PM","Sadiqabad"
"275661","Zia ul Haq","DR-328","EMDS Call","Medical Emergency","High Fever","2026/03/24 06:14:23 PM","Sadiqabad"
"275660","Sheeza Barkat","MR-5331","EMDS Call","Road Crash","Bleeding","2026/03/24 06:15:17 PM","Rahim Yar Khan"
"275662","Zia ul Haq","DR-328","EMDS Call","Medical Emergency","Unconscious","2026/03/24 06:19:33 PM","Khanpur"
"275663","Sheeza Barkat","MR-5331","EMDS Call","Medical Emergency","Hypertension","2026/03/24 06:33:52 PM","Rahim Yar Khan"
"275664","Aasia Batool","MR-5198","EMDS Call","Road Crash","Bleeding","2026/03/24 06:35:17 PM","Khanpur"
"275665","Zia ul Haq","DR-328","EMDS Call","Rescue Operations","Delivery Case","2026/03/24 06:35:07 PM","Liaqatpur"
"275666","Aasia Batool","MR-5198","EMDS Call","Crime","Physical Assault/Violence","2026/03/24 06:42:53 PM","Rahim Yar Khan"
"275666","Aasia Batool","MR-5198","EMDS Call","Crime","Physical Assault/Violence","2026/03/24 06:42:53 PM","Rahim Yar Khan"
"275667","Aasia Batool","MR-5198","EMDS Call","Road Crash","Severe Trauma","2026/03/24 06:50:09 PM","Sadiqabad"
"275668","Sheeza Barkat","MR-5331","EMDS Call","Road Crash","Bleeding","2026/03/24 06:50:21 PM","Khanpur"
"275669","Aasia Batool","MR-5198","EMDS Call","Road Crash","Severe Trauma","2026/03/24 06:55:19 PM","Liaqatpur"
"275669","Aasia Batool","MR-5198","EMDS Call","Road Crash","Severe Trauma","2026/03/24 06:55:19 PM","Liaqatpur"
"275669","Aasia Batool","MR-5198","EMDS Call","Road Crash","Severe Trauma","2026/03/24 06:55:19 PM","Liaqatpur"
"275670","Aasia Batool","MR-5198","Direct Call","Medical Emergency","Diabetic","2026/03/24 06:57:44 PM","Liaqatpur"
"275671","Sheeza Barkat","MR-5331","EMDS Call","Medical Emergency","Unconscious","2026/03/24 07:02:53 PM","Sadiqabad"
"275673","Aasia Batool","MR-5198","EMDS Call","Medical Emergency","Domestic Injuries","2026/03/24 07:07:03 PM","Rahim Yar Khan"
"275672","Fahad Hussain","DR-538","EMDS Call","Road Crash","Severe Trauma","2026/03/24 07:07:09 PM","Khanpur"
"275674","Sheeza Barkat","MR-5331","EMDS Call","Medical Emergency","SOB/ Respiratory Distress","2026/03/24 07:12:36 PM","Sadiqabad"
"275675","Sheeza Barkat","MR-5331","EMDS Call","Medical Emergency","Abdominal Pain","2026/03/24 07:16:47 PM","Rahim Yar Khan"
"275676","Sheeza Barkat","MR-5331","EMDS Call","Road Crash","Bleeding","2026/03/24 07:19:50 PM","Sadiqabad"
"275677","Fahad Hussain","DR-538","EMDS Call","Medical Emergency","High Fever","2026/03/24 07:29:41 PM","Rahim Yar Khan"
"275678","Aasia Batool","MR-5198","EMDS Call","Road Crash","Bleeding","2026/03/24 07:35:59 PM","Rahim Yar Khan"
"275679","Aasia Batool","MR-5198","EMDS Call","Medical Emergency","Anxiety / Psychiatric Disorder","2026/03/24 07:40:17 PM","Sadiqabad"
"275680","Fahad Hussain","DR-538","EMDS Call","Road Crash","Severe Trauma","2026/03/24 07:40:15 PM","Rahim Yar Khan"
"275681","Fahad Hussain","DR-538","EMDS Call","Medical Emergency","SOB/ Respiratory Distress","2026/03/24 07:44:03 PM","Rahim Yar Khan"
"275682","Fahad Hussain","DR-538","EMDS Call","Medical Emergency","Hypertension","2026/03/24 07:48:14 PM","Rahim Yar Khan"
"275683","Zia ul Haq","DR-328","EMDS Call","Fire","Others","2026/03/24 07:50:46 PM","Khanpur"
"275684","Zia ul Haq","DR-328","EMDS Call","Medical Emergency","Vertigo/ Dizziness","2026/03/24 07:58:06 PM","Rahim Yar Khan"
"275685","Fahad Hussain","DR-538","EMDS Call","Medical Emergency","Vomiting","2026/03/24 08:00:50 PM","Rahim Yar Khan"
"275686","Sheeza Barkat","MR-5331","EMDS Call","Medical Emergency","Hypotension","2026/03/24 08:00:44 PM","Khanpur"
"275687","Fahad Hussain","DR-538","EMDS Call","Road Crash","Minor Injuries","2026/03/24 08:10:25 PM","Rahim Yar Khan"
"275688","Fahad Hussain","DR-538","EMDS Call","Road Crash","Minor Injuries","2026/03/24 08:15:34 PM","Liaqatpur"
"275689","Aasia Batool","MR-5198","EMDS Call","Medical Emergency","Joints Pain","2026/03/24 08:18:35 PM","Khanpur"
"275690","Sheeza Barkat","MR-5331","EMDS Call","Road Crash","Bleeding","2026/03/24 08:19:54 PM","Khanpur"
"275691","Fahad Hussain","DR-538","EMDS Call","Medical Emergency","Unconscious","2026/03/24 08:21:17 PM","Sadiqabad"
"275692","Sheeza Barkat","MR-5331","EMDS Call","Medical Emergency","SOB/ Respiratory Distress","2026/03/24 08:31:56 PM","Rahim Yar Khan"
"275693","Aasia Batool","MR-5198","EMDS Call","Medical Emergency","Abdominal Pain","2026/03/24 08:41:44 PM","Sadiqabad"
"275694","Fahad Hussain","DR-538","EMDS Call","Medical Emergency","Hypertension","2026/03/24 08:40:24 PM","Khanpur"
"275695","Maheen Tahir","MR-6017","EMDS Call","Medical Emergency","Vertigo/ Dizziness","2026/03/24 08:53:07 PM","Rahim Yar Khan"
"275696","Nida Rahat","DR-1322","EMDS Call","Medical Emergency","Vomiting","2026/03/24 08:55:12 PM","Liaqatpur"
"275698","Muhammad Riaz","DR-654","EMDS Call","Medical Emergency","Vertigo/ Dizziness","2026/03/24 09:04:38 PM","Sadiqabad"
"275697","Maheen Tahir","MR-6017","EMDS Call","Road Crash","Bleeding","2026/03/24 09:04:25 PM","Sadiqabad"
"275699","Nida Rahat","DR-1322","EMDS Call","Medical Emergency","Vomiting","2026/03/24 09:07:20 PM","Sadiqabad"
"275700","Maheen Tahir","MR-6017","EMDS Call","Medical Emergency","Anxiety / Psychiatric Disorder","2026/03/24 09:10:54 PM","Rahim Yar Khan"
"275701","Muhammad Fiaz","DR-206","EMDS Call","Crime","Probable Suicide","2026/03/24 09:13:11 PM","Rahim Yar Khan"
"275702","Nida Rahat","DR-1322","EMDS Call","Crime","Physical Assault/Violence","2026/03/24 09:20:57 PM","Rahim Yar Khan"
"275704","Maheen Tahir","MR-6017","EMDS Call","Medical Emergency","Vomiting","2026/03/24 09:21:40 PM","Liaqatpur"
"275703","Maheen Tahir","MR-6017","EMDS Call","Road Crash","Minor Injuries","2026/03/24 09:25:41 PM","Rahim Yar Khan"
"275705","Nida Rahat","DR-1322","EMDS Call","Rescue Operations","Delivery Case","2026/03/24 09:28:54 PM","Rahim Yar Khan"
"275706","Nida Rahat","DR-1322","EMDS Call","Medical Emergency","Urinary Retention","2026/03/24 09:31:14 PM","Sadiqabad"
"275707","Maheen Tahir","MR-6017","EMDS Call","Medical Emergency","Hypertension","2026/03/24 09:32:35 PM","Rahim Yar Khan"
"275708","Nida Rahat","DR-1322","EMDS Call","Medical Emergency","Gynae Problem","2026/03/24 09:41:11 PM","Khanpur"
"275709","Muhammad Fiaz","DR-206","Direct Call","Medical Emergency","SOB/ Respiratory Distress","2026/03/24 09:53:01 PM","Rahim Yar Khan"
"275711","Nida Rahat","DR-1322","EMDS Call","Medical Emergency","Hypertension","2026/03/24 09:57:16 PM","Sadiqabad"
"275710","Muhammad Fiaz","DR-206","EMDS Call","Road Crash","Minor Injuries","2026/03/24 09:57:19 PM","Rahim Yar Khan"
"275712","Muhammad Fiaz","DR-206","EMDS Call","Medical Emergency","Unconscious","2026/03/24 10:02:12 PM","Rahim Yar Khan"
"275713","Maheen Tahir","MR-6017","EMDS Call","Medical Emergency","Joints Pain","2026/03/24 10:11:05 PM","Khanpur"
"275714","Muhammad Fiaz","DR-206","EMDS Call","Crime","Probable Suicide","2026/03/24 10:15:45 PM","Khanpur"
"275715","Maheen Tahir","MR-6017","EMDS Call","Medical Emergency","SOB/ Respiratory Distress","2026/03/24 10:24:40 PM","Sadiqabad"
"275716","Nida Rahat","DR-1322","EMDS Call","Road Crash","Minor Injuries","2026/03/24 10:26:15 PM","Rahim Yar Khan"
"275717","Muhammad Fiaz","DR-206","EMDS Call","Medical Emergency","SOB/ Respiratory Distress","2026/03/24 10:26:33 PM","Khanpur"
"275718","Sajid Mehmood","DR-914","EMDS Call","Medical Emergency","Chronic Illness","2026/03/24 10:40:18 PM","Khanpur"
"77307","Rana M. Usman","DR-200","Direct Call","Patient Transfer Service","N/A","2026/03/24 10:41:36 PM","Liaqatpur"
"77308","Rana M. Usman","DR-200","Direct Call","Patient Transfer Service","N/A","2026/03/24 10:50:03 PM","Liaqatpur"
"275719","Sajid Mehmood","DR-914","EMDS Call","Medical Emergency","Anxiety / Psychiatric Disorder","2026/03/24 10:50:25 PM","Khanpur"
"275720","Sajid Mehmood","DR-914","EMDS Call","Medical Emergency","Anxiety / Psychiatric Disorder","2026/03/24 11:02:22 PM","Rahim Yar Khan"
"77309","Rana M. Usman","DR-200","Direct Call","Patient Transfer Service","N/A","2026/03/24 11:04:25 PM","Sadiqabad"
"77310","Sajid Mehmood","DR-914","Direct Call","Patient Transfer Service","N/A","2026/03/24 11:08:36 PM","Khanpur"
"275721","Muhammad Fiaz","DR-206","EMDS Call","Medical Emergency","Joints Pain","2026/03/24 11:12:55 PM","Rahim Yar Khan"
"275722","Sajid Mehmood","DR-914","EMDS Call","Medical Emergency","Hypertension","2026/03/24 11:21:00 PM","Sadiqabad"
"77311","Sajid Mehmood","DR-914","Direct Call","Patient Transfer Service","N/A","2026/03/24 11:20:48 PM","Liaqatpur"
"275723","Rana M. Usman","DR-200","EMDS Call","Road Crash","Minor Injuries","2026/03/24 11:22:28 PM","Rahim Yar Khan"
"275724","Muhammad Fiaz","DR-206","EMDS Call","Medical Emergency","SOB/ Respiratory Distress","2026/03/24 11:28:11 PM","Rahim Yar Khan"
"275725","Rana M. Usman","DR-200","EMDS Call","Medical Emergency","Renal Disorders / Renal Colic ","2026/03/24 11:29:02 PM","Sadiqabad"
"77312","Rana M. Usman","DR-200","Direct Call","Patient Transfer Service","N/A","2026/03/24 11:31:56 PM","Sadiqabad"
"275726","Muhammad Fiaz","DR-206","EMDS Call","Medical Emergency","Hypertension","2026/03/24 11:30:59 PM","Rahim Yar Khan"
"275727","Sajid Mehmood","DR-914","EMDS Call","Medical Emergency","Vomiting","2026/03/24 11:33:17 PM","Rahim Yar Khan"
"275728","Sajid Mehmood","DR-914","EMDS Call","Medical Emergency","Anxiety / Psychiatric Disorder","2026/03/24 11:38:10 PM","Khanpur"
"275729","Sajid Mehmood","DR-914","EMDS Call","Medical Emergency","Chest Pain","2026/03/24 11:41:35 PM","Liaqatpur"
"275730","Muhammad Fiaz","DR-206","EMDS Call","Medical Emergency","Abdominal Pain","2026/03/24 11:41:32 PM","Liaqatpur"
"77313","Sajid Mehmood","DR-914","Direct Call","Patient Transfer Service","N/A","2026/03/24 11:45:54 PM","Khanpur"
"275731","Sajid Mehmood","DR-914","EMDS Call","Medical Emergency","SOB/ Respiratory Distress","2026/03/24 11:47:48 PM","Rahim Yar Khan"
"275732","Muhammad Fiaz","DR-206","EMDS Call","Medical Emergency","SOB/ Respiratory Distress","2026/03/24 11:47:38 PM","Khanpur"
"77314","Sajid Mehmood","DR-914","Direct Call","Patient Transfer Service","N/A","2026/03/24 11:49:32 PM","Khanpur"
"275733","Rana M. Usman","DR-200","EMDS Call","Road Crash","Severe Trauma","2026/03/24 11:51:54 PM","Rahim Yar Khan"
"275734","Sajid Mehmood","DR-914","EMDS Call","Medical Emergency","Anxiety / Psychiatric Disorder","2026/03/24 11:53:27 PM","Sadiqabad"
"275735","Muhammad Fiaz","DR-206","EMDS Call","Medical Emergency","Anxiety / Psychiatric Disorder","2026/03/24 11:59:33 PM","Rahim Yar Khan"
"275736","Sajid Mehmood","DR-914","EMDS Call","Medical Emergency","Epilepsy","2026/03/25 12:04:43 AM","Liaqatpur"
"275737","Muhammad Fiaz","DR-206","EMDS Call","Medical Emergency","Hypertension","2026/03/25 12:19:32 AM","Rahim Yar Khan"
"275738","Sajid Mehmood","DR-914","EMDS Call","Medical Emergency","Vertigo/ Dizziness","2026/03/25 12:38:20 AM","Rahim Yar Khan"
"275739","Rana M. Usman","DR-200","EMDS Call","Medical Emergency","Anxiety / Psychiatric Disorder","2026/03/25 12:43:13 AM","Sadiqabad"
"275740","Muhammad Fiaz","DR-206","EMDS Call","Medical Emergency","Hypertension","2026/03/25 12:50:34 AM","Rahim Yar Khan"
"275741","Rana M. Usman","DR-200","EMDS Call","Medical Emergency","Hypertension","2026/03/25 12:54:35 AM","Rahim Yar Khan"
"275742","Muhammad Fiaz","DR-206","EMDS Call","Medical Emergency","Chest Pain","2026/03/25 12:57:13 AM","Rahim Yar Khan"
"275743","Sajid Mehmood","DR-914","EMDS Call","Medical Emergency","Unconscious","2026/03/25 01:01:14 AM","Liaqatpur"
"275744","Rana M. Usman","DR-200","EMDS Call","Medical Emergency","Gynae Problem","2026/03/25 01:01:44 AM","Khanpur"
"77315","Rana M. Usman","DR-200","Direct Call","Patient Transfer Service","N/A","2026/03/25 01:07:39 AM","Sadiqabad"
"275745","Sajid Mehmood","DR-914","EMDS Call","Rescue Operations","Electric Shock","2026/03/25 01:12:13 AM","Sadiqabad"
"275746","Rana M. Usman","DR-200","EMDS Call","Medical Emergency","SOB/ Respiratory Distress","2026/03/25 01:16:23 AM","Rahim Yar Khan"
"275747","Rana M. Usman","DR-200","EMDS Call","Medical Emergency","Abdominal Pain","2026/03/25 01:27:26 AM","Sadiqabad"
"275748","Muhammad Fiaz","DR-206","EMDS Call","Medical Emergency","Urinary Retention","2026/03/25 01:28:24 AM","Sadiqabad"
"275749","Sajid Mehmood","DR-914","EMDS Call","Medical Emergency","Headache","2026/03/25 01:28:43 AM","Rahim Yar Khan"
"275750","Muhammad Fiaz","DR-206","EMDS Call","Medical Emergency","Vertigo/ Dizziness","2026/03/25 01:37:24 AM","Rahim Yar Khan"
"77316","Rana M. Usman","DR-200","Direct Call","Patient Transfer Service","N/A","2026/03/25 01:43:45 AM","Sadiqabad"
"275751","Rana M. Usman","DR-200","EMDS Call","Medical Emergency","High Fever","2026/03/25 01:49:33 AM","Rahim Yar Khan"
"275752","Sajid Mehmood","DR-914","EMDS Call","Road Crash","Minor Injuries","2026/03/25 01:54:25 AM","Khanpur"
"275753","Rana M. Usman","DR-200","EMDS Call","Medical Emergency","SOB/ Respiratory Distress","2026/03/25 02:00:07 AM","Khanpur"
"275754","Muhammad Fiaz","DR-206","EMDS Call","Medical Emergency","Gynae Problem","2026/03/25 02:04:15 AM","Sadiqabad"
"275755","Sajid Mehmood","DR-914","EMDS Call","Medical Emergency","SOB/ Respiratory Distress","2026/03/25 02:06:05 AM","Sadiqabad"
"275756","Rana M. Usman","DR-200","EMDS Call","Medical Emergency","SOB/ Respiratory Distress","2026/03/25 02:19:31 AM","Khanpur"
"275757","Sajid Mehmood","DR-914","EMDS Call","Medical Emergency","Headache","2026/03/25 02:28:18 AM","Rahim Yar Khan"
"275758","Rana M. Usman","DR-200","EMDS Call","Medical Emergency","High Fever","2026/03/25 02:35:59 AM","Rahim Yar Khan"
"275759","Muhammad Fiaz","DR-206","EMDS Call","Medical Emergency","Abdominal Pain","2026/03/25 02:56:39 AM","Khanpur"
"275760","Sajid Mehmood","DR-914","EMDS Call","Medical Emergency","Vomiting","2026/03/25 03:05:38 AM","Sadiqabad"
"275761","Nida Rahat","DR-1322","EMDS Call","Medical Emergency","High Fever","2026/03/25 03:37:16 AM","Rahim Yar Khan"
"275762","Maheen Tahir","MR-6017","EMDS Call","Medical Emergency","High Fever","2026/03/25 03:53:26 AM","Rahim Yar Khan"
"77317","Muhammad Riaz","DR-654","Direct Call","Patient Transfer Service","N/A","2026/03/25 04:12:21 AM","Sadiqabad"
"275763","Muhammad Riaz","DR-654","EMDS Call","Road Crash","Multiple Fractures","2026/03/25 04:41:46 AM","Sadiqabad"
"275763","Muhammad Riaz","DR-654","EMDS Call","Road Crash","Multiple Fractures","2026/03/25 04:41:46 AM","Sadiqabad"
"275764","Muhammad Riaz","DR-654","EMDS Call","Medical Emergency","Abdominal Pain","2026/03/25 05:02:00 AM","Rahim Yar Khan"
"275765","Nida Rahat","DR-1322","EMDS Call","Medical Emergency","SOB/ Respiratory Distress","2026/03/25 05:11:20 AM","Khanpur"
"275766","Maheen Tahir","MR-6017","EMDS Call","Medical Emergency","Vomiting","2026/03/25 05:25:52 AM","Rahim Yar Khan"
"275767","Maheen Tahir","MR-6017","EMDS Call","Medical Emergency","Abdominal Pain","2026/03/25 05:57:10 AM","Rahim Yar Khan"
"275768","Nida Rahat","DR-1322","EMDS Call","Medical Emergency","Vomiting","2026/03/25 06:22:58 AM","Khanpur"
"275769","Nida Rahat","DR-1322","EMDS Call","Medical Emergency","Unconscious","2026/03/25 06:26:29 AM","Rahim Yar Khan"
"275770","Nida Rahat","DR-1322","EMDS Call","Medical Emergency","Chest Pain","2026/03/25 07:10:28 AM","Sadiqabad"
"275771","Nida Rahat","DR-1322","EMDS Call","Crime","Physical Assault/Violence","2026/03/25 07:31:53 AM","Rahim Yar Khan"
"275772","Muhammad Rashid Saleem","DR-187","EMDS Call","Medical Emergency","SOB/ Respiratory Distress","2026/03/25 07:44:02 AM","Sadiqabad"
"275773","Maheen Tahir","MR-6017","EMDS Call","Medical Emergency","Anxiety / Psychiatric Disorder","2026/03/25 07:50:30 AM","Rahim Yar Khan"
"275774","Maheen Tahir","MR-6017","EMDS Call","Road Crash","Bleeding","2026/03/25 07:58:10 AM","Khanpur"
"275775","Muhammad Riaz","DR-654","EMDS Call","Medical Emergency","High Fever","2026/03/25 07:59:34 AM","Rahim Yar Khan"
"275776","Maheen Tahir","MR-6017","EMDS Call","Medical Emergency","Joints Pain","2026/03/25 08:12:46 AM","Sadiqabad"
"275777","Muhammad Zahid","DR-888","EMDS Call","Medical Emergency","Vomiting","2026/03/25 08:19:22 AM","Rahim Yar Khan"
"275780","Muhammad Zahid","DR-888","EMDS Call","Medical Emergency","Epilepsy","2026/03/25 08:29:41 AM","Liaqatpur"
"275778","Shahid Jamil","DR-184","EMDS Call","Medical Emergency","High Fever","2026/03/25 08:31:29 AM","Liaqatpur"
"275779","Mureed Abbas","DR-900","EMDS Call","Medical Emergency","Chronic Illness","2026/03/25 08:33:39 AM","Khanpur"
"275781","Mureed Abbas","DR-900","EMDS Call","Road Crash","Bleeding","2026/03/25 08:35:53 AM","Sadiqabad"
"275782","Mureed Abbas","DR-900","EMDS Call","Medical Emergency","Unconscious","2026/03/25 08:39:19 AM","Rahim Yar Khan"
"275783","Maheen Tahir","MR-6017","EMDS Call","Medical Emergency","Diarrhea","2026/03/25 08:41:42 AM","Rahim Yar Khan"
"275784","Mureed Abbas","DR-900","EMDS Call","Medical Emergency","Joints Pain","2026/03/25 08:43:24 AM","Rahim Yar Khan"
"275785","Mureed Abbas","DR-900","EMDS Call","Medical Emergency","Hypotension","2026/03/25 08:51:57 AM","Rahim Yar Khan"
"77318","Mureed Abbas","DR-900","Direct Call","Patient Transfer Service","N/A","2026/03/25 08:55:42 AM","Sadiqabad"
"77319","Maheen Tahir","MR-6017","Direct Call","Patient Transfer Service","N/A","2026/03/25 08:57:08 AM","Liaqatpur"
"77320","Maheen Tahir","MR-6017","Direct Call","Patient Transfer Service","N/A","2026/03/25 09:03:01 AM","Khanpur"
"77321","Maheen Tahir","MR-6017","Direct Call","Patient Transfer Service","N/A","2026/03/25 09:05:24 AM","Khanpur"
"275786","Muhammad Zahid","DR-888","EMDS Call","Medical Emergency","Diabetic","2026/03/25 09:11:13 AM","Khanpur"
"275787","Shahid Jamil","DR-184","EMDS Call","Medical Emergency","Vomiting","2026/03/25 09:16:02 AM","Khanpur"
"Not Assigned","Yasir Ilyas","DR-893","EMDS Call","Medical Emergency","Vomiting","2026/03/25 09:25:24 AM","Rahim Yar Khan"
"275788","Adnan Shabbir","DR-205","EMDS Call","Road Crash","Bleeding","2026/03/25 09:33:24 AM","Rahim Yar Khan"
"275790","Shahid Jamil","DR-184","EMDS Call","Medical Emergency","Chronic Illness","2026/03/25 09:42:30 AM","Liaqatpur"
"275789","Yasir Ilyas","DR-893","EMDS Call","Medical Emergency","Abdominal Pain","2026/03/25 09:43:35 AM","Liaqatpur"
"275791","Yasir Ilyas","DR-893","EMDS Call","Medical Emergency","Diarrhea","2026/03/25 09:52:18 AM","Liaqatpur"
"275794","Adnan Shabbir","DR-205","EMDS Call","Medical Emergency","Vomiting","2026/03/25 09:54:48 AM","Liaqatpur"
"275792","Mureed Abbas","DR-900","EMDS Call","Medical Emergency","Joints Pain","2026/03/25 09:55:12 AM","Khanpur"
"275793","Yasir Ilyas","DR-893","EMDS Call","Fall","Slipped On Floor","2026/03/25 09:55:51 AM","Rahim Yar Khan"
"275795","Mureed Abbas","DR-900","EMDS Call","Medical Emergency","Vomiting","2026/03/25 09:57:07 AM","Rahim Yar Khan"
"275796","Mureed Abbas","DR-900","EMDS Call","Road Crash","Bleeding","2026/03/25 10:00:29 AM","Rahim Yar Khan"
"275797","Shahid Jamil","DR-184","EMDS Call","Medical Emergency","Unconscious","2026/03/25 10:02:45 AM","Rahim Yar Khan"
"275798","Mureed Abbas","DR-900","EMDS Call","Road Crash","Bleeding","2026/03/25 10:08:58 AM","Khanpur"
"275799","Yasir Ilyas","DR-893","EMDS Call","Medical Emergency","Vomiting","2026/03/25 10:11:20 AM","Rahim Yar Khan"
"77322","Mureed Abbas","DR-900","Direct Call","Patient Transfer Service","N/A","2026/03/25 10:17:31 AM","Sadiqabad"
"77323","Mureed Abbas","DR-900","Direct Call","Patient Transfer Service","N/A","2026/03/25 10:19:18 AM","Khanpur"
"275800","Shahid Jamil","DR-184","EMDS Call","Medical Emergency","Renal Disorders / Renal Colic ","2026/03/25 10:18:22 AM","Khanpur"
"275801","Adnan Shabbir","DR-205","EMDS Call","Rescue Operations","Electric Shock","2026/03/25 10:21:00 AM","Sadiqabad"
"275802","Yasir Ilyas","DR-893","EMDS Call","Medical Emergency","Joints Pain","2026/03/25 10:22:41 AM","Rahim Yar Khan"
"275803","Adnan Shabbir","DR-205","EMDS Call","Medical Emergency","Diabetic","2026/03/25 10:27:44 AM","Khanpur"
"275804","Yasir Ilyas","DR-893","EMDS Call","Medical Emergency","Domestic Injuries","2026/03/25 10:37:23 AM","Khanpur"
"275805","Muhammad AAmar","DR-915","Direct Call","Medical Emergency","Anxiety / Psychiatric Disorder","2026/03/25 10:39:40 AM","Rahim Yar Khan"
"275806","Adnan Shabbir","DR-205","EMDS Call","Medical Emergency","Diarrhea","2026/03/25 10:43:24 AM","Khanpur"
"77324","Mureed Abbas","DR-900","Direct Call","Patient Transfer Service","N/A","2026/03/25 10:48:57 AM","Sadiqabad"
"275807","Yasir Ilyas","DR-893","EMDS Call","Rescue Operations","Delivery Case","2026/03/25 10:54:23 AM","Rahim Yar Khan"
"275809","Adnan Shabbir","DR-205","EMDS Call","Medical Emergency","High Fever","2026/03/25 11:00:13 AM","Sadiqabad"
"275808","Yasir Ilyas","DR-893","EMDS Call","Rescue Operations","Delivery Case","2026/03/25 11:00:27 AM","Rahim Yar Khan"
"275810","Muhammad AAmar","DR-915","EMDS Call","Rescue Operations","Snake Emergency","2026/03/25 11:03:14 AM","Liaqatpur"
"275811","Imran Anjum","DR-204","EMDS Call","Medical Emergency","Urinary Retention","2026/03/25 11:10:45 AM","Sadiqabad"
"275812","Imran Anjum","DR-204","EMDS Call","Road Crash","Bleeding","2026/03/25 11:18:03 AM","Sadiqabad"
"275813","Yasir Ilyas","DR-893","EMDS Call","Medical Emergency","Vomiting","2026/03/25 11:31:37 AM","Sadiqabad"
"275814","Yasir Ilyas","DR-893","EMDS Call","Rescue Operations","Electric Shock","2026/03/25 11:35:25 AM","Liaqatpur"
"275814","Yasir Ilyas","DR-893","EMDS Call","Rescue Operations","Electric Shock","2026/03/25 11:35:25 AM","Liaqatpur"
"275815","Muhammad Zahid","DR-888","EMDS Call","Road Crash","Bleeding","2026/03/25 11:45:41 AM","Rahim Yar Khan"
"275816","Imran Anjum","DR-204","EMDS Call","Road Crash","Bleeding","2026/03/25 11:45:19 AM","Rahim Yar Khan"
"275817","Yasir Ilyas","DR-893","EMDS Call","Medical Emergency","Vomiting","2026/03/25 11:50:53 AM","Sadiqabad"
"275818","Imran Anjum","DR-204","EMDS Call","Medical Emergency","Epilepsy","2026/03/25 11:57:23 AM","Liaqatpur"
"275819","Yasir Ilyas","DR-893","EMDS Call","Medical Emergency","Unconscious","2026/03/25 12:00:51 PM","Sadiqabad"
"275820","Imran Anjum","DR-204","EMDS Call","Road Crash","Multiple Fractures","2026/03/25 12:01:21 PM","Sadiqabad"
"275821","Maheen Tahir","MR-6017","EMDS Call","Road Crash","Minor Injuries","2026/03/25 12:05:12 PM","Rahim Yar Khan"
"275822","Imran Anjum","DR-204","EMDS Call","Medical Emergency","Joints Pain","2026/03/25 12:07:03 PM","Rahim Yar Khan"
"275823","Muhammad Zahid","DR-888","EMDS Call","Medical Emergency","Hypertension","2026/03/25 12:07:04 PM","Rahim Yar Khan"
"275824","Yasir Ilyas","DR-893","EMDS Call","Road Crash","Severe Trauma","2026/03/25 12:09:41 PM","Sadiqabad"
"275824","Yasir Ilyas","DR-893","EMDS Call","Road Crash","Severe Trauma","2026/03/25 12:09:41 PM","Sadiqabad"
"275825","Muhammad Zahid","DR-888","EMDS Call","Road Crash","Bleeding","2026/03/25 12:13:11 PM","Rahim Yar Khan"
"275825","Muhammad Zahid","DR-888","EMDS Call","Road Crash","Bleeding","2026/03/25 12:13:11 PM","Rahim Yar Khan"
"275826","Yasir Ilyas","DR-893","EMDS Call","Road Crash","Bleeding","2026/03/25 12:14:53 PM","Sadiqabad"
"275828","Muhammad Zahid","DR-888","EMDS Call","Road Crash","Bleeding","2026/03/25 12:18:48 PM","Rahim Yar Khan"
"275827","Mureed Abbas","DR-900","EMDS Call","Road Crash","Multiple Fractures","2026/03/25 12:20:22 PM","Rahim Yar Khan"
"275829","Imran Anjum","DR-204","EMDS Call","Medical Emergency","Anxiety / Psychiatric Disorder","2026/03/25 12:20:27 PM","Rahim Yar Khan"
"275830","Imran Anjum","DR-204","EMDS Call","Medical Emergency","Hypertension","2026/03/25 12:39:45 PM","Rahim Yar Khan"
"275831","Imran Anjum","DR-204","EMDS Call","Medical Emergency","Hypertension","2026/03/25 12:42:35 PM","Liaqatpur"
"275832","Maheen Tahir","MR-6017","EMDS Call","Medical Emergency","Hypertension","2026/03/25 12:46:18 PM","Sadiqabad"
"275833","Mureed Abbas","DR-900","EMDS Call","Road Crash","Bleeding","2026/03/25 12:45:58 PM","Rahim Yar Khan"
"275834","Maheen Tahir","MR-6017","EMDS Call","Road Crash","Bleeding","2026/03/25 12:52:01 PM","Khanpur"
"275834","Maheen Tahir","MR-6017","EMDS Call","Road Crash","Bleeding","2026/03/25 12:52:01 PM","Khanpur"
"275836","Maheen Tahir","MR-6017","EMDS Call","Medical Emergency","High Fever","2026/03/25 01:17:30 PM","Sadiqabad"
"275835","Mureed Abbas","DR-900","EMDS Call","Medical Emergency","Unconscious","2026/03/25 01:16:29 PM","Rahim Yar Khan"
"275837","Maheen Tahir","MR-6017","EMDS Call","Road Crash","Bleeding","2026/03/25 01:19:06 PM","Liaqatpur"
"275838","Maheen Tahir","MR-6017","EMDS Call","Medical Emergency","Chest Pain","2026/03/25 01:21:47 PM","Khanpur"
"275839","Maheen Tahir","MR-6017","EMDS Call","Road Crash","Minor Injuries","2026/03/25 01:31:41 PM","Sadiqabad"
"275840","Maheen Tahir","MR-6017","EMDS Call","Road Crash","Bleeding","2026/03/25 01:35:07 PM","Rahim Yar Khan"
"275841","Mureed Abbas","DR-900","EMDS Call","Medical Emergency","Joints Pain","2026/03/25 01:37:10 PM","Khanpur"
"275842","Maheen Tahir","MR-6017","EMDS Call","Road Crash","Minor Injuries","2026/03/25 01:38:08 PM","Sadiqabad"
"77325","Maheen Tahir","MR-6017","Direct Call","Patient Transfer Service","N/A","2026/03/25 01:41:41 PM","Sadiqabad"
"275843","Imran Anjum","DR-204","EMDS Call","Road Crash","Minor Injuries","2026/03/25 01:44:16 PM","Khanpur"
"275844","Mureed Abbas","DR-900","EMDS Call","Medical Emergency","Domestic Injuries","2026/03/25 01:44:21 PM","Sadiqabad"
"77326","Mureed Abbas","DR-900","Direct Call","Patient Transfer Service","N/A","2026/03/25 01:50:10 PM","Liaqatpur"
"275846","Mureed Abbas","DR-900","EMDS Call","Medical Emergency","Vomiting","2026/03/25 01:57:56 PM","Sadiqabad"
"275845","Imran Anjum","DR-204","EMDS Call","Medical Emergency","High Fever","2026/03/25 01:57:55 PM","Sadiqabad"
"275848","Nida Rahat","DR-1322","EMDS Call","Medical Emergency","Diabetic","2026/03/25 01:59:34 PM","Sadiqabad"
"275847","Imran Anjum","DR-204","EMDS Call","Medical Emergency","Diabetic","2026/03/25 02:01:26 PM","Rahim Yar Khan"
"275849","Imran Anjum","DR-204","EMDS Call","Road Crash","Minor Injuries","2026/03/25 02:04:49 PM","Rahim Yar Khan"
"275850","Nida Rahat","DR-1322","EMDS Call","Road Crash","Bleeding","2026/03/25 02:08:06 PM","Rahim Yar Khan"
"77327","Nida Rahat","DR-1322","Direct Call","Patient Transfer Service","N/A","2026/03/25 02:22:25 PM","Khanpur"
"77328","Saima Bashir","MR-5819","Direct Call","Patient Transfer Service","N/A","2026/03/25 02:26:17 PM","Khanpur"
"275851","Saima Bashir","MR-5819","EMDS Call","Medical Emergency","SOB/ Respiratory Distress","2026/03/25 02:38:08 PM","Rahim Yar Khan"
"275852","Saima Bashir","MR-5819","EMDS Call","Road Crash","Minor Injuries","2026/03/25 02:41:07 PM","Sadiqabad"
"275853","Aasia Batool","MR-5198","EMDS Call","Medical Emergency","Chronic Illness","2026/03/25 02:52:18 PM","Rahim Yar Khan"
"275854","Saima Bashir","MR-5819","EMDS Call","Medical Emergency","Abdominal Pain","2026/03/25 03:03:02 PM","Rahim Yar Khan"
"77329","Aasia Batool","MR-5198","Direct Call","Patient Transfer Service","N/A","2026/03/25 03:05:55 PM","Sadiqabad"
"275855","Saima Bashir","MR-5819","EMDS Call","Medical Emergency","Domestic Injuries","2026/03/25 03:07:11 PM","Rahim Yar Khan"
"77330","Aasia Batool","MR-5198","Direct Call","Patient Transfer Service","N/A","2026/03/25 03:14:03 PM","Sadiqabad"
"77331","Aasia Batool","MR-5198","Direct Call","Patient Transfer Service","N/A","2026/03/25 03:23:02 PM","Sadiqabad"
"275856","Nida Rahat","DR-1322","EMDS Call","Medical Emergency","SOB/ Respiratory Distress","2026/03/25 03:23:22 PM","Rahim Yar Khan"
"275857","Aasia Batool","MR-5198","EMDS Call","Road Crash","Bleeding","2026/03/25 03:23:37 PM","Khanpur"
"275858","Saima Bashir","MR-5819","EMDS Call","Road Crash","Minor Injuries","2026/03/25 03:27:33 PM","Rahim Yar Khan"
"275859","Nida Rahat","DR-1322","EMDS Call","Medical Emergency","Joints Pain","2026/03/25 03:33:00 PM","Khanpur"
"275860","Aasia Batool","MR-5198","EMDS Call","Medical Emergency","High Fever","2026/03/25 03:35:22 PM","Liaqatpur"
"275861","Saima Bashir","MR-5819","EMDS Call","Medical Emergency","Vomiting","2026/03/25 03:35:14 PM","Rahim Yar Khan"
"275862","Aasia Batool","MR-5198","EMDS Call","Medical Emergency","Renal Disorders / Renal Colic ","2026/03/25 03:38:36 PM","Liaqatpur"
"275863","Aasia Batool","MR-5198","EMDS Call","Medical Emergency","High Fever","2026/03/25 03:45:52 PM","Rahim Yar Khan"
"77332","Aasia Batool","MR-5198","Direct Call","Patient Transfer Service","N/A","2026/03/25 03:55:37 PM","Sadiqabad"
"275864","Nida Rahat","DR-1322","EMDS Call","Medical Emergency","Hypertension","2026/03/25 03:58:13 PM","Rahim Yar Khan"
"275865","Aasia Batool","MR-5198","EMDS Call","Medical Emergency","High Fever","2026/03/25 03:58:31 PM","Rahim Yar Khan"
"275866","Fahad Hussain","DR-538","EMDS Call","Road Crash","Minor Injuries","2026/03/25 04:01:09 PM","Rahim Yar Khan"
"275867","Fahad Hussain","DR-538","EMDS Call","Medical Emergency","Vomiting","2026/03/25 04:07:28 PM","Rahim Yar Khan"
"275868","Fahad Hussain","DR-538","EMDS Call","Medical Emergency","Hypertension","2026/03/25 04:14:51 PM","Rahim Yar Khan"
"275869","Aasia Batool","MR-5198","EMDS Call","Fire","Others","2026/03/25 04:23:10 PM","Khanpur"
"275872","Nida Rahat","DR-1322","EMDS Call","Rescue Operations","Delivery Case","2026/03/25 04:27:08 PM","Rahim Yar Khan"
"275870","Aasia Batool","MR-5198","EMDS Call","Medical Emergency","SOB/ Respiratory Distress","2026/03/25 04:28:06 PM","Khanpur"
"275871","Fahad Hussain","DR-538","EMDS Call","Medical Emergency","SOB/ Respiratory Distress","2026/03/25 04:36:49 PM","Rahim Yar Khan"
"275873","Nida Rahat","DR-1322","EMDS Call","Medical Emergency","Vertigo/ Dizziness","2026/03/25 04:51:34 PM","Rahim Yar Khan"
"275874","Nida Rahat","DR-1322","EMDS Call","Medical Emergency","Renal Disorders / Renal Colic ","2026/03/25 04:55:04 PM","Sadiqabad"
"275875","Aasia Batool","MR-5198","EMDS Call","Medical Emergency","Joints Pain","2026/03/25 05:01:48 PM","Rahim Yar Khan"
"275876","Saima Bashir","MR-5819","EMDS Call","Medical Emergency","Vomiting","2026/03/25 05:06:25 PM","Rahim Yar Khan"
"275877","Nida Rahat","DR-1322","EMDS Call","Road Crash","Bleeding","2026/03/25 05:13:23 PM","Khanpur"
"275878","Nida Rahat","DR-1322","EMDS Call","Road Crash","Minor Injuries","2026/03/25 05:16:37 PM","Rahim Yar Khan"
"275880","Aasia Batool","MR-5198","EMDS Call","Medical Emergency","Headache","2026/03/25 05:17:05 PM","Sadiqabad"
"275879","Saima Bashir","MR-5819","EMDS Call","Medical Emergency","Anxiety / Psychiatric Disorder","2026/03/25 05:17:33 PM","Rahim Yar Khan"
"275881","Fahad Hussain","DR-538","EMDS Call","Medical Emergency","SOB/ Respiratory Distress","2026/03/25 05:24:24 PM","Rahim Yar Khan"
"275882","Fahad Hussain","DR-538","EMDS Call","Road Crash","Severe Trauma","2026/03/25 05:42:36 PM","Liaqatpur"
"275883","Saima Bashir","MR-5819","Direct Call","Medical Emergency","Hypotension","2026/03/25 05:52:36 PM","Rahim Yar Khan"
"275884","Fahad Hussain","DR-538","EMDS Call","Road Crash","Multiple Fractures","2026/03/25 05:56:15 PM","Rahim Yar Khan"
"275885","Aasia Batool","MR-5198","EMDS Call","Medical Emergency","Abdominal Pain","2026/03/25 05:57:46 PM","Khanpur"
"77333","Aasia Batool","MR-5198","Direct Call","Patient Transfer Service","N/A","2026/03/25 06:01:03 PM","Khanpur"
"275886","Fahad Hussain","DR-538","EMDS Call","Medical Emergency","Vertigo/ Dizziness","2026/03/25 06:09:59 PM","Rahim Yar Khan"
"275887","Nida Rahat","DR-1322","EMDS Call","Medical Emergency","Anxiety / Psychiatric Disorder","2026/03/25 06:09:13 PM","Rahim Yar Khan"
"77334","Saima Bashir","MR-5819","Direct Call","Patient Transfer Service","N/A","2026/03/25 06:16:45 PM","Sadiqabad"
"275888","Aasia Batool","MR-5198","EMDS Call","Medical Emergency","Anxiety / Psychiatric Disorder","2026/03/25 06:28:36 PM","Rahim Yar Khan"
"275889","Aasia Batool","MR-5198","EMDS Call","Medical Emergency","Anxiety / Psychiatric Disorder","2026/03/25 06:33:12 PM","Sadiqabad"
"275891","Nida Rahat","DR-1322","EMDS Call","Medical Emergency","Headache","2026/03/25 06:35:12 PM","Khanpur"
"275890","Fahad Hussain","DR-538","EMDS Call","Road Crash","Minor Injuries","2026/03/25 06:35:05 PM","Rahim Yar Khan"
"77335","Aasia Batool","MR-5198","Direct Call","Patient Transfer Service","N/A","2026/03/25 06:37:22 PM","Sadiqabad"
"275892","Aasia Batool","MR-5198","EMDS Call","Medical Emergency","Diarrhea","2026/03/25 06:50:47 PM","Khanpur"
"77336","Aasia Batool","MR-5198","Direct Call","Patient Transfer Service","N/A","2026/03/25 06:53:31 PM","Sadiqabad"
"275893","Saima Bashir","MR-5819","EMDS Call","Crime","Physical Assault/Violence","2026/03/25 06:52:50 PM","Sadiqabad"
"275894","Saima Bashir","MR-5819","EMDS Call","Medical Emergency","Hypertension","2026/03/25 06:56:17 PM","Rahim Yar Khan"
"275895","Aasia Batool","MR-5198","EMDS Call","Medical Emergency","Diabetic","2026/03/25 06:57:06 PM","Liaqatpur"
"275896","Aasia Batool","MR-5198","EMDS Call","Medical Emergency","Anxiety / Psychiatric Disorder","2026/03/25 07:00:51 PM","Rahim Yar Khan"
"275897","Saima Bashir","MR-5819","EMDS Call","Road Crash","Bleeding","2026/03/25 07:00:49 PM","Rahim Yar Khan"
"275898","Aasia Batool","MR-5198","EMDS Call","Medical Emergency","Unconscious","2026/03/25 07:06:57 PM","Sadiqabad"
"275899","Aasia Batool","MR-5198","EMDS Call","Medical Emergency","Vomiting","2026/03/25 07:11:23 PM","Sadiqabad"
"275900","Nida Rahat","DR-1322","EMDS Call","Road Crash","Bleeding","2026/03/25 07:23:09 PM","Liaqatpur"
"275901","Aasia Batool","MR-5198","EMDS Call","Medical Emergency","Hypotension","2026/03/25 07:26:43 PM","Khanpur"
"275902","Nida Rahat","DR-1322","EMDS Call","Road Crash","Bleeding","2026/03/25 07:30:24 PM","Liaqatpur"
"275903","Aasia Batool","MR-5198","EMDS Call","Rescue Operations","Scalds/Burn Due To Negligence","2026/03/25 07:32:33 PM","Sadiqabad"
"275904","Nida Rahat","DR-1322","EMDS Call","Medical Emergency","Chest Pain","2026/03/25 07:33:58 PM","Rahim Yar Khan"
"275905","Nida Rahat","DR-1322","EMDS Call","Road Crash","Minor Injuries","2026/03/25 07:46:51 PM","Rahim Yar Khan"
"275906","Nida Rahat","DR-1322","EMDS Call","Medical Emergency","Chemical / Drug Poisoning","2026/03/25 07:51:50 PM","Sadiqabad"
"275907","Saima Bashir","MR-5819","EMDS Call","Medical Emergency","Anxiety / Psychiatric Disorder","2026/03/25 07:55:54 PM","Rahim Yar Khan"
"275908","Fahad Hussain","DR-538","EMDS Call","Medical Emergency","Hypertension","2026/03/25 08:03:05 PM","Rahim Yar Khan"
"275909","Saima Bashir","MR-5819","EMDS Call","Medical Emergency","Joints Pain","2026/03/25 08:03:48 PM","Rahim Yar Khan"
"275910","Saima Bashir","MR-5819","EMDS Call","Medical Emergency","Vomiting","2026/03/25 08:08:30 PM","Rahim Yar Khan"
"275911","Fahad Hussain","DR-538","EMDS Call","Medical Emergency","Headache","2026/03/25 08:11:52 PM","Rahim Yar Khan"
"275912","Saima Bashir","MR-5819","EMDS Call","Road Crash","Minor Injuries","2026/03/25 08:14:17 PM","Sadiqabad"
"275913","Saima Bashir","MR-5819","EMDS Call","Medical Emergency","High Fever","2026/03/25 08:18:02 PM","Liaqatpur"
"275914","Saima Bashir","MR-5819","EMDS Call","Medical Emergency","Epilepsy","2026/03/25 08:24:23 PM","Sadiqabad"
"275915","Saima Bashir","MR-5819","EMDS Call","Medical Emergency","Hypertension","2026/03/25 08:34:47 PM","Rahim Yar Khan"
"275916","Aasia Batool","MR-5198","EMDS Call","Road Crash","Bleeding","2026/03/25 08:38:10 PM","Sadiqabad"
"275917","Saima Bashir","MR-5819","EMDS Call","Medical Emergency","Vomiting","2026/03/25 08:39:24 PM","Sadiqabad"
"77337","Nida Rahat","DR-1322","Direct Call","Patient Transfer Service","N/A","2026/03/25 08:43:49 PM","Liaqatpur"
"275920","Bushra Saleem","MR-5701","EMDS Call","Medical Emergency","Vomiting","2026/03/25 08:56:01 PM","Khanpur"
"275918","Muhammad Fiaz","DR-206","EMDS Call","Road Crash","Bleeding","2026/03/25 08:59:20 PM","Rahim Yar Khan"
"275919","Bushra Saleem","MR-5701","EMDS Call","Road Crash","Bleeding","2026/03/25 08:58:32 PM","Rahim Yar Khan"
"275921","Muhammad Fiaz","DR-206","EMDS Call","Medical Emergency","Renal Disorders / Renal Colic ","2026/03/25 09:18:31 PM","Rahim Yar Khan"
"77338","Farah Sadaqat","MR-5930","Direct Call","Patient Transfer Service","N/A","2026/03/25 09:21:35 PM","Sadiqabad"
"275922","Muhammad Fiaz","DR-206","EMDS Call","Medical Emergency","Vomiting","2026/03/25 09:33:02 PM","Liaqatpur"
"77339","Farah Sadaqat","MR-5930","Direct Call","Patient Transfer Service","N/A","2026/03/25 09:35:15 PM","Sadiqabad"
"275923","Bushra Saleem","MR-5701","EMDS Call","Medical Emergency","Epilepsy","2026/03/25 09:33:56 PM","Rahim Yar Khan"
"275924","Farah Sadaqat","MR-5930","EMDS Call","Medical Emergency","Unconscious","2026/03/25 09:35:33 PM","Sadiqabad"
"275925","Farah Sadaqat","MR-5930","EMDS Call","Road Crash","Bleeding","2026/03/25 09:39:45 PM","Khanpur"
"275926","Bushra Saleem","MR-5701","EMDS Call","Medical Emergency","Gynae Problem","2026/03/25 09:39:41 PM","Sadiqabad"
"275927","Bushra Saleem","MR-5701","EMDS Call","Medical Emergency","Hypotension","2026/03/25 09:45:47 PM","Khanpur"
"275928","Farah Sadaqat","MR-5930","EMDS Call","Medical Emergency","Joints Pain","2026/03/25 09:47:55 PM","Rahim Yar Khan"
"275929","Bushra Saleem","MR-5701","EMDS Call","Crime","Physical Assault/Violence","2026/03/25 09:54:28 PM","Rahim Yar Khan"
"275930","Farah Sadaqat","MR-5930","EMDS Call","Medical Emergency","Renal Disorders / Renal Colic ","2026/03/25 09:56:19 PM","Sadiqabad"
"275931","Bushra Saleem","MR-5701","EMDS Call","Road Crash","Bleeding","2026/03/25 09:57:44 PM","Rahim Yar Khan"
"77340","Bushra Saleem","MR-5701","Direct Call","Patient Transfer Service","N/A","2026/03/25 10:04:59 PM","Khanpur"
"275932","Farah Sadaqat","MR-5930","EMDS Call","Medical Emergency","Joints Pain","2026/03/25 10:19:56 PM","Rahim Yar Khan"
"275933","Bushra Saleem","MR-5701","EMDS Call","Rescue Operations","Delivery Case","2026/03/25 10:20:11 PM","Sadiqabad"
"275934","Farah Sadaqat","MR-5930","EMDS Call","Road Crash","Minor Injuries","2026/03/25 10:24:19 PM","Rahim Yar Khan"
"77341","Farah Sadaqat","MR-5930","Direct Call","Patient Transfer Service","N/A","2026/03/25 10:26:12 PM","Sadiqabad"
"275935","Muhammad Fiaz","DR-206","Direct Call","Rescue Operations","Vehicle Extrication","2026/03/25 10:28:48 PM","Khanpur"
"275936","Farah Sadaqat","MR-5930","EMDS Call","Rescue Operations","Scorpion Bite/Other Animal/Insect Bite","2026/03/25 10:34:34 PM","Khanpur"
"275937","Muhammad Fiaz","DR-206","EMDS Call","Road Crash","Minor Injuries","2026/03/25 10:36:20 PM","Sadiqabad"
"275938","Zupasha Zia","MR-5758","EMDS Call","Road Crash","Minor Injuries","2026/03/25 10:52:09 PM","Khanpur"
"275939","Muhammad Riaz","DR-654","EMDS Call","Medical Emergency","Anxiety / Psychiatric Disorder","2026/03/25 10:56:54 PM","Rahim Yar Khan"
"275940","Muhammad Fiaz","DR-206","EMDS Call","Medical Emergency","Anxiety / Psychiatric Disorder","2026/03/25 10:55:21 PM","Rahim Yar Khan"
"275941","Zupasha Zia","MR-5758","EMDS Call","Medical Emergency","SOB/ Respiratory Distress","2026/03/25 10:59:19 PM","Khanpur"
"275942","Muhammad Riaz","DR-654","EMDS Call","Medical Emergency","Vomiting","2026/03/25 11:01:07 PM","Liaqatpur"
"275943","Muhammad Riaz","DR-654","EMDS Call","Road Crash","Minor Injuries","2026/03/25 11:11:58 PM","Khanpur"
"275944","Zupasha Zia","MR-5758","EMDS Call","Medical Emergency","Joints Pain","2026/03/25 11:13:53 PM","Rahim Yar Khan"
"275945","Muhammad Fiaz","DR-206","EMDS Call","Medical Emergency","Anxiety / Psychiatric Disorder","2026/03/25 11:15:28 PM","Rahim Yar Khan"
"275946","Zupasha Zia","MR-5758","EMDS Call","Medical Emergency","Anxiety / Psychiatric Disorder","2026/03/25 11:18:39 PM","Sadiqabad"
"275948","Zupasha Zia","MR-5758","EMDS Call","Medical Emergency","High Fever","2026/03/25 11:33:28 PM","Rahim Yar Khan"
"275947","Muhammad Fiaz","DR-206","EMDS Call","Medical Emergency","Anxiety / Psychiatric Disorder","2026/03/25 11:33:29 PM","Rahim Yar Khan"
"275949","Muhammad Fiaz","DR-206","EMDS Call","Medical Emergency","Vomiting","2026/03/25 11:45:31 PM","Liaqatpur"
"275950","Muhammad Riaz","DR-654","EMDS Call","Rescue Operations","Snake Emergency","2026/03/25 11:46:48 PM","Sadiqabad"
"77342","Zupasha Zia","MR-5758","Direct Call","Patient Transfer Service","N/A","2026/03/26 12:01:06 AM","Khanpur"
"77343","Zupasha Zia","MR-5758","Direct Call","Patient Transfer Service","N/A","2026/03/26 12:08:03 AM","Sadiqabad"
"275951","Muhammad Fiaz","DR-206","EMDS Call","Medical Emergency","Hypertension","2026/03/26 12:11:18 AM","Rahim Yar Khan"
"275952","Muhammad Riaz","DR-654","EMDS Call","Medical Emergency","Diabetic","2026/03/26 12:13:27 AM","Rahim Yar Khan"
"275953","Muhammad Fiaz","DR-206","EMDS Call","Medical Emergency","Hypertension","2026/03/26 12:24:10 AM","Sadiqabad"
"275954","Zupasha Zia","MR-5758","EMDS Call","Medical Emergency","Abdominal Pain","2026/03/26 12:28:25 AM","Rahim Yar Khan"
"275955","Muhammad Riaz","DR-654","EMDS Call","Medical Emergency","Abdominal Pain","2026/03/26 12:47:21 AM","Khanpur"
"275956","Muhammad Fiaz","DR-206","EMDS Call","Medical Emergency","Chest Pain","2026/03/26 01:10:21 AM","Rahim Yar Khan"
"275957","Muhammad Riaz","DR-654","EMDS Call","Medical Emergency","SOB/ Respiratory Distress","2026/03/26 01:17:36 AM","Rahim Yar Khan"
"275958","Muhammad Fiaz","DR-206","EMDS Call","Medical Emergency","Abdominal Pain","2026/03/26 01:18:48 AM","Rahim Yar Khan"
"275959","Zupasha Zia","MR-5758","EMDS Call","Medical Emergency","Abdominal Pain","2026/03/26 01:23:58 AM","Rahim Yar Khan"
"275960","Zupasha Zia","MR-5758","EMDS Call","Medical Emergency","Hypertension","2026/03/26 01:51:28 AM","Rahim Yar Khan"
"275962","Zupasha Zia","MR-5758","EMDS Call","Medical Emergency","Diarrhea","2026/03/26 02:21:29 AM","Liaqatpur"
"275961","Muhammad Fiaz","DR-206","EMDS Call","Medical Emergency","Abdominal Pain","2026/03/26 02:19:59 AM","Sadiqabad"
"275963","Muhammad Fiaz","DR-206","EMDS Call","Medical Emergency","High Fever","2026/03/26 02:34:07 AM","Rahim Yar Khan"
"275964","Zupasha Zia","MR-5758","EMDS Call","Road Crash","Minor Injuries","2026/03/26 02:35:25 AM","Khanpur"
"275965","Muhammad Riaz","DR-654","EMDS Call","Medical Emergency","High Fever","2026/03/26 02:50:10 AM","Rahim Yar Khan"
"275966","Muhammad Fiaz","DR-206","EMDS Call","Medical Emergency","Unconscious","2026/03/26 02:53:01 AM","Khanpur"
"275967","Zupasha Zia","MR-5758","EMDS Call","Medical Emergency","Vomiting","2026/03/26 03:03:18 AM","Rahim Yar Khan"
"275968","Muhammad Riaz","DR-654","EMDS Call","Medical Emergency","Urinary Retention","2026/03/26 03:07:26 AM","Rahim Yar Khan"
"275969","Muhammad Fiaz","DR-206","EMDS Call","Medical Emergency","Backache","2026/03/26 03:17:56 AM","Khanpur"
"77344","Bushra Saleem","MR-5701","Direct Call","Patient Transfer Service","N/A","2026/03/26 03:36:25 AM","Khanpur"
"275970","Farah Sadaqat","MR-5930","EMDS Call","Medical Emergency","Hypertension","2026/03/26 04:05:07 AM","Rahim Yar Khan"
"275971","Bushra Saleem","MR-5701","EMDS Call","Medical Emergency","Chest Pain","2026/03/26 04:19:10 AM","Khanpur"
"275972","Farah Sadaqat","MR-5930","EMDS Call","Medical Emergency","Vomiting","2026/03/26 04:47:07 AM","Sadiqabad"
"275973","Bushra Saleem","MR-5701","EMDS Call","Medical Emergency","Vomiting","2026/03/26 04:47:37 AM","Sadiqabad"
"275974","Farah Sadaqat","MR-5930","EMDS Call","Medical Emergency","Vertigo/ Dizziness","2026/03/26 05:02:49 AM","Rahim Yar Khan"
"275975","Bushra Saleem","MR-5701","Direct Call","Medical Emergency","Abdominal Pain","2026/03/26 05:18:20 AM","Liaqatpur"
"275976","Bushra Saleem","MR-5701","EMDS Call","Fire","Short Circuit","2026/03/26 05:30:43 AM","Rahim Yar Khan"
"275977","Farah Sadaqat","MR-5930","EMDS Call","Medical Emergency","Vomiting","2026/03/26 05:51:17 AM","Rahim Yar Khan"
"275978","Farah Sadaqat","MR-5930","EMDS Call","Medical Emergency","SOB/ Respiratory Distress","2026/03/26 06:19:12 AM","Sadiqabad"
"275979","Zahid Manzoor","DR-887","EMDS Call","Medical Emergency","Anxiety / Psychiatric Disorder","2026/03/26 06:26:45 AM","Rahim Yar Khan"
"275980","Farah Sadaqat","MR-5930","EMDS Call","Medical Emergency","SOB/ Respiratory Distress","2026/03/26 06:30:56 AM","Khanpur"
"275981","Zahid Manzoor","DR-887","EMDS Call","Medical Emergency","Vomiting","2026/03/26 06:46:23 AM","Rahim Yar Khan"
"275982","Farah Sadaqat","MR-5930","EMDS Call","Medical Emergency","Unconscious","2026/03/26 06:46:47 AM","Sadiqabad"
"275983","Bushra Saleem","MR-5701","EMDS Call","Road Crash","Minor Injuries","2026/03/26 07:05:22 AM","Rahim Yar Khan"
"275984","Zahid Manzoor","DR-887","EMDS Call","Medical Emergency","Hypertension","2026/03/26 07:17:28 AM","Rahim Yar Khan"
"275985","Zahid Manzoor","DR-887","EMDS Call","Medical Emergency","Unconscious","2026/03/26 07:28:59 AM","Khanpur"
"275986","Zahid Manzoor","DR-887","EMDS Call","Road Crash","Minor Injuries","2026/03/26 07:36:50 AM","Liaqatpur"
"275987","Farah Sadaqat","MR-5930","EMDS Call","Medical Emergency","Abdominal Pain","2026/03/26 07:38:02 AM","Rahim Yar Khan"
"275988","Bushra Saleem","MR-5701","EMDS Call","Medical Emergency","Vomiting","2026/03/26 07:42:15 AM","Rahim Yar Khan"
"275989","Bushra Saleem","MR-5701","EMDS Call","Medical Emergency","Chronic Illness","2026/03/26 07:47:45 AM","Rahim Yar Khan"
"275992","Farah Sadaqat","MR-5930","EMDS Call","Medical Emergency","SOB/ Respiratory Distress","2026/03/26 07:48:05 AM","Liaqatpur"
"275990","Muhammad Zahid","DR-888","EMDS Call","Medical Emergency","Unconscious","2026/03/26 07:50:01 AM","Rahim Yar Khan"
"77345","Farah Sadaqat","MR-5930","Direct Call","Patient Transfer Service","N/A","2026/03/26 07:56:04 AM","Khanpur"
"275991","Farah Sadaqat","MR-5930","EMDS Call","Medical Emergency","Gynae Problem","2026/03/26 07:58:13 AM","Sadiqabad"
"275993","Muhammad Zahid","DR-888","EMDS Call","Medical Emergency","Chronic Illness","2026/03/26 08:09:17 AM","Khanpur"
"275994","Farah Sadaqat","MR-5930","EMDS Call","Medical Emergency","SOB/ Respiratory Distress","2026/03/26 08:12:17 AM","Rahim Yar Khan"
"275995","Farah Sadaqat","MR-5930","EMDS Call","Medical Emergency","Abdominal Pain","2026/03/26 08:24:03 AM","Rahim Yar Khan"
"275996","Farah Sadaqat","MR-5930","EMDS Call","Medical Emergency","Urinary Retention","2026/03/26 08:42:41 AM","Rahim Yar Khan"
"275997","Muhammad Zahid","DR-888","EMDS Call","Medical Emergency","SOB/ Respiratory Distress","2026/03/26 08:48:50 AM","Liaqatpur"
"275998","Muhammad Zahid","DR-888","EMDS Call","Medical Emergency","Hypertension","2026/03/26 08:59:29 AM","Khanpur"
"275999","Yasir Ilyas","DR-893","EMDS Call","Medical Emergency","Backache","2026/03/26 09:04:09 AM","Sadiqabad"
"276000","Adnan Shabbir","DR-205","EMDS Call","Road Crash","Bleeding","2026/03/26 09:13:09 AM","Rahim Yar Khan"
"276001","Yasir Ilyas","DR-893","EMDS Call","Medical Emergency","Renal Disorders / Renal Colic ","2026/03/26 09:15:36 AM","Sadiqabad"
"276002","Farah Sadaqat","MR-5930","EMDS Call","Road Crash","Bleeding","2026/03/26 09:16:13 AM","Rahim Yar Khan"
"276004","Farah Sadaqat","MR-5930","EMDS Call","Medical Emergency","Vomiting","2026/03/26 09:24:36 AM","Rahim Yar Khan"
"276003","Yasir Ilyas","DR-893","EMDS Call","Road Crash","Minor Injuries","2026/03/26 09:26:31 AM","Rahim Yar Khan"
"276005","Adnan Shabbir","DR-205","EMDS Call","Medical Emergency","Hypertension","2026/03/26 09:27:04 AM","Sadiqabad"
"276007","Adnan Shabbir","DR-205","EMDS Call","Medical Emergency","Chest Pain","2026/03/26 09:37:33 AM","Rahim Yar Khan"
"276006","Shaheen Islam","DR-1171","EMDS Call","Medical Emergency","Hypertension","2026/03/26 09:36:43 AM","Khanpur"
"276008","Adnan Shabbir","DR-205","EMDS Call","Medical Emergency","High Fever","2026/03/26 09:58:48 AM","Khanpur"
"276009","Shahid Jamil","DR-184","EMDS Call","Road Crash","Severe Trauma","2026/03/26 10:01:58 AM","Khanpur"
"77346","Adnan Shabbir","DR-205","Direct Call","Patient Transfer Service","N/A","2026/03/26 10:10:25 AM","Khanpur"
"276010","Yasir Ilyas","DR-893","EMDS Call","Medical Emergency","Anxiety / Psychiatric Disorder","2026/03/26 10:15:07 AM","Liaqatpur"
"276011","Yasir Ilyas","DR-893","EMDS Call","Road Crash","Severe Trauma","2026/03/26 10:24:31 AM","Sadiqabad"
"276011","Yasir Ilyas","DR-893","EMDS Call","Road Crash","Severe Trauma","2026/03/26 10:24:31 AM","Sadiqabad"
"276011","Yasir Ilyas","DR-893","EMDS Call","Road Crash","Severe Trauma","2026/03/26 10:24:31 AM","Sadiqabad"
"276012","Shahid Jamil","DR-184","EMDS Call","Medical Emergency","SOB/ Respiratory Distress","2026/03/26 10:26:01 AM","Khanpur"
"276014","Muhammad Zahid","DR-888","EMDS Call","Medical Emergency","Joints Pain","2026/03/26 10:31:32 AM","Rahim Yar Khan"
"276013","Yasir Ilyas","DR-893","EMDS Call","Medical Emergency","Joints Pain","2026/03/26 10:32:11 AM","Sadiqabad"
"276015","Muhammad Zahid","DR-888","EMDS Call","Medical Emergency","Chest Pain","2026/03/26 10:33:40 AM","Rahim Yar Khan"
"276016","Yasir Ilyas","DR-893","EMDS Call","Medical Emergency","Anxiety / Psychiatric Disorder","2026/03/26 10:37:33 AM","Sadiqabad"
"276017","Yasir Ilyas","DR-893","EMDS Call","Medical Emergency","SOB/ Respiratory Distress","2026/03/26 10:41:52 AM","Rahim Yar Khan"
"77347","Muhammad Zahid","DR-888","Direct Call","Patient Transfer Service","N/A","2026/03/26 10:52:15 AM","Rahim Yar Khan"
"276018","Yasir Ilyas","DR-893","Direct Call","Medical Emergency","Unconscious","2026/03/26 11:07:11 AM","Rahim Yar Khan"
"276019","Adnan Shabbir","DR-205","EMDS Call","Medical Emergency","Anxiety / Psychiatric Disorder","2026/03/26 11:12:43 AM","Rahim Yar Khan"
"276020","Muhammad Zahid","DR-888","EMDS Call","Medical Emergency","Anxiety / Psychiatric Disorder","2026/03/26 11:14:24 AM","Rahim Yar Khan"
"77348","Adnan Shabbir","DR-205","Direct Call","Patient Transfer Service","N/A","2026/03/26 11:18:49 AM","Liaqatpur"
"276021","Yasir Ilyas","DR-893","EMDS Call","Medical Emergency","Anxiety / Psychiatric Disorder","2026/03/26 11:19:39 AM","Rahim Yar Khan"
"276022","Yasir Ilyas","DR-893","EMDS Call","Medical Emergency","Vomiting","2026/03/26 11:26:52 AM","Rahim Yar Khan"
"276023","Yasir Ilyas","DR-893","EMDS Call","Rescue Operations","Scorpion Bite/Other Animal/Insect Bite","2026/03/26 11:34:21 AM","Rahim Yar Khan"
"276024","Adnan Shabbir","DR-205","EMDS Call","Road Crash","Severe Trauma","2026/03/26 11:41:49 AM","Liaqatpur"
"276026","Yasir Ilyas","DR-893","EMDS Call","Medical Emergency","Chest Pain","2026/03/26 11:47:22 AM","Rahim Yar Khan"
"276025","Muhammad Zahid","DR-888","EMDS Call","Medical Emergency","Abdominal Pain","2026/03/26 11:51:11 AM","Rahim Yar Khan"
"276027","Adnan Shabbir","DR-205","EMDS Call","Fall","Fall From Stairs","2026/03/26 11:52:32 AM","Rahim Yar Khan"
"77349","Muhammad Zahid","DR-888","Direct Call","Patient Transfer Service","N/A","2026/03/26 11:57:06 AM","Khanpur"
"276028","Adnan Shabbir","DR-205","EMDS Call","Road Crash","Bleeding","2026/03/26 12:02:37 PM","Liaqatpur"
"276029","Muhammad Zahid","DR-888","EMDS Call","Crime","Physical Assault/Violence","2026/03/26 12:01:56 PM","Rahim Yar Khan"
"276030","Yasir Ilyas","DR-893","EMDS Call","Crime","Physical Assault/Violence","2026/03/26 12:04:46 PM","Khanpur"
"276031","Yasir Ilyas","DR-893","EMDS Call","Medical Emergency","Abdominal Pain","2026/03/26 12:16:03 PM","Khanpur"
"276032","Muhammad Zahid","DR-888","EMDS Call","Medical Emergency","High Fever","2026/03/26 12:17:41 PM","Liaqatpur"
"276033","Farah Sadaqat","MR-5930","EMDS Call","Medical Emergency","Anxiety / Psychiatric Disorder","2026/03/26 12:29:54 PM","Rahim Yar Khan"
"276034","Yasir Ilyas","DR-893","EMDS Call","Road Crash","Severe Trauma","2026/03/26 12:47:06 PM","Liaqatpur"
"276035","Farah Sadaqat","MR-5930","EMDS Call","Road Crash","Minor Injuries","2026/03/26 12:48:34 PM","Rahim Yar Khan"
"276041","Muhammad Zahid","DR-888","EMDS Call","Medical Emergency","High Fever","2026/03/26 12:49:36 PM","Khanpur"
"276036","Yasir Ilyas","DR-893","EMDS Call","Road Crash","Severe Trauma","2026/03/26 12:51:00 PM","Khanpur"
"276037","Muhammad Zahid","DR-888","EMDS Call","Medical Emergency","Abdominal Pain","2026/03/26 12:56:51 PM","Rahim Yar Khan"
"276038","Yasir Ilyas","DR-893","EMDS Call","Medical Emergency","Vertigo/ Dizziness","2026/03/26 12:59:07 PM","Sadiqabad"
"276039","Muhammad Zahid","DR-888","EMDS Call","Medical Emergency","Hypertension","2026/03/26 01:01:52 PM","Rahim Yar Khan"
"276040","Farah Sadaqat","MR-5930","EMDS Call","Medical Emergency","Urinary Retention","2026/03/26 01:03:52 PM","Rahim Yar Khan"
"276043","Shaheen Islam","DR-1171","EMDS Call","Medical Emergency","Hypertension","2026/03/26 01:12:58 PM","Rahim Yar Khan"
"276042","Muhammad Zahid","DR-888","EMDS Call","Medical Emergency","Domestic Injuries","2026/03/26 01:12:52 PM","Khanpur"
"276044","Farah Sadaqat","MR-5930","EMDS Call","Medical Emergency","Vomiting","2026/03/26 01:14:10 PM","Sadiqabad"
"276045","Shaheen Islam","DR-1171","Direct Call","Medical Emergency","Diabetic","2026/03/26 01:16:36 PM","Rahim Yar Khan"
"276046","Farah Sadaqat","MR-5930","EMDS Call","Fire","Others","2026/03/26 01:16:54 PM","Liaqatpur"
"276047","Farah Sadaqat","MR-5930","EMDS Call","Medical Emergency","Anxiety / Psychiatric Disorder","2026/03/26 01:21:53 PM","Rahim Yar Khan"
"276048","Shaheen Islam","DR-1171","EMDS Call","Road Crash","Minor Injuries","2026/03/26 01:23:15 PM","Rahim Yar Khan"
"276048","Shaheen Islam","DR-1171","EMDS Call","Road Crash","Minor Injuries","2026/03/26 01:23:15 PM","Rahim Yar Khan"
"276049","Farah Sadaqat","MR-5930","EMDS Call","Medical Emergency","Anxiety / Psychiatric Disorder","2026/03/26 01:24:56 PM","Rahim Yar Khan"
"276050","Farah Sadaqat","MR-5930","EMDS Call","Medical Emergency","Vomiting","2026/03/26 01:28:54 PM","Sadiqabad"
"276051","Muhammad Zahid","DR-888","EMDS Call","Road Crash","Minor Injuries","2026/03/26 01:36:03 PM","Rahim Yar Khan"
"276052","Farah Sadaqat","MR-5930","EMDS Call","Medical Emergency","Vomiting","2026/03/26 01:37:15 PM","Rahim Yar Khan"
"276053","Muhammad Zahid","DR-888","EMDS Call","Road Crash","Bleeding","2026/03/26 01:47:47 PM","Sadiqabad"
"276054","Farah Sadaqat","MR-5930","EMDS Call","Medical Emergency","Abdominal Pain","2026/03/26 01:52:12 PM","Khanpur"
"276055","Muhammad Zahid","DR-888","EMDS Call","Medical Emergency","Vomiting","2026/03/26 01:58:04 PM","Rahim Yar Khan"
"276056","Shaheen Islam","DR-1171","EMDS Call","Medical Emergency","CVA/Stroke","2026/03/26 02:08:40 PM","Rahim Yar Khan"
"77350","Farah Sadaqat","MR-5930","Direct Call","Patient Transfer Service","N/A","2026/03/26 02:11:30 PM","Sadiqabad"
"276057","Maheen Tahir","MR-6017","EMDS Call","Fire","Others","2026/03/26 02:14:48 PM","Khanpur"
"276058","Saima Bashir","MR-5819","EMDS Call","Rescue Operations","Animal/Bird Rescue","2026/03/26 02:21:52 PM","Sadiqabad"
"276059","Nida Rahat","DR-1322","EMDS Call","Rescue Operations","Delivery Case","2026/03/26 02:28:04 PM","Rahim Yar Khan"
"276060","Nida Rahat","DR-1322","EMDS Call","Medical Emergency","Vertigo/ Dizziness","2026/03/26 02:34:11 PM","Khanpur"
"276061","Saima Bashir","MR-5819","EMDS Call","Rescue Operations","Delivery Case","2026/03/26 02:39:50 PM","Rahim Yar Khan"
"276062","Saima Bashir","MR-5819","EMDS Call","Medical Emergency","Vertigo/ Dizziness","2026/03/26 02:59:31 PM","Rahim Yar Khan"
"276063","Nida Rahat","DR-1322","EMDS Call","Fire","Others","2026/03/26 03:02:27 PM","Sadiqabad"
"276064","Nida Rahat","DR-1322","EMDS Call","Medical Emergency","Unconscious","2026/03/26 03:06:27 PM","Sadiqabad"
"276065","Nida Rahat","DR-1322","Direct Call","Medical Emergency","Hypertension","2026/03/26 03:08:29 PM","Liaqatpur"
"77351","Maheen Tahir","MR-6017","Direct Call","Patient Transfer Service","N/A","2026/03/26 03:08:55 PM","Sadiqabad"
"276066","Nida Rahat","DR-1322","EMDS Call","Medical Emergency","Hypertension","2026/03/26 03:11:47 PM","Liaqatpur"
"276067","Maheen Tahir","MR-6017","EMDS Call","Road Crash","Bleeding","2026/03/26 03:12:13 PM","Rahim Yar Khan"
"276068","Nida Rahat","DR-1322","EMDS Call","Medical Emergency","Vomiting","2026/03/26 03:14:09 PM","Khanpur"
"276069","Nida Rahat","DR-1322","EMDS Call","Road Crash","Bleeding","2026/03/26 03:17:59 PM","Sadiqabad"
"276070","Saima Bashir","MR-5819","EMDS Call","Road Crash","Minor Injuries","2026/03/26 03:20:12 PM","Rahim Yar Khan"
"276071","Saima Bashir","MR-5819","EMDS Call","Road Crash","Minor Injuries","2026/03/26 03:28:15 PM","Sadiqabad"
"276071","Saima Bashir","MR-5819","EMDS Call","Road Crash","Minor Injuries","2026/03/26 03:28:15 PM","Sadiqabad"
"276072","Nida Rahat","DR-1322","EMDS Call","Medical Emergency","Chest Pain","2026/03/26 03:34:43 PM","Sadiqabad"
"276073","Saima Bashir","MR-5819","EMDS Call","Road Crash","Minor Injuries","2026/03/26 03:37:59 PM","Rahim Yar Khan"
"276074","Saima Bashir","MR-5819","Direct Call","Medical Emergency","Backache","2026/03/26 03:46:04 PM","Rahim Yar Khan"
"276075","Saima Bashir","MR-5819","EMDS Call","Medical Emergency","SOB/ Respiratory Distress","2026/03/26 03:48:16 PM","Khanpur"
"276077","Maheen Tahir","MR-6017","EMDS Call","Road Crash","Bleeding","2026/03/26 03:54:24 PM","Sadiqabad"
"276076","Saima Bashir","MR-5819","EMDS Call","Road Crash","Severe Trauma","2026/03/26 03:56:38 PM","Rahim Yar Khan"
"276078","Nida Rahat","DR-1322","EMDS Call","Road Crash","Minor Injuries","2026/03/26 03:58:40 PM","Rahim Yar Khan"
"276079","Nida Rahat","DR-1322","EMDS Call","Medical Emergency","Unconscious","2026/03/26 04:05:56 PM","Khanpur"
"276080","Maheen Tahir","MR-6017","EMDS Call","Crime","Probable Suicide","2026/03/26 04:07:32 PM","Khanpur"
"276081","Nida Rahat","DR-1322","EMDS Call","Medical Emergency","Hypertension","2026/03/26 04:25:16 PM","Rahim Yar Khan"
"276083","Saima Bashir","MR-5819","EMDS Call","Medical Emergency","Renal Disorders / Renal Colic ","2026/03/26 04:26:01 PM","Rahim Yar Khan"
"276082","Nida Rahat","DR-1322","EMDS Call","Road Crash","Bleeding","2026/03/26 04:27:19 PM","Rahim Yar Khan"
"276084","Maheen Tahir","MR-6017","EMDS Call","Medical Emergency","Joints Pain","2026/03/26 04:49:00 PM","Sadiqabad"
"77352","Maheen Tahir","MR-6017","Direct Call","Patient Transfer Service","N/A","2026/03/26 04:53:19 PM","Sadiqabad"
"276085","Nida Rahat","DR-1322","EMDS Call","Road Crash","Minor Injuries","2026/03/26 04:56:57 PM","Rahim Yar Khan"
"77353","Maheen Tahir","MR-6017","Direct Call","Patient Transfer Service","N/A","2026/03/26 05:04:22 PM","Sadiqabad"
"276086","Saima Bashir","MR-5819","Direct Call","Medical Emergency","Diabetic","2026/03/26 05:07:10 PM","Sadiqabad"
"276088","Fahad Hussain","DR-538","EMDS Call","Medical Emergency","Epilepsy","2026/03/26 05:08:01 PM","Liaqatpur"
"276087","Maheen Tahir","MR-6017","EMDS Call","Medical Emergency","SOB/ Respiratory Distress","2026/03/26 05:10:25 PM","Rahim Yar Khan"
"276089","Maheen Tahir","MR-6017","EMDS Call","Medical Emergency","Unconscious","2026/03/26 05:17:19 PM","Rahim Yar Khan"
"276090","Nida Rahat","DR-1322","EMDS Call","Road Crash","Bleeding","2026/03/26 05:20:16 PM","Rahim Yar Khan"
"77354","Nida Rahat","DR-1322","Direct Call","Patient Transfer Service","N/A","2026/03/26 05:31:26 PM","Khanpur"
"276092","Fahad Hussain","DR-538","EMDS Call","Medical Emergency","CVA/Stroke","2026/03/26 05:29:49 PM","Sadiqabad"
"276091","Saima Bashir","MR-5819","EMDS Call","Road Crash","Severe Trauma","2026/03/26 05:31:22 PM","Sadiqabad"
"77355","Maheen Tahir","MR-6017","Direct Call","Patient Transfer Service","N/A","2026/03/26 05:34:04 PM","Khanpur"
"276093","Nida Rahat","DR-1322","EMDS Call","Medical Emergency","Vertigo/ Dizziness","2026/03/26 05:33:35 PM","Rahim Yar Khan"
"276094","Saima Bashir","MR-5819","EMDS Call","Medical Emergency","Anxiety / Psychiatric Disorder","2026/03/26 05:33:57 PM","Khanpur"
"276095","Saima Bashir","MR-5819","EMDS Call","Medical Emergency","Hypertension","2026/03/26 05:39:29 PM","Rahim Yar Khan"
"276096","Nida Rahat","DR-1322","EMDS Call","Road Crash","Bleeding","2026/03/26 05:43:06 PM","Rahim Yar Khan"
"276097","Maheen Tahir","MR-6017","EMDS Call","Medical Emergency","Domestic Injuries","2026/03/26 05:44:19 PM","Rahim Yar Khan"
"276098","Nida Rahat","DR-1322","EMDS Call","Medical Emergency","Anxiety / Psychiatric Disorder","2026/03/26 05:47:16 PM","Rahim Yar Khan"
"276099","Nida Rahat","DR-1322","EMDS Call","Road Crash","Bleeding","2026/03/26 05:50:00 PM","Khanpur"
"276100","Saima Bashir","MR-5819","EMDS Call","Medical Emergency","Joints Pain","2026/03/26 05:49:34 PM","Rahim Yar Khan"
"276101","Nida Rahat","DR-1322","EMDS Call","Medical Emergency","Anxiety / Psychiatric Disorder","2026/03/26 05:50:49 PM","Rahim Yar Khan"
"276102","Nida Rahat","DR-1322","EMDS Call","Road Crash","Bleeding","2026/03/26 05:59:31 PM","Rahim Yar Khan"
"276103","Nida Rahat","DR-1322","EMDS Call","Rescue Operations","Work/Occupational Injuries","2026/03/26 06:07:32 PM","Khanpur"
"276104","Nida Rahat","DR-1322","EMDS Call","Road Crash","Multiple Fractures","2026/03/26 06:21:57 PM","Rahim Yar Khan"
"276105","Maheen Tahir","MR-6017","EMDS Call","Medical Emergency","Anxiety / Psychiatric Disorder","2026/03/26 06:23:47 PM","Rahim Yar Khan"
"276106","Saima Bashir","MR-5819","EMDS Call","Rescue Operations","Delivery Case","2026/03/26 06:23:51 PM","Liaqatpur"
"276107","Maheen Tahir","MR-6017","EMDS Call","Medical Emergency","High Fever","2026/03/26 06:26:33 PM","Rahim Yar Khan"
"276108","Saima Bashir","MR-5819","EMDS Call","Road Crash","Bleeding","2026/03/26 06:28:39 PM","Liaqatpur"
"276108","Saima Bashir","MR-5819","EMDS Call","Road Crash","Bleeding","2026/03/26 06:28:39 PM","Liaqatpur"
"276109","Maheen Tahir","MR-6017","EMDS Call","Medical Emergency","Domestic Injuries","2026/03/26 06:29:36 PM","Rahim Yar Khan"
"276110","Nida Rahat","DR-1322","EMDS Call","Road Crash","Multiple Fractures","2026/03/26 06:33:29 PM","Rahim Yar Khan"
"276111","Maheen Tahir","MR-6017","EMDS Call","Medical Emergency","High Fever","2026/03/26 06:33:09 PM","Rahim Yar Khan"
"77356","Nida Rahat","DR-1322","Direct Call","Patient Transfer Service","N/A","2026/03/26 06:38:33 PM","Liaqatpur"
"276112","Saima Bashir","MR-5819","EMDS Call","Crime","Physical Assault/Violence","2026/03/26 06:51:52 PM","Rahim Yar Khan"
"276113","Saima Bashir","MR-5819","EMDS Call","Medical Emergency","Hypertension","2026/03/26 06:57:41 PM","Sadiqabad"
"77357","Maheen Tahir","MR-6017","Direct Call","Patient Transfer Service","N/A","2026/03/26 07:05:12 PM","Sadiqabad"
"276114","Nida Rahat","DR-1322","EMDS Call","Road Crash","Bleeding","2026/03/26 07:07:44 PM","Rahim Yar Khan"
"276115","Fahad Hussain","DR-538","EMDS Call","Medical Emergency","Unconscious","2026/03/26 07:08:37 PM","Khanpur"
"77358","Maheen Tahir","MR-6017","Direct Call","Patient Transfer Service","N/A","2026/03/26 07:10:47 PM","Sadiqabad"
"276116","Nida Rahat","DR-1322","EMDS Call","Road Crash","Minor Injuries","2026/03/26 07:18:58 PM","Rahim Yar Khan"
"276117","Maheen Tahir","MR-6017","EMDS Call","Road Crash","Bleeding","2026/03/26 07:18:18 PM","Rahim Yar Khan"
"276118","Fahad Hussain","DR-538","EMDS Call","Medical Emergency","Vertigo/ Dizziness","2026/03/26 07:22:37 PM","Rahim Yar Khan"
"276119","Nida Rahat","DR-1322","EMDS Call","Medical Emergency","Hypertension","2026/03/26 07:23:51 PM","Khanpur"
"276120","Fahad Hussain","DR-538","EMDS Call","Fire","Others","2026/03/26 07:24:51 PM","Khanpur"
"276121","Fahad Hussain","DR-538","EMDS Call","Medical Emergency","Abdominal Pain","2026/03/26 07:38:39 PM","Rahim Yar Khan"
"276122","Maheen Tahir","MR-6017","EMDS Call","Medical Emergency","Hypertension","2026/03/26 07:44:39 PM","Rahim Yar Khan"
"276123","Maheen Tahir","MR-6017","EMDS Call","Road Crash","Minor Injuries","2026/03/26 07:52:13 PM","Sadiqabad"
"276124","Saima Bashir","MR-5819","EMDS Call","Rescue Operations","Delivery Case","2026/03/26 07:52:05 PM","Khanpur"
"276125","Nida Rahat","DR-1322","EMDS Call","Medical Emergency","Renal Disorders / Renal Colic ","2026/03/26 07:54:37 PM","Khanpur"
"276126","Maheen Tahir","MR-6017","EMDS Call","Medical Emergency","Abdominal Pain","2026/03/26 07:54:31 PM","Rahim Yar Khan"
"276127","Nida Rahat","DR-1322","EMDS Call","Medical Emergency","Vomiting","2026/03/26 07:57:07 PM","Sadiqabad"
"276128","Nida Rahat","DR-1322","EMDS Call","Medical Emergency","Unconscious","2026/03/26 07:59:46 PM","Sadiqabad"
"276129","Saima Bashir","MR-5819","EMDS Call","Medical Emergency","Hypertension","2026/03/26 08:01:53 PM","Rahim Yar Khan"
"276130","Maheen Tahir","MR-6017","EMDS Call","Medical Emergency","Hypertension","2026/03/26 08:04:34 PM","Rahim Yar Khan"
"276131","Maheen Tahir","MR-6017","EMDS Call","Medical Emergency","Vertigo/ Dizziness","2026/03/26 08:11:28 PM","Rahim Yar Khan"
"276135","Saima Bashir","MR-5819","EMDS Call","Road Crash","Minor Injuries","2026/03/26 08:24:24 PM","Rahim Yar Khan"
"276132","Nida Rahat","DR-1322","EMDS Call","Road Crash","Minor Injuries","2026/03/26 08:25:44 PM","Rahim Yar Khan"
"276133","Saima Bashir","MR-5819","EMDS Call","Crime","Physical Assault/Violence","2026/03/26 08:27:17 PM","Rahim Yar Khan"
"276134","Saima Bashir","MR-5819","EMDS Call","Medical Emergency","High Fever","2026/03/26 08:34:11 PM","Rahim Yar Khan"
"276136","Muhammad Fiaz","DR-206","EMDS Call","Medical Emergency","Anxiety / Psychiatric Disorder","2026/03/26 08:34:32 PM","Rahim Yar Khan"
"276137","Muhammad Fiaz","DR-206","EMDS Call","Medical Emergency","Domestic Injuries","2026/03/26 08:44:23 PM","Rahim Yar Khan"
"77359","Muhammad Fiaz","DR-206","Direct Call","Patient Transfer Service","N/A","2026/03/26 08:50:24 PM","Sadiqabad"
"276138","Muhammad Fiaz","DR-206","EMDS Call","Medical Emergency","High Fever","2026/03/26 08:54:30 PM","Sadiqabad"
"276139","Zupasha Zia","MR-5758","EMDS Call","Medical Emergency","Renal Disorders / Renal Colic ","2026/03/26 09:01:39 PM","Rahim Yar Khan"
"276140","Zupasha Zia","MR-5758","EMDS Call","Medical Emergency","Anxiety / Psychiatric Disorder","2026/03/26 09:08:29 PM","Rahim Yar Khan"
"276141","Zupasha Zia","MR-5758","EMDS Call","Medical Emergency","Vomiting","2026/03/26 09:24:41 PM","Rahim Yar Khan"
"276142","Zupasha Zia","MR-5758","EMDS Call","Road Crash","Minor Injuries","2026/03/26 09:35:30 PM","Rahim Yar Khan"
"77360","Muhammad Fiaz","DR-206","Direct Call","Patient Transfer Service","N/A","2026/03/26 09:39:32 PM","Khanpur"
"77361","Bushra Saleem","MR-5701","Direct Call","Patient Transfer Service","N/A","2026/03/26 09:39:49 PM","Sadiqabad"
"276143","Zupasha Zia","MR-5758","EMDS Call","Medical Emergency","SOB/ Respiratory Distress","2026/03/26 09:46:56 PM","Khanpur"
"276144","Bushra Saleem","MR-5701","EMDS Call","Road Crash","Minor Injuries","2026/03/26 09:56:35 PM","Rahim Yar Khan"
"276145","Muhammad Fiaz","DR-206","EMDS Call","Medical Emergency","Abdominal Pain","2026/03/26 09:57:42 PM","Khanpur"
"276146","Bushra Saleem","MR-5701","EMDS Call","Medical Emergency","SOB/ Respiratory Distress","2026/03/26 09:59:34 PM","Khanpur"
"276147","Bushra Saleem","MR-5701","EMDS Call","Medical Emergency","Anxiety / Psychiatric Disorder","2026/03/26 10:09:15 PM","Rahim Yar Khan"
"276148","Zupasha Zia","MR-5758","EMDS Call","Road Crash","Severe Trauma","2026/03/26 10:11:17 PM","Rahim Yar Khan"
"77362","Zupasha Zia","MR-5758","Direct Call","Patient Transfer Service","N/A","2026/03/26 10:17:29 PM","Sadiqabad"
"276149","Bushra Saleem","MR-5701","EMDS Call","Road Crash","Bleeding","2026/03/26 10:33:40 PM","Rahim Yar Khan"
"276150","Muhammad Fiaz","DR-206","EMDS Call","Medical Emergency","Abdominal Pain","2026/03/26 10:33:03 PM","Liaqatpur"
"276151","Bushra Saleem","MR-5701","EMDS Call","Road Crash","Severe Trauma","2026/03/26 10:44:05 PM","Rahim Yar Khan"
"276151","Bushra Saleem","MR-5701","EMDS Call","Road Crash","Severe Trauma","2026/03/26 10:44:05 PM","Rahim Yar Khan"
"276152","Bushra Saleem","MR-5701","EMDS Call","Rescue Operations","Delivery Case","2026/03/26 10:55:37 PM","Rahim Yar Khan"
"276153","Muhammad Fiaz","DR-206","EMDS Call","Medical Emergency","Vertigo/ Dizziness","2026/03/26 10:57:26 PM","Rahim Yar Khan"
"276154","Muhammad Fiaz","DR-206","EMDS Call","Medical Emergency","SOB/ Respiratory Distress","2026/03/26 11:01:50 PM","Sadiqabad"
"276155","Shahid Jamil","DR-184","EMDS Call","Medical Emergency","SOB/ Respiratory Distress","2026/03/26 11:04:30 PM","Rahim Yar Khan"
"276156","Bushra Saleem","MR-5701","EMDS Call","Medical Emergency","High Fever","2026/03/26 11:04:18 PM","Khanpur"
"276157","Muhammad Fiaz","DR-206","EMDS Call","Medical Emergency","Joints Pain","2026/03/26 11:09:03 PM","Liaqatpur"
"276158","Bushra Saleem","MR-5701","EMDS Call","Medical Emergency","Anxiety / Psychiatric Disorder","2026/03/26 11:18:04 PM","Rahim Yar Khan"
"276159","Muhammad Fiaz","DR-206","EMDS Call","Medical Emergency","Hypertension","2026/03/26 11:18:55 PM","Liaqatpur"
"276160","Bushra Saleem","MR-5701","EMDS Call","Medical Emergency","Anxiety / Psychiatric Disorder","2026/03/26 11:20:41 PM","Rahim Yar Khan"
"276161","Bushra Saleem","MR-5701","EMDS Call","Medical Emergency","Unconscious","2026/03/26 11:35:31 PM","Rahim Yar Khan"
"276162","Muhammad Fiaz","DR-206","EMDS Call","Medical Emergency","Hypertension","2026/03/26 11:44:38 PM","Liaqatpur"
"276163","Bushra Saleem","MR-5701","EMDS Call","Medical Emergency","Diabetic","2026/03/26 11:45:09 PM","Rahim Yar Khan"
"276164","Shahid Jamil","DR-184","EMDS Call","Medical Emergency","Domestic Injuries","2026/03/26 11:56:56 PM","Sadiqabad"
"276165","Muhammad Fiaz","DR-206","EMDS Call","Medical Emergency","Domestic Injuries","2026/03/27 12:02:11 AM","Sadiqabad"
"276166","Bushra Saleem","MR-5701","EMDS Call","Medical Emergency","Anxiety / Psychiatric Disorder","2026/03/27 12:08:14 AM","Sadiqabad"
"77363","Bushra Saleem","MR-5701","Direct Call","Patient Transfer Service","N/A","2026/03/27 12:18:38 AM","Sadiqabad"
"276167","Muhammad Fiaz","DR-206","EMDS Call","Medical Emergency","Chest Pain","2026/03/27 12:27:22 AM","Khanpur"
"276169","Bushra Saleem","MR-5701","EMDS Call","Medical Emergency","Joints Pain","2026/03/27 12:29:36 AM","Rahim Yar Khan"
"276168","Muhammad Fiaz","DR-206","EMDS Call","Medical Emergency","SOB/ Respiratory Distress","2026/03/27 12:30:59 AM","Rahim Yar Khan"
"276170","Shahid Jamil","DR-184","EMDS Call","Medical Emergency","SOB/ Respiratory Distress","2026/03/27 12:32:21 AM","Rahim Yar Khan"
"276171","Muhammad Fiaz","DR-206","EMDS Call","Road Crash","Multiple Fractures","2026/03/27 12:45:53 AM","Khanpur"
"276172","Bushra Saleem","MR-5701","EMDS Call","Medical Emergency","Renal Disorders / Renal Colic ","2026/03/27 12:54:52 AM","Sadiqabad"
"276173","Shahid Jamil","DR-184","EMDS Call","Medical Emergency","High Fever","2026/03/27 12:58:20 AM","Rahim Yar Khan"
"77364","Muhammad Fiaz","DR-206","Direct Call","Patient Transfer Service","N/A","2026/03/27 01:05:31 AM","Khanpur"
"276174","Shahid Jamil","DR-184","EMDS Call","Medical Emergency","SOB/ Respiratory Distress","2026/03/27 01:11:18 AM","Khanpur"
"276175","Shahid Jamil","DR-184","EMDS Call","Medical Emergency","Gynae Problem","2026/03/27 01:23:32 AM","Rahim Yar Khan"
"276176","Bushra Saleem","MR-5701","EMDS Call","Crime","Self Immolation/Burning","2026/03/27 01:51:05 AM","Liaqatpur"
"276177","Shahid Jamil","DR-184","EMDS Call","Medical Emergency","Headache","2026/03/27 01:55:58 AM","Rahim Yar Khan"
"276178","Farhad Iftikhar","DR-913","EMDS Call","Medical Emergency","Renal Disorders / Renal Colic ","2026/03/27 02:12:12 AM","Sadiqabad"
"276179","Shahid Jamil","DR-184","EMDS Call","Medical Emergency","SOB/ Respiratory Distress","2026/03/27 02:16:10 AM","Rahim Yar Khan"
"276180","Farhad Iftikhar","DR-913","EMDS Call","Rescue Operations","Delivery Case","2026/03/27 02:17:59 AM","Liaqatpur"
"276181","Bushra Saleem","MR-5701","EMDS Call","Medical Emergency","Abdominal Pain","2026/03/27 02:21:09 AM","Rahim Yar Khan"
"276182","Farhad Iftikhar","DR-913","EMDS Call","Medical Emergency","SOB/ Respiratory Distress","2026/03/27 02:37:08 AM","Sadiqabad"
"276183","Bushra Saleem","MR-5701","EMDS Call","Medical Emergency","Vomiting","2026/03/27 02:42:40 AM","Liaqatpur"
"276184","Shahid Jamil","DR-184","EMDS Call","Medical Emergency","Abdominal Pain","2026/03/27 02:51:59 AM","Rahim Yar Khan"
"276185","Bushra Saleem","MR-5701","EMDS Call","Medical Emergency","Joints Pain","2026/03/27 02:56:27 AM","Khanpur"
"276186","Farhad Iftikhar","DR-913","EMDS Call","Medical Emergency","Abdominal Pain","2026/03/27 03:14:52 AM","Khanpur"
"276188","Farhad Iftikhar","DR-913","EMDS Call","Medical Emergency","Abdominal Pain","2026/03/27 03:38:21 AM","Khanpur"
"276187","Aasia Batool","MR-5198","EMDS Call","Medical Emergency","High Fever","2026/03/27 03:38:56 AM","Rahim Yar Khan"
"276189","Farhad Iftikhar","DR-913","EMDS Call","Medical Emergency","Hypertension","2026/03/27 03:59:21 AM","Rahim Yar Khan"
"276190","Aasia Batool","MR-5198","EMDS Call","Medical Emergency","Diabetic","2026/03/27 04:29:38 AM","Rahim Yar Khan"
"276191","Farhad Iftikhar","DR-913","EMDS Call","Medical Emergency","Headache","2026/03/27 04:44:52 AM","Rahim Yar Khan"
"276192","Aasia Batool","MR-5198","EMDS Call","Rescue Operations","Delivery Case","2026/03/27 04:48:53 AM","Sadiqabad"
"276193","Zupasha Zia","MR-5758","EMDS Call","Medical Emergency","Unconscious","2026/03/27 05:04:45 AM","Sadiqabad"
"276194","Muhammad Fiaz","DR-206","EMDS Call","Rescue Operations","Delivery Case","2026/03/27 05:12:52 AM","Rahim Yar Khan"
"276195","Aasia Batool","MR-5198","EMDS Call","Medical Emergency","Abdominal Pain","2026/03/27 05:15:54 AM","Sadiqabad"
"276196","Zupasha Zia","MR-5758","EMDS Call","Medical Emergency","Abdominal Pain","2026/03/27 05:18:04 AM","Rahim Yar Khan"
"276197","Aasia Batool","MR-5198","EMDS Call","Medical Emergency","Diabetic","2026/03/27 06:08:30 AM","Liaqatpur"
"276198","Zupasha Zia","MR-5758","EMDS Call","Road Crash","Minor Injuries","2026/03/27 06:33:59 AM","Sadiqabad"
"276199","Muhammad Fiaz","DR-206","EMDS Call","Medical Emergency","Chronic Illness","2026/03/27 07:02:21 AM","Khanpur"
"276200","Aasia Batool","MR-5198","EMDS Call","Medical Emergency","Unconscious","2026/03/27 07:02:46 AM","Khanpur"
"276201","Zupasha Zia","MR-5758","EMDS Call","Medical Emergency","Anxiety / Psychiatric Disorder","2026/03/27 07:11:59 AM","Rahim Yar Khan"
"276202","Muhammad Fiaz","DR-206","EMDS Call","Road Crash","Multiple Fractures","2026/03/27 07:12:16 AM","Khanpur"
"276203","Zupasha Zia","MR-5758","EMDS Call","Road Crash","Severe Trauma","2026/03/27 07:33:14 AM","Liaqatpur"
"276204","Aasia Batool","MR-5198","EMDS Call","Road Crash","Minor Injuries","2026/03/27 07:37:15 AM","Liaqatpur"
"276205","Zupasha Zia","MR-5758","EMDS Call","Road Crash","Severe Trauma","2026/03/27 07:39:53 AM","Rahim Yar Khan"
"Not Assigned","Aasia Batool","MR-5198","EMDS Call","Road Crash","Severe Trauma","2026/03/27 07:46:01 AM","Liaqatpur"
"276206","Zupasha Zia","MR-5758","EMDS Call","Road Crash","Bleeding","2026/03/27 07:47:10 AM","Sadiqabad"
"Not Assigned","Zupasha Zia","MR-5758","EMDS Call","Road Crash","Severe Trauma","2026/03/27 07:50:24 AM","Sadiqabad"
"276209","Muhammad Zahid","DR-888","EMDS Call","Medical Emergency","Domestic Injuries","2026/03/27 07:55:47 AM","Rahim Yar Khan"
"276210","Maheen Tahir","MR-6017","EMDS Call","Medical Emergency","Gynae Problem","2026/03/27 08:16:24 AM","Rahim Yar Khan"
"276211","Farah Sadaqat","MR-5930","EMDS Call","Medical Emergency","Abdominal Pain","2026/03/27 08:23:41 AM","Rahim Yar Khan"
"77365","Maheen Tahir","MR-6017","Direct Call","Patient Transfer Service","N/A","2026/03/27 08:25:57 AM","Khanpur"
"276212","Muhammad Arshad","DR-198","EMDS Call","Road Crash","Bleeding","2026/03/27 08:43:23 AM","Rahim Yar Khan"
"276213","Maheen Tahir","MR-6017","EMDS Call","Rescue Operations","Delivery Case","2026/03/27 08:44:47 AM","Sadiqabad"
"276214","Maheen Tahir","MR-6017","EMDS Call","Medical Emergency","Chest Pain","2026/03/27 08:48:25 AM","Liaqatpur"
"276216","Muhammad Arshad","DR-198","EMDS Call","Road Crash","Bleeding","2026/03/27 08:52:47 AM","Rahim Yar Khan"
"276216","Muhammad Arshad","DR-198","EMDS Call","Road Crash","Bleeding","2026/03/27 08:52:47 AM","Rahim Yar Khan"
"276215","Maheen Tahir","MR-6017","EMDS Call","Medical Emergency","Anxiety / Psychiatric Disorder","2026/03/27 08:51:49 AM","Rahim Yar Khan"
"276217","Maheen Tahir","MR-6017","EMDS Call","Medical Emergency","Chronic Illness","2026/03/27 08:54:37 AM","Rahim Yar Khan"
"276218","Maheen Tahir","MR-6017","EMDS Call","Medical Emergency","Joints Pain","2026/03/27 09:00:16 AM","Rahim Yar Khan"
"276219","Muhammad Arshad","DR-198","EMDS Call","Medical Emergency","Abdominal Pain","2026/03/27 09:08:26 AM","Khanpur"
"276220","Farah Sadaqat","MR-5930","EMDS Call","Road Crash","Minor Injuries","2026/03/27 09:15:17 AM","Rahim Yar Khan"
"276221","Muhammad Arshad","DR-198","EMDS Call","Medical Emergency","Vomiting","2026/03/27 09:23:30 AM","Rahim Yar Khan"
"77366","Farah Sadaqat","MR-5930","Direct Call","Patient Transfer Service","N/A","2026/03/27 09:26:54 AM","Sadiqabad"
"276222","Muhammad Arshad","DR-198","EMDS Call","Medical Emergency","Joints Pain","2026/03/27 09:31:34 AM","Rahim Yar Khan"
"276223","Farah Sadaqat","MR-5930","EMDS Call","Road Crash","Bleeding","2026/03/27 09:36:33 AM","Rahim Yar Khan"
"276224","Muhammad Arshad","DR-198","EMDS Call","Medical Emergency","Diabetic","2026/03/27 09:45:18 AM","Rahim Yar Khan"
"276225","Saqib Nasim","DR-197","EMDS Call","Medical Emergency","SOB/ Respiratory Distress","2026/03/27 09:48:27 AM","Sadiqabad"
"276226","Muhammad Arshad","DR-198","EMDS Call","Fire","Others","2026/03/27 09:51:06 AM","Khanpur"
"276227","Farah Sadaqat","MR-5930","EMDS Call","Road Crash","Minor Injuries","2026/03/27 09:56:24 AM","Rahim Yar Khan"
"276231","Saqib Nasim","DR-197","EMDS Call","Road Crash","Severe Trauma","2026/03/27 09:58:17 AM","Khanpur"
"276229","Maheen Tahir","MR-6017","EMDS Call","Medical Emergency","Chest Pain","2026/03/27 09:59:54 AM","Sadiqabad"
"276228","Muhammad Arshad","DR-198","EMDS Call","Medical Emergency","Unconscious","2026/03/27 10:00:52 AM","Rahim Yar Khan"
"276230","Saqib Nasim","DR-197","EMDS Call","Medical Emergency","Hypertension","2026/03/27 10:02:49 AM","Rahim Yar Khan"
"276232","Farah Sadaqat","MR-5930","EMDS Call","Medical Emergency","Anxiety / Psychiatric Disorder","2026/03/27 10:09:45 AM","Rahim Yar Khan"
"276233","Farah Sadaqat","MR-5930","EMDS Call","Medical Emergency","High Fever","2026/03/27 10:19:45 AM","Liaqatpur"
"276234","Maheen Tahir","MR-6017","EMDS Call","Road Crash","Bleeding","2026/03/27 10:27:16 AM","Sadiqabad"
"77367","Maheen Tahir","MR-6017","Direct Call","Patient Transfer Service","N/A","2026/03/27 10:30:19 AM","Sadiqabad"
"276235","Muhammad Arshad","DR-198","EMDS Call","Rescue Operations","Delivery Case","2026/03/27 10:31:40 AM","Rahim Yar Khan"
"276236","Farah Sadaqat","MR-5930","EMDS Call","Road Crash","Multiple Fractures","2026/03/27 10:33:05 AM","Rahim Yar Khan"
"276237","Farah Sadaqat","MR-5930","EMDS Call","Fall","Fall From Stairs","2026/03/27 10:44:21 AM","Rahim Yar Khan"
"276238","Saqib Nasim","DR-197","Direct Call","Medical Emergency","Diabetic","2026/03/27 10:45:35 AM","Rahim Yar Khan"
"276239","Maheen Tahir","MR-6017","EMDS Call","Medical Emergency","Hypertension","2026/03/27 10:47:03 AM","Liaqatpur"
"276240","Muhammad Arshad","DR-198","EMDS Call","Fall","Fall From Stairs","2026/03/27 10:50:48 AM","Khanpur"
"276241","Farah Sadaqat","MR-5930","EMDS Call","Medical Emergency","Domestic Injuries","2026/03/27 10:52:36 AM","Sadiqabad"
"276242","Maheen Tahir","MR-6017","EMDS Call","Medical Emergency","Chronic Illness","2026/03/27 10:54:39 AM","Rahim Yar Khan"
"276243","Saqib Nasim","DR-197","EMDS Call","Medical Emergency","High Fever","2026/03/27 10:59:11 AM","Liaqatpur"
"276244","Yasir Ilyas","DR-893","EMDS Call","Road Crash","Minor Injuries","2026/03/27 11:06:28 AM","Rahim Yar Khan"
"276245","Saqib Nasim","DR-197","EMDS Call","Rescue Operations","Electric Shock","2026/03/27 11:06:13 AM","Khanpur"
"276246","Maheen Tahir","MR-6017","EMDS Call","Medical Emergency","Abdominal Pain","2026/03/27 11:09:25 AM","Liaqatpur"
"276247","Maheen Tahir","MR-6017","EMDS Call","Crime","Physical Assault/Violence","2026/03/27 11:21:46 AM","Rahim Yar Khan"
"276248","Farah Sadaqat","MR-5930","EMDS Call","Medical Emergency","Hypertension","2026/03/27 11:22:33 AM","Khanpur"
"276249","Yasir Ilyas","DR-893","EMDS Call","Medical Emergency","Hypertension","2026/03/27 11:25:04 AM","Sadiqabad"
"276250","Saqib Nasim","DR-197","EMDS Call","Medical Emergency","Hypotension","2026/03/27 11:26:33 AM","Rahim Yar Khan"
"276251","Farah Sadaqat","MR-5930","EMDS Call","Road Crash","Minor Injuries","2026/03/27 11:28:45 AM","Rahim Yar Khan"
"276252","Saqib Nasim","DR-197","EMDS Call","Medical Emergency","Domestic Injuries","2026/03/27 11:33:39 AM","Rahim Yar Khan"
"276253","Saqib Nasim","DR-197","EMDS Call","Medical Emergency","Gynae Problem","2026/03/27 11:39:34 AM","Sadiqabad"
"276254","Yasir Ilyas","DR-893","EMDS Call","Medical Emergency","Anxiety / Psychiatric Disorder","2026/03/27 11:41:58 AM","Rahim Yar Khan"
"276255","Yasir Ilyas","DR-893","EMDS Call","Medical Emergency","Hypertension","2026/03/27 11:52:16 AM","Rahim Yar Khan"
"276256","Saqib Nasim","DR-197","EMDS Call","Medical Emergency","Renal Disorders / Renal Colic ","2026/03/27 12:00:41 PM","Sadiqabad"
"276257","Imran Anjum","DR-204","EMDS Call","Medical Emergency","SOB/ Respiratory Distress","2026/03/27 12:06:51 PM","Liaqatpur"
"276258","Farah Sadaqat","MR-5930","EMDS Call","Road Crash","Bleeding","2026/03/27 12:17:58 PM","Khanpur"
"276259","Imran Anjum","DR-204","EMDS Call","Road Crash","Severe Trauma","2026/03/27 12:16:58 PM","Khanpur"
"Not Assigned","Farah Sadaqat","MR-5930","Direct Call","High Raised Building Inspection","High Raised Building Inspection","2026/03/27 12:20:57 PM","Sadiqabad"
"276260","Yasir Ilyas","DR-893","EMDS Call","Medical Emergency","Hypertension","2026/03/27 12:23:17 PM","Sadiqabad"
"276262","Imran Anjum","DR-204","EMDS Call","Medical Emergency","SOB/ Respiratory Distress","2026/03/27 12:29:00 PM","Rahim Yar Khan"
"276261","Maheen Tahir","MR-6017","EMDS Call","Medical Emergency","Joints Pain","2026/03/27 12:29:19 PM","Sadiqabad"
"276263","Imran Anjum","DR-204","EMDS Call","Medical Emergency","CVA/Stroke","2026/03/27 12:36:35 PM","Rahim Yar Khan"
"77368","Maheen Tahir","MR-6017","Direct Call","Patient Transfer Service","N/A","2026/03/27 12:43:25 PM","Khanpur"
"276264","Yasir Ilyas","DR-893","EMDS Call","Medical Emergency","Joints Pain","2026/03/27 12:42:22 PM","Sadiqabad"
"276265","Saqib Nasim","DR-197","EMDS Call","Medical Emergency","Joints Pain","2026/03/27 12:43:46 PM","Sadiqabad"
"276266","Yasir Ilyas","DR-893","EMDS Call","Medical Emergency","Diabetic","2026/03/27 12:45:48 PM","Khanpur"
"276267","Saqib Nasim","DR-197","Direct Call","Medical Emergency","Joints Pain","2026/03/27 12:54:51 PM","Rahim Yar Khan"
"Not Assigned","Imran Anjum","DR-204","EMDS Call","Medical Emergency","Unconscious","2026/03/27 12:53:07 PM","Rahim Yar Khan"
"276268","Yasir Ilyas","DR-893","EMDS Call","Medical Emergency","Abdominal Pain","2026/03/27 12:58:23 PM","Sadiqabad"
"276269","Maheen Tahir","MR-6017","EMDS Call","Medical Emergency","SOB/ Respiratory Distress","2026/03/27 01:17:16 PM","Rahim Yar Khan"
"276270","Muhammad Zahid","DR-888","EMDS Call","Medical Emergency","Anxiety / Psychiatric Disorder","2026/03/27 01:20:52 PM","Khanpur"
"276271","Farah Sadaqat","MR-5930","EMDS Call","Medical Emergency","Unconscious","2026/03/27 01:21:17 PM","Sadiqabad"
"276272","Farah Sadaqat","MR-5930","EMDS Call","Medical Emergency","Renal Disorders / Renal Colic ","2026/03/27 01:24:06 PM","Khanpur"
"276273","Maheen Tahir","MR-6017","Direct Call","Road Crash","Bleeding","2026/03/27 01:22:36 PM","Khanpur"
"276274","Muhammad Zahid","DR-888","EMDS Call","Medical Emergency","Chest Pain","2026/03/27 01:25:59 PM","Rahim Yar Khan"
"276275","Farah Sadaqat","MR-5930","EMDS Call","Medical Emergency","Renal Disorders / Renal Colic ","2026/03/27 01:26:24 PM","Liaqatpur"
"276276","Shahid Jamil","DR-184","EMDS Call","Medical Emergency","Gynae Problem","2026/03/27 01:33:13 PM","Liaqatpur"
"276278","Muhammad Zahid","DR-888","EMDS Call","Road Crash","Minor Injuries","2026/03/27 01:50:30 PM","Khanpur"
"276277","Nida Rahat","DR-1322","EMDS Call","Medical Emergency","Urinary Retention","2026/03/27 01:51:36 PM","Sadiqabad"
"276279","Muhammad Zahid","DR-888","EMDS Call","Medical Emergency","High Fever","2026/03/27 02:06:57 PM","Rahim Yar Khan"
"276280","Imran Anjum","DR-204","EMDS Call","Medical Emergency","Chest Pain","2026/03/27 02:10:01 PM","Rahim Yar Khan"
"276281","Muhammad Zahid","DR-888","EMDS Call","Medical Emergency","Anxiety / Psychiatric Disorder","2026/03/27 02:11:20 PM","Rahim Yar Khan"
"276282","Imran Anjum","DR-204","EMDS Call","Medical Emergency","Joints Pain","2026/03/27 02:13:44 PM","Rahim Yar Khan"
"276283","Aasia Batool","MR-5198","EMDS Call","Medical Emergency","Joints Pain","2026/03/27 02:19:06 PM","Rahim Yar Khan"
"276285","Nida Rahat","DR-1322","EMDS Call","Medical Emergency","Renal Disorders / Renal Colic ","2026/03/27 02:19:55 PM","Rahim Yar Khan"
"276284","Imran Anjum","DR-204","EMDS Call","Road Crash","Bleeding","2026/03/27 02:20:29 PM","Liaqatpur"
"276284","Imran Anjum","DR-204","EMDS Call","Road Crash","Bleeding","2026/03/27 02:20:29 PM","Liaqatpur"
"276286","Saima Bashir","MR-5819","EMDS Call","Medical Emergency","Headache","2026/03/27 02:21:19 PM","Rahim Yar Khan"
"276287","Nida Rahat","DR-1322","EMDS Call","Road Crash","Bleeding","2026/03/27 02:24:45 PM","Rahim Yar Khan"
"276288","Imran Anjum","DR-204","EMDS Call","Medical Emergency","SOB/ Respiratory Distress","2026/03/27 02:36:04 PM","Sadiqabad"
"276289","Saima Bashir","MR-5819","EMDS Call","Medical Emergency","Joints Pain","2026/03/27 02:37:26 PM","Rahim Yar Khan"
"276290","Nida Rahat","DR-1322","EMDS Call","Fall","Fall From Roof","2026/03/27 02:47:01 PM","Rahim Yar Khan"
"276291","Aasia Batool","MR-5198","EMDS Call","Medical Emergency","Anxiety / Psychiatric Disorder","2026/03/27 02:47:47 PM","Rahim Yar Khan"
"276292","Nida Rahat","DR-1322","EMDS Call","Medical Emergency","High Fever","2026/03/27 02:49:41 PM","Khanpur"
"77369","Aasia Batool","MR-5198","Direct Call","Patient Transfer Service","N/A","2026/03/27 02:51:08 PM","Sadiqabad"
"77371","Saima Bashir","MR-5819","Direct Call","Patient Transfer Service","N/A","2026/03/27 02:55:31 PM","Khanpur"
"77370","Aasia Batool","MR-5198","Direct Call","Patient Transfer Service","N/A","2026/03/27 02:55:15 PM","Sadiqabad"
"276293","Aasia Batool","MR-5198","EMDS Call","Fire","Others","2026/03/27 02:58:27 PM","Sadiqabad"
"276294","Saima Bashir","MR-5819","EMDS Call","Medical Emergency","Joints Pain","2026/03/27 02:59:15 PM","Rahim Yar Khan"
"276295","Saima Bashir","MR-5819","EMDS Call","Medical Emergency","High Fever","2026/03/27 03:04:30 PM","Khanpur"
"276296","Saima Bashir","MR-5819","EMDS Call","Medical Emergency","Vertigo/ Dizziness","2026/03/27 03:15:36 PM","Rahim Yar Khan"
"276297","Saima Bashir","MR-5819","EMDS Call","Road Crash","Severe Trauma","2026/03/27 03:19:53 PM","Rahim Yar Khan"
"276298","Aasia Batool","MR-5198","EMDS Call","Road Crash","Minor Injuries","2026/03/27 03:21:24 PM","Rahim Yar Khan"
"276299","Nida Rahat","DR-1322","EMDS Call","Medical Emergency","Anxiety / Psychiatric Disorder","2026/03/27 03:28:01 PM","Rahim Yar Khan"
"276301","Nida Rahat","DR-1322","EMDS Call","Medical Emergency","Vertigo/ Dizziness","2026/03/27 03:37:21 PM","Rahim Yar Khan"
"276300","Aasia Batool","MR-5198","EMDS Call","Fall","Slipped On Floor","2026/03/27 03:38:00 PM","Sadiqabad"
"276302","Aasia Batool","MR-5198","EMDS Call","Medical Emergency","Abdominal Pain","2026/03/27 03:48:13 PM","Rahim Yar Khan"
"77372","Saima Bashir","MR-5819","Direct Call","Patient Transfer Service","N/A","2026/03/27 03:57:05 PM","Liaqatpur"
"276303","Aasia Batool","MR-5198","EMDS Call","Medical Emergency","Renal Disorders / Renal Colic ","2026/03/27 04:03:24 PM","Khanpur"
"77373","Saima Bashir","MR-5819","Direct Call","Patient Transfer Service","N/A","2026/03/27 04:07:23 PM","Liaqatpur"
"276304","Aasia Batool","MR-5198","EMDS Call","Medical Emergency","Vertigo/ Dizziness","2026/03/27 04:06:33 PM","Rahim Yar Khan"
"276305","Nida Rahat","DR-1322","EMDS Call","Medical Emergency","Abdominal Pain","2026/03/27 04:09:38 PM","Sadiqabad"
"276306","Aasia Batool","MR-5198","EMDS Call","Road Crash","Bleeding","2026/03/27 04:10:00 PM","Rahim Yar Khan"
"77374","Aasia Batool","MR-5198","Direct Call","Patient Transfer Service","N/A","2026/03/27 04:13:55 PM","Khanpur"
"276307","Saima Bashir","MR-5819","EMDS Call","Road Crash","Severe Trauma","2026/03/27 04:15:30 PM","Rahim Yar Khan"
"276307","Saima Bashir","MR-5819","EMDS Call","Road Crash","Severe Trauma","2026/03/27 04:15:30 PM","Rahim Yar Khan"
"77375","Nida Rahat","DR-1322","Direct Call","Patient Transfer Service","N/A","2026/03/27 04:18:17 PM","Khanpur"
"276308","Saima Bashir","MR-5819","EMDS Call","Medical Emergency","Vomiting","2026/03/27 04:21:29 PM","Liaqatpur"
"276309","Nida Rahat","DR-1322","EMDS Call","Medical Emergency","SOB/ Respiratory Distress","2026/03/27 04:23:36 PM","Sadiqabad"
"276310","Nida Rahat","DR-1322","EMDS Call","Medical Emergency","Vomiting","2026/03/27 04:29:19 PM","Rahim Yar Khan"
"276311","Saima Bashir","MR-5819","EMDS Call","Road Crash","Multiple Fractures","2026/03/27 04:31:43 PM","Rahim Yar Khan"
"276312","Aasia Batool","MR-5198","EMDS Call","Medical Emergency","SOB/ Respiratory Distress","2026/03/27 04:42:46 PM","Khanpur"
"276313","Saima Bashir","MR-5819","EMDS Call","Medical Emergency","Joints Pain","2026/03/27 04:42:55 PM","Rahim Yar Khan"
"276314","Saima Bashir","MR-5819","EMDS Call","Medical Emergency","Abdominal Pain","2026/03/27 04:47:12 PM","Khanpur"
"276315","Aasia Batool","MR-5198","EMDS Call","Medical Emergency","High Fever","2026/03/27 04:48:33 PM","Rahim Yar Khan"
"276316","Nida Rahat","DR-1322","EMDS Call","Medical Emergency","Hypertension","2026/03/27 04:50:06 PM","Rahim Yar Khan"
"276317","Aasia Batool","MR-5198","EMDS Call","Medical Emergency","SOB/ Respiratory Distress","2026/03/27 04:51:39 PM","Rahim Yar Khan"
"276318","Nida Rahat","DR-1322","EMDS Call","Medical Emergency","Anxiety / Psychiatric Disorder","2026/03/27 04:52:56 PM","Sadiqabad"
"276319","Aasia Batool","MR-5198","EMDS Call","Road Crash","Minor Injuries","2026/03/27 04:54:31 PM","Rahim Yar Khan"
"276320","Nida Rahat","DR-1322","EMDS Call","Road Crash","Multiple Fractures","2026/03/27 04:57:36 PM","Sadiqabad"
"276321","Aasia Batool","MR-5198","EMDS Call","Rescue Operations","Delivery Case","2026/03/27 04:57:17 PM","Khanpur"
"276322","Nida Rahat","DR-1322","EMDS Call","Medical Emergency","High Fever","2026/03/27 05:09:05 PM","Rahim Yar Khan"
"276323","Fahad Hussain","DR-538","EMDS Call","Rescue Operations","Delivery Case","2026/03/27 05:16:38 PM","Sadiqabad"
"276325","Saima Bashir","MR-5819","EMDS Call","Road Crash","Severe Trauma","2026/03/27 05:18:21 PM","Rahim Yar Khan"
"276324","Aasia Batool","MR-5198","EMDS Call","Medical Emergency","Backache","2026/03/27 05:18:02 PM","Sadiqabad"
"276326","Nida Rahat","DR-1322","EMDS Call","Medical Emergency","Vertigo/ Dizziness","2026/03/27 05:22:53 PM","Rahim Yar Khan"
"276327","Nida Rahat","DR-1322","EMDS Call","Medical Emergency","Hypertension","2026/03/27 05:25:23 PM","Rahim Yar Khan"
"276328","Saima Bashir","MR-5819","EMDS Call","Medical Emergency","Chronic Illness","2026/03/27 05:29:07 PM","Rahim Yar Khan"
"276329","Aasia Batool","MR-5198","EMDS Call","Road Crash","Multiple Fractures","2026/03/27 05:29:48 PM","Rahim Yar Khan"
"276330","Fahad Hussain","DR-538","EMDS Call","Medical Emergency","Domestic Injuries","2026/03/27 05:30:01 PM","Sadiqabad"
"276331","Fahad Hussain","DR-538","EMDS Call","Medical Emergency","Vomiting","2026/03/27 05:35:35 PM","Rahim Yar Khan"
"276332","Saima Bashir","MR-5819","EMDS Call","Road Crash","Minor Injuries","2026/03/27 05:48:39 PM","Rahim Yar Khan"
"276333","Saima Bashir","MR-5819","EMDS Call","Medical Emergency","Hypertension","2026/03/27 05:54:49 PM","Sadiqabad"
"276334","Saima Bashir","MR-5819","EMDS Call","Medical Emergency","Joints Pain","2026/03/27 05:58:24 PM","Rahim Yar Khan"
"276335","Aasia Batool","MR-5198","EMDS Call","Medical Emergency","SOB/ Respiratory Distress","2026/03/27 05:57:36 PM","Sadiqabad"
"276336","Aasia Batool","MR-5198","EMDS Call","Road Crash","Minor Injuries","2026/03/27 06:08:47 PM","Khanpur"
"276337","Nida Rahat","DR-1322","EMDS Call","Medical Emergency","Chest Pain","2026/03/27 06:09:55 PM","Khanpur"
"77376","Nida Rahat","DR-1322","Direct Call","Patient Transfer Service","N/A","2026/03/27 06:16:27 PM","Khanpur"
"276338","Saima Bashir","MR-5819","EMDS Call","Medical Emergency","High Fever","2026/03/27 06:15:08 PM","Liaqatpur"
"276339","Saima Bashir","MR-5819","EMDS Call","Medical Emergency","Chest Pain","2026/03/27 06:19:04 PM","Rahim Yar Khan"
"77377","Nida Rahat","DR-1322","Direct Call","Patient Transfer Service","N/A","2026/03/27 06:40:03 PM","Sadiqabad"
"276340","Aasia Batool","MR-5198","EMDS Call","Rescue Operations","Delivery Case","2026/03/27 06:37:19 PM","Rahim Yar Khan"
"276341","Saima Bashir","MR-5819","EMDS Call","Medical Emergency","SOB/ Respiratory Distress","2026/03/27 06:48:21 PM","Rahim Yar Khan"
"276342","Saima Bashir","MR-5819","EMDS Call","Medical Emergency","Domestic Injuries","2026/03/27 06:52:00 PM","Khanpur"
"276345","Nida Rahat","DR-1322","EMDS Call","Medical Emergency","Chest Pain","2026/03/27 06:53:05 PM","Rahim Yar Khan"
"276343","Nida Rahat","DR-1322","EMDS Call","Medical Emergency","Abdominal Pain","2026/03/27 06:59:06 PM","Rahim Yar Khan"
"276344","Fahad Hussain","DR-538","Direct Call","Road Crash","Severe Trauma","2026/03/27 07:00:18 PM","Rahim Yar Khan"
"276344","Fahad Hussain","DR-538","Direct Call","Road Crash","Severe Trauma","2026/03/27 07:00:18 PM","Rahim Yar Khan"
"276346","Aasia Batool","MR-5198","EMDS Call","Road Crash","Bleeding","2026/03/27 07:03:22 PM","Rahim Yar Khan"
"276346","Aasia Batool","MR-5198","EMDS Call","Road Crash","Bleeding","2026/03/27 07:03:22 PM","Rahim Yar Khan"
"276347","Aasia Batool","MR-5198","EMDS Call","Road Crash","Bleeding","2026/03/27 07:10:43 PM","Sadiqabad"
"276347","Aasia Batool","MR-5198","EMDS Call","Road Crash","Bleeding","2026/03/27 07:10:43 PM","Sadiqabad"
"276348","Nida Rahat","DR-1322","EMDS Call","Medical Emergency","Hypertension","2026/03/27 07:12:30 PM","Sadiqabad"
"276349","Saima Bashir","MR-5819","EMDS Call","Medical Emergency","Hypertension","2026/03/27 07:12:45 PM","Rahim Yar Khan"
"276350","Nida Rahat","DR-1322","EMDS Call","Road Crash","Bleeding","2026/03/27 07:17:55 PM","Sadiqabad"
"276351","Nida Rahat","DR-1322","EMDS Call","Road Crash","Bleeding","2026/03/27 07:23:21 PM","Rahim Yar Khan"
"276352","Nida Rahat","DR-1322","EMDS Call","Medical Emergency","Chest Pain","2026/03/27 07:24:40 PM","Rahim Yar Khan"
"276353","Saima Bashir","MR-5819","EMDS Call","Road Crash","Severe Trauma","2026/03/27 07:21:13 PM","Liaqatpur"
"276353","Saima Bashir","MR-5819","EMDS Call","Road Crash","Severe Trauma","2026/03/27 07:21:13 PM","Liaqatpur"
"276354","Nida Rahat","DR-1322","EMDS Call","Medical Emergency","Abdominal Pain","2026/03/27 07:28:41 PM","Sadiqabad"
"276355","Saima Bashir","MR-5819","EMDS Call","Medical Emergency","High Fever","2026/03/27 07:28:40 PM","Liaqatpur"
"276356","Nida Rahat","DR-1322","EMDS Call","Medical Emergency","Domestic Injuries","2026/03/27 07:39:10 PM","Rahim Yar Khan"
"276360","Nida Rahat","DR-1322","EMDS Call","Medical Emergency","Abdominal Pain","2026/03/27 07:41:24 PM","Liaqatpur"
"276357","Nida Rahat","DR-1322","EMDS Call","Medical Emergency","SOB/ Respiratory Distress","2026/03/27 07:45:43 PM","Rahim Yar Khan"
"276359","Aasia Batool","MR-5198","EMDS Call","Medical Emergency","Unconscious","2026/03/27 07:44:57 PM","Sadiqabad"
"276358","Saima Bashir","MR-5819","EMDS Call","Medical Emergency","SOB/ Respiratory Distress","2026/03/27 07:46:10 PM","Khanpur"
"276361","Saima Bashir","MR-5819","EMDS Call","Medical Emergency","Hypertension","2026/03/27 07:53:55 PM","Sadiqabad"
"276363","Saima Bashir","MR-5819","EMDS Call","Medical Emergency","Chronic Illness","2026/03/27 08:04:00 PM","Khanpur"
"276362","Fahad Hussain","DR-538","EMDS Call","Medical Emergency","High Fever","2026/03/27 08:04:11 PM","Khanpur"
"276364","Aasia Batool","MR-5198","EMDS Call","Medical Emergency","High Fever","2026/03/27 08:08:06 PM","Khanpur"
"276365","Fahad Hussain","DR-538","EMDS Call","Road Crash","Minor Injuries","2026/03/27 08:09:20 PM","Rahim Yar Khan"
"276366","Nida Rahat","DR-1322","EMDS Call","Road Crash","Bleeding","2026/03/27 08:09:22 PM","Sadiqabad"
"276366","Nida Rahat","DR-1322","EMDS Call","Road Crash","Bleeding","2026/03/27 08:09:22 PM","Sadiqabad"
"276367","Saima Bashir","MR-5819","EMDS Call","Medical Emergency","SOB/ Respiratory Distress","2026/03/27 08:08:00 PM","Rahim Yar Khan"
"276368","Nida Rahat","DR-1322","EMDS Call","Medical Emergency","Joints Pain","2026/03/27 08:15:43 PM","Sadiqabad"
"276369","Nida Rahat","DR-1322","EMDS Call","Medical Emergency","Joints Pain","2026/03/27 08:24:16 PM","Rahim Yar Khan"
"77378","Saima Bashir","MR-5819","Direct Call","Patient Transfer Service","N/A","2026/03/27 08:28:09 PM","Liaqatpur"
"276370","Saima Bashir","MR-5819","EMDS Call","Road Crash","Minor Injuries","2026/03/27 08:30:02 PM","Sadiqabad"
"276371","Saima Bashir","MR-5819","EMDS Call","Medical Emergency","Vomiting","2026/03/27 08:55:06 PM","Rahim Yar Khan"
"77379","Nida Rahat","DR-1322","Direct Call","Patient Transfer Service","N/A","2026/03/27 08:55:55 PM","Sadiqabad"
"276372","Muhammad Riaz","DR-654","EMDS Call","Medical Emergency","Abdominal Pain","2026/03/27 09:00:44 PM","Sadiqabad"
"276373","Bushra Saleem","MR-5701","EMDS Call","Medical Emergency","Hypertension","2026/03/27 09:02:30 PM","Rahim Yar Khan"
"276374","Muhammad Riaz","DR-654","EMDS Call","Medical Emergency","Hypertension","2026/03/27 09:02:32 PM","Rahim Yar Khan"
"276375","Muhammad Tariq Hameed","DR-885","EMDS Call","Medical Emergency","Renal Disorders / Renal Colic ","2026/03/27 09:02:17 PM","Sadiqabad"
"276376","Muhammad Tariq Hameed","DR-885","EMDS Call","Medical Emergency","High Fever","2026/03/27 09:06:18 PM","Rahim Yar Khan"
"276377","Muhammad Riaz","DR-654","EMDS Call","Medical Emergency","Vertigo/ Dizziness","2026/03/27 09:10:30 PM","Rahim Yar Khan"
"276378","Zupasha Zia","MR-5758","EMDS Call","Rescue Operations","Vehicle Extrication","2026/03/27 09:17:16 PM","Rahim Yar Khan"
"276379","Bushra Saleem","MR-5701","EMDS Call","Medical Emergency","Joints Pain","2026/03/27 09:19:43 PM","Khanpur"
"276380","Bushra Saleem","MR-5701","Direct Call","Medical Emergency","Abdominal Pain","2026/03/27 09:23:46 PM","Sadiqabad"
"276381","Zupasha Zia","MR-5758","EMDS Call","Medical Emergency","Joints Pain","2026/03/27 09:26:51 PM","Liaqatpur"
"276382","Muhammad Tariq Hameed","DR-885","EMDS Call","Medical Emergency","Anxiety / Psychiatric Disorder","2026/03/27 09:32:25 PM","Rahim Yar Khan"
"276383","Bushra Saleem","MR-5701","EMDS Call","Medical Emergency","Hypertension","2026/03/27 09:34:03 PM","Sadiqabad"
"276384","Muhammad Tariq Hameed","DR-885","EMDS Call","Medical Emergency","Hypertension","2026/03/27 09:47:25 PM","Khanpur"
"276385","Zupasha Zia","MR-5758","EMDS Call","Medical Emergency","Hypertension","2026/03/27 09:54:19 PM","Sadiqabad"
"276386","Bushra Saleem","MR-5701","EMDS Call","Medical Emergency","Abdominal Pain","2026/03/27 09:54:17 PM","Khanpur"
"276387","Muhammad Tariq Hameed","DR-885","EMDS Call","Medical Emergency","Abdominal Pain","2026/03/27 09:55:40 PM","Khanpur"
"77380","Bushra Saleem","MR-5701","Direct Call","Patient Transfer Service","N/A","2026/03/27 09:58:35 PM","Khanpur"
"77381","Bushra Saleem","MR-5701","Direct Call","Patient Transfer Service","N/A","2026/03/27 10:00:57 PM","Khanpur"
"276388","Bushra Saleem","MR-5701","Direct Call","Medical Emergency","Vomiting","2026/03/27 10:16:05 PM","Sadiqabad"
"276389","Muhammad Tariq Hameed","DR-885","EMDS Call","Medical Emergency","Domestic Injuries","2026/03/27 10:14:51 PM","Liaqatpur"
"276390","Sajid Mehmood","DR-914","EMDS Call","Medical Emergency","Headache","2026/03/27 10:28:15 PM","Rahim Yar Khan"
"276391","Muhammad Tariq Hameed","DR-885","EMDS Call","Medical Emergency","Joints Pain","2026/03/27 10:29:20 PM","Rahim Yar Khan"
"276392","Sajid Mehmood","DR-914","EMDS Call","Medical Emergency","Vomiting","2026/03/27 10:32:06 PM","Rahim Yar Khan"
"276393","Zupasha Zia","MR-5758","EMDS Call","Medical Emergency","Anxiety / Psychiatric Disorder","2026/03/27 10:32:02 PM","Rahim Yar Khan"
"276394","Bushra Saleem","MR-5701","EMDS Call","Medical Emergency","Abdominal Pain","2026/03/27 10:55:22 PM","Rahim Yar Khan"
"276395","Zupasha Zia","MR-5758","EMDS Call","Medical Emergency","Anxiety / Psychiatric Disorder","2026/03/27 10:57:21 PM","Khanpur"
"276396","Muhammad Fiaz","DR-206","EMDS Call","Medical Emergency","Unconscious","2026/03/27 10:57:26 PM","Khanpur"
"276397","Bushra Saleem","MR-5701","EMDS Call","Medical Emergency","SOB/ Respiratory Distress","2026/03/27 10:59:48 PM","Rahim Yar Khan"
"276398","Muhammad Fiaz","DR-206","EMDS Call","Medical Emergency","SOB/ Respiratory Distress","2026/03/27 11:00:40 PM","Rahim Yar Khan"
"276399","Muhammad Fiaz","DR-206","EMDS Call","Medical Emergency","Joints Pain","2026/03/27 11:03:45 PM","Rahim Yar Khan"
"276400","Bushra Saleem","MR-5701","EMDS Call","Fire","Gas Leakage","2026/03/27 11:11:29 PM","Khanpur"
"77382","Muhammad Fiaz","DR-206","Direct Call","Patient Transfer Service","N/A","2026/03/27 11:19:07 PM","Sadiqabad"
"77383","Muhammad Fiaz","DR-206","Direct Call","Patient Transfer Service","N/A","2026/03/27 11:26:11 PM","Sadiqabad"
"276401","Zupasha Zia","MR-5758","EMDS Call","Medical Emergency","Vomiting","2026/03/27 11:47:21 PM","Rahim Yar Khan"
"276402","Muhammad Fiaz","DR-206","EMDS Call","Medical Emergency","Vertigo/ Dizziness","2026/03/27 11:50:43 PM","Rahim Yar Khan"
"276403","Bushra Saleem","MR-5701","EMDS Call","Road Crash","Minor Injuries","2026/03/27 11:56:21 PM","Rahim Yar Khan"
"276404","Zupasha Zia","MR-5758","EMDS Call","Medical Emergency","Epilepsy","2026/03/27 11:59:21 PM","Khanpur"
"77384","Bushra Saleem","MR-5701","Direct Call","Patient Transfer Service","N/A","2026/03/28 12:05:59 AM","Sadiqabad"
"276405","Zupasha Zia","MR-5758","EMDS Call","Medical Emergency","SOB/ Respiratory Distress","2026/03/28 12:05:00 AM","Khanpur"
"276406","Muhammad Fiaz","DR-206","EMDS Call","Medical Emergency","SOB/ Respiratory Distress","2026/03/28 12:06:48 AM","Rahim Yar Khan"
"276407","Muhammad Fiaz","DR-206","EMDS Call","Medical Emergency","Headache","2026/03/28 12:09:55 AM","Khanpur"
"276408","Muhammad Tariq Hameed","DR-885","EMDS Call","Medical Emergency","Abdominal Pain","2026/03/28 12:11:37 AM","Liaqatpur"
"276409","Zupasha Zia","MR-5758","EMDS Call","Medical Emergency","Vertigo/ Dizziness","2026/03/28 12:26:21 AM","Rahim Yar Khan"
"276410","Muhammad Fiaz","DR-206","EMDS Call","Medical Emergency","Gynae Problem","2026/03/28 12:28:53 AM","Rahim Yar Khan"
"276411","Zupasha Zia","MR-5758","EMDS Call","Medical Emergency","Joints Pain","2026/03/28 12:34:03 AM","Rahim Yar Khan"
"276412","Muhammad Fiaz","DR-206","EMDS Call","Medical Emergency","High Fever","2026/03/28 12:37:47 AM","Sadiqabad"
"77385","Muhammad Fiaz","DR-206","Direct Call","Patient Transfer Service","N/A","2026/03/28 12:42:35 AM","Khanpur"
"276413","Muhammad Tariq Hameed","DR-885","EMDS Call","Road Crash","Severe Trauma","2026/03/28 12:44:30 AM","Rahim Yar Khan"
"276414","Muhammad Fiaz","DR-206","EMDS Call","Rescue Operations","Delivery Case","2026/03/28 12:52:34 AM","Rahim Yar Khan"
"276415","Zupasha Zia","MR-5758","EMDS Call","Medical Emergency","Anxiety / Psychiatric Disorder","2026/03/28 12:55:14 AM","Rahim Yar Khan"
"276416","Muhammad Fiaz","DR-206","EMDS Call","Rescue Operations","Delivery Case","2026/03/28 12:57:14 AM","Rahim Yar Khan"
"276417","Zupasha Zia","MR-5758","EMDS Call","Medical Emergency","High Fever","2026/03/28 12:59:51 AM","Liaqatpur"
"276418","Muhammad Fiaz","DR-206","EMDS Call","Medical Emergency","Abdominal Pain","2026/03/28 01:06:54 AM","Rahim Yar Khan"
"276419","Muhammad Tariq Hameed","DR-885","EMDS Call","Medical Emergency","SOB/ Respiratory Distress","2026/03/28 01:09:54 AM","Khanpur"
"276420","Muhammad Tariq Hameed","DR-885","EMDS Call","Medical Emergency","Anxiety / Psychiatric Disorder","2026/03/28 01:17:57 AM","Rahim Yar Khan"
"276421","Muhammad Fiaz","DR-206","EMDS Call","Crime","Bullet Injury","2026/03/28 01:19:41 AM","Khanpur"
"276422","Muhammad Tariq Hameed","DR-885","EMDS Call","Rescue Operations","Delivery Case","2026/03/28 01:41:33 AM","Khanpur"
"276423","Zupasha Zia","MR-5758","EMDS Call","Medical Emergency","Unconscious","2026/03/28 01:48:03 AM","Rahim Yar Khan"
"276424","Muhammad Fiaz","DR-206","EMDS Call","Medical Emergency","SOB/ Respiratory Distress","2026/03/28 01:53:08 AM","Rahim Yar Khan"
"276425","Muhammad Tariq Hameed","DR-885","EMDS Call","Medical Emergency","Anxiety / Psychiatric Disorder","2026/03/28 02:13:29 AM","Rahim Yar Khan"
"276426","Muhammad Tariq Hameed","DR-885","EMDS Call","Medical Emergency","Gynae Problem","2026/03/28 02:22:06 AM","Rahim Yar Khan"
"276427","Zupasha Zia","MR-5758","EMDS Call","Medical Emergency","Joints Pain","2026/03/28 02:25:36 AM","Rahim Yar Khan"
"276428","Muhammad Tariq Hameed","DR-885","EMDS Call","Medical Emergency","Abdominal Pain","2026/03/28 02:41:59 AM","Liaqatpur"
"276429","Zupasha Zia","MR-5758","EMDS Call","Medical Emergency","Anxiety / Psychiatric Disorder","2026/03/28 02:52:11 AM","Rahim Yar Khan"
"276430","Muhammad Fiaz","DR-206","EMDS Call","Medical Emergency","Epistaxis/ Nosebleed","2026/03/28 02:53:36 AM","Rahim Yar Khan"
"276431","Zupasha Zia","MR-5758","EMDS Call","Medical Emergency","Abdominal Pain","2026/03/28 03:07:31 AM","Rahim Yar Khan"
"276433","Muhammad Tariq Hameed","DR-885","EMDS Call","Medical Emergency","Anxiety / Psychiatric Disorder","2026/03/28 03:20:20 AM","Rahim Yar Khan"
"276432","Zupasha Zia","MR-5758","EMDS Call","Medical Emergency","Vomiting","2026/03/28 03:23:22 AM","Liaqatpur"
"276434","Muhammad Fiaz","DR-206","EMDS Call","Medical Emergency","High Fever","2026/03/28 03:32:18 AM","Sadiqabad"
"276435","Sajid Mehmood","DR-914","EMDS Call","Medical Emergency","Diabetic","2026/03/28 03:40:25 AM","Rahim Yar Khan"
"276436","Muhammad Fiaz","DR-206","EMDS Call","Medical Emergency","Chest Pain","2026/03/28 03:47:54 AM","Rahim Yar Khan"
"276437","Sajid Mehmood","DR-914","EMDS Call","Medical Emergency","High Fever","2026/03/28 04:01:35 AM","Rahim Yar Khan"
"276438","Muhammad Fiaz","DR-206","EMDS Call","Medical Emergency","Abdominal Pain","2026/03/28 04:11:48 AM","Rahim Yar Khan"
"276439","Sajid Mehmood","DR-914","EMDS Call","Medical Emergency","Joints Pain","2026/03/28 04:14:44 AM","Rahim Yar Khan"
"276440","Muhammad Fiaz","DR-206","EMDS Call","Medical Emergency","Cardiac Arrest","2026/03/28 04:21:08 AM","Rahim Yar Khan"
"276441","Bushra Saleem","MR-5701","EMDS Call","Medical Emergency","Unconscious","2026/03/28 04:34:05 AM","Rahim Yar Khan"
"276442","Muhammad Fiaz","DR-206","EMDS Call","Medical Emergency","SOB/ Respiratory Distress","2026/03/28 04:37:46 AM","Khanpur"
"276443","Sajid Mehmood","DR-914","EMDS Call","Medical Emergency","Chest Pain","2026/03/28 05:12:53 AM","Rahim Yar Khan"
"276444","Sajid Mehmood","DR-914","EMDS Call","Medical Emergency","Diabetic","2026/03/28 05:43:25 AM","Sadiqabad"
"276445","Bushra Saleem","MR-5701","EMDS Call","Medical Emergency","SOB/ Respiratory Distress","2026/03/28 05:45:20 AM","Rahim Yar Khan"
"276446","Muhammad Fiaz","DR-206","EMDS Call","Medical Emergency","SOB/ Respiratory Distress","2026/03/28 05:47:59 AM","Rahim Yar Khan"
"276447","Sajid Mehmood","DR-914","EMDS Call","Medical Emergency","Abdominal Pain","2026/03/28 05:54:51 AM","Rahim Yar Khan"
"276448","Bushra Saleem","MR-5701","EMDS Call","Medical Emergency","Unconscious","2026/03/28 05:55:43 AM","Rahim Yar Khan"
"276449","Muhammad Fiaz","DR-206","EMDS Call","Rescue Operations","Delivery Case","2026/03/28 06:05:51 AM","Liaqatpur"
"276450","Sajid Mehmood","DR-914","EMDS Call","Medical Emergency","Chest Pain","2026/03/28 06:26:26 AM","Rahim Yar Khan"
"276451","Bushra Saleem","MR-5701","EMDS Call","Rescue Operations","Delivery Case","2026/03/28 06:35:58 AM","Sadiqabad"
"276452","Muhammad Fiaz","DR-206","EMDS Call","Medical Emergency","Vomiting","2026/03/28 06:37:56 AM","Sadiqabad"
"276453","Sajid Mehmood","DR-914","EMDS Call","Medical Emergency","Unconscious","2026/03/28 06:40:41 AM","Rahim Yar Khan"
"77386","Bushra Saleem","MR-5701","Direct Call","Patient Transfer Service","N/A","2026/03/28 07:11:03 AM","Khanpur"
"276454","Zupasha Zia","MR-5758","EMDS Call","Medical Emergency","Hypertension","2026/03/28 07:21:31 AM","Rahim Yar Khan"
"276455","Sajid Mehmood","DR-914","EMDS Call","Rescue Operations","Electric Shock","2026/03/28 07:22:40 AM","Sadiqabad"
"276456","Sajid Mehmood","DR-914","EMDS Call","Medical Emergency","Renal Disorders / Renal Colic ","2026/03/28 07:26:42 AM","Sadiqabad"
"276457","Muhammad Zahid","DR-888","EMDS Call","Medical Emergency","Abdominal Pain","2026/03/28 07:52:56 AM","Rahim Yar Khan"
"276458","Saima Bashir","MR-5819","EMDS Call","Medical Emergency","Joints Pain","2026/03/28 07:55:03 AM","Rahim Yar Khan"
"276459","Saima Bashir","MR-5819","EMDS Call","Road Crash","Bleeding","2026/03/28 07:59:18 AM","Sadiqabad"
"276460","Saima Bashir","MR-5819","EMDS Call","Medical Emergency","Diabetic","2026/03/28 08:05:08 AM","Khanpur"
"276461","Nida Rahat","DR-1322","EMDS Call","Medical Emergency","Hypertension","2026/03/28 08:10:13 AM","Rahim Yar Khan"
"276462","Saima Bashir","MR-5819","EMDS Call","Medical Emergency","Gynae Problem","2026/03/28 08:15:37 AM","Rahim Yar Khan"
"276463","Shahla Nawaz","DR-185","EMDS Call","Medical Emergency","SOB/ Respiratory Distress","2026/03/28 08:16:24 AM","Khanpur"
"276464","Saima Bashir","MR-5819","EMDS Call","Medical Emergency","Hypertension","2026/03/28 08:20:22 AM","Rahim Yar Khan"
"276465","Saima Bashir","MR-5819","EMDS Call","Medical Emergency","Abdominal Pain","2026/03/28 08:27:01 AM","Sadiqabad"
"276466","Adnan Shabbir","DR-205","EMDS Call","Rescue Operations","Delivery Case","2026/03/28 08:28:32 AM","Rahim Yar Khan"
"276468","Saima Bashir","MR-5819","EMDS Call","Medical Emergency","Unconscious","2026/03/28 08:30:56 AM","Sadiqabad"
"276467","Adnan Shabbir","DR-205","EMDS Call","Road Crash","Bleeding","2026/03/28 08:32:35 AM","Sadiqabad"
"276469","Saima Bashir","MR-5819","EMDS Call","Medical Emergency","Vertigo/ Dizziness","2026/03/28 08:44:31 AM","Rahim Yar Khan"
"276470","Nida Rahat","DR-1322","EMDS Call","Medical Emergency","Vertigo/ Dizziness","2026/03/28 08:49:13 AM","Rahim Yar Khan"
"276471","Shahla Nawaz","DR-185","EMDS Call","Road Crash","Bleeding","2026/03/28 08:56:51 AM","Rahim Yar Khan"
"276472","Saima Bashir","MR-5819","EMDS Call","Medical Emergency","Vertigo/ Dizziness","2026/03/28 09:00:26 AM","Rahim Yar Khan"
"276473","Adnan Shabbir","DR-205","EMDS Call","Medical Emergency","Joints Pain","2026/03/28 09:02:39 AM","Sadiqabad"
"276474","Nida Rahat","DR-1322","EMDS Call","Medical Emergency","Gynae Problem","2026/03/28 09:13:49 AM","Sadiqabad"
"276475","Adnan Shabbir","DR-205","EMDS Call","Medical Emergency","Chest Pain","2026/03/28 09:21:55 AM","Sadiqabad"
"276476","Yasir Ilyas","DR-893","EMDS Call","Medical Emergency","SOB/ Respiratory Distress","2026/03/28 09:26:55 AM","Liaqatpur"
"77387","Saima Bashir","MR-5819","Direct Call","Patient Transfer Service","N/A","2026/03/28 09:28:51 AM","Sadiqabad"
"276477","Yasir Ilyas","DR-893","Direct Call","Medical Emergency","Abdominal Pain","2026/03/28 09:32:13 AM","Rahim Yar Khan"
"276478","Yasir Ilyas","DR-893","EMDS Call","Medical Emergency","Unconscious","2026/03/28 09:37:00 AM","Rahim Yar Khan"
"276479","Saima Bashir","MR-5819","EMDS Call","Medical Emergency","Backache","2026/03/28 09:37:19 AM","Rahim Yar Khan"
"276480","Yasir Ilyas","DR-893","EMDS Call","Medical Emergency","Vomiting","2026/03/28 09:39:42 AM","Rahim Yar Khan"
"276481","Saima Bashir","MR-5819","EMDS Call","Medical Emergency","High Fever","2026/03/28 09:40:15 AM","Rahim Yar Khan"
"77388","Yasir Ilyas","DR-893","Direct Call","Patient Transfer Service","N/A","2026/03/28 09:44:54 AM","Sadiqabad"
"77389","Saima Bashir","MR-5819","Direct Call","Patient Transfer Service","N/A","2026/03/28 09:46:07 AM","Liaqatpur"
"276482","Saima Bashir","MR-5819","EMDS Call","Medical Emergency","Domestic Injuries","2026/03/28 09:47:10 AM","Khanpur"
"276483","Yasir Ilyas","DR-893","EMDS Call","Medical Emergency","High Fever","2026/03/28 09:52:04 AM","Liaqatpur"
"276484","Adnan Shabbir","DR-205","EMDS Call","Medical Emergency","Chest Pain","2026/03/28 09:53:07 AM","Rahim Yar Khan"
"276485","Saima Bashir","MR-5819","EMDS Call","Medical Emergency","Abdominal Pain","2026/03/28 09:57:34 AM","Rahim Yar Khan"
"276486","Adnan Shabbir","DR-205","EMDS Call","Rescue Operations","Delivery Case","2026/03/28 10:00:51 AM","Sadiqabad"
"276487","Nida Rahat","DR-1322","EMDS Call","Medical Emergency","Epilepsy","2026/03/28 10:10:07 AM","Khanpur"
"276488","Nida Rahat","DR-1322","EMDS Call","Medical Emergency","Hypertension","2026/03/28 10:14:17 AM","Khanpur"
"276489","Saima Bashir","MR-5819","EMDS Call","Medical Emergency","Hypertension","2026/03/28 10:15:51 AM","Liaqatpur"
"276490","Saima Bashir","MR-5819","EMDS Call","Medical Emergency","Hypotension","2026/03/28 10:22:32 AM","Sadiqabad"
"276491","Saima Bashir","MR-5819","EMDS Call","Medical Emergency","Backache","2026/03/28 10:26:59 AM","Sadiqabad"
"276492","Yasir Ilyas","DR-893","EMDS Call","Medical Emergency","Anxiety / Psychiatric Disorder","2026/03/28 10:28:04 AM","Rahim Yar Khan"
"276493","Nida Rahat","DR-1322","EMDS Call","Rescue Operations","Delivery Case","2026/03/28 10:34:15 AM","Liaqatpur"
"276494","Yasir Ilyas","DR-893","EMDS Call","Road Crash","Minor Injuries","2026/03/28 10:41:09 AM","Rahim Yar Khan"
"77390","Imran Anjum","DR-204","Direct Call","Patient Transfer Service","N/A","2026/03/28 10:42:43 AM","Sadiqabad"
"77391","Saima Bashir","MR-5819","Direct Call","Patient Transfer Service","N/A","2026/03/28 10:47:55 AM","Khanpur"
"276495","Saima Bashir","MR-5819","EMDS Call","Medical Emergency","SOB/ Respiratory Distress","2026/03/28 10:49:13 AM","Rahim Yar Khan"
"276496","Saima Bashir","MR-5819","EMDS Call","Medical Emergency","Joints Pain","2026/03/28 10:54:58 AM","Sadiqabad"
"276497","Imran Anjum","DR-204","EMDS Call","Medical Emergency","Anxiety / Psychiatric Disorder","2026/03/28 11:01:47 AM","Sadiqabad"
"Not Assigned","Yasir Ilyas","DR-893","Direct Call","High Raised Building Inspection","High Raised Building Inspection","2026/03/28 11:04:21 AM","Rahim Yar Khan"
"276498","Yasir Ilyas","DR-893","EMDS Call","Medical Emergency","Renal Disorders / Renal Colic ","2026/03/28 11:10:19 AM","Liaqatpur"
"276499","Saima Bashir","MR-5819","EMDS Call","Medical Emergency","High Fever","2026/03/28 11:11:35 AM","Sadiqabad"
"276500","Imran Anjum","DR-204","EMDS Call","Medical Emergency","SOB/ Respiratory Distress","2026/03/28 11:25:46 AM","Sadiqabad"
"276501","Saima Bashir","MR-5819","EMDS Call","Road Crash","Minor Injuries","2026/03/28 11:26:16 AM","Khanpur"
"276502","Imran Anjum","DR-204","EMDS Call","Rescue Operations","Snake Emergency","2026/03/28 11:33:55 AM","Khanpur"
"276503","Imran Anjum","DR-204","EMDS Call","Road Crash","Multiple Fractures","2026/03/28 11:40:19 AM","Liaqatpur"
"276504","Yasir Ilyas","DR-893","EMDS Call","Medical Emergency","Hypotension","2026/03/28 11:41:27 AM","Rahim Yar Khan"
"276505","Saima Bashir","MR-5819","EMDS Call","Road Crash","Bleeding","2026/03/28 11:44:46 AM","Khanpur"
"276506","Yasir Ilyas","DR-893","EMDS Call","Medical Emergency","Unconscious","2026/03/28 11:46:05 AM","Rahim Yar Khan"
"276507","Imran Anjum","DR-204","EMDS Call","Fire","Wheat Fire","2026/03/28 11:59:52 AM","Sadiqabad"
"276508","Yasir Ilyas","DR-893","EMDS Call","Medical Emergency","High Fever","2026/03/28 12:03:51 PM","Sadiqabad"
"276509","Imran Anjum","DR-204","EMDS Call","Road Crash","Minor Injuries","2026/03/28 12:04:40 PM","Rahim Yar Khan"
"276510","Imran Anjum","DR-204","EMDS Call","Medical Emergency","Anxiety / Psychiatric Disorder","2026/03/28 12:08:29 PM","Rahim Yar Khan"
"276511","Imran Anjum","DR-204","EMDS Call","Medical Emergency","Joints Pain","2026/03/28 12:16:04 PM","Rahim Yar Khan"
"276512","Adnan Shabbir","DR-205","EMDS Call","Medical Emergency","Abdominal Pain","2026/03/28 12:31:57 PM","Khanpur"
"276515","Yasir Ilyas","DR-893","EMDS Call","Road Crash","Severe Trauma","2026/03/28 12:34:56 PM","Liaqatpur"
"276513","Saima Bashir","MR-5819","EMDS Call","Medical Emergency","Domestic Injuries","2026/03/28 12:37:40 PM","Rahim Yar Khan"
"276514","Adnan Shabbir","DR-205","EMDS Call","Road Crash","Minor Injuries","2026/03/28 12:40:17 PM","Rahim Yar Khan"
"276516","Imran Anjum","DR-204","EMDS Call","Medical Emergency","Hypertension","2026/03/28 12:39:39 PM","Sadiqabad"
"276517","Saima Bashir","MR-5819","EMDS Call","Road Crash","Bleeding","2026/03/28 12:43:34 PM","Khanpur"
"276518","Adnan Shabbir","DR-205","EMDS Call","Medical Emergency","Diarrhea","2026/03/28 12:51:11 PM","Rahim Yar Khan"
"276519","Adnan Shabbir","DR-205","EMDS Call","Rescue Operations","Delivery Case","2026/03/28 12:55:42 PM","Rahim Yar Khan"
"276520","Nida Rahat","DR-1322","EMDS Call","Medical Emergency","Anxiety / Psychiatric Disorder","2026/03/28 12:55:32 PM","Rahim Yar Khan"
"276521","Imran Anjum","DR-204","EMDS Call","Road Crash","Bleeding","2026/03/28 12:56:25 PM","Sadiqabad"
"77392","Saima Bashir","MR-5819","Direct Call","Patient Transfer Service","N/A","2026/03/28 12:58:41 PM","Sadiqabad"
"276522","Imran Anjum","DR-204","EMDS Call","Road Crash","Minor Injuries","2026/03/28 12:58:24 PM","Rahim Yar Khan"
"276523","Nida Rahat","DR-1322","EMDS Call","Fall","Fall From Roof","2026/03/28 01:03:54 PM","Sadiqabad"
"276524","Nida Rahat","DR-1322","EMDS Call","Medical Emergency","Chest Pain","2026/03/28 01:08:04 PM","Rahim Yar Khan"
"276525","Adnan Shabbir","DR-205","EMDS Call","Medical Emergency","Abdominal Pain","2026/03/28 01:13:15 PM","Rahim Yar Khan"
"276526","Saima Bashir","MR-5819","EMDS Call","Medical Emergency","Hypertension","2026/03/28 01:14:35 PM","Rahim Yar Khan"
"77393","Nida Rahat","DR-1322","Direct Call","Patient Transfer Service","N/A","2026/03/28 01:16:46 PM","Liaqatpur"
"276527","Adnan Shabbir","DR-205","EMDS Call","Medical Emergency","Diabetic","2026/03/28 01:17:44 PM","Sadiqabad"
"276528","Imran Anjum","DR-204","EMDS Call","Medical Emergency","Unconscious","2026/03/28 01:17:32 PM","Sadiqabad"
"276529","Imran Anjum","DR-204","EMDS Call","Medical Emergency","Vomiting","2026/03/28 01:25:21 PM","Khanpur"
"77394","Yasir Ilyas","DR-893","EMDS Call","Patient Transfer Service","N/A","2026/03/28 01:34:58 PM","Sadiqabad"
"276530","Saima Bashir","MR-5819","EMDS Call","Medical Emergency","Hypertension","2026/03/28 01:40:50 PM","Rahim Yar Khan"
"276531","Saima Bashir","MR-5819","EMDS Call","Road Crash","Bleeding","2026/03/28 02:03:35 PM","Sadiqabad"
"276532","Yasir Ilyas","DR-893","EMDS Call","Medical Emergency","Joints Pain","2026/03/28 02:04:45 PM","Rahim Yar Khan"
"276533","Adnan Shabbir","DR-205","EMDS Call","Medical Emergency","Anxiety / Psychiatric Disorder","2026/03/28 02:07:24 PM","Rahim Yar Khan"
"276534","Imran Anjum","DR-204","EMDS Call","Road Crash","Severe Trauma","2026/03/28 02:09:14 PM","Khanpur"
"276535","Adnan Shabbir","DR-205","EMDS Call","Road Crash","Bleeding","2026/03/28 02:10:45 PM","Rahim Yar Khan"
"77395","Aasia Batool","MR-5198","Direct Call","Patient Transfer Service","N/A","2026/03/28 02:19:17 PM","Sadiqabad"
"77396","Aasia Batool","MR-5198","Direct Call","Patient Transfer Service","N/A","2026/03/28 02:28:20 PM","Sadiqabad"
"276536","Adnan Shabbir","DR-205","EMDS Call","Medical Emergency","Chest Pain","2026/03/28 02:28:20 PM","Rahim Yar Khan"
"276538","Sheeza Barkat","MR-5331","EMDS Call","Road Crash","Bleeding","2026/03/28 02:44:21 PM","Rahim Yar Khan"
"276537","Farah Sadaqat","MR-5930","EMDS Call","Medical Emergency","Vomiting","2026/03/28 02:44:33 PM","Rahim Yar Khan"
"77397","Aasia Batool","MR-5198","Direct Call","Patient Transfer Service","N/A","2026/03/28 02:51:41 PM","Khanpur"
"276539","Sheeza Barkat","MR-5331","EMDS Call","Road Crash","Minor Injuries","2026/03/28 02:52:15 PM","Rahim Yar Khan"
"276540","Adnan Shabbir","DR-205","EMDS Call","Medical Emergency","Abdominal Pain","2026/03/28 02:57:02 PM","Sadiqabad"
"77398","Aasia Batool","MR-5198","Direct Call","Patient Transfer Service","N/A","2026/03/28 02:57:56 PM","Sadiqabad"
"276541","Farah Sadaqat","MR-5930","EMDS Call","Road Crash","Severe Trauma","2026/03/28 02:56:58 PM","Sadiqabad"
"77399","Sheeza Barkat","MR-5331","Direct Call","Patient Transfer Service","N/A","2026/03/28 03:08:46 PM","Sadiqabad"
"276542","Sheeza Barkat","MR-5331","EMDS Call","Medical Emergency","Diabetic","2026/03/28 03:16:12 PM","Rahim Yar Khan"
"77400","Sheeza Barkat","MR-5331","Direct Call","Patient Transfer Service","N/A","2026/03/28 03:23:42 PM","Sadiqabad"
"276543","Farah Sadaqat","MR-5930","EMDS Call","Medical Emergency","Anxiety / Psychiatric Disorder","2026/03/28 03:33:56 PM","Liaqatpur"
"276544","Aasia Batool","MR-5198","EMDS Call","Medical Emergency","Anxiety / Psychiatric Disorder","2026/03/28 03:36:27 PM","Rahim Yar Khan"
"276545","Aasia Batool","MR-5198","EMDS Call","Medical Emergency","Chest Pain","2026/03/28 03:42:03 PM","Rahim Yar Khan"
"276546","Sheeza Barkat","MR-5331","EMDS Call","Medical Emergency","Diabetic","2026/03/28 03:45:15 PM","Sadiqabad"
"276547","Farah Sadaqat","MR-5930","EMDS Call","Road Crash","Severe Trauma","2026/03/28 03:52:43 PM","Rahim Yar Khan"
"276548","Zia ul Haq","DR-328","EMDS Call","Medical Emergency","Vomiting","2026/03/28 03:57:06 PM","Rahim Yar Khan"
"276549","Maheen Tahir","MR-6017","EMDS Call","Medical Emergency","Joints Pain","2026/03/28 03:59:32 PM","Rahim Yar Khan"
"276550","Maheen Tahir","MR-6017","EMDS Call","Medical Emergency","Diabetic","2026/03/28 04:03:16 PM","Sadiqabad"
"276551","Maheen Tahir","MR-6017","EMDS Call","Medical Emergency","Anxiety / Psychiatric Disorder","2026/03/28 04:24:02 PM","Rahim Yar Khan"
"276552","Farah Sadaqat","MR-5930","EMDS Call","Medical Emergency","Anxiety / Psychiatric Disorder","2026/03/28 04:25:28 PM","Rahim Yar Khan"
"276553","Farah Sadaqat","MR-5930","EMDS Call","Medical Emergency","Hypertension","2026/03/28 04:31:48 PM","Sadiqabad"
"276554","Aasia Batool","MR-5198","EMDS Call","Road Crash","Minor Injuries","2026/03/28 04:32:57 PM","Sadiqabad"
"276555","Farah Sadaqat","MR-5930","EMDS Call","Medical Emergency","Domestic Injuries","2026/03/28 04:35:35 PM","Rahim Yar Khan"
"276556","Zia ul Haq","DR-328","EMDS Call","Medical Emergency","Vomiting","2026/03/28 04:37:10 PM","Rahim Yar Khan"
"276557","Maheen Tahir","MR-6017","EMDS Call","Medical Emergency","Chronic Illness","2026/03/28 04:41:49 PM","Khanpur"
"276558","Farah Sadaqat","MR-5930","EMDS Call","Medical Emergency","CVA/Stroke","2026/03/28 04:44:47 PM","Rahim Yar Khan"
"276559","Aasia Batool","MR-5198","EMDS Call","Fire","Others","2026/03/28 04:49:02 PM","Khanpur"
"276560","Maheen Tahir","MR-6017","EMDS Call","Road Crash","Minor Injuries","2026/03/28 04:53:31 PM","Rahim Yar Khan"
"276562","Aasia Batool","MR-5198","EMDS Call","Road Crash","Bleeding","2026/03/28 04:53:04 PM","Rahim Yar Khan"
"276561","Sheeza Barkat","MR-5331","EMDS Call","Road Crash","Bleeding","2026/03/28 04:57:29 PM","Rahim Yar Khan"
"276563","Zia ul Haq","DR-328","EMDS Call","Medical Emergency","High Fever","2026/03/28 05:03:18 PM","Rahim Yar Khan"
"276564","Zia ul Haq","DR-328","EMDS Call","Medical Emergency","Domestic Injuries","2026/03/28 05:08:54 PM","Rahim Yar Khan"
"77402","Aasia Batool","MR-5198","Direct Call","Patient Transfer Service","N/A","2026/03/28 05:16:47 PM","Liaqatpur"
"77401","Maheen Tahir","MR-6017","Direct Call","Patient Transfer Service","N/A","2026/03/28 05:17:25 PM","Khanpur"
"276565","Farah Sadaqat","MR-5930","EMDS Call","Medical Emergency","SOB/ Respiratory Distress","2026/03/28 05:19:05 PM","Sadiqabad"
"77403","Maheen Tahir","MR-6017","Direct Call","Patient Transfer Service","N/A","2026/03/28 05:36:22 PM","Sadiqabad"
"276566","Zia ul Haq","DR-328","EMDS Call","Medical Emergency","Joints Pain","2026/03/28 05:40:35 PM","Rahim Yar Khan"
"276567","Maheen Tahir","MR-6017","EMDS Call","Medical Emergency","Vomiting","2026/03/28 05:43:45 PM","Rahim Yar Khan"
"77404","Maheen Tahir","MR-6017","Direct Call","Patient Transfer Service","N/A","2026/03/28 05:48:30 PM","Sadiqabad"
"276568","Sheeza Barkat","MR-5331","EMDS Call","Medical Emergency","Abdominal Pain","2026/03/28 05:51:53 PM","Rahim Yar Khan"
"276569","Maheen Tahir","MR-6017","EMDS Call","Medical Emergency","SOB/ Respiratory Distress","2026/03/28 05:52:28 PM","Liaqatpur"
"276570","Sheeza Barkat","MR-5331","EMDS Call","Medical Emergency","Anxiety / Psychiatric Disorder","2026/03/28 05:57:59 PM","Sadiqabad"
"276571","Sheeza Barkat","MR-5331","EMDS Call","Road Crash","Bleeding","2026/03/28 06:01:34 PM","Rahim Yar Khan"
"276572","Maheen Tahir","MR-6017","EMDS Call","Road Crash","Bleeding","2026/03/28 06:06:59 PM","Liaqatpur"
"276573","Aasia Batool","MR-5198","EMDS Call","Road Crash","Bleeding","2026/03/28 06:07:09 PM","Rahim Yar Khan"
"276574","Maheen Tahir","MR-6017","EMDS Call","Medical Emergency","Chronic Illness","2026/03/28 06:09:07 PM","Khanpur"
"276575","Maheen Tahir","MR-6017","EMDS Call","Medical Emergency","Diabetic","2026/03/28 06:12:30 PM","Khanpur"
"276576","Aasia Batool","MR-5198","EMDS Call","Medical Emergency","Diabetic","2026/03/28 06:14:23 PM","Rahim Yar Khan"
"276577","Maheen Tahir","MR-6017","EMDS Call","Medical Emergency","Anxiety / Psychiatric Disorder","2026/03/28 06:18:33 PM","Khanpur"
"276578","Farah Sadaqat","MR-5930","EMDS Call","Fire","Others","2026/03/28 06:23:44 PM","Rahim Yar Khan"
"276579","Sheeza Barkat","MR-5331","EMDS Call","Road Crash","Minor Injuries","2026/03/28 06:33:46 PM","Sadiqabad"
"276580","Sheeza Barkat","MR-5331","EMDS Call","Medical Emergency","Abdominal Pain","2026/03/28 06:44:23 PM","Rahim Yar Khan"
"276581","Maheen Tahir","MR-6017","EMDS Call","Fire","Others","2026/03/28 06:44:44 PM","Khanpur"
"276582","Maheen Tahir","MR-6017","EMDS Call","Road Crash","Bleeding","2026/03/28 06:58:46 PM","Liaqatpur"
"276583","Sheeza Barkat","MR-5331","EMDS Call","Road Crash","Bleeding","2026/03/28 06:59:53 PM","Rahim Yar Khan"
"276584","Maheen Tahir","MR-6017","EMDS Call","Medical Emergency","Unconscious","2026/03/28 07:13:28 PM","Sadiqabad"
"276585","Maheen Tahir","MR-6017","EMDS Call","Medical Emergency","Joints Pain","2026/03/28 07:15:32 PM","Rahim Yar Khan"
"77405","Maheen Tahir","MR-6017","Direct Call","Patient Transfer Service","N/A","2026/03/28 07:20:14 PM","Sadiqabad"
"276586","Maheen Tahir","MR-6017","EMDS Call","Medical Emergency","Headache","2026/03/28 07:26:49 PM","Rahim Yar Khan"
"77406","Maheen Tahir","MR-6017","Direct Call","Patient Transfer Service","N/A","2026/03/28 07:30:40 PM","Sadiqabad"
"276587","Maheen Tahir","MR-6017","EMDS Call","Medical Emergency","Hypotension","2026/03/28 07:33:07 PM","Sadiqabad"
"276588","Farah Sadaqat","MR-5930","EMDS Call","Road Crash","Minor Injuries","2026/03/28 07:46:36 PM","Sadiqabad"
"276589","Farah Sadaqat","MR-5930","EMDS Call","Medical Emergency","Diabetic","2026/03/28 07:49:45 PM","Rahim Yar Khan"
"276590","Maheen Tahir","MR-6017","EMDS Call","Road Crash","Minor Injuries","2026/03/28 07:50:03 PM","Sadiqabad"
"276593","Farah Sadaqat","MR-5930","EMDS Call","Medical Emergency","Hypertension","2026/03/28 07:52:36 PM","Rahim Yar Khan"
"276591","Maheen Tahir","MR-6017","EMDS Call","Road Crash","Multiple Fractures","2026/03/28 07:55:26 PM","Rahim Yar Khan"
"276592","Farah Sadaqat","MR-5930","EMDS Call","Road Crash","Bleeding","2026/03/28 07:59:29 PM","Sadiqabad"
"276594","Maheen Tahir","MR-6017","EMDS Call","Medical Emergency","High Fever","2026/03/28 08:00:38 PM","Sadiqabad"
"276595","Farah Sadaqat","MR-5930","EMDS Call","Rescue Operations","Snake Emergency","2026/03/28 08:03:35 PM","Sadiqabad"
"276596","Zia ul Haq","DR-328","EMDS Call","Medical Emergency","Diabetic","2026/03/28 08:06:20 PM","Sadiqabad"
"276597","Farah Sadaqat","MR-5930","EMDS Call","Medical Emergency","Renal Disorders / Renal Colic ","2026/03/28 08:10:19 PM","Rahim Yar Khan"
"276598","Farah Sadaqat","MR-5930","EMDS Call","Medical Emergency","High Fever","2026/03/28 08:21:39 PM","Rahim Yar Khan"
"276599","Farah Sadaqat","MR-5930","EMDS Call","Medical Emergency","High Fever","2026/03/28 08:28:49 PM","Khanpur"
"276600","Farah Sadaqat","MR-5930","EMDS Call","Road Crash","Severe Trauma","2026/03/28 08:45:36 PM","Sadiqabad"
"276600","Farah Sadaqat","MR-5930","EMDS Call","Road Crash","Severe Trauma","2026/03/28 08:45:36 PM","Sadiqabad"
"77407","Muhammad Fiaz","DR-206","Direct Call","Patient Transfer Service","N/A","2026/03/28 08:47:33 PM","Khanpur"
"276601","Bushra Saleem","MR-5701","EMDS Call","Medical Emergency","Abdominal Pain","2026/03/28 08:49:51 PM","Sadiqabad"
"276602","Muhammad Fiaz","DR-206","EMDS Call","Medical Emergency","Abdominal Pain","2026/03/28 08:55:35 PM","Khanpur"
"276603","Rana M. Usman","DR-200","EMDS Call","Medical Emergency","Anxiety / Psychiatric Disorder","2026/03/28 09:01:25 PM","Sadiqabad"
"276604","Bushra Saleem","MR-5701","EMDS Call","Road Crash","Minor Injuries","2026/03/28 09:05:29 PM","Rahim Yar Khan"
"276605","Muhammad Fiaz","DR-206","EMDS Call","Road Crash","Bleeding","2026/03/28 09:07:21 PM","Rahim Yar Khan"
"276606","Zupasha Zia","MR-5758","EMDS Call","Medical Emergency","SOB/ Respiratory Distress","2026/03/28 09:08:59 PM","Rahim Yar Khan"
"276607","Bushra Saleem","MR-5701","EMDS Call","Medical Emergency","Diabetic","2026/03/28 09:14:07 PM","Sadiqabad"
"276608","Zupasha Zia","MR-5758","EMDS Call","Medical Emergency","High Fever","2026/03/28 09:20:48 PM","Rahim Yar Khan"
"276609","Bushra Saleem","MR-5701","EMDS Call","Medical Emergency","Hypertension","2026/03/28 09:26:21 PM","Rahim Yar Khan"
"276610","Bushra Saleem","MR-5701","EMDS Call","Medical Emergency","Vomiting","2026/03/28 09:31:05 PM","Rahim Yar Khan"
"77408","Muhammad Fiaz","DR-206","Direct Call","Patient Transfer Service","N/A","2026/03/28 09:34:08 PM","Khanpur"
"77409","Muhammad Fiaz","DR-206","Direct Call","Patient Transfer Service","N/A","2026/03/28 09:34:50 PM","Sadiqabad"
"276612","Bushra Saleem","MR-5701","EMDS Call","Medical Emergency","Hypertension","2026/03/28 09:33:54 PM","Sadiqabad"
"276611","Zupasha Zia","MR-5758","EMDS Call","Medical Emergency","SOB/ Respiratory Distress","2026/03/28 09:35:52 PM","Liaqatpur"
"276613","Bushra Saleem","MR-5701","EMDS Call","Rescue Operations","Animal/Bird Rescue","2026/03/28 09:38:03 PM","Sadiqabad"
"77410","Zupasha Zia","MR-5758","Direct Call","Patient Transfer Service","N/A","2026/03/28 09:40:17 PM","Khanpur"
"276614","Muhammad Fiaz","DR-206","EMDS Call","Medical Emergency","High Fever","2026/03/28 10:11:06 PM","Sadiqabad"
"276615","Bushra Saleem","MR-5701","EMDS Call","Medical Emergency","Domestic Injuries","2026/03/28 10:11:16 PM","Rahim Yar Khan"
"276616","Zupasha Zia","MR-5758","EMDS Call","Medical Emergency","Hypertension","2026/03/28 10:15:40 PM","Rahim Yar Khan"
"276617","Bushra Saleem","MR-5701","EMDS Call","Medical Emergency","Anxiety / Psychiatric Disorder","2026/03/28 10:20:41 PM","Rahim Yar Khan"
"77411","Bushra Saleem","MR-5701","Direct Call","Patient Transfer Service","N/A","2026/03/28 10:23:53 PM","Sadiqabad"
"276618","Bushra Saleem","MR-5701","EMDS Call","Medical Emergency","SOB/ Respiratory Distress","2026/03/28 10:44:37 PM","Rahim Yar Khan"
"276619","Bushra Saleem","MR-5701","EMDS Call","Medical Emergency","Joints Pain","2026/03/28 10:47:36 PM","Khanpur"
"276620","Bushra Saleem","MR-5701","Direct Call","Medical Emergency","Unconscious","2026/03/28 10:56:52 PM","Sadiqabad"
"276621","Rana M. Usman","DR-200","EMDS Call","Medical Emergency","Joints Pain","2026/03/28 11:04:59 PM","Rahim Yar Khan"
"276622","Muhammad Fiaz","DR-206","EMDS Call","Rescue Operations","Delivery Case","2026/03/28 11:06:03 PM","Khanpur"
"276623","Muhammad Fiaz","DR-206","EMDS Call","Medical Emergency","Gynae Problem","2026/03/28 11:10:22 PM","Sadiqabad"
"276624","Rana M. Usman","DR-200","EMDS Call","Medical Emergency","Anxiety / Psychiatric Disorder","2026/03/28 11:13:43 PM","Rahim Yar Khan"
"77412","Rana M. Usman","DR-200","Direct Call","Patient Transfer Service","N/A","2026/03/28 11:16:23 PM","Rahim Yar Khan"
"Not Assigned","Saqib Nasim","DR-197","EMDS Call","Crime","Physical Assault/Violence","2026/03/28 11:17:29 PM","Sadiqabad"
"276625","Muhammad Fiaz","DR-206","EMDS Call","Medical Emergency","High Fever","2026/03/28 11:32:43 PM","Rahim Yar Khan"
"276626","Saqib Nasim","DR-197","EMDS Call","Road Crash","Minor Injuries","2026/03/28 11:32:19 PM","Sadiqabad"
"276626","Saqib Nasim","DR-197","EMDS Call","Road Crash","Minor Injuries","2026/03/28 11:32:19 PM","Sadiqabad"
"276627","Saqib Nasim","DR-197","EMDS Call","Rescue Operations","Delivery Case","2026/03/28 11:35:15 PM","Rahim Yar Khan"
"77413","Rana M. Usman","DR-200","Direct Call","Patient Transfer Service","N/A","2026/03/28 11:36:47 PM","Sadiqabad"
"77414","Saqib Nasim","DR-197","Direct Call","Patient Transfer Service","N/A","2026/03/28 11:39:54 PM","Sadiqabad"
"77415","Saqib Nasim","DR-197","Direct Call","Patient Transfer Service","N/A","2026/03/28 11:44:58 PM","Sadiqabad"
"276628","Rana M. Usman","DR-200","EMDS Call","Medical Emergency","Headache","2026/03/28 11:46:08 PM","Sadiqabad"
"276629","Muhammad Fiaz","DR-206","EMDS Call","Medical Emergency","Vomiting","2026/03/28 11:52:08 PM","Liaqatpur"
"276630","Muhammad Fiaz","DR-206","EMDS Call","Medical Emergency","Gynae Problem","2026/03/29 12:01:13 AM","Rahim Yar Khan"
"276631","Saqib Nasim","DR-197","EMDS Call","Medical Emergency","Anxiety / Psychiatric Disorder","2026/03/29 12:08:31 AM","Sadiqabad"
"276632","Muhammad Fiaz","DR-206","EMDS Call","Medical Emergency","Vomiting","2026/03/29 12:19:42 AM","Rahim Yar Khan"
"276633","Rana M. Usman","DR-200","EMDS Call","Road Crash","Minor Injuries","2026/03/29 12:23:45 AM","Rahim Yar Khan"
"276634","Muhammad Fiaz","DR-206","EMDS Call","Medical Emergency","SOB/ Respiratory Distress","2026/03/29 12:28:02 AM","Khanpur"
"276635","Muhammad Fiaz","DR-206","EMDS Call","Medical Emergency","Gynae Problem","2026/03/29 12:33:57 AM","Rahim Yar Khan"
"276636","Saqib Nasim","DR-197","EMDS Call","Medical Emergency","Vomiting","2026/03/29 12:32:08 AM","Rahim Yar Khan"
"276637","Rana M. Usman","DR-200","EMDS Call","Medical Emergency","Hypertension","2026/03/29 12:36:03 AM","Rahim Yar Khan"
"77416","Muhammad Fiaz","DR-206","Direct Call","Patient Transfer Service","N/A","2026/03/29 12:37:43 AM","Sadiqabad"
"276638","Saqib Nasim","DR-197","EMDS Call","Medical Emergency","Joints Pain","2026/03/29 12:40:24 AM","Rahim Yar Khan"
"276639","Muhammad Fiaz","DR-206","EMDS Call","Medical Emergency","Anxiety / Psychiatric Disorder","2026/03/29 12:54:05 AM","Rahim Yar Khan"
"276640","Rana M. Usman","DR-200","EMDS Call","Road Crash","Severe Trauma","2026/03/29 12:58:20 AM","Rahim Yar Khan"
"276641","Rana M. Usman","DR-200","EMDS Call","Medical Emergency","Renal Disorders / Renal Colic ","2026/03/29 01:05:17 AM","Rahim Yar Khan"
"276642","Muhammad Fiaz","DR-206","EMDS Call","Medical Emergency","Anxiety / Psychiatric Disorder","2026/03/29 01:12:45 AM","Rahim Yar Khan"
"276643","Saqib Nasim","DR-197","EMDS Call","Medical Emergency","Vomiting","2026/03/29 01:14:13 AM","Liaqatpur"
"276644","Saqib Nasim","DR-197","EMDS Call","Medical Emergency","SOB/ Respiratory Distress","2026/03/29 01:26:36 AM","Rahim Yar Khan"
"276645","Saqib Nasim","DR-197","EMDS Call","Medical Emergency","Hypotension","2026/03/29 01:34:20 AM","Sadiqabad"
"276646","Rana M. Usman","DR-200","EMDS Call","Medical Emergency","SOB/ Respiratory Distress","2026/03/29 01:42:08 AM","Khanpur"
"276647","Muhammad Fiaz","DR-206","EMDS Call","Medical Emergency","SOB/ Respiratory Distress","2026/03/29 01:49:49 AM","Khanpur"
"276648","Saqib Nasim","DR-197","EMDS Call","Medical Emergency","Abdominal Pain","2026/03/29 02:19:14 AM","Rahim Yar Khan"
"77417","Rana M. Usman","DR-200","Direct Call","Patient Transfer Service","N/A","2026/03/29 02:27:42 AM","Sadiqabad"
"276649","Rana M. Usman","DR-200","EMDS Call","Medical Emergency","SOB/ Respiratory Distress","2026/03/29 02:41:22 AM","Rahim Yar Khan"
"276650","Saqib Nasim","DR-197","EMDS Call","Medical Emergency","Renal Disorders / Renal Colic ","2026/03/29 02:44:05 AM","Liaqatpur"
"276651","Muhammad Fiaz","DR-206","EMDS Call","Medical Emergency","High Fever","2026/03/29 02:55:07 AM","Sadiqabad"
"276652","Saqib Nasim","DR-197","EMDS Call","Medical Emergency","Abdominal Pain","2026/03/29 03:03:42 AM","Rahim Yar Khan"
"276653","Bushra Saleem","MR-5701","EMDS Call","Medical Emergency","Abdominal Pain","2026/03/29 03:16:57 AM","Rahim Yar Khan"
"276654","Zupasha Zia","MR-5758","EMDS Call","Medical Emergency","Vomiting","2026/03/29 03:20:57 AM","Rahim Yar Khan"
"276655","Bushra Saleem","MR-5701","EMDS Call","Medical Emergency","High Fever","2026/03/29 03:27:25 AM","Rahim Yar Khan"
"276656","Zupasha Zia","MR-5758","EMDS Call","Medical Emergency","Urinary Retention","2026/03/29 03:29:51 AM","Rahim Yar Khan"
"276657","Bushra Saleem","MR-5701","EMDS Call","Medical Emergency","Vomiting","2026/03/29 03:37:01 AM","Sadiqabad"
"276658","Zupasha Zia","MR-5758","EMDS Call","Medical Emergency","Abdominal Pain","2026/03/29 03:38:01 AM","Rahim Yar Khan"
"276659","Zupasha Zia","MR-5758","EMDS Call","Medical Emergency","Vomiting","2026/03/29 03:48:37 AM","Rahim Yar Khan"
"276660","Zahid Manzoor","DR-887","EMDS Call","Medical Emergency","Vomiting","2026/03/29 03:50:36 AM","Sadiqabad"
"276661","Zahid Manzoor","DR-887","EMDS Call","Medical Emergency","SOB/ Respiratory Distress","2026/03/29 04:13:12 AM","Rahim Yar Khan"
"276662","Zupasha Zia","MR-5758","EMDS Call","Medical Emergency","Abdominal Pain","2026/03/29 05:02:49 AM","Rahim Yar Khan"
"276663","Zupasha Zia","MR-5758","EMDS Call","Medical Emergency","Unconscious","2026/03/29 05:23:55 AM","Rahim Yar Khan"
"276664","Zahid Manzoor","DR-887","EMDS Call","Rescue Operations","Work/Occupational Injuries","2026/03/29 05:26:33 AM","Liaqatpur"
"77418","Zupasha Zia","MR-5758","Direct Call","Patient Transfer Service","N/A","2026/03/29 05:54:10 AM","Khanpur"
"77419","Zupasha Zia","MR-5758","Direct Call","Patient Transfer Service","N/A","2026/03/29 05:55:39 AM","Khanpur"
"Not Assigned","Bushra Saleem","MR-5701","EMDS Call","Rescue Operations","Delivery Case","2026/03/29 06:29:17 AM","Liaqatpur"
"276666","Zupasha Zia","MR-5758","EMDS Call","Medical Emergency","Unconscious","2026/03/29 06:33:37 AM","Sadiqabad"
"276667","Zahid Manzoor","DR-887","EMDS Call","Medical Emergency","Diabetic","2026/03/29 06:40:34 AM","Sadiqabad"
"276668","Bushra Saleem","MR-5701","EMDS Call","Road Crash","Minor Injuries","2026/03/29 06:42:13 AM","Khanpur"
"276669","Bushra Saleem","MR-5701","EMDS Call","Medical Emergency","Chronic Illness","2026/03/29 06:54:04 AM","Khanpur"
"77420","Zupasha Zia","MR-5758","Direct Call","Patient Transfer Service","N/A","2026/03/29 07:12:18 AM","Khanpur"
"276670","Zahid Manzoor","DR-887","EMDS Call","Medical Emergency","Hypertension","2026/03/29 07:18:17 AM","Liaqatpur"
"276671","Zahid Manzoor","DR-887","EMDS Call","Medical Emergency","Renal Disorders / Renal Colic ","2026/03/29 07:27:45 AM","Khanpur"
"276672","Zupasha Zia","MR-5758","EMDS Call","Medical Emergency","High Fever","2026/03/29 07:32:38 AM","Rahim Yar Khan"
"276673","Zahid Manzoor","DR-887","EMDS Call","Medical Emergency","Chest Pain","2026/03/29 07:41:19 AM","Rahim Yar Khan"
"276674","Maheen Tahir","MR-6017","EMDS Call","Medical Emergency","Vertigo/ Dizziness","2026/03/29 07:59:34 AM","Liaqatpur"
"276675","Farah Sadaqat","MR-5930","EMDS Call","Medical Emergency","Joints Pain","2026/03/29 08:01:57 AM","Sadiqabad"
"276676","Bushra Saleem","MR-5701","EMDS Call","Medical Emergency","Anxiety / Psychiatric Disorder","2026/03/29 08:09:29 AM","Rahim Yar Khan"
"276677","Maheen Tahir","MR-6017","EMDS Call","Medical Emergency","Abdominal Pain","2026/03/29 08:17:09 AM","Rahim Yar Khan"
"276678","Farah Sadaqat","MR-5930","EMDS Call","Road Crash","Bleeding","2026/03/29 08:26:59 AM","Rahim Yar Khan"
"276679","Maheen Tahir","MR-6017","EMDS Call","Medical Emergency","Hypertension","2026/03/29 08:27:39 AM","Khanpur"
"276680","Maheen Tahir","MR-6017","EMDS Call","Medical Emergency","Vertigo/ Dizziness","2026/03/29 08:31:33 AM","Khanpur"
"276681","Farah Sadaqat","MR-5930","EMDS Call","Medical Emergency","Renal Disorders / Renal Colic ","2026/03/29 08:41:12 AM","Rahim Yar Khan"
"276682","Muhammad Zubair","DR-894","Direct Call","Medical Emergency","Abdominal Pain","2026/03/29 08:42:23 AM","Rahim Yar Khan"
"276683","Muhammad Zubair","DR-894","Direct Call","Crime","Physical Assault/Violence","2026/03/29 08:57:58 AM","Sadiqabad"
"276683","Muhammad Zubair","DR-894","Direct Call","Crime","Physical Assault/Violence","2026/03/29 08:57:58 AM","Sadiqabad"
"276684","Maheen Tahir","MR-6017","Direct Call","Road Crash","Bleeding","2026/03/29 08:59:44 AM","Liaqatpur"
"276685","Farah Sadaqat","MR-5930","EMDS Call","Medical Emergency","Unconscious","2026/03/29 09:01:29 AM","Khanpur"
"276686","Farah Sadaqat","MR-5930","EMDS Call","Medical Emergency","Unconscious","2026/03/29 09:06:40 AM","Sadiqabad"
"276688","Muhammad Zubair","DR-894","EMDS Call","Medical Emergency","Vomiting","2026/03/29 09:07:05 AM","Sadiqabad"
"276687","Shaheen Islam","DR-1171","EMDS Call","Medical Emergency","Hypertension","2026/03/29 09:07:31 AM","Sadiqabad"
"77421","Maheen Tahir","MR-6017","Direct Call","Patient Transfer Service","N/A","2026/03/29 09:10:07 AM","Liaqatpur"
"77422","Maheen Tahir","MR-6017","Direct Call","Patient Transfer Service","N/A","2026/03/29 09:15:57 AM","Liaqatpur"
"276689","Shaheen Islam","DR-1171","EMDS Call","Medical Emergency","SOB/ Respiratory Distress","2026/03/29 09:14:06 AM","Rahim Yar Khan"
"276690","Maheen Tahir","MR-6017","EMDS Call","Medical Emergency","Hypertension","2026/03/29 09:20:07 AM","Liaqatpur"
"276691","Shaheen Islam","DR-1171","EMDS Call","Medical Emergency","Chest Pain","2026/03/29 09:21:20 AM","Khanpur"
"276692","Farah Sadaqat","MR-5930","EMDS Call","Medical Emergency","Chest Pain","2026/03/29 09:28:20 AM","Rahim Yar Khan"
"276693","Saqib Nasim","DR-197","EMDS Call","Medical Emergency","Anxiety / Psychiatric Disorder","2026/03/29 09:35:03 AM","Rahim Yar Khan"
"276696","Farah Sadaqat","MR-5930","EMDS Call","Medical Emergency","Vomiting","2026/03/29 09:39:54 AM","Liaqatpur"
"276695","Maheen Tahir","MR-6017","EMDS Call","Medical Emergency","Anxiety / Psychiatric Disorder","2026/03/29 09:39:16 AM","Rahim Yar Khan"
"276694","Saqib Nasim","DR-197","EMDS Call","Road Crash","Severe Trauma","2026/03/29 09:40:09 AM","Khanpur"
"276697","Shaheen Islam","DR-1171","EMDS Call","Medical Emergency","Hypertension","2026/03/29 09:40:51 AM","Rahim Yar Khan"
"276698","Shaheen Islam","DR-1171","EMDS Call","Medical Emergency","Domestic Injuries","2026/03/29 09:43:20 AM","Sadiqabad"
"276699","Saqib Nasim","DR-197","EMDS Call","Medical Emergency","Chronic Illness","2026/03/29 09:42:35 AM","Khanpur"
"276700","Maheen Tahir","MR-6017","EMDS Call","Medical Emergency","Vertigo/ Dizziness","2026/03/29 09:48:59 AM","Rahim Yar Khan"
"276701","Maheen Tahir","MR-6017","EMDS Call","Medical Emergency","Anxiety / Psychiatric Disorder","2026/03/29 09:54:18 AM","Rahim Yar Khan"
"276702","Farah Sadaqat","MR-5930","EMDS Call","Medical Emergency","Anxiety / Psychiatric Disorder","2026/03/29 09:58:43 AM","Rahim Yar Khan"
"77423","Maheen Tahir","MR-6017","Direct Call","Patient Transfer Service","N/A","2026/03/29 10:03:52 AM","Khanpur"
"276703","Saqib Nasim","DR-197","EMDS Call","Medical Emergency","Renal Disorders / Renal Colic ","2026/03/29 10:02:31 AM","Rahim Yar Khan"
"276704","Maheen Tahir","MR-6017","EMDS Call","Road Crash","Bleeding","2026/03/29 10:04:00 AM","Sadiqabad"
"276705","Farah Sadaqat","MR-5930","EMDS Call","Medical Emergency","Anxiety / Psychiatric Disorder","2026/03/29 10:13:41 AM","Rahim Yar Khan"
"276706","Shaheen Islam","DR-1171","EMDS Call","Medical Emergency","SOB/ Respiratory Distress","2026/03/29 10:23:52 AM","Sadiqabad"
"276707","Farah Sadaqat","MR-5930","EMDS Call","Medical Emergency","Hypertension","2026/03/29 10:35:52 AM","Sadiqabad"
"77424","Farah Sadaqat","MR-5930","Direct Call","Patient Transfer Service","N/A","2026/03/29 10:38:03 AM","Sadiqabad"
"276708","Saqib Nasim","DR-197","EMDS Call","Medical Emergency","Abdominal Pain","2026/03/29 10:40:32 AM","Rahim Yar Khan"
"276709","Shaheen Islam","DR-1171","EMDS Call","Medical Emergency","Unconscious","2026/03/29 10:45:45 AM","Rahim Yar Khan"
"276710","Farah Sadaqat","MR-5930","EMDS Call","Road Crash","Minor Injuries","2026/03/29 10:45:19 AM","Rahim Yar Khan"
"276711","Saqib Nasim","DR-197","EMDS Call","Road Crash","Bleeding","2026/03/29 10:47:59 AM","Rahim Yar Khan"
"276712","Farah Sadaqat","MR-5930","EMDS Call","Rescue Operations","Electric Shock","2026/03/29 10:54:10 AM","Rahim Yar Khan"
"276713","Shaheen Islam","DR-1171","EMDS Call","Road Crash","Severe Trauma","2026/03/29 11:09:54 AM","Rahim Yar Khan"
"276714","Maheen Tahir","MR-6017","EMDS Call","Medical Emergency","Anxiety / Psychiatric Disorder","2026/03/29 11:11:59 AM","Rahim Yar Khan"
"276715","Shaheen Islam","DR-1171","EMDS Call","Medical Emergency","SOB/ Respiratory Distress","2026/03/29 11:12:36 AM","Khanpur"
"276716","Maheen Tahir","MR-6017","EMDS Call","Medical Emergency","Joints Pain","2026/03/29 11:15:12 AM","Sadiqabad"
"276717","Shaheen Islam","DR-1171","EMDS Call","Medical Emergency","Unconscious","2026/03/29 11:19:21 AM","Khanpur"
"276718","Saqib Nasim","DR-197","EMDS Call","Medical Emergency","Abdominal Pain","2026/03/29 11:32:31 AM","Rahim Yar Khan"
"276719","Maheen Tahir","MR-6017","EMDS Call","Medical Emergency","High Fever","2026/03/29 11:44:01 AM","Rahim Yar Khan"
"276720","Shaheen Islam","DR-1171","EMDS Call","Fall","Slipped On Floor","2026/03/29 11:52:27 AM","Rahim Yar Khan"
"276721","Shaheen Islam","DR-1171","EMDS Call","Medical Emergency","Chest Pain","2026/03/29 11:56:21 AM","Sadiqabad"
"276722","Maheen Tahir","MR-6017","EMDS Call","Medical Emergency","Hypertension","2026/03/29 12:00:16 PM","Rahim Yar Khan"
"276723","Shaheen Islam","DR-1171","EMDS Call","Medical Emergency","Diabetic","2026/03/29 12:00:22 PM","Khanpur"
"276724","Saqib Nasim","DR-197","EMDS Call","Medical Emergency","SOB/ Respiratory Distress","2026/03/29 12:08:54 PM","Rahim Yar Khan"
"276725","Shaheen Islam","DR-1171","EMDS Call","Medical Emergency","SOB/ Respiratory Distress","2026/03/29 12:11:22 PM","Khanpur"
"276726","Shaheen Islam","DR-1171","EMDS Call","Medical Emergency","Hypertension","2026/03/29 12:28:16 PM","Rahim Yar Khan"
"276727","Maheen Tahir","MR-6017","EMDS Call","Medical Emergency","Vertigo/ Dizziness","2026/03/29 12:38:15 PM","Sadiqabad"
"276728","Maheen Tahir","MR-6017","EMDS Call","Road Crash","Bleeding","2026/03/29 12:40:46 PM","Sadiqabad"
"276728","Maheen Tahir","MR-6017","EMDS Call","Road Crash","Bleeding","2026/03/29 12:40:46 PM","Sadiqabad"
"276729","Farah Sadaqat","MR-5930","EMDS Call","Medical Emergency","Anxiety / Psychiatric Disorder","2026/03/29 12:42:34 PM","Sadiqabad"
"276730","Maheen Tahir","MR-6017","EMDS Call","Fire","Others","2026/03/29 12:48:02 PM","Rahim Yar Khan"
"276731","Farah Sadaqat","MR-5930","EMDS Call","Medical Emergency","Anxiety / Psychiatric Disorder","2026/03/29 12:52:35 PM","Rahim Yar Khan"
"276732","Saqib Nasim","DR-197","EMDS Call","Medical Emergency","CVA/Stroke","2026/03/29 12:58:24 PM","Khanpur"
"276733","Saqib Nasim","DR-197","EMDS Call","Road Crash","Minor Injuries","2026/03/29 01:06:37 PM","Liaqatpur"
"276733","Saqib Nasim","DR-197","EMDS Call","Road Crash","Minor Injuries","2026/03/29 01:06:37 PM","Liaqatpur"
"276734","Saqib Nasim","DR-197","EMDS Call","Medical Emergency","High Fever","2026/03/29 01:10:10 PM","Rahim Yar Khan"
"276735","Saqib Nasim","DR-197","EMDS Call","Medical Emergency","Vomiting","2026/03/29 01:17:28 PM","Rahim Yar Khan"
"276736","Farah Sadaqat","MR-5930","EMDS Call","Rescue Operations","Animal/Bird Rescue","2026/03/29 01:51:49 PM","Rahim Yar Khan"
"276737","Farah Sadaqat","MR-5930","EMDS Call","Medical Emergency","Anxiety / Psychiatric Disorder","2026/03/29 01:56:30 PM","Rahim Yar Khan"
"Not Assigned","Saqib Nasim","DR-197","EMDS Call","Road Crash","Severe Trauma","2026/03/29 01:56:26 PM","Rahim Yar Khan"
"276739","Maheen Tahir","MR-6017","EMDS Call","Road Crash","Severe Trauma","2026/03/29 01:57:16 PM","Khanpur"
"276740","Saqib Nasim","DR-197","EMDS Call","Road Crash","Minor Injuries","2026/03/29 01:56:59 PM","Rahim Yar Khan"
"276741","Maheen Tahir","MR-6017","EMDS Call","Medical Emergency","Anxiety / Psychiatric Disorder","2026/03/29 02:01:35 PM","Rahim Yar Khan"
"276742","Farah Sadaqat","MR-5930","EMDS Call","Medical Emergency","Vomiting","2026/03/29 02:04:41 PM","Rahim Yar Khan"
"276743","Farah Sadaqat","MR-5930","EMDS Call","Medical Emergency","Unconscious","2026/03/29 02:17:40 PM","Khanpur"
"276744","Farah Sadaqat","MR-5930","EMDS Call","Medical Emergency","Hypertension","2026/03/29 02:22:24 PM","Rahim Yar Khan"
"276745","Aasia Batool","MR-5198","EMDS Call","Medical Emergency","High Fever","2026/03/29 02:35:40 PM","Rahim Yar Khan"
"276746","Bushra Saleem","MR-5701","EMDS Call","Medical Emergency","Unconscious","2026/03/29 02:44:43 PM","Khanpur"
"276747","Saima Bashir","MR-5819","EMDS Call","Medical Emergency","Epilepsy","2026/03/29 02:51:47 PM","Liaqatpur"
"276748","Bushra Saleem","MR-5701","EMDS Call","Medical Emergency","Anxiety / Psychiatric Disorder","2026/03/29 02:56:10 PM","Khanpur"
"276749","Saima Bashir","MR-5819","EMDS Call","Fall","Slipped On Floor","2026/03/29 02:58:45 PM","Liaqatpur"
"276750","Saima Bashir","MR-5819","EMDS Call","Medical Emergency","Vertigo/ Dizziness","2026/03/29 03:02:27 PM","Khanpur"
"276751","Aasia Batool","MR-5198","EMDS Call","Medical Emergency","Anxiety / Psychiatric Disorder","2026/03/29 03:10:46 PM","Khanpur"
"276752","Saima Bashir","MR-5819","EMDS Call","Medical Emergency","SOB/ Respiratory Distress","2026/03/29 03:14:05 PM","Rahim Yar Khan"
"77425","Aasia Batool","MR-5198","Direct Call","Patient Transfer Service","N/A","2026/03/29 03:28:07 PM","Liaqatpur"
"276753","Saima Bashir","MR-5819","EMDS Call","Medical Emergency","SOB/ Respiratory Distress","2026/03/29 03:28:57 PM","Rahim Yar Khan"
"276754","Aasia Batool","MR-5198","EMDS Call","Medical Emergency","Anxiety / Psychiatric Disorder","2026/03/29 03:31:54 PM","Rahim Yar Khan"
"276755","Bushra Saleem","MR-5701","EMDS Call","Medical Emergency","High Fever","2026/03/29 03:33:04 PM","Rahim Yar Khan"
"276756","Saima Bashir","MR-5819","Direct Call","Medical Emergency","Chest Pain","2026/03/29 03:34:42 PM","Rahim Yar Khan"
"276757","Saima Bashir","MR-5819","EMDS Call","Medical Emergency","Vomiting","2026/03/29 03:40:11 PM","Rahim Yar Khan"
"276758","Aasia Batool","MR-5198","EMDS Call","Medical Emergency","Unconscious","2026/03/29 03:40:26 PM","Sadiqabad"
"77426","Saima Bashir","MR-5819","Direct Call","Patient Transfer Service","N/A","2026/03/29 03:43:09 PM","Sadiqabad"
"276762","Bushra Saleem","MR-5701","EMDS Call","Road Crash","Minor Injuries","2026/03/29 03:42:48 PM","Khanpur"
"276759","Saima Bashir","MR-5819","EMDS Call","Medical Emergency","High Fever","2026/03/29 03:44:17 PM","Rahim Yar Khan"
"276761","Bushra Saleem","MR-5701","EMDS Call","Medical Emergency","Abdominal Pain","2026/03/29 03:45:08 PM","Khanpur"
"276760","Aasia Batool","MR-5198","EMDS Call","Medical Emergency","Diabetic","2026/03/29 03:46:29 PM","Sadiqabad"
"276763","Aasia Batool","MR-5198","EMDS Call","Medical Emergency","Hypertension","2026/03/29 03:50:14 PM","Khanpur"
"276764","Saima Bashir","MR-5819","EMDS Call","Rescue Operations","Delivery Case","2026/03/29 04:02:15 PM","Sadiqabad"
"276765","Bushra Saleem","MR-5701","EMDS Call","Medical Emergency","SOB/ Respiratory Distress","2026/03/29 04:01:36 PM","Sadiqabad"
"276766","Saima Bashir","MR-5819","EMDS Call","Medical Emergency","Joints Pain","2026/03/29 04:03:40 PM","Rahim Yar Khan"
"77427","Aasia Batool","MR-5198","Direct Call","Patient Transfer Service","N/A","2026/03/29 04:06:27 PM","Sadiqabad"
"276767","Aasia Batool","MR-5198","EMDS Call","Medical Emergency","Anxiety / Psychiatric Disorder","2026/03/29 04:17:05 PM","Rahim Yar Khan"
"276768","Saima Bashir","MR-5819","EMDS Call","Road Crash","Bleeding","2026/03/29 04:24:10 PM","Sadiqabad"
"276768","Saima Bashir","MR-5819","EMDS Call","Road Crash","Bleeding","2026/03/29 04:24:10 PM","Sadiqabad"
"276769","Bushra Saleem","MR-5701","EMDS Call","Medical Emergency","Abdominal Pain","2026/03/29 04:27:23 PM","Khanpur"
"276770","Aasia Batool","MR-5198","EMDS Call","Medical Emergency","Joints Pain","2026/03/29 04:32:27 PM","Rahim Yar Khan"
"276771","Adil Iqbal","DR-782","EMDS Call","Medical Emergency","Abdominal Pain","2026/03/29 04:39:56 PM","Rahim Yar Khan"
"276772","Bushra Saleem","MR-5701","EMDS Call","Rescue Operations","Electric Shock","2026/03/29 04:41:11 PM","Rahim Yar Khan"
"276773","Adil Iqbal","DR-782","EMDS Call","Medical Emergency","Diabetic","2026/03/29 04:51:49 PM","Sadiqabad"
"276774","Saima Bashir","MR-5819","EMDS Call","Road Crash","Minor Injuries","2026/03/29 04:53:54 PM","Rahim Yar Khan"
"276775","Saima Bashir","MR-5819","EMDS Call","Medical Emergency","Diabetic","2026/03/29 05:06:31 PM","Rahim Yar Khan"
"276776","Bushra Saleem","MR-5701","EMDS Call","Medical Emergency","Vomiting","2026/03/29 05:09:40 PM","Rahim Yar Khan"
"276777","Bushra Saleem","MR-5701","EMDS Call","Medical Emergency","Joints Pain","2026/03/29 05:14:11 PM","Sadiqabad"
"276778","Adil Iqbal","DR-782","EMDS Call","Crime","Physical Assault/Violence","2026/03/29 05:17:10 PM","Rahim Yar Khan"
"276778","Adil Iqbal","DR-782","EMDS Call","Crime","Physical Assault/Violence","2026/03/29 05:17:10 PM","Rahim Yar Khan"
"276778","Adil Iqbal","DR-782","EMDS Call","Crime","Physical Assault/Violence","2026/03/29 05:17:10 PM","Rahim Yar Khan"
"276778","Adil Iqbal","DR-782","EMDS Call","Crime","Physical Assault/Violence","2026/03/29 05:17:10 PM","Rahim Yar Khan"
"276778","Adil Iqbal","DR-782","EMDS Call","Crime","Physical Assault/Violence","2026/03/29 05:17:10 PM","Rahim Yar Khan"
"276778","Adil Iqbal","DR-782","EMDS Call","Crime","Physical Assault/Violence","2026/03/29 05:17:10 PM","Rahim Yar Khan"
"276779","Bushra Saleem","MR-5701","EMDS Call","Medical Emergency","SOB/ Respiratory Distress","2026/03/29 05:20:49 PM","Rahim Yar Khan"
"276780","Saima Bashir","MR-5819","EMDS Call","Medical Emergency","Chest Pain","2026/03/29 05:26:28 PM","Liaqatpur"
"276781","Bushra Saleem","MR-5701","EMDS Call","Road Crash","Minor Injuries","2026/03/29 05:26:30 PM","Liaqatpur"
"276782","Saima Bashir","MR-5819","EMDS Call","Medical Emergency","High Fever","2026/03/29 05:29:04 PM","Liaqatpur"
"276783","Adil Iqbal","DR-782","EMDS Call","Medical Emergency","Abdominal Pain","2026/03/29 05:30:30 PM","Rahim Yar Khan"
"276784","Bushra Saleem","MR-5701","EMDS Call","Medical Emergency","High Fever","2026/03/29 05:41:43 PM","Rahim Yar Khan"
"276785","Bushra Saleem","MR-5701","EMDS Call","Medical Emergency","Abdominal Pain","2026/03/29 05:45:40 PM","Khanpur"
"276786","Adil Iqbal","DR-782","EMDS Call","Medical Emergency","Diabetic","2026/03/29 06:04:35 PM","Rahim Yar Khan"
"276787","Saima Bashir","MR-5819","EMDS Call","Road Crash","Minor Injuries","2026/03/29 06:10:34 PM","Rahim Yar Khan"
"276788","Aasia Batool","MR-5198","EMDS Call","Medical Emergency","Chest Pain","2026/03/29 06:13:21 PM","Rahim Yar Khan"
"77428","Bushra Saleem","MR-5701","Direct Call","Patient Transfer Service","N/A","2026/03/29 06:13:43 PM","Khanpur"
"276789","Adil Iqbal","DR-782","EMDS Call","Medical Emergency","Joints Pain","2026/03/29 06:14:50 PM","Sadiqabad"
"276790","Saima Bashir","MR-5819","EMDS Call","Medical Emergency","High Fever","2026/03/29 06:18:53 PM","Rahim Yar Khan"
"276791","Saima Bashir","MR-5819","EMDS Call","Medical Emergency","High Fever","2026/03/29 06:22:50 PM","Rahim Yar Khan"
"276792","Aasia Batool","MR-5198","EMDS Call","Road Crash","Severe Trauma","2026/03/29 06:23:38 PM","Rahim Yar Khan"
"276793","Aasia Batool","MR-5198","EMDS Call","Rescue Operations","Snake Emergency","2026/03/29 06:29:58 PM","Rahim Yar Khan"
"276794","Saima Bashir","MR-5819","EMDS Call","Road Crash","Bleeding","2026/03/29 06:29:37 PM","Rahim Yar Khan"
"276795","Bushra Saleem","MR-5701","EMDS Call","Medical Emergency","Domestic Injuries","2026/03/29 06:33:02 PM","Rahim Yar Khan"
"276796","Saima Bashir","MR-5819","EMDS Call","Rescue Operations","Electric Shock","2026/03/29 06:35:34 PM","Rahim Yar Khan"
"276797","Aasia Batool","MR-5198","EMDS Call","Medical Emergency","Headache","2026/03/29 06:44:50 PM","Sadiqabad"
"276798","Bushra Saleem","MR-5701","EMDS Call","Medical Emergency","Hypertension","2026/03/29 06:50:43 PM","Sadiqabad"
"276799","Saima Bashir","MR-5819","EMDS Call","Medical Emergency","Unconscious","2026/03/29 06:52:13 PM","Khanpur"
"77429","Saima Bashir","MR-5819","Direct Call","Patient Transfer Service","N/A","2026/03/29 06:54:55 PM","Sadiqabad"
"276800","Bushra Saleem","MR-5701","EMDS Call","Road Crash","Bleeding","2026/03/29 06:54:00 PM","Sadiqabad"
"276802","Saima Bashir","MR-5819","EMDS Call","Medical Emergency","Joints Pain","2026/03/29 07:13:58 PM","Sadiqabad"
"276801","Aasia Batool","MR-5198","EMDS Call","Fire","Carelessness/Smoking","2026/03/29 07:15:47 PM","Khanpur"
"276803","Aasia Batool","MR-5198","EMDS Call","Road Crash","Bleeding","2026/03/29 07:20:12 PM","Khanpur"
"276803","Aasia Batool","MR-5198","EMDS Call","Road Crash","Bleeding","2026/03/29 07:20:12 PM","Khanpur"
"276804","Bushra Saleem","MR-5701","EMDS Call","Crime","Physical Assault/Violence","2026/03/29 07:22:42 PM","Sadiqabad"
"276805","Bushra Saleem","MR-5701","EMDS Call","Medical Emergency","Epistaxis/ Nosebleed","2026/03/29 07:39:07 PM","Sadiqabad"
"276806","Saima Bashir","MR-5819","EMDS Call","Medical Emergency","Vomiting","2026/03/29 07:43:45 PM","Rahim Yar Khan"
"276808","Saima Bashir","MR-5819","EMDS Call","Road Crash","Bleeding","2026/03/29 07:46:31 PM","Rahim Yar Khan"
"276807","Aasia Batool","MR-5198","EMDS Call","Medical Emergency","Anxiety / Psychiatric Disorder","2026/03/29 07:44:55 PM","Rahim Yar Khan"
"276809","Fahad Hussain","DR-538","EMDS Call","Medical Emergency","Diarrhea","2026/03/29 07:57:47 PM","Rahim Yar Khan"
"276810","Fahad Hussain","DR-538","EMDS Call","Medical Emergency","Anxiety / Psychiatric Disorder","2026/03/29 08:08:07 PM","Rahim Yar Khan"
"276811","Aasia Batool","MR-5198","EMDS Call","Medical Emergency","Hypertension","2026/03/29 08:09:11 PM","Sadiqabad"
"276812","Fahad Hussain","DR-538","EMDS Call","Medical Emergency","Hypertension","2026/03/29 08:22:39 PM","Rahim Yar Khan"
"276813","Aasia Batool","MR-5198","EMDS Call","Medical Emergency","Joints Pain","2026/03/29 08:24:06 PM","Rahim Yar Khan"
"276814","Saima Bashir","MR-5819","EMDS Call","Road Crash","Minor Injuries","2026/03/29 08:25:41 PM","Liaqatpur"
"276815","Aasia Batool","MR-5198","EMDS Call","Road Crash","Bleeding","2026/03/29 08:31:02 PM","Sadiqabad"
"276816","Muhammad Fiaz","DR-206","EMDS Call","Medical Emergency","SOB/ Respiratory Distress","2026/03/29 08:48:20 PM","Sadiqabad"
"276817","Muhammad Fiaz","DR-206","EMDS Call","Medical Emergency","Hypertension","2026/03/29 08:51:16 PM","Sadiqabad"
"276818","Muhammad Riaz","DR-654","EMDS Call","Medical Emergency","SOB/ Respiratory Distress","2026/03/29 09:06:40 PM","Khanpur"
"276819","Muhammad Riaz","DR-654","EMDS Call","Medical Emergency","Vertigo/ Dizziness","2026/03/29 09:11:56 PM","Rahim Yar Khan"
"276820","Muhammad Fiaz","DR-206","EMDS Call","Medical Emergency","High Fever","2026/03/29 09:11:23 PM","Rahim Yar Khan"
"276821","Muhammad Riaz","DR-654","EMDS Call","Medical Emergency","Abdominal Pain","2026/03/29 09:23:13 PM","Khanpur"
"77430","Zupasha Zia","MR-5758","Direct Call","Patient Transfer Service","N/A","2026/03/29 09:29:20 PM","Sadiqabad"
"276822","Zupasha Zia","MR-5758","EMDS Call","Medical Emergency","SOB/ Respiratory Distress","2026/03/29 09:31:35 PM","Rahim Yar Khan"
"276823","Muhammad Fiaz","DR-206","EMDS Call","Medical Emergency","Chest Pain","2026/03/29 09:35:16 PM","Rahim Yar Khan"
"276824","Sheeza Barkat","MR-5331","EMDS Call","Medical Emergency","Anxiety / Psychiatric Disorder","2026/03/29 09:33:58 PM","Sadiqabad"
"77431","Muhammad Fiaz","DR-206","Direct Call","Patient Transfer Service","N/A","2026/03/29 09:38:55 PM","Khanpur"
"276825","Muhammad Fiaz","DR-206","EMDS Call","Medical Emergency","Vertigo/ Dizziness","2026/03/29 09:42:56 PM","Rahim Yar Khan"
"276826","Zupasha Zia","MR-5758","EMDS Call","Medical Emergency","Hypertension","2026/03/29 09:45:21 PM","Rahim Yar Khan"
"276827","Muhammad Fiaz","DR-206","EMDS Call","Medical Emergency","Joints Pain","2026/03/29 09:48:01 PM","Rahim Yar Khan"
"276828","Muhammad Fiaz","DR-206","Direct Call","Medical Emergency","Abdominal Pain","2026/03/29 09:53:00 PM","Rahim Yar Khan"
"276829","Sheeza Barkat","MR-5331","EMDS Call","Medical Emergency","Others","2026/03/29 09:52:08 PM","Rahim Yar Khan"
"276830","Zupasha Zia","MR-5758","EMDS Call","Medical Emergency","Anxiety / Psychiatric Disorder","2026/03/29 09:55:27 PM","Sadiqabad"
"276831","Muhammad Fiaz","DR-206","EMDS Call","Medical Emergency","Anxiety / Psychiatric Disorder","2026/03/29 09:59:44 PM","Rahim Yar Khan"
"276832","Zupasha Zia","MR-5758","EMDS Call","Medical Emergency","Abdominal Pain","2026/03/29 10:06:41 PM","Sadiqabad"
"276833","Muhammad Fiaz","DR-206","EMDS Call","Medical Emergency","Vertigo/ Dizziness","2026/03/29 10:06:55 PM","Rahim Yar Khan"
"276834","Muhammad Fiaz","DR-206","EMDS Call","Medical Emergency","Chronic Illness","2026/03/29 10:10:43 PM","Khanpur"
"276835","Zupasha Zia","MR-5758","EMDS Call","Road Crash","Multiple Fractures","2026/03/29 10:19:04 PM","Rahim Yar Khan"
"276836","Muhammad Fiaz","DR-206","EMDS Call","Medical Emergency","Backache","2026/03/29 10:31:46 PM","Rahim Yar Khan"
"276837","Sheeza Barkat","MR-5331","EMDS Call","Medical Emergency","Domestic Injuries","2026/03/29 10:34:44 PM","Khanpur"
"276839","Zupasha Zia","MR-5758","EMDS Call","Fire","Others","2026/03/29 10:37:34 PM","Khanpur"
"276838","Muhammad Fiaz","DR-206","EMDS Call","Medical Emergency","Chest Pain","2026/03/29 10:39:03 PM","Sadiqabad"
"276840","Sheeza Barkat","MR-5331","EMDS Call","Medical Emergency","Anxiety / Psychiatric Disorder","2026/03/29 10:42:22 PM","Rahim Yar Khan"
"276841","Saqib Nasim","DR-197","EMDS Call","Medical Emergency","Vertigo/ Dizziness","2026/03/29 11:10:36 PM","Rahim Yar Khan"
"276842","Muhammad Fiaz","DR-206","EMDS Call","Medical Emergency","Domestic Injuries","2026/03/29 11:12:11 PM","Sadiqabad"
"276843","Saqib Nasim","DR-197","EMDS Call","Medical Emergency","Hypertension","2026/03/29 11:13:32 PM","Liaqatpur"
"276844","Rana M. Usman","DR-200","EMDS Call","Medical Emergency","Vertigo/ Dizziness","2026/03/29 11:16:14 PM","Rahim Yar Khan"
"276845","Rana M. Usman","DR-200","EMDS Call","Medical Emergency","Headache","2026/03/29 11:18:06 PM","Khanpur"
"276846","Muhammad Fiaz","DR-206","EMDS Call","Medical Emergency","Anxiety / Psychiatric Disorder","2026/03/29 11:25:06 PM","Sadiqabad"
"276847","Saqib Nasim","DR-197","EMDS Call","Road Crash","Minor Injuries","2026/03/29 11:26:25 PM","Rahim Yar Khan"
"276848","Muhammad Fiaz","DR-206","EMDS Call","Medical Emergency","High Fever","2026/03/29 11:28:50 PM","Sadiqabad"
"276849","Rana M. Usman","DR-200","EMDS Call","Medical Emergency","SOB/ Respiratory Distress","2026/03/29 11:41:19 PM","Rahim Yar Khan"
"276850","Muhammad Fiaz","DR-206","EMDS Call","Medical Emergency","Joints Pain","2026/03/29 11:47:58 PM","Rahim Yar Khan"
"77432","Muhammad Fiaz","DR-206","Direct Call","Patient Transfer Service","N/A","2026/03/30 12:03:24 AM","Khanpur"
"276851","Rana M. Usman","DR-200","EMDS Call","Medical Emergency","Renal Disorders / Renal Colic ","2026/03/30 12:01:31 AM","Liaqatpur"
"77433","Muhammad Fiaz","DR-206","Direct Call","Patient Transfer Service","N/A","2026/03/30 12:05:53 AM","Khanpur"
"276852","Saqib Nasim","DR-197","EMDS Call","Medical Emergency","Anxiety / Psychiatric Disorder","2026/03/30 12:22:27 AM","Rahim Yar Khan"
"276853","Rana M. Usman","DR-200","EMDS Call","Medical Emergency","Chest Pain","2026/03/30 12:29:24 AM","Rahim Yar Khan"
"276854","Saqib Nasim","DR-197","EMDS Call","Medical Emergency","Vomiting","2026/03/30 12:33:22 AM","Rahim Yar Khan"
"276855","Rana M. Usman","DR-200","EMDS Call","Medical Emergency","Chronic Illness","2026/03/30 12:41:15 AM","Rahim Yar Khan"
"276856","Rana M. Usman","DR-200","EMDS Call","Medical Emergency","Anxiety / Psychiatric Disorder","2026/03/30 12:45:25 AM","Rahim Yar Khan"
"276857","Muhammad Fiaz","DR-206","EMDS Call","Medical Emergency","Abdominal Pain","2026/03/30 12:57:23 AM","Rahim Yar Khan"
"276858","Saqib Nasim","DR-197","EMDS Call","Medical Emergency","Anxiety / Psychiatric Disorder","2026/03/30 12:55:30 AM","Rahim Yar Khan"
"276859","Muhammad Fiaz","DR-206","EMDS Call","Medical Emergency","Vomiting","2026/03/30 01:12:08 AM","Sadiqabad"
"276860","Saqib Nasim","DR-197","EMDS Call","Medical Emergency","Chronic Illness","2026/03/30 01:12:32 AM","Khanpur"
"77434","Muhammad Fiaz","DR-206","Direct Call","Patient Transfer Service","N/A","2026/03/30 01:26:53 AM","Khanpur"
"276861","Saqib Nasim","DR-197","EMDS Call","Medical Emergency","Domestic Injuries","2026/03/30 01:29:35 AM","Rahim Yar Khan"
"276862","Rana M. Usman","DR-200","EMDS Call","Rescue Operations","Delivery Case","2026/03/30 01:44:43 AM","Rahim Yar Khan"
"276863","Muhammad Fiaz","DR-206","EMDS Call","Medical Emergency","SOB/ Respiratory Distress","2026/03/30 01:51:51 AM","Khanpur"
"276864","Saqib Nasim","DR-197","EMDS Call","Medical Emergency","Vomiting","2026/03/30 02:02:46 AM","Liaqatpur"
"276865","Muhammad Fiaz","DR-206","EMDS Call","Medical Emergency","Urinary Retention","2026/03/30 02:08:22 AM","Sadiqabad"
"276866","Saqib Nasim","DR-197","EMDS Call","Medical Emergency","Abdominal Pain","2026/03/30 02:25:36 AM","Rahim Yar Khan"
"77435","Rana M. Usman","DR-200","Direct Call","Patient Transfer Service","N/A","2026/03/30 02:34:58 AM","Sadiqabad"
"276867","Saqib Nasim","DR-197","EMDS Call","Medical Emergency","Hypertension","2026/03/30 02:53:31 AM","Liaqatpur"
"276868","Rana M. Usman","DR-200","EMDS Call","Medical Emergency","Renal Disorders / Renal Colic ","2026/03/30 03:02:01 AM","Sadiqabad"
"276869","Muhammad Fiaz","DR-206","EMDS Call","Medical Emergency","Abdominal Pain","2026/03/30 03:07:19 AM","Khanpur"
"276870","Saqib Nasim","DR-197","EMDS Call","Medical Emergency","SOB/ Respiratory Distress","2026/03/30 03:13:30 AM","Sadiqabad"
"276871","Zupasha Zia","MR-5758","EMDS Call","Medical Emergency","Hypertension","2026/03/30 03:48:30 AM","Rahim Yar Khan"
"77436","Zupasha Zia","MR-5758","Direct Call","Patient Transfer Service","N/A","2026/03/30 03:56:39 AM","Liaqatpur"
"276872","Zupasha Zia","MR-5758","EMDS Call","Medical Emergency","Vomiting","2026/03/30 04:47:45 AM","Rahim Yar Khan"
"276873","Sheeza Barkat","MR-5331","EMDS Call","Medical Emergency","Anxiety / Psychiatric Disorder","2026/03/30 04:48:54 AM","Rahim Yar Khan"
"77437","Zupasha Zia","MR-5758","Direct Call","Patient Transfer Service","N/A","2026/03/30 04:56:52 AM","Sadiqabad"
"276874","Sheeza Barkat","MR-5331","EMDS Call","Medical Emergency","Unconscious","2026/03/30 04:56:00 AM","Rahim Yar Khan"
"276875","Muhammad Tariq Hameed","DR-885","EMDS Call","Medical Emergency","Chronic Illness","2026/03/30 04:58:52 AM","Khanpur"
"276876","Zupasha Zia","MR-5758","EMDS Call","Medical Emergency","Hypertension","2026/03/30 05:22:13 AM","Rahim Yar Khan"
"77438","Zupasha Zia","MR-5758","Direct Call","Patient Transfer Service","N/A","2026/03/30 05:34:47 AM","Liaqatpur"
"276877","Muhammad Tariq Hameed","DR-885","EMDS Call","Medical Emergency","SOB/ Respiratory Distress","2026/03/30 05:37:53 AM","Sadiqabad"
"276878","Zupasha Zia","MR-5758","EMDS Call","Road Crash","Minor Injuries","2026/03/30 05:38:51 AM","Rahim Yar Khan"
"276879","Muhammad Tariq Hameed","DR-885","EMDS Call","Road Crash","Severe Trauma","2026/03/30 05:53:28 AM","Khanpur"
"276880","Sheeza Barkat","MR-5331","EMDS Call","Medical Emergency","Unconscious","2026/03/30 06:38:20 AM","Rahim Yar Khan"
"276881","Muhammad Tariq Hameed","DR-885","EMDS Call","Medical Emergency","Unconscious","2026/03/30 06:45:55 AM","Khanpur"
"276882","Muhammad Tariq Hameed","DR-885","EMDS Call","Medical Emergency","Vomiting","2026/03/30 07:10:59 AM","Rahim Yar Khan"
"276883","Sheeza Barkat","MR-5331","EMDS Call","Medical Emergency","Joints Pain","2026/03/30 07:14:22 AM","Rahim Yar Khan"
"276884","Sheeza Barkat","MR-5331","EMDS Call","Medical Emergency","Urinary Retention","2026/03/30 07:23:57 AM","Rahim Yar Khan"
"276885","Muhammad Fiaz","DR-206","Direct Call","Rescue Operations","Mass Event Coverage","2026/03/30 07:49:52 AM","Rahim Yar Khan"
"276886","Sheeza Barkat","MR-5331","EMDS Call","Medical Emergency","Hypotension","2026/03/30 07:51:23 AM","Liaqatpur"
"77439","Zupasha Zia","MR-5758","Direct Call","Patient Transfer Service","N/A","2026/03/30 07:58:41 AM","Khanpur"
"276887","Muhammad Fiaz","DR-206","EMDS Call","Road Crash","Minor Injuries","2026/03/30 07:57:51 AM","Rahim Yar Khan"
"276888","Shahla Nawaz","DR-185","EMDS Call","Road Crash","Minor Injuries","2026/03/30 08:05:02 AM","Rahim Yar Khan"
"276889","Muhammad Fiaz","DR-206","EMDS Call","Medical Emergency","Vertigo/ Dizziness","2026/03/30 08:06:05 AM","Rahim Yar Khan"
"276890","Shahla Nawaz","DR-185","EMDS Call","Medical Emergency","High Fever","2026/03/30 08:12:19 AM","Khanpur"
"276891","Saqib Nasim","DR-197","EMDS Call","Medical Emergency","Abdominal Pain","2026/03/30 08:12:29 AM","Sadiqabad"
"276892","Muhammad Fiaz","DR-206","EMDS Call","Road Crash","Multiple Fractures","2026/03/30 08:16:46 AM","Rahim Yar Khan"
"276893","Muhammad Fiaz","DR-206","EMDS Call","Road Crash","Severe Trauma","2026/03/30 08:26:56 AM","Liaqatpur"
"276894","Shahla Nawaz","DR-185","EMDS Call","Medical Emergency","Abdominal Pain","2026/03/30 08:27:52 AM","Rahim Yar Khan"
"276895","Muhammad Fiaz","DR-206","EMDS Call","Medical Emergency","Abdominal Pain","2026/03/30 08:30:21 AM","Rahim Yar Khan"
"276896","Muhammad Fiaz","DR-206","EMDS Call","Road Crash","Severe Trauma","2026/03/30 08:33:48 AM","Khanpur"
"Not Assigned","Shahla Nawaz","DR-185","EMDS Call","Road Crash","Severe Trauma","2026/03/30 08:35:22 AM","Rahim Yar Khan"
"Not Assigned","Shahla Nawaz","DR-185","Direct Call","Medical Emergency","Vomiting","2026/03/30 08:44:15 AM","Rahim Yar Khan"
"276898","Muhammad Fiaz","DR-206","EMDS Call","Medical Emergency","Backache","2026/03/30 08:44:33 AM","Liaqatpur"
"276900","Saqib Nasim","DR-197","EMDS Call","Medical Emergency","Vomiting","2026/03/30 08:44:19 AM","Khanpur"
"77440","Saqib Nasim","DR-197","Direct Call","Patient Transfer Service","N/A","2026/03/30 08:49:53 AM","Khanpur"
"276901","Muhammad Fiaz","DR-206","EMDS Call","Medical Emergency","Urinary Retention","2026/03/30 08:54:59 AM","Rahim Yar Khan"
"276902","Shahla Nawaz","DR-185","EMDS Call","Medical Emergency","Gynae Problem","2026/03/30 08:56:03 AM","Sadiqabad"
"276903","Saqib Nasim","DR-197","EMDS Call","Medical Emergency","Abdominal Pain","2026/03/30 08:59:21 AM","Liaqatpur"
"276904","Muhammad Fiaz","DR-206","EMDS Call","Medical Emergency","Vomiting","2026/03/30 09:08:37 AM","Sadiqabad"
"276905","Yasir Ilyas","DR-893","EMDS Call","Road Crash","Multiple Fractures","2026/03/30 09:14:44 AM","Rahim Yar Khan"
"276906","Saqib Nasim","DR-197","EMDS Call","Road Crash","Minor Injuries","2026/03/30 09:22:06 AM","Rahim Yar Khan"
"276907","Yasir Ilyas","DR-893","EMDS Call","Medical Emergency","High Fever","2026/03/30 09:27:35 AM","Rahim Yar Khan"
"276908","Saqib Nasim","DR-197","EMDS Call","Medical Emergency","High Fever","2026/03/30 09:28:34 AM","Rahim Yar Khan"
"276909","Adnan Shabbir","DR-205","EMDS Call","Medical Emergency","Vertigo/ Dizziness","2026/03/30 09:37:19 AM","Rahim Yar Khan"
"276910","Yasir Ilyas","DR-893","EMDS Call","Medical Emergency","Abdominal Pain","2026/03/30 09:39:20 AM","Khanpur"
"276911","Adnan Shabbir","DR-205","EMDS Call","Road Crash","Minor Injuries","2026/03/30 09:39:48 AM","Rahim Yar Khan"
"276912","Muhammad Fiaz","DR-206","EMDS Call","Road Crash","Bleeding","2026/03/30 09:48:17 AM","Rahim Yar Khan"
"276913","Yasir Ilyas","DR-893","EMDS Call","Medical Emergency","High Fever","2026/03/30 09:49:17 AM","Rahim Yar Khan"
"276914","Adnan Shabbir","DR-205","EMDS Call","Medical Emergency","Unconscious","2026/03/30 09:49:14 AM","Sadiqabad"
"276915","Saqib Nasim","DR-197","EMDS Call","Rescue Operations","Delivery Case","2026/03/30 09:51:51 AM","Liaqatpur"
"276916","Muhammad Fiaz","DR-206","EMDS Call","Medical Emergency","CVA/Stroke","2026/03/30 09:57:49 AM","Sadiqabad"
"276917","Adnan Shabbir","DR-205","EMDS Call","Medical Emergency","Vertigo/ Dizziness","2026/03/30 09:59:10 AM","Rahim Yar Khan"
"276918","Saqib Nasim","DR-197","EMDS Call","Medical Emergency","Joints Pain","2026/03/30 10:03:35 AM","Rahim Yar Khan"
"276919","Yasir Ilyas","DR-893","EMDS Call","Road Crash","Minor Injuries","2026/03/30 10:03:32 AM","Khanpur"
"276920","Adnan Shabbir","DR-205","EMDS Call","Road Crash","Multiple Fractures","2026/03/30 10:08:56 AM","Rahim Yar Khan"
"276921","Adnan Shabbir","DR-205","EMDS Call","Road Crash","Bleeding","2026/03/30 10:12:59 AM","Rahim Yar Khan"
"276921","Adnan Shabbir","DR-205","EMDS Call","Road Crash","Bleeding","2026/03/30 10:12:59 AM","Rahim Yar Khan"
"276922","Adnan Shabbir","DR-205","EMDS Call","Medical Emergency","Joints Pain","2026/03/30 10:20:28 AM","Sadiqabad"
"276923","Yasir Ilyas","DR-893","EMDS Call","Medical Emergency","Domestic Injuries","2026/03/30 10:22:42 AM","Rahim Yar Khan"
"276924","Muhammad Fiaz","DR-206","EMDS Call","Medical Emergency","Hypertension","2026/03/30 10:23:12 AM","Rahim Yar Khan"
"276925","Adnan Shabbir","DR-205","EMDS Call","Medical Emergency","SOB/ Respiratory Distress","2026/03/30 10:24:34 AM","Rahim Yar Khan"
"276926","Muhammad Fiaz","DR-206","EMDS Call","Medical Emergency","Anxiety / Psychiatric Disorder","2026/03/30 10:29:36 AM","Rahim Yar Khan"
"276927","Saqib Nasim","DR-197","EMDS Call","Medical Emergency","Anxiety / Psychiatric Disorder","2026/03/30 10:33:50 AM","Rahim Yar Khan"
"276928","Adnan Shabbir","DR-205","EMDS Call","Road Crash","Minor Injuries","2026/03/30 10:41:22 AM","Sadiqabad"
"276929","Adnan Shabbir","DR-205","EMDS Call","Medical Emergency","Joints Pain","2026/03/30 10:43:02 AM","Khanpur"
"276930","Imran Anjum","DR-204","EMDS Call","Fire","Carelessness/Smoking","2026/03/30 10:49:23 AM","Khanpur"
"276931","Saqib Nasim","DR-197","EMDS Call","Medical Emergency","Diabetic","2026/03/30 10:50:31 AM","Khanpur"
"276932","Yasir Ilyas","DR-893","EMDS Call","Medical Emergency","Abdominal Pain","2026/03/30 10:52:09 AM","Liaqatpur"
"276933","Imran Anjum","DR-204","EMDS Call","Medical Emergency","Diabetic","2026/03/30 10:53:11 AM","Rahim Yar Khan"
"276934","Yasir Ilyas","DR-893","EMDS Call","Medical Emergency","Anxiety / Psychiatric Disorder","2026/03/30 10:58:38 AM","Khanpur"
"276935","Saqib Nasim","DR-197","EMDS Call","Medical Emergency","SOB/ Respiratory Distress","2026/03/30 11:02:59 AM","Rahim Yar Khan"
"276936","Adnan Shabbir","DR-205","EMDS Call","Medical Emergency","Hypertension","2026/03/30 11:04:42 AM","Sadiqabad"
"276937","Adnan Shabbir","DR-205","EMDS Call","Medical Emergency","Hypertension","2026/03/30 11:09:00 AM","Rahim Yar Khan"
"276938","Saqib Nasim","DR-197","EMDS Call","Medical Emergency","Joints Pain","2026/03/30 11:08:01 AM","Rahim Yar Khan"
"276939","Yasir Ilyas","DR-893","EMDS Call","Road Crash","Bleeding","2026/03/30 11:16:03 AM","Sadiqabad"
"276940","Adnan Shabbir","DR-205","EMDS Call","Road Crash","Minor Injuries","2026/03/30 11:16:15 AM","Rahim Yar Khan"
"276941","Saqib Nasim","DR-197","EMDS Call","Rescue Operations","Scorpion Bite/Other Animal/Insect Bite","2026/03/30 11:19:17 AM","Rahim Yar Khan"
"276941","Saqib Nasim","DR-197","EMDS Call","Rescue Operations","Scorpion Bite/Other Animal/Insect Bite","2026/03/30 11:19:17 AM","Rahim Yar Khan"
"77441","Adnan Shabbir","DR-205","Direct Call","Patient Transfer Service","N/A","2026/03/30 11:23:39 AM","Sadiqabad"
"276942","Imran Anjum","DR-204","EMDS Call","Road Crash","Multiple Fractures","2026/03/30 11:22:24 AM","Khanpur"
"276943","Yasir Ilyas","DR-893","EMDS Call","Medical Emergency","Anxiety / Psychiatric Disorder","2026/03/30 11:23:52 AM","Sadiqabad"
"276944","Imran Anjum","DR-204","EMDS Call","Medical Emergency","Anxiety / Psychiatric Disorder","2026/03/30 11:34:54 AM","Rahim Yar Khan"
"276945","Adnan Shabbir","DR-205","EMDS Call","Medical Emergency","Abdominal Pain","2026/03/30 11:37:06 AM","Sadiqabad"
"77442","Adnan Shabbir","DR-205","Direct Call","Patient Transfer Service","N/A","2026/03/30 11:38:35 AM","Sadiqabad"
"276946","Adnan Shabbir","DR-205","EMDS Call","Medical Emergency","Backache","2026/03/30 11:48:44 AM","Rahim Yar Khan"
"276947","Imran Anjum","DR-204","EMDS Call","Rescue Operations","Delivery Case","2026/03/30 11:51:19 AM","Sadiqabad"
"276948","Yasir Ilyas","DR-893","EMDS Call","Road Crash","Severe Trauma","2026/03/30 11:55:13 AM","Rahim Yar Khan"
"276949","Imran Anjum","DR-204","EMDS Call","Road Crash","Minor Injuries","2026/03/30 11:56:46 AM","Rahim Yar Khan"
"77443","Adnan Shabbir","DR-205","Direct Call","Patient Transfer Service","N/A","2026/03/30 11:59:04 AM","Khanpur"
"77444","Adnan Shabbir","DR-205","Direct Call","Patient Transfer Service","N/A","2026/03/30 12:01:17 PM","Khanpur"
"276951","Yasir Ilyas","DR-893","EMDS Call","Road Crash","Severe Trauma","2026/03/30 12:04:04 PM","Sadiqabad"
"276951","Yasir Ilyas","DR-893","EMDS Call","Road Crash","Severe Trauma","2026/03/30 12:04:04 PM","Sadiqabad"
"276950","Imran Anjum","DR-204","EMDS Call","Medical Emergency","Vomiting","2026/03/30 12:05:49 PM","Khanpur"
"276953","Adnan Shabbir","DR-205","EMDS Call","Medical Emergency","Diabetic","2026/03/30 12:12:19 PM","Rahim Yar Khan"
"276952","Yasir Ilyas","DR-893","EMDS Call","Road Crash","Minor Injuries","2026/03/30 12:10:09 PM","Rahim Yar Khan"
"276955","Imran Anjum","DR-204","EMDS Call","Road Crash","Severe Trauma","2026/03/30 12:16:20 PM","Liaqatpur"
"276954","Yasir Ilyas","DR-893","EMDS Call","Medical Emergency","Vertigo/ Dizziness","2026/03/30 12:21:53 PM","Rahim Yar Khan"
"276958","Adnan Shabbir","DR-205","EMDS Call","Medical Emergency","Joints Pain","2026/03/30 12:28:02 PM","Rahim Yar Khan"
"276957","Imran Anjum","DR-204","EMDS Call","Road Crash","Severe Trauma","2026/03/30 12:28:12 PM","Khanpur"
"276957","Imran Anjum","DR-204","EMDS Call","Road Crash","Severe Trauma","2026/03/30 12:28:12 PM","Khanpur"
"276957","Imran Anjum","DR-204","EMDS Call","Road Crash","Severe Trauma","2026/03/30 12:28:12 PM","Khanpur"
"276957","Imran Anjum","DR-204","EMDS Call","Road Crash","Severe Trauma","2026/03/30 12:28:12 PM","Khanpur"
"276959","Saqib Nasim","DR-197","EMDS Call","Medical Emergency","Domestic Injuries","2026/03/30 12:33:27 PM","Rahim Yar Khan"
"276960","Adnan Shabbir","DR-205","Direct Call","Medical Emergency","Abdominal Pain","2026/03/30 12:45:20 PM","Sadiqabad"
"276961","Imran Anjum","DR-204","EMDS Call","Rescue Operations","Others","2026/03/30 12:44:24 PM","Rahim Yar Khan"
"276962","Saqib Nasim","DR-197","EMDS Call","Medical Emergency","Anxiety / Psychiatric Disorder","2026/03/30 12:50:40 PM","Rahim Yar Khan"
"276963","Adnan Shabbir","DR-205","EMDS Call","Road Crash","Bleeding","2026/03/30 12:54:22 PM","Rahim Yar Khan"
"276964","Imran Anjum","DR-204","EMDS Call","Medical Emergency","Headache","2026/03/30 12:55:56 PM","Rahim Yar Khan"
"276965","Adnan Shabbir","DR-205","EMDS Call","Medical Emergency","Anxiety / Psychiatric Disorder","2026/03/30 01:06:40 PM","Rahim Yar Khan"
"77445","Adnan Shabbir","DR-205","Direct Call","Patient Transfer Service","N/A","2026/03/30 01:15:54 PM","Sadiqabad"
"276966","Adnan Shabbir","DR-205","EMDS Call","Rescue Operations","Electric Shock","2026/03/30 01:24:17 PM","Sadiqabad"
"276967","Shahla Nawaz","DR-185","EMDS Call","Road Crash","Bleeding","2026/03/30 01:29:29 PM","Khanpur"
"276968","Saqib Nasim","DR-197","EMDS Call","Rescue Operations","Animal/Bird Rescue","2026/03/30 01:32:17 PM","Rahim Yar Khan"
"276969","Adnan Shabbir","DR-205","EMDS Call","Medical Emergency","SOB/ Respiratory Distress","2026/03/30 01:36:58 PM","Rahim Yar Khan"
"276970","Saqib Nasim","DR-197","EMDS Call","Medical Emergency","Chronic Illness","2026/03/30 01:48:35 PM","Rahim Yar Khan"
"276971","Imran Anjum","DR-204","Direct Call","Medical Emergency","Backache","2026/03/30 01:53:27 PM","Rahim Yar Khan"
"276972","Adnan Shabbir","DR-205","EMDS Call","Road Crash","Minor Injuries","2026/03/30 01:53:00 PM","Sadiqabad"
"276973","Muhammad Zahid","DR-888","EMDS Call","Medical Emergency","Abdominal Pain","2026/03/30 02:12:51 PM","Khanpur"
"276974","Saima Bashir","MR-5819","EMDS Call","Medical Emergency","Vomiting","2026/03/30 02:19:44 PM","Sadiqabad"
"276976","Imran Anjum","DR-204","EMDS Call","Fire","Carelessness/Smoking","2026/03/30 02:19:12 PM","Sadiqabad"
"276975","Adnan Shabbir","DR-205","EMDS Call","Medical Emergency","Epilepsy","2026/03/30 02:21:36 PM","Sadiqabad"
"276977","Imran Anjum","DR-204","EMDS Call","Road Crash","Bleeding","2026/03/30 02:23:49 PM","Rahim Yar Khan"
"276978","Saima Bashir","MR-5819","EMDS Call","Road Crash","Minor Injuries","2026/03/30 02:24:14 PM","Rahim Yar Khan"
"276981","Imran Anjum","DR-204","EMDS Call","Medical Emergency","Vertigo/ Dizziness","2026/03/30 02:29:47 PM","Rahim Yar Khan"
"276979","Saima Bashir","MR-5819","EMDS Call","Medical Emergency","Hypertension","2026/03/30 02:33:55 PM","Rahim Yar Khan"
"276980","Sheeza Barkat","MR-5331","EMDS Call","Road Crash","Severe Trauma","2026/03/30 02:35:58 PM","Liaqatpur"
"276982","Imran Anjum","DR-204","Direct Call","Medical Emergency","Abdominal Pain","2026/03/30 02:54:18 PM","Rahim Yar Khan"
"276983","Imran Anjum","DR-204","Direct Call","Medical Emergency","Vertigo/ Dizziness","2026/03/30 02:58:32 PM","Rahim Yar Khan"
"276985","Imran Anjum","DR-204","EMDS Call","Medical Emergency","Domestic Injuries","2026/03/30 03:03:17 PM","Rahim Yar Khan"
"276984","Saima Bashir","MR-5819","EMDS Call","Medical Emergency","High Fever","2026/03/30 03:08:52 PM","Liaqatpur"
"77446","Nida Rahat","DR-1322","Direct Call","Patient Transfer Service","N/A","2026/03/30 03:10:28 PM","Sadiqabad"
"276986","Nida Rahat","DR-1322","EMDS Call","Medical Emergency","SOB/ Respiratory Distress","2026/03/30 03:14:06 PM","Khanpur"
"276987","Saima Bashir","MR-5819","EMDS Call","Road Crash","Bleeding","2026/03/30 03:18:39 PM","Sadiqabad"
"276988","Nida Rahat","DR-1322","EMDS Call","Medical Emergency","Anxiety / Psychiatric Disorder","2026/03/30 03:19:48 PM","Rahim Yar Khan"
"276989","Imran Anjum","DR-204","EMDS Call","Rescue Operations","Electric Shock","2026/03/30 03:22:43 PM","Rahim Yar Khan"
"276990","Saima Bashir","MR-5819","EMDS Call","Medical Emergency","Hypertension","2026/03/30 03:25:08 PM","Sadiqabad"
"276992","Imran Anjum","DR-204","EMDS Call","Medical Emergency","SOB/ Respiratory Distress","2026/03/30 03:27:07 PM","Rahim Yar Khan"
"276991","Saima Bashir","MR-5819","EMDS Call","Medical Emergency","High Fever","2026/03/30 03:31:49 PM","Rahim Yar Khan"
"276993","Nida Rahat","DR-1322","EMDS Call","Medical Emergency","High Fever","2026/03/30 03:34:39 PM","Rahim Yar Khan"
"276994","Saima Bashir","MR-5819","EMDS Call","Medical Emergency","Vomiting","2026/03/30 03:48:08 PM","Sadiqabad"
"276995","Saima Bashir","MR-5819","EMDS Call","Medical Emergency","Backache","2026/03/30 04:01:04 PM","Sadiqabad"
"276996","Saima Bashir","MR-5819","EMDS Call","Medical Emergency","Unconscious","2026/03/30 04:07:29 PM","Rahim Yar Khan"
"276997","Imran Anjum","DR-204","EMDS Call","Road Crash","Bleeding","2026/03/30 04:12:47 PM","Khanpur"
"276997","Imran Anjum","DR-204","EMDS Call","Road Crash","Bleeding","2026/03/30 04:12:47 PM","Khanpur"
"276998","Nida Rahat","DR-1322","EMDS Call","Medical Emergency","High Fever","2026/03/30 04:16:01 PM","Rahim Yar Khan"
"77447","Zia ul Haq","DR-328","Direct Call","Patient Transfer Service","N/A","2026/03/30 04:24:08 PM","Rahim Yar Khan"
"276999","Sheeza Barkat","MR-5331","EMDS Call","Road Crash","Bleeding","2026/03/30 04:30:49 PM","Khanpur"
"277000","Imran Anjum","DR-204","EMDS Call","Road Crash","Minor Injuries","2026/03/30 04:41:30 PM","Sadiqabad"
"277000","Imran Anjum","DR-204","EMDS Call","Road Crash","Minor Injuries","2026/03/30 04:41:30 PM","Sadiqabad"
"277001","Nida Rahat","DR-1322","EMDS Call","Road Crash","Bleeding","2026/03/30 04:44:07 PM","Rahim Yar Khan"
"277002","Sheeza Barkat","MR-5331","EMDS Call","Medical Emergency","Hypertension","2026/03/30 04:52:20 PM","Rahim Yar Khan"
"277003","Nida Rahat","DR-1322","EMDS Call","Medical Emergency","High Fever","2026/03/30 04:58:25 PM","Rahim Yar Khan"
"277004","Adil Iqbal","DR-782","EMDS Call","Road Crash","Minor Injuries","2026/03/30 05:04:08 PM","Rahim Yar Khan"
"277005","Sheeza Barkat","MR-5331","EMDS Call","Medical Emergency","Anxiety / Psychiatric Disorder","2026/03/30 05:02:40 PM","Sadiqabad"
"277006","Zia ul Haq","DR-328","EMDS Call","Road Crash","Bleeding","2026/03/30 05:07:15 PM","Rahim Yar Khan"
"277007","Nida Rahat","DR-1322","EMDS Call","Medical Emergency","SOB/ Respiratory Distress","2026/03/30 05:21:19 PM","Sadiqabad"
"277008","Adil Iqbal","DR-782","EMDS Call","Medical Emergency","SOB/ Respiratory Distress","2026/03/30 05:23:30 PM","Rahim Yar Khan"
"277009","Nida Rahat","DR-1322","EMDS Call","Medical Emergency","Diabetic","2026/03/30 05:30:52 PM","Sadiqabad"
"77448","Nida Rahat","DR-1322","Direct Call","Patient Transfer Service","N/A","2026/03/30 05:39:22 PM","Sadiqabad"
"277010","Adil Iqbal","DR-782","EMDS Call","Medical Emergency","Renal Disorders / Renal Colic ","2026/03/30 05:45:18 PM","Sadiqabad"
"277011","Nida Rahat","DR-1322","Direct Call","Medical Emergency","Chronic Illness","2026/03/30 05:49:02 PM","Khanpur"
"277012","Nida Rahat","DR-1322","EMDS Call","Medical Emergency","SOB/ Respiratory Distress","2026/03/30 05:57:53 PM","Rahim Yar Khan"
"277013","Adil Iqbal","DR-782","EMDS Call","Medical Emergency","Joints Pain","2026/03/30 06:01:06 PM","Rahim Yar Khan"
"277014","Sheeza Barkat","MR-5331","EMDS Call","Medical Emergency","Anxiety / Psychiatric Disorder","2026/03/30 06:03:02 PM","Rahim Yar Khan"
"277015","Adil Iqbal","DR-782","EMDS Call","Road Crash","Minor Injuries","2026/03/30 06:04:08 PM","Rahim Yar Khan"
"277016","Sheeza Barkat","MR-5331","EMDS Call","Medical Emergency","Vertigo/ Dizziness","2026/03/30 06:10:08 PM","Rahim Yar Khan"
"Not Assigned","Saima Bashir","MR-5819","EMDS Call","Medical Emergency","Others","2026/03/30 06:15:02 PM","Khanpur"
"77449","Nida Rahat","DR-1322","Direct Call","Patient Transfer Service","N/A","2026/03/30 06:16:21 PM","Khanpur"
"77450","Nida Rahat","DR-1322","Direct Call","Patient Transfer Service","N/A","2026/03/30 06:17:22 PM","Khanpur"
"277018","Saima Bashir","MR-5819","EMDS Call","Medical Emergency","Vomiting","2026/03/30 06:18:49 PM","Sadiqabad"
"277019","Fahad Hussain","DR-538","EMDS Call","Medical Emergency","Vertigo/ Dizziness","2026/03/30 06:16:27 PM","Rahim Yar Khan"
"277020","Sheeza Barkat","MR-5331","EMDS Call","Medical Emergency","High Fever","2026/03/30 06:21:18 PM","Rahim Yar Khan"
"277021","Sheeza Barkat","MR-5331","EMDS Call","Medical Emergency","SOB/ Respiratory Distress","2026/03/30 06:29:09 PM","Khanpur"
"277022","Saima Bashir","MR-5819","EMDS Call","Medical Emergency","SOB/ Respiratory Distress","2026/03/30 06:32:53 PM","Rahim Yar Khan"
"77451","Sheeza Barkat","MR-5331","Direct Call","Patient Transfer Service","N/A","2026/03/30 06:43:05 PM","Sadiqabad"
"277023","Fahad Hussain","DR-538","EMDS Call","Road Crash","Minor Injuries","2026/03/30 06:48:33 PM","Khanpur"
"277024","Nida Rahat","DR-1322","EMDS Call","Medical Emergency","Anxiety / Psychiatric Disorder","2026/03/30 06:59:32 PM","Rahim Yar Khan"
"277025","Sheeza Barkat","MR-5331","EMDS Call","Medical Emergency","Abdominal Pain","2026/03/30 07:00:33 PM","Khanpur"
"277026","Sheeza Barkat","MR-5331","EMDS Call","Road Crash","Bleeding","2026/03/30 07:04:57 PM","Rahim Yar Khan"
"277027","Nida Rahat","DR-1322","EMDS Call","Medical Emergency","Joints Pain","2026/03/30 07:05:31 PM","Rahim Yar Khan"
"277028","Fahad Hussain","DR-538","EMDS Call","Medical Emergency","Vertigo/ Dizziness","2026/03/30 07:08:04 PM","Rahim Yar Khan"
"277029","Saima Bashir","MR-5819","EMDS Call","Medical Emergency","Anxiety / Psychiatric Disorder","2026/03/30 07:10:18 PM","Sadiqabad"
"277030","Nida Rahat","DR-1322","EMDS Call","Road Crash","Minor Injuries","2026/03/30 07:12:38 PM","Rahim Yar Khan"
"277031","Fahad Hussain","DR-538","EMDS Call","Road Crash","Bleeding","2026/03/30 07:12:53 PM","Liaqatpur"
"277032","Saima Bashir","MR-5819","EMDS Call","Medical Emergency","Hypertension","2026/03/30 07:17:29 PM","Liaqatpur"
"277033","Sheeza Barkat","MR-5331","EMDS Call","Medical Emergency","Hypertension","2026/03/30 07:21:09 PM","Khanpur"
"277034","Saima Bashir","MR-5819","EMDS Call","Road Crash","Minor Injuries","2026/03/30 07:24:26 PM","Sadiqabad"
"277035","Nida Rahat","DR-1322","EMDS Call","Medical Emergency","CVA/Stroke","2026/03/30 07:29:25 PM","Rahim Yar Khan"
"277036","Sheeza Barkat","MR-5331","EMDS Call","Medical Emergency","Vertigo/ Dizziness","2026/03/30 07:30:28 PM","Rahim Yar Khan"
"277037","Saima Bashir","MR-5819","EMDS Call","Medical Emergency","Chest Pain","2026/03/30 07:32:06 PM","Rahim Yar Khan"
"277038","Nida Rahat","DR-1322","EMDS Call","Road Crash","Minor Injuries","2026/03/30 07:33:44 PM","Rahim Yar Khan"
"277039","Saima Bashir","MR-5819","EMDS Call","Medical Emergency","Hypertension","2026/03/30 07:38:55 PM","Rahim Yar Khan"
"277040","Saima Bashir","MR-5819","EMDS Call","Road Crash","Minor Injuries","2026/03/30 07:43:15 PM","Sadiqabad"
"Not Assigned","Nida Rahat","DR-1322","EMDS Call","Medical Emergency","Chest Pain","2026/03/30 07:43:33 PM","Liaqatpur"
"277041","Nida Rahat","DR-1322","EMDS Call","Fire","Others","2026/03/30 07:52:30 PM","Liaqatpur"
"277042","Sheeza Barkat","MR-5331","EMDS Call","Rescue Operations","Delivery Case","2026/03/30 07:51:03 PM","Khanpur"
"277044","Saima Bashir","MR-5819","EMDS Call","Medical Emergency","High Fever","2026/03/30 07:52:31 PM","Sadiqabad"
"277043","Nida Rahat","DR-1322","EMDS Call","Medical Emergency","Anxiety / Psychiatric Disorder","2026/03/30 07:53:26 PM","Rahim Yar Khan"
"77452","Nida Rahat","DR-1322","Direct Call","Patient Transfer Service","N/A","2026/03/30 08:00:25 PM","Sadiqabad"
"277045","Saima Bashir","MR-5819","EMDS Call","Medical Emergency","Vomiting","2026/03/30 08:00:17 PM","Rahim Yar Khan"
"277046","Nida Rahat","DR-1322","EMDS Call","Fire","Others","2026/03/30 08:00:31 PM","Rahim Yar Khan"
"277047","Nida Rahat","DR-1322","EMDS Call","Medical Emergency","Vertigo/ Dizziness","2026/03/30 08:04:57 PM","Rahim Yar Khan"
"277048","Nida Rahat","DR-1322","EMDS Call","Medical Emergency","Anxiety / Psychiatric Disorder","2026/03/30 08:08:35 PM","Rahim Yar Khan"
"277050","Nida Rahat","DR-1322","EMDS Call","Rescue Operations","Snake Emergency","2026/03/30 08:12:38 PM","Sadiqabad"
"277049","Sheeza Barkat","MR-5331","EMDS Call","Medical Emergency","Chest Pain","2026/03/30 08:09:32 PM","Sadiqabad"
"277051","Nida Rahat","DR-1322","EMDS Call","Medical Emergency","Anxiety / Psychiatric Disorder","2026/03/30 08:37:36 PM","Sadiqabad"
"277052","Nida Rahat","DR-1322","EMDS Call","Medical Emergency","High Fever","2026/03/30 08:41:52 PM","Rahim Yar Khan"
"77453","Saima Bashir","MR-5819","Direct Call","Patient Transfer Service","N/A","2026/03/30 08:43:29 PM","Khanpur"
"77454","Saima Bashir","MR-5819","Direct Call","Patient Transfer Service","N/A","2026/03/30 08:46:01 PM","Khanpur"
"277053","Muhammad Riaz","DR-654","EMDS Call","Medical Emergency","Abdominal Pain","2026/03/30 08:53:43 PM","Sadiqabad"
"277054","Bushra Saleem","MR-5701","EMDS Call","Medical Emergency","Unconscious","2026/03/30 09:02:57 PM","Rahim Yar Khan"
"277055","Muhammad Riaz","DR-654","EMDS Call","Medical Emergency","Chest Pain","2026/03/30 09:07:59 PM","Rahim Yar Khan"
"277056","Bushra Saleem","MR-5701","EMDS Call","Medical Emergency","Abdominal Pain","2026/03/30 09:07:45 PM","Rahim Yar Khan"
"277057","Bushra Saleem","MR-5701","EMDS Call","Medical Emergency","Abdominal Pain","2026/03/30 09:12:40 PM","Liaqatpur"
"277058","Muhammad Zubair","DR-894","Direct Call","Medical Emergency","Chest Pain","2026/03/30 09:18:07 PM","Rahim Yar Khan"
"77455","Bushra Saleem","MR-5701","Direct Call","Patient Transfer Service","N/A","2026/03/30 09:32:08 PM","Khanpur"
"277059","Zupasha Zia","MR-5758","EMDS Call","Medical Emergency","Headache","2026/03/30 09:33:20 PM","Rahim Yar Khan"
"77456","Zupasha Zia","MR-5758","Direct Call","Patient Transfer Service","N/A","2026/03/30 09:39:52 PM","Sadiqabad"
"277060","Bushra Saleem","MR-5701","EMDS Call","Medical Emergency","Urinary Retention","2026/03/30 09:39:06 PM","Rahim Yar Khan"
"277061","Bushra Saleem","MR-5701","EMDS Call","Medical Emergency","SOB/ Respiratory Distress","2026/03/30 10:06:03 PM","Rahim Yar Khan"
"277063","Zupasha Zia","MR-5758","EMDS Call","Medical Emergency","Chronic Illness","2026/03/30 10:05:29 PM","Rahim Yar Khan"
"277062","Muhammad Zubair","DR-894","EMDS Call","Medical Emergency","Hypertension","2026/03/30 10:10:43 PM","Sadiqabad"
"277064","Zupasha Zia","MR-5758","EMDS Call","Rescue Operations","Pet Dog","2026/03/30 10:20:02 PM","Sadiqabad"
"277066","Muhammad Zubair","DR-894","EMDS Call","Medical Emergency","SOB/ Respiratory Distress","2026/03/30 10:26:01 PM","Khanpur"
"277065","Zupasha Zia","MR-5758","EMDS Call","Medical Emergency","Hypotension","2026/03/30 10:29:42 PM","Liaqatpur"
"277067","Muhammad Zubair","DR-894","EMDS Call","Medical Emergency","Hypertension","2026/03/30 10:36:44 PM","Rahim Yar Khan"
"277068","Bushra Saleem","MR-5701","EMDS Call","Medical Emergency","Abdominal Pain","2026/03/30 10:38:52 PM","Rahim Yar Khan"
"277069","Muhammad Zubair","DR-894","EMDS Call","Road Crash","Minor Injuries","2026/03/30 10:43:22 PM","Sadiqabad"
"277069","Muhammad Zubair","DR-894","EMDS Call","Road Crash","Minor Injuries","2026/03/30 10:43:22 PM","Sadiqabad"
"277071","Zupasha Zia","MR-5758","EMDS Call","Medical Emergency","Abdominal Pain","2026/03/30 10:44:39 PM","Liaqatpur"
"277070","Muhammad Zubair","DR-894","EMDS Call","Road Crash","Minor Injuries","2026/03/30 10:47:31 PM","Khanpur"
"277072","Zupasha Zia","MR-5758","EMDS Call","Medical Emergency","Vomiting","2026/03/30 10:49:28 PM","Rahim Yar Khan"
"277073","Zupasha Zia","MR-5758","EMDS Call","Medical Emergency","Anxiety / Psychiatric Disorder","2026/03/30 11:07:27 PM","Rahim Yar Khan"
"77457","Muhammad Zubair","DR-894","Direct Call","Patient Transfer Service","N/A","2026/03/30 11:10:01 PM","Sadiqabad"
"77458","Muhammad Zubair","DR-894","Direct Call","Patient Transfer Service","N/A","2026/03/30 11:19:01 PM","Sadiqabad"
"277074","Muhammad Zubair","DR-894","EMDS Call","Medical Emergency","Gynae Problem","2026/03/30 11:20:00 PM","Sadiqabad"
"277075","Muhammad Rashid Saleem","DR-187","EMDS Call","Medical Emergency","Diarrhea","2026/03/30 11:30:20 PM","Khanpur"
"277076","Muhammad Rashid Saleem","DR-187","EMDS Call","Medical Emergency","Vomiting","2026/03/30 11:35:53 PM","Rahim Yar Khan"
"277077","Muhammad Zubair","DR-894","EMDS Call","Medical Emergency","Unconscious","2026/03/30 11:38:24 PM","Rahim Yar Khan"
"277078","Zupasha Zia","MR-5758","EMDS Call","Medical Emergency","Joints Pain","2026/03/30 11:43:24 PM","Rahim Yar Khan"
"277079","Muhammad Zubair","DR-894","EMDS Call","Medical Emergency","Vomiting","2026/03/30 11:44:57 PM","Rahim Yar Khan"
"277080","Bushra Saleem","MR-5701","EMDS Call","Medical Emergency","Hypertension","2026/03/31 12:11:57 AM","Rahim Yar Khan"
"77459","Farhad Iftikhar","DR-913","Direct Call","Patient Transfer Service","N/A","2026/03/31 12:19:04 AM","Sadiqabad"
"277081","Farhad Iftikhar","DR-913","EMDS Call","Medical Emergency","Joints Pain","2026/03/31 12:31:18 AM","Rahim Yar Khan"
"277082","Bushra Saleem","MR-5701","EMDS Call","Medical Emergency","Anxiety / Psychiatric Disorder","2026/03/31 12:32:09 AM","Rahim Yar Khan"
"277083","Zupasha Zia","MR-5758","Direct Call","Medical Emergency","Chest Pain","2026/03/31 12:59:43 AM","Sadiqabad"
"277084","Farhad Iftikhar","DR-913","EMDS Call","Medical Emergency","SOB/ Respiratory Distress","2026/03/31 01:23:46 AM","Rahim Yar Khan"
"77460","Farhad Iftikhar","DR-913","Direct Call","Patient Transfer Service","N/A","2026/03/31 01:40:12 AM","Khanpur"
"277085","Bushra Saleem","MR-5701","EMDS Call","Medical Emergency","Headache","2026/03/31 01:39:30 AM","Rahim Yar Khan"
"277086","Bushra Saleem","MR-5701","EMDS Call","Medical Emergency","Vertigo/ Dizziness","2026/03/31 01:45:44 AM","Rahim Yar Khan"
"277087","Muhammad Zubair","DR-894","EMDS Call","Medical Emergency","Vertigo/ Dizziness","2026/03/31 01:47:38 AM","Rahim Yar Khan"
"277088","Farhad Iftikhar","DR-913","EMDS Call","Medical Emergency","CVA/Stroke","2026/03/31 01:49:17 AM","Rahim Yar Khan"
"277089","Bushra Saleem","MR-5701","EMDS Call","Medical Emergency","Vomiting","2026/03/31 01:58:40 AM","Sadiqabad"
"77461","Farhad Iftikhar","DR-913","Direct Call","Patient Transfer Service","N/A","2026/03/31 02:00:30 AM","Sadiqabad"
"277090","Muhammad Zubair","DR-894","EMDS Call","Medical Emergency","Joints Pain","2026/03/31 02:29:03 AM","Rahim Yar Khan"
"277091","Farhad Iftikhar","DR-913","EMDS Call","Medical Emergency","Hypertension","2026/03/31 02:42:46 AM","Sadiqabad"
"277092","Bushra Saleem","MR-5701","EMDS Call","Crime","Bullet Injury","2026/03/31 02:45:28 AM","Liaqatpur"
"277092","Bushra Saleem","MR-5701","EMDS Call","Crime","Bullet Injury","2026/03/31 02:45:28 AM","Liaqatpur"
"277093","Muhammad Zubair","DR-894","EMDS Call","Rescue Operations","Others","2026/03/31 02:59:38 AM","Rahim Yar Khan"
"277094","Zupasha Zia","MR-5758","EMDS Call","Medical Emergency","Renal Disorders / Renal Colic ","2026/03/31 03:27:43 AM","Liaqatpur"
"277095","Farhad Iftikhar","DR-913","EMDS Call","Medical Emergency","Anxiety / Psychiatric Disorder","2026/03/31 03:32:57 AM","Sadiqabad"
"277096","Bushra Saleem","MR-5701","EMDS Call","Medical Emergency","Hypertension","2026/03/31 03:35:35 AM","Rahim Yar Khan"
"277097","Zupasha Zia","MR-5758","EMDS Call","Medical Emergency","Gynae Problem","2026/03/31 03:36:48 AM","Rahim Yar Khan"
"277098","Farhad Iftikhar","DR-913","EMDS Call","Medical Emergency","Unconscious","2026/03/31 03:40:11 AM","Rahim Yar Khan"
"277099","Bushra Saleem","MR-5701","EMDS Call","Medical Emergency","Vomiting","2026/03/31 03:41:15 AM","Sadiqabad"
"277100","Zupasha Zia","MR-5758","EMDS Call","Rescue Operations","Delivery Case","2026/03/31 04:05:08 AM","Rahim Yar Khan"
"277101","Farhad Iftikhar","DR-913","EMDS Call","Medical Emergency","Vertigo/ Dizziness","2026/03/31 04:13:32 AM","Rahim Yar Khan"
"277102","Bushra Saleem","MR-5701","EMDS Call","Medical Emergency","Headache","2026/03/31 04:14:47 AM","Rahim Yar Khan"
"277103","Muhammad Zubair","DR-894","EMDS Call","Medical Emergency","Unconscious","2026/03/31 04:28:24 AM","Sadiqabad"
"277103","Muhammad Zubair","DR-894","EMDS Call","Medical Emergency","Unconscious","2026/03/31 04:28:24 AM","Sadiqabad"
"77462","Zupasha Zia","MR-5758","Direct Call","Patient Transfer Service","N/A","2026/03/31 04:39:39 AM","Sadiqabad"
"77463","Zupasha Zia","MR-5758","Direct Call","Patient Transfer Service","N/A","2026/03/31 04:46:29 AM","Sadiqabad"
"277104","Zupasha Zia","MR-5758","EMDS Call","Medical Emergency","Chest Pain","2026/03/31 05:01:03 AM","Khanpur"
"277105","Muhammad Zubair","DR-894","EMDS Call","Medical Emergency","Abdominal Pain","2026/03/31 05:18:53 AM","Rahim Yar Khan"
"277106","Zupasha Zia","MR-5758","EMDS Call","Medical Emergency","Unconscious","2026/03/31 05:20:23 AM","Rahim Yar Khan"
"277107","Zupasha Zia","MR-5758","EMDS Call","Medical Emergency","Vomiting","2026/03/31 06:08:48 AM","Rahim Yar Khan"
"277108","Bushra Saleem","MR-5701","EMDS Call","Medical Emergency","Epistaxis/ Nosebleed","2026/03/31 06:18:41 AM","Rahim Yar Khan"
"Not Assigned","Zupasha Zia","MR-5758","EMDS Call","Medical Emergency","Others","2026/03/31 06:33:59 AM","Rahim Yar Khan"
"277110","Muhammad Zubair","DR-894","Direct Call","Rescue Operations","Delivery Case","2026/03/31 06:37:21 AM","Khanpur"
"277111","Bushra Saleem","MR-5701","EMDS Call","Medical Emergency","Unconscious","2026/03/31 06:42:45 AM","Rahim Yar Khan"
"277112","Zupasha Zia","MR-5758","Direct Call","Rescue Operations","Mass Event Coverage","2026/03/31 07:11:03 AM","Rahim Yar Khan"
"277113","Bushra Saleem","MR-5701","EMDS Call","Medical Emergency","Vomiting","2026/03/31 07:24:24 AM","Liaqatpur"
"277114","Bushra Saleem","MR-5701","EMDS Call","Medical Emergency","SOB/ Respiratory Distress","2026/03/31 07:30:44 AM","Khanpur"
"277116","Muhammad Zubair","DR-894","EMDS Call","Medical Emergency","Chest Pain","2026/03/31 07:34:14 AM","Rahim Yar Khan"
"277115","Bushra Saleem","MR-5701","EMDS Call","Rescue Operations","Snake Emergency","2026/03/31 07:34:24 AM","Rahim Yar Khan"
"77464","Bushra Saleem","MR-5701","Direct Call","Patient Transfer Service","N/A","2026/03/31 07:44:02 AM","Sadiqabad"
"277117","Muhammad Zubair","DR-894","Direct Call","Rescue Operations","Mass Event Coverage","2026/03/31 07:47:39 AM","Rahim Yar Khan"
"277118","Zupasha Zia","MR-5758","EMDS Call","Medical Emergency","High Fever","2026/03/31 07:56:25 AM","Rahim Yar Khan"
"277120","Muhammad Zubair","DR-894","EMDS Call","Medical Emergency","High Fever","2026/03/31 07:57:59 AM","Liaqatpur"
"277119","Muhammad Zubair","DR-894","EMDS Call","Medical Emergency","Abdominal Pain","2026/03/31 08:01:31 AM","Rahim Yar Khan"
"277121","Zupasha Zia","MR-5758","EMDS Call","Medical Emergency","Domestic Injuries","2026/03/31 08:08:57 AM","Rahim Yar Khan"
"277122","Muhammad Zubair","DR-894","EMDS Call","Medical Emergency","Joints Pain","2026/03/31 08:09:24 AM","Khanpur"
"277123","Adnan Shabbir","DR-205","EMDS Call","Medical Emergency","Renal Disorders / Renal Colic ","2026/03/31 08:15:23 AM","Khanpur"
"277125","Maheen Tahir","MR-6017","EMDS Call","Medical Emergency","Hypotension","2026/03/31 08:15:34 AM","Khanpur"
"277124","Saqib Nasim","DR-197","EMDS Call","Medical Emergency","High Fever","2026/03/31 08:15:55 AM","Liaqatpur"
"277126","Adnan Shabbir","DR-205","EMDS Call","Medical Emergency","Diarrhea","2026/03/31 08:28:34 AM","Liaqatpur"
"277127","Maheen Tahir","MR-6017","EMDS Call","Road Crash","Minor Injuries","2026/03/31 08:36:01 AM","Rahim Yar Khan"
"277128","Saqib Nasim","DR-197","EMDS Call","Medical Emergency","Hypertension","2026/03/31 08:39:14 AM","Khanpur"
"277129","Adnan Shabbir","DR-205","EMDS Call","Medical Emergency","SOB/ Respiratory Distress","2026/03/31 08:40:25 AM","Rahim Yar Khan"
"277130","Adnan Shabbir","DR-205","EMDS Call","Road Crash","Minor Injuries","2026/03/31 08:44:24 AM","Khanpur"
"277131","Adnan Shabbir","DR-205","EMDS Call","Medical Emergency","Abdominal Pain","2026/03/31 08:46:42 AM","Sadiqabad"
"277132","Maheen Tahir","MR-6017","EMDS Call","Road Crash","Bleeding","2026/03/31 08:57:02 AM","Liaqatpur"
"277132","Maheen Tahir","MR-6017","EMDS Call","Road Crash","Bleeding","2026/03/31 08:57:02 AM","Liaqatpur"
"277133","Saqib Nasim","DR-197","EMDS Call","Medical Emergency","Domestic Injuries","2026/03/31 08:57:57 AM","Rahim Yar Khan"
"277134","Shaheen Islam","DR-1171","EMDS Call","Medical Emergency","Hypertension","2026/03/31 09:07:59 AM","Sadiqabad"
"77465","Saqib Nasim","DR-197","Direct Call","Patient Transfer Service","N/A","2026/03/31 09:24:38 AM","Sadiqabad"
"277136","Maheen Tahir","MR-6017","EMDS Call","Road Crash","Minor Injuries","2026/03/31 09:30:00 AM","Sadiqabad"
"277135","Saqib Nasim","DR-197","EMDS Call","Medical Emergency","Anxiety / Psychiatric Disorder","2026/03/31 09:30:26 AM","Rahim Yar Khan"
"277137","Saqib Nasim","DR-197","EMDS Call","Road Crash","Minor Injuries","2026/03/31 09:36:58 AM","Sadiqabad"
"277137","Saqib Nasim","DR-197","EMDS Call","Road Crash","Minor Injuries","2026/03/31 09:36:58 AM","Sadiqabad"
"277138","Adnan Shabbir","DR-205","EMDS Call","Road Crash","Bleeding","2026/03/31 09:39:54 AM","Rahim Yar Khan"
"277139","Maheen Tahir","MR-6017","EMDS Call","Medical Emergency","Hypertension","2026/03/31 09:39:01 AM","Rahim Yar Khan"
"277140","Yasir Ilyas","DR-893","EMDS Call","Medical Emergency","Vomiting","2026/03/31 09:41:32 AM","Sadiqabad"
"277141","Maheen Tahir","MR-6017","EMDS Call","Medical Emergency","Domestic Injuries","2026/03/31 09:44:12 AM","Rahim Yar Khan"
"277143","Yasir Ilyas","DR-893","EMDS Call","Road Crash","Minor Injuries","2026/03/31 09:47:27 AM","Sadiqabad"
"277142","Saqib Nasim","DR-197","EMDS Call","Medical Emergency","Hypertension","2026/03/31 09:46:18 AM","Rahim Yar Khan"
"77466","Adnan Shabbir","DR-205","Direct Call","Patient Transfer Service","N/A","2026/03/31 09:49:49 AM","Sadiqabad"
"277144","Adnan Shabbir","DR-205","Direct Call","Medical Emergency","Diarrhea","2026/03/31 10:03:17 AM","Liaqatpur"
"277145","Yasir Ilyas","DR-893","EMDS Call","Medical Emergency","Domestic Injuries","2026/03/31 10:06:17 AM","Rahim Yar Khan"
"277146","Maheen Tahir","MR-6017","EMDS Call","Road Crash","Bleeding","2026/03/31 10:09:55 AM","Khanpur"
"277147","Adnan Shabbir","DR-205","EMDS Call","Medical Emergency","Hypotension","2026/03/31 10:38:57 AM","Liaqatpur"
"277149","Adnan Shabbir","DR-205","EMDS Call","Medical Emergency","Abdominal Pain","2026/03/31 10:44:51 AM","Rahim Yar Khan"
"277148","Maheen Tahir","MR-6017","EMDS Call","Medical Emergency","Vomiting","2026/03/31 10:45:17 AM","Sadiqabad"
"277150","Yasir Ilyas","DR-893","EMDS Call","Medical Emergency","Renal Disorders / Renal Colic ","2026/03/31 10:45:04 AM","Liaqatpur"
"277152","Maheen Tahir","MR-6017","EMDS Call","Fire","Short Circuit","2026/03/31 10:47:21 AM","Rahim Yar Khan"
"277151","Adnan Shabbir","DR-205","EMDS Call","Medical Emergency","Joints Pain","2026/03/31 10:49:08 AM","Rahim Yar Khan"
"277153","Adnan Shabbir","DR-205","EMDS Call","Medical Emergency","Unconscious","2026/03/31 10:53:42 AM","Rahim Yar Khan"
"77467","Imran Anjum","DR-204","Direct Call","Patient Transfer Service","N/A","2026/03/31 11:03:21 AM","Khanpur"
"77468","Imran Anjum","DR-204","Direct Call","Patient Transfer Service","N/A","2026/03/31 11:04:20 AM","Sadiqabad"
"277154","Maheen Tahir","MR-6017","EMDS Call","Medical Emergency","Vomiting","2026/03/31 11:04:18 AM","Liaqatpur"
"277155","Imran Anjum","DR-204","EMDS Call","Medical Emergency","Domestic Injuries","2026/03/31 11:06:21 AM","Sadiqabad"
"277156","Muhammad Zahid","DR-888","EMDS Call","Medical Emergency","Chest Pain","2026/03/31 11:11:32 AM","Sadiqabad"
"277157","Imran Anjum","DR-204","EMDS Call","Road Crash","Bleeding","2026/03/31 11:12:11 AM","Khanpur"
"277158","Adnan Shabbir","DR-205","EMDS Call","Medical Emergency","Urinary Retention","2026/03/31 11:13:58 AM","Rahim Yar Khan"
"277159","Muhammad Zahid","DR-888","EMDS Call","Medical Emergency","Joints Pain","2026/03/31 11:14:55 AM","Rahim Yar Khan"
"277160","Adnan Shabbir","DR-205","EMDS Call","Medical Emergency","Joints Pain","2026/03/31 11:20:25 AM","Rahim Yar Khan"
"277161","Shahla Nawaz","DR-185","EMDS Call","Road Crash","Minor Injuries","2026/03/31 11:21:34 AM","Rahim Yar Khan"
"277162","Muhammad Zahid","DR-888","EMDS Call","Medical Emergency","SOB/ Respiratory Distress","2026/03/31 11:22:38 AM","Rahim Yar Khan"
"277163","Shahla Nawaz","DR-185","EMDS Call","Medical Emergency","Vertigo/ Dizziness","2026/03/31 11:24:53 AM","Sadiqabad"
"77469","Imran Anjum","DR-204","Direct Call","Patient Transfer Service","N/A","2026/03/31 11:32:51 AM","Liaqatpur"
"277164","Muhammad Zahid","DR-888","EMDS Call","Road Crash","Multiple Fractures","2026/03/31 11:34:55 AM","Rahim Yar Khan"
"277165","Muhammad Zahid","DR-888","EMDS Call","Medical Emergency","SOB/ Respiratory Distress","2026/03/31 11:43:35 AM","Rahim Yar Khan"
"77470","Muhammad Zahid","DR-888","Direct Call","Patient Transfer Service","N/A","2026/03/31 11:48:12 AM","Liaqatpur"
"277166","Imran Anjum","DR-204","EMDS Call","Medical Emergency","Vomiting","2026/03/31 11:47:30 AM","Rahim Yar Khan"
"277167","Muhammad Zahid","DR-888","EMDS Call","Medical Emergency","Anxiety / Psychiatric Disorder","2026/03/31 11:55:11 AM","Rahim Yar Khan"
"77471","Muhammad Zahid","DR-888","Direct Call","Patient Transfer Service","N/A","2026/03/31 12:00:25 PM","Liaqatpur"
"277168","Shahla Nawaz","DR-185","EMDS Call","Medical Emergency","Vomiting","2026/03/31 12:02:30 PM","Liaqatpur"
"277169","Adnan Shabbir","DR-205","EMDS Call","Road Crash","Bleeding","2026/03/31 12:05:04 PM","Rahim Yar Khan"
"277170","Muhammad Zahid","DR-888","EMDS Call","Medical Emergency","Joints Pain","2026/03/31 12:05:41 PM","Sadiqabad"
"277171","Muhammad Zahid","DR-888","EMDS Call","Road Crash","Bleeding","2026/03/31 12:12:01 PM","Sadiqabad"
"277172","Imran Anjum","DR-204","EMDS Call","Medical Emergency","Hypertension","2026/03/31 12:15:18 PM","Khanpur"
"277173","Muhammad Zahid","DR-888","EMDS Call","Medical Emergency","Hypertension","2026/03/31 12:19:22 PM","Liaqatpur"
"277174","Imran Anjum","DR-204","EMDS Call","Medical Emergency","Joints Pain","2026/03/31 12:21:02 PM","Rahim Yar Khan"
"277175","Muhammad Zahid","DR-888","EMDS Call","Medical Emergency","Anxiety / Psychiatric Disorder","2026/03/31 12:37:19 PM","Rahim Yar Khan"
"277177","Shahla Nawaz","DR-185","EMDS Call","Medical Emergency","Chest Pain","2026/03/31 12:42:35 PM","Rahim Yar Khan"
"277176","Imran Anjum","DR-204","EMDS Call","Road Crash","Minor Injuries","2026/03/31 12:43:34 PM","Sadiqabad"
"277178","Adnan Shabbir","DR-205","EMDS Call","Medical Emergency","Anxiety / Psychiatric Disorder","2026/03/31 12:43:59 PM","Sadiqabad"
"277179","Imran Anjum","DR-204","EMDS Call","Road Crash","Bleeding","2026/03/31 12:52:04 PM","Rahim Yar Khan"
"277181","Shahla Nawaz","DR-185","EMDS Call","Medical Emergency","Joints Pain","2026/03/31 12:53:05 PM","Rahim Yar Khan"
"277180","Adnan Shabbir","DR-205","EMDS Call","Road Crash","Minor Injuries","2026/03/31 12:54:52 PM","Sadiqabad"
"277182","Imran Anjum","DR-204","EMDS Call","Road Crash","Minor Injuries","2026/03/31 12:57:48 PM","Rahim Yar Khan"
"277183","Shahla Nawaz","DR-185","EMDS Call","Medical Emergency","Hyperglycemia","2026/03/31 01:00:39 PM","Khanpur"
"277184","Shahla Nawaz","DR-185","EMDS Call","Medical Emergency","Hypertension","2026/03/31 01:05:06 PM","Sadiqabad"
"77472","Adnan Shabbir","DR-205","Direct Call","Patient Transfer Service","N/A","2026/03/31 01:06:44 PM","Khanpur"
"77473","Adnan Shabbir","DR-205","Direct Call","Patient Transfer Service","N/A","2026/03/31 01:10:40 PM","Khanpur"
"277185","Shahla Nawaz","DR-185","EMDS Call","Road Crash","Severe Trauma","2026/03/31 01:20:29 PM","Rahim Yar Khan"
"277186","Imran Anjum","DR-204","EMDS Call","Crime","Physical Assault/Violence","2026/03/31 01:22:38 PM","Sadiqabad"
"277186","Imran Anjum","DR-204","EMDS Call","Crime","Physical Assault/Violence","2026/03/31 01:22:38 PM","Sadiqabad"
"277187","Imran Anjum","DR-204","EMDS Call","Medical Emergency","Anxiety / Psychiatric Disorder","2026/03/31 01:28:55 PM","Rahim Yar Khan"
"277189","Imran Anjum","DR-204","EMDS Call","Road Crash","Minor Injuries","2026/03/31 01:31:57 PM","Rahim Yar Khan"
"277188","Adnan Shabbir","DR-205","EMDS Call","Medical Emergency","FBAO","2026/03/31 01:31:11 PM","Sadiqabad"
"277190","Adnan Shabbir","DR-205","EMDS Call","Road Crash","Bleeding","2026/03/31 01:33:50 PM","Sadiqabad"
"277191","Imran Anjum","DR-204","EMDS Call","Road Crash","Minor Injuries","2026/03/31 01:39:10 PM","Rahim Yar Khan"
"277192","Adnan Shabbir","DR-205","Direct Call","Mock Exercise","Mock","2026/03/31 01:45:27 PM","Rahim Yar Khan"
"277193","Imran Anjum","DR-204","EMDS Call","Medical Emergency","Chest Pain","2026/03/31 01:45:30 PM","Sadiqabad"
"277194","Shahla Nawaz","DR-185","EMDS Call","Medical Emergency","Joints Pain","2026/03/31 02:02:46 PM","Khanpur"
"277196","Imran Anjum","DR-204","EMDS Call","Medical Emergency","SOB/ Respiratory Distress","2026/03/31 02:04:53 PM","Sadiqabad"
"277195","Adnan Shabbir","DR-205","EMDS Call","Road Crash","Minor Injuries","2026/03/31 02:05:02 PM","Rahim Yar Khan"
"277197","Imran Anjum","DR-204","EMDS Call","Medical Emergency","Headache","2026/03/31 02:08:42 PM","Rahim Yar Khan"
"277198","Nida Rahat","DR-1322","EMDS Call","Road Crash","Bleeding","2026/03/31 02:10:32 PM","Rahim Yar Khan"
"77474","Nida Rahat","DR-1322","Direct Call","Patient Transfer Service","N/A","2026/03/31 02:15:31 PM","Sadiqabad"
"277199","Adnan Shabbir","DR-205","EMDS Call","Medical Emergency","Abdominal Pain","2026/03/31 02:14:17 PM","Sadiqabad"
"277200","Imran Anjum","DR-204","EMDS Call","Medical Emergency","Vomiting","2026/03/31 02:15:50 PM","Rahim Yar Khan"
"277201","Imran Anjum","DR-204","EMDS Call","Medical Emergency","Anxiety / Psychiatric Disorder","2026/03/31 02:20:37 PM","Rahim Yar Khan"
"277202","Nida Rahat","DR-1322","EMDS Call","Medical Emergency","SOB/ Respiratory Distress","2026/03/31 02:22:00 PM","Sadiqabad"
"277204","Imran Anjum","DR-204","EMDS Call","Road Crash","Minor Injuries","2026/03/31 02:24:23 PM","Liaqatpur"
"277203","Nida Rahat","DR-1322","EMDS Call","Medical Emergency","SOB/ Respiratory Distress","2026/03/31 02:25:05 PM","Sadiqabad"
"277205","Adil Iqbal","DR-782","EMDS Call","Road Crash","Minor Injuries","2026/03/31 02:25:51 PM","Rahim Yar Khan"
"277206","Imran Anjum","DR-204","EMDS Call","Medical Emergency","SOB/ Respiratory Distress","2026/03/31 02:26:37 PM","Rahim Yar Khan"
"277207","Nida Rahat","DR-1322","EMDS Call","Medical Emergency","Urinary Retention","2026/03/31 02:30:13 PM","Rahim Yar Khan"
"277208","Adil Iqbal","DR-782","EMDS Call","Medical Emergency","Abdominal Pain","2026/03/31 02:33:35 PM","Rahim Yar Khan"
"277209","Imran Anjum","DR-204","EMDS Call","Medical Emergency","Hyperglycemia","2026/03/31 02:36:26 PM","Sadiqabad"
"277210","Nida Rahat","DR-1322","EMDS Call","Road Crash","Minor Injuries","2026/03/31 02:41:48 PM","Rahim Yar Khan"
"277211","Nida Rahat","DR-1322","EMDS Call","Medical Emergency","Renal Disorders / Renal Colic ","2026/03/31 02:44:32 PM","Sadiqabad"
"277212","Adil Iqbal","DR-782","EMDS Call","Road Crash","Bleeding","2026/03/31 03:16:03 PM","Sadiqabad"
"277212","Adil Iqbal","DR-782","EMDS Call","Road Crash","Bleeding","2026/03/31 03:16:03 PM","Sadiqabad"
"77475","Nida Rahat","DR-1322","Direct Call","Patient Transfer Service","N/A","2026/03/31 03:20:47 PM","Khanpur"
"277213","Adil Iqbal","DR-782","EMDS Call","Medical Emergency","Chronic Illness","2026/03/31 03:20:57 PM","Liaqatpur"
"277214","Nida Rahat","DR-1322","EMDS Call","Medical Emergency","SOB/ Respiratory Distress","2026/03/31 03:22:12 PM","Liaqatpur"
"277215","Aasia Batool","MR-5198","EMDS Call","Crime","Probable Suicide","2026/03/31 03:23:08 PM","Rahim Yar Khan"
"277216","Aasia Batool","MR-5198","EMDS Call","Medical Emergency","Abdominal Pain","2026/03/31 03:26:32 PM","Khanpur"
"277217","Nida Rahat","DR-1322","EMDS Call","Medical Emergency","High Fever","2026/03/31 03:32:27 PM","Khanpur"
"277218","Nida Rahat","DR-1322","EMDS Call","Road Crash","Minor Injuries","2026/03/31 03:35:01 PM","Sadiqabad"
"277219","Nida Rahat","DR-1322","EMDS Call","Road Crash","Minor Injuries","2026/03/31 03:50:01 PM","Sadiqabad"
"277220","Adil Iqbal","DR-782","EMDS Call","Medical Emergency","Abdominal Pain","2026/03/31 03:54:10 PM","Rahim Yar Khan"
"277221","Aasia Batool","MR-5198","EMDS Call","Medical Emergency","Hypertension","2026/03/31 03:57:25 PM","Khanpur"
"277222","Muhammad ALi","DR-818","EMDS Call","Road Crash","Bleeding","2026/03/31 04:22:16 PM","Khanpur"
"277223","Muhammad ALi","DR-818","EMDS Call","Medical Emergency","High Fever","2026/03/31 04:28:48 PM","Rahim Yar Khan"
"277224","Muhammad ALi","DR-818","EMDS Call","Medical Emergency","SOB/ Respiratory Distress","2026/03/31 04:40:29 PM","Rahim Yar Khan"
"277225","Nida Rahat","DR-1322","EMDS Call","Road Crash","Minor Injuries","2026/03/31 04:43:48 PM","Sadiqabad"
"277226","Aasia Batool","MR-5198","EMDS Call","Road Crash","Bleeding","2026/03/31 04:48:33 PM","Rahim Yar Khan"
"277227","Nida Rahat","DR-1322","EMDS Call","Medical Emergency","Abdominal Pain","2026/03/31 04:50:21 PM","Rahim Yar Khan"
"277228","Muhammad ALi","DR-818","EMDS Call","Medical Emergency","Unconscious","2026/03/31 04:51:57 PM","Khanpur"
"277232","Muhammad ALi","DR-818","EMDS Call","Medical Emergency","Abdominal Pain","2026/03/31 04:57:54 PM","Sadiqabad"
"77476","Nida Rahat","DR-1322","Direct Call","Patient Transfer Service","N/A","2026/03/31 05:00:43 PM","Rahim Yar Khan"
"277230","Aasia Batool","MR-5198","EMDS Call","Road Crash","Multiple Fractures","2026/03/31 04:58:59 PM","Sadiqabad"
"277231","Nida Rahat","DR-1322","EMDS Call","Medical Emergency","Diabetic","2026/03/31 05:00:36 PM","Sadiqabad"
"277233","Nida Rahat","DR-1322","EMDS Call","Medical Emergency","Vomiting","2026/03/31 05:06:09 PM","Rahim Yar Khan"
"77477","Aasia Batool","MR-5198","Direct Call","Patient Transfer Service","N/A","2026/03/31 05:10:28 PM","Sadiqabad"
"277234","Muhammad ALi","DR-818","EMDS Call","Road Crash","Bleeding","2026/03/31 05:13:30 PM","Rahim Yar Khan"
"277235","Muhammad ALi","DR-818","EMDS Call","Fire","Others","2026/03/31 05:18:54 PM","Khanpur"
"277236","Nida Rahat","DR-1322","EMDS Call","Medical Emergency","Unconscious","2026/03/31 05:43:54 PM","Rahim Yar Khan"
"277237","Nida Rahat","DR-1322","EMDS Call","Crime","Physical Assault/Violence","2026/03/31 06:04:24 PM","Rahim Yar Khan"
"277238","Adil Iqbal","DR-782","EMDS Call","Medical Emergency","Hypoglycemia","2026/03/31 06:09:53 PM","Rahim Yar Khan"
"277239","Aasia Batool","MR-5198","EMDS Call","Medical Emergency","Epilepsy","2026/03/31 06:15:11 PM","Sadiqabad"
"277240","Nida Rahat","DR-1322","EMDS Call","Medical Emergency","Renal Disorders / Renal Colic ","2026/03/31 06:19:49 PM","Sadiqabad"
"277241","Adil Iqbal","DR-782","EMDS Call","Medical Emergency","SOB/ Respiratory Distress","2026/03/31 06:22:42 PM","Sadiqabad"
"277242","Adil Iqbal","DR-782","EMDS Call","Medical Emergency","Joints Pain","2026/03/31 06:29:37 PM","Rahim Yar Khan"
"277243","Aasia Batool","MR-5198","EMDS Call","Medical Emergency","High Fever","2026/03/31 06:31:31 PM","Rahim Yar Khan"
"277246","Aasia Batool","MR-5198","EMDS Call","Medical Emergency","Hypertension","2026/03/31 06:41:22 PM","Sadiqabad"
"277244","Adil Iqbal","DR-782","EMDS Call","Road Crash","Minor Injuries","2026/03/31 06:43:58 PM","Khanpur"
"277245","Nida Rahat","DR-1322","EMDS Call","Medical Emergency","Anxiety / Psychiatric Disorder","2026/03/31 06:45:25 PM","Rahim Yar Khan"
"277247","Adil Iqbal","DR-782","EMDS Call","Road Crash","Minor Injuries","2026/03/31 06:47:03 PM","Khanpur"
"277248","Aasia Batool","MR-5198","EMDS Call","Medical Emergency","High Fever","2026/03/31 06:48:19 PM","Rahim Yar Khan"
"277249","Adil Iqbal","DR-782","EMDS Call","Medical Emergency","SOB/ Respiratory Distress","2026/03/31 06:50:22 PM","Rahim Yar Khan"
"277250","Aasia Batool","MR-5198","EMDS Call","Rescue Operations","Delivery Case","2026/03/31 06:54:08 PM","Rahim Yar Khan"
"277251","Nida Rahat","DR-1322","EMDS Call","Medical Emergency","Epilepsy","2026/03/31 07:04:09 PM","Liaqatpur"
"277253","Adil Iqbal","DR-782","EMDS Call","Road Crash","Bleeding","2026/03/31 07:09:21 PM","Rahim Yar Khan"
"277252","Nida Rahat","DR-1322","EMDS Call","Medical Emergency","Abdominal Pain","2026/03/31 07:09:43 PM","Sadiqabad"
"277254","Adil Iqbal","DR-782","EMDS Call","Medical Emergency","Unconscious","2026/03/31 07:10:25 PM","Rahim Yar Khan"
"277255","Nida Rahat","DR-1322","EMDS Call","Rescue Operations","Electric Shock","2026/03/31 07:11:58 PM","Rahim Yar Khan"
"277256","Nida Rahat","DR-1322","EMDS Call","Road Crash","Severe Trauma","2026/03/31 07:16:46 PM","Rahim Yar Khan"
"277257","Aasia Batool","MR-5198","EMDS Call","Road Crash","Bleeding","2026/03/31 07:25:13 PM","Liaqatpur"
"77478","Aasia Batool","MR-5198","Direct Call","Patient Transfer Service","N/A","2026/03/31 07:30:19 PM","Rahim Yar Khan"
"277258","Aasia Batool","MR-5198","EMDS Call","Medical Emergency","Anxiety / Psychiatric Disorder","2026/03/31 07:33:53 PM","Rahim Yar Khan"
"277259","Nida Rahat","DR-1322","EMDS Call","Medical Emergency","Hypertension","2026/03/31 07:35:49 PM","Sadiqabad"
"277260","Fahad Hussain","DR-538","EMDS Call","Medical Emergency","Renal Disorders / Renal Colic ","2026/03/31 07:35:00 PM","Rahim Yar Khan"
"277261","Muhammad ALi","DR-818","EMDS Call","Medical Emergency","Renal Disorders / Renal Colic ","2026/03/31 07:52:01 PM","Rahim Yar Khan"
"277262","Nida Rahat","DR-1322","EMDS Call","Medical Emergency","Hypertension","2026/03/31 07:54:15 PM","Rahim Yar Khan"
"277263","Aasia Batool","MR-5198","EMDS Call","Medical Emergency","Abdominal Pain","2026/03/31 07:55:16 PM","Khanpur"
"277264","Muhammad ALi","DR-818","EMDS Call","Medical Emergency","Anxiety / Psychiatric Disorder","2026/03/31 08:27:59 PM","Khanpur"
"277265","Nida Rahat","DR-1322","EMDS Call","Medical Emergency","Hypertension","2026/03/31 08:29:54 PM","Rahim Yar Khan"
"277266","Nida Rahat","DR-1322","EMDS Call","Medical Emergency","Anxiety / Psychiatric Disorder","2026/03/31 08:32:08 PM","Rahim Yar Khan"
"277267","Muhammad Fiaz","DR-206","EMDS Call","Rescue Operations","Delivery Case","2026/03/31 08:51:52 PM","Rahim Yar Khan"
"277268","Muhammad ALi","DR-818","EMDS Call","Medical Emergency","Joints Pain","2026/03/31 08:52:44 PM","Rahim Yar Khan"
"277269","Muhammad Riaz","DR-654","EMDS Call","Medical Emergency","Abdominal Pain","2026/03/31 08:53:59 PM","Rahim Yar Khan"
"77479","Muhammad Fiaz","DR-206","Direct Call","Patient Transfer Service","N/A","2026/03/31 08:55:13 PM","Khanpur"
"77480","Muhammad Fiaz","DR-206","Direct Call","Patient Transfer Service","N/A","2026/03/31 08:58:05 PM","Khanpur"
"277270","Muhammad Fiaz","DR-206","EMDS Call","Road Crash","Bleeding","2026/03/31 09:04:27 PM","Rahim Yar Khan"
"277271","Sajid Mehmood","DR-914","EMDS Call","Medical Emergency","SOB/ Respiratory Distress","2026/03/31 09:06:39 PM","Rahim Yar Khan"
"77481","Muhammad Fiaz","DR-206","Direct Call","Patient Transfer Service","N/A","2026/03/31 09:09:15 PM","Sadiqabad"
"277272","Sajid Mehmood","DR-914","EMDS Call","Medical Emergency","Vertigo/ Dizziness","2026/03/31 09:12:05 PM","Rahim Yar Khan"
"277273","Zahid Manzoor","DR-887","EMDS Call","Medical Emergency","SOB/ Respiratory Distress","2026/03/31 09:21:45 PM","Sadiqabad"
"277274","Sajid Mehmood","DR-914","EMDS Call","Medical Emergency","SOB/ Respiratory Distress","2026/03/31 09:39:32 PM","Rahim Yar Khan"
"277275","Sajid Mehmood","DR-914","EMDS Call","Rescue Operations","Electric Shock","2026/03/31 09:46:23 PM","Rahim Yar Khan"
"277276","Muhammad Fiaz","DR-206","EMDS Call","Medical Emergency","Hypertension","2026/03/31 09:48:37 PM","Rahim Yar Khan"
"277277","Sajid Mehmood","DR-914","EMDS Call","Medical Emergency","Anxiety / Psychiatric Disorder","2026/03/31 10:15:54 PM","Sadiqabad"
"277278","Sajid Mehmood","DR-914","EMDS Call","Medical Emergency","Anxiety / Psychiatric Disorder","2026/03/31 10:24:07 PM","Rahim Yar Khan"
"277279","Sajid Mehmood","DR-914","EMDS Call","Road Crash","Severe Trauma","2026/03/31 10:28:33 PM","Khanpur"
"77482","Sajid Mehmood","DR-914","Direct Call","Patient Transfer Service","N/A","2026/03/31 10:33:27 PM","Khanpur"
"277280","Rana M. Usman","DR-200","EMDS Call","Medical Emergency","Gynae Problem","2026/03/31 10:45:54 PM","Rahim Yar Khan"
"277281","Muhammad Fiaz","DR-206","EMDS Call","Medical Emergency","Anxiety / Psychiatric Disorder","2026/03/31 10:51:20 PM","Sadiqabad"
"277282","Sajid Mehmood","DR-914","EMDS Call","Medical Emergency","High Fever","2026/03/31 10:51:31 PM","Sadiqabad"
"277284","Sajid Mehmood","DR-914","EMDS Call","Medical Emergency","SOB/ Respiratory Distress","2026/03/31 10:54:42 PM","Sadiqabad"
"277283","Muhammad Fiaz","DR-206","EMDS Call","Medical Emergency","Hypoglycemia","2026/03/31 10:54:29 PM","Khanpur"
"77483","Sajid Mehmood","DR-914","Direct Call","Patient Transfer Service","N/A","2026/03/31 10:57:38 PM","Sadiqabad"
"277285","Muhammad Fiaz","DR-206","EMDS Call","Medical Emergency","Abdominal Pain","2026/03/31 10:58:48 PM","Sadiqabad"
"277286","Rana M. Usman","DR-200","EMDS Call","Medical Emergency","Chest Pain","2026/03/31 11:07:34 PM","Khanpur"
"277288","Sajid Mehmood","DR-914","EMDS Call","Medical Emergency","Unconscious","2026/03/31 11:47:42 PM","Khanpur"
"277287","Muhammad Fiaz","DR-206","EMDS Call","Medical Emergency","Abdominal Pain","2026/03/31 11:50:44 PM","Sadiqabad"